# sketch,characterise_v2loop
# mode_number,1
# mode_name,1_deadline_ts_before
# label,B_b1
# ---- CHECK THE THREE LINES ABOVE BEFORE YOU KEEP THIS CAPTURE ----
# waiting 600 s for thermal settle - press any key to skip
# warm 0 s
# ----------------------------------------------------------
# n,16384
# fs_hz_window,1999.8779
# span_s,8.192000
# dt_mean_us,500.0001
# dt_sd_us,0.7004
# dt_min_us,499
# dt_max_us,501
# fs_hz_from_mean,1999.9998
# mean_code,1872.1122
# sd_code,0.8784
# min_code,1865
# max_code,1879
# mean_volts,1.508662
# sd_millivolts,0.7078
# adc,12bit_default_11dB_attenuation
# conv,linear_3.3_over_4095
# ----------------------------------------------------------
t_us,code
0,1874
500,1872
1001,1872
1501,1871
2000,1873
2500,1872
3000,1873
3500,1872
4000,1872
4500,1873
5000,1872
5500,1873
6000,1872
6500,1872
7001,1872
7500,1872
8000,1873
8500,1872
9000,1873
9501,1873
10000,1873
10500,1872
11001,1873
11500,1874
12000,1872
12500,1873
13000,1872
13501,1874
14000,1875
14501,1872
15000,1872
15500,1874
16000,1873
16500,1873
17000,1872
17500,1872
18001,1872
18501,1872
19000,1872
19500,1872
20001,1872
20501,1872
21000,1872
21501,1874
22000,1874
22500,1872
23000,1874
23500,1872
24000,1873
24501,1873
25000,1872
25500,1872
26001,1872
26500,1873
27000,1872
27500,1872
28000,1877
28500,1873
29000,1872
29500,1872
30000,1873
30500,1874
31001,1875
31501,1873
32000,1871
32500,1872
33000,1873
33501,1874
34000,1873
34501,1874
35000,1872
35500,1872
36000,1872
36500,1872
37001,1872
37500,1872
38000,1876
38501,1872
39000,1872
39500,1873
40001,1872
40501,1872
41000,1872
41500,1870
42000,1872
42500,1872
43000,1873
43500,1872
44000,1873
44500,1872
45001,1873
45500,1874
46000,1872
46500,1871
47000,1872
47500,1872
48001,1872
48500,1871
49000,1872
49500,1872
50001,1872
50500,1872
51001,1873
51500,1872
52000,1874
52500,1874
53001,1873
53500,1873
54000,1873
54500,1873
55000,1872
55500,1872
56000,1872
56500,1873
57000,1872
57500,1872
58000,1873
58500,1872
59001,1872
59501,1873
60000,1877
60500,1872
61000,1873
61501,1873
62000,1879
62500,1873
63000,1872
63501,1873
64000,1872
64500,1872
65000,1872
65500,1872
66001,1872
66501,1874
67000,1872
67500,1872
68000,1872
68500,1875
69001,1873
69500,1873
70000,1872
70501,1872
71000,1873
71501,1873
72000,1872
72500,1875
73001,1872
73501,1872
74000,1872
74500,1872
75000,1874
75500,1872
76001,1872
76500,1872
77001,1874
77500,1875
78001,1872
78500,1872
79001,1872
79500,1872
80001,1872
80501,1873
81000,1872
81500,1872
82000,1872
82501,1872
83000,1872
83501,1872
84000,1872
84500,1873
85000,1872
85500,1875
86001,1872
86501,1875
87000,1874
87500,1873
88000,1872
88500,1871
89001,1871
89500,1874
90000,1871
90500,1872
91001,1872
91500,1872
92000,1874
92500,1871
93000,1873
93500,1872
94000,1872
94500,1872
95000,1873
95500,1872
96001,1873
96500,1872
97000,1873
97500,1872
98000,1873
98500,1872
99000,1872
99500,1872
100000,1872
100500,1872
101000,1874
101500,1874
102000,1873
102501,1872
103000,1872
103500,1873
104001,1872
104501,1872
105000,1873
105500,1872
106000,1872
106500,1874
107000,1873
107500,1875
108001,1872
108500,1872
109000,1872
109500,1873
110000,1872
110500,1875
111001,1872
111500,1874
112001,1872
112500,1873
113000,1872
113500,1872
114000,1872
114501,1872
115000,1872
115500,1875
116000,1872
116500,1872
117000,1875
117500,1872
118001,1872
118501,1873
119000,1873
119500,1874
120001,1870
120501,1873
121000,1872
121500,1872
122001,1872
122500,1872
123001,1872
123500,1873
124000,1873
124501,1875
125000,1872
125500,1872
126000,1872
126500,1873
127001,1872
127501,1872
128000,1874
128500,1873
129000,1871
129500,1872
130000,1873
130501,1872
131000,1872
131500,1872
132000,1872
132500,1872
133001,1872
133500,1872
134000,1873
134500,1873
135000,1871
135500,1872
136001,1869
136500,1872
137001,1872
137500,1872
138000,1875
138500,1872
139001,1872
139501,1873
140000,1872
140500,1872
141000,1872
141500,1872
142001,1872
142501,1873
143000,1872
143501,1872
144000,1877
144501,1872
145000,1872
145500,1873
146000,1872
146501,1874
147000,1872
147500,1873
148000,1874
148500,1872
149001,1873
149501,1873
150000,1872
150500,1872
151000,1875
151500,1872
152001,1876
152501,1873
153000,1873
153500,1872
154001,1872
154500,1872
155000,1872
155500,1872
156000,1872
156500,1872
157000,1872
157500,1872
158000,1872
158500,1872
159000,1872
159501,1872
160000,1874
160501,1871
161000,1872
161500,1872
162001,1872
162500,1872
163001,1873
163501,1872
164000,1872
164500,1872
165000,1872
165501,1872
166000,1874
166500,1872
167001,1872
167500,1873
168001,1874
168501,1872
169000,1872
169500,1872
170000,1875
170500,1874
171000,1872
171500,1872
172000,1872
172500,1875
173001,1872
173501,1872
174000,1874
174500,1870
175001,1873
175500,1873
176000,1872
176501,1872
177000,1873
177500,1873
178001,1874
178500,1872
179000,1872
179500,1872
180000,1874
180500,1875
181000,1872
181501,1873
182000,1874
182500,1872
183000,1872
183500,1872
184001,1873
184500,1874
185000,1872
185500,1872
186000,1874
186500,1873
187001,1872
187501,1872
188000,1872
188501,1872
189000,1872
189500,1873
190001,1868
190501,1872
191000,1873
191500,1871
192000,1872
192500,1874
193000,1871
193500,1872
194001,1871
194501,1872
195000,1874
195500,1873
196000,1872
196500,1873
197001,1872
197501,1872
198000,1872
198500,1873
199000,1873
199500,1872
200000,1872
200501,1872
201000,1872
201500,1872
202001,1872
202500,1872
203001,1872
203500,1872
204001,1872
204500,1873
205000,1872
205500,1872
206001,1872
206501,1872
207000,1872
207500,1873
208001,1875
208500,1872
209001,1873
209501,1872
210000,1873
210501,1873
211000,1873
211500,1872
212000,1870
212501,1872
213000,1874
213500,1872
214000,1874
214500,1872
215001,1873
215500,1874
216000,1873
216501,1873
217000,1872
217500,1873
218000,1877
218501,1872
219000,1872
219501,1874
220000,1872
220501,1872
221000,1872
221501,1871
222000,1874
222500,1871
223000,1872
223500,1872
224000,1877
224500,1872
225001,1872
225500,1872
226000,1872
226500,1872
227001,1873
227501,1871
228000,1871
228500,1872
229000,1872
229500,1875
230001,1872
230501,1872
231000,1873
231501,1871
232000,1871
232500,1872
233000,1872
233501,1872
234000,1873
234500,1872
235001,1872
235500,1872
236001,1872
236500,1872
237000,1872
237501,1872
238000,1871
238500,1872
239001,1872
239500,1872
240000,1872
240501,1873
241000,1872
241501,1871
242000,1872
242500,1874
243000,1872
243501,1872
244000,1872
244501,1872
245000,1872
245500,1871
246000,1872
246500,1872
247001,1872
247500,1872
248001,1875
248500,1872
249001,1872
249500,1871
250001,1875
250500,1872
251001,1872
251500,1872
252000,1872
252500,1870
253001,1872
253500,1872
254000,1872
254500,1872
255000,1872
255500,1872
256000,1872
256500,1872
257000,1872
257501,1871
258000,1872
258500,1872
259001,1872
259501,1872
260000,1872
260500,1872
261001,1874
261500,1873
262000,1871
262501,1872
263000,1873
263500,1872
264001,1873
264500,1872
265000,1873
265500,1871
266000,1872
266500,1872
267000,1872
267501,1871
268000,1872
268500,1873
269001,1872
269501,1873
270000,1872
270500,1874
271000,1872
271500,1872
272001,1872
272501,1874
273000,1872
273501,1872
274000,1872
274500,1872
275000,1872
275500,1873
276000,1870
276500,1872
277000,1872
277500,1872
278000,1871
278500,1873
279000,1872
279500,1872
280000,1872
280500,1872
281001,1872
281501,1872
282000,1872
282501,1874
283000,1872
283501,1873
284000,1871
284501,1873
285000,1872
285501,1872
286000,1871
286500,1872
287000,1873
287500,1873
288000,1872
288500,1872
289001,1872
289500,1873
290000,1874
290500,1872
291001,1872
291501,1873
292000,1872
292500,1872
293000,1872
293500,1874
294000,1871
294500,1874
295000,1872
295501,1872
296000,1872
296501,1872
297000,1871
297501,1872
298000,1872
298500,1874
299000,1874
299500,1874
300000,1872
300500,1875
301000,1873
301501,1872
302000,1871
302500,1871
303000,1874
303500,1872
304000,1869
304500,1871
305001,1874
305501,1872
306000,1872
306501,1873
307000,1872
307500,1872
308000,1872
308501,1872
309000,1872
309500,1872
310000,1872
310500,1872
311000,1873
311500,1874
312000,1870
312501,1872
313000,1872
313500,1874
314000,1872
314500,1872
315001,1872
315500,1872
316000,1870
316500,1872
317001,1872
317501,1872
318000,1873
318501,1872
319000,1870
319500,1875
320001,1871
320501,1875
321000,1872
321500,1875
322001,1872
322501,1872
323000,1872
323501,1872
324000,1876
324500,1872
325000,1872
325500,1872
326000,1872
326501,1873
327000,1872
327501,1874
328000,1872
328500,1872
329001,1872
329501,1873
330000,1872
330501,1872
331000,1872
331500,1872
332001,1871
332500,1872
333001,1872
333501,1872
334000,1873
334501,1872
335000,1872
335500,1871
336001,1872
336500,1875
337001,1872
337500,1873
338000,1872
338500,1872
339000,1872
339500,1872
340001,1872
340501,1872
341000,1873
341501,1872
342000,1873
342500,1874
343001,1873
343500,1872
344000,1874
344500,1873
345000,1872
345501,1873
346000,1874
346500,1872
347000,1873
347500,1870
348001,1872
348501,1873
349000,1872
349500,1873
350000,1872
350500,1872
351001,1873
351501,1872
352000,1872
352501,1872
353000,1872
353500,1871
354001,1872
354500,1872
355001,1872
355500,1875
356001,1871
356501,1872
357000,1873
357500,1872
358000,1872
358500,1872
359000,1872
359501,1872
360000,1873
360500,1875
361000,1872
361500,1872
362001,1872
362500,1872
363001,1873
363501,1872
364000,1872
364500,1874
365001,1872
365500,1872
366000,1873
366501,1872
367000,1872
367500,1872
368001,1872
368501,1871
369000,1874
369500,1873
370001,1872
370501,1872
371000,1872
371500,1872
372001,1873
372501,1873
373000,1873
373500,1872
374000,1873
374500,1872
375000,1872
375500,1872
376000,1872
376501,1872
377000,1872
377500,1872
378000,1870
378500,1872
379000,1872
379501,1872
380000,1871
380501,1872
381000,1872
381501,1872
382000,1871
382501,1875
383000,1872
383501,1872
384000,1872
384500,1872
385001,1872
385500,1872
386001,1871
386500,1872
387000,1872
387500,1871
388000,1872
388500,1873
389000,1872
389500,1872
390001,1874
390500,1872
391001,1873
391500,1875
392000,1872
392500,1873
393000,1872
393500,1872
394001,1873
394500,1874
395000,1872
395500,1872
396000,1872
396500,1872
397000,1874
397500,1874
398000,1874
398500,1874
399000,1872
399501,1872
400000,1874
400501,1872
401000,1874
401500,1872
402000,1873
402501,1872
403000,1872
403500,1872
404000,1872
404500,1872
405000,1872
405501,1872
406000,1874
406501,1872
407000,1872
407500,1872
408000,1877
408500,1872
409001,1875
409501,1873
410000,1873
410501,1872
411000,1872
411500,1872
412000,1873
412500,1873
413001,1873
413501,1872
414000,1874
414500,1872
415000,1872
415500,1872
416001,1873
416500,1872
417001,1873
417500,1872
418000,1872
418500,1872
419000,1873
419500,1873
420001,1873
420501,1873
421000,1872
421501,1873
422000,1872
422500,1872
423000,1873
423500,1873
424000,1871
424500,1872
425001,1875
425500,1872
426000,1873
426500,1874
427000,1871
427500,1872
428000,1872
428500,1872
429001,1873
429500,1872
430001,1872
430500,1872
431001,1872
431500,1872
432000,1873
432501,1872
433000,1871
433500,1872
434000,1872
434500,1872
435000,1872
435501,1876
436000,1872
436501,1872
437000,1872
437500,1872
438000,1872
438500,1873
439000,1873
439500,1874
440001,1872
440501,1872
441000,1872
441500,1874
442001,1872
442500,1872
443001,1872
443501,1872
444000,1873
444501,1872
445000,1873
445501,1872
446000,1871
446500,1872
447001,1872
447500,1872
448001,1870
448500,1874
449001,1872
449501,1872
450000,1872
450500,1872
451000,1874
451500,1872
452001,1872
452500,1872
453000,1872
453501,1873
454000,1873
454500,1873
455001,1872
455500,1872
456001,1872
456500,1872
457001,1873
457500,1872
458000,1873
458500,1872
459000,1872
459500,1872
460000,1870
460500,1872
461001,1872
461500,1872
462000,1872
462501,1872
463000,1872
463500,1872
464000,1872
464501,1873
465000,1872
465500,1875
466001,1873
466500,1872
467000,1877
467500,1872
468001,1871
468500,1874
469000,1873
469500,1874
470001,1873
470500,1874
471000,1872
471500,1872
472001,1875
472500,1870
473000,1871
473500,1872
474000,1873
474500,1872
475000,1872
475500,1872
476000,1871
476501,1872
477000,1872
477501,1872
478000,1869
478500,1872
479000,1872
479500,1872
480000,1873
480501,1872
481000,1872
481501,1872
482000,1872
482500,1872
483000,1871
483500,1871
484000,1870
484501,1872
485000,1872
485500,1872
486001,1871
486500,1872
487000,1872
487501,1872
488000,1872
488500,1872
489000,1872
489500,1872
490001,1873
490501,1872
491000,1872
491500,1872
492000,1872
492500,1872
493001,1873
493500,1872
494000,1873
494500,1872
495000,1872
495500,1872
496001,1873
496501,1872
497000,1875
497500,1872
498001,1874
498500,1872
499001,1873
499500,1875
500000,1872
500501,1873
501000,1872
501500,1872
502001,1876
502501,1872
503000,1872
503501,1872
504000,1873
504500,1874
505000,1872
505500,1872
506000,1874
506500,1872
507001,1871
507500,1872
508000,1876
508500,1872
509001,1872
509500,1875
510001,1875
510501,1872
511000,1872
511500,1872
512000,1874
512501,1873
513000,1874
513501,1872
514000,1872
514501,1872
515000,1873
515500,1872
516001,1872
516501,1872
517000,1872
517501,1873
518000,1874
518501,1872
519000,1872
519501,1873
520000,1872
520500,1872
521001,1873
521500,1872
522000,1873
522501,1872
523000,1871
523500,1872
524001,1873
524500,1872
525000,1872
525500,1872
526001,1872
526500,1871
527001,1873
527501,1873
528000,1872
528501,1872
529000,1872
529500,1872
530000,1872
530500,1873
531000,1876
531500,1872
532000,1872
532500,1873
533000,1872
533501,1874
534000,1872
534501,1872
535000,1873
535501,1872
536000,1872
536501,1872
537000,1872
537500,1873
538001,1872
538500,1872
539001,1871
539501,1872
540000,1872
540500,1872
541000,1874
541500,1872
542000,1871
542500,1875
543000,1874
543500,1873
544000,1872
544500,1872
545000,1872
545500,1873
546001,1874
546500,1874
547001,1871
547501,1872
548000,1874
548501,1873
549000,1872
549500,1872
550001,1870
550500,1872
551000,1872
551501,1873
552000,1872
552500,1871
553000,1872
553500,1872
554001,1875
554500,1872
555000,1873
555500,1872
556000,1872
556501,1876
557000,1873
557501,1872
558000,1872
558500,1872
559000,1872
559500,1872
560000,1874
560500,1873
561001,1872
561500,1875
562001,1872
562501,1874
563000,1872
563500,1872
564001,1871
564501,1872
565000,1873
565501,1873
566000,1871
566500,1872
567000,1872
567501,1872
568000,1872
568501,1873
569000,1872
569500,1873
570000,1872
570500,1872
571001,1872
571501,1872
572000,1873
572500,1872
573000,1873
573500,1873
574001,1872
574500,1871
575001,1872
575501,1873
576000,1872
576500,1872
577000,1872
577501,1871
578000,1872
578500,1871
579000,1875
579500,1872
580001,1872
580501,1873
581000,1872
581500,1872
582000,1870
582501,1874
583000,1872
583500,1872
584001,1872
584500,1872
585001,1875
585500,1872
586001,1872
586500,1874
587000,1872
587500,1872
588001,1875
588500,1872
589001,1872
589500,1872
590000,1872
590500,1872
591000,1872
591501,1872
592000,1874
592500,1872
593000,1873
593500,1872
594000,1872
594500,1872
595000,1872
595500,1872
596000,1873
596500,1872
597001,1874
597500,1872
598000,1872
598501,1872
599000,1872
599501,1872
600000,1871
600500,1872
601001,1872
601501,1872
602000,1872
602501,1873
603000,1872
603501,1872
604000,1872
604500,1872
605000,1872
605501,1874
606000,1872
606500,1872
607001,1871
607501,1872
608000,1872
608501,1871
609000,1870
609500,1872
610001,1869
610500,1872
611000,1872
611501,1872
612000,1869
612501,1872
613000,1872
613500,1872
614000,1871
614500,1872
615000,1872
615500,1872
616000,1865
616500,1871
617000,1871
617500,1871
618001,1874
618500,1872
619000,1872
619500,1872
620000,1872
620501,1872
621000,1872
621500,1873
622000,1873
622500,1872
623001,1872
623501,1872
624000,1872
624500,1872
625001,1874
625500,1873
626001,1869
626501,1871
627000,1872
627501,1872
628000,1872
628500,1872
629000,1872
629500,1871
630001,1873
630500,1872
631000,1872
631501,1872
632000,1874
632500,1873
633000,1872
633501,1872
634000,1872
634500,1872
635000,1872
635500,1872
636001,1872
636500,1872
637001,1872
637500,1872
638001,1872
638501,1872
639000,1872
639500,1872
640001,1867
640500,1872
641001,1872
641500,1872
642001,1873
642500,1872
643001,1871
643500,1873
644001,1872
644501,1872
645000,1872
645500,1872
646000,1874
646500,1873
647000,1872
647501,1872
648000,1872
648500,1872
649000,1872
649500,1873
650001,1872
650500,1872
651000,1872
651500,1875
652001,1872
652500,1872
653000,1870
653500,1873
654000,1873
654500,1872
655001,1872
655500,1872
656001,1873
656500,1873
657000,1872
657500,1872
658000,1875
658501,1872
659000,1873
659501,1874
660000,1873
660500,1873
661000,1872
661500,1873
662001,1872
662500,1873
663000,1872
663501,1872
664000,1873
664500,1872
665000,1873
665500,1872
666001,1872
666501,1872
667000,1873
667500,1872
668000,1872
668501,1872
669000,1874
669500,1871
670000,1872
670500,1871
671001,1872
671500,1872
672001,1871
672500,1874
673001,1872
673500,1872
674001,1872
674501,1872
675000,1872
675501,1872
676000,1875
676500,1872
677000,1870
677500,1870
678001,1872
678500,1872
679000,1872
679500,1872
680000,1872
680500,1872
681000,1872
681500,1873
682000,1868
682500,1872
683001,1872
683500,1872
684001,1872
684501,1872
685000,1873
685501,1874
686000,1872
686501,1872
687000,1872
687500,1872
688000,1873
688500,1872
689000,1872
689500,1872
690001,1872
690500,1872
691001,1872
691500,1873
692001,1872
692500,1872
693000,1872
693500,1871
694000,1876
694500,1872
695000,1873
695500,1872
696001,1871
696500,1872
697001,1872
697500,1874
698000,1872
698500,1874
699001,1872
699501,1873
700000,1872
700500,1872
701000,1872
701500,1872
702000,1873
702501,1875
703000,1872
703500,1872
704000,1873
704500,1873
705000,1872
705500,1873
706000,1873
706500,1872
707000,1872
707500,1872
708001,1870
708501,1872
709000,1873
709500,1872
710000,1872
710500,1873
711001,1873
711500,1873
712001,1867
712501,1872
713000,1872
713500,1872
714001,1871
714500,1873
715000,1872
715500,1872
716001,1872
716501,1873
717000,1872
717501,1875
718000,1871
718500,1872
719000,1872
719500,1872
720001,1875
720500,1872
721001,1872
721500,1872
722000,1871
722501,1872
723000,1873
723500,1872
724000,1873
724500,1870
725000,1871
725500,1872
726001,1871
726500,1872
727001,1872
727500,1872
728000,1872
728500,1872
729000,1870
729501,1872
730000,1872
730500,1871
731000,1873
731501,1872
732000,1872
732500,1871
733000,1872
733501,1872
734000,1874
734501,1873
735000,1872
735501,1873
736000,1872
736500,1873
737000,1870
737501,1872
738000,1872
738501,1872
739000,1873
739500,1872
740000,1870
740500,1871
741000,1871
741501,1872
742000,1872
742500,1872
743000,1872
743500,1872
744000,1872
744500,1873
745000,1873
745500,1872
746001,1872
746501,1874
747000,1872
747500,1872
748000,1871
748500,1877
749000,1872
749500,1872
750001,1872
750501,1872
751000,1872
751500,1872
752000,1873
752500,1871
753000,1872
753500,1872
754001,1872
754500,1871
755001,1874
755500,1873
756001,1873
756501,1872
757000,1872
757501,1872
758000,1872
758500,1872
759000,1872
759500,1872
760000,1872
760500,1872
761001,1872
761500,1872
762001,1873
762500,1872
763001,1872
763500,1873
764000,1872
764500,1872
765001,1872
765500,1872
766000,1872
766500,1872
767000,1871
767500,1872
768001,1872
768500,1872
769000,1872
769500,1872
770001,1874
770500,1872
771000,1872
771500,1873
772000,1872
772500,1872
773000,1872
773500,1872
774000,1872
774501,1874
775000,1874
775501,1874
776000,1872
776500,1872
777000,1872
777501,1872
778000,1872
778500,1874
779001,1872
779500,1873
780001,1874
780501,1872
781000,1872
781501,1872
782000,1872
782501,1871
783000,1872
783500,1872
784000,1874
784500,1872
785000,1873
785500,1872
786000,1872
786500,1872
787001,1872
787500,1872
788000,1873
788500,1872
789000,1872
789500,1872
790000,1872
790500,1872
791000,1872
791500,1873
792001,1872
792500,1872
793001,1872
793500,1875
794001,1872
794500,1872
795000,1872
795500,1872
796000,1871
796500,1872
797000,1874
797501,1872
798000,1873
798500,1872
799000,1872
799501,1872
800000,1872
800500,1872
801000,1874
801500,1872
802000,1872
802500,1872
803000,1873
803500,1872
804000,1872
804501,1872
805000,1872
805500,1872
806000,1873
806500,1872
807000,1874
807500,1873
808001,1872
808500,1872
809000,1872
809501,1872
810000,1872
810500,1870
811000,1872
811500,1871
812001,1873
812501,1872
813000,1872
813500,1872
814000,1872
814501,1872
815000,1872
815500,1872
816000,1871
816501,1872
817000,1873
817500,1873
818000,1871
818500,1872
819000,1872
819500,1872
820001,1875
820501,1872
821000,1873
821500,1872
822000,1869
822500,1873
823001,1872
823500,1873
824000,1872
824501,1872
825000,1871
825500,1872
826001,1870
826501,1871
827000,1874
827500,1872
828001,1874
828501,1872
829000,1872
829500,1872
830001,1872
830501,1872
831000,1873
831501,1872
832000,1872
832500,1872
833000,1872
833500,1872
834000,1872
834500,1872
835000,1871
835501,1872
836000,1872
836500,1874
837000,1872
837500,1872
838001,1870
838501,1871
839000,1872
839500,1872
840001,1871
840501,1872
841000,1872
841500,1871
842001,1872
842501,1873
843000,1872
843501,1872
844000,1872
844501,1872
845000,1872
845500,1872
846001,1873
846500,1872
847000,1872
847501,1872
848000,1872
848500,1872
849000,1871
849501,1871
850000,1872
850501,1871
851000,1872
851500,1870
852000,1872
852500,1873
853001,1872
853500,1874
854001,1873
854501,1872
855000,1872
855501,1872
856000,1872
856501,1869
857000,1872
857500,1872
858000,1873
858500,1872
859000,1872
859500,1872
860000,1872
860501,1873
861000,1873
861500,1872
862000,1871
862500,1872
863001,1872
863500,1872
864001,1874
864501,1872
865000,1872
865500,1872
866000,1872
866500,1872
867001,1872
867500,1875
868000,1872
868500,1873
869000,1873
869500,1872
870001,1870
870501,1872
871000,1875
871500,1873
872000,1876
872501,1872
873000,1872
873500,1872
874000,1872
874500,1874
875000,1872
875500,1872
876001,1871
876501,1873
877000,1872
877500,1872
878000,1872
878500,1872
879001,1872
879500,1873
880001,1874
880500,1875
881001,1872
881501,1872
882000,1872
882501,1872
883000,1872
883500,1872
884001,1872
884500,1872
885000,1872
885501,1872
886000,1871
886500,1870
887001,1873
887500,1872
888001,1871
888501,1872
889000,1871
889500,1871
890001,1878
890501,1872
891000,1873
891500,1873
892001,1872
892500,1871
893000,1871
893500,1872
894000,1872
894500,1872
895001,1871
895500,1870
896000,1872
896500,1872
897000,1873
897500,1872
898001,1872
898500,1872
899001,1869
899500,1872
900000,1871
900500,1872
901000,1872
901500,1872
902000,1870
902500,1872
903001,1872
903501,1872
904000,1873
904500,1872
905001,1872
905500,1872
906001,1873
906500,1874
907001,1872
907500,1873
908000,1872
908500,1873
909001,1873
909501,1872
910000,1871
910501,1872
911000,1872
911500,1872
912001,1874
912501,1872
913000,1872
913500,1872
914000,1875
914501,1873
915000,1872
915501,1872
916000,1872
916501,1872
917000,1872
917500,1872
918001,1874
918500,1872
919000,1872
919500,1872
920001,1872
920500,1873
921000,1872
921500,1875
922001,1871
922500,1872
923000,1872
923500,1872
924000,1872
924500,1873
925000,1872
925500,1871
926000,1872
926500,1872
927000,1872
927500,1874
928000,1872
928501,1872
929000,1872
929500,1871
930000,1873
930500,1872
931000,1872
931500,1872
932000,1873
932501,1872
933000,1872
933500,1875
934000,1872
934500,1872
935001,1872
935501,1872
936000,1873
936500,1872
937000,1872
937500,1872
938000,1872
938500,1873
939000,1874
939500,1872
940000,1872
940501,1872
941000,1872
941501,1875
942000,1872
942501,1872
943000,1872
943501,1872
944000,1874
944500,1872
945001,1872
945501,1872
946000,1872
946500,1872
947000,1872
947501,1872
948000,1872
948500,1872
949000,1872
949500,1873
950000,1872
950500,1872
951001,1871
951500,1872
952000,1873
952500,1872
953000,1873
953500,1873
954001,1873
954500,1872
955001,1873
955500,1872
956000,1872
956500,1873
957000,1872
957500,1873
958000,1872
958500,1872
959001,1872
959500,1872
960001,1872
960500,1872
961001,1873
961500,1872
962000,1872
962500,1872
963001,1872
963500,1873
964000,1872
964500,1872
965000,1875
965500,1873
966001,1873
966500,1872
967001,1872
967500,1872
968001,1875
968500,1873
969001,1872
969500,1872
970001,1872
970501,1872
971000,1875
971501,1874
972000,1872
972500,1872
973000,1874
973500,1872
974000,1874
974500,1872
975000,1872
975500,1872
976000,1872
976500,1872
977001,1872
977500,1872
978000,1873
978500,1872
979000,1872
979500,1874
980001,1869
980501,1872
981000,1871
981500,1872
982000,1873
982500,1872
983001,1872
983500,1872
984000,1874
984501,1872
985000,1872
985501,1871
986000,1872
986500,1872
987001,1872
987500,1874
988000,1872
988501,1872
989000,1872
989500,1872
990000,1872
990500,1872
991000,1872
991500,1871
992001,1872
992501,1872
993000,1872
993500,1872
994001,1872
994500,1872
995000,1871
995501,1872
996000,1871
996501,1871
997000,1872
997500,1873
998000,1872
998501,1872
999000,1872
999501,1875
1000000,1872
1000500,1872
1001001,1873
1001500,1872
1002000,1872
1002500,1872
1003001,1872
1003500,1874
1004000,1872
1004500,1873
1005001,1872
1005500,1872
1006000,1872
1006501,1874
1007000,1874
1007500,1872
1008001,1872
1008500,1872
1009001,1872
1009500,1874
1010000,1873
1010500,1872
1011000,1872
1011500,1873
1012000,1874
1012500,1872
1013001,1872
1013501,1872
1014000,1872
1014500,1870
1015000,1872
1015500,1872
1016001,1874
1016500,1874
1017001,1872
1017500,1871
1018000,1872
1018500,1870
1019000,1871
1019500,1872
1020000,1867
1020501,1872
1021000,1871
1021501,1871
1022000,1872
1022501,1871
1023000,1872
1023500,1872
1024000,1872
1024500,1872
1025000,1872
1025500,1872
1026001,1872
1026501,1873
1027000,1873
1027501,1872
1028000,1874
1028500,1872
1029000,1873
1029500,1871
1030000,1870
1030500,1873
1031000,1872
1031500,1872
1032001,1872
1032501,1872
1033000,1872
1033500,1872
1034000,1871
1034501,1872
1035000,1873
1035500,1872
1036001,1872
1036501,1873
1037000,1872
1037501,1873
1038000,1872
1038501,1873
1039000,1872
1039500,1872
1040000,1872
1040501,1875
1041000,1871
1041501,1872
1042000,1872
1042500,1874
1043000,1875
1043500,1872
1044000,1873
1044500,1872
1045000,1873
1045500,1873
1046001,1872
1046500,1872
1047000,1872
1047501,1874
1048000,1873
1048500,1872
1049001,1871
1049500,1872
1050001,1872
1050500,1871
1051000,1873
1051501,1872
1052000,1873
1052501,1872
1053000,1873
1053500,1875
1054001,1875
1054500,1872
1055000,1869
1055501,1872
1056000,1875
1056501,1872
1057000,1872
1057500,1872
1058000,1872
1058500,1872
1059000,1872
1059500,1872
1060000,1874
1060500,1872
1061000,1870
1061500,1872
1062000,1871
1062500,1872
1063001,1872
1063500,1871
1064001,1872
1064501,1872
1065000,1872
1065500,1871
1066000,1872
1066500,1872
1067000,1871
1067500,1872
1068000,1872
1068500,1872
1069000,1872
1069501,1872
1070000,1872
1070500,1873
1071001,1872
1071500,1871
1072000,1872
1072501,1873
1073000,1872
1073500,1871
1074000,1873
1074500,1872
1075000,1872
1075501,1872
1076000,1872
1076500,1872
1077000,1872
1077500,1872
1078000,1874
1078500,1872
1079001,1872
1079500,1872
1080001,1871
1080500,1872
1081000,1872
1081500,1872
1082001,1872
1082501,1872
1083000,1872
1083500,1871
1084001,1875
1084501,1872
1085000,1872
1085500,1872
1086001,1874
1086501,1872
1087000,1872
1087500,1872
1088001,1872
1088501,1872
1089000,1872
1089501,1872
1090000,1873
1090500,1872
1091001,1872
1091501,1873
1092000,1873
1092500,1871
1093000,1872
1093500,1872
1094001,1871
1094500,1872
1095001,1872
1095501,1872
1096000,1872
1096501,1871
1097000,1873
1097500,1872
1098000,1873
1098501,1872
1099000,1872
1099501,1872
1100000,1872
1100501,1872
1101000,1873
1101501,1873
1102000,1874
1102500,1873
1103000,1872
1103501,1872
1104000,1874
1104501,1872
1105000,1872
1105500,1875
1106001,1873
1106500,1873
1107001,1873
1107500,1873
1108000,1874
1108500,1873
1109001,1872
1109501,1872
1110000,1873
1110500,1872
1111000,1873
1111500,1875
1112001,1872
1112501,1873
1113000,1874
1113500,1872
1114000,1873
1114500,1872
1115000,1872
1115501,1871
1116000,1872
1116500,1871
1117000,1872
1117500,1872
1118000,1871
1118501,1872
1119000,1872
1119501,1872
1120000,1872
1120500,1872
1121000,1873
1121500,1872
1122000,1872
1122500,1874
1123000,1872
1123500,1872
1124001,1872
1124501,1872
1125000,1872
1125500,1873
1126000,1873
1126500,1872
1127000,1872
1127500,1872
1128001,1871
1128500,1872
1129000,1872
1129501,1873
1130000,1873
1130501,1872
1131000,1872
1131500,1871
1132000,1872
1132500,1872
1133001,1871
1133500,1872
1134001,1875
1134500,1872
1135001,1872
1135501,1872
1136000,1872
1136500,1872
1137000,1872
1137501,1872
1138000,1872
1138500,1873
1139000,1872
1139500,1872
1140001,1876
1140501,1872
1141000,1872
1141501,1872
1142000,1872
1142500,1872
1143001,1872
1143501,1873
1144000,1874
1144501,1872
1145000,1872
1145501,1872
1146000,1872
1146500,1871
1147000,1874
1147500,1872
1148000,1870
1148500,1873
1149001,1873
1149501,1872
1150000,1871
1150500,1872
1151001,1872
1151501,1871
1152000,1871
1152500,1872
1153000,1872
1153500,1872
1154000,1872
1154501,1872
1155000,1872
1155500,1871
1156000,1872
1156501,1873
1157000,1872
1157501,1872
1158000,1872
1158500,1872
1159000,1872
1159501,1872
1160000,1872
1160500,1873
1161000,1873
1161500,1872
1162000,1874
1162500,1872
1163000,1872
1163500,1873
1164000,1869
1164500,1874
1165001,1872
1165500,1875
1166000,1873
1166500,1872
1167001,1872
1167500,1874
1168000,1874
1168501,1872
1169000,1870
1169500,1872
1170000,1871
1170501,1875
1171000,1872
1171501,1872
1172000,1874
1172500,1872
1173001,1872
1173500,1871
1174001,1873
1174501,1872
1175000,1872
1175500,1873
1176001,1871
1176500,1872
1177001,1873
1177500,1871
1178000,1876
1178501,1873
1179000,1872
1179500,1874
1180001,1872
1180501,1872
1181000,1873
1181501,1872
1182000,1872
1182500,1873
1183000,1872
1183500,1873
1184000,1872
1184500,1872
1185000,1870
1185501,1872
1186000,1872
1186500,1873
1187000,1872
1187500,1873
1188001,1872
1188500,1873
1189001,1872
1189501,1873
1190000,1872
1190501,1872
1191000,1872
1191500,1872
1192001,1870
1192500,1872
1193000,1874
1193501,1871
1194000,1873
1194501,1870
1195000,1872
1195500,1873
1196001,1874
1196501,1872
1197000,1874
1197501,1873
1198000,1872
1198501,1871
1199000,1873
1199501,1873
1200000,1871
1200501,1872
1201000,1872
1201500,1873
1202000,1872
1202500,1872
1203000,1869
1203501,1871
1204000,1872
1204500,1872
1205001,1872
1205500,1872
1206000,1871
1206500,1872
1207000,1872
1207500,1872
1208000,1868
1208501,1872
1209000,1871
1209500,1872
1210001,1869
1210501,1872
1211000,1872
1211500,1872
1212000,1872
1212500,1873
1213001,1872
1213500,1871
1214000,1872
1214500,1872
1215001,1872
1215500,1872
1216000,1870
1216500,1872
1217000,1871
1217501,1871
1218000,1870
1218501,1872
1219000,1872
1219500,1872
1220001,1872
1220501,1872
1221000,1872
1221501,1871
1222000,1872
1222500,1872
1223001,1872
1223500,1871
1224001,1871
1224501,1872
1225000,1872
1225500,1872
1226000,1873
1226500,1872
1227000,1872
1227500,1872
1228000,1872
1228500,1872
1229001,1872
1229501,1872
1230000,1872
1230500,1872
1231000,1873
1231500,1873
1232000,1872
1232501,1874
1233000,1872
1233500,1872
1234000,1873
1234500,1872
1235000,1872
1235500,1872
1236000,1874
1236500,1872
1237000,1872
1237501,1871
1238000,1872
1238501,1872
1239000,1872
1239500,1872
1240001,1872
1240500,1872
1241000,1872
1241500,1872
1242001,1872
1242501,1872
1243000,1872
1243500,1872
1244000,1872
1244500,1872
1245000,1872
1245500,1872
1246000,1872
1246500,1871
1247000,1872
1247500,1873
1248000,1870
1248501,1870
1249000,1872
1249501,1872
1250000,1873
1250500,1873
1251000,1872
1251500,1871
1252000,1874
1252501,1873
1253000,1872
1253500,1872
1254000,1871
1254500,1872
1255000,1872
1255500,1872
1256000,1872
1256500,1871
1257000,1872
1257500,1872
1258001,1872
1258500,1872
1259000,1871
1259501,1871
1260000,1872
1260500,1872
1261001,1872
1261501,1872
1262000,1871
1262500,1872
1263001,1872
1263500,1872
1264000,1872
1264500,1872
1265000,1873
1265500,1872
1266001,1872
1266501,1872
1267000,1872
1267500,1874
1268000,1871
1268501,1871
1269000,1872
1269501,1872
1270000,1872
1270500,1873
1271001,1872
1271500,1872
1272001,1871
1272500,1872
1273000,1872
1273500,1872
1274000,1872
1274500,1872
1275000,1873
1275500,1872
1276000,1872
1276501,1873
1277000,1872
1277501,1872
1278000,1874
1278500,1872
1279000,1872
1279500,1872
1280000,1875
1280501,1871
1281000,1872
1281500,1870
1282001,1874
1282500,1873
1283001,1871
1283500,1872
1284000,1872
1284501,1872
1285000,1873
1285500,1873
1286001,1871
1286501,1872
1287000,1871
1287500,1872
1288000,1875
1288500,1871
1289000,1872
1289500,1872
1290001,1872
1290501,1874
1291000,1872
1291500,1872
1292000,1871
1292500,1873
1293000,1872
1293500,1872
1294000,1872
1294500,1874
1295000,1872
1295500,1872
1296001,1875
1296500,1872
1297001,1874
1297500,1872
1298000,1874
1298500,1873
1299001,1873
1299500,1872
1300000,1872
1300501,1872
1301000,1872
1301500,1872
1302000,1872
1302501,1872
1303000,1872
1303500,1872
1304000,1872
1304500,1871
1305000,1871
1305500,1873
1306000,1873
1306500,1872
1307000,1873
1307501,1872
1308000,1872
1308500,1872
1309000,1872
1309500,1871
1310001,1872
1310500,1872
1311001,1873
1311501,1872
1312000,1872
1312501,1872
1313000,1873
1313501,1873
1314000,1871
1314500,1872
1315000,1872
1315500,1872
1316000,1872
1316500,1872
1317001,1872
1317501,1872
1318000,1871
1318501,1872
1319000,1872
1319500,1872
1320000,1872
1320500,1872
1321000,1872
1321500,1872
1322001,1870
1322500,1872
1323001,1872
1323500,1872
1324000,1872
1324500,1872
1325001,1872
1325500,1872
1326000,1872
1326501,1872
1327000,1871
1327501,1871
1328000,1872
1328501,1873
1329000,1872
1329501,1873
1330000,1872
1330500,1872
1331001,1872
1331500,1874
1332000,1872
1332500,1872
1333001,1872
1333501,1873
1334000,1875
1334500,1872
1335000,1871
1335500,1872
1336001,1872
1336500,1872
1337001,1872
1337500,1872
1338000,1871
1338501,1872
1339000,1872
1339500,1872
1340000,1872
1340500,1873
1341001,1870
1341501,1872
1342000,1872
1342500,1872
1343001,1872
1343500,1872
1344001,1872
1344500,1872
1345001,1872
1345500,1872
1346000,1872
1346500,1873
1347000,1872
1347500,1874
1348000,1872
1348501,1872
1349000,1872
1349500,1872
1350001,1870
1350500,1872
1351000,1873
1351500,1872
1352000,1874
1352500,1872
1353000,1872
1353500,1873
1354000,1872
1354500,1872
1355001,1872
1355500,1872
1356000,1872
1356501,1872
1357000,1872
1357501,1872
1358000,1872
1358500,1873
1359000,1871
1359500,1872
1360000,1870
1360500,1872
1361000,1872
1361500,1872
1362000,1870
1362500,1872
1363000,1872
1363501,1872
1364000,1872
1364500,1872
1365001,1872
1365500,1872
1366000,1872
1366500,1871
1367001,1872
1367501,1872
1368000,1876
1368500,1872
1369000,1872
1369500,1872
1370000,1872
1370500,1872
1371000,1872
1371500,1872
1372000,1871
1372501,1872
1373000,1872
1373501,1872
1374000,1872
1374500,1873
1375001,1873
1375500,1872
1376000,1872
1376500,1872
1377000,1871
1377500,1872
1378001,1871
1378500,1871
1379000,1871
1379501,1872
1380000,1872
1380500,1872
1381000,1872
1381500,1874
1382001,1872
1382500,1872
1383000,1872
1383501,1872
1384000,1872
1384500,1871
1385001,1872
1385500,1873
1386000,1872
1386500,1872
1387000,1872
1387500,1872
1388000,1872
1388500,1872
1389000,1873
1389501,1872
1390000,1873
1390500,1872
1391001,1871
1391500,1872
1392001,1875
1392500,1872
1393001,1872
1393500,1872
1394001,1873
1394500,1872
1395000,1871
1395500,1872
1396000,1873
1396501,1872
1397000,1873
1397500,1872
1398001,1872
1398500,1873
1399000,1872
1399501,1872
1400000,1871
1400501,1871
1401000,1874
1401500,1873
1402001,1873
1402500,1872
1403000,1873
1403500,1872
1404001,1873
1404500,1872
1405001,1871
1405501,1873
1406000,1871
1406500,1873
1407001,1872
1407500,1872
1408000,1872
1408500,1872
1409001,1872
1409500,1872
1410000,1872
1410501,1872
1411000,1872
1411500,1870
1412000,1872
1412501,1872
1413000,1871
1413500,1872
1414000,1872
1414500,1873
1415001,1873
1415500,1875
1416001,1871
1416501,1872
1417000,1872
1417500,1873
1418000,1872
1418501,1872
1419000,1873
1419501,1872
1420000,1872
1420500,1872
1421001,1872
1421500,1872
1422001,1873
1422500,1872
1423000,1872
1423500,1871
1424001,1872
1424500,1872
1425001,1872
1425501,1872
1426000,1873
1426500,1872
1427001,1872
1427501,1872
1428000,1872
1428500,1872
1429000,1872
1429500,1872
1430000,1872
1430500,1873
1431000,1872
1431500,1872
1432000,1871
1432500,1872
1433001,1872
1433501,1872
1434000,1873
1434500,1872
1435000,1872
1435500,1872
1436000,1872
1436500,1872
1437000,1871
1437500,1872
1438001,1872
1438500,1872
1439000,1871
1439500,1872
1440000,1872
1440500,1873
1441001,1872
1441501,1872
1442000,1872
1442500,1872
1443000,1873
1443500,1870
1444001,1872
1444501,1872
1445000,1872
1445500,1872
1446000,1873
1446501,1872
1447000,1872
1447501,1873
1448000,1871
1448500,1872
1449000,1872
1449500,1873
1450000,1872
1450500,1874
1451001,1872
1451500,1872
1452000,1875
1452500,1872
1453000,1872
1453500,1872
1454000,1870
1454500,1872
1455001,1872
1455501,1872
1456000,1874
1456501,1872
1457000,1870
1457500,1874
1458001,1872
1458500,1872
1459000,1872
1459500,1872
1460001,1871
1460500,1872
1461001,1873
1461501,1872
1462000,1873
1462501,1873
1463000,1872
1463500,1872
1464001,1872
1464501,1872
1465000,1873
1465500,1870
1466000,1872
1466501,1873
1467000,1873
1467500,1872
1468000,1872
1468501,1872
1469000,1875
1469500,1871
1470000,1872
1470500,1872
1471000,1872
1471501,1872
1472000,1872
1472501,1872
1473000,1874
1473500,1873
1474000,1871
1474501,1872
1475000,1872
1475500,1872
1476000,1871
1476501,1873
1477000,1873
1477500,1872
1478001,1872
1478500,1872
1479001,1872
1479501,1872
1480000,1871
1480500,1872
1481000,1871
1481500,1872
1482000,1873
1482501,1872
1483000,1872
1483501,1871
1484000,1872
1484500,1872
1485001,1872
1485500,1873
1486001,1872
1486500,1872
1487000,1873
1487501,1872
1488000,1872
1488501,1874
1489000,1872
1489500,1869
1490001,1872
1490500,1870
1491000,1872
1491500,1872
1492000,1872
1492500,1872
1493001,1874
1493500,1872
1494001,1872
1494500,1873
1495001,1872
1495500,1872
1496000,1871
1496500,1872
1497000,1872
1497500,1872
1498001,1874
1498500,1872
1499001,1872
1499500,1874
1500001,1877
1500500,1872
1501000,1872
1501501,1872
1502000,1872
1502500,1873
1503001,1872
1503500,1872
1504001,1872
1504501,1872
1505000,1873
1505500,1872
1506000,1871
1506500,1873
1507000,1873
1507500,1873
1508001,1872
1508500,1872
1509000,1872
1509500,1872
1510001,1872
1510500,1871
1511000,1871
1511501,1873
1512000,1874
1512501,1872
1513000,1872
1513500,1872
1514001,1872
1514501,1872
1515000,1872
1515500,1874
1516001,1873
1516501,1872
1517000,1874
1517500,1872
1518000,1874
1518500,1871
1519000,1872
1519500,1870
1520000,1872
1520500,1873
1521001,1873
1521500,1872
1522001,1872
1522500,1871
1523000,1872
1523500,1872
1524001,1872
1524500,1873
1525001,1872
1525501,1873
1526000,1867
1526500,1872
1527001,1871
1527501,1872
1528000,1872
1528501,1872
1529000,1872
1529501,1872
1530000,1872
1530501,1872
1531000,1873
1531501,1873
1532000,1868
1532501,1872
1533000,1872
1533500,1871
1534001,1872
1534500,1872
1535001,1872
1535500,1870
1536001,1872
1536500,1872
1537000,1871
1537501,1875
1538000,1873
1538500,1872
1539000,1872
1539500,1874
1540000,1872
1540501,1872
1541000,1875
1541500,1870
1542000,1870
1542500,1873
1543001,1872
1543500,1872
1544000,1872
1544501,1876
1545000,1873
1545500,1872
1546000,1872
1546500,1872
1547001,1872
1547500,1872
1548000,1872
1548500,1871
1549000,1870
1549500,1872
1550000,1871
1550500,1872
1551001,1871
1551500,1872
1552001,1872
1552500,1873
1553001,1872
1553500,1872
1554000,1872
1554501,1871
1555000,1872
1555501,1875
1556000,1873
1556501,1872
1557000,1873
1557500,1872
1558000,1872
1558500,1872
1559000,1872
1559500,1873
1560000,1872
1560500,1872
1561000,1871
1561500,1872
1562001,1874
1562500,1873
1563001,1872
1563501,1872
1564000,1874
1564501,1875
1565000,1872
1565500,1872
1566000,1872
1566501,1872
1567000,1872
1567500,1872
1568001,1872
1568501,1872
1569000,1871
1569500,1872
1570000,1871
1570500,1873
1571001,1872
1571501,1872
1572000,1873
1572500,1872
1573000,1875
1573500,1872
1574001,1872
1574500,1872
1575000,1871
1575500,1871
1576000,1869
1576501,1872
1577000,1873
1577500,1872
1578001,1872
1578500,1872
1579001,1873
1579500,1873
1580000,1874
1580501,1872
1581000,1872
1581501,1874
1582000,1873
1582500,1871
1583000,1872
1583501,1872
1584000,1872
1584501,1872
1585000,1870
1585500,1872
1586000,1872
1586501,1873
1587000,1873
1587500,1872
1588000,1872
1588500,1872
1589000,1872
1589500,1872
1590000,1874
1590500,1874
1591001,1871
1591501,1872
1592000,1874
1592500,1873
1593000,1872
1593500,1873
1594000,1872
1594500,1871
1595001,1871
1595500,1873
1596000,1871
1596500,1873
1597000,1874
1597500,1872
1598000,1872
1598500,1872
1599001,1872
1599500,1871
1600000,1871
1600500,1874
1601001,1872
1601500,1873
1602001,1874
1602501,1872
1603000,1872
1603500,1872
1604001,1874
1604500,1872
1605001,1875
1605501,1872
1606000,1872
1606501,1873
1607000,1872
1607500,1872
1608001,1873
1608501,1872
1609000,1872
1609500,1871
1610000,1874
1610501,1871
1611000,1872
1611500,1872
1612000,1871
1612500,1874
1613000,1874
1613500,1873
1614000,1872
1614501,1873
1615000,1875
1615500,1873
1616000,1872
1616501,1872
1617000,1873
1617500,1874
1618000,1872
1618501,1872
1619000,1874
1619500,1871
1620000,1873
1620500,1872
1621001,1872
1621500,1872
1622001,1872
1622500,1872
1623000,1872
1623500,1873
1624000,1872
1624500,1872
1625001,1873
1625500,1872
1626001,1872
1626500,1871
1627000,1871
1627500,1874
1628000,1872
1628500,1871
1629001,1872
1629501,1872
1630000,1873
1630500,1872
1631000,1872
1631500,1872
1632000,1870
1632501,1872
1633000,1872
1633500,1873
1634001,1872
1634500,1873
1635001,1872
1635501,1872
1636000,1872
1636501,1872
1637000,1872
1637500,1873
1638001,1873
1638500,1872
1639001,1872
1639500,1872
1640000,1871
1640500,1871
1641000,1870
1641500,1870
1642001,1872
1642500,1871
1643000,1871
1643500,1871
1644001,1872
1644500,1872
1645000,1872
1645500,1872
1646000,1871
1646500,1872
1647001,1872
1647501,1872
1648000,1871
1648500,1873
1649000,1872
1649501,1873
1650000,1871
1650500,1872
1651000,1872
1651500,1872
1652001,1872
1652500,1872
1653001,1872
1653500,1873
1654000,1872
1654501,1872
1655000,1873
1655501,1872
1656000,1872
1656500,1872
1657000,1872
1657500,1872
1658001,1873
1658500,1872
1659000,1873
1659500,1874
1660001,1872
1660500,1873
1661001,1871
1661500,1872
1662000,1873
1662501,1872
1663000,1872
1663500,1874
1664000,1873
1664500,1870
1665001,1873
1665501,1872
1666000,1872
1666500,1875
1667000,1873
1667500,1872
1668000,1874
1668500,1872
1669001,1872
1669500,1873
1670000,1872
1670500,1872
1671001,1872
1671501,1872
1672000,1872
1672501,1872
1673000,1872
1673501,1872
1674000,1872
1674500,1872
1675000,1872
1675501,1872
1676000,1872
1676501,1872
1677000,1872
1677501,1872
1678000,1873
1678501,1871
1679000,1872
1679500,1872
1680001,1874
1680500,1873
1681000,1872
1681501,1873
1682000,1872
1682501,1872
1683000,1872
1683500,1872
1684001,1876
1684500,1873
1685000,1872
1685501,1874
1686000,1871
1686500,1872
1687001,1872
1687501,1873
1688000,1872
1688501,1872
1689000,1872
1689500,1870
1690000,1872
1690501,1872
1691000,1872
1691501,1873
1692000,1871
1692500,1873
1693000,1872
1693500,1872
1694001,1873
1694500,1873
1695001,1872
1695501,1872
1696000,1872
1696500,1872
1697001,1872
1697500,1874
1698000,1872
1698500,1873
1699001,1875
1699501,1872
1700000,1873
1700500,1872
1701000,1873
1701501,1872
1702000,1873
1702501,1872
1703000,1872
1703500,1872
1704000,1872
1704500,1872
1705001,1872
1705500,1872
1706000,1873
1706500,1872
1707000,1872
1707500,1873
1708000,1872
1708500,1872
1709000,1872
1709500,1874
1710001,1875
1710501,1872
1711000,1873
1711501,1871
1712000,1877
1712500,1872
1713000,1872
1713500,1870
1714001,1874
1714500,1872
1715001,1873
1715500,1873
1716001,1869
1716500,1872
1717000,1872
1717500,1872
1718001,1872
1718500,1873
1719000,1872
1719500,1872
1720001,1872
1720501,1872
1721000,1872
1721500,1872
1722000,1874
1722501,1872
1723000,1871
1723500,1872
1724000,1875
1724500,1872
1725000,1872
1725500,1872
1726001,1871
1726500,1872
1727001,1872
1727501,1872
1728000,1872
1728500,1872
1729001,1872
1729500,1872
1730000,1873
1730501,1872
1731000,1872
1731501,1874
1732000,1876
1732500,1873
1733001,1873
1733500,1875
1734000,1871
1734501,1873
1735000,1872
1735501,1872
1736000,1872
1736500,1874
1737000,1873
1737500,1872
1738000,1872
1738500,1873
1739001,1872
1739501,1872
1740000,1874
1740500,1872
1741000,1872
1741500,1873
1742001,1872
1742500,1875
1743000,1872
1743501,1872
1744000,1873
1744501,1872
1745000,1872
1745501,1872
1746000,1870
1746500,1872
1747000,1873
1747500,1874
1748001,1872
1748501,1872
1749000,1872
1749501,1872
1750000,1872
1750500,1872
1751000,1872
1751501,1872
1752000,1871
1752500,1871
1753000,1872
1753500,1872
1754000,1872
1754500,1870
1755000,1873
1755500,1872
1756001,1874
1756500,1872
1757000,1872
1757500,1872
1758000,1872
1758500,1872
1759000,1872
1759500,1871
1760000,1874
1760500,1872
1761000,1872
1761500,1872
1762000,1872
1762500,1872
1763000,1872
1763500,1875
1764000,1872
1764500,1874
1765000,1875
1765500,1872
1766001,1873
1766501,1872
1767000,1872
1767500,1870
1768000,1872
1768501,1872
1769000,1872
1769500,1872
1770001,1872
1770501,1873
1771000,1872
1771501,1872
1772000,1873
1772501,1874
1773000,1872
1773500,1873
1774001,1872
1774501,1872
1775000,1872
1775501,1872
1776000,1871
1776500,1871
1777001,1872
1777500,1871
1778001,1872
1778501,1872
1779000,1873
1779500,1872
1780000,1872
1780500,1872
1781000,1872
1781500,1873
1782001,1872
1782501,1871
1783000,1872
1783500,1873
1784000,1872
1784500,1872
1785001,1872
1785500,1872
1786000,1875
1786500,1872
1787000,1872
1787501,1872
1788000,1872
1788500,1872
1789000,1872
1789500,1872
1790001,1872
1790500,1872
1791000,1872
1791500,1872
1792001,1872
1792501,1875
1793000,1872
1793500,1872
1794001,1872
1794500,1872
1795000,1873
1795500,1873
1796000,1872
1796501,1872
1797000,1872
1797501,1874
1798000,1873
1798500,1872
1799000,1872
1799501,1872
1800000,1872
1800501,1874
1801000,1872
1801500,1873
1802001,1877
1802500,1872
1803001,1872
1803501,1872
1804000,1872
1804501,1872
1805000,1871
1805501,1872
1806000,1872
1806500,1872
1807001,1872
1807500,1872
1808001,1872
1808501,1872
1809000,1872
1809500,1872
1810000,1872
1810501,1872
1811000,1872
1811500,1872
1812001,1872
1812500,1872
1813001,1875
1813500,1872
1814000,1872
1814501,1873
1815000,1876
1815500,1872
1816001,1872
1816500,1873
1817001,1872
1817500,1872
1818000,1871
1818500,1875
1819000,1872
1819500,1872
1820000,1872
1820500,1872
1821000,1872
1821500,1873
1822001,1872
1822501,1873
1823000,1872
1823500,1873
1824000,1872
1824500,1872
1825000,1872
1825500,1871
1826000,1872
1826500,1872
1827000,1873
1827500,1873
1828000,1873
1828501,1872
1829000,1872
1829501,1872
1830000,1872
1830501,1872
1831000,1872
1831500,1872
1832000,1872
1832500,1872
1833000,1873
1833500,1872
1834000,1873
1834500,1872
1835001,1872
1835500,1872
1836001,1872
1836501,1873
1837000,1872
1837500,1872
1838000,1875
1838500,1873
1839001,1872
1839501,1873
1840000,1872
1840500,1875
1841001,1872
1841500,1874
1842001,1877
1842501,1873
1843000,1872
1843501,1872
1844000,1872
1844500,1873
1845000,1871
1845500,1873
1846001,1871
1846501,1872
1847000,1872
1847500,1872
1848000,1872
1848500,1872
1849000,1872
1849500,1872
1850001,1872
1850501,1873
1851000,1872
1851500,1872
1852000,1872
1852500,1872
1853001,1872
1853500,1870
1854001,1876
1854500,1872
1855001,1872
1855500,1873
1856001,1872
1856500,1874
1857001,1872
1857500,1873
1858001,1872
1858500,1872
1859000,1872
1859501,1872
1860000,1872
1860500,1873
1861000,1872
1861500,1872
1862001,1872
1862501,1872
1863000,1873
1863500,1873
1864001,1872
1864500,1872
1865000,1872
1865500,1872
1866001,1872
1866500,1872
1867001,1873
1867501,1873
1868000,1871
1868501,1872
1869000,1872
1869501,1872
1870000,1873
1870500,1872
1871001,1871
1871501,1874
1872000,1872
1872501,1872
1873000,1872
1873500,1875
1874001,1872
1874500,1875
1875000,1873
1875500,1875
1876001,1872
1876501,1872
1877000,1873
1877500,1872
1878000,1871
1878500,1872
1879000,1872
1879501,1873
1880000,1872
1880500,1875
1881000,1872
1881500,1872
1882000,1873
1882500,1872
1883001,1873
1883500,1874
1884000,1872
1884500,1872
1885001,1872
1885500,1872
1886000,1877
1886500,1875
1887000,1873
1887500,1873
1888000,1872
1888500,1872
1889001,1872
1889500,1872
1890000,1872
1890501,1872
1891000,1872
1891500,1873
1892000,1873
1892500,1872
1893000,1872
1893501,1872
1894000,1872
1894501,1872
1895000,1872
1895501,1871
1896000,1871
1896500,1872
1897001,1875
1897501,1872
1898000,1871
1898500,1872
1899000,1871
1899500,1872
1900000,1872
1900500,1872
1901001,1872
1901501,1872
1902000,1872
1902500,1872
1903001,1873
1903501,1873
1904000,1872
1904500,1871
1905001,1873
1905500,1872
1906001,1872
1906500,1874
1907001,1872
1907500,1872
1908000,1872
1908500,1874
1909000,1872
1909500,1872
1910001,1873
1910500,1872
1911000,1872
1911500,1872
1912000,1872
1912500,1872
1913001,1874
1913501,1873
1914000,1872
1914500,1872
1915000,1872
1915500,1871
1916000,1872
1916500,1872
1917001,1872
1917501,1872
1918000,1872
1918501,1873
1919000,1872
1919501,1872
1920000,1872
1920501,1872
1921000,1872
1921501,1872
1922000,1873
1922500,1872
1923001,1872
1923501,1871
1924000,1871
1924501,1872
1925000,1872
1925501,1873
1926000,1873
1926501,1872
1927000,1872
1927500,1873
1928000,1872
1928501,1872
1929000,1872
1929500,1873
1930000,1872
1930501,1872
1931000,1873
1931501,1871
1932000,1873
1932500,1872
1933001,1875
1933500,1873
1934000,1872
1934500,1873
1935001,1873
1935500,1871
1936001,1871
1936500,1872
1937000,1870
1937500,1872
1938001,1872
1938500,1871
1939001,1872
1939500,1872
1940000,1872
1940500,1873
1941000,1872
1941501,1872
1942000,1875
1942501,1872
1943000,1874
1943500,1874
1944000,1872
1944501,1872
1945000,1873
1945500,1872
1946000,1872
1946500,1872
1947001,1872
1947501,1873
1948000,1875
1948500,1873
1949000,1873
1949500,1874
1950001,1872
1950500,1872
1951000,1872
1951500,1870
1952001,1874
1952500,1872
1953001,1872
1953500,1872
1954000,1872
1954501,1872
1955000,1872
1955500,1875
1956000,1874
1956500,1872
1957000,1872
1957500,1872
1958000,1872
1958501,1871
1959000,1872
1959500,1872
1960000,1872
1960500,1875
1961001,1872
1961501,1873
1962000,1872
1962501,1873
1963000,1872
1963501,1874
1964000,1872
1964500,1872
1965001,1872
1965501,1872
1966000,1872
1966500,1872
1967001,1871
1967501,1875
1968000,1872
1968500,1873
1969001,1872
1969500,1873
1970001,1873
1970500,1872
1971000,1873
1971500,1870
1972000,1873
1972500,1872
1973000,1872
1973500,1874
1974001,1872
1974501,1872
1975000,1872
1975500,1872
1976000,1872
1976500,1872
1977000,1872
1977500,1876
1978000,1872
1978500,1872
1979000,1872
1979500,1874
1980000,1870
1980501,1872
1981000,1872
1981500,1872
1982001,1872
1982501,1870
1983000,1871
1983500,1872
1984000,1872
1984500,1872
1985000,1875
1985501,1872
1986000,1871
1986500,1873
1987000,1871
1987501,1872
1988000,1872
1988500,1872
1989000,1872
1989501,1872
1990000,1872
1990500,1872
1991000,1872
1991501,1872
1992000,1875
1992501,1872
1993000,1872
1993500,1872
1994001,1872
1994501,1872
1995000,1872
1995500,1872
1996000,1872
1996501,1873
1997000,1872
1997501,1870
1998000,1873
1998500,1875
1999001,1872
1999500,1872
2000000,1872
2000500,1872
2001001,1872
2001500,1872
2002001,1872
2002500,1872
2003000,1872
2003500,1872
2004000,1872
2004501,1872
2005000,1872
2005501,1872
2006000,1873
2006500,1872
2007001,1872
2007500,1872
2008000,1872
2008500,1873
2009000,1872
2009500,1872
2010000,1872
2010501,1873
2011000,1873
2011500,1873
2012001,1872
2012500,1872
2013000,1873
2013501,1872
2014000,1876
2014501,1874
2015000,1875
2015500,1872
2016001,1872
2016500,1872
2017000,1872
2017501,1872
2018000,1872
2018500,1872
2019000,1872
2019501,1872
2020000,1872
2020500,1872
2021001,1873
2021500,1872
2022001,1872
2022501,1872
2023000,1872
2023500,1872
2024001,1872
2024500,1872
2025001,1872
2025500,1871
2026001,1871
2026501,1872
2027000,1872
2027500,1871
2028000,1871
2028501,1872
2029000,1872
2029500,1873
2030000,1872
2030500,1871
2031000,1872
2031500,1872
2032000,1872
2032500,1872
2033001,1873
2033500,1872
2034000,1871
2034501,1872
2035000,1872
2035500,1872
2036001,1871
2036501,1872
2037000,1872
2037500,1873
2038001,1871
2038501,1873
2039000,1872
2039500,1872
2040001,1873
2040500,1872
2041000,1872
2041501,1872
2042000,1872
2042500,1872
2043000,1872
2043500,1872
2044001,1872
2044500,1872
2045001,1872
2045500,1872
2046000,1870
2046500,1873
2047000,1870
2047500,1872
2048000,1871
2048500,1874
2049001,1873
2049501,1871
2050000,1872
2050501,1872
2051000,1873
2051500,1871
2052001,1874
2052500,1875
2053001,1873
2053500,1872
2054000,1872
2054501,1874
2055000,1873
2055500,1872
2056000,1872
2056500,1872
2057000,1872
2057500,1872
2058001,1877
2058500,1872
2059001,1873
2059500,1873
2060001,1872
2060501,1873
2061000,1873
2061500,1872
2062001,1872
2062500,1872
2063001,1873
2063500,1872
2064000,1872
2064500,1872
2065000,1872
2065500,1874
2066001,1873
2066501,1872
2067000,1873
2067501,1872
2068000,1872
2068500,1872
2069000,1874
2069501,1872
2070000,1874
2070500,1872
2071001,1872
2071501,1872
2072000,1872
2072500,1874
2073000,1872
2073501,1874
2074000,1872
2074501,1873
2075000,1872
2075500,1871
2076001,1875
2076500,1872
2077000,1873
2077500,1872
2078001,1872
2078500,1872
2079000,1872
2079500,1872
2080000,1872
2080500,1873
2081000,1872
2081501,1872
2082000,1872
2082501,1872
2083000,1872
2083500,1872
2084000,1871
2084501,1872
2085000,1872
2085500,1873
2086001,1873
2086501,1872
2087000,1874
2087500,1872
2088000,1875
2088501,1874
2089000,1872
2089500,1873
2090000,1872
2090500,1872
2091000,1872
2091500,1873
2092000,1873
2092500,1871
2093000,1872
2093500,1872
2094001,1872
2094500,1872
2095000,1873
2095501,1873
2096000,1872
2096501,1872
2097000,1872
2097500,1872
2098001,1871
2098501,1872
2099000,1872
2099500,1872
2100000,1873
2100500,1872
2101000,1872
2101500,1871
2102001,1874
2102500,1872
2103000,1872
2103501,1871
2104000,1870
2104501,1872
2105000,1872
2105500,1872
2106000,1872
2106500,1872
2107000,1871
2107500,1872
2108001,1870
2108501,1872
2109000,1874
2109501,1874
2110000,1873
2110500,1872
2111000,1872
2111500,1872
2112000,1872
2112501,1872
2113000,1872
2113500,1872
2114001,1872
2114500,1872
2115000,1872
2115500,1872
2116001,1869
2116501,1873
2117000,1872
2117500,1872
2118000,1872
2118501,1875
2119000,1872
2119501,1872
2120000,1872
2120500,1873
2121000,1873
2121500,1872
2122001,1873
2122500,1872
2123000,1872
2123500,1872
2124000,1873
2124501,1872
2125000,1874
2125500,1872
2126001,1870
2126500,1872
2127001,1871
2127500,1873
2128000,1871
2128500,1872
2129001,1875
2129500,1872
2130001,1872
2130500,1874
2131000,1872
2131500,1872
2132000,1872
2132500,1871
2133000,1873
2133500,1872
2134000,1872
2134500,1871
2135000,1872
2135501,1874
2136000,1873
2136500,1872
2137000,1872
2137500,1874
2138001,1873
2138500,1872
2139000,1871
2139500,1874
2140000,1872
2140500,1872
2141000,1872
2141500,1871
2142001,1872
2142500,1872
2143001,1871
2143500,1872
2144000,1872
2144500,1872
2145001,1872
2145500,1872
2146000,1872
2146500,1872
2147001,1872
2147500,1872
2148000,1872
2148501,1873
2149000,1871
2149500,1872
2150001,1872
2150500,1872
2151000,1872
2151501,1872
2152000,1872
2152500,1872
2153001,1870
2153500,1872
2154000,1872
2154500,1872
2155000,1872
2155501,1873
2156000,1873
2156501,1873
2157000,1872
2157500,1872
2158000,1874
2158501,1872
2159000,1872
2159500,1872
2160000,1872
2160501,1874
2161000,1872
2161501,1874
2162000,1872
2162500,1872
2163001,1872
2163501,1872
2164000,1872
2164501,1872
2165000,1872
2165500,1872
2166000,1872
2166500,1875
2167000,1872
2167500,1873
2168001,1873
2168500,1872
2169001,1871
2169500,1872
2170000,1872
2170501,1873
2171000,1872
2171500,1872
2172000,1872
2172500,1872
2173000,1872
2173500,1872
2174001,1872
2174501,1872
2175000,1872
2175500,1874
2176000,1873
2176501,1872
2177000,1871
2177500,1873
2178001,1872
2178501,1872
2179000,1874
2179500,1872
2180000,1872
2180500,1872
2181001,1872
2181501,1872
2182000,1872
2182501,1872
2183000,1872
2183501,1872
2184000,1872
2184501,1871
2185000,1872
2185501,1872
2186000,1872
2186500,1872
2187000,1872
2187500,1872
2188000,1874
2188501,1873
2189000,1872
2189500,1872
2190001,1873
2190501,1873
2191000,1872
2191500,1872
2192000,1871
2192500,1872
2193001,1872
2193500,1873
2194000,1872
2194500,1872
2195000,1872
2195500,1872
2196001,1872
2196501,1872
2197000,1872
2197500,1872
2198001,1872
2198501,1872
2199000,1872
2199501,1872
2200000,1871
2200500,1872
2201001,1872
2201500,1871
2202001,1872
2202500,1872
2203000,1872
2203500,1872
2204000,1870
2204501,1873
2205000,1874
2205501,1872
2206000,1872
2206500,1872
2207000,1873
2207500,1872
2208000,1872
2208500,1872
2209001,1872
2209500,1872
2210000,1875
2210500,1873
2211000,1872
2211500,1873
2212000,1870
2212500,1872
2213001,1875
2213501,1872
2214000,1872
2214500,1872
2215000,1872
2215500,1872
2216000,1872
2216500,1872
2217000,1872
2217501,1872
2218000,1872
2218501,1872
2219000,1872
2219500,1872
2220000,1872
2220500,1872
2221001,1872
2221500,1871
2222001,1876
2222500,1872
2223000,1873
2223501,1872
2224000,1873
2224501,1874
2225000,1872
2225501,1872
2226000,1872
2226500,1872
2227000,1872
2227500,1872
2228000,1872
2228500,1872
2229001,1872
2229501,1873
2230000,1872
2230500,1872
2231000,1872
2231500,1872
2232000,1873
2232501,1872
2233000,1872
2233500,1872
2234001,1874
2234500,1872
2235000,1872
2235501,1872
2236000,1873
2236500,1872
2237000,1871
2237500,1872
2238001,1872
2238501,1875
2239000,1873
2239501,1874
2240000,1871
2240501,1872
2241000,1872
2241501,1874
2242000,1875
2242500,1872
2243000,1872
2243501,1872
2244000,1871
2244500,1873
2245000,1872
2245500,1873
2246001,1871
2246500,1872
2247001,1872
2247500,1872
2248001,1872
2248500,1872
2249001,1874
2249501,1873
2250000,1872
2250500,1872
2251000,1872
2251501,1871
2252000,1871
2252501,1872
2253000,1872
2253500,1872
2254000,1872
2254501,1872
2255000,1872
2255501,1873
2256000,1872
2256501,1872
2257000,1873
2257500,1871
2258001,1872
2258500,1871
2259000,1873
2259500,1872
2260001,1875
2260500,1872
2261001,1872
2261500,1872
2262000,1873
2262500,1872
2263001,1872
2263500,1872
2264001,1872
2264501,1873
2265000,1872
2265501,1872
2266000,1873
2266500,1873
2267001,1872
2267500,1872
2268000,1872
2268501,1872
2269000,1872
2269500,1873
2270001,1872
2270500,1872
2271000,1873
2271501,1872
2272000,1874
2272500,1872
2273000,1871
2273500,1872
2274001,1873
2274500,1872
2275000,1873
2275500,1872
2276000,1872
2276500,1873
2277001,1872
2277500,1872
2278001,1872
2278500,1872
2279000,1872
2279501,1872
2280000,1872
2280500,1871
2281001,1872
2281501,1873
2282000,1871
2282501,1872
2283000,1872
2283500,1872
2284000,1875
2284501,1872
2285000,1873
2285500,1872
2286000,1872
2286500,1873
2287000,1873
2287500,1874
2288001,1872
2288500,1872
2289000,1872
2289500,1872
2290001,1872
2290501,1869
2291000,1872
2291500,1872
2292000,1872
2292500,1872
2293001,1873
2293500,1871
2294000,1872
2294500,1872
2295000,1872
2295500,1872
2296000,1872
2296500,1872
2297001,1873
2297501,1872
2298000,1871
2298501,1872
2299000,1873
2299501,1872
2300000,1871
2300500,1872
2301000,1872
2301501,1873
2302000,1872
2302501,1872
2303000,1872
2303500,1872
2304001,1876
2304501,1872
2305000,1872
2305500,1873
2306000,1872
2306501,1872
2307000,1872
2307500,1870
2308001,1872
2308500,1872
2309001,1872
2309500,1872
2310001,1872
2310500,1872
2311000,1872
2311500,1873
2312000,1872
2312501,1871
2313000,1871
2313500,1873
2314000,1872
2314501,1874
2315000,1872
2315501,1872
2316000,1872
2316500,1872
2317000,1872
2317500,1872
2318000,1872
2318500,1871
2319000,1872
2319500,1872
2320001,1870
2320500,1872
2321001,1871
2321500,1873
2322000,1874
2322500,1872
2323001,1874
2323500,1872
2324001,1869
2324500,1875
2325000,1872
2325500,1875
2326000,1872
2326500,1872
2327000,1873
2327500,1872
2328001,1872
2328501,1872
2329000,1872
2329500,1872
2330000,1873
2330500,1872
2331001,1872
2331501,1872
2332000,1874
2332500,1872
2333001,1872
2333501,1872
2334000,1872
2334500,1872
2335000,1872
2335500,1872
2336001,1872
2336500,1870
2337001,1871
2337500,1871
2338000,1873
2338500,1872
2339000,1872
2339501,1872
2340000,1871
2340500,1872
2341000,1872
2341501,1871
2342000,1875
2342500,1872
2343000,1873
2343500,1872
2344000,1874
2344500,1873
2345000,1871
2345500,1872
2346000,1872
2346501,1874
2347000,1872
2347500,1872
2348000,1874
2348501,1870
2349000,1872
2349500,1871
2350001,1876
2350501,1872
2351000,1872
2351501,1872
2352000,1872
2352500,1872
2353000,1872
2353500,1872
2354001,1872
2354500,1873
2355000,1872
2355500,1873
2356001,1873
2356500,1872
2357000,1872
2357500,1872
2358000,1870
2358500,1872
2359001,1872
2359500,1872
2360001,1872
2360500,1875
2361001,1871
2361500,1872
2362001,1870
2362501,1872
2363000,1872
2363501,1874
2364000,1872
2364500,1872
2365000,1872
2365500,1872
2366000,1872
2366500,1871
2367000,1872
2367500,1871
2368000,1872
2368500,1872
2369001,1872
2369501,1871
2370000,1870
2370500,1872
2371000,1872
2371500,1872
2372000,1872
2372501,1872
2373000,1872
2373501,1872
2374000,1872
2374500,1873
2375000,1871
2375500,1873
2376001,1873
2376500,1872
2377001,1872
2377500,1872
2378001,1872
2378500,1872
2379000,1871
2379500,1872
2380000,1872
2380501,1872
2381000,1872
2381500,1872
2382001,1872
2382500,1875
2383001,1872
2383500,1872
2384000,1874
2384500,1872
2385000,1872
2385500,1875
2386001,1873
2386500,1872
2387001,1872
2387501,1872
2388000,1870
2388500,1873
2389000,1873
2389500,1872
2390001,1872
2390500,1872
2391001,1872
2391500,1872
2392000,1872
2392501,1872
2393000,1872
2393500,1872
2394000,1870
2394500,1871
2395001,1872
2395500,1872
2396000,1870
2396500,1872
2397001,1872
2397500,1871
2398000,1872
2398500,1872
2399000,1872
2399501,1873
2400000,1872
2400500,1873
2401001,1872
2401500,1872
2402001,1871
2402500,1873
2403000,1872
2403500,1872
2404000,1875
2404501,1872
2405000,1872
2405501,1873
2406000,1870
2406500,1872
2407001,1872
2407500,1871
2408000,1872
2408500,1872
2409000,1872
2409500,1872
2410001,1872
2410501,1873
2411000,1873
2411501,1872
2412000,1872
2412501,1872
2413000,1873
2413501,1872
2414000,1872
2414500,1872
2415000,1872
2415500,1872
2416001,1872
2416500,1872
2417001,1872
2417500,1872
2418000,1873
2418500,1870
2419001,1873
2419501,1872
2420000,1872
2420500,1872
2421000,1872
2421500,1872
2422000,1872
2422501,1872
2423000,1872
2423500,1872
2424000,1872
2424500,1872
2425000,1872
2425500,1871
2426001,1872
2426500,1873
2427000,1872
2427501,1873
2428000,1873
2428501,1872
2429000,1873
2429500,1873
2430001,1873
2430501,1872
2431000,1872
2431501,1872
2432000,1873
2432500,1872
2433000,1873
2433500,1873
2434000,1872
2434501,1872
2435000,1872
2435501,1872
2436000,1872
2436500,1872
2437000,1872
2437500,1872
2438000,1872
2438500,1872
2439001,1872
2439500,1872
2440000,1875
2440500,1872
2441000,1872
2441500,1872
2442000,1875
2442501,1873
2443000,1872
2443501,1873
2444000,1872
2444501,1872
2445000,1872
2445501,1872
2446000,1872
2446501,1872
2447000,1872
2447500,1872
2448001,1873
2448501,1872
2449000,1872
2449500,1874
2450000,1872
2450500,1872
2451000,1871
2451500,1873
2452000,1874
2452500,1875
2453000,1872
2453500,1872
2454001,1872
2454501,1872
2455000,1872
2455501,1872
2456000,1873
2456501,1872
2457000,1872
2457500,1872
2458000,1872
2458500,1872
2459000,1872
2459501,1872
2460000,1872
2460500,1872
2461001,1872
2461501,1873
2462000,1872
2462500,1872
2463000,1872
2463501,1872
2464000,1872
2464500,1872
2465000,1872
2465500,1873
2466001,1872
2466500,1872
2467001,1873
2467500,1872
2468000,1872
2468500,1872
2469000,1873
2469500,1873
2470000,1872
2470500,1872
2471000,1873
2471501,1872
2472000,1874
2472500,1872
2473000,1874
2473500,1872
2474001,1872
2474500,1874
2475000,1872
2475501,1872
2476000,1872
2476501,1871
2477000,1872
2477501,1872
2478000,1872
2478501,1873
2479000,1873
2479500,1872
2480000,1872
2480500,1874
2481001,1871
2481500,1872
2482001,1872
2482500,1872
2483000,1871
2483501,1873
2484000,1874
2484500,1874
2485000,1872
2485501,1872
2486000,1870
2486501,1872
2487000,1872
2487501,1872
2488000,1872
2488501,1873
2489000,1872
2489500,1872
2490001,1872
2490500,1872
2491001,1873
2491500,1872
2492001,1871
2492500,1874
2493000,1872
2493501,1873
2494000,1873
2494500,1872
2495001,1873
2495500,1872
2496000,1871
2496500,1872
2497000,1872
2497500,1871
2498000,1872
2498501,1872
2499000,1873
2499500,1871
2500001,1872
2500500,1873
2501001,1872
2501500,1872
2502001,1872
2502501,1873
2503000,1873
2503500,1872
2504000,1872
2504500,1871
2505001,1872
2505501,1872
2506000,1872
2506500,1872
2507000,1873
2507500,1872
2508000,1870
2508500,1872
2509000,1872
2509500,1872
2510000,1872
2510500,1872
2511000,1872
2511500,1873
2512001,1872
2512500,1872
2513000,1872
2513500,1872
2514000,1875
2514501,1872
2515000,1873
2515500,1872
2516001,1872
2516500,1872
2517000,1872
2517501,1872
2518000,1872
2518500,1872
2519001,1871
2519500,1872
2520000,1871
2520500,1874
2521001,1872
2521501,1872
2522000,1872
2522501,1872
2523000,1872
2523500,1873
2524000,1872
2524500,1872
2525000,1872
2525500,1875
2526000,1872
2526501,1872
2527000,1872
2527501,1873
2528000,1872
2528500,1872
2529001,1872
2529500,1872
2530000,1872
2530500,1872
2531001,1872
2531501,1871
2532000,1872
2532501,1874
2533000,1872
2533500,1874
2534001,1872
2534500,1872
2535000,1872
2535500,1872
2536001,1872
2536501,1872
2537000,1872
2537501,1872
2538000,1872
2538501,1872
2539000,1872
2539501,1874
2540000,1872
2540501,1872
2541000,1873
2541501,1874
2542000,1873
2542500,1872
2543001,1873
2543501,1875
2544000,1873
2544500,1872
2545001,1873
2545500,1872
2546000,1873
2546500,1872
2547001,1872
2547500,1873
2548001,1873
2548501,1872
2549000,1872
2549500,1872
2550001,1872
2550501,1872
2551000,1872
2551500,1872
2552001,1870
2552500,1872
2553001,1873
2553500,1872
2554000,1872
2554500,1872
2555000,1872
2555501,1872
2556000,1872
2556501,1872
2557000,1872
2557501,1872
2558000,1876
2558500,1872
2559000,1873
2559501,1874
2560000,1874
2560501,1875
2561000,1872
2561501,1871
2562000,1872
2562500,1873
2563000,1873
2563500,1873
2564001,1872
2564500,1872
2565001,1872
2565501,1872
2566000,1873
2566500,1873
2567000,1872
2567501,1872
2568000,1871
2568500,1872
2569001,1872
2569500,1874
2570001,1871
2570500,1873
2571001,1872
2571501,1871
2572000,1872
2572500,1872
2573000,1872
2573500,1872
2574000,1872
2574500,1871
2575001,1872
2575500,1872
2576001,1872
2576500,1872
2577000,1872
2577501,1874
2578000,1871
2578500,1872
2579000,1872
2579500,1871
2580001,1874
2580500,1873
2581001,1872
2581500,1872
2582001,1871
2582500,1873
2583001,1873
2583500,1872
2584000,1872
2584501,1871
2585000,1872
2585501,1873
2586000,1873
2586500,1872
2587001,1872
2587501,1872
2588000,1873
2588500,1872
2589000,1872
2589500,1872
2590001,1874
2590500,1871
2591000,1872
2591500,1872
2592001,1872
2592500,1872
2593000,1872
2593500,1872
2594000,1872
2594501,1872
2595000,1872
2595501,1872
2596000,1870
2596500,1873
2597001,1873
2597501,1872
2598000,1874
2598500,1875
2599000,1872
2599500,1873
2600001,1872
2600500,1871
2601000,1874
2601500,1872
2602001,1872
2602501,1872
2603000,1872
2603500,1873
2604000,1872
2604501,1873
2605000,1874
2605501,1872
2606000,1872
2606500,1873
2607000,1872
2607500,1872
2608000,1873
2608500,1873
2609001,1872
2609501,1873
2610000,1872
2610500,1872
2611000,1872
2611500,1872
2612000,1872
2612500,1872
2613000,1872
2613500,1872
2614000,1872
2614500,1872
2615000,1872
2615501,1872
2616000,1873
2616501,1872
2617000,1872
2617500,1873
2618000,1872
2618500,1872
2619001,1872
2619501,1872
2620000,1872
2620501,1872
2621000,1871
2621500,1872
2622001,1872
2622500,1873
2623000,1872
2623500,1872
2624000,1871
2624501,1872
2625000,1872
2625500,1872
2626001,1873
2626501,1872
2627000,1872
2627500,1872
2628000,1872
2628500,1874
2629000,1871
2629500,1873
2630001,1872
2630500,1872
2631000,1872
2631500,1872
2632001,1872
2632500,1872
2633000,1872
2633501,1872
2634000,1871
2634500,1872
2635000,1873
2635500,1872
2636000,1874
2636500,1873
2637000,1872
2637500,1872
2638001,1873
2638500,1872
2639000,1872
2639501,1872
2640000,1872
2640500,1872
2641001,1874
2641500,1873
2642001,1872
2642500,1873
2643001,1871
2643501,1872
2644000,1872
2644500,1872
2645001,1872
2645500,1872
2646000,1873
2646501,1873
2647000,1872
2647500,1872
2648000,1870
2648500,1874
2649000,1872
2649500,1872
2650001,1873
2650501,1872
2651000,1875
2651500,1872
2652000,1872
2652500,1872
2653001,1872
2653501,1872
2654000,1872
2654501,1872
2655000,1871
2655501,1872
2656000,1872
2656501,1872
2657000,1872
2657500,1873
2658000,1872
2658500,1872
2659001,1872
2659500,1872
2660000,1872
2660500,1872
2661000,1870
2661501,1872
2662000,1872
2662501,1872
2663000,1870
2663500,1872
2664000,1872
2664500,1872
2665000,1871
2665500,1872
2666001,1872
2666501,1873
2667000,1872
2667500,1873
2668000,1872
2668500,1872
2669001,1872
2669501,1871
2670000,1874
2670500,1873
2671000,1874
2671500,1872
2672000,1872
2672501,1871
2673000,1872
2673500,1873
2674000,1872
2674500,1872
2675000,1872
2675500,1872
2676001,1872
2676500,1872
2677000,1873
2677500,1873
2678000,1872
2678500,1872
2679001,1872
2679501,1872
2680000,1872
2680500,1872
2681001,1872
2681501,1872
2682000,1872
2682500,1873
2683000,1872
2683501,1872
2684000,1872
2684500,1872
2685001,1872
2685500,1872
2686000,1872
2686500,1872
2687000,1872
2687500,1872
2688001,1872
2688500,1872
2689000,1871
2689500,1872
2690000,1872
2690500,1872
2691001,1872
2691500,1873
2692001,1874
2692500,1872
2693000,1873
2693501,1872
2694000,1872
2694500,1871
2695001,1873
2695500,1872
2696001,1872
2696500,1872
2697000,1872
2697501,1872
2698000,1872
2698500,1872
2699000,1873
2699500,1872
2700000,1870
2700500,1872
2701000,1872
2701501,1872
2702000,1872
2702500,1871
2703000,1875
2703501,1872
2704000,1872
2704500,1872
2705000,1873
2705500,1872
2706000,1875
2706501,1872
2707000,1872
2707501,1872
2708000,1872
2708501,1873
2709000,1872
2709500,1872
2710000,1871
2710500,1872
2711000,1872
2711500,1871
2712001,1870
2712500,1872
2713000,1871
2713500,1872
2714000,1872
2714501,1872
2715000,1873
2715500,1872
2716000,1871
2716500,1872
2717001,1872
2717501,1873
2718000,1872
2718500,1874
2719000,1873
2719500,1872
2720000,1871
2720501,1873
2721000,1873
2721500,1872
2722000,1872
2722501,1872
2723000,1873
2723500,1874
2724000,1875
2724500,1872
2725001,1872
2725501,1872
2726000,1872
2726501,1873
2727000,1871
2727500,1872
2728001,1871
2728501,1874
2729000,1872
2729500,1872
2730000,1875
2730500,1872
2731001,1874
2731500,1872
2732000,1871
2732500,1872
2733001,1870
2733500,1871
2734000,1872
2734500,1872
2735000,1872
2735500,1872
2736000,1873
2736500,1872
2737000,1872
2737501,1872
2738000,1873
2738500,1873
2739000,1871
2739500,1871
2740001,1872
2740501,1872
2741000,1873
2741501,1873
2742000,1872
2742500,1872
2743001,1872
2743500,1872
2744001,1874
2744501,1871
2745000,1873
2745500,1875
2746000,1872
2746500,1873
2747001,1872
2747501,1872
2748000,1872
2748501,1872
2749000,1873
2749500,1872
2750001,1872
2750501,1873
2751000,1871
2751500,1872
2752001,1872
2752501,1872
2753000,1872
2753501,1872
2754000,1873
2754500,1872
2755000,1872
2755500,1872
2756001,1870
2756500,1873
2757000,1874
2757500,1872
2758000,1871
2758501,1872
2759000,1872
2759500,1872
2760001,1875
2760500,1872
2761001,1872
2761501,1872
2762000,1871
2762500,1872
2763000,1871
2763500,1871
2764001,1872
2764500,1871
2765001,1872
2765501,1872
2766000,1871
2766501,1872
2767000,1871
2767500,1872
2768000,1871
2768500,1872
2769001,1872
2769500,1872
2770000,1870
2770501,1872
2771000,1872
2771500,1872
2772000,1872
2772500,1872
2773000,1872
2773501,1872
2774000,1872
2774500,1873
2775000,1872
2775500,1873
2776000,1871
2776500,1872
2777000,1872
2777501,1872
2778000,1872
2778501,1872
2779000,1872
2779500,1872
2780000,1873
2780501,1872
2781000,1872
2781500,1872
2782000,1872
2782500,1871
2783001,1872
2783500,1872
2784001,1872
2784500,1873
2785000,1873
2785500,1870
2786001,1872
2786500,1871
2787000,1872
2787500,1872
2788000,1872
2788501,1872
2789000,1871
2789500,1871
2790000,1870
2790500,1872
2791000,1872
2791501,1872
2792000,1872
2792500,1871
2793000,1871
2793500,1872
2794000,1872
2794500,1872
2795000,1872
2795501,1872
2796000,1872
2796501,1872
2797000,1873
2797501,1872
2798000,1872
2798500,1872
2799001,1872
2799500,1871
2800000,1871
2800500,1872
2801000,1871
2801500,1871
2802000,1872
2802500,1871
2803000,1871
2803500,1872
2804000,1875
2804500,1872
2805001,1872
2805500,1872
2806000,1872
2806500,1873
2807001,1872
2807500,1872
2808001,1872
2808500,1872
2809000,1872
2809501,1872
2810000,1872
2810501,1873
2811000,1872
2811500,1872
2812000,1872
2812501,1872
2813000,1872
2813500,1872
2814000,1872
2814501,1872
2815000,1872
2815501,1872
2816000,1874
2816501,1872
2817000,1872
2817501,1871
2818000,1871
2818500,1872
2819000,1871
2819500,1872
2820001,1871
2820500,1872
2821000,1872
2821500,1872
2822001,1872
2822500,1872
2823000,1872
2823500,1871
2824001,1872
2824501,1872
2825000,1870
2825500,1872
2826000,1872
2826500,1872
2827000,1872
2827500,1872
2828001,1870
2828500,1872
2829001,1873
2829500,1872
2830001,1874
2830501,1872
2831000,1874
2831501,1872
2832000,1872
2832500,1872
2833000,1873
2833500,1872
2834000,1872
2834500,1873
2835000,1873
2835500,1872
2836001,1872
2836500,1872
2837000,1872
2837500,1873
2838001,1872
2838501,1872
2839000,1873
2839500,1873
2840000,1872
2840500,1872
2841001,1871
2841501,1871
2842000,1872
2842500,1872
2843000,1871
2843500,1872
2844001,1870
2844500,1872
2845001,1872
2845501,1871
2846000,1875
2846501,1872
2847000,1874
2847500,1873
2848000,1872
2848500,1874
2849000,1872
2849500,1873
2850001,1875
2850501,1872
2851000,1872
2851500,1876
2852000,1873
2852500,1872
2853000,1870
2853501,1872
2854000,1872
2854500,1872
2855000,1872
2855500,1872
2856000,1872
2856501,1872
2857000,1872
2857500,1872
2858000,1872
2858501,1872
2859000,1872
2859500,1872
2860000,1871
2860500,1872
2861001,1874
2861500,1873
2862000,1875
2862500,1873
2863001,1872
2863501,1873
2864000,1872
2864501,1872
2865000,1872
2865500,1872
2866000,1871
2866500,1871
2867000,1872
2867500,1872
2868000,1873
2868500,1872
2869001,1871
2869500,1871
2870001,1872
2870501,1872
2871000,1872
2871500,1871
2872001,1873
2872500,1873
2873001,1872
2873501,1872
2874000,1871
2874500,1873
2875000,1872
2875500,1872
2876000,1872
2876501,1872
2877000,1872
2877500,1872
2878001,1872
2878501,1871
2879000,1872
2879500,1872
2880000,1872
2880500,1872
2881001,1872
2881501,1872
2882000,1872
2882500,1872
2883001,1872
2883500,1869
2884000,1872
2884500,1872
2885000,1872
2885500,1872
2886001,1872
2886500,1872
2887001,1872
2887501,1872
2888000,1872
2888500,1873
2889000,1872
2889501,1872
2890000,1872
2890500,1872
2891001,1872
2891500,1872
2892000,1872
2892501,1872
2893000,1872
2893501,1872
2894000,1875
2894500,1872
2895001,1873
2895500,1872
2896000,1872
2896501,1872
2897000,1873
2897500,1872
2898000,1872
2898500,1874
2899000,1875
2899500,1872
2900000,1874
2900500,1870
2901000,1872
2901500,1872
2902001,1874
2902500,1872
2903001,1872
2903500,1872
2904000,1871
2904500,1873
2905000,1873
2905500,1872
2906001,1872
2906501,1875
2907000,1872
2907500,1872
2908000,1872
2908500,1874
2909000,1872
2909500,1873
2910000,1872
2910501,1872
2911000,1873
2911500,1869
2912000,1872
2912501,1872
2913000,1872
2913501,1871
2914000,1872
2914500,1874
2915000,1872
2915501,1872
2916000,1872
2916501,1869
2917000,1872
2917500,1872
2918000,1872
2918500,1872
2919000,1872
2919500,1870
2920000,1872
2920501,1872
2921000,1872
2921500,1873
2922000,1871
2922500,1872
2923001,1872
2923501,1872
2924000,1873
2924500,1872
2925000,1872
2925500,1872
2926000,1872
2926501,1874
2927000,1872
2927501,1872
2928000,1875
2928500,1872
2929000,1870
2929500,1872
2930001,1872
2930501,1872
2931000,1872
2931500,1872
2932000,1872
2932501,1872
2933000,1872
2933500,1872
2934000,1872
2934501,1872
2935000,1873
2935500,1872
2936000,1872
2936500,1872
2937000,1872
2937500,1872
2938000,1872
2938500,1872
2939001,1872
2939500,1871
2940000,1872
2940500,1872
2941001,1872
2941501,1871
2942000,1873
2942500,1871
2943000,1872
2943501,1872
2944000,1872
2944501,1872
2945000,1871
2945501,1872
2946000,1872
2946501,1872
2947000,1871
2947501,1870
2948000,1871
2948500,1872
2949000,1872
2949500,1872
2950001,1872
2950501,1873
2951000,1872
2951501,1872
2952000,1870
2952501,1872
2953000,1871
2953501,1872
2954000,1872
2954500,1872
2955000,1871
2955501,1872
2956000,1872
2956500,1872
2957001,1872
2957500,1873
2958000,1872
2958500,1872
2959000,1873
2959500,1872
2960000,1872
2960501,1872
2961000,1872
2961500,1872
2962000,1873
2962500,1873
2963000,1871
2963501,1872
2964000,1872
2964500,1872
2965000,1872
2965500,1872
2966000,1872
2966500,1872
2967000,1871
2967501,1872
2968000,1871
2968500,1871
2969000,1873
2969500,1872
2970001,1872
2970500,1872
2971001,1872
2971501,1873
2972000,1872
2972500,1872
2973000,1872
2973500,1872
2974000,1872
2974500,1872
2975000,1872
2975501,1872
2976000,1872
2976500,1872
2977001,1872
2977500,1872
2978000,1869
2978500,1872
2979000,1872
2979501,1872
2980000,1870
2980501,1873
2981000,1872
2981500,1872
2982001,1872
2982500,1871
2983000,1872
2983500,1872
2984000,1873
2984500,1871
2985001,1872
2985500,1872
2986000,1871
2986500,1874
2987001,1872
2987500,1872
2988000,1872
2988500,1872
2989001,1872
2989501,1872
2990000,1872
2990500,1872
2991001,1872
2991500,1872
2992000,1872
2992500,1872
2993000,1875
2993500,1872
2994001,1870
2994501,1870
2995000,1869
2995500,1872
2996000,1872
2996500,1872
2997000,1871
2997501,1872
2998000,1872
2998500,1872
2999000,1872
2999500,1873
3000001,1872
3000500,1871
3001000,1872
3001501,1872
3002000,1874
3002500,1872
3003000,1872
3003501,1869
3004000,1870
3004500,1872
3005001,1872
3005501,1871
3006000,1870
3006500,1871
3007001,1872
3007500,1872
3008001,1869
3008500,1872
3009001,1872
3009501,1872
3010000,1872
3010500,1871
3011000,1872
3011500,1871
3012000,1872
3012500,1872
3013000,1872
3013500,1872
3014000,1873
3014501,1872
3015000,1872
3015500,1874
3016000,1871
3016500,1873
3017001,1872
3017501,1872
3018000,1872
3018500,1872
3019000,1872
3019500,1871
3020000,1872
3020500,1873
3021000,1872
3021500,1872
3022001,1868
3022500,1871
3023001,1872
3023500,1872
3024000,1873
3024501,1875
3025000,1871
3025501,1873
3026000,1870
3026500,1872
3027000,1871
3027500,1872
3028001,1872
3028500,1872
3029000,1872
3029500,1872
3030000,1872
3030500,1872
3031000,1872
3031500,1872
3032001,1872
3032500,1872
3033000,1872
3033500,1872
3034000,1873
3034500,1872
3035001,1873
3035500,1872
3036000,1873
3036500,1872
3037001,1872
3037501,1872
3038000,1872
3038500,1872
3039000,1871
3039500,1873
3040001,1873
3040500,1872
3041000,1872
3041500,1872
3042000,1872
3042501,1873
3043000,1870
3043501,1872
3044000,1872
3044501,1871
3045000,1872
3045500,1872
3046000,1871
3046500,1872
3047000,1871
3047500,1872
3048001,1873
3048500,1872
3049001,1872
3049500,1872
3050001,1871
3050501,1871
3051000,1873
3051501,1872
3052000,1872
3052500,1872
3053000,1872
3053500,1870
3054000,1872
3054500,1870
3055000,1872
3055500,1872
3056001,1875
3056500,1872
3057000,1872
3057500,1872
3058000,1872
3058500,1873
3059001,1872
3059500,1873
3060000,1872
3060500,1871
3061001,1872
3061500,1871
3062001,1872
3062500,1872
3063001,1872
3063501,1872
3064000,1872
3064500,1872
3065001,1872
3065500,1872
3066000,1874
3066500,1872
3067001,1869
3067500,1871
3068001,1872
3068500,1873
3069000,1873
3069500,1872
3070000,1872
3070501,1872
3071000,1872
3071500,1871
3072000,1872
3072501,1872
3073000,1872
3073500,1872
3074000,1872
3074501,1872
3075000,1872
3075500,1872
3076001,1872
3076500,1872
3077000,1872
3077500,1873
3078000,1872
3078500,1870
3079001,1872
3079501,1871
3080000,1872
3080501,1872
3081000,1872
3081501,1872
3082000,1873
3082500,1872
3083000,1872
3083500,1872
3084000,1874
3084501,1871
3085000,1872
3085501,1872
3086000,1872
3086500,1873
3087000,1872
3087500,1872
3088001,1872
3088500,1871
3089001,1872
3089500,1871
3090000,1871
3090500,1872
3091001,1872
3091500,1872
3092000,1872
3092500,1872
3093000,1872
3093500,1875
3094000,1872
3094500,1872
3095000,1873
3095500,1872
3096001,1874
3096501,1872
3097000,1874
3097500,1872
3098001,1872
3098500,1870
3099001,1872
3099500,1872
3100000,1872
3100501,1872
3101000,1872
3101500,1872
3102001,1871
3102501,1872
3103000,1874
3103500,1872
3104001,1873
3104500,1873
3105000,1872
3105500,1872
3106001,1874
3106500,1872
3107000,1873
3107500,1871
3108001,1869
3108501,1874
3109000,1872
3109500,1872
3110000,1872
3110500,1871
3111001,1872
3111501,1872
3112000,1873
3112500,1871
3113001,1872
3113500,1872
3114001,1872
3114500,1872
3115000,1871
3115500,1872
3116001,1872
3116501,1872
3117000,1872
3117501,1872
3118000,1871
3118500,1872
3119000,1873
3119500,1870
3120000,1872
3120501,1873
3121000,1872
3121501,1872
3122000,1872
3122500,1871
3123001,1871
3123500,1872
3124000,1870
3124501,1872
3125000,1871
3125500,1872
3126000,1871
3126501,1873
3127000,1872
3127500,1871
3128000,1872
3128500,1873
3129000,1872
3129500,1872
3130000,1872
3130501,1872
3131000,1872
3131501,1870
3132000,1872
3132500,1873
3133001,1873
3133501,1872
3134000,1873
3134500,1872
3135000,1874
3135500,1870
3136001,1872
3136501,1872
3137000,1873
3137500,1872
3138000,1872
3138500,1872
3139001,1872
3139500,1872
3140001,1873
3140500,1873
3141000,1871
3141500,1873
3142000,1871
3142500,1873
3143001,1872
3143500,1872
3144000,1873
3144500,1874
3145001,1871
3145500,1872
3146000,1872
3146500,1872
3147000,1873
3147500,1869
3148000,1874
3148500,1872
3149000,1872
3149500,1872
3150000,1871
3150500,1872
3151000,1872
3151501,1873
3152000,1872
3152500,1872
3153001,1872
3153500,1872
3154000,1873
3154501,1872
3155000,1872
3155500,1872
3156001,1872
3156500,1872
3157000,1871
3157500,1872
3158000,1870
3158501,1872
3159000,1872
3159500,1872
3160000,1872
3160501,1872
3161000,1872
3161500,1872
3162001,1872
3162500,1874
3163000,1872
3163501,1872
3164000,1872
3164501,1874
3165000,1872
3165500,1872
3166001,1872
3166501,1871
3167000,1872
3167500,1872
3168001,1872
3168500,1872
3169001,1871
3169500,1872
3170000,1873
3170500,1872
3171000,1872
3171500,1872
3172000,1872
3172500,1872
3173000,1872
3173501,1872
3174000,1872
3174501,1872
3175000,1872
3175500,1872
3176001,1873
3176501,1873
3177000,1872
3177500,1872
3178001,1872
3178501,1872
3179000,1874
3179500,1873
3180001,1872
3180500,1872
3181001,1872
3181500,1871
3182001,1872
3182500,1872
3183000,1873
3183500,1874
3184000,1872
3184501,1871
3185000,1872
3185501,1872
3186000,1873
3186500,1872
3187001,1872
3187501,1873
3188000,1872
3188500,1872
3189001,1873
3189501,1872
3190000,1872
3190500,1872
3191000,1872
3191501,1873
3192000,1872
3192500,1872
3193001,1870
3193500,1872
3194000,1872
3194500,1872
3195000,1874
3195500,1873
3196000,1873
3196501,1872
3197000,1872
3197501,1874
3198000,1872
3198500,1873
3199000,1870
3199500,1873
3200000,1872
3200501,1872
3201000,1872
3201500,1872
3202001,1872
3202500,1871
3203001,1873
3203501,1872
3204000,1872
3204501,1873
3205000,1873
3205500,1872
3206001,1874
3206500,1872
3207000,1872
3207501,1872
3208000,1872
3208500,1871
3209000,1872
3209500,1872
3210000,1872
3210500,1872
3211000,1873
3211500,1872
3212001,1872
3212501,1872
3213000,1871
3213500,1872
3214000,1870
3214500,1869
3215000,1872
3215501,1874
3216000,1872
3216500,1872
3217000,1872
3217500,1872
3218001,1872
3218500,1872
3219001,1872
3219501,1872
3220000,1872
3220500,1872
3221001,1871
3221500,1872
3222000,1872
3222500,1872
3223000,1871
3223500,1871
3224000,1872
3224501,1870
3225000,1872
3225500,1872
3226000,1873
3226501,1874
3227000,1874
3227500,1872
3228000,1872
3228500,1874
3229000,1872
3229500,1872
3230001,1873
3230500,1872
3231000,1872
3231500,1871
3232001,1870
3232500,1872
3233000,1869
3233500,1872
3234001,1874
3234501,1872
3235000,1872
3235500,1871
3236001,1872
3236500,1872
3237000,1872
3237500,1871
3238000,1871
3238500,1872
3239000,1872
3239500,1872
3240000,1873
3240500,1874
3241000,1871
3241500,1872
3242001,1871
3242501,1872
3243000,1872
3243500,1872
3244001,1872
3244500,1872
3245000,1872
3245500,1872
3246001,1873
3246500,1872
3247000,1872
3247501,1872
3248000,1872
3248500,1872
3249001,1872
3249501,1872
3250000,1872
3250501,1872
3251000,1872
3251501,1873
3252000,1870
3252500,1872
3253001,1872
3253501,1872
3254000,1872
3254501,1872
3255000,1872
3255500,1872
3256001,1873
3256500,1872
3257000,1872
3257500,1873
3258000,1873
3258500,1872
3259001,1872
3259500,1872
3260000,1873
3260501,1873
3261000,1874
3261501,1871
3262000,1871
3262501,1872
3263000,1872
3263500,1872
3264001,1872
3264501,1874
3265000,1872
3265500,1872
3266001,1872
3266501,1873
3267000,1872
3267500,1872
3268001,1869
3268500,1871
3269000,1872
3269501,1872
3270000,1871
3270500,1872
3271001,1874
3271501,1872
3272000,1872
3272500,1871
3273000,1871
3273500,1871
3274000,1872
3274500,1872
3275000,1872
3275500,1872
3276000,1871
3276501,1872
3277000,1872
3277500,1871
3278001,1872
3278500,1872
3279000,1872
3279500,1873
3280001,1872
3280500,1872
3281000,1870
3281500,1873
3282000,1872
3282501,1872
3283000,1872
3283500,1872
3284001,1872
3284500,1872
3285000,1873
3285500,1873
3286000,1872
3286500,1872
3287001,1874
3287500,1870
3288001,1873
3288500,1871
3289001,1872
3289500,1872
3290000,1872
3290500,1871
3291000,1871
3291501,1871
3292000,1872
3292500,1872
3293000,1872
3293500,1869
3294001,1872
3294500,1872
3295001,1872
3295500,1872
3296001,1872
3296500,1871
3297000,1873
3297500,1872
3298001,1872
3298501,1872
3299000,1872
3299500,1872
3300000,1873
3300500,1872
3301001,1871
3301500,1871
3302000,1872
3302500,1872
3303000,1871
3303500,1871
3304001,1872
3304500,1871
3305000,1872
3305500,1870
3306000,1872
3306501,1873
3307000,1871
3307500,1872
3308000,1872
3308500,1871
3309000,1871
3309501,1872
3310000,1873
3310501,1872
3311000,1874
3311500,1872
3312000,1871
3312500,1872
3313000,1871
3313501,1871
3314000,1872
3314501,1872
3315000,1873
3315500,1872
3316000,1872
3316500,1872
3317001,1872
3317500,1872
3318000,1871
3318500,1872
3319000,1873
3319501,1872
3320000,1867
3320500,1872
3321001,1872
3321500,1872
3322001,1871
3322500,1872
3323000,1872
3323500,1872
3324000,1874
3324500,1874
3325001,1872
3325501,1873
3326000,1872
3326500,1872
3327000,1871
3327500,1872
3328001,1872
3328501,1872
3329000,1872
3329501,1873
3330000,1871
3330500,1872
3331000,1872
3331500,1875
3332001,1872
3332501,1872
3333000,1872
3333500,1872
3334000,1871
3334500,1872
3335000,1872
3335500,1871
3336000,1870
3336500,1872
3337001,1869
3337500,1872
3338000,1872
3338500,1872
3339000,1875
3339500,1872
3340000,1872
3340501,1873
3341000,1872
3341500,1871
3342000,1872
3342500,1872
3343000,1872
3343501,1872
3344000,1873
3344500,1872
3345000,1873
3345500,1872
3346000,1872
3346500,1872
3347000,1872
3347500,1873
3348000,1872
3348500,1872
3349000,1872
3349500,1872
3350000,1872
3350501,1872
3351000,1873
3351500,1872
3352000,1869
3352500,1872
3353000,1872
3353501,1872
3354000,1872
3354500,1872
3355000,1872
3355500,1872
3356000,1872
3356501,1872
3357000,1872
3357500,1872
3358001,1872
3358500,1872
3359001,1872
3359500,1872
3360001,1872
3360500,1872
3361000,1872
3361501,1872
3362000,1870
3362500,1872
3363000,1873
3363500,1872
3364001,1872
3364500,1872
3365001,1872
3365500,1872
3366001,1871
3366500,1872
3367000,1872
3367500,1872
3368000,1872
3368500,1872
3369001,1871
3369501,1872
3370000,1872
3370501,1873
3371000,1872
3371500,1872
3372000,1872
3372501,1872
3373000,1872
3373500,1873
3374000,1872
3374500,1872
3375000,1872
3375500,1872
3376000,1872
3376500,1875
3377001,1872
3377500,1872
3378001,1870
3378500,1873
3379001,1872
3379500,1871
3380001,1872
3380500,1872
3381000,1872
3381501,1873
3382000,1872
3382500,1872
3383001,1872
3383500,1871
3384001,1871
3384500,1872
3385000,1872
3385500,1871
3386000,1872
3386500,1872
3387000,1872
3387501,1872
3388000,1870
3388501,1872
3389000,1872
3389500,1872
3390000,1872
3390501,1872
3391000,1872
3391501,1871
3392000,1875
3392500,1872
3393000,1872
3393501,1872
3394000,1872
3394500,1871
3395001,1873
3395500,1872
3396001,1872
3396500,1872
3397000,1872
3397500,1874
3398000,1872
3398500,1872
3399000,1870
3399500,1872
3400000,1871
3400500,1872
3401001,1872
3401500,1872
3402000,1872
3402500,1872
3403000,1870
3403500,1871
3404000,1872
3404500,1872
3405001,1871
3405500,1872
3406001,1872
3406500,1872
3407000,1875
3407500,1872
3408001,1872
3408501,1871
3409000,1872
3409500,1872
3410000,1870
3410500,1872
3411000,1873
3411500,1872
3412000,1872
3412500,1872
3413000,1872
3413500,1872
3414000,1872
3414500,1872
3415000,1872
3415500,1872
3416000,1872
3416500,1872
3417001,1872
3417500,1872
3418001,1872
3418500,1872
3419000,1873
3419500,1871
3420000,1873
3420500,1872
3421000,1872
3421500,1871
3422000,1873
3422501,1872
3423000,1873
3423500,1872
3424000,1872
3424501,1872
3425000,1877
3425500,1872
3426000,1872
3426500,1872
3427000,1872
3427500,1870
3428001,1872
3428500,1874
3429000,1872
3429500,1872
3430001,1872
3430501,1872
3431000,1873
3431501,1872
3432000,1872
3432501,1873
3433000,1872
3433501,1872
3434000,1872
3434501,1872
3435000,1872
3435501,1872
3436000,1871
3436500,1873
3437000,1872
3437500,1873
3438000,1872
3438500,1872
3439001,1872
3439500,1872
3440000,1872
3440500,1872
3441000,1872
3441500,1873
3442000,1872
3442501,1872
3443000,1874
3443501,1871
3444000,1873
3444500,1872
3445001,1872
3445501,1872
3446000,1872
3446501,1872
3447000,1872
3447501,1872
3448000,1872
3448500,1872
3449000,1872
3449500,1872
3450000,1872
3450500,1872
3451000,1872
3451501,1871
3452000,1872
3452500,1872
3453000,1872
3453500,1872
3454001,1872
3454500,1872
3455000,1871
3455500,1872
3456000,1872
3456500,1871
3457001,1872
3457501,1872
3458000,1872
3458500,1872
3459000,1872
3459501,1872
3460000,1873
3460500,1872
3461000,1872
3461500,1871
3462001,1872
3462501,1872
3463000,1872
3463501,1872
3464000,1872
3464500,1872
3465000,1872
3465501,1873
3466000,1872
3466500,1872
3467000,1872
3467501,1872
3468000,1872
3468501,1872
3469000,1872
3469500,1872
3470000,1872
3470501,1875
3471000,1872
3471500,1872
3472001,1871
3472500,1871
3473001,1872
3473500,1873
3474000,1872
3474500,1872
3475000,1872
3475500,1872
3476000,1873
3476501,1872
3477000,1872
3477500,1872
3478000,1872
3478501,1873
3479000,1872
3479501,1872
3480000,1873
3480500,1871
3481000,1872
3481501,1872
3482000,1871
3482500,1872
3483000,1872
3483500,1873
3484000,1872
3484500,1871
3485000,1872
3485500,1872
3486001,1873
3486501,1871
3487000,1872
3487500,1873
3488001,1872
3488500,1872
3489001,1872
3489500,1872
3490001,1872
3490500,1872
3491000,1872
3491500,1872
3492001,1872
3492500,1874
3493000,1872
3493500,1872
3494000,1872
3494500,1872
3495000,1871
3495500,1872
3496000,1873
3496500,1870
3497000,1873
3497501,1872
3498000,1872
3498500,1872
3499000,1872
3499500,1869
3500000,1872
3500501,1872
3501000,1869
3501501,1870
3502000,1871
3502500,1872
3503000,1872
3503500,1872
3504001,1871
3504501,1869
3505000,1871
3505500,1872
3506001,1873
3506501,1872
3507000,1872
3507501,1873
3508000,1872
3508500,1873
3509000,1872
3509501,1871
3510000,1872
3510501,1874
3511000,1872
3511500,1873
3512000,1873
3512500,1871
3513000,1872
3513500,1873
3514000,1872
3514500,1874
3515000,1872
3515500,1872
3516000,1872
3516501,1871
3517000,1873
3517501,1872
3518000,1872
3518501,1871
3519000,1873
3519501,1873
3520000,1872
3520500,1872
3521000,1872
3521500,1873
3522001,1873
3522501,1872
3523000,1872
3523501,1872
3524000,1872
3524501,1872
3525000,1872
3525501,1871
3526000,1872
3526500,1874
3527000,1872
3527500,1872
3528000,1872
3528501,1872
3529000,1872
3529501,1872
3530000,1872
3530500,1871
3531001,1872
3531500,1872
3532001,1873
3532501,1872
3533000,1872
3533500,1872
3534001,1872
3534501,1872
3535000,1873
3535501,1872
3536000,1872
3536501,1872
3537000,1872
3537500,1872
3538001,1872
3538500,1870
3539000,1872
3539501,1872
3540000,1871
3540500,1872
3541001,1873
3541500,1872
3542000,1873
3542500,1872
3543000,1872
3543500,1872
3544001,1872
3544501,1872
3545000,1871
3545500,1872
3546001,1872
3546501,1872
3547000,1872
3547501,1871
3548000,1872
3548500,1872
3549000,1872
3549500,1873
3550000,1876
3550500,1870
3551001,1872
3551500,1873
3552001,1871
3552500,1871
3553000,1872
3553501,1872
3554000,1872
3554500,1872
3555001,1872
3555500,1872
3556001,1872
3556500,1872
3557001,1874
3557501,1872
3558000,1872
3558500,1872
3559001,1872
3559501,1872
3560000,1873
3560500,1871
3561000,1872
3561501,1871
3562000,1872
3562500,1872
3563001,1872
3563501,1872
3564000,1871
3564500,1872
3565001,1872
3565500,1872
3566001,1872
3566500,1870
3567000,1872
3567501,1872
3568000,1871
3568501,1871
3569000,1872
3569501,1871
3570000,1872
3570500,1870
3571001,1872
3571500,1872
3572000,1870
3572500,1872
3573000,1872
3573501,1872
3574000,1872
3574501,1872
3575000,1872
3575501,1872
3576000,1874
3576501,1874
3577000,1872
3577501,1872
3578000,1872
3578500,1872
3579001,1872
3579500,1872
3580000,1872
3580500,1872
3581001,1872
3581500,1870
3582000,1872
3582500,1872
3583000,1872
3583501,1872
3584000,1872
3584500,1871
3585000,1872
3585500,1872
3586001,1873
3586500,1872
3587000,1872
3587500,1872
3588000,1872
3588500,1872
3589001,1872
3589500,1872
3590000,1872
3590500,1872
3591001,1871
3591500,1871
3592000,1869
3592500,1872
3593001,1871
3593501,1872
3594000,1872
3594500,1871
3595001,1872
3595500,1872
3596001,1871
3596500,1872
3597000,1872
3597500,1872
3598000,1872
3598500,1872
3599001,1872
3599501,1872
3600000,1872
3600500,1871
3601000,1872
3601501,1872
3602000,1873
3602500,1872
3603000,1871
3603500,1872
3604001,1872
3604500,1871
3605001,1871
3605500,1872
3606000,1871
3606501,1872
3607000,1872
3607501,1872
3608000,1871
3608500,1872
3609000,1873
3609500,1872
3610001,1873
3610500,1872
3611001,1872
3611501,1872
3612000,1872
3612500,1872
3613000,1873
3613500,1871
3614001,1872
3614501,1871
3615000,1872
3615500,1872
3616001,1871
3616500,1872
3617001,1871
3617501,1872
3618000,1872
3618500,1869
3619001,1872
3619500,1872
3620000,1872
3620500,1871
3621000,1872
3621500,1873
3622001,1872
3622501,1872
3623000,1872
3623500,1872
3624000,1872
3624501,1872
3625000,1872
3625500,1872
3626000,1872
3626501,1870
3627000,1873
3627500,1873
3628001,1874
3628501,1872
3629000,1872
3629500,1871
3630000,1872
3630500,1872
3631001,1872
3631500,1872
3632001,1871
3632501,1872
3633000,1872
3633500,1872
3634001,1872
3634500,1873
3635000,1872
3635500,1872
3636000,1872
3636501,1872
3637000,1872
3637500,1872
3638000,1871
3638500,1873
3639001,1872
3639501,1872
3640000,1872
3640500,1872
3641001,1872
3641501,1871
3642000,1871
3642500,1872
3643000,1872
3643500,1872
3644001,1871
3644501,1872
3645000,1872
3645501,1872
3646000,1873
3646500,1872
3647000,1871
3647501,1872
3648000,1872
3648501,1872
3649000,1872
3649501,1871
3650000,1870
3650501,1872
3651000,1874
3651501,1872
3652000,1872
3652500,1872
3653000,1872
3653500,1872
3654000,1871
3654501,1872
3655000,1872
3655500,1872
3656001,1872
3656500,1872
3657000,1873
3657501,1871
3658000,1872
3658501,1872
3659000,1871
3659500,1870
3660000,1870
3660500,1872
3661001,1873
3661500,1872
3662001,1872
3662500,1872
3663001,1872
3663501,1872
3664000,1872
3664500,1872
3665000,1873
3665500,1873
3666000,1872
3666500,1872
3667001,1872
3667500,1872
3668001,1873
3668500,1872
3669000,1872
3669501,1871
3670000,1872
3670500,1874
3671000,1872
3671500,1872
3672001,1872
3672500,1870
3673000,1872
3673500,1872
3674000,1873
3674501,1871
3675000,1872
3675500,1871
3676000,1871
3676500,1871
3677001,1873
3677500,1872
3678001,1872
3678500,1872
3679000,1872
3679501,1872
3680000,1872
3680500,1872
3681000,1872
3681500,1872
3682001,1873
3682500,1872
3683000,1872
3683500,1872
3684000,1872
3684500,1872
3685000,1873
3685500,1872
3686000,1872
3686500,1869
3687000,1872
3687500,1872
3688001,1872
3688501,1872
3689000,1872
3689501,1871
3690000,1871
3690501,1872
3691000,1872
3691501,1870
3692000,1872
3692500,1872
3693000,1872
3693500,1872
3694001,1872
3694501,1872
3695000,1872
3695501,1871
3696000,1872
3696500,1872
3697000,1872
3697501,1872
3698000,1872
3698500,1873
3699001,1875
3699501,1872
3700000,1872
3700501,1870
3701000,1872
3701501,1871
3702000,1872
3702501,1872
3703000,1872
3703500,1875
3704001,1871
3704500,1872
3705000,1872
3705501,1872
3706000,1873
3706500,1875
3707001,1872
3707501,1872
3708000,1871
3708500,1870
3709000,1871
3709500,1872
3710000,1872
3710500,1872
3711000,1872
3711500,1872
3712001,1872
3712500,1872
3713000,1872
3713500,1872
3714000,1873
3714500,1871
3715001,1874
3715500,1872
3716001,1872
3716500,1872
3717000,1869
3717500,1871
3718001,1872
3718501,1872
3719000,1872
3719500,1872
3720000,1872
3720500,1871
3721000,1872
3721501,1872
3722000,1871
3722500,1873
3723000,1872
3723501,1872
3724000,1872
3724501,1872
3725000,1871
3725500,1872
3726001,1872
3726501,1872
3727000,1872
3727501,1871
3728000,1872
3728500,1872
3729001,1872
3729500,1874
3730000,1872
3730500,1872
3731001,1872
3731500,1872
3732000,1873
3732500,1870
3733001,1871
3733500,1871
3734000,1872
3734500,1872
3735001,1872
3735501,1872
3736000,1873
3736500,1872
3737000,1872
3737500,1872
3738001,1872
3738501,1873
3739000,1872
3739501,1873
3740000,1872
3740501,1873
3741000,1873
3741501,1873
3742000,1872
3742500,1872
3743000,1873
3743500,1872
3744000,1872
3744500,1872
3745000,1873
3745500,1872
3746000,1874
3746500,1872
3747000,1872
3747500,1872
3748001,1873
3748501,1871
3749000,1872
3749501,1873
3750000,1872
3750500,1872
3751000,1872
3751501,1872
3752000,1872
3752500,1872
3753001,1873
3753501,1873
3754000,1872
3754500,1872
3755000,1873
3755500,1872
3756000,1872
3756500,1872
3757000,1873
3757500,1873
3758001,1872
3758500,1872
3759000,1872
3759501,1872
3760000,1872
3760500,1872
3761001,1871
3761500,1872
3762000,1872
3762501,1872
3763000,1871
3763500,1872
3764000,1872
3764500,1872
3765000,1872
3765500,1872
3766000,1873
3766500,1871
3767001,1872
3767501,1872
3768000,1874
3768501,1872
3769000,1873
3769500,1872
3770001,1872
3770501,1872
3771000,1871
3771501,1873
3772000,1872
3772501,1872
3773000,1872
3773500,1872
3774000,1870
3774500,1872
3775000,1872
3775500,1871
3776000,1872
3776501,1872
3777000,1872
3777500,1872
3778001,1872
3778500,1872
3779001,1872
3779501,1872
3780000,1874
3780501,1872
3781000,1872
3781500,1872
3782000,1872
3782500,1872
3783000,1872
3783500,1871
3784000,1872
3784500,1872
3785001,1872
3785500,1869
3786001,1872
3786500,1872
3787000,1872
3787501,1872
3788000,1872
3788500,1872
3789001,1872
3789500,1872
3790000,1872
3790501,1872
3791000,1871
3791501,1872
3792000,1872
3792500,1872
3793001,1872
3793501,1872
3794000,1875
3794501,1872
3795000,1873
3795500,1872
3796000,1872
3796500,1873
3797000,1872
3797500,1870
3798000,1871
3798500,1872
3799001,1872
3799500,1875
3800000,1872
3800500,1872
3801000,1872
3801501,1874
3802000,1872
3802500,1872
3803001,1870
3803500,1872
3804000,1872
3804500,1872
3805000,1872
3805500,1871
3806001,1872
3806500,1873
3807000,1872
3807500,1872
3808000,1871
3808501,1873
3809000,1874
3809500,1872
3810000,1872
3810500,1872
3811001,1872
3811500,1872
3812000,1872
3812500,1871
3813000,1872
3813500,1872
3814001,1872
3814501,1872
3815000,1871
3815501,1872
3816000,1872
3816501,1874
3817000,1872
3817501,1872
3818000,1872
3818500,1871
3819000,1872
3819501,1872
3820000,1872
3820500,1872
3821000,1874
3821501,1872
3822000,1875
3822501,1872
3823000,1872
3823500,1872
3824000,1871
3824501,1870
3825000,1872
3825500,1872
3826000,1873
3826500,1871
3827000,1872
3827501,1872
3828000,1870
3828500,1872
3829000,1871
3829501,1872
3830000,1872
3830500,1871
3831001,1874
3831500,1872
3832001,1872
3832500,1872
3833001,1872
3833501,1872
3834000,1872
3834500,1869
3835000,1872
3835500,1872
3836000,1872
3836500,1872
3837000,1872
3837501,1872
3838000,1871
3838500,1872
3839000,1872
3839500,1872
3840000,1871
3840500,1872
3841001,1871
3841501,1872
3842000,1872
3842500,1872
3843000,1875
3843500,1872
3844001,1872
3844501,1872
3845000,1872
3845500,1873
3846000,1872
3846500,1871
3847001,1872
3847500,1871
3848001,1871
3848501,1874
3849000,1872
3849500,1872
3850001,1872
3850501,1874
3851000,1872
3851500,1872
3852000,1872
3852500,1872
3853001,1872
3853500,1873
3854000,1871
3854500,1873
3855001,1871
3855500,1872
3856000,1871
3856500,1872
3857001,1872
3857500,1871
3858000,1872
3858501,1872
3859000,1872
3859500,1873
3860001,1873
3860501,1871
3861000,1872
3861501,1872
3862000,1872
3862501,1873
3863000,1872
3863500,1873
3864001,1872
3864500,1872
3865001,1872
3865500,1872
3866000,1874
3866500,1873
3867001,1872
3867500,1872
3868000,1870
3868501,1872
3869000,1872
3869501,1873
3870000,1872
3870501,1872
3871000,1872
3871500,1872
3872001,1873
3872500,1873
3873001,1874
3873501,1871
3874000,1872
3874500,1872
3875000,1871
3875500,1871
3876000,1872
3876501,1872
3877000,1872
3877500,1872
3878000,1872
3878500,1873
3879001,1872
3879500,1873
3880001,1872
3880500,1872
3881001,1872
3881501,1873
3882000,1872
3882500,1873
3883000,1871
3883500,1872
3884001,1872
3884500,1873
3885000,1872
3885500,1872
3886001,1872
3886500,1872
3887001,1875
3887501,1872
3888000,1872
3888500,1872
3889000,1871
3889500,1872
3890001,1873
3890500,1873
3891001,1872
3891501,1872
3892000,1872
3892501,1872
3893000,1872
3893500,1872
3894000,1872
3894501,1872
3895000,1872
3895500,1872
3896000,1871
3896501,1873
3897000,1872
3897501,1872
3898000,1874
3898501,1872
3899000,1872
3899500,1870
3900001,1872
3900501,1872
3901000,1873
3901500,1872
3902000,1873
3902500,1872
3903001,1872
3903500,1872
3904001,1872
3904500,1872
3905001,1872
3905501,1872
3906000,1871
3906500,1872
3907000,1873
3907500,1872
3908001,1872
3908500,1872
3909001,1872
3909500,1872
3910000,1870
3910501,1872
3911000,1872
3911500,1872
3912001,1872
3912500,1871
3913001,1872
3913501,1872
3914000,1873
3914500,1872
3915000,1872
3915500,1872
3916001,1871
3916500,1872
3917000,1872
3917501,1872
3918000,1870
3918500,1870
3919000,1872
3919501,1872
3920000,1872
3920500,1871
3921001,1872
3921501,1873
3922000,1873
3922501,1872
3923000,1871
3923500,1872
3924000,1872
3924501,1873
3925000,1872
3925500,1872
3926000,1872
3926500,1872
3927000,1873
3927501,1872
3928000,1872
3928500,1872
3929000,1871
3929501,1872
3930000,1873
3930500,1872
3931000,1871
3931500,1872
3932000,1872
3932500,1872
3933000,1872
3933501,1872
3934000,1871
3934500,1872
3935000,1872
3935501,1871
3936000,1872
3936500,1873
3937000,1872
3937500,1872
3938000,1872
3938501,1872
3939000,1871
3939501,1872
3940000,1872
3940501,1875
3941000,1872
3941500,1872
3942000,1872
3942500,1872
3943001,1870
3943500,1872
3944000,1872
3944500,1873
3945001,1873
3945500,1872
3946001,1872
3946500,1871
3947001,1872
3947500,1872
3948001,1873
3948500,1872
3949000,1872
3949501,1872
3950000,1872
3950500,1872
3951000,1871
3951501,1871
3952000,1872
3952501,1872
3953000,1872
3953500,1872
3954001,1872
3954501,1871
3955000,1872
3955500,1873
3956000,1876
3956500,1872
3957000,1872
3957500,1872
3958000,1872
3958500,1872
3959001,1872
3959500,1872
3960001,1873
3960500,1872
3961001,1872
3961500,1873
3962001,1872
3962501,1873
3963000,1873
3963501,1872
3964000,1874
3964500,1873
3965000,1872
3965500,1872
3966000,1872
3966500,1872
3967000,1872
3967500,1872
3968000,1872
3968501,1874
3969000,1873
3969501,1872
3970000,1872
3970501,1873
3971000,1870
3971501,1872
3972000,1872
3972501,1873
3973000,1872
3973500,1872
3974000,1870
3974500,1869
3975001,1872
3975500,1873
3976001,1870
3976501,1872
3977000,1872
3977500,1872
3978000,1872
3978500,1870
3979000,1872
3979501,1872
3980000,1872
3980501,1872
3981000,1872
3981500,1871
3982000,1874
3982500,1872
3983000,1872
3983501,1872
3984000,1872
3984501,1872
3985000,1872
3985501,1872
3986000,1872
3986500,1872
3987000,1871
3987500,1872
3988000,1872
3988500,1872
3989001,1872
3989500,1872
3990000,1872
3990500,1872
3991000,1872
3991500,1872
3992000,1872
3992500,1872
3993001,1872
3993500,1872
3994001,1872
3994501,1872
3995000,1871
3995501,1872
3996000,1872
3996501,1872
3997000,1872
3997501,1872
3998000,1871
3998500,1874
3999001,1872
3999500,1873
4000000,1871
4000501,1872
4001000,1872
4001501,1872
4002000,1872
4002500,1874
4003001,1871
4003501,1872
4004000,1872
4004500,1872
4005000,1872
4005500,1872
4006001,1871
4006501,1872
4007000,1872
4007500,1872
4008000,1872
4008500,1875
4009001,1872
4009500,1872
4010001,1872
4010500,1872
4011001,1871
4011501,1872
4012000,1872
4012500,1871
4013001,1871
4013501,1872
4014000,1870
4014501,1872
4015000,1872
4015500,1872
4016000,1872
4016500,1872
4017000,1872
4017500,1872
4018000,1872
4018500,1873
4019001,1871
4019500,1874
4020000,1873
4020500,1872
4021001,1872
4021500,1872
4022000,1872
4022500,1872
4023000,1871
4023500,1872
4024001,1872
4024500,1871
4025000,1872
4025500,1870
4026000,1872
4026500,1872
4027000,1872
4027501,1872
4028000,1872
4028500,1872
4029001,1871
4029501,1872
4030000,1872
4030501,1872
4031000,1872
4031501,1872
4032000,1872
4032500,1872
4033001,1873
4033500,1872
4034001,1872
4034500,1871
4035000,1872
4035500,1872
4036000,1872
4036500,1872
4037001,1872
4037501,1872
4038000,1872
4038500,1873
4039000,1873
4039500,1872
4040000,1872
4040500,1874
4041001,1872
4041500,1872
4042000,1872
4042500,1872
4043000,1872
4043500,1873
4044000,1871
4044501,1871
4045000,1873
4045500,1872
4046000,1872
4046500,1874
4047000,1872
4047501,1874
4048000,1872
4048501,1871
4049000,1872
4049500,1871
4050000,1872
4050500,1873
4051000,1873
4051500,1873
4052001,1873
4052500,1872
4053001,1872
4053501,1872
4054000,1872
4054501,1873
4055000,1873
4055501,1872
4056000,1872
4056501,1872
4057000,1872
4057501,1872
4058000,1872
4058500,1873
4059001,1872
4059501,1872
4060000,1872
4060500,1871
4061001,1874
4061501,1871
4062000,1872
4062500,1872
4063000,1874
4063500,1872
4064000,1872
4064501,1872
4065000,1872
4065500,1872
4066000,1873
4066500,1872
4067001,1872
4067501,1871
4068000,1872
4068500,1872
4069000,1872
4069500,1872
4070000,1872
4070500,1873
4071001,1872
4071501,1872
4072000,1874
4072500,1872
4073001,1872
4073500,1872
4074001,1872
4074500,1872
4075001,1872
4075501,1872
4076000,1872
4076500,1874
4077001,1872
4077500,1872
4078001,1872
4078500,1872
4079001,1872
4079500,1873
4080001,1874
4080501,1872
4081000,1872
4081500,1872
4082001,1876
4082501,1872
4083000,1872
4083501,1872
4084000,1872
4084500,1872
4085000,1871
4085500,1871
4086000,1872
4086501,1872
4087000,1872
4087500,1873
4088001,1872
4088500,1872
4089001,1871
4089501,1872
4090000,1872
4090500,1872
4091000,1872
4091501,1872
4092000,1876
4092500,1871
4093001,1870
4093500,1872
4094001,1873
4094500,1872
4095000,1872
4095500,1872
4096001,1871
4096500,1872
4097001,1873
4097500,1872
4098001,1872
4098500,1872
4099000,1872
4099501,1874
4100000,1873
4100500,1872
4101001,1874
4101500,1872
4102000,1872
4102500,1872
4103001,1872
4103500,1872
4104001,1872
4104500,1873
4105001,1872
4105501,1872
4106000,1872
4106500,1872
4107000,1872
4107500,1873
4108000,1875
4108501,1873
4109000,1872
4109500,1873
4110000,1872
4110500,1873
4111000,1872
4111501,1872
4112000,1871
4112500,1872
4113000,1872
4113500,1872
4114001,1871
4114500,1872
4115000,1870
4115500,1869
4116000,1872
4116500,1872
4117000,1872
4117500,1872
4118001,1873
4118501,1872
4119000,1872
4119500,1870
4120001,1872
4120500,1870
4121001,1872
4121500,1873
4122001,1871
4122501,1872
4123000,1872
4123500,1872
4124001,1872
4124500,1870
4125000,1872
4125500,1872
4126001,1871
4126500,1871
4127001,1872
4127501,1872
4128000,1871
4128500,1872
4129000,1872
4129500,1872
4130000,1872
4130500,1872
4131000,1872
4131500,1871
4132001,1872
4132501,1872
4133000,1873
4133501,1873
4134000,1872
4134501,1873
4135000,1872
4135500,1873
4136000,1872
4136500,1872
4137000,1872
4137500,1872
4138001,1872
4138500,1872
4139001,1873
4139500,1873
4140001,1875
4140500,1873
4141000,1872
4141500,1871
4142000,1872
4142500,1871
4143001,1872
4143501,1872
4144000,1872
4144500,1872
4145000,1872
4145501,1872
4146000,1872
4146500,1872
4147000,1872
4147500,1872
4148000,1873
4148501,1872
4149000,1872
4149501,1871
4150000,1872
4150500,1872
4151001,1872
4151500,1872
4152000,1871
4152500,1872
4153001,1872
4153501,1873
4154000,1872
4154501,1872
4155000,1872
4155500,1872
4156000,1872
4156501,1870
4157000,1869
4157500,1871
4158001,1873
4158500,1872
4159000,1872
4159500,1871
4160001,1871
4160501,1871
4161000,1872
4161501,1872
4162000,1874
4162500,1872
4163001,1872
4163501,1872
4164000,1872
4164501,1872
4165000,1872
4165500,1871
4166000,1872
4166500,1872
4167000,1871
4167501,1871
4168000,1872
4168500,1870
4169000,1873
4169500,1872
4170001,1872
4170501,1872
4171000,1872
4171500,1872
4172000,1873
4172500,1872
4173001,1872
4173500,1871
4174000,1872
4174501,1872
4175000,1871
4175500,1872
4176000,1872
4176500,1871
4177001,1872
4177501,1872
4178000,1873
4178501,1872
4179000,1872
4179500,1871
4180000,1872
4180501,1872
4181000,1872
4181500,1872
4182000,1872
4182500,1871
4183001,1871
4183500,1873
4184000,1872
4184500,1872
4185000,1872
4185500,1872
4186000,1872
4186501,1873
4187000,1872
4187500,1873
4188000,1872
4188501,1872
4189000,1872
4189500,1872
4190001,1872
4190500,1872
4191001,1872
4191500,1872
4192000,1872
4192500,1872
4193000,1872
4193500,1873
4194000,1871
4194501,1873
4195000,1871
4195500,1873
4196001,1872
4196501,1871
4197000,1872
4197500,1869
4198001,1873
4198500,1872
4199000,1872
4199500,1872
4200000,1872
4200500,1875
4201000,1872
4201500,1872
4202000,1872
4202500,1872
4203000,1872
4203500,1872
4204000,1873
4204500,1872
4205000,1872
4205500,1872
4206000,1872
4206500,1872
4207000,1870
4207501,1870
4208000,1872
4208501,1873
4209000,1871
4209500,1872
4210001,1871
4210500,1872
4211001,1871
4211500,1872
4212000,1870
4212501,1870
4213000,1873
4213501,1869
4214000,1872
4214501,1872
4215000,1872
4215500,1872
4216000,1869
4216500,1872
4217000,1872
4217500,1873
4218001,1872
4218500,1872
4219000,1871
4219501,1872
4220000,1872
4220500,1872
4221001,1871
4221501,1872
4222000,1872
4222500,1872
4223000,1873
4223501,1872
4224000,1871
4224500,1872
4225001,1873
4225500,1872
4226001,1872
4226500,1872
4227001,1869
4227501,1871
4228000,1871
4228500,1872
4229000,1872
4229501,1872
4230000,1875
4230500,1870
4231001,1872
4231500,1872
4232000,1872
4232500,1872
4233001,1872
4233500,1871
4234000,1871
4234501,1871
4235000,1872
4235501,1871
4236000,1872
4236501,1872
4237000,1872
4237501,1872
4238000,1872
4238500,1872
4239000,1872
4239500,1872
4240001,1872
4240500,1872
4241000,1871
4241500,1874
4242001,1872
4242500,1871
4243000,1872
4243500,1872
4244001,1872
4244500,1873
4245000,1871
4245500,1872
4246001,1872
4246501,1872
4247000,1872
4247500,1871
4248000,1872
4248500,1873
4249000,1872
4249500,1873
4250000,1872
4250501,1872
4251000,1872
4251500,1872
4252000,1871
4252500,1872
4253001,1872
4253501,1872
4254000,1872
4254501,1870
4255000,1873
4255500,1872
4256001,1872
4256500,1872
4257001,1871
4257501,1872
4258000,1872
4258500,1872
4259000,1872
4259500,1872
4260001,1872
4260501,1872
4261000,1875
4261500,1872
4262000,1872
4262501,1872
4263000,1873
4263500,1872
4264001,1872
4264500,1873
4265000,1872
4265500,1874
4266001,1872
4266500,1872
4267001,1872
4267500,1873
4268000,1872
4268500,1872
4269001,1872
4269501,1869
4270000,1872
4270500,1872
4271001,1872
4271501,1871
4272000,1871
4272501,1872
4273000,1871
4273501,1872
4274000,1872
4274500,1872
4275000,1871
4275500,1872
4276000,1872
4276501,1872
4277000,1872
4277500,1872
4278000,1873
4278500,1872
4279001,1872
4279500,1871
4280000,1870
4280500,1872
4281000,1871
4281500,1873
4282000,1872
4282500,1871
4283000,1874
4283500,1872
4284000,1872
4284500,1871
4285000,1872
4285500,1872
4286000,1873
4286500,1872
4287001,1874
4287501,1872
4288000,1872
4288501,1872
4289000,1873
4289501,1872
4290000,1873
4290501,1872
4291000,1872
4291500,1871
4292000,1872
4292500,1872
4293000,1872
4293501,1872
4294000,1874
4294500,1870
4295001,1872
4295501,1872
4296000,1873
4296500,1872
4297000,1872
4297500,1873
4298000,1874
4298500,1874
4299000,1872
4299500,1872
4300000,1872
4300500,1873
4301001,1872
4301500,1872
4302001,1872
4302501,1872
4303000,1873
4303500,1872
4304000,1871
4304500,1871
4305000,1872
4305501,1871
4306000,1873
4306500,1872
4307001,1873
4307500,1873
4308000,1873
4308500,1872
4309001,1872
4309501,1872
4310000,1873
4310501,1871
4311000,1872
4311500,1873
4312001,1872
4312500,1872
4313001,1873
4313500,1872
4314000,1872
4314500,1872
4315000,1872
4315500,1872
4316001,1872
4316501,1872
4317000,1871
4317501,1872
4318000,1872
4318500,1872
4319001,1872
4319500,1872
4320001,1872
4320500,1875
4321001,1872
4321500,1872
4322000,1873
4322500,1872
4323000,1872
4323501,1872
4324000,1872
4324500,1872
4325001,1871
4325501,1872
4326000,1872
4326500,1873
4327000,1872
4327500,1873
4328000,1872
4328500,1872
4329001,1873
4329500,1872
4330000,1872
4330500,1872
4331001,1872
4331500,1872
4332000,1873
4332500,1872
4333001,1872
4333500,1872
4334000,1872
4334500,1872
4335001,1871
4335500,1872
4336001,1872
4336501,1872
4337000,1872
4337500,1872
4338001,1872
4338500,1872
4339001,1872
4339501,1872
4340000,1872
4340500,1872
4341000,1871
4341500,1872
4342000,1872
4342500,1872
4343000,1872
4343500,1873
4344000,1872
4344501,1873
4345000,1872
4345500,1872
4346000,1873
4346500,1872
4347000,1873
4347500,1872
4348000,1873
4348500,1872
4349000,1872
4349500,1873
4350001,1872
4350500,1873
4351001,1872
4351501,1872
4352000,1872
4352501,1872
4353000,1872
4353500,1871
4354000,1872
4354500,1872
4355001,1872
4355500,1871
4356000,1871
4356500,1872
4357000,1870
4357500,1872
4358001,1872
4358501,1872
4359000,1872
4359501,1872
4360000,1873
4360500,1872
4361001,1872
4361500,1871
4362000,1872
4362501,1872
4363000,1872
4363500,1873
4364001,1873
4364500,1872
4365001,1871
4365501,1872
4366000,1872
4366500,1872
4367001,1872
4367500,1872
4368001,1873
4368500,1872
4369000,1872
4369500,1872
4370000,1871
4370501,1872
4371000,1873
4371500,1872
4372000,1872
4372500,1872
4373001,1872
4373500,1872
4374000,1872
4374500,1872
4375001,1872
4375500,1873
4376000,1874
4376500,1872
4377000,1872
4377500,1872
4378001,1871
4378500,1872
4379001,1872
4379501,1872
4380000,1872
4380500,1871
4381001,1870
4381500,1872
4382001,1872
4382500,1872
4383001,1872
4383501,1872
4384000,1869
4384500,1872
4385001,1872
4385500,1872
4386001,1873
4386500,1872
4387001,1872
4387501,1872
4388000,1872
4388500,1872
4389001,1872
4389500,1872
4390001,1872
4390500,1872
4391000,1872
4391500,1872
4392001,1874
4392500,1872
4393000,1873
4393500,1872
4394000,1873
4394500,1872
4395000,1872
4395500,1872
4396000,1872
4396501,1872
4397000,1873
4397501,1871
4398000,1873
4398500,1872
4399000,1871
4399501,1872
4400000,1872
4400500,1872
4401000,1872
4401500,1872
4402001,1872
4402501,1872
4403000,1871
4403500,1872
4404000,1873
4404501,1872
4405000,1871
4405500,1872
4406000,1870
4406501,1872
4407000,1872
4407500,1871
4408000,1872
4408500,1871
4409000,1872
4409500,1872
4410001,1872
4410501,1872
4411000,1872
4411500,1872
4412000,1871
4412501,1871
4413000,1872
4413500,1871
4414000,1872
4414500,1872
4415001,1872
4415500,1872
4416001,1872
4416500,1872
4417001,1872
4417501,1870
4418000,1872
4418500,1872
4419000,1873
4419500,1872
4420001,1873
4420500,1872
4421000,1872
4421500,1873
4422001,1872
4422501,1873
4423000,1872
4423501,1872
4424000,1872
4424500,1872
4425001,1872
4425500,1872
4426000,1872
4426501,1873
4427000,1871
4427501,1872
4428000,1870
4428500,1871
4429000,1872
4429500,1872
4430000,1872
4430500,1871
4431000,1871
4431500,1873
4432000,1873
4432500,1872
4433000,1872
4433500,1872
4434001,1872
4434500,1872
4435000,1872
4435500,1873
4436000,1873
4436500,1872
4437000,1872
4437500,1875
4438000,1871
4438501,1873
4439000,1872
4439500,1872
4440001,1872
4440500,1872
4441001,1873
4441500,1872
4442000,1872
4442500,1872
4443000,1872
4443500,1872
4444000,1872
4444500,1872
4445000,1872
4445500,1872
4446000,1871
4446500,1872
4447001,1872
4447500,1872
4448000,1872
4448500,1872
4449001,1872
4449500,1872
4450001,1871
4450500,1875
4451000,1872
4451501,1872
4452000,1872
4452501,1872
4453000,1871
4453501,1872
4454000,1873
4454500,1872
4455000,1872
4455500,1872
4456000,1870
4456500,1872
4457000,1872
4457500,1872
4458001,1873
4458500,1872
4459001,1872
4459500,1872
4460001,1872
4460500,1873
4461001,1873
4461501,1872
4462000,1873
4462500,1875
4463001,1872
4463500,1872
4464000,1872
4464500,1870
4465001,1873
4465500,1872
4466001,1872
4466500,1872
4467000,1872
4467500,1874
4468000,1874
4468500,1872
4469000,1872
4469500,1872
4470000,1871
4470500,1871
4471000,1871
4471500,1871
4472000,1872
4472500,1872
4473001,1871
4473500,1871
4474000,1873
4474500,1872
4475000,1872
4475500,1872
4476000,1872
4476501,1872
4477000,1871
4477500,1874
4478000,1872
4478500,1872
4479000,1872
4479500,1873
4480000,1872
4480501,1870
4481000,1873
4481500,1872
4482000,1872
4482500,1872
4483000,1872
4483500,1872
4484000,1871
4484500,1871
4485000,1871
4485500,1872
4486000,1871
4486501,1872
4487000,1871
4487500,1872
4488000,1872
4488501,1872
4489000,1872
4489501,1873
4490000,1872
4490500,1872
4491001,1872
4491501,1872
4492000,1872
4492500,1870
4493000,1872
4493500,1872
4494000,1872
4494501,1872
4495000,1872
4495500,1871
4496000,1872
4496500,1872
4497001,1872
4497500,1872
4498000,1873
4498500,1872
4499001,1871
4499500,1872
4500001,1872
4500500,1872
4501000,1872
4501500,1872
4502000,1871
4502500,1872
4503000,1872
4503501,1872
4504000,1873
4504500,1871
4505001,1872
4505500,1872
4506001,1873
4506500,1872
4507001,1871
4507501,1872
4508000,1871
4508500,1872
4509000,1870
4509500,1872
4510000,1872
4510501,1872
4511000,1872
4511500,1872
4512000,1871
4512501,1872
4513000,1872
4513500,1873
4514000,1871
4514500,1873
4515000,1871
4515500,1872
4516000,1872
4516500,1872
4517000,1871
4517500,1872
4518000,1872
4518500,1871
4519000,1871
4519501,1872
4520000,1872
4520500,1872
4521001,1872
4521500,1872
4522000,1872
4522500,1872
4523001,1873
4523500,1871
4524000,1871
4524500,1872
4525001,1872
4525500,1872
4526001,1872
4526501,1872
4527000,1874
4527500,1872
4528000,1869
4528500,1872
4529001,1872
4529501,1872
4530000,1871
4530500,1872
4531000,1871
4531500,1872
4532001,1872
4532500,1874
4533001,1872
4533500,1872
4534000,1870
4534500,1872
4535000,1872
4535500,1872
4536000,1872
4536500,1872
4537000,1872
4537501,1872
4538000,1874
4538500,1874
4539000,1872
4539500,1873
4540000,1871
4540500,1872
4541000,1872
4541501,1872
4542000,1873
4542500,1871
4543000,1872
4543501,1872
4544000,1873
4544500,1872
4545000,1872
4545500,1872
4546000,1872
4546501,1872
4547000,1872
4547501,1872
4548000,1873
4548500,1871
4549000,1874
4549500,1872
4550001,1872
4550501,1873
4551000,1872
4551500,1872
4552001,1872
4552501,1872
4553000,1873
4553501,1872
4554000,1875
4554501,1872
4555000,1872
4555500,1872
4556000,1872
4556500,1873
4557000,1872
4557500,1872
4558000,1872
4558500,1873
4559001,1871
4559501,1872
4560000,1872
4560500,1871
4561000,1872
4561500,1872
4562000,1872
4562501,1872
4563000,1872
4563500,1873
4564000,1872
4564500,1872
4565000,1872
4565501,1872
4566000,1872
4566500,1871
4567000,1872
4567501,1872
4568000,1872
4568500,1872
4569000,1872
4569501,1872
4570000,1872
4570501,1872
4571000,1872
4571500,1872
4572001,1872
4572501,1871
4573000,1872
4573501,1872
4574000,1872
4574500,1872
4575000,1873
4575500,1872
4576001,1873
4576501,1872
4577000,1872
4577500,1872
4578001,1872
4578501,1871
4579000,1873
4579500,1872
4580000,1872
4580500,1872
4581000,1872
4581500,1873
4582000,1873
4582500,1872
4583001,1872
4583500,1872
4584000,1875
4584500,1872
4585000,1872
4585500,1870
4586000,1871
4586500,1872
4587000,1871
4587500,1872
4588000,1871
4588501,1872
4589000,1872
4589500,1872
4590001,1872
4590501,1872
4591000,1872
4591500,1871
4592000,1872
4592501,1872
4593000,1872
4593500,1872
4594001,1872
4594500,1872
4595001,1872
4595500,1872
4596000,1872
4596500,1872
4597001,1872
4597500,1873
4598000,1872
4598500,1872
4599000,1874
4599500,1872
4600000,1873
4600500,1872
4601001,1872
4601500,1872
4602000,1871
4602500,1873
4603001,1872
4603500,1873
4604000,1872
4604500,1872
4605000,1872
4605500,1871
4606000,1874
4606500,1874
4607001,1872
4607500,1872
4608000,1871
4608501,1872
4609000,1874
4609500,1872
4610000,1872
4610501,1872
4611000,1872
4611500,1872
4612000,1872
4612500,1872
4613000,1871
4613500,1872
4614001,1872
4614501,1872
4615000,1872
4615500,1872
4616000,1872
4616501,1872
4617000,1872
4617501,1872
4618000,1872
4618500,1870
4619000,1872
4619501,1873
4620000,1872
4620501,1871
4621000,1871
4621500,1871
4622001,1873
4622501,1871
4623000,1873
4623500,1872
4624000,1872
4624501,1871
4625000,1872
4625500,1871
4626001,1871
4626500,1871
4627001,1872
4627500,1872
4628000,1872
4628500,1872
4629000,1871
4629500,1872
4630000,1872
4630501,1872
4631000,1872
4631500,1873
4632000,1872
4632501,1872
4633000,1872
4633501,1873
4634000,1872
4634500,1875
4635001,1871
4635501,1872
4636000,1873
4636500,1872
4637000,1872
4637500,1870
4638001,1871
4638501,1873
4639000,1872
4639500,1873
4640000,1872
4640501,1872
4641000,1872
4641501,1873
4642000,1872
4642500,1871
4643000,1872
4643500,1872
4644000,1872
4644501,1872
4645000,1872
4645500,1872
4646000,1872
4646501,1873
4647000,1872
4647500,1872
4648001,1872
4648500,1872
4649000,1872
4649500,1872
4650000,1872
4650501,1872
4651000,1872
4651500,1872
4652001,1870
4652500,1872
4653000,1872
4653500,1869
4654000,1872
4654501,1873
4655000,1872
4655500,1870
4656000,1872
4656500,1872
4657001,1872
4657500,1872
4658000,1872
4658500,1872
4659001,1871
4659501,1874
4660000,1874
4660501,1872
4661000,1872
4661501,1871
4662000,1872
4662500,1870
4663000,1872
4663500,1872
4664000,1871
4664501,1872
4665000,1870
4665501,1870
4666000,1872
4666501,1872
4667000,1871
4667500,1872
4668000,1873
4668500,1873
4669000,1872
4669500,1872
4670001,1873
4670500,1872
4671000,1872
4671500,1872
4672000,1874
4672500,1872
4673000,1872
4673500,1872
4674001,1872
4674500,1870
4675000,1872
4675501,1872
4676000,1873
4676501,1872
4677000,1872
4677500,1872
4678001,1874
4678500,1872
4679000,1872
4679500,1876
4680000,1871
4680500,1871
4681001,1871
4681500,1871
4682000,1872
4682500,1872
4683001,1871
4683500,1872
4684001,1872
4684501,1872
4685000,1872
4685500,1872
4686001,1872
4686500,1873
4687001,1872
4687500,1872
4688000,1872
4688500,1872
4689001,1871
4689501,1872
4690000,1872
4690500,1873
4691000,1869
4691500,1872
4692000,1873
4692500,1871
4693000,1871
4693500,1872
4694000,1872
4694501,1872
4695000,1871
4695501,1875
4696000,1872
4696501,1871
4697000,1872
4697500,1872
4698001,1872
4698500,1872
4699001,1872
4699500,1872
4700000,1871
4700501,1871
4701000,1872
4701501,1872
4702000,1872
4702501,1872
4703000,1872
4703501,1871
4704000,1872
4704500,1872
4705001,1871
4705500,1872
4706000,1872
4706500,1873
4707000,1872
4707501,1871
4708000,1872
4708501,1871
4709000,1872
4709500,1872
4710000,1871
4710500,1872
4711001,1871
4711500,1872
4712001,1872
4712500,1871
4713000,1873
4713500,1872
4714000,1873
4714500,1872
4715001,1872
4715501,1872
4716000,1872
4716500,1872
4717000,1873
4717500,1872
4718000,1872
4718500,1871
4719000,1871
4719500,1871
4720000,1872
4720500,1872
4721001,1872
4721500,1872
4722000,1872
4722501,1872
4723000,1872
4723501,1872
4724000,1872
4724501,1872
4725000,1872
4725501,1871
4726000,1872
4726500,1871
4727000,1872
4727500,1872
4728000,1872
4728500,1872
4729000,1870
4729500,1872
4730000,1872
4730500,1872
4731000,1872
4731500,1872
4732000,1872
4732500,1873
4733000,1872
4733500,1872
4734001,1873
4734500,1872
4735000,1874
4735500,1872
4736000,1872
4736500,1873
4737001,1872
4737500,1872
4738001,1871
4738500,1875
4739000,1871
4739501,1871
4740000,1872
4740501,1872
4741000,1871
4741501,1872
4742000,1872
4742500,1872
4743001,1873
4743500,1872
4744001,1872
4744500,1872
4745000,1872
4745500,1871
4746000,1872
4746501,1872
4747000,1872
4747501,1874
4748000,1872
4748500,1873
4749001,1872
4749500,1872
4750000,1872
4750500,1872
4751000,1873
4751500,1873
4752001,1872
4752500,1872
4753001,1872
4753501,1872
4754000,1872
4754500,1872
4755000,1871
4755500,1872
4756000,1872
4756500,1872
4757000,1872
4757500,1871
4758001,1872
4758501,1872
4759000,1872
4759501,1872
4760000,1875
4760500,1871
4761000,1873
4761500,1872
4762000,1872
4762500,1874
4763001,1871
4763501,1872
4764000,1872
4764501,1872
4765000,1872
4765501,1871
4766000,1872
4766500,1873
4767001,1871
4767501,1874
4768000,1873
4768501,1873
4769000,1872
4769500,1872
4770001,1872
4770501,1872
4771000,1872
4771500,1872
4772000,1874
4772501,1872
4773000,1871
4773501,1871
4774000,1874
4774501,1872
4775000,1872
4775500,1872
4776000,1871
4776500,1872
4777000,1872
4777500,1872
4778000,1872
4778501,1872
4779000,1872
4779500,1872
4780001,1873
4780500,1872
4781001,1872
4781500,1869
4782000,1873
4782500,1872
4783000,1872
4783500,1872
4784000,1870
4784500,1870
4785000,1871
4785501,1872
4786000,1871
4786500,1872
4787000,1872
4787500,1872
4788000,1872
4788500,1871
4789000,1872
4789500,1872
4790001,1871
4790500,1872
4791000,1872
4791500,1872
4792001,1872
4792500,1872
4793001,1872
4793501,1872
4794000,1872
4794501,1874
4795000,1872
4795501,1872
4796000,1872
4796500,1872
4797001,1869
4797501,1873
4798000,1872
4798500,1872
4799000,1872
4799501,1873
4800000,1872
4800501,1872
4801000,1874
4801500,1872
4802000,1873
4802500,1871
4803001,1870
4803501,1871
4804000,1873
4804500,1872
4805000,1871
4805500,1873
4806001,1872
4806500,1874
4807000,1872
4807500,1874
4808000,1874
4808500,1872
4809001,1871
4809501,1872
4810000,1871
4810500,1872
4811000,1874
4811500,1872
4812001,1872
4812500,1872
4813000,1872
4813500,1872
4814000,1874
4814500,1871
4815000,1871
4815500,1872
4816000,1872
4816500,1871
4817001,1872
4817501,1872
4818000,1872
4818501,1871
4819000,1872
4819500,1871
4820000,1870
4820500,1872
4821000,1872
4821500,1872
4822000,1872
4822500,1872
4823001,1872
4823501,1872
4824000,1875
4824501,1872
4825000,1871
4825501,1872
4826000,1872
4826501,1872
4827000,1872
4827501,1872
4828000,1872
4828500,1872
4829001,1872
4829500,1873
4830001,1871
4830500,1871
4831000,1872
4831501,1873
4832000,1872
4832500,1872
4833001,1872
4833501,1872
4834000,1872
4834501,1873
4835000,1870
4835500,1872
4836000,1872
4836500,1871
4837000,1873
4837501,1871
4838000,1872
4838500,1872
4839000,1874
4839501,1872
4840000,1872
4840500,1872
4841000,1872
4841500,1872
4842000,1872
4842500,1872
4843001,1872
4843500,1871
4844001,1872
4844501,1871
4845000,1870
4845500,1872
4846000,1875
4846500,1872
4847000,1872
4847500,1872
4848000,1870
4848500,1871
4849000,1872
4849500,1872
4850000,1872
4850500,1872
4851000,1872
4851500,1872
4852000,1873
4852500,1872
4853000,1872
4853500,1872
4854001,1872
4854501,1872
4855000,1874
4855500,1873
4856000,1871
4856500,1872
4857001,1872
4857500,1872
4858000,1872
4858501,1872
4859000,1872
4859501,1872
4860000,1871
4860500,1872
4861001,1872
4861501,1872
4862000,1872
4862501,1872
4863000,1872
4863501,1872
4864000,1872
4864500,1872
4865001,1872
4865501,1870
4866000,1869
4866500,1872
4867000,1872
4867500,1872
4868000,1872
4868501,1872
4869000,1872
4869500,1872
4870001,1871
4870500,1872
4871001,1871
4871500,1875
4872000,1873
4872500,1872
4873000,1872
4873500,1871
4874000,1872
4874501,1874
4875000,1872
4875501,1872
4876000,1871
4876501,1874
4877000,1872
4877501,1871
4878000,1873
4878500,1872
4879000,1872
4879500,1872
4880000,1871
4880500,1872
4881001,1872
4881501,1872
4882000,1872
4882500,1872
4883001,1869
4883501,1872
4884000,1872
4884501,1872
4885000,1872
4885500,1872
4886000,1872
4886501,1871
4887000,1871
4887500,1873
4888000,1871
4888500,1871
4889000,1872
4889500,1872
4890001,1872
4890500,1872
4891001,1872
4891500,1871
4892000,1872
4892501,1872
4893000,1873
4893500,1873
4894001,1872
4894500,1871
4895001,1872
4895500,1871
4896000,1872
4896500,1871
4897000,1871
4897501,1872
4898000,1871
4898500,1871
4899000,1872
4899501,1872
4900000,1869
4900501,1872
4901000,1872
4901501,1872
4902000,1872
4902501,1872
4903000,1871
4903500,1872
4904000,1872
4904500,1872
4905000,1872
4905500,1872
4906001,1872
4906501,1872
4907000,1872
4907500,1870
4908001,1872
4908501,1872
4909000,1872
4909500,1872
4910000,1872
4910500,1872
4911001,1872
4911501,1872
4912000,1871
4912500,1872
4913000,1872
4913500,1872
4914001,1872
4914500,1872
4915000,1872
4915500,1870
4916001,1872
4916500,1873
4917000,1873
4917500,1872
4918000,1872
4918500,1872
4919000,1872
4919501,1872
4920000,1872
4920500,1872
4921000,1872
4921500,1872
4922000,1872
4922500,1872
4923000,1869
4923500,1872
4924000,1870
4924500,1872
4925000,1872
4925500,1872
4926001,1872
4926500,1871
4927000,1871
4927501,1872
4928000,1871
4928500,1872
4929001,1872
4929500,1871
4930000,1872
4930500,1872
4931000,1873
4931500,1872
4932001,1872
4932500,1872
4933000,1872
4933500,1872
4934000,1872
4934500,1872
4935000,1872
4935500,1874
4936001,1871
4936500,1872
4937000,1872
4937501,1872
4938000,1875
4938500,1872
4939000,1872
4939500,1873
4940000,1874
4940500,1872
4941000,1872
4941501,1871
4942000,1872
4942500,1872
4943000,1871
4943500,1872
4944000,1873
4944500,1871
4945001,1872
4945500,1873
4946001,1872
4946501,1872
4947000,1872
4947501,1872
4948000,1872
4948500,1872
4949000,1872
4949500,1873
4950001,1872
4950500,1872
4951000,1872
4951501,1872
4952000,1872
4952500,1872
4953001,1872
4953500,1872
4954001,1874
4954500,1872
4955000,1872
4955500,1873
4956001,1872
4956500,1872
4957000,1872
4957500,1873
4958000,1872
4958501,1872
4959000,1872
4959500,1872
4960000,1872
4960500,1872
4961000,1873
4961500,1872
4962000,1872
4962500,1872
4963000,1873
4963500,1873
4964000,1872
4964500,1873
4965001,1873
4965501,1872
4966000,1873
4966501,1873
4967000,1872
4967500,1872
4968001,1872
4968501,1872
4969000,1873
4969500,1872
4970001,1872
4970500,1872
4971000,1872
4971500,1872
4972000,1872
4972500,1872
4973001,1872
4973500,1872
4974000,1872
4974500,1872
4975000,1872
4975500,1872
4976000,1872
4976500,1872
4977000,1874
4977500,1872
4978000,1872
4978501,1870
4979000,1872
4979501,1872
4980000,1872
4980500,1873
4981000,1873
4981500,1875
4982001,1872
4982501,1872
4983000,1871
4983500,1872
4984000,1872
4984500,1871
4985000,1873
4985500,1872
4986001,1875
4986500,1871
4987001,1872
4987500,1872
4988001,1872
4988500,1873
4989000,1869
4989500,1872
4990000,1873
4990500,1870
4991000,1872
4991500,1872
4992000,1869
4992500,1872
4993000,1872
4993500,1872
4994001,1872
4994501,1871
4995000,1873
4995500,1873
4996000,1872
4996500,1872
4997000,1872
4997500,1872
4998000,1872
4998500,1872
4999001,1872
4999500,1873
5000001,1872
5000501,1872
5001000,1872
5001500,1871
5002000,1872
5002501,1872
5003000,1875
5003500,1870
5004000,1872
5004500,1872
5005000,1875
5005500,1872
5006001,1872
5006500,1871
5007001,1874
5007501,1873
5008000,1871
5008500,1872
5009000,1872
5009500,1872
5010001,1872
5010500,1872
5011001,1872
5011500,1874
5012001,1872
5012500,1873
5013000,1872
5013501,1872
5014000,1872
5014501,1872
5015000,1872
5015501,1871
5016000,1875
5016501,1872
5017000,1872
5017500,1870
5018000,1872
5018500,1870
5019000,1872
5019500,1873
5020000,1871
5020500,1872
5021001,1872
5021500,1873
5022001,1872
5022500,1873
5023000,1871
5023500,1872
5024000,1872
5024500,1872
5025001,1872
5025500,1871
5026000,1872
5026500,1872
5027000,1872
5027500,1872
5028000,1872
5028501,1873
5029000,1872
5029500,1872
5030000,1872
5030500,1872
5031000,1872
5031501,1872
5032000,1872
5032500,1872
5033000,1872
5033500,1872
5034000,1874
5034501,1872
5035000,1872
5035500,1869
5036000,1871
5036500,1872
5037000,1871
5037501,1871
5038000,1873
5038500,1872
5039000,1872
5039500,1872
5040001,1872
5040501,1872
5041000,1872
5041501,1873
5042000,1872
5042500,1873
5043000,1873
5043500,1873
5044001,1872
5044500,1871
5045001,1874
5045501,1872
5046000,1871
5046500,1872
5047000,1872
5047501,1872
5048000,1872
5048500,1872
5049001,1872
5049501,1872
5050000,1872
5050501,1872
5051000,1872
5051500,1872
5052000,1872
5052500,1873
5053000,1872
5053500,1872
5054000,1872
5054500,1873
5055000,1872
5055500,1875
5056000,1872
5056501,1871
5057000,1872
5057500,1872
5058000,1871
5058500,1873
5059000,1871
5059500,1872
5060000,1871
5060500,1872
5061001,1874
5061500,1873
5062000,1872
5062500,1872
5063001,1872
5063501,1872
5064000,1872
5064501,1872
5065000,1871
5065500,1874
5066000,1874
5066500,1873
5067001,1872
5067500,1872
5068001,1872
5068500,1871
5069001,1874
5069500,1872
5070001,1872
5070500,1872
5071001,1874
5071500,1872
5072000,1872
5072500,1872
5073001,1874
5073500,1872
5074000,1872
5074500,1872
5075000,1872
5075500,1872
5076000,1873
5076501,1874
5077000,1872
5077500,1873
5078000,1874
5078500,1872
5079001,1872
5079501,1872
5080000,1872
5080501,1872
5081000,1874
5081500,1872
5082001,1872
5082500,1872
5083000,1872
5083500,1871
5084001,1873
5084500,1872
5085000,1873
5085501,1872
5086000,1872
5086501,1872
5087000,1871
5087501,1872
5088000,1872
5088501,1872
5089000,1873
5089500,1873
5090000,1873
5090500,1872
5091001,1872
5091501,1872
5092000,1872
5092500,1873
5093001,1872
5093501,1873
5094000,1872
5094500,1872
5095000,1872
5095500,1872
5096000,1872
5096501,1872
5097000,1872
5097500,1872
5098001,1872
5098501,1872
5099000,1872
5099501,1872
5100000,1871
5100500,1872
5101000,1872
5101500,1872
5102001,1871
5102500,1872
5103000,1873
5103500,1872
5104000,1874
5104500,1872
5105000,1872
5105500,1872
5106001,1873
5106500,1872
5107001,1872
5107500,1872
5108000,1872
5108501,1872
5109000,1872
5109501,1872
5110000,1873
5110500,1872
5111000,1869
5111500,1872
5112000,1873
5112501,1872
5113000,1872
5113500,1872
5114001,1873
5114501,1872
5115000,1872
5115501,1872
5116000,1871
5116501,1872
5117000,1873
5117501,1872
5118000,1875
5118501,1871
5119000,1873
5119500,1873
5120000,1872
5120500,1872
5121001,1872
5121500,1872
5122001,1872
5122500,1872
5123000,1871
5123500,1871
5124000,1872
5124501,1872
5125000,1872
5125500,1873
5126001,1872
5126500,1872
5127000,1872
5127501,1871
5128000,1871
5128500,1872
5129000,1872
5129501,1872
5130000,1873
5130501,1872
5131000,1872
5131500,1871
5132000,1873
5132500,1872
5133000,1871
5133500,1872
5134000,1874
5134501,1872
5135000,1872
5135501,1872
5136000,1874
5136500,1872
5137001,1872
5137500,1873
5138000,1872
5138500,1872
5139000,1872
5139500,1872
5140000,1872
5140500,1872
5141000,1872
5141501,1873
5142000,1873
5142500,1872
5143000,1871
5143500,1869
5144001,1872
5144500,1872
5145001,1872
5145500,1872
5146000,1871
5146500,1872
5147000,1872
5147500,1874
5148000,1874
5148501,1872
5149000,1871
5149501,1872
5150000,1872
5150501,1873
5151000,1872
5151501,1874
5152000,1874
5152500,1873
5153001,1872
5153500,1873
5154000,1872
5154500,1872
5155000,1872
5155501,1872
5156000,1872
5156501,1872
5157000,1872
5157500,1872
5158001,1875
5158501,1873
5159000,1872
5159501,1872
5160000,1873
5160501,1871
5161000,1872
5161500,1872
5162000,1872
5162501,1871
5163000,1872
5163501,1871
5164000,1870
5164500,1874
5165001,1873
5165500,1872
5166000,1872
5166501,1872
5167000,1872
5167501,1872
5168000,1872
5168500,1872
5169000,1872
5169501,1873
5170000,1872
5170500,1872
5171000,1872
5171500,1873
5172000,1873
5172500,1872
5173001,1871
5173501,1872
5174000,1872
5174500,1874
5175000,1872
5175500,1872
5176000,1871
5176501,1872
5177000,1872
5177500,1872
5178000,1872
5178500,1871
5179001,1872
5179500,1873
5180001,1874
5180500,1872
5181001,1874
5181500,1872
5182001,1872
5182501,1872
5183000,1871
5183500,1872
5184000,1872
5184501,1872
5185000,1872
5185500,1872
5186000,1874
5186500,1872
5187000,1872
5187501,1871
5188000,1872
5188500,1872
5189001,1871
5189501,1871
5190000,1875
5190501,1873
5191000,1872
5191500,1873
5192000,1872
5192501,1872
5193000,1872
5193501,1873
5194000,1873
5194500,1872
5195001,1872
5195500,1873
5196001,1872
5196500,1871
5197001,1872
5197500,1872
5198000,1872
5198500,1872
5199000,1872
5199500,1872
5200000,1871
5200500,1870
5201000,1872
5201500,1872
5202001,1872
5202500,1872
5203001,1872
5203500,1872
5204000,1872
5204500,1872
5205000,1872
5205500,1872
5206001,1872
5206501,1872
5207000,1873
5207501,1872
5208000,1872
5208500,1872
5209000,1872
5209500,1872
5210001,1873
5210501,1872
5211000,1874
5211500,1872
5212000,1872
5212501,1872
5213000,1872
5213501,1870
5214000,1872
5214501,1875
5215000,1872
5215500,1872
5216000,1872
5216500,1871
5217001,1872
5217501,1871
5218000,1872
5218501,1872
5219000,1872
5219501,1874
5220000,1872
5220500,1872
5221000,1872
5221500,1872
5222000,1873
5222500,1872
5223000,1872
5223500,1873
5224001,1872
5224501,1874
5225000,1873
5225500,1872
5226001,1873
5226500,1872
5227000,1869
5227501,1870
5228000,1872
5228501,1872
5229000,1872
5229500,1872
5230000,1869
5230500,1872
5231001,1872
5231500,1872
5232001,1871
5232500,1872
5233000,1872
5233500,1872
5234000,1874
5234500,1872
5235001,1872
5235500,1872
5236001,1877
5236501,1873
5237000,1875
5237500,1872
5238000,1872
5238500,1872
5239000,1872
5239500,1872
5240000,1872
5240500,1871
5241000,1872
5241501,1872
5242000,1871
5242501,1872
5243000,1872
5243500,1873
5244001,1871
5244501,1872
5245000,1873
5245500,1872
5246001,1872
5246500,1872
5247000,1873
5247500,1873
5248000,1874
5248500,1873
5249000,1872
5249500,1872
5250000,1873
5250500,1873
5251001,1872
5251500,1872
5252000,1872
5252500,1872
5253001,1872
5253500,1872
5254000,1872
5254500,1874
5255000,1872
5255500,1872
5256000,1874
5256500,1874
5257001,1872
5257500,1872
5258000,1873
5258500,1872
5259001,1872
5259501,1872
5260000,1873
5260500,1872
5261000,1872
5261500,1872
5262000,1872
5262500,1872
5263001,1872
5263501,1874
5264000,1873
5264501,1872
5265000,1872
5265500,1873
5266001,1872
5266500,1872
5267000,1873
5267500,1872
5268000,1872
5268500,1872
5269001,1872
5269500,1872
5270001,1872
5270500,1874
5271000,1872
5271500,1871
5272000,1872
5272500,1872
5273000,1872
5273500,1872
5274000,1872
5274500,1872
5275001,1871
5275500,1872
5276001,1872
5276501,1871
5277000,1872
5277501,1873
5278000,1871
5278500,1872
5279000,1872
5279500,1872
5280001,1872
5280501,1873
5281000,1872
5281500,1871
5282000,1873
5282500,1874
5283000,1871
5283501,1872
5284000,1872
5284500,1870
5285001,1871
5285501,1872
5286000,1872
5286500,1872
5287000,1872
5287501,1872
5288000,1872
5288500,1872
5289000,1873
5289500,1871
5290000,1872
5290500,1872
5291000,1871
5291500,1870
5292000,1872
5292501,1871
5293000,1872
5293500,1872
5294000,1871
5294500,1871
5295000,1872
5295501,1870
5296000,1872
5296501,1873
5297000,1872
5297500,1872
5298001,1872
5298501,1872
5299000,1872
5299501,1872
5300000,1872
5300501,1873
5301000,1872
5301500,1870
5302001,1872
5302500,1873
5303000,1872
5303500,1872
5304000,1873
5304500,1872
5305000,1872
5305501,1872
5306000,1872
5306501,1871
5307000,1870
5307501,1872
5308000,1873
5308500,1872
5309001,1872
5309500,1872
5310001,1872
5310500,1872
5311001,1872
5311501,1872
5312000,1872
5312500,1872
5313000,1871
5313500,1872
5314000,1870
5314500,1872
5315000,1873
5315501,1872
5316000,1872
5316501,1872
5317000,1872
5317501,1872
5318000,1872
5318500,1872
5319001,1872
5319500,1872
5320001,1872
5320500,1872
5321001,1870
5321500,1872
5322001,1872
5322500,1871
5323000,1870
5323500,1873
5324000,1872
5324501,1872
5325000,1873
5325500,1872
5326000,1872
5326500,1872
5327001,1872
5327500,1872
5328001,1871
5328500,1872
5329000,1872
5329501,1872
5330000,1872
5330500,1872
5331000,1872
5331501,1872
5332000,1872
5332500,1872
5333000,1873
5333501,1872
5334000,1872
5334500,1873
5335001,1871
5335500,1872
5336000,1872
5336500,1872
5337000,1871
5337501,1872
5338000,1872
5338501,1872
5339000,1872
5339501,1872
5340000,1871
5340500,1872
5341001,1872
5341501,1872
5342000,1872
5342500,1872
5343001,1873
5343500,1872
5344000,1872
5344501,1872
5345000,1872
5345500,1871
5346001,1873
5346500,1876
5347000,1872
5347501,1872
5348000,1873
5348500,1872
5349000,1871
5349500,1872
5350001,1873
5350500,1872
5351001,1872
5351500,1872
5352001,1871
5352500,1872
5353001,1872
5353500,1872
5354000,1871
5354500,1873
5355000,1872
5355500,1872
5356001,1872
5356500,1872
5357001,1873
5357500,1873
5358000,1872
5358500,1870
5359000,1871
5359500,1872
5360000,1872
5360500,1872
5361001,1872
5361500,1872
5362000,1872
5362500,1872
5363000,1872
5363500,1872
5364000,1872
5364500,1872
5365000,1872
5365500,1872
5366000,1872
5366500,1872
5367001,1872
5367500,1873
5368000,1873
5368501,1872
5369000,1872
5369500,1870
5370000,1872
5370500,1872
5371000,1872
5371500,1871
5372000,1872
5372500,1872
5373001,1872
5373500,1872
5374000,1873
5374500,1872
5375000,1873
5375500,1872
5376000,1872
5376500,1872
5377000,1872
5377500,1872
5378001,1872
5378501,1871
5379000,1871
5379500,1872
5380001,1872
5380500,1872
5381000,1872
5381500,1872
5382000,1871
5382500,1872
5383001,1870
5383500,1872
5384001,1872
5384500,1872
5385001,1875
5385500,1872
5386001,1872
5386500,1871
5387000,1872
5387500,1872
5388001,1872
5388500,1872
5389000,1871
5389500,1871
5390000,1871
5390500,1872
5391001,1869
5391500,1872
5392001,1872
5392500,1872
5393000,1872
5393500,1872
5394000,1872
5394500,1870
5395001,1872
5395500,1872
5396001,1871
5396501,1872
5397000,1871
5397500,1872
5398001,1873
5398501,1872
5399000,1872
5399501,1873
5400000,1872
5400500,1872
5401000,1873
5401500,1872
5402000,1869
5402501,1873
5403000,1872
5403501,1871
5404000,1871
5404500,1873
5405001,1872
5405500,1872
5406000,1875
5406500,1872
5407000,1870
5407500,1871
5408001,1872
5408500,1872
5409001,1872
5409500,1872
5410000,1872
5410500,1872
5411000,1871
5411501,1872
5412000,1872
5412501,1872
5413000,1872
5413501,1871
5414000,1872
5414500,1871
5415000,1871
5415500,1872
5416000,1872
5416500,1872
5417000,1872
5417501,1872
5418000,1872
5418500,1872
5419000,1872
5419501,1872
5420000,1872
5420501,1872
5421000,1872
5421500,1872
5422000,1873
5422500,1872
5423000,1872
5423500,1872
5424001,1872
5424500,1872
5425001,1872
5425501,1873
5426000,1872
5426500,1871
5427000,1872
5427500,1871
5428001,1873
5428500,1871
5429001,1872
5429501,1872
5430000,1872
5430501,1872
5431000,1872
5431500,1872
5432000,1874
5432501,1872
5433000,1873
5433500,1873
5434000,1872
5434501,1872
5435000,1872
5435501,1872
5436000,1871
5436500,1871
5437000,1871
5437500,1872
5438001,1872
5438501,1872
5439000,1872
5439500,1872
5440001,1872
5440501,1871
5441000,1875
5441501,1872
5442000,1872
5442500,1872
5443001,1872
5443500,1874
5444000,1873
5444500,1872
5445000,1872
5445500,1874
5446000,1872
5446501,1872
5447000,1872
5447501,1872
5448000,1872
5448501,1872
5449000,1872
5449501,1872
5450000,1872
5450501,1872
5451000,1872
5451501,1872
5452000,1872
5452500,1871
5453001,1872
5453500,1871
5454000,1873
5454500,1872
5455001,1872
5455500,1873
5456001,1873
5456501,1871
5457000,1872
5457500,1873
5458000,1872
5458500,1872
5459000,1873
5459501,1872
5460000,1872
5460501,1871
5461000,1871
5461500,1872
5462000,1872
5462500,1873
5463000,1872
5463500,1872
5464001,1872
5464501,1872
5465000,1872
5465501,1872
5466000,1872
5466500,1871
5467001,1873
5467500,1872
5468000,1872
5468500,1872
5469001,1872
5469501,1871
5470000,1872
5470500,1872
5471000,1871
5471501,1872
5472000,1871
5472500,1872
5473000,1872
5473501,1872
5474000,1871
5474500,1872
5475000,1872
5475500,1872
5476001,1872
5476501,1869
5477000,1871
5477500,1872
5478001,1872
5478500,1873
5479000,1872
5479500,1872
5480000,1872
5480500,1872
5481001,1872
5481501,1872
5482000,1872
5482500,1874
5483000,1872
5483500,1872
5484000,1872
5484500,1872
5485000,1872
5485500,1872
5486000,1872
5486500,1872
5487000,1872
5487500,1872
5488000,1872
5488500,1872
5489000,1872
5489500,1872
5490000,1872
5490500,1872
5491001,1872
5491501,1871
5492000,1872
5492500,1872
5493000,1872
5493500,1872
5494001,1874
5494500,1872
5495000,1872
5495500,1872
5496000,1872
5496501,1873
5497000,1872
5497501,1872
5498000,1872
5498500,1872
5499000,1872
5499501,1872
5500000,1875
5500500,1872
5501001,1875
5501500,1872
5502000,1872
5502500,1873
5503001,1872
5503501,1872
5504000,1872
5504500,1872
5505001,1872
5505500,1872
5506001,1872
5506501,1872
5507000,1872
5507500,1872
5508001,1872
5508500,1872
5509001,1872
5509500,1873
5510000,1872
5510500,1873
5511000,1872
5511500,1872
5512001,1873
5512500,1871
5513000,1872
5513500,1871
5514001,1872
5514501,1872
5515000,1871
5515500,1872
5516000,1873
5516500,1875
5517000,1873
5517500,1872
5518000,1874
5518500,1873
5519001,1872
5519500,1873
5520000,1873
5520500,1872
5521001,1872
5521501,1872
5522000,1874
5522500,1872
5523001,1872
5523501,1869
5524000,1872
5524500,1872
5525001,1872
5525500,1872
5526000,1872
5526500,1872
5527000,1872
5527500,1873
5528000,1871
5528500,1872
5529001,1872
5529500,1872
5530000,1872
5530501,1874
5531000,1873
5531500,1872
5532000,1872
5532500,1872
5533000,1871
5533500,1872
5534000,1871
5534501,1872
5535000,1872
5535501,1872
5536000,1874
5536500,1872
5537000,1872
5537500,1872
5538001,1872
5538501,1872
5539000,1873
5539501,1872
5540000,1872
5540500,1872
5541000,1872
5541500,1872
5542000,1870
5542500,1872
5543001,1872
5543500,1873
5544001,1870
5544500,1873
5545001,1872
5545501,1872
5546000,1872
5546500,1872
5547000,1871
5547501,1872
5548000,1872
5548500,1872
5549001,1871
5549500,1872
5550000,1872
5550500,1872
5551000,1872
5551500,1870
5552001,1872
5552501,1872
5553000,1873
5553501,1872
5554000,1873
5554500,1872
5555000,1872
5555500,1873
5556000,1872
5556500,1872
5557000,1872
5557500,1872
5558000,1872
5558500,1872
5559001,1873
5559501,1872
5560000,1872
5560501,1872
5561000,1872
5561500,1872
5562000,1872
5562501,1873
5563000,1872
5563500,1872
5564001,1873
5564500,1872
5565001,1873
5565500,1872
5566001,1872
5566501,1871
5567000,1872
5567500,1872
5568000,1872
5568500,1870
5569001,1872
5569500,1872
5570001,1872
5570501,1872
5571000,1872
5571500,1872
5572000,1872
5572501,1872
5573000,1872
5573501,1872
5574000,1872
5574501,1872
5575000,1872
5575500,1872
5576000,1872
5576500,1869
5577000,1872
5577500,1872
5578000,1872
5578501,1872
5579000,1871
5579500,1872
5580000,1871
5580501,1872
5581000,1872
5581501,1871
5582000,1872
5582500,1872
5583000,1872
5583500,1873
5584001,1872
5584500,1872
5585001,1871
5585500,1872
5586000,1872
5586500,1872
5587001,1872
5587501,1872
5588000,1872
5588500,1870
5589001,1872
5589500,1872
5590000,1872
5590500,1872
5591000,1872
5591500,1872
5592000,1874
5592500,1870
5593000,1872
5593500,1871
5594001,1872
5594500,1872
5595000,1872
5595500,1872
5596001,1872
5596500,1872
5597001,1872
5597500,1872
5598000,1872
5598500,1872
5599000,1872
5599500,1872
5600001,1874
5600501,1872
5601000,1872
5601501,1872
5602000,1873
5602500,1873
5603000,1872
5603501,1869
5604000,1872
5604500,1872
5605000,1872
5605501,1872
5606000,1872
5606501,1870
5607000,1872
5607501,1872
5608000,1872
5608500,1872
5609000,1871
5609501,1871
5610000,1872
5610500,1871
5611001,1872
5611501,1872
5612000,1871
5612501,1872
5613000,1872
5613501,1872
5614000,1873
5614501,1872
5615000,1869
5615500,1872
5616000,1872
5616500,1872
5617001,1872
5617501,1872
5618000,1872
5618500,1872
5619001,1872
5619500,1871
5620000,1872
5620500,1872
5621001,1872
5621500,1873
5622001,1873
5622500,1872
5623000,1872
5623500,1872
5624000,1871
5624501,1872
5625000,1872
5625501,1872
5626000,1871
5626500,1872
5627001,1872
5627500,1872
5628001,1872
5628500,1872
5629000,1871
5629500,1871
5630000,1872
5630501,1872
5631000,1871
5631500,1872
5632001,1872
5632500,1872
5633001,1872
5633501,1872
5634000,1872
5634500,1873
5635001,1872
5635500,1872
5636000,1870
5636500,1872
5637001,1873
5637500,1872
5638000,1872
5638500,1872
5639000,1872
5639500,1872
5640000,1872
5640500,1872
5641000,1872
5641500,1872
5642001,1872
5642501,1872
5643000,1872
5643500,1872
5644000,1873
5644500,1872
5645001,1872
5645500,1872
5646000,1871
5646500,1872
5647001,1871
5647500,1872
5648001,1870
5648501,1873
5649000,1872
5649500,1870
5650000,1872
5650500,1872
5651000,1872
5651500,1872
5652001,1871
5652500,1872
5653001,1872
5653501,1872
5654000,1872
5654500,1872
5655001,1869
5655501,1872
5656000,1872
5656500,1872
5657000,1872
5657500,1870
5658001,1873
5658500,1872
5659001,1872
5659501,1872
5660000,1872
5660501,1872
5661000,1872
5661500,1872
5662000,1872
5662500,1872
5663000,1872
5663500,1872
5664001,1874
5664501,1872
5665000,1874
5665500,1872
5666001,1872
5666501,1872
5667000,1872
5667501,1872
5668000,1872
5668500,1872
5669000,1872
5669500,1872
5670001,1872
5670500,1872
5671001,1872
5671500,1872
5672000,1872
5672500,1872
5673000,1872
5673501,1872
5674000,1871
5674500,1872
5675000,1872
5675500,1872
5676000,1873
5676500,1872
5677000,1871
5677500,1872
5678000,1872
5678500,1873
5679001,1872
5679500,1872
5680001,1874
5680500,1872
5681001,1871
5681500,1871
5682000,1873
5682500,1873
5683000,1872
5683501,1872
5684000,1872
5684500,1872
5685001,1872
5685500,1872
5686000,1872
5686501,1872
5687000,1872
5687500,1872
5688001,1875
5688500,1872
5689000,1871
5689501,1872
5690000,1872
5690501,1872
5691000,1872
5691500,1872
5692000,1874
5692500,1872
5693001,1872
5693501,1872
5694000,1872
5694500,1872
5695000,1872
5695500,1871
5696001,1872
5696501,1872
5697000,1872
5697501,1872
5698000,1872
5698501,1873
5699000,1870
5699501,1871
5700000,1869
5700501,1872
5701000,1873
5701501,1872
5702000,1874
5702500,1871
5703000,1872
5703500,1872
5704001,1872
5704501,1872
5705000,1873
5705500,1872
5706000,1872
5706501,1872
5707000,1872
5707501,1875
5708000,1873
5708500,1873
5709001,1871
5709501,1874
5710000,1872
5710501,1872
5711000,1872
5711500,1872
5712000,1872
5712500,1872
5713001,1872
5713500,1871
5714000,1872
5714501,1871
5715000,1872
5715500,1872
5716001,1872
5716500,1872
5717000,1872
5717501,1872
5718000,1872
5718501,1872
5719000,1872
5719500,1872
5720000,1873
5720500,1872
5721000,1871
5721501,1872
5722000,1871
5722500,1872
5723000,1872
5723500,1872
5724001,1875
5724500,1872
5725000,1872
5725501,1872
5726000,1873
5726500,1873
5727000,1873
5727501,1873
5728000,1872
5728500,1872
5729001,1872
5729501,1873
5730000,1872
5730500,1871
5731001,1873
5731501,1872
5732000,1872
5732500,1872
5733000,1872
5733500,1872
5734001,1872
5734500,1872
5735000,1872
5735500,1871
5736000,1871
5736501,1871
5737000,1873
5737500,1872
5738001,1872
5738501,1873
5739000,1871
5739500,1873
5740001,1872
5740500,1873
5741001,1872
5741500,1873
5742000,1873
5742500,1872
5743000,1872
5743500,1872
5744000,1872
5744501,1872
5745000,1869
5745500,1872
5746000,1871
5746500,1875
5747000,1873
5747500,1872
5748001,1872
5748501,1872
5749000,1872
5749501,1870
5750000,1872
5750501,1872
5751000,1874
5751500,1871
5752001,1872
5752500,1871
5753001,1874
5753501,1872
5754000,1872
5754501,1871
5755000,1872
5755501,1872
5756000,1872
5756500,1872
5757000,1872
5757501,1872
5758000,1872
5758500,1872
5759000,1870
5759500,1872
5760000,1873
5760500,1872
5761000,1872
5761500,1873
5762000,1872
5762501,1871
5763000,1872
5763500,1873
5764000,1873
5764500,1872
5765000,1871
5765500,1871
5766000,1872
5766501,1869
5767000,1873
5767501,1872
5768000,1872
5768500,1872
5769001,1872
5769500,1872
5770001,1872
5770500,1872
5771001,1872
5771500,1871
5772000,1872
5772500,1871
5773000,1872
5773501,1872
5774000,1873
5774500,1872
5775000,1872
5775500,1872
5776001,1872
5776500,1872
5777000,1872
5777500,1872
5778000,1872
5778501,1871
5779000,1872
5779500,1873
5780000,1872
5780501,1872
5781000,1872
5781501,1872
5782000,1870
5782500,1872
5783000,1873
5783500,1872
5784000,1872
5784500,1872
5785000,1872
5785501,1872
5786000,1872
5786501,1873
5787000,1872
5787501,1872
5788000,1873
5788501,1872
5789000,1871
5789500,1870
5790001,1872
5790501,1872
5791000,1872
5791500,1872
5792001,1871
5792501,1872
5793000,1873
5793500,1872
5794000,1871
5794500,1872
5795001,1872
5795500,1872
5796001,1872
5796500,1872
5797000,1872
5797500,1872
5798001,1871
5798501,1872
5799000,1872
5799500,1872
5800000,1872
5800500,1871
5801001,1872
5801501,1873
5802000,1872
5802501,1872
5803000,1871
5803501,1873
5804000,1872
5804500,1873
5805001,1872
5805500,1872
5806001,1873
5806500,1874
5807001,1872
5807500,1872
5808000,1873
5808501,1872
5809000,1873
5809501,1872
5810000,1874
5810500,1872
5811000,1872
5811501,1872
5812000,1872
5812500,1872
5813000,1872
5813501,1871
5814000,1874
5814500,1872
5815001,1872
5815501,1872
5816000,1872
5816500,1872
5817001,1872
5817501,1872
5818000,1872
5818500,1871
5819001,1872
5819500,1874
5820000,1872
5820500,1873
5821001,1872
5821501,1872
5822000,1872
5822500,1872
5823000,1873
5823500,1872
5824001,1872
5824500,1872
5825001,1873
5825500,1872
5826000,1871
5826500,1872
5827001,1870
5827501,1871
5828000,1872
5828500,1872
5829000,1872
5829500,1873
5830001,1873
5830500,1872
5831001,1872
5831500,1873
5832000,1872
5832500,1872
5833000,1873
5833500,1872
5834000,1872
5834500,1869
5835000,1872
5835501,1872
5836000,1871
5836500,1873
5837001,1872
5837501,1872
5838000,1872
5838500,1873
5839000,1872
5839501,1872
5840000,1872
5840500,1872
5841000,1872
5841500,1871
5842001,1871
5842500,1873
5843000,1872
5843500,1872
5844000,1872
5844500,1872
5845001,1872
5845500,1873
5846000,1872
5846500,1872
5847000,1873
5847500,1874
5848001,1872
5848501,1872
5849000,1872
5849500,1872
5850000,1873
5850500,1872
5851000,1872
5851501,1873
5852000,1872
5852500,1874
5853000,1872
5853501,1872
5854000,1873
5854500,1872
5855001,1874
5855501,1872
5856000,1872
5856500,1872
5857001,1874
5857500,1873
5858000,1872
5858500,1873
5859000,1872
5859500,1872
5860000,1872
5860501,1870
5861000,1872
5861500,1871
5862001,1872
5862500,1872
5863000,1872
5863500,1871
5864000,1872
5864500,1872
5865001,1872
5865501,1872
5866000,1873
5866500,1872
5867001,1872
5867500,1872
5868001,1872
5868500,1873
5869001,1872
5869501,1872
5870000,1872
5870501,1872
5871000,1872
5871500,1872
5872001,1871
5872500,1872
5873000,1872
5873500,1872
5874001,1872
5874500,1872
5875000,1874
5875500,1874
5876000,1872
5876500,1872
5877000,1872
5877500,1872
5878001,1872
5878500,1872
5879000,1872
5879500,1872
5880001,1873
5880500,1872
5881001,1872
5881501,1872
5882000,1872
5882500,1871
5883000,1873
5883500,1872
5884001,1872
5884500,1872
5885001,1872
5885501,1873
5886000,1873
5886500,1872
5887001,1872
5887500,1872
5888001,1872
5888500,1872
5889000,1871
5889500,1872
5890001,1872
5890500,1872
5891000,1872
5891500,1871
5892001,1874
5892501,1872
5893000,1872
5893500,1872
5894000,1872
5894500,1872
5895000,1872
5895500,1872
5896001,1871
5896500,1872
5897001,1873
5897500,1872
5898001,1872
5898500,1872
5899000,1872
5899500,1871
5900000,1874
5900500,1872
5901001,1872
5901500,1872
5902000,1872
5902500,1873
5903000,1872
5903501,1872
5904000,1872
5904500,1873
5905000,1871
5905500,1872
5906001,1872
5906500,1872
5907000,1871
5907500,1872
5908000,1871
5908500,1872
5909000,1872
5909500,1872
5910001,1872
5910500,1872
5911000,1872
5911501,1872
5912000,1872
5912501,1872
5913000,1872
5913500,1874
5914000,1872
5914501,1870
5915000,1872
5915501,1872
5916000,1873
5916500,1873
5917000,1873
5917500,1872
5918000,1872
5918501,1873
5919000,1872
5919501,1873
5920000,1872
5920500,1872
5921000,1872
5921500,1872
5922001,1875
5922500,1872
5923000,1872
5923500,1872
5924000,1872
5924500,1872
5925000,1872
5925500,1872
5926000,1872
5926500,1872
5927000,1872
5927500,1872
5928000,1872
5928500,1872
5929000,1871
5929500,1872
5930000,1872
5930501,1872
5931000,1872
5931500,1872
5932001,1872
5932501,1872
5933000,1872
5933500,1872
5934000,1872
5934500,1872
5935001,1873
5935500,1872
5936000,1873
5936500,1873
5937001,1872
5937501,1874
5938000,1872
5938500,1875
5939001,1874
5939500,1872
5940000,1874
5940500,1872
5941000,1869
5941500,1872
5942001,1873
5942500,1875
5943000,1872
5943500,1872
5944001,1872
5944501,1871
5945000,1873
5945500,1875
5946000,1871
5946500,1872
5947001,1872
5947501,1872
5948000,1871
5948500,1872
5949001,1872
5949501,1871
5950000,1872
5950501,1872
5951000,1872
5951500,1874
5952000,1873
5952500,1871
5953000,1873
5953500,1872
5954000,1872
5954500,1871
5955001,1872
5955500,1872
5956001,1873
5956500,1873
5957001,1872
5957501,1872
5958000,1872
5958500,1872
5959001,1872
5959501,1870
5960000,1871
5960501,1872
5961000,1872
5961500,1872
5962000,1872
5962500,1872
5963001,1872
5963501,1871
5964000,1872
5964500,1872
5965000,1872
5965500,1872
5966000,1873
5966501,1872
5967000,1873
5967500,1872
5968000,1872
5968500,1873
5969000,1873
5969501,1872
5970000,1873
5970500,1872
5971000,1872
5971500,1872
5972000,1872
5972500,1872
5973001,1872
5973500,1871
5974000,1872
5974501,1873
5975000,1872
5975501,1872
5976000,1872
5976500,1872
5977000,1872
5977500,1872
5978000,1872
5978500,1872
5979001,1871
5979500,1870
5980001,1872
5980500,1872
5981000,1871
5981500,1872
5982000,1872
5982500,1872
5983000,1872
5983501,1873
5984000,1875
5984500,1873
5985000,1873
5985501,1872
5986000,1872
5986500,1872
5987000,1873
5987500,1872
5988000,1873
5988501,1872
5989000,1872
5989501,1874
5990000,1873
5990500,1871
5991001,1872
5991501,1872
5992000,1872
5992500,1872
5993000,1872
5993500,1872
5994000,1872
5994500,1872
5995000,1872
5995500,1872
5996001,1872
5996500,1873
5997000,1872
5997500,1874
5998000,1872
5998501,1872
5999000,1872
5999501,1872
6000000,1872
6000500,1873
6001000,1872
6001500,1872
6002001,1872
6002500,1872
6003000,1872
6003500,1874
6004000,1872
6004501,1872
6005000,1874
6005500,1873
6006001,1871
6006500,1872
6007000,1872
6007501,1872
6008000,1873
6008501,1872
6009000,1872
6009500,1872
6010001,1873
6010500,1872
6011000,1872
6011500,1871
6012001,1872
6012500,1873
6013001,1872
6013500,1871
6014000,1872
6014501,1872
6015000,1872
6015500,1872
6016000,1872
6016500,1872
6017000,1872
6017500,1872
6018000,1874
6018501,1872
6019000,1871
6019500,1871
6020001,1872
6020500,1872
6021000,1871
6021500,1872
6022000,1872
6022500,1872
6023000,1872
6023500,1872
6024001,1872
6024500,1872
6025000,1872
6025500,1872
6026000,1872
6026501,1872
6027000,1872
6027501,1873
6028000,1872
6028501,1872
6029000,1870
6029500,1871
6030000,1872
6030500,1873
6031001,1872
6031501,1874
6032000,1872
6032500,1872
6033000,1872
6033501,1873
6034000,1873
6034500,1872
6035000,1872
6035500,1872
6036000,1873
6036500,1872
6037000,1874
6037500,1872
6038001,1872
6038500,1875
6039000,1872
6039501,1870
6040000,1872
6040500,1872
6041000,1872
6041501,1873
6042000,1872
6042500,1873
6043000,1872
6043500,1872
6044000,1875
6044500,1871
6045000,1873
6045500,1872
6046001,1872
6046500,1872
6047001,1873
6047501,1872
6048000,1872
6048501,1872
6049000,1873
6049500,1872
6050000,1872
6050500,1872
6051000,1873
6051501,1872
6052000,1872
6052500,1872
6053000,1872
6053500,1872
6054000,1873
6054500,1874
6055000,1873
6055501,1872
6056000,1872
6056501,1871
6057000,1871
6057500,1873
6058000,1872
6058500,1872
6059000,1873
6059500,1872
6060001,1872
6060501,1873
6061000,1872
6061500,1872
6062000,1874
6062500,1872
6063000,1872
6063501,1872
6064000,1872
6064500,1872
6065000,1873
6065500,1872
6066001,1872
6066501,1871
6067000,1872
6067501,1872
6068000,1872
6068500,1871
6069000,1872
6069500,1872
6070000,1874
6070501,1873
6071000,1872
6071500,1872
6072001,1872
6072500,1872
6073001,1872
6073500,1872
6074001,1872
6074500,1874
6075001,1877
6075501,1871
6076000,1872
6076500,1872
6077000,1872
6077501,1872
6078000,1872
6078500,1873
6079000,1872
6079500,1872
6080000,1872
6080500,1871
6081000,1873
6081501,1872
6082000,1872
6082500,1872
6083000,1872
6083500,1872
6084001,1873
6084501,1872
6085000,1872
6085500,1872
6086000,1874
6086500,1872
6087001,1874
6087500,1872
6088000,1872
6088500,1872
6089001,1872
6089500,1871
6090000,1872
6090500,1872
6091001,1872
6091501,1872
6092000,1872
6092501,1872
6093000,1872
6093501,1872
6094000,1873
6094500,1872
6095000,1872
6095500,1872
6096001,1873
6096500,1871
6097000,1872
6097500,1872
6098000,1872
6098501,1873
6099000,1872
6099501,1872
6100000,1872
6100501,1872
6101000,1872
6101500,1872
6102000,1872
6102501,1872
6103000,1871
6103500,1872
6104000,1872
6104500,1872
6105000,1872
6105500,1871
6106001,1871
6106501,1872
6107000,1872
6107500,1873
6108000,1872
6108500,1869
6109000,1872
6109501,1872
6110000,1872
6110500,1872
6111000,1872
6111500,1872
6112001,1873
6112501,1872
6113000,1870
6113500,1872
6114001,1872
6114500,1873
6115001,1872
6115500,1872
6116000,1874
6116500,1873
6117001,1872
6117501,1872
6118000,1872
6118500,1872
6119001,1872
6119501,1870
6120000,1872
6120500,1872
6121001,1874
6121500,1872
6122000,1872
6122501,1872
6123000,1872
6123500,1872
6124000,1872
6124501,1873
6125000,1872
6125501,1873
6126000,1872
6126500,1872
6127001,1872
6127500,1872
6128001,1872
6128500,1871
6129000,1872
6129500,1874
6130000,1872
6130500,1872
6131000,1872
6131500,1873
6132000,1872
6132500,1872
6133001,1873
6133500,1873
6134000,1872
6134500,1872
6135000,1872
6135500,1872
6136000,1872
6136500,1873
6137000,1872
6137500,1871
6138001,1872
6138500,1873
6139001,1873
6139501,1872
6140000,1872
6140500,1872
6141001,1872
6141501,1872
6142000,1872
6142500,1872
6143000,1872
6143500,1872
6144000,1873
6144500,1872
6145001,1872
6145501,1873
6146000,1873
6146501,1873
6147000,1872
6147501,1872
6148000,1875
6148500,1872
6149001,1872
6149501,1872
6150000,1872
6150500,1872
6151000,1873
6151501,1872
6152000,1872
6152500,1872
6153000,1872
6153501,1872
6154000,1872
6154500,1872
6155001,1872
6155501,1872
6156000,1872
6156501,1873
6157000,1872
6157500,1872
6158000,1872
6158501,1872
6159000,1872
6159500,1871
6160000,1872
6160500,1873
6161001,1872
6161500,1872
6162001,1872
6162501,1871
6163000,1872
6163500,1872
6164000,1872
6164500,1872
6165000,1875
6165500,1872
6166000,1874
6166500,1871
6167001,1872
6167500,1872
6168001,1872
6168501,1872
6169000,1874
6169500,1872
6170000,1873
6170501,1872
6171000,1872
6171501,1872
6172000,1872
6172500,1872
6173001,1872
6173500,1872
6174000,1872
6174500,1872
6175000,1873
6175500,1872
6176000,1872
6176500,1872
6177000,1872
6177501,1873
6178000,1872
6178501,1875
6179000,1872
6179500,1871
6180001,1872
6180500,1872
6181001,1873
6181501,1873
6182000,1872
6182501,1873
6183000,1872
6183500,1872
6184000,1873
6184500,1872
6185000,1872
6185501,1872
6186000,1872
6186500,1872
6187000,1872
6187500,1871
6188000,1872
6188500,1873
6189001,1872
6189501,1872
6190000,1872
6190500,1872
6191001,1872
6191501,1873
6192000,1872
6192500,1872
6193000,1872
6193500,1872
6194000,1874
6194500,1872
6195000,1872
6195500,1872
6196001,1872
6196500,1872
6197000,1872
6197500,1873
6198001,1872
6198501,1872
6199000,1874
6199500,1873
6200000,1872
6200500,1873
6201000,1872
6201500,1872
6202001,1870
6202501,1872
6203000,1872
6203501,1872
6204000,1873
6204501,1873
6205000,1873
6205500,1872
6206000,1872
6206500,1872
6207001,1872
6207501,1871
6208000,1872
6208500,1872
6209000,1872
6209500,1872
6210000,1872
6210501,1872
6211000,1873
6211500,1872
6212000,1872
6212501,1872
6213000,1872
6213501,1872
6214000,1872
6214500,1873
6215000,1873
6215501,1874
6216000,1870
6216500,1872
6217001,1873
6217501,1872
6218000,1872
6218500,1872
6219001,1872
6219500,1872
6220000,1872
6220500,1872
6221001,1873
6221500,1872
6222001,1871
6222501,1870
6223000,1870
6223500,1871
6224000,1872
6224500,1872
6225000,1872
6225500,1872
6226000,1872
6226500,1872
6227000,1872
6227501,1872
6228000,1872
6228501,1872
6229000,1872
6229500,1873
6230000,1872
6230500,1872
6231001,1872
6231501,1872
6232000,1872
6232500,1873
6233000,1872
6233500,1872
6234001,1872
6234501,1872
6235000,1872
6235501,1872
6236000,1872
6236500,1872
6237000,1872
6237500,1872
6238000,1874
6238500,1874
6239000,1871
6239500,1872
6240000,1872
6240500,1872
6241000,1872
6241500,1872
6242000,1872
6242501,1872
6243000,1872
6243500,1872
6244000,1872
6244500,1872
6245001,1872
6245501,1871
6246000,1872
6246501,1872
6247000,1873
6247501,1870
6248000,1871
6248500,1872
6249001,1872
6249500,1872
6250000,1872
6250500,1872
6251000,1872
6251500,1871
6252001,1872
6252500,1873
6253001,1872
6253501,1872
6254000,1872
6254500,1873
6255000,1873
6255500,1871
6256001,1872
6256500,1872
6257001,1872
6257500,1873
6258000,1872
6258500,1872
6259000,1872
6259501,1872
6260000,1872
6260500,1872
6261000,1872
6261500,1871
6262001,1871
6262500,1872
6263000,1872
6263500,1872
6264000,1872
6264500,1872
6265000,1872
6265500,1872
6266001,1872
6266500,1872
6267001,1872
6267501,1872
6268000,1871
6268501,1872
6269000,1872
6269501,1874
6270000,1872
6270501,1871
6271000,1873
6271501,1872
6272000,1872
6272500,1872
6273000,1873
6273500,1873
6274000,1872
6274500,1872
6275000,1872
6275500,1872
6276001,1874
6276500,1870
6277001,1872
6277501,1872
6278000,1872
6278501,1872
6279000,1872
6279500,1874
6280000,1873
6280500,1872
6281000,1872
6281501,1870
6282000,1872
6282500,1872
6283001,1869
6283501,1872
6284000,1873
6284501,1872
6285000,1872
6285500,1873
6286000,1873
6286500,1872
6287000,1874
6287500,1872
6288000,1873
6288501,1872
6289000,1872
6289500,1872
6290000,1875
6290500,1872
6291000,1874
6291501,1872
6292000,1872
6292500,1872
6293000,1872
6293500,1874
6294000,1872
6294500,1872
6295001,1872
6295501,1872
6296000,1872
6296500,1872
6297000,1872
6297500,1872
6298001,1872
6298501,1872
6299000,1872
6299501,1873
6300000,1872
6300500,1871
6301000,1873
6301501,1874
6302000,1874
6302500,1872
6303000,1872
6303500,1873
6304001,1872
6304500,1872
6305001,1872
6305500,1872
6306000,1872
6306500,1872
6307001,1872
6307500,1872
6308001,1873
6308500,1872
6309000,1872
6309500,1872
6310000,1872
6310500,1873
6311001,1872
6311500,1872
6312000,1872
6312500,1872
6313000,1872
6313501,1872
6314000,1872
6314500,1873
6315000,1872
6315500,1872
6316001,1873
6316500,1872
6317000,1872
6317500,1872
6318000,1872
6318500,1873
6319000,1872
6319500,1872
6320001,1877
6320500,1872
6321000,1872
6321500,1872
6322001,1873
6322500,1873
6323000,1872
6323500,1872
6324001,1874
6324500,1872
6325001,1873
6325500,1873
6326000,1873
6326501,1872
6327000,1872
6327500,1872
6328001,1873
6328500,1872
6329001,1873
6329500,1872
6330001,1872
6330500,1873
6331000,1872
6331500,1872
6332000,1872
6332500,1870
6333000,1871
6333500,1873
6334001,1872
6334500,1872
6335001,1872
6335501,1872
6336000,1872
6336501,1872
6337000,1872
6337500,1871
6338001,1872
6338501,1872
6339000,1871
6339500,1872
6340000,1871
6340500,1872
6341001,1872
6341501,1872
6342000,1872
6342500,1872
6343001,1872
6343501,1872
6344000,1872
6344500,1873
6345001,1872
6345501,1872
6346000,1872
6346500,1872
6347000,1872
6347500,1872
6348000,1872
6348500,1872
6349000,1873
6349500,1872
6350000,1872
6350501,1872
6351000,1873
6351500,1873
6352000,1871
6352501,1872
6353000,1872
6353500,1872
6354000,1873
6354500,1872
6355000,1872
6355500,1871
6356001,1872
6356501,1871
6357000,1872
6357501,1872
6358000,1871
6358500,1872
6359001,1872
6359500,1873
6360000,1872
6360500,1871
6361001,1872
6361500,1872
6362001,1873
6362501,1872
6363000,1872
6363501,1872
6364000,1873
6364501,1872
6365000,1871
6365500,1873
6366000,1873
6366501,1872
6367000,1874
6367501,1872
6368000,1870
6368501,1872
6369000,1873
6369500,1872
6370001,1872
6370501,1872
6371000,1872
6371501,1872
6372000,1873
6372501,1871
6373000,1873
6373500,1872
6374001,1872
6374500,1872
6375001,1872
6375501,1872
6376000,1872
6376500,1872
6377001,1872
6377500,1872
6378000,1872
6378500,1872
6379001,1871
6379500,1872
6380001,1872
6380500,1872
6381001,1872
6381500,1871
6382000,1872
6382500,1871
6383000,1871
6383500,1872
6384000,1872
6384500,1872
6385000,1872
6385501,1872
6386000,1872
6386500,1872
6387001,1872
6387500,1872
6388000,1872
6388500,1872
6389000,1872
6389501,1872
6390000,1872
6390501,1871
6391000,1872
6391500,1872
6392001,1873
6392500,1872
6393001,1871
6393500,1872
6394001,1871
6394500,1871
6395000,1872
6395501,1875
6396000,1872
6396500,1873
6397000,1872
6397500,1873
6398000,1872
6398500,1872
6399001,1875
6399500,1873
6400001,1872
6400500,1872
6401000,1872
6401500,1871
6402000,1873
6402501,1872
6403000,1872
6403500,1872
6404001,1871
6404500,1872
6405001,1872
6405501,1872
6406000,1873
6406500,1872
6407000,1872
6407500,1872
6408001,1872
6408501,1871
6409000,1873
6409500,1871
6410001,1872
6410501,1872
6411000,1872
6411500,1872
6412000,1872
6412500,1873
6413000,1870
6413500,1872
6414001,1872
6414500,1872
6415001,1872
6415500,1872
6416000,1873
6416500,1872
6417000,1872
6417500,1873
6418001,1872
6418501,1871
6419000,1873
6419500,1872
6420001,1872
6420500,1873
6421000,1872
6421500,1873
6422000,1872
6422500,1873
6423001,1872
6423500,1872
6424001,1873
6424501,1874
6425000,1872
6425501,1872
6426000,1872
6426501,1872
6427000,1871
6427501,1872
6428000,1872
6428501,1871
6429000,1871
6429500,1873
6430000,1870
6430500,1872
6431000,1875
6431500,1874
6432000,1872
6432501,1873
6433000,1872
6433500,1872
6434001,1872
6434501,1872
6435000,1872
6435500,1872
6436000,1873
6436501,1873
6437000,1873
6437500,1872
6438000,1872
6438500,1872
6439001,1872
6439501,1872
6440000,1872
6440500,1872
6441001,1873
6441500,1872
6442000,1871
6442501,1872
6443000,1872
6443500,1871
6444000,1873
6444500,1870
6445001,1874
6445500,1873
6446000,1872
6446501,1872
6447000,1872
6447500,1873
6448000,1873
6448501,1872
6449000,1872
6449501,1871
6450000,1872
6450501,1872
6451000,1872
6451501,1874
6452000,1873
6452501,1872
6453000,1872
6453500,1872
6454001,1872
6454500,1871
6455000,1872
6455500,1872
6456001,1873
6456500,1872
6457001,1874
6457501,1872
6458000,1872
6458500,1872
6459001,1872
6459500,1872
6460000,1872
6460501,1872
6461000,1872
6461500,1873
6462000,1872
6462501,1872
6463000,1872
6463501,1873
6464000,1872
6464500,1872
6465001,1871
6465500,1872
6466001,1872
6466500,1872
6467001,1872
6467501,1870
6468000,1872
6468500,1871
6469000,1872
6469501,1872
6470000,1872
6470501,1870
6471000,1872
6471500,1873
6472000,1872
6472500,1873
6473001,1873
6473500,1872
6474001,1872
6474500,1872
6475001,1872
6475501,1872
6476000,1872
6476501,1872
6477000,1872
6477500,1872
6478000,1870
6478500,1872
6479000,1873
6479500,1872
6480000,1872
6480501,1872
6481000,1872
6481500,1872
6482000,1872
6482500,1872
6483000,1872
6483501,1873
6484000,1874
6484501,1872
6485000,1872
6485501,1872
6486000,1872
6486500,1872
6487000,1872
6487500,1873
6488000,1873
6488501,1872
6489000,1874
6489500,1872
6490000,1872
6490500,1872
6491000,1872
6491500,1872
6492001,1872
6492500,1872
6493000,1873
6493501,1873
6494000,1871
6494500,1871
6495001,1875
6495501,1872
6496000,1872
6496500,1873
6497000,1871
6497501,1872
6498000,1872
6498500,1872
6499001,1871
6499500,1872
6500000,1872
6500500,1872
6501001,1872
6501500,1871
6502001,1873
6502500,1872
6503001,1873
6503500,1872
6504001,1873
6504501,1872
6505000,1872
6505501,1873
6506000,1872
6506500,1872
6507000,1872
6507500,1872
6508000,1872
6508500,1872
6509001,1873
6509501,1872
6510000,1872
6510500,1871
6511000,1872
6511500,1874
6512000,1873
6512500,1872
6513001,1871
6513501,1873
6514000,1872
6514500,1872
6515000,1872
6515500,1872
6516000,1872
6516501,1873
6517000,1871
6517500,1872
6518001,1873
6518501,1873
6519000,1872
6519501,1871
6520000,1872
6520500,1871
6521001,1872
6521500,1873
6522000,1872
6522500,1872
6523001,1872
6523500,1872
6524000,1872
6524501,1872
6525000,1872
6525501,1872
6526000,1871
6526501,1873
6527000,1872
6527500,1872
6528001,1873
6528501,1872
6529000,1872
6529500,1872
6530000,1872
6530500,1872
6531000,1873
6531500,1872
6532000,1872
6532500,1872
6533000,1873
6533500,1872
6534000,1874
6534501,1873
6535000,1872
6535500,1873
6536000,1874
6536500,1873
6537001,1871
6537501,1872
6538000,1872
6538501,1872
6539000,1872
6539500,1873
6540000,1872
6540500,1872
6541001,1872
6541501,1872
6542000,1872
6542501,1872
6543000,1872
6543501,1872
6544000,1872
6544500,1872
6545000,1872
6545500,1873
6546000,1872
6546500,1872
6547000,1872
6547500,1872
6548000,1872
6548500,1874
6549001,1871
6549500,1872
6550000,1872
6550500,1872
6551001,1872
6551500,1872
6552000,1872
6552500,1872
6553000,1872
6553501,1872
6554000,1872
6554501,1873
6555000,1872
6555501,1872
6556000,1872
6556500,1872
6557001,1871
6557500,1872
6558001,1872
6558500,1872
6559000,1873
6559500,1873
6560001,1872
6560500,1872
6561001,1874
6561500,1872
6562001,1873
6562500,1874
6563000,1872
6563501,1872
6564000,1872
6564500,1872
6565000,1872
6565500,1872
6566000,1873
6566500,1872
6567001,1872
6567501,1872
6568000,1872
6568500,1873
6569000,1872
6569500,1872
6570000,1872
6570500,1872
6571000,1872
6571500,1874
6572000,1872
6572500,1872
6573001,1872
6573500,1872
6574000,1872
6574501,1872
6575000,1873
6575501,1871
6576000,1874
6576501,1872
6577000,1872
6577501,1872
6578000,1874
6578501,1873
6579000,1873
6579500,1872
6580001,1874
6580500,1873
6581001,1872
6581501,1872
6582000,1873
6582500,1872
6583001,1872
6583500,1872
6584001,1873
6584501,1872
6585000,1872
6585501,1874
6586000,1872
6586500,1871
6587000,1872
6587500,1871
6588001,1872
6588501,1872
6589000,1872
6589501,1872
6590000,1871
6590500,1872
6591001,1873
6591500,1872
6592001,1872
6592500,1872
6593000,1873
6593500,1873
6594001,1873
6594500,1873
6595001,1872
6595500,1872
6596001,1872
6596501,1872
6597000,1872
6597500,1872
6598001,1872
6598501,1872
6599000,1872
6599500,1872
6600001,1872
6600500,1872
6601000,1872
6601500,1872
6602001,1872
6602501,1872
6603000,1872
6603500,1872
6604001,1874
6604501,1872
6605000,1872
6605500,1873
6606000,1871
6606501,1873
6607000,1872
6607501,1872
6608000,1873
6608500,1872
6609000,1872
6609500,1871
6610000,1872
6610501,1873
6611000,1873
6611501,1872
6612000,1872
6612500,1874
6613001,1874
6613500,1872
6614000,1872
6614501,1872
6615000,1872
6615500,1872
6616001,1872
6616500,1872
6617001,1873
6617501,1872
6618000,1872
6618500,1872
6619000,1872
6619500,1872
6620000,1872
6620500,1872
6621001,1872
6621500,1875
6622000,1872
6622501,1872
6623000,1870
6623501,1872
6624000,1872
6624500,1872
6625000,1872
6625500,1872
6626001,1872
6626501,1872
6627000,1874
6627501,1873
6628000,1870
6628501,1872
6629000,1872
6629501,1872
6630000,1872
6630500,1872
6631000,1871
6631500,1872
6632001,1872
6632500,1872
6633000,1873
6633501,1872
6634000,1872
6634500,1872
6635000,1871
6635500,1872
6636000,1872
6636500,1871
6637000,1872
6637500,1872
6638001,1872
6638500,1872
6639000,1872
6639500,1871
6640001,1872
6640500,1871
6641001,1872
6641501,1872
6642000,1873
6642500,1872
6643001,1872
6643501,1871
6644000,1874
6644501,1872
6645000,1871
6645500,1872
6646000,1872
6646501,1872
6647000,1877
6647501,1873
6648000,1872
6648500,1872
6649000,1873
6649500,1872
6650000,1872
6650500,1872
6651000,1872
6651500,1872
6652001,1872
6652500,1872
6653000,1871
6653500,1873
6654001,1872
6654500,1870
6655001,1872
6655501,1875
6656000,1872
6656501,1872
6657000,1872
6657500,1872
6658001,1871
6658500,1872
6659001,1872
6659500,1872
6660000,1872
6660500,1872
6661001,1873
6661500,1872
6662000,1872
6662500,1872
6663001,1872
6663500,1872
6664000,1872
6664500,1874
6665001,1871
6665501,1871
6666000,1872
6666501,1873
6667000,1871
6667500,1872
6668000,1872
6668500,1871
6669001,1872
6669500,1872
6670001,1872
6670501,1872
6671000,1872
6671500,1872
6672000,1871
6672500,1871
6673000,1872
6673501,1872
6674000,1874
6674500,1872
6675001,1872
6675501,1872
6676000,1872
6676500,1873
6677001,1873
6677500,1872
6678000,1872
6678500,1872
6679001,1872
6679500,1872
6680000,1871
6680500,1872
6681000,1871
6681501,1872
6682000,1871
6682500,1872
6683001,1872
6683501,1871
6684000,1872
6684500,1871
6685000,1869
6685500,1872
6686001,1872
6686500,1873
6687000,1872
6687500,1872
6688001,1874
6688501,1872
6689000,1872
6689500,1872
6690000,1872
6690500,1872
6691000,1876
6691500,1872
6692000,1873
6692501,1872
6693000,1872
6693500,1872
6694001,1873
6694500,1870
6695000,1872
6695500,1871
6696000,1872
6696500,1869
6697000,1872
6697501,1872
6698000,1873
6698500,1871
6699001,1872
6699500,1872
6700001,1871
6700500,1872
6701001,1872
6701500,1872
6702000,1872
6702500,1872
6703001,1872
6703500,1872
6704000,1872
6704500,1872
6705000,1872
6705500,1872
6706001,1873
6706501,1874
6707000,1872
6707500,1871
6708001,1872
6708500,1872
6709001,1871
6709500,1870
6710001,1872
6710500,1872
6711000,1872
6711500,1872
6712000,1872
6712500,1871
6713001,1873
6713500,1872
6714000,1872
6714500,1872
6715001,1872
6715500,1874
6716001,1874
6716500,1871
6717000,1872
6717501,1872
6718000,1872
6718500,1872
6719000,1872
6719500,1871
6720001,1870
6720500,1872
6721000,1872
6721500,1872
6722001,1871
6722500,1872
6723001,1871
6723500,1872
6724000,1872
6724500,1872
6725000,1872
6725500,1872
6726001,1872
6726500,1872
6727001,1871
6727501,1871
6728000,1872
6728500,1871
6729000,1872
6729500,1872
6730000,1873
6730500,1874
6731000,1872
6731500,1872
6732001,1872
6732500,1872
6733000,1872
6733500,1871
6734000,1873
6734500,1872
6735001,1872
6735501,1872
6736000,1872
6736501,1871
6737000,1871
6737500,1873
6738001,1872
6738500,1873
6739000,1872
6739500,1871
6740001,1872
6740500,1872
6741000,1872
6741500,1872
6742000,1872
6742500,1873
6743001,1873
6743500,1871
6744001,1868
6744500,1873
6745001,1872
6745500,1872
6746001,1872
6746500,1872
6747000,1873
6747501,1872
6748000,1872
6748501,1872
6749000,1871
6749500,1871
6750000,1872
6750500,1872
6751001,1872
6751501,1873
6752000,1872
6752500,1873
6753000,1873
6753501,1871
6754000,1872
6754500,1872
6755000,1871
6755501,1872
6756000,1872
6756501,1871
6757000,1872
6757501,1872
6758000,1873
6758500,1872
6759001,1872
6759500,1872
6760001,1872
6760500,1873
6761000,1872
6761500,1872
6762001,1872
6762500,1872
6763001,1872
6763500,1873
6764000,1873
6764500,1872
6765000,1872
6765500,1872
6766001,1871
6766501,1872
6767000,1873
6767501,1872
6768000,1872
6768500,1872
6769000,1872
6769501,1872
6770000,1872
6770500,1873
6771000,1873
6771500,1872
6772000,1872
6772500,1874
6773000,1871
6773501,1872
6774000,1872
6774500,1872
6775000,1873
6775500,1872
6776000,1873
6776501,1871
6777000,1875
6777501,1872
6778000,1872
6778500,1872
6779001,1871
6779500,1875
6780000,1872
6780500,1872
6781000,1872
6781500,1872
6782000,1872
6782500,1872
6783001,1872
6783501,1872
6784000,1872
6784500,1872
6785001,1872
6785501,1872
6786000,1871
6786500,1872
6787001,1872
6787501,1874
6788000,1872
6788500,1872
6789001,1871
6789500,1872
6790000,1872
6790501,1872
6791000,1872
6791500,1872
6792000,1875
6792500,1871
6793001,1872
6793500,1873
6794001,1872
6794500,1872
6795000,1871
6795500,1872
6796000,1872
6796500,1872
6797000,1871
6797500,1871
6798001,1872
6798500,1872
6799000,1872
6799500,1872
6800000,1872
6800500,1873
6801000,1872
6801500,1872
6802000,1872
6802500,1872
6803000,1871
6803501,1872
6804000,1872
6804500,1872
6805001,1872
6805501,1872
6806000,1872
6806501,1872
6807000,1872
6807500,1872
6808000,1872
6808500,1870
6809001,1872
6809501,1872
6810000,1872
6810501,1872
6811000,1872
6811500,1873
6812000,1872
6812501,1872
6813000,1872
6813500,1872
6814001,1872
6814501,1872
6815000,1871
6815500,1872
6816001,1872
6816500,1872
6817000,1872
6817500,1872
6818000,1873
6818500,1872
6819000,1874
6819500,1872
6820001,1871
6820501,1872
6821000,1873
6821500,1872
6822000,1872
6822500,1872
6823001,1872
6823500,1872
6824000,1872
6824501,1872
6825000,1872
6825501,1872
6826000,1872
6826501,1872
6827000,1871
6827500,1872
6828000,1872
6828501,1872
6829000,1871
6829501,1872
6830000,1871
6830500,1872
6831000,1872
6831500,1872
6832001,1873
6832501,1872
6833000,1874
6833500,1872
6834000,1875
6834500,1871
6835000,1872
6835500,1872
6836001,1872
6836501,1875
6837000,1872
6837501,1872
6838000,1873
6838500,1872
6839001,1872
6839501,1872
6840000,1871
6840501,1872
6841000,1870
6841500,1873
6842000,1871
6842500,1873
6843001,1872
6843500,1872
6844001,1872
6844501,1872
6845000,1872
6845500,1872
6846001,1872
6846501,1872
6847000,1872
6847500,1872
6848001,1869
6848501,1872
6849000,1872
6849500,1872
6850000,1872
6850500,1872
6851000,1872
6851501,1871
6852000,1872
6852501,1872
6853000,1871
6853501,1872
6854000,1872
6854501,1872
6855000,1872
6855500,1872
6856001,1873
6856500,1870
6857000,1872
6857500,1872
6858001,1871
6858501,1872
6859000,1872
6859500,1872
6860000,1873
6860500,1872
6861000,1872
6861500,1873
6862000,1872
6862500,1872
6863000,1873
6863500,1872
6864000,1872
6864500,1872
6865001,1872
6865500,1872
6866001,1873
6866500,1872
6867000,1872
6867500,1872
6868001,1873
6868500,1872
6869000,1872
6869500,1872
6870000,1872
6870501,1872
6871000,1872
6871501,1871
6872000,1872
6872500,1872
6873000,1872
6873500,1871
6874000,1872
6874500,1872
6875000,1872
6875500,1872
6876000,1871
6876500,1872
6877000,1872
6877501,1872
6878000,1872
6878501,1873
6879000,1872
6879501,1872
6880000,1872
6880500,1872
6881000,1872
6881500,1874
6882000,1872
6882500,1872
6883000,1872
6883500,1873
6884000,1875
6884500,1872
6885001,1872
6885501,1873
6886000,1873
6886500,1872
6887000,1872
6887500,1872
6888001,1872
6888501,1871
6889000,1872
6889500,1872
6890000,1873
6890500,1872
6891001,1872
6891500,1872
6892000,1872
6892500,1872
6893000,1872
6893500,1872
6894000,1872
6894500,1872
6895000,1873
6895500,1873
6896001,1873
6896500,1872
6897001,1870
6897500,1872
6898000,1872
6898500,1874
6899000,1873
6899500,1872
6900001,1872
6900501,1872
6901000,1872
6901501,1872
6902000,1872
6902500,1873
6903000,1873
6903500,1873
6904001,1871
6904500,1872
6905000,1872
6905501,1872
6906000,1872
6906501,1872
6907000,1872
6907500,1871
6908000,1872
6908501,1872
6909000,1872
6909501,1874
6910000,1872
6910500,1872
6911001,1872
6911501,1872
6912000,1873
6912500,1872
6913000,1872
6913501,1873
6914000,1871
6914500,1872
6915000,1872
6915500,1872
6916000,1872
6916501,1872
6917000,1872
6917500,1872
6918001,1873
6918500,1872
6919001,1872
6919500,1873
6920001,1872
6920500,1874
6921000,1872
6921500,1872
6922000,1872
6922500,1872
6923000,1872
6923501,1872
6924000,1872
6924500,1872
6925001,1872
6925500,1872
6926000,1872
6926500,1873
6927000,1872
6927501,1872
6928000,1872
6928500,1872
6929001,1872
6929500,1872
6930001,1872
6930500,1872
6931001,1872
6931501,1872
6932000,1872
6932501,1873
6933000,1873
6933501,1872
6934000,1872
6934500,1872
6935000,1871
6935501,1873
6936000,1874
6936500,1872
6937001,1872
6937500,1872
6938001,1873
6938501,1872
6939000,1872
6939500,1872
6940001,1872
6940501,1872
6941000,1873
6941501,1872
6942000,1872
6942501,1871
6943000,1871
6943500,1872
6944000,1872
6944500,1872
6945001,1872
6945500,1872
6946000,1872
6946501,1872
6947000,1872
6947500,1873
6948000,1872
6948500,1872
6949000,1871
6949501,1872
6950000,1872
6950500,1873
6951001,1872
6951500,1872
6952000,1872
6952501,1873
6953000,1872
6953500,1871
6954001,1872
6954501,1872
6955000,1872
6955501,1871
6956000,1872
6956501,1872
6957000,1871
6957501,1871
6958000,1872
6958500,1872
6959000,1872
6959500,1873
6960000,1871
6960500,1872
6961000,1872
6961500,1872
6962000,1872
6962501,1872
6963000,1872
6963501,1872
6964000,1875
6964500,1872
6965000,1872
6965500,1873
6966001,1871
6966500,1873
6967001,1872
6967501,1872
6968000,1873
6968500,1872
6969000,1872
6969500,1872
6970001,1872
6970501,1871
6971000,1872
6971501,1872
6972000,1872
6972500,1872
6973000,1871
6973500,1871
6974000,1872
6974500,1872
6975000,1872
6975500,1872
6976000,1872
6976501,1872
6977000,1872
6977500,1872
6978001,1872
6978500,1872
6979000,1871
6979500,1872
6980000,1870
6980500,1873
6981000,1872
6981500,1872
6982000,1874
6982500,1872
6983001,1872
6983501,1872
6984000,1872
6984500,1870
6985000,1872
6985500,1872
6986000,1872
6986500,1875
6987000,1873
6987500,1872
6988000,1872
6988500,1872
6989000,1872
6989500,1870
6990001,1872
6990500,1872
6991001,1873
6991500,1873
6992000,1872
6992500,1872
6993000,1872
6993500,1871
6994001,1872
6994501,1872
6995000,1869
6995500,1872
6996000,1874
6996500,1872
6997001,1872
6997501,1871
6998000,1873
6998500,1872
6999000,1872
6999500,1872
7000000,1873
7000501,1873
7001000,1874
7001500,1872
7002000,1872
7002500,1872
7003000,1872
7003500,1872
7004001,1869
7004501,1872
7005000,1872
7005500,1872
7006000,1872
7006500,1872
7007000,1872
7007500,1872
7008001,1872
7008500,1872
7009001,1872
7009501,1872
7010000,1872
7010500,1872
7011001,1873
7011500,1872
7012001,1873
7012501,1872
7013000,1873
7013500,1873
7014000,1872
7014500,1872
7015001,1873
7015500,1873
7016001,1872
7016501,1874
7017000,1872
7017500,1872
7018001,1872
7018500,1872
7019001,1871
7019501,1872
7020000,1872
7020500,1873
7021000,1872
7021501,1872
7022000,1872
7022501,1872
7023000,1874
7023500,1874
7024000,1872
7024500,1872
7025000,1873
7025500,1872
7026000,1872
7026501,1872
7027000,1872
7027501,1872
7028000,1872
7028501,1872
7029000,1871
7029501,1871
7030000,1873
7030500,1872
7031000,1872
7031500,1874
7032000,1874
7032500,1871
7033001,1872
7033501,1872
7034000,1874
7034500,1872
7035001,1873
7035500,1873
7036000,1872
7036501,1874
7037000,1872
7037500,1872
7038001,1872
7038500,1871
7039001,1872
7039500,1872
7040000,1873
7040500,1870
7041000,1872
7041501,1872
7042000,1872
7042500,1872
7043000,1872
7043500,1872
7044001,1872
7044500,1872
7045000,1872
7045500,1873
7046000,1872
7046500,1872
7047000,1873
7047500,1873
7048000,1872
7048500,1872
7049001,1872
7049500,1872
7050000,1872
7050500,1876
7051000,1871
7051501,1872
7052000,1871
7052500,1874
7053000,1875
7053501,1872
7054000,1874
7054500,1872
7055000,1872
7055500,1872
7056000,1871
7056500,1869
7057000,1872
7057501,1872
7058000,1872
7058501,1870
7059000,1872
7059500,1872
7060000,1871
7060501,1872
7061000,1872
7061500,1872
7062000,1871
7062500,1872
7063000,1870
7063500,1872
7064001,1870
7064500,1871
7065000,1872
7065500,1872
7066001,1872
7066500,1872
7067001,1872
7067500,1872
7068001,1872
7068501,1871
7069000,1872
7069501,1872
7070000,1872
7070500,1872
7071000,1872
7071500,1872
7072000,1872
7072500,1872
7073000,1871
7073500,1872
7074000,1872
7074500,1871
7075001,1872
7075500,1870
7076000,1872
7076500,1872
7077000,1871
7077500,1872
7078000,1871
7078501,1872
7079000,1872
7079501,1872
7080000,1872
7080500,1872
7081001,1872
7081501,1871
7082000,1872
7082501,1872
7083000,1871
7083501,1870
7084000,1870
7084500,1873
7085000,1871
7085500,1873
7086001,1872
7086500,1873
7087001,1873
7087501,1872
7088000,1872
7088500,1873
7089000,1872
7089500,1873
7090001,1872
7090500,1873
7091001,1872
7091500,1872
7092000,1873
7092501,1871
7093000,1871
7093500,1871
7094000,1870
7094501,1872
7095000,1871
7095500,1873
7096001,1872
7096501,1873
7097000,1873
7097500,1875
7098001,1872
7098500,1872
7099001,1872
7099500,1872
7100001,1872
7100500,1871
7101000,1873
7101500,1872
7102001,1872
7102501,1872
7103000,1872
7103500,1873
7104001,1872
7104501,1872
7105000,1872
7105501,1872
7106000,1872
7106501,1872
7107000,1872
7107500,1872
7108000,1872
7108500,1872
7109000,1872
7109500,1872
7110000,1875
7110501,1872
7111000,1872
7111501,1872
7112000,1873
7112501,1872
7113000,1872
7113501,1872
7114000,1871
7114500,1874
7115000,1872
7115501,1873
7116000,1872
7116501,1870
7117000,1872
7117500,1870
7118000,1873
7118501,1872
7119000,1873
7119500,1872
7120000,1872
7120501,1872
7121000,1872
7121501,1871
7122000,1872
7122500,1873
7123000,1872
7123500,1872
7124000,1872
7124500,1872
7125001,1872
7125500,1872
7126001,1872
7126501,1872
7127000,1872
7127501,1872
7128000,1872
7128500,1872
7129000,1871
7129500,1872
7130001,1872
7130500,1873
7131001,1873
7131500,1872
7132001,1870
7132500,1872
7133000,1872
7133500,1872
7134000,1872
7134500,1872
7135001,1872
7135500,1872
7136001,1872
7136501,1872
7137000,1872
7137500,1872
7138000,1873
7138500,1872
7139001,1872
7139500,1872
7140000,1872
7140501,1872
7141000,1873
7141500,1872
7142001,1872
7142500,1872
7143001,1872
7143500,1872
7144001,1872
7144501,1872
7145000,1871
7145500,1872
7146001,1872
7146500,1872
7147001,1872
7147500,1872
7148000,1872
7148500,1872
7149001,1872
7149500,1871
7150000,1871
7150500,1872
7151000,1872
7151500,1871
7152000,1870
7152500,1872
7153000,1871
7153500,1872
7154001,1872
7154501,1874
7155000,1872
7155500,1872
7156000,1872
7156501,1873
7157000,1873
7157501,1872
7158000,1872
7158501,1872
7159000,1873
7159500,1874
7160001,1871
7160501,1872
7161000,1872
7161500,1872
7162000,1872
7162500,1872
7163001,1872
7163501,1871
7164000,1872
7164501,1871
7165000,1872
7165500,1872
7166000,1872
7166500,1872
7167001,1872
7167500,1872
7168000,1871
7168500,1872
7169000,1872
7169500,1871
7170000,1872
7170500,1872
7171000,1871
7171501,1872
7172000,1873
7172500,1872
7173000,1874
7173500,1869
7174000,1872
7174500,1872
7175000,1871
7175501,1872
7176000,1870
7176501,1872
7177000,1873
7177501,1872
7178000,1871
7178500,1872
7179001,1871
7179500,1873
7180000,1873
7180500,1872
7181000,1872
7181500,1872
7182001,1871
7182501,1872
7183000,1871
7183500,1872
7184001,1872
7184500,1873
7185001,1873
7185500,1872
7186000,1872
7186500,1872
7187000,1871
7187501,1872
7188000,1872
7188501,1874
7189000,1872
7189500,1872
7190001,1873
7190500,1872
7191000,1872
7191501,1872
7192000,1873
7192501,1872
7193000,1871
7193500,1872
7194001,1872
7194501,1872
7195000,1873
7195500,1872
7196001,1871
7196500,1873
7197000,1871
7197500,1872
7198000,1873
7198500,1872
7199000,1872
7199500,1871
7200000,1871
7200501,1874
7201000,1872
7201501,1872
7202000,1872
7202501,1872
7203000,1872
7203500,1872
7204001,1872
7204501,1872
7205000,1872
7205500,1871
7206000,1873
7206500,1872
7207000,1872
7207500,1872
7208000,1872
7208500,1872
7209000,1873
7209500,1872
7210001,1871
7210500,1871
7211000,1872
7211500,1872
7212001,1874
7212501,1872
7213000,1872
7213500,1871
7214000,1872
7214500,1872
7215000,1872
7215500,1872
7216001,1872
7216501,1872
7217000,1872
7217500,1872
7218001,1872
7218500,1870
7219000,1872
7219500,1872
7220000,1872
7220501,1872
7221000,1872
7221501,1872
7222000,1872
7222501,1871
7223000,1872
7223500,1872
7224000,1876
7224501,1872
7225000,1872
7225500,1872
7226001,1875
7226501,1873
7227000,1872
7227500,1872
7228001,1872
7228500,1872
7229001,1872
7229501,1872
7230000,1873
7230501,1871
7231000,1872
7231501,1872
7232000,1872
7232500,1872
7233001,1873
7233500,1872
7234000,1872
7234500,1872
7235001,1872
7235501,1874
7236000,1869
7236500,1872
7237001,1872
7237500,1872
7238001,1872
7238501,1872
7239000,1872
7239500,1873
7240001,1873
7240500,1872
7241000,1872
7241500,1872
7242001,1872
7242500,1872
7243000,1873
7243500,1872
7244001,1872
7244500,1872
7245001,1872
7245500,1872
7246001,1872
7246501,1872
7247000,1872
7247501,1871
7248000,1871
7248500,1874
7249000,1871
7249500,1872
7250001,1872
7250500,1872
7251001,1872
7251500,1872
7252000,1872
7252500,1870
7253001,1872
7253500,1872
7254001,1872
7254500,1872
7255001,1872
7255501,1872
7256000,1872
7256500,1872
7257000,1874
7257501,1871
7258000,1872
7258501,1871
7259000,1872
7259500,1872
7260000,1875
7260501,1872
7261000,1872
7261500,1872
7262000,1871
7262501,1872
7263000,1872
7263500,1872
7264000,1872
7264501,1872
7265000,1872
7265500,1872
7266000,1871
7266501,1873
7267000,1874
7267501,1872
7268000,1872
7268501,1872
7269000,1872
7269501,1872
7270000,1872
7270500,1872
7271000,1872
7271500,1872
7272001,1872
7272500,1872
7273001,1872
7273500,1872
7274000,1871
7274500,1874
7275001,1872
7275501,1873
7276000,1872
7276501,1872
7277000,1872
7277500,1873
7278000,1872
7278500,1872
7279000,1871
7279500,1872
7280000,1872
7280500,1872
7281000,1872
7281500,1872
7282000,1872
7282500,1872
7283000,1872
7283501,1873
7284000,1872
7284500,1872
7285000,1872
7285500,1872
7286000,1872
7286500,1872
7287001,1872
7287501,1872
7288000,1873
7288500,1872
7289000,1872
7289500,1873
7290000,1872
7290500,1872
7291000,1872
7291500,1872
7292000,1872
7292501,1872
7293000,1872
7293500,1872
7294000,1872
7294500,1872
7295000,1871
7295500,1872
7296000,1872
7296500,1872
7297001,1874
7297500,1873
7298000,1872
7298500,1872
7299000,1871
7299501,1872
7300000,1871
7300500,1871
7301000,1872
7301500,1872
7302000,1872
7302500,1872
7303001,1872
7303500,1872
7304000,1872
7304500,1872
7305000,1871
7305500,1873
7306000,1873
7306500,1873
7307000,1872
7307500,1872
7308001,1872
7308500,1872
7309001,1872
7309500,1871
7310000,1872
7310501,1872
7311000,1872
7311500,1872
7312001,1872
7312500,1872
7313000,1875
7313501,1872
7314000,1872
7314500,1872
7315000,1872
7315500,1873
7316000,1872
7316500,1872
7317001,1874
7317501,1873
7318000,1872
7318500,1872
7319000,1872
7319500,1872
7320000,1872
7320501,1872
7321000,1872
7321500,1872
7322000,1874
7322500,1872
7323000,1872
7323501,1872
7324000,1872
7324500,1872
7325000,1872
7325500,1872
7326000,1874
7326500,1872
7327000,1871
7327500,1869
7328000,1872
7328500,1872
7329000,1872
7329500,1871
7330001,1872
7330501,1872
7331000,1871
7331501,1871
7332000,1872
7332501,1872
7333000,1872
7333501,1872
7334000,1872
7334501,1871
7335000,1872
7335500,1872
7336001,1872
7336501,1872
7337000,1873
7337501,1872
7338000,1872
7338501,1873
7339000,1872
7339501,1872
7340000,1872
7340501,1872
7341000,1872
7341500,1871
7342001,1872
7342500,1873
7343000,1871
7343500,1873
7344001,1872
7344501,1872
7345000,1872
7345501,1872
7346000,1874
7346500,1872
7347000,1873
7347500,1872
7348001,1872
7348501,1871
7349000,1872
7349500,1872
7350000,1874
7350500,1874
7351000,1870
7351500,1871
7352000,1870
7352500,1872
7353000,1872
7353500,1872
7354001,1872
7354501,1874
7355000,1872
7355500,1872
7356001,1872
7356500,1872
7357000,1872
7357500,1872
7358000,1872
7358500,1872
7359001,1875
7359500,1872
7360000,1872
7360500,1872
7361000,1872
7361500,1873
7362001,1872
7362500,1872
7363000,1872
7363501,1871
7364000,1874
7364500,1872
7365001,1872
7365500,1872
7366000,1873
7366500,1872
7367000,1872
7367500,1874
7368000,1872
7368501,1871
7369000,1872
7369501,1872
7370000,1872
7370500,1872
7371000,1872
7371500,1872
7372000,1872
7372501,1872
7373000,1872
7373500,1874
7374000,1873
7374500,1872
7375000,1872
7375501,1873
7376000,1872
7376500,1872
7377001,1872
7377500,1872
7378001,1871
7378501,1871
7379000,1873
7379501,1872
7380000,1873
7380501,1873
7381000,1873
7381500,1872
7382000,1873
7382500,1872
7383000,1872
7383500,1872
7384000,1872
7384501,1872
7385000,1872
7385500,1872
7386000,1872
7386501,1872
7387000,1872
7387500,1872
7388000,1874
7388500,1872
7389001,1871
7389500,1872
7390000,1872
7390501,1872
7391000,1872
7391500,1872
7392000,1872
7392500,1872
7393000,1872
7393500,1872
7394000,1872
7394500,1872
7395000,1872
7395501,1872
7396000,1872
7396500,1871
7397000,1872
7397501,1872
7398000,1872
7398500,1872
7399000,1872
7399500,1872
7400001,1872
7400500,1872
7401001,1872
7401500,1872
7402001,1872
7402500,1872
7403000,1872
7403500,1872
7404000,1872
7404500,1872
7405000,1871
7405501,1872
7406000,1871
7406500,1872
7407000,1869
7407500,1871
7408000,1872
7408501,1872
7409000,1872
7409500,1872
7410001,1872
7410500,1872
7411000,1872
7411500,1872
7412001,1872
7412500,1872
7413001,1872
7413500,1873
7414001,1872
7414500,1872
7415001,1872
7415500,1871
7416001,1872
7416500,1871
7417001,1872
7417501,1873
7418000,1872
7418500,1873
7419001,1872
7419500,1872
7420000,1871
7420501,1873
7421000,1872
7421501,1870
7422000,1872
7422501,1870
7423000,1872
7423500,1872
7424000,1872
7424501,1872
7425000,1872
7425500,1872
7426000,1872
7426501,1872
7427000,1872
7427501,1872
7428000,1872
7428500,1872
7429000,1872
7429500,1872
7430000,1872
7430501,1872
7431000,1873
7431501,1872
7432000,1872
7432501,1872
7433000,1872
7433501,1872
7434000,1871
7434501,1872
7435000,1872
7435501,1872
7436000,1871
7436500,1872
7437000,1872
7437500,1872
7438000,1872
7438500,1872
7439001,1872
7439501,1872
7440000,1872
7440500,1872
7441001,1872
7441501,1872
7442000,1872
7442500,1872
7443000,1873
7443500,1873
7444001,1872
7444500,1870
7445001,1872
7445500,1873
7446000,1872
7446500,1872
7447000,1871
7447500,1872
7448000,1872
7448500,1872
7449001,1871
7449500,1872
7450001,1872
7450500,1872
7451000,1872
7451500,1872
7452001,1873
7452501,1872
7453000,1873
7453500,1872
7454001,1872
7454501,1872
7455000,1873
7455500,1873
7456000,1872
7456500,1872
7457000,1872
7457501,1872
7458000,1872
7458500,1873
7459000,1872
7459500,1872
7460000,1872
7460500,1872
7461000,1872
7461500,1872
7462000,1872
7462501,1872
7463000,1873
7463500,1873
7464001,1872
7464501,1872
7465000,1872
7465500,1872
7466000,1872
7466500,1872
7467000,1872
7467500,1872
7468001,1872
7468500,1872
7469000,1873
7469500,1872
7470000,1872
7470500,1872
7471000,1872
7471500,1872
7472001,1869
7472500,1870
7473001,1872
7473500,1871
7474000,1872
7474501,1872
7475000,1873
7475501,1872
7476000,1872
7476501,1872
7477000,1874
7477500,1873
7478001,1872
7478500,1872
7479001,1872
7479501,1873
7480000,1872
7480500,1872
7481000,1872
7481500,1872
7482000,1872
7482500,1871
7483000,1872
7483500,1872
7484001,1872
7484501,1872
7485000,1872
7485500,1872
7486001,1873
7486501,1872
7487000,1872
7487501,1872
7488000,1873
7488500,1873
7489001,1873
7489501,1875
7490000,1872
7490500,1873
7491000,1872
7491500,1874
7492000,1873
7492501,1872
7493000,1872
7493500,1872
7494000,1871
7494500,1873
7495000,1874
7495500,1872
7496000,1872
7496500,1872
7497000,1871
7497500,1872
7498000,1872
7498500,1874
7499001,1872
7499500,1872
7500001,1872
7500500,1872
7501000,1872
7501500,1871
7502001,1872
7502501,1872
7503000,1872
7503500,1872
7504001,1873
7504501,1872
7505000,1872
7505501,1872
7506000,1872
7506500,1872
7507000,1871
7507500,1872
7508000,1872
7508501,1871
7509000,1872
7509500,1872
7510000,1872
7510500,1872
7511001,1872
7511500,1872
7512000,1873
7512500,1872
7513000,1871
7513500,1872
7514001,1872
7514500,1871
7515000,1871
7515501,1872
7516000,1871
7516500,1871
7517000,1872
7517500,1872
7518000,1872
7518501,1872
7519000,1872
7519500,1872
7520000,1872
7520500,1872
7521001,1871
7521500,1873
7522000,1872
7522501,1873
7523000,1871
7523500,1872
7524001,1871
7524500,1872
7525000,1874
7525500,1872
7526000,1873
7526500,1873
7527000,1870
7527500,1873
7528001,1874
7528500,1872
7529000,1871
7529501,1872
7530000,1874
7530500,1872
7531001,1873
7531501,1872
7532000,1872
7532500,1872
7533000,1871
7533500,1872
7534000,1872
7534500,1872
7535000,1871
7535501,1872
7536000,1872
7536500,1871
7537001,1872
7537501,1872
7538000,1871
7538500,1870
7539000,1872
7539501,1874
7540000,1873
7540500,1873
7541000,1872
7541501,1872
7542000,1872
7542500,1872
7543000,1872
7543500,1872
7544000,1869
7544500,1871
7545001,1872
7545501,1872
7546000,1872
7546500,1873
7547000,1873
7547500,1872
7548000,1872
7548500,1872
7549000,1871
7549500,1874
7550001,1873
7550500,1872
7551000,1872
7551501,1874
7552000,1872
7552500,1873
7553000,1872
7553500,1872
7554000,1872
7554500,1872
7555000,1873
7555501,1874
7556000,1872
7556500,1872
7557001,1871
7557501,1872
7558000,1872
7558500,1872
7559001,1872
7559500,1874
7560001,1872
7560500,1872
7561000,1872
7561500,1872
7562001,1873
7562501,1872
7563000,1872
7563500,1872
7564000,1872
7564500,1875
7565001,1872
7565501,1872
7566000,1873
7566500,1873
7567000,1872
7567501,1872
7568000,1872
7568500,1872
7569000,1871
7569501,1872
7570000,1874
7570501,1873
7571000,1873
7571500,1871
7572000,1872
7572500,1872
7573001,1872
7573500,1873
7574001,1873
7574501,1872
7575000,1873
7575500,1872
7576001,1871
7576500,1872
7577001,1872
7577500,1872
7578000,1871
7578500,1872
7579001,1872
7579500,1873
7580000,1874
7580500,1872
7581001,1872
7581501,1873
7582000,1871
7582500,1869
7583000,1872
7583501,1872
7584000,1871
7584500,1872
7585001,1872
7585500,1872
7586001,1872
7586500,1870
7587001,1872
7587501,1872
7588000,1872
7588500,1872
7589000,1872
7589501,1872
7590000,1870
7590500,1872
7591000,1872
7591500,1873
7592000,1872
7592500,1872
7593000,1872
7593500,1873
7594001,1871
7594500,1872
7595001,1872
7595500,1872
7596000,1872
7596500,1872
7597000,1872
7597501,1872
7598000,1872
7598500,1875
7599000,1872
7599500,1875
7600001,1872
7600500,1872
7601001,1872
7601500,1874
7602001,1872
7602501,1872
7603000,1872
7603501,1874
7604000,1873
7604500,1872
7605001,1872
7605500,1871
7606000,1871
7606501,1872
7607000,1874
7607500,1873
7608000,1872
7608500,1872
7609001,1872
7609500,1873
7610000,1872
7610501,1872
7611000,1873
7611500,1872
7612000,1872
7612500,1871
7613000,1873
7613500,1872
7614001,1872
7614500,1872
7615000,1872
7615500,1872
7616000,1872
7616500,1872
7617000,1872
7617500,1873
7618001,1872
7618501,1872
7619000,1872
7619501,1872
7620000,1872
7620501,1872
7621000,1872
7621500,1872
7622000,1872
7622501,1867
7623000,1872
7623501,1872
7624000,1871
7624501,1872
7625000,1873
7625500,1871
7626000,1872
7626501,1872
7627000,1871
7627501,1872
7628000,1873
7628500,1872
7629000,1871
7629500,1872
7630000,1872
7630501,1872
7631000,1872
7631501,1872
7632000,1872
7632500,1871
7633000,1872
7633500,1872
7634000,1872
7634501,1872
7635000,1872
7635500,1874
7636000,1872
7636500,1872
7637000,1872
7637500,1871
7638001,1872
7638500,1872
7639000,1871
7639500,1873
7640000,1872
7640500,1874
7641001,1872
7641501,1872
7642000,1872
7642500,1871
7643000,1873
7643501,1871
7644000,1871
7644501,1872
7645000,1873
7645501,1872
7646000,1873
7646500,1873
7647000,1872
7647500,1872
7648001,1872
7648500,1872
7649001,1872
7649501,1872
7650000,1872
7650501,1872
7651000,1872
7651500,1872
7652000,1872
7652500,1872
7653000,1873
7653500,1871
7654000,1872
7654501,1871
7655000,1870
7655500,1872
7656001,1872
7656500,1872
7657000,1871
7657500,1872
7658000,1872
7658500,1872
7659000,1871
7659500,1872
7660000,1872
7660501,1872
7661000,1872
7661500,1872
7662001,1872
7662500,1872
7663001,1872
7663500,1872
7664000,1872
7664500,1873
7665000,1872
7665501,1871
7666000,1871
7666500,1872
7667000,1872
7667500,1872
7668001,1872
7668500,1872
7669000,1872
7669500,1872
7670000,1872
7670500,1872
7671000,1871
7671500,1872
7672000,1872
7672500,1873
7673000,1870
7673500,1872
7674001,1873
7674500,1871
7675000,1872
7675500,1872
7676000,1871
7676501,1872
7677000,1873
7677500,1872
7678000,1871
7678501,1872
7679000,1872
7679501,1872
7680000,1873
7680500,1872
7681000,1869
7681500,1871
7682001,1871
7682500,1870
7683000,1872
7683500,1872
7684001,1872
7684501,1872
7685000,1874
7685501,1872
7686000,1872
7686501,1872
7687000,1872
7687500,1872
7688001,1872
7688501,1872
7689000,1872
7689500,1872
7690001,1872
7690501,1872
7691000,1872
7691500,1872
7692000,1872
7692500,1872
7693000,1872
7693501,1872
7694000,1872
7694500,1872
7695001,1871
7695501,1872
7696000,1872
7696500,1872
7697000,1873
7697500,1872
7698001,1872
7698500,1874
7699001,1872
7699500,1872
7700000,1871
7700500,1875
7701001,1872
7701500,1872
7702000,1872
7702500,1872
7703000,1872
7703500,1872
7704000,1874
7704500,1872
7705001,1873
7705500,1872
7706000,1872
7706500,1872
7707000,1872
7707500,1872
7708000,1872
7708500,1872
7709001,1872
7709500,1871
7710000,1872
7710501,1874
7711000,1872
7711500,1872
7712001,1872
7712501,1872
7713000,1872
7713500,1871
7714000,1872
7714500,1870
7715001,1872
7715500,1873
7716000,1871
7716501,1872
7717000,1872
7717501,1872
7718000,1871
7718501,1871
7719000,1872
7719500,1872
7720000,1872
7720501,1872
7721000,1872
7721501,1872
7722000,1869
7722500,1872
7723000,1872
7723500,1872
7724000,1874
7724500,1871
7725000,1873
7725500,1872
7726001,1871
7726500,1872
7727000,1872
7727500,1873
7728001,1873
7728500,1872
7729000,1872
7729501,1871
7730000,1874
7730501,1872
7731000,1872
7731500,1870
7732000,1872
7732500,1872
7733000,1873
7733500,1871
7734001,1874
7734500,1872
7735001,1872
7735500,1872
7736001,1873
7736500,1872
7737000,1870
7737500,1872
7738000,1872
7738501,1874
7739000,1872
7739501,1872
7740000,1872
7740500,1872
7741000,1872
7741500,1872
7742000,1872
7742500,1872
7743000,1872
7743500,1872
7744001,1872
7744500,1872
7745000,1872
7745500,1872
7746001,1872
7746500,1872
7747000,1872
7747501,1872
7748000,1872
7748500,1870
7749000,1872
7749500,1872
7750000,1872
7750500,1872
7751000,1871
7751501,1872
7752000,1872
7752500,1872
7753000,1871
7753500,1872
7754001,1873
7754500,1871
7755001,1872
7755500,1872
7756000,1872
7756500,1872
7757000,1872
7757500,1872
7758000,1872
7758501,1870
7759000,1872
7759501,1870
7760000,1872
7760500,1872
7761001,1872
7761500,1872
7762000,1870
7762500,1872
7763001,1873
7763501,1872
7764000,1871
7764500,1873
7765000,1872
7765500,1872
7766000,1872
7766500,1872
7767001,1873
7767500,1875
7768001,1872
7768500,1872
7769000,1872
7769500,1870
7770000,1872
7770500,1872
7771001,1873
7771500,1872
7772001,1872
7772501,1872
7773000,1872
7773500,1872
7774000,1873
7774500,1872
7775001,1872
7775500,1872
7776001,1872
7776501,1871
7777000,1872
7777501,1872
7778000,1872
7778500,1872
7779001,1873
7779500,1872
7780001,1872
7780501,1873
7781000,1872
7781500,1874
7782000,1871
7782500,1872
7783000,1872
7783500,1875
7784001,1872
7784500,1872
7785000,1872
7785500,1872
7786000,1872
7786500,1870
7787000,1872
7787500,1871
7788000,1872
7788501,1871
7789000,1871
7789500,1870
7790000,1873
7790500,1872
7791000,1872
7791500,1871
7792000,1873
7792500,1871
7793000,1872
7793500,1872
7794000,1872
7794500,1872
7795001,1872
7795500,1872
7796001,1871
7796501,1871
7797000,1872
7797500,1872
7798000,1872
7798500,1872
7799001,1872
7799501,1872
7800000,1872
7800500,1872
7801000,1872
7801500,1872
7802000,1871
7802501,1872
7803000,1872
7803500,1872
7804000,1872
7804500,1873
7805001,1872
7805500,1872
7806000,1872
7806500,1872
7807000,1872
7807500,1872
7808001,1872
7808500,1872
7809000,1872
7809501,1872
7810000,1872
7810501,1871
7811000,1871
7811500,1872
7812001,1872
7812500,1876
7813001,1872
7813500,1872
7814001,1872
7814500,1872
7815000,1874
7815501,1871
7816000,1873
7816501,1872
7817000,1870
7817500,1872
7818001,1871
7818500,1872
7819001,1872
7819500,1871
7820000,1872
7820500,1872
7821001,1873
7821501,1871
7822000,1872
7822500,1870
7823000,1872
7823500,1873
7824000,1872
7824500,1872
7825001,1872
7825500,1871
7826001,1872
7826501,1873
7827000,1872
7827501,1871
7828000,1872
7828500,1872
7829001,1873
7829500,1872
7830001,1870
7830500,1872
7831001,1871
7831500,1871
7832000,1872
7832500,1872
7833000,1871
7833501,1871
7834000,1872
7834501,1872
7835000,1872
7835501,1874
7836000,1872
7836500,1872
7837001,1873
7837501,1870
7838000,1872
7838500,1872
7839001,1872
7839500,1872
7840000,1870
7840500,1872
7841000,1872
7841500,1872
7842000,1871
7842500,1872
7843000,1872
7843500,1874
7844000,1872
7844500,1873
7845001,1872
7845501,1872
7846000,1872
7846501,1872
7847000,1872
7847501,1873
7848000,1875
7848500,1872
7849000,1870
7849501,1872
7850000,1871
7850501,1872
7851000,1871
7851500,1873
7852001,1872
7852500,1872
7853001,1872
7853501,1872
7854000,1872
7854500,1872
7855000,1872
7855500,1872
7856001,1873
7856501,1872
7857000,1872
7857500,1872
7858000,1872
7858500,1872
7859000,1872
7859501,1872
7860000,1870
7860500,1872
7861000,1872
7861500,1872
7862001,1872
7862501,1872
7863000,1871
7863500,1871
7864000,1872
7864501,1870
7865000,1871
7865500,1872
7866000,1872
7866500,1872
7867000,1871
7867500,1871
7868000,1872
7868501,1872
7869000,1873
7869500,1872
7870000,1872
7870501,1870
7871000,1872
7871500,1872
7872001,1872
7872500,1871
7873001,1872
7873501,1871
7874000,1871
7874500,1872
7875001,1872
7875501,1872
7876000,1875
7876501,1873
7877000,1872
7877500,1872
7878000,1872
7878500,1872
7879001,1872
7879500,1872
7880001,1875
7880500,1871
7881001,1872
7881500,1872
7882001,1872
7882500,1873
7883000,1874
7883500,1873
7884000,1872
7884500,1872
7885000,1873
7885500,1872
7886000,1870
7886500,1872
7887000,1871
7887500,1872
7888001,1872
7888501,1872
7889000,1872
7889501,1873
7890000,1872
7890500,1872
7891000,1872
7891500,1872
7892000,1870
7892500,1873
7893001,1871
7893500,1872
7894000,1873
7894500,1872
7895000,1872
7895500,1870
7896001,1871
7896501,1872
7897000,1873
7897500,1872
7898000,1872
7898501,1872
7899000,1872
7899500,1873
7900000,1873
7900501,1870
7901000,1872
7901501,1872
7902000,1872
7902501,1872
7903000,1872
7903501,1872
7904000,1872
7904501,1872
7905000,1872
7905500,1872
7906001,1872
7906500,1872
7907000,1872
7907500,1872
7908000,1872
7908500,1872
7909001,1872
7909500,1872
7910001,1871
7910500,1872
7911000,1873
7911500,1872
7912000,1873
7912501,1872
7913000,1872
7913500,1872
7914000,1869
7914500,1872
7915000,1871
7915500,1875
7916000,1870
7916500,1873
7917000,1873
7917501,1872
7918000,1873
7918500,1872
7919001,1872
7919501,1872
7920000,1872
7920500,1872
7921000,1869
7921500,1872
7922001,1872
7922500,1872
7923001,1872
7923501,1871
7924000,1872
7924500,1873
7925001,1872
7925501,1872
7926000,1872
7926500,1872
7927000,1872
7927500,1872
7928001,1872
7928500,1872
7929000,1872
7929501,1872
7930000,1872
7930500,1871
7931000,1872
7931500,1871
7932000,1872
7932500,1873
7933000,1872
7933501,1872
7934000,1872
7934500,1872
7935000,1873
7935501,1872
7936000,1872
7936500,1872
7937000,1872
7937501,1869
7938000,1872
7938500,1872
7939000,1872
7939501,1872
7940000,1873
7940501,1873
7941000,1873
7941501,1871
7942000,1872
7942501,1872
7943000,1872
7943500,1872
7944001,1872
7944500,1872
7945000,1871
7945500,1872
7946001,1872
7946500,1872
7947001,1869
7947500,1873
7948001,1872
7948500,1872
7949000,1872
7949501,1872
7950000,1875
7950500,1872
7951001,1873
7951501,1872
7952000,1874
7952501,1872
7953000,1872
7953501,1872
7954000,1872
7954500,1870
7955000,1872
7955500,1870
7956000,1871
7956501,1872
7957000,1872
7957501,1872
7958000,1873
7958501,1872
7959000,1871
7959500,1872
7960001,1872
7960501,1872
7961000,1872
7961501,1871
7962000,1872
7962500,1872
7963001,1872
7963501,1873
7964000,1872
7964501,1872
7965000,1872
7965500,1873
7966000,1872
7966500,1872
7967001,1872
7967500,1872
7968000,1871
7968500,1872
7969000,1872
7969500,1872
7970001,1872
7970501,1872
7971000,1872
7971500,1872
7972000,1872
7972500,1872
7973001,1872
7973500,1872
7974001,1874
7974501,1872
7975000,1872
7975501,1872
7976000,1872
7976500,1873
7977000,1872
7977500,1872
7978001,1871
7978501,1873
7979000,1874
7979500,1873
7980000,1873
7980500,1872
7981000,1872
7981500,1873
7982000,1873
7982500,1872
7983001,1872
7983501,1872
7984000,1871
7984500,1874
7985001,1872
7985500,1872
7986001,1872
7986500,1872
7987000,1872
7987500,1872
7988001,1873
7988500,1872
7989000,1872
7989500,1872
7990000,1871
7990500,1872
7991001,1872
7991501,1872
7992000,1872
7992500,1872
7993000,1872
7993500,1872
7994001,1872
7994500,1871
7995001,1873
7995500,1875
7996001,1873
7996500,1873
7997001,1872
7997501,1872
7998000,1872
7998500,1871
7999001,1871
7999500,1872
8000000,1872
8000500,1872
8001001,1871
8001500,1872
8002000,1872
8002500,1870
8003001,1872
8003500,1872
8004000,1872
8004500,1871
8005000,1872
8005500,1872
8006000,1872
8006500,1872
8007000,1869
8007500,1872
8008000,1872
8008500,1872
8009000,1872
8009500,1873
8010000,1873
8010501,1872
8011000,1872
8011500,1872
8012000,1872
8012500,1872
8013000,1872
8013500,1872
8014000,1872
8014500,1871
8015001,1873
8015500,1873
8016000,1871
8016501,1873
8017000,1872
8017500,1872
8018001,1875
8018500,1872
8019000,1872
8019500,1872
8020000,1875
8020501,1872
8021000,1872
8021501,1872
8022000,1872
8022500,1872
8023001,1873
8023500,1872
8024000,1872
8024501,1872
8025000,1871
8025501,1872
8026000,1871
8026500,1872
8027001,1873
8027500,1872
8028000,1873
8028501,1872
8029000,1872
8029501,1872
8030000,1873
8030501,1873
8031000,1872
8031500,1873
8032001,1872
8032501,1872
8033000,1872
8033500,1872
8034000,1873
8034501,1872
8035000,1874
8035500,1873
8036000,1872
8036500,1872
8037000,1872
8037500,1873
8038001,1872
8038500,1872
8039000,1872
8039500,1873
8040000,1872
8040501,1873
8041000,1874
8041500,1872
8042001,1872
8042500,1871
8043001,1873
8043501,1872
8044000,1872
8044500,1872
8045000,1872
8045501,1872
8046000,1872
8046500,1872
8047001,1873
8047501,1872
8048000,1873
8048500,1872
8049001,1873
8049501,1872
8050000,1872
8050500,1872
8051000,1872
8051501,1871
8052000,1872
8052500,1869
8053000,1872
8053500,1872
8054001,1872
8054501,1872
8055000,1872
8055501,1873
8056000,1872
8056500,1873
8057000,1872
8057500,1872
8058001,1872
8058500,1872
8059001,1872
8059501,1872
8060000,1872
8060500,1872
8061000,1872
8061500,1871
8062000,1875
8062500,1872
8063000,1872
8063500,1872
8064001,1872
8064501,1872
8065000,1871
8065500,1872
8066001,1873
8066500,1873
8067000,1872
8067500,1874
8068001,1872
8068500,1872
8069001,1872
8069500,1872
8070001,1871
8070500,1870
8071001,1873
8071501,1871
8072000,1872
8072501,1871
8073000,1872
8073501,1873
8074000,1872
8074501,1872
8075000,1872
8075500,1871
8076001,1871
8076500,1872
8077000,1872
8077500,1872
8078000,1872
8078500,1873
8079000,1872
8079500,1872
8080001,1873
8080500,1872
8081000,1872
8081501,1872
8082000,1872
8082500,1872
8083001,1871
8083500,1872
8084000,1871
8084501,1872
8085000,1872
8085500,1872
8086000,1872
8086500,1872
8087000,1872
8087500,1871
8088001,1872
8088501,1871
8089000,1873
8089500,1872
8090001,1871
8090500,1872
8091000,1872
8091500,1873
8092000,1872
8092501,1872
8093000,1872
8093500,1872
8094000,1872
8094500,1871
8095000,1872
8095500,1872
8096000,1872
8096501,1872
8097000,1872
8097500,1872
8098001,1870
8098500,1872
8099000,1871
8099500,1872
8100000,1875
8100501,1872
8101000,1871
8101500,1871
8102001,1872
8102500,1871
8103000,1872
8103501,1872
8104000,1872
8104501,1871
8105000,1873
8105500,1871
8106001,1872
8106500,1872
8107000,1872
8107501,1872
8108000,1872
8108501,1871
8109000,1872
8109500,1872
8110001,1872
8110500,1872
8111001,1872
8111500,1873
8112000,1872
8112500,1871
8113000,1872
8113500,1872
8114001,1873
8114501,1872
8115000,1872
8115500,1872
8116000,1872
8116500,1872
8117001,1872
8117500,1872
8118000,1872
8118500,1872
8119000,1872
8119500,1872
8120000,1872
8120501,1872
8121000,1871
8121501,1872
8122000,1872
8122500,1872
8123000,1872
8123500,1872
8124000,1872
8124500,1871
8125000,1873
8125500,1872
8126001,1872
8126500,1872
8127000,1873
8127500,1873
8128001,1872
8128500,1873
8129001,1873
8129500,1872
8130000,1872
8130501,1872
8131000,1872
8131500,1872
8132000,1872
8132500,1873
8133000,1872
8133500,1871
8134001,1872
8134500,1872
8135000,1872
8135501,1872
8136000,1872
8136501,1873
8137000,1872
8137500,1873
8138000,1872
8138500,1873
8139000,1872
8139500,1872
8140000,1873
8140500,1873
8141001,1872
8141500,1872
8142001,1872
8142501,1872
8143000,1871
8143501,1871
8144000,1872
8144500,1871
8145001,1872
8145500,1871
8146001,1872
8146500,1871
8147000,1872
8147501,1873
8148000,1871
8148500,1874
8149001,1872
8149500,1872
8150000,1872
8150501,1870
8151000,1872
8151500,1872
8152000,1874
8152500,1871
8153001,1872
8153501,1872
8154000,1871
8154500,1872
8155000,1872
8155500,1870
8156000,1872
8156500,1872
8157000,1872
8157500,1872
8158001,1871
8158500,1872
8159000,1872
8159500,1872
8160001,1873
8160500,1873
8161001,1873
8161501,1873
8162000,1873
8162501,1871
8163000,1872
8163501,1872
8164000,1872
8164501,1872
8165000,1872
8165500,1871
8166001,1872
8166500,1872
8167000,1872
8167500,1872
8168000,1872
8168500,1872
8169001,1872
8169501,1872
8170000,1873
8170501,1871
8171000,1872
8171501,1872
8172000,1872
8172500,1871
8173001,1872
8173500,1872
8174001,1872
8174501,1872
8175000,1871
8175500,1874
8176000,1872
8176500,1871
8177000,1872
8177500,1872
8178001,1872
8178500,1872
8179000,1872
8179500,1874
8180000,1872
8180500,1872
8181001,1871
8181500,1872
8182001,1872
8182500,1872
8183000,1871
8183500,1871
8184001,1872
8184501,1872
8185000,1873
8185501,1873
8186000,1872
8186500,1873
8187000,1873
8187500,1873
8188001,1872
8188500,1872
8189000,1872
8189501,1872
8190000,1871
8190500,1872
8191000,1872
8191501,1872
# end
