# sketch,characterise_v2loop
# mode_number,1
# mode_name,1_deadline_ts_before
# label,B_b2
# ---- CHECK THE THREE LINES ABOVE BEFORE YOU KEEP THIS CAPTURE ----
# waiting 600 s for thermal settle - press any key to skip
# warm 0 s
# ----------------------------------------------------------
# n,16384
# fs_hz_window,1999.8779
# span_s,8.192000
# dt_mean_us,500.0000
# dt_sd_us,0.6892
# dt_min_us,499
# dt_max_us,501
# fs_hz_from_mean,2000.0000
# mean_code,1872.1514
# sd_code,0.9165
# min_code,1866
# max_code,1878
# mean_volts,1.508693
# sd_millivolts,0.7385
# adc,12bit_default_11dB_attenuation
# conv,linear_3.3_over_4095
# ----------------------------------------------------------
t_us,code
0,1873
500,1873
1000,1873
1500,1872
2000,1873
2500,1872
3000,1872
3500,1874
4001,1872
4500,1875
5000,1872
5501,1872
6000,1875
6500,1872
7001,1874
7500,1875
8000,1874
8501,1872
9000,1872
9501,1873
10000,1873
10500,1872
11000,1871
11500,1872
12000,1871
12500,1872
13000,1873
13500,1872
14000,1872
14500,1875
15001,1871
15500,1873
16000,1872
16500,1874
17000,1873
17500,1875
18001,1874
18501,1871
19000,1872
19500,1873
20000,1872
20500,1872
21000,1872
21500,1873
22001,1874
22500,1877
23001,1873
23500,1875
24001,1874
24500,1874
25001,1873
25501,1872
26000,1872
26501,1872
27000,1871
27500,1872
28000,1872
28500,1872
29001,1872
29501,1872
30000,1873
30500,1872
31000,1873
31500,1872
32000,1872
32500,1872
33000,1873
33501,1874
34000,1872
34500,1872
35000,1874
35500,1873
36001,1873
36501,1875
37000,1872
37500,1872
38000,1873
38501,1874
39000,1872
39501,1876
40000,1872
40500,1872
41000,1872
41500,1872
42000,1872
42500,1872
43000,1872
43500,1872
44001,1872
44501,1871
45000,1872
45500,1872
46001,1872
46500,1873
47000,1872
47501,1872
48000,1877
48500,1874
49000,1872
49500,1872
50000,1872
50500,1872
51001,1872
51500,1873
52001,1872
52500,1875
53000,1872
53501,1874
54000,1872
54500,1872
55001,1872
55500,1871
56000,1874
56500,1873
57000,1872
57500,1875
58000,1874
58500,1872
59001,1872
59500,1872
60000,1872
60501,1872
61000,1875
61500,1872
62000,1873
62500,1872
63000,1872
63501,1872
64000,1872
64500,1872
65001,1875
65501,1872
66000,1872
66500,1872
67000,1872
67500,1873
68000,1873
68501,1875
69000,1871
69500,1873
70000,1872
70500,1873
71000,1872
71500,1872
72001,1874
72500,1873
73001,1873
73500,1872
74000,1873
74500,1874
75000,1872
75500,1873
76001,1874
76500,1875
77000,1874
77500,1872
78001,1872
78500,1872
79001,1873
79500,1873
80001,1872
80500,1873
81000,1872
81501,1872
82000,1877
82501,1872
83000,1874
83501,1872
84000,1873
84500,1872
85001,1872
85500,1873
86001,1872
86500,1872
87000,1875
87501,1872
88000,1872
88501,1872
89000,1874
89501,1872
90000,1872
90500,1872
91000,1872
91501,1873
92000,1872
92500,1873
93001,1872
93501,1873
94000,1874
94501,1871
95000,1872
95501,1875
96000,1872
96500,1872
97000,1872
97500,1873
98000,1873
98500,1872
99000,1872
99500,1872
100000,1872
100500,1873
101001,1874
101500,1873
102001,1873
102501,1872
103000,1874
103501,1872
104000,1872
104501,1874
105000,1872
105501,1872
106000,1873
106500,1871
107001,1875
107500,1872
108001,1872
108500,1872
109000,1872
109500,1874
110000,1872
110500,1872
111001,1874
111501,1872
112000,1872
112500,1872
113001,1872
113501,1872
114000,1872
114500,1872
115001,1872
115500,1873
116000,1872
116500,1872
117001,1872
117500,1872
118001,1874
118500,1874
119000,1875
119500,1872
120000,1873
120500,1874
121000,1872
121500,1874
122001,1872
122501,1873
123000,1873
123500,1871
124000,1875
124501,1875
125000,1874
125501,1873
126000,1872
126500,1872
127000,1874
127500,1872
128000,1872
128500,1872
129000,1872
129500,1875
130001,1872
130500,1872
131001,1871
131500,1872
132000,1872
132500,1872
133000,1872
133500,1872
134000,1873
134500,1872
135000,1874
135500,1872
136000,1872
136500,1872
137000,1872
137500,1872
138000,1875
138500,1875
139000,1873
139500,1872
140000,1872
140501,1873
141000,1872
141501,1872
142000,1872
142501,1876
143000,1872
143500,1872
144000,1871
144500,1872
145001,1872
145501,1872
146000,1873
146500,1872
147000,1872
147500,1874
148000,1874
148500,1874
149001,1872
149500,1872
150000,1877
150500,1872
151000,1872
151500,1872
152000,1873
152501,1872
153000,1872
153501,1872
154000,1872
154501,1872
155000,1872
155500,1872
156001,1874
156501,1872
157000,1873
157501,1872
158000,1872
158500,1872
159000,1870
159501,1872
160000,1872
160501,1872
161000,1873
161501,1875
162000,1872
162501,1875
163000,1874
163500,1872
164001,1871
164501,1872
165000,1873
165500,1872
166000,1872
166501,1872
167000,1871
167501,1872
168000,1875
168501,1873
169000,1872
169501,1872
170000,1872
170500,1872
171001,1873
171500,1872
172001,1872
172501,1872
173000,1872
173501,1872
174000,1872
174500,1872
175000,1872
175500,1873
176000,1873
176500,1872
177000,1872
177500,1873
178000,1872
178500,1872
179001,1872
179501,1872
180000,1872
180501,1874
181000,1872
181501,1872
182000,1872
182501,1874
183000,1872
183501,1873
184000,1874
184500,1872
185000,1873
185501,1872
186000,1872
186500,1873
187001,1872
187501,1872
188000,1872
188500,1872
189000,1872
189500,1873
190001,1872
190500,1875
191001,1872
191500,1872
192001,1872
192500,1871
193001,1873
193500,1872
194000,1872
194501,1874
195000,1873
195500,1872
196000,1872
196500,1873
197000,1872
197501,1873
198000,1876
198500,1872
199000,1872
199500,1872
200001,1873
200500,1872
201001,1872
201501,1873
202000,1872
202500,1876
203001,1872
203500,1872
204000,1874
204500,1873
205000,1871
205501,1873
206000,1872
206501,1872
207000,1871
207501,1872
208000,1871
208501,1872
209000,1872
209501,1872
210000,1874
210500,1872
211000,1873
211500,1874
212001,1872
212501,1872
213000,1872
213500,1872
214000,1873
214501,1873
215000,1872
215501,1872
216000,1874
216500,1873
217000,1873
217500,1873
218000,1874
218500,1877
219000,1872
219500,1872
220000,1872
220500,1873
221000,1873
221500,1872
222001,1872
222500,1874
223001,1876
223500,1872
224000,1872
224500,1872
225000,1872
225500,1873
226001,1872
226500,1872
227000,1871
227500,1872
228000,1872
228501,1873
229000,1873
229500,1872
230000,1872
230501,1872
231000,1874
231500,1873
232000,1873
232501,1875
233000,1872
233501,1877
234000,1872
234501,1873
235000,1873
235500,1872
236000,1873
236500,1872
237001,1872
237501,1871
238000,1872
238500,1872
239000,1873
239500,1872
240001,1871
240501,1872
241000,1872
241500,1873
242000,1871
242500,1872
243001,1872
243500,1873
244000,1872
244500,1872
245000,1872
245501,1872
246000,1872
246500,1874
247000,1872
247500,1872
248001,1873
248500,1872
249000,1872
249500,1874
250000,1872
250501,1872
251000,1872
251500,1872
252000,1874
252500,1872
253000,1872
253500,1878
254000,1872
254500,1872
255001,1872
255500,1873
256001,1872
256500,1872
257000,1872
257500,1874
258000,1872
258500,1872
259001,1872
259501,1873
260000,1874
260500,1872
261000,1873
261501,1872
262000,1872
262501,1875
263000,1872
263501,1873
264000,1871
264501,1873
265000,1872
265500,1872
266000,1872
266501,1872
267000,1872
267500,1872
268000,1872
268500,1873
269000,1873
269500,1872
270000,1871
270500,1872
271000,1872
271500,1872
272001,1872
272500,1872
273000,1872
273500,1872
274000,1874
274501,1872
275000,1872
275500,1872
276000,1872
276500,1873
277000,1872
277500,1873
278001,1872
278500,1873
279000,1872
279500,1872
280001,1872
280501,1874
281000,1875
281500,1874
282000,1872
282500,1872
283000,1872
283500,1872
284000,1873
284500,1872
285000,1874
285501,1872
286000,1873
286501,1872
287000,1872
287500,1872
288000,1872
288500,1872
289000,1872
289500,1874
290001,1873
290500,1873
291000,1872
291500,1872
292001,1872
292500,1873
293001,1872
293500,1872
294000,1871
294500,1873
295000,1872
295501,1872
296000,1872
296500,1871
297000,1872
297500,1872
298000,1872
298500,1871
299000,1872
299501,1874
300000,1872
300500,1872
301001,1872
301500,1872
302001,1872
302500,1872
303001,1872
303500,1872
304001,1872
304500,1872
305000,1872
305500,1872
306000,1874
306500,1872
307001,1872
307500,1873
308000,1874
308500,1873
309000,1872
309500,1873
310001,1872
310500,1872
311001,1875
311500,1872
312000,1872
312500,1872
313001,1872
313500,1873
314000,1872
314500,1872
315001,1873
315500,1874
316001,1872
316500,1872
317001,1873
317500,1872
318000,1872
318500,1872
319000,1873
319500,1873
320000,1873
320500,1872
321000,1872
321500,1872
322000,1872
322501,1874
323000,1873
323501,1875
324000,1873
324500,1872
325000,1873
325501,1873
326000,1872
326500,1874
327001,1873
327500,1872
328000,1872
328500,1872
329001,1872
329500,1872
330001,1872
330500,1872
331000,1872
331500,1872
332001,1872
332500,1872
333000,1872
333500,1872
334000,1873
334500,1872
335001,1872
335501,1872
336000,1872
336501,1873
337000,1875
337501,1874
338000,1872
338501,1872
339000,1874
339501,1877
340000,1872
340500,1872
341000,1872
341500,1873
342000,1874
342501,1872
343000,1873
343500,1872
344000,1874
344500,1872
345000,1872
345500,1872
346000,1872
346500,1873
347001,1874
347501,1872
348000,1872
348501,1872
349000,1872
349501,1872
350000,1872
350500,1872
351000,1872
351500,1871
352001,1872
352500,1874
353000,1872
353501,1872
354000,1872
354500,1874
355000,1872
355500,1872
356001,1873
356500,1872
357000,1872
357500,1876
358001,1872
358500,1874
359000,1873
359501,1872
360000,1873
360500,1873
361000,1872
361500,1872
362000,1873
362500,1872
363000,1872
363501,1873
364000,1873
364500,1872
365001,1872
365500,1875
366001,1871
366500,1872
367000,1872
367500,1871
368000,1873
368500,1875
369000,1872
369500,1873
370000,1873
370500,1874
371000,1872
371501,1872
372000,1872
372501,1873
373000,1872
373501,1872
374000,1872
374501,1875
375000,1873
375500,1873
376000,1871
376500,1872
377000,1872
377500,1872
378001,1873
378500,1872
379000,1873
379500,1872
380000,1872
380500,1872
381001,1872
381501,1873
382000,1873
382500,1876
383001,1872
383500,1872
384000,1872
384500,1872
385000,1874
385500,1872
386001,1875
386501,1873
387000,1872
387500,1873
388000,1872
388500,1872
389001,1872
389500,1873
390001,1875
390500,1872
391000,1874
391500,1872
392000,1875
392500,1873
393000,1872
393500,1873
394001,1872
394500,1872
395001,1874
395500,1872
396001,1872
396501,1871
397000,1872
397500,1872
398001,1874
398500,1872
399000,1872
399500,1872
400001,1875
400500,1872
401001,1873
401500,1872
402000,1874
402500,1873
403000,1873
403500,1872
404001,1872
404500,1872
405001,1873
405501,1872
406000,1873
406500,1872
407000,1872
407500,1872
408000,1872
408501,1872
409000,1873
409500,1872
410000,1872
410500,1872
411000,1872
411500,1872
412001,1875
412500,1872
413000,1872
413500,1872
414000,1872
414500,1873
415000,1872
415500,1872
416001,1866
416500,1872
417000,1874
417500,1873
418000,1872
418500,1872
419001,1872
419500,1872
420000,1872
420500,1874
421000,1872
421500,1873
422000,1875
422500,1874
423000,1872
423501,1872
424000,1872
424501,1872
425000,1872
425500,1872
426000,1873
426500,1873
427001,1872
427500,1872
428001,1872
428500,1872
429001,1872
429500,1873
430000,1874
430500,1872
431001,1872
431501,1872
432000,1873
432501,1873
433000,1873
433500,1873
434000,1873
434500,1872
435000,1872
435500,1872
436000,1867
436500,1873
437000,1873
437501,1873
438000,1872
438500,1873
439001,1876
439500,1872
440000,1873
440501,1873
441000,1872
441500,1872
442000,1873
442500,1874
443000,1872
443500,1874
444001,1871
444501,1873
445000,1872
445500,1872
446001,1872
446500,1874
447000,1872
447500,1873
448000,1874
448500,1872
449000,1872
449500,1873
450001,1872
450500,1874
451000,1872
451500,1872
452000,1874
452500,1872
453000,1872
453500,1871
454000,1872
454500,1871
455000,1872
455501,1873
456000,1875
456501,1872
457000,1873
457501,1872
458000,1872
458501,1872
459000,1872
459501,1873
460000,1872
460500,1872
461001,1872
461500,1875
462000,1872
462500,1872
463000,1872
463501,1872
464000,1877
464501,1872
465000,1873
465501,1872
466000,1871
466501,1872
467000,1873
467501,1873
468000,1872
468500,1872
469000,1873
469500,1872
470000,1873
470500,1872
471001,1873
471500,1872
472000,1872
472501,1872
473000,1872
473501,1872
474000,1873
474501,1873
475000,1874
475501,1872
476000,1872
476501,1874
477000,1872
477500,1872
478001,1872
478500,1875
479001,1872
479501,1871
480000,1873
480500,1873
481000,1873
481500,1872
482000,1871
482501,1872
483000,1873
483501,1873
484000,1872
484501,1876
485000,1872
485500,1872
486000,1874
486500,1871
487000,1875
487500,1872
488001,1873
488500,1873
489001,1872
489500,1872
490000,1873
490500,1873
491000,1874
491500,1873
492000,1871
492500,1872
493001,1872
493500,1872
494001,1875
494500,1872
495001,1875
495500,1872
496001,1872
496500,1873
497001,1873
497501,1875
498000,1874
498501,1872
499000,1872
499500,1873
500001,1872
500500,1873
501000,1872
501500,1874
502000,1872
502500,1872
503001,1872
503500,1872
504001,1872
504501,1873
505000,1872
505501,1872
506000,1871
506500,1876
507000,1872
507500,1872
508000,1872
508501,1873
509000,1872
509501,1873
510000,1872
510500,1873
511000,1873
511500,1872
512001,1871
512500,1873
513000,1873
513500,1872
514000,1872
514501,1873
515000,1872
515500,1875
516000,1873
516501,1873
517000,1873
517500,1872
518000,1875
518501,1872
519000,1874
519501,1872
520000,1874
520500,1873
521000,1872
521500,1873
522000,1872
522500,1872
523000,1873
523501,1873
524000,1871
524501,1872
525000,1872
525500,1872
526000,1872
526500,1873
527001,1872
527500,1874
528000,1871
528501,1872
529000,1872
529500,1874
530000,1871
530500,1873
531000,1872
531500,1872
532001,1872
532500,1872
533000,1872
533501,1873
534000,1872
534501,1873
535000,1874
535501,1872
536000,1872
536500,1872
537000,1872
537500,1872
538000,1872
538500,1874
539000,1873
539500,1873
540000,1873
540501,1871
541000,1873
541500,1873
542000,1872
542500,1872
543001,1873
543501,1873
544000,1872
544500,1872
545000,1872
545501,1872
546000,1872
546500,1872
547000,1874
547500,1872
548000,1875
548500,1873
549000,1872
549500,1873
550001,1873
550501,1872
551000,1872
551501,1872
552000,1875
552501,1872
553000,1872
553501,1872
554000,1870
554500,1872
555000,1872
555500,1872
556000,1873
556500,1872
557001,1872
557501,1872
558000,1874
558501,1872
559000,1872
559501,1872
560000,1870
560501,1872
561000,1872
561500,1872
562000,1873
562500,1872
563000,1872
563500,1875
564000,1871
564500,1871
565000,1872
565500,1872
566000,1872
566501,1872
567000,1872
567501,1872
568000,1872
568500,1872
569000,1872
569500,1873
570001,1872
570500,1874
571001,1872
571500,1872
572000,1872
572500,1871
573001,1872
573500,1872
574001,1872
574500,1871
575001,1872
575500,1872
576001,1872
576501,1872
577000,1875
577501,1872
578000,1872
578501,1872
579000,1874
579500,1872
580001,1872
580500,1872
581000,1872
581500,1876
582000,1873
582501,1873
583000,1874
583501,1873
584000,1872
584500,1872
585000,1872
585500,1872
586000,1873
586500,1872
587000,1875
587501,1873
588000,1872
588500,1872
589000,1873
589500,1874
590000,1873
590500,1874
591001,1872
591500,1872
592000,1875
592500,1872
593000,1874
593500,1872
594001,1872
594500,1874
595000,1872
595501,1872
596000,1871
596500,1873
597000,1874
597500,1873
598001,1871
598500,1872
599000,1871
599500,1872
600000,1872
600500,1873
601000,1873
601500,1873
602000,1875
602501,1872
603000,1874
603500,1873
604000,1871
604501,1872
605000,1874
605501,1872
606000,1871
606500,1873
607000,1872
607500,1872
608000,1873
608501,1872
609000,1874
609500,1874
610000,1872
610500,1874
611000,1872
611500,1873
612000,1872
612500,1873
613000,1871
613500,1873
614000,1876
614500,1872
615000,1874
615500,1875
616000,1872
616500,1873
617000,1872
617500,1873
618000,1877
618500,1872
619000,1874
619500,1875
620000,1874
620500,1873
621000,1872
621501,1874
622000,1872
622501,1872
623000,1872
623501,1872
624000,1874
624500,1872
625000,1872
625500,1872
626000,1872
626501,1875
627000,1872
627500,1872
628001,1872
628500,1872
629000,1872
629501,1874
630000,1872
630501,1872
631000,1875
631501,1872
632000,1873
632501,1875
633000,1872
633501,1872
634000,1875
634500,1872
635000,1873
635500,1872
636001,1872
636501,1872
637000,1872
637500,1872
638001,1872
638501,1872
639000,1873
639501,1872
640000,1872
640500,1872
641000,1873
641500,1872
642001,1872
642501,1872
643000,1876
643500,1872
644000,1872
644500,1873
645000,1872
645501,1872
646000,1873
646501,1872
647000,1874
647501,1873
648000,1872
648500,1871
649000,1872
649500,1873
650001,1872
650500,1872
651000,1872
651501,1873
652000,1873
652501,1873
653000,1872
653500,1872
654000,1872
654501,1877
655000,1873
655501,1872
656000,1872
656500,1872
657001,1873
657500,1872
658001,1872
658500,1875
659001,1872
659500,1872
660000,1872
660500,1872
661000,1872
661500,1872
662000,1871
662500,1874
663001,1872
663500,1872
664000,1873
664500,1872
665000,1873
665500,1872
666001,1872
666501,1872
667000,1872
667501,1872
668000,1873
668500,1872
669001,1874
669500,1872
670000,1873
670500,1872
671000,1873
671500,1872
672000,1872
672501,1874
673000,1873
673500,1872
674000,1871
674501,1872
675000,1872
675501,1872
676000,1872
676500,1872
677000,1872
677500,1873
678001,1872
678500,1872
679001,1871
679500,1873
680001,1872
680500,1872
681000,1872
681500,1872
682000,1873
682500,1872
683000,1872
683500,1873
684000,1872
684500,1872
685000,1872
685500,1872
686000,1873
686500,1873
687000,1872
687500,1873
688001,1872
688500,1872
689000,1874
689500,1872
690000,1872
690501,1872
691000,1872
691501,1873
692000,1872
692500,1872
693000,1873
693501,1872
694000,1872
694501,1875
695000,1872
695500,1872
696000,1872
696500,1872
697001,1872
697500,1872
698000,1873
698500,1872
699001,1872
699500,1872
700001,1873
700500,1872
701000,1873
701500,1872
702001,1871
702500,1872
703000,1872
703500,1873
704001,1872
704500,1872
705000,1872
705500,1874
706000,1873
706501,1872
707000,1871
707500,1872
708001,1872
708500,1872
709000,1872
709500,1872
710001,1872
710500,1870
711000,1872
711500,1871
712000,1872
712500,1872
713001,1872
713501,1874
714000,1872
714501,1875
715000,1874
715501,1875
716000,1872
716501,1874
717000,1872
717501,1872
718000,1871
718500,1871
719000,1872
719500,1874
720001,1871
720500,1872
721000,1872
721500,1872
722001,1872
722500,1872
723001,1872
723500,1872
724000,1875
724500,1872
725000,1872
725500,1872
726001,1872
726501,1872
727000,1872
727500,1873
728000,1873
728500,1873
729000,1872
729500,1872
730000,1872
730500,1872
731001,1872
731500,1873
732000,1872
732501,1872
733000,1872
733500,1872
734000,1872
734500,1872
735000,1872
735500,1873
736001,1872
736500,1873
737000,1873
737500,1872
738000,1872
738500,1872
739001,1873
739500,1871
740001,1872
740501,1878
741000,1872
741501,1872
742000,1873
742501,1873
743000,1873
743500,1874
744001,1872
744500,1872
745000,1873
745500,1872
746000,1872
746501,1872
747000,1872
747500,1872
748000,1871
748500,1873
749000,1872
749500,1872
750000,1874
750501,1872
751000,1873
751500,1872
752001,1872
752501,1872
753000,1873
753501,1872
754000,1872
754500,1872
755000,1872
755500,1872
756000,1874
756500,1872
757000,1872
757500,1872
758001,1871
758501,1872
759000,1872
759500,1872
760000,1872
760500,1872
761000,1872
761500,1872
762001,1872
762500,1874
763001,1872
763500,1872
764000,1872
764500,1873
765000,1872
765500,1872
766000,1871
766500,1871
767000,1872
767500,1872
768000,1872
768500,1872
769000,1872
769500,1872
770001,1873
770500,1872
771000,1873
771500,1874
772000,1872
772500,1873
773001,1872
773500,1875
774000,1872
774500,1872
775000,1873
775500,1872
776000,1872
776501,1872
777000,1873
777500,1872
778000,1872
778500,1875
779000,1875
779500,1872
780000,1872
780501,1872
781000,1872
781500,1872
782000,1872
782500,1871
783000,1872
783501,1872
784000,1872
784500,1872
785000,1872
785500,1872
786001,1872
786501,1874
787000,1872
787500,1872
788000,1872
788500,1873
789000,1872
789500,1872
790001,1872
790501,1872
791000,1872
791500,1872
792000,1871
792500,1872
793001,1872
793500,1872
794000,1873
794500,1872
795001,1873
795500,1872
796000,1872
796501,1872
797000,1871
797501,1872
798000,1873
798501,1871
799000,1872
799500,1872
800000,1872
800500,1872
801001,1873
801500,1872
802000,1873
802500,1873
803001,1872
803500,1872
804000,1872
804500,1872
805001,1872
805500,1872
806001,1873
806500,1871
807001,1873
807500,1872
808000,1872
808500,1872
809000,1872
809500,1874
810001,1872
810500,1874
811001,1872
811501,1872
812000,1872
812500,1872
813000,1872
813501,1871
814000,1872
814500,1873
815000,1872
815501,1872
816000,1872
816501,1873
817000,1872
817500,1872
818001,1872
818500,1871
819000,1872
819500,1871
820000,1872
820500,1872
821000,1872
821501,1872
822000,1872
822501,1872
823000,1873
823500,1872
824001,1873
824500,1872
825001,1871
825500,1872
826001,1872
826500,1871
827000,1873
827500,1872
828000,1872
828500,1872
829001,1872
829500,1872
830001,1872
830501,1873
831000,1872
831501,1872
832000,1872
832500,1872
833000,1872
833500,1872
834001,1871
834500,1872
835000,1873
835500,1872
836000,1871
836500,1871
837000,1872
837500,1872
838000,1872
838500,1873
839001,1872
839500,1873
840001,1873
840501,1873
841000,1872
841500,1872
842001,1871
842500,1870
843001,1871
843500,1871
844001,1872
844500,1872
845001,1871
845500,1872
846000,1874
846500,1872
847001,1872
847500,1872
848000,1873
848500,1872
849000,1872
849500,1872
850001,1872
850500,1872
851000,1873
851500,1872
852000,1871
852501,1872
853000,1872
853501,1872
854000,1872
854500,1874
855000,1872
855500,1870
856000,1872
856500,1871
857001,1872
857500,1873
858000,1872
858500,1871
859001,1872
859501,1874
860000,1872
860500,1872
861001,1872
861500,1872
862000,1872
862500,1872
863001,1872
863500,1872
864000,1872
864501,1871
865000,1871
865501,1872
866000,1872
866501,1872
867000,1872
867501,1872
868000,1872
868500,1869
869000,1872
869500,1872
870000,1872
870500,1872
871000,1871
871500,1872
872001,1871
872500,1871
873001,1872
873500,1873
874000,1872
874501,1872
875000,1871
875500,1872
876000,1872
876500,1873
877000,1872
877500,1872
878000,1872
878500,1872
879000,1872
879500,1872
880001,1872
880500,1872
881000,1875
881500,1872
882000,1872
882500,1872
883000,1872
883501,1872
884000,1872
884501,1872
885000,1872
885500,1872
886001,1872
886500,1874
887000,1872
887500,1872
888001,1872
888500,1872
889000,1873
889500,1875
890000,1874
890501,1872
891000,1872
891500,1872
892000,1872
892500,1872
893001,1874
893500,1872
894000,1872
894500,1871
895001,1872
895500,1872
896001,1869
896501,1872
897000,1872
897501,1872
898000,1872
898500,1872
899000,1874
899500,1872
900000,1873
900501,1874
901000,1872
901501,1872
902000,1872
902501,1873
903000,1872
903500,1872
904001,1872
904501,1872
905000,1873
905500,1872
906000,1872
906500,1872
907000,1872
907500,1872
908001,1872
908501,1872
909000,1873
909500,1872
910000,1872
910500,1872
911000,1872
911500,1872
912000,1872
912500,1872
913000,1871
913501,1874
914000,1872
914500,1874
915000,1872
915500,1872
916000,1872
916500,1872
917001,1873
917501,1872
918000,1873
918500,1873
919001,1872
919501,1875
920000,1871
920500,1872
921000,1871
921501,1872
922000,1872
922500,1872
923000,1872
923500,1872
924000,1872
924500,1872
925000,1873
925500,1872
926000,1872
926500,1872
927000,1872
927500,1870
928001,1871
928500,1871
929000,1872
929501,1872
930000,1872
930500,1872
931000,1873
931500,1874
932000,1872
932500,1872
933000,1871
933500,1873
934001,1872
934500,1874
935001,1872
935500,1871
936000,1872
936501,1871
937000,1872
937501,1872
938000,1872
938500,1875
939000,1873
939500,1873
940000,1873
940500,1873
941000,1872
941500,1873
942000,1872
942500,1873
943000,1872
943500,1875
944000,1872
944500,1875
945000,1871
945501,1872
946000,1872
946500,1872
947000,1874
947500,1872
948001,1874
948501,1873
949000,1872
949501,1874
950000,1871
950501,1872
951000,1874
951500,1872
952000,1871
952501,1872
953000,1873
953501,1872
954000,1872
954501,1872
955000,1874
955500,1872
956000,1872
956500,1872
957000,1874
957500,1872
958000,1873
958500,1872
959000,1873
959500,1872
960001,1871
960501,1873
961000,1872
961501,1872
962000,1872
962500,1872
963001,1874
963500,1874
964000,1872
964500,1875
965000,1871
965500,1872
966001,1875
966500,1873
967000,1872
967501,1872
968000,1872
968500,1875
969000,1872
969500,1872
970001,1873
970500,1873
971000,1872
971500,1872
972000,1872
972500,1875
973001,1873
973500,1872
974000,1872
974500,1874
975000,1872
975500,1872
976000,1872
976500,1872
977000,1872
977500,1872
978000,1872
978500,1872
979000,1872
979501,1871
980000,1871
980501,1872
981000,1872
981500,1872
982001,1872
982500,1872
983001,1872
983501,1872
984000,1871
984501,1872
985000,1872
985500,1872
986001,1872
986501,1873
987000,1873
987501,1872
988000,1873
988500,1873
989000,1872
989501,1872
990000,1872
990501,1872
991000,1875
991501,1872
992000,1873
992500,1872
993000,1872
993500,1872
994000,1872
994500,1872
995000,1872
995501,1872
996000,1872
996500,1871
997001,1872
997500,1871
998001,1872
998500,1872
999000,1870
999500,1873
1000000,1872
1000501,1872
1001000,1872
1001501,1872
1002000,1872
1002501,1872
1003000,1872
1003501,1872
1004000,1873
1004501,1873
1005000,1873
1005500,1872
1006000,1872
1006501,1872
1007000,1872
1007500,1873
1008000,1872
1008500,1872
1009001,1872
1009500,1872
1010000,1874
1010500,1872
1011001,1872
1011501,1872
1012000,1872
1012501,1872
1013000,1872
1013501,1872
1014000,1873
1014500,1872
1015000,1872
1015500,1873
1016001,1872
1016500,1872
1017000,1872
1017500,1872
1018000,1873
1018500,1872
1019001,1872
1019501,1875
1020000,1872
1020500,1872
1021000,1874
1021500,1871
1022000,1873
1022501,1872
1023000,1872
1023501,1873
1024000,1872
1024500,1872
1025000,1872
1025501,1872
1026000,1872
1026501,1872
1027000,1872
1027500,1872
1028000,1871
1028500,1872
1029000,1872
1029501,1871
1030000,1872
1030501,1873
1031000,1874
1031500,1872
1032000,1875
1032500,1872
1033001,1872
1033500,1872
1034000,1874
1034500,1875
1035001,1871
1035501,1872
1036000,1874
1036500,1872
1037000,1872
1037500,1872
1038000,1873
1038500,1873
1039001,1871
1039500,1874
1040000,1873
1040500,1873
1041001,1874
1041501,1873
1042000,1873
1042500,1872
1043000,1872
1043501,1873
1044000,1872
1044501,1872
1045000,1873
1045500,1873
1046000,1874
1046500,1875
1047000,1873
1047500,1872
1048000,1873
1048500,1871
1049000,1872
1049501,1872
1050000,1872
1050500,1873
1051000,1872
1051501,1873
1052000,1872
1052501,1872
1053000,1873
1053500,1872
1054001,1872
1054500,1872
1055000,1872
1055500,1872
1056001,1872
1056501,1873
1057000,1872
1057501,1873
1058000,1872
1058501,1875
1059000,1872
1059500,1871
1060001,1872
1060500,1872
1061001,1872
1061501,1872
1062000,1872
1062501,1872
1063000,1877
1063500,1872
1064001,1872
1064500,1872
1065001,1872
1065500,1870
1066001,1872
1066500,1872
1067000,1872
1067500,1872
1068000,1873
1068500,1872
1069001,1871
1069500,1872
1070000,1872
1070500,1869
1071000,1873
1071500,1872
1072001,1872
1072501,1870
1073000,1872
1073501,1871
1074000,1872
1074501,1872
1075000,1872
1075501,1872
1076000,1872
1076501,1872
1077000,1874
1077500,1872
1078000,1872
1078501,1872
1079000,1872
1079501,1874
1080000,1872
1080500,1876
1081000,1872
1081500,1871
1082000,1871
1082501,1875
1083000,1872
1083500,1872
1084000,1872
1084500,1872
1085001,1871
1085500,1872
1086000,1874
1086500,1873
1087000,1872
1087500,1873
1088000,1872
1088500,1872
1089000,1870
1089500,1872
1090001,1872
1090500,1872
1091000,1872
1091501,1872
1092000,1872
1092500,1872
1093001,1872
1093500,1874
1094000,1872
1094500,1874
1095000,1875
1095501,1872
1096000,1872
1096500,1873
1097000,1872
1097500,1871
1098001,1872
1098500,1870
1099001,1872
1099500,1871
1100000,1872
1100500,1872
1101000,1874
1101500,1871
1102001,1872
1102500,1872
1103000,1873
1103501,1872
1104000,1870
1104500,1877
1105000,1871
1105501,1871
1106000,1871
1106500,1873
1107001,1873
1107500,1872
1108000,1871
1108500,1872
1109001,1872
1109500,1871
1110001,1872
1110500,1872
1111000,1871
1111500,1872
1112001,1871
1112500,1872
1113000,1872
1113500,1872
1114000,1872
1114500,1873
1115000,1873
1115500,1872
1116001,1872
1116500,1872
1117000,1872
1117501,1872
1118000,1872
1118500,1875
1119000,1872
1119500,1872
1120000,1874
1120500,1871
1121000,1872
1121500,1872
1122001,1872
1122500,1872
1123000,1872
1123500,1872
1124000,1872
1124500,1874
1125001,1873
1125501,1872
1126000,1872
1126500,1873
1127000,1872
1127501,1872
1128000,1870
1128501,1872
1129000,1870
1129500,1872
1130000,1872
1130500,1870
1131000,1872
1131500,1871
1132001,1872
1132500,1868
1133000,1873
1133501,1872
1134000,1872
1134501,1876
1135000,1873
1135501,1872
1136000,1872
1136500,1872
1137000,1872
1137501,1874
1138000,1872
1138500,1873
1139000,1872
1139501,1872
1140000,1872
1140500,1872
1141001,1872
1141500,1872
1142001,1872
1142500,1872
1143000,1875
1143500,1872
1144000,1872
1144500,1872
1145000,1871
1145500,1872
1146001,1872
1146501,1874
1147000,1872
1147501,1872
1148000,1874
1148501,1872
1149000,1872
1149500,1872
1150000,1873
1150501,1872
1151000,1871
1151500,1872
1152001,1872
1152500,1875
1153000,1871
1153500,1873
1154000,1872
1154500,1871
1155000,1872
1155501,1874
1156000,1872
1156500,1872
1157000,1872
1157501,1872
1158000,1872
1158501,1872
1159000,1872
1159500,1874
1160000,1872
1160500,1872
1161000,1874
1161501,1872
1162000,1872
1162501,1871
1163000,1872
1163500,1872
1164000,1871
1164501,1871
1165000,1872
1165500,1872
1166000,1872
1166501,1871
1167000,1872
1167500,1872
1168000,1872
1168500,1872
1169000,1873
1169500,1872
1170001,1872
1170500,1872
1171000,1872
1171500,1872
1172000,1872
1172500,1872
1173001,1874
1173501,1872
1174000,1872
1174500,1872
1175000,1872
1175500,1872
1176001,1872
1176500,1872
1177000,1870
1177500,1873
1178001,1871
1178501,1872
1179000,1872
1179501,1872
1180000,1873
1180500,1874
1181000,1872
1181500,1872
1182001,1872
1182501,1872
1183000,1872
1183500,1874
1184000,1873
1184500,1870
1185000,1872
1185501,1872
1186000,1872
1186500,1872
1187000,1872
1187500,1872
1188000,1873
1188500,1872
1189001,1872
1189500,1872
1190000,1872
1190500,1877
1191000,1872
1191500,1872
1192001,1872
1192500,1873
1193000,1872
1193500,1872
1194001,1872
1194500,1873
1195001,1873
1195501,1872
1196000,1872
1196501,1872
1197000,1872
1197500,1873
1198000,1873
1198500,1870
1199000,1872
1199501,1872
1200000,1873
1200500,1872
1201000,1872
1201500,1872
1202001,1872
1202501,1872
1203000,1872
1203501,1872
1204000,1873
1204500,1872
1205000,1872
1205501,1874
1206000,1872
1206501,1872
1207000,1872
1207500,1874
1208000,1872
1208500,1872
1209000,1873
1209500,1872
1210000,1873
1210500,1875
1211000,1872
1211500,1872
1212001,1871
1212500,1873
1213000,1872
1213500,1873
1214000,1872
1214501,1872
1215000,1872
1215500,1872
1216000,1872
1216500,1872
1217000,1872
1217501,1873
1218000,1872
1218501,1872
1219000,1872
1219500,1872
1220000,1872
1220501,1872
1221000,1873
1221501,1872
1222000,1872
1222500,1872
1223001,1872
1223501,1872
1224000,1872
1224500,1872
1225000,1872
1225500,1872
1226000,1874
1226500,1872
1227000,1873
1227501,1873
1228000,1871
1228501,1872
1229000,1872
1229500,1872
1230001,1872
1230500,1871
1231000,1873
1231500,1872
1232000,1872
1232500,1872
1233000,1872
1233500,1872
1234000,1872
1234500,1873
1235000,1872
1235500,1875
1236000,1872
1236500,1872
1237000,1872
1237500,1872
1238000,1872
1238500,1872
1239000,1873
1239500,1872
1240001,1872
1240500,1872
1241001,1873
1241500,1871
1242000,1872
1242500,1872
1243000,1873
1243500,1872
1244001,1871
1244500,1872
1245000,1870
1245500,1869
1246001,1872
1246500,1872
1247000,1872
1247500,1872
1248000,1872
1248500,1872
1249000,1872
1249500,1872
1250000,1872
1250501,1872
1251000,1872
1251500,1872
1252000,1872
1252500,1872
1253000,1872
1253500,1872
1254001,1872
1254501,1872
1255000,1874
1255500,1872
1256000,1872
1256500,1871
1257000,1872
1257500,1872
1258000,1872
1258500,1872
1259000,1872
1259500,1873
1260000,1869
1260500,1872
1261000,1872
1261501,1873
1262000,1873
1262500,1872
1263000,1871
1263501,1872
1264000,1872
1264500,1873
1265000,1872
1265500,1871
1266000,1872
1266500,1871
1267000,1871
1267500,1872
1268000,1872
1268500,1872
1269000,1872
1269501,1872
1270000,1872
1270500,1870
1271000,1873
1271500,1872
1272000,1870
1272500,1872
1273000,1872
1273500,1872
1274000,1872
1274500,1871
1275000,1873
1275500,1872
1276001,1873
1276500,1872
1277000,1874
1277500,1872
1278000,1872
1278500,1872
1279000,1872
1279500,1872
1280000,1872
1280500,1872
1281001,1872
1281500,1872
1282000,1872
1282500,1872
1283000,1872
1283500,1872
1284000,1873
1284500,1872
1285000,1872
1285500,1872
1286000,1872
1286501,1872
1287000,1872
1287500,1874
1288000,1872
1288500,1872
1289000,1872
1289500,1872
1290000,1874
1290500,1872
1291000,1872
1291500,1872
1292000,1872
1292500,1872
1293000,1872
1293500,1872
1294000,1873
1294500,1872
1295001,1872
1295500,1872
1296000,1872
1296500,1872
1297000,1872
1297500,1873
1298000,1872
1298500,1873
1299000,1872
1299500,1872
1300001,1872
1300500,1872
1301001,1869
1301500,1873
1302001,1872
1302501,1872
1303000,1874
1303500,1871
1304001,1872
1304500,1870
1305000,1871
1305500,1872
1306000,1872
1306500,1872
1307001,1872
1307500,1873
1308001,1872
1308501,1872
1309000,1872
1309501,1872
1310000,1872
1310500,1872
1311000,1872
1311500,1872
1312000,1871
1312500,1871
1313000,1873
1313500,1873
1314000,1872
1314500,1869
1315000,1872
1315500,1871
1316001,1871
1316500,1872
1317000,1872
1317501,1872
1318000,1872
1318500,1870
1319000,1872
1319500,1872
1320001,1872
1320500,1874
1321001,1872
1321500,1874
1322000,1872
1322500,1873
1323000,1872
1323501,1872
1324000,1872
1324500,1872
1325000,1872
1325500,1872
1326000,1871
1326500,1873
1327001,1873
1327501,1873
1328000,1872
1328500,1872
1329001,1872
1329500,1872
1330000,1872
1330500,1872
1331000,1873
1331500,1871
1332001,1872
1332501,1872
1333000,1872
1333500,1872
1334001,1872
1334500,1873
1335000,1872
1335500,1874
1336001,1874
1336501,1872
1337000,1872
1337500,1872
1338000,1873
1338500,1872
1339000,1873
1339500,1872
1340000,1874
1340501,1872
1341000,1872
1341500,1872
1342000,1872
1342500,1872
1343000,1872
1343500,1872
1344000,1872
1344500,1872
1345001,1873
1345501,1872
1346000,1872
1346500,1874
1347000,1872
1347500,1872
1348001,1875
1348500,1872
1349001,1872
1349500,1872
1350001,1874
1350501,1872
1351000,1873
1351500,1872
1352001,1872
1352500,1871
1353000,1872
1353500,1873
1354001,1872
1354501,1872
1355000,1872
1355500,1872
1356000,1872
1356500,1872
1357000,1873
1357500,1872
1358000,1871
1358500,1872
1359000,1872
1359500,1872
1360000,1872
1360500,1872
1361000,1872
1361501,1872
1362000,1872
1362500,1871
1363000,1872
1363500,1872
1364000,1869
1364501,1872
1365000,1873
1365500,1871
1366000,1872
1366500,1872
1367000,1872
1367501,1873
1368000,1872
1368500,1872
1369000,1872
1369501,1872
1370000,1872
1370501,1872
1371000,1872
1371500,1872
1372000,1872
1372500,1872
1373001,1872
1373500,1872
1374001,1872
1374501,1874
1375000,1871
1375501,1872
1376000,1872
1376500,1872
1377000,1872
1377500,1872
1378000,1872
1378501,1872
1379000,1872
1379500,1872
1380001,1874
1380500,1872
1381000,1871
1381500,1872
1382000,1872
1382501,1872
1383000,1872
1383500,1872
1384000,1871
1384500,1872
1385000,1872
1385500,1871
1386000,1872
1386500,1871
1387000,1872
1387500,1872
1388000,1873
1388501,1872
1389000,1872
1389501,1873
1390000,1872
1390500,1873
1391000,1873
1391501,1872
1392000,1872
1392500,1872
1393000,1869
1393500,1872
1394000,1872
1394500,1872
1395000,1872
1395500,1872
1396001,1873
1396500,1872
1397000,1872
1397500,1872
1398001,1874
1398501,1872
1399000,1872
1399501,1875
1400000,1872
1400501,1872
1401000,1871
1401500,1872
1402000,1871
1402501,1873
1403000,1872
1403500,1873
1404000,1872
1404500,1872
1405000,1871
1405500,1872
1406001,1872
1406500,1872
1407000,1875
1407501,1873
1408000,1871
1408501,1872
1409000,1872
1409500,1873
1410001,1872
1410501,1872
1411000,1874
1411500,1872
1412000,1871
1412501,1872
1413000,1871
1413500,1872
1414000,1871
1414500,1872
1415000,1874
1415500,1872
1416001,1872
1416501,1872
1417000,1872
1417500,1872
1418001,1872
1418500,1872
1419001,1874
1419500,1872
1420001,1872
1420500,1872
1421001,1871
1421500,1872
1422000,1873
1422500,1872
1423001,1871
1423501,1872
1424000,1872
1424500,1872
1425000,1873
1425500,1871
1426000,1872
1426501,1872
1427000,1872
1427501,1871
1428000,1872
1428501,1872
1429000,1871
1429500,1871
1430001,1872
1430501,1872
1431000,1872
1431501,1872
1432000,1872
1432500,1873
1433000,1872
1433501,1873
1434000,1872
1434500,1872
1435000,1872
1435500,1871
1436001,1872
1436500,1873
1437000,1872
1437500,1872
1438000,1872
1438500,1872
1439000,1872
1439500,1872
1440000,1870
1440500,1872
1441001,1872
1441500,1872
1442001,1874
1442500,1873
1443000,1874
1443500,1874
1444000,1872
1444500,1872
1445000,1872
1445501,1872
1446000,1872
1446500,1872
1447000,1872
1447500,1873
1448001,1872
1448500,1872
1449000,1872
1449500,1872
1450000,1872
1450501,1872
1451000,1872
1451500,1870
1452000,1872
1452500,1872
1453000,1872
1453500,1872
1454000,1872
1454500,1871
1455001,1872
1455501,1872
1456000,1875
1456500,1872
1457000,1873
1457500,1873
1458000,1872
1458500,1872
1459001,1872
1459500,1872
1460001,1872
1460501,1872
1461000,1874
1461500,1870
1462001,1872
1462500,1872
1463001,1872
1463500,1872
1464000,1872
1464500,1872
1465000,1872
1465501,1872
1466000,1872
1466500,1870
1467001,1872
1467500,1873
1468000,1872
1468500,1873
1469000,1872
1469501,1873
1470000,1872
1470501,1872
1471000,1872
1471501,1872
1472000,1872
1472501,1872
1473000,1872
1473500,1872
1474000,1872
1474500,1872
1475000,1872
1475500,1871
1476000,1872
1476500,1872
1477000,1872
1477500,1872
1478001,1875
1478500,1871
1479000,1872
1479500,1873
1480000,1872
1480500,1872
1481000,1872
1481500,1872
1482001,1872
1482500,1872
1483000,1872
1483500,1873
1484001,1872
1484500,1872
1485000,1872
1485500,1872
1486000,1872
1486501,1874
1487000,1872
1487500,1872
1488000,1872
1488501,1872
1489000,1872
1489500,1871
1490001,1872
1490500,1872
1491000,1872
1491501,1872
1492000,1872
1492500,1872
1493000,1873
1493500,1874
1494000,1872
1494501,1871
1495000,1872
1495500,1872
1496000,1873
1496501,1873
1497000,1872
1497501,1872
1498000,1872
1498500,1872
1499000,1872
1499500,1872
1500000,1872
1500500,1872
1501000,1872
1501500,1871
1502001,1872
1502500,1872
1503001,1872
1503500,1874
1504000,1872
1504500,1873
1505000,1872
1505501,1872
1506000,1872
1506500,1872
1507000,1872
1507500,1872
1508001,1873
1508501,1872
1509000,1873
1509501,1872
1510000,1871
1510500,1872
1511000,1872
1511501,1872
1512000,1871
1512500,1872
1513000,1871
1513500,1871
1514001,1871
1514501,1873
1515000,1872
1515500,1872
1516000,1870
1516500,1872
1517000,1871
1517501,1872
1518000,1871
1518500,1872
1519000,1873
1519500,1872
1520000,1872
1520501,1872
1521000,1871
1521501,1872
1522000,1872
1522500,1872
1523000,1872
1523500,1872
1524001,1872
1524500,1872
1525000,1872
1525500,1872
1526000,1871
1526500,1872
1527000,1872
1527500,1872
1528000,1872
1528501,1872
1529000,1873
1529501,1872
1530000,1875
1530501,1874
1531000,1872
1531500,1873
1532000,1873
1532500,1872
1533000,1872
1533500,1872
1534001,1872
1534501,1872
1535000,1872
1535500,1872
1536000,1872
1536500,1872
1537001,1871
1537500,1872
1538000,1873
1538501,1872
1539000,1872
1539500,1872
1540001,1873
1540500,1872
1541001,1875
1541500,1872
1542000,1873
1542500,1873
1543001,1873
1543500,1872
1544000,1872
1544500,1872
1545000,1872
1545500,1873
1546000,1872
1546500,1873
1547001,1872
1547500,1872
1548000,1872
1548500,1871
1549001,1873
1549501,1872
1550000,1872
1550500,1872
1551001,1873
1551501,1872
1552000,1874
1552500,1872
1553000,1872
1553500,1872
1554000,1872
1554501,1872
1555000,1872
1555501,1872
1556000,1872
1556500,1872
1557001,1872
1557500,1872
1558000,1872
1558500,1872
1559000,1872
1559501,1872
1560000,1871
1560501,1872
1561000,1873
1561500,1872
1562000,1872
1562500,1874
1563000,1872
1563500,1871
1564000,1870
1564500,1872
1565001,1872
1565500,1872
1566000,1871
1566500,1872
1567000,1872
1567501,1872
1568000,1872
1568500,1871
1569000,1872
1569500,1872
1570000,1872
1570501,1874
1571000,1872
1571501,1872
1572000,1871
1572500,1873
1573000,1872
1573500,1872
1574000,1871
1574500,1872
1575000,1873
1575501,1871
1576000,1873
1576500,1872
1577000,1872
1577500,1873
1578001,1872
1578500,1873
1579001,1872
1579501,1871
1580000,1871
1580500,1869
1581000,1872
1581500,1872
1582000,1871
1582501,1872
1583000,1872
1583501,1872
1584000,1872
1584500,1874
1585000,1874
1585500,1872
1586000,1872
1586500,1872
1587001,1872
1587500,1872
1588001,1872
1588500,1872
1589000,1872
1589500,1872
1590000,1872
1590501,1872
1591000,1873
1591501,1871
1592000,1872
1592500,1872
1593000,1870
1593501,1871
1594000,1873
1594500,1872
1595000,1872
1595500,1872
1596001,1871
1596500,1872
1597001,1871
1597500,1870
1598000,1870
1598500,1872
1599000,1872
1599500,1872
1600000,1872
1600500,1873
1601000,1872
1601500,1872
1602000,1871
1602500,1872
1603000,1873
1603500,1873
1604000,1872
1604500,1872
1605001,1872
1605501,1870
1606000,1873
1606501,1872
1607000,1872
1607501,1872
1608000,1872
1608501,1871
1609000,1872
1609500,1872
1610000,1869
1610500,1872
1611001,1872
1611500,1873
1612000,1872
1612500,1872
1613001,1873
1613501,1872
1614000,1872
1614500,1872
1615000,1874
1615501,1872
1616000,1872
1616500,1872
1617001,1873
1617500,1871
1618001,1872
1618500,1873
1619000,1872
1619500,1873
1620000,1872
1620500,1872
1621000,1873
1621500,1872
1622000,1874
1622500,1872
1623000,1872
1623500,1872
1624000,1872
1624500,1872
1625001,1869
1625500,1874
1626000,1872
1626500,1872
1627001,1872
1627500,1872
1628000,1872
1628500,1872
1629000,1872
1629501,1872
1630000,1872
1630500,1870
1631001,1876
1631500,1872
1632000,1873
1632500,1871
1633000,1871
1633500,1872
1634000,1872
1634500,1872
1635000,1869
1635500,1873
1636000,1872
1636501,1872
1637000,1872
1637500,1871
1638001,1872
1638500,1872
1639001,1872
1639500,1871
1640000,1872
1640500,1871
1641000,1872
1641501,1872
1642000,1872
1642501,1874
1643000,1873
1643500,1872
1644000,1872
1644500,1872
1645000,1871
1645500,1874
1646000,1872
1646500,1870
1647000,1872
1647500,1873
1648000,1871
1648500,1872
1649000,1872
1649501,1872
1650000,1872
1650501,1872
1651000,1872
1651501,1873
1652000,1872
1652501,1872
1653000,1872
1653501,1872
1654000,1872
1654501,1872
1655000,1872
1655500,1872
1656000,1872
1656500,1872
1657000,1871
1657501,1872
1658000,1872
1658500,1872
1659001,1872
1659501,1872
1660000,1873
1660500,1875
1661001,1872
1661500,1872
1662000,1872
1662501,1872
1663000,1871
1663500,1872
1664000,1871
1664500,1871
1665000,1875
1665501,1873
1666000,1875
1666501,1872
1667000,1872
1667500,1874
1668000,1872
1668500,1872
1669001,1871
1669501,1872
1670000,1872
1670501,1872
1671000,1875
1671501,1874
1672000,1872
1672500,1872
1673001,1873
1673501,1875
1674000,1872
1674500,1872
1675001,1870
1675500,1873
1676001,1871
1676501,1872
1677000,1874
1677500,1872
1678000,1873
1678500,1872
1679000,1872
1679500,1872
1680001,1872
1680500,1872
1681001,1874
1681500,1873
1682000,1872
1682501,1873
1683000,1872
1683500,1871
1684000,1872
1684501,1871
1685000,1873
1685500,1872
1686000,1874
1686501,1872
1687000,1872
1687500,1871
1688001,1872
1688500,1872
1689000,1871
1689501,1872
1690000,1872
1690501,1874
1691000,1870
1691500,1872
1692001,1874
1692500,1872
1693001,1872
1693501,1872
1694000,1872
1694500,1872
1695000,1872
1695500,1872
1696000,1872
1696501,1872
1697000,1875
1697500,1870
1698000,1872
1698500,1872
1699001,1874
1699500,1871
1700000,1872
1700501,1874
1701000,1874
1701501,1874
1702000,1872
1702500,1872
1703001,1873
1703501,1872
1704000,1871
1704500,1872
1705000,1874
1705501,1873
1706000,1872
1706501,1872
1707000,1871
1707501,1872
1708000,1872
1708500,1872
1709000,1870
1709500,1872
1710001,1872
1710500,1874
1711001,1872
1711500,1872
1712000,1872
1712500,1872
1713001,1874
1713501,1874
1714000,1872
1714500,1872
1715000,1873
1715500,1872
1716000,1873
1716500,1872
1717000,1872
1717500,1872
1718000,1872
1718500,1872
1719000,1870
1719500,1872
1720000,1872
1720500,1872
1721001,1868
1721500,1872
1722001,1872
1722500,1873
1723000,1872
1723500,1870
1724001,1872
1724500,1873
1725001,1871
1725501,1872
1726000,1873
1726501,1872
1727000,1872
1727500,1872
1728000,1872
1728500,1873
1729000,1871
1729500,1872
1730001,1872
1730500,1872
1731001,1874
1731501,1877
1732000,1872
1732500,1872
1733000,1874
1733500,1873
1734001,1872
1734501,1872
1735000,1872
1735500,1872
1736001,1872
1736500,1872
1737000,1872
1737501,1873
1738000,1872
1738501,1872
1739000,1872
1739500,1872
1740001,1872
1740500,1872
1741000,1872
1741500,1872
1742000,1872
1742500,1872
1743001,1872
1743501,1871
1744000,1872
1744501,1872
1745000,1872
1745500,1871
1746001,1873
1746500,1872
1747000,1873
1747500,1872
1748001,1871
1748500,1872
1749001,1870
1749500,1874
1750000,1872
1750500,1872
1751001,1872
1751500,1872
1752000,1872
1752500,1872
1753001,1872
1753500,1872
1754000,1872
1754500,1872
1755001,1872
1755500,1875
1756000,1874
1756500,1872
1757000,1872
1757500,1872
1758000,1872
1758500,1872
1759001,1871
1759501,1872
1760000,1872
1760500,1873
1761001,1874
1761500,1872
1762001,1872
1762501,1872
1763000,1872
1763500,1871
1764000,1872
1764500,1872
1765000,1873
1765500,1872
1766000,1873
1766500,1872
1767001,1871
1767501,1872
1768000,1872
1768500,1872
1769000,1872
1769501,1872
1770000,1872
1770500,1871
1771000,1872
1771500,1872
1772001,1872
1772500,1873
1773000,1872
1773500,1872
1774001,1872
1774500,1872
1775000,1870
1775500,1872
1776000,1872
1776500,1872
1777001,1871
1777500,1872
1778000,1874
1778500,1872
1779000,1871
1779500,1872
1780000,1872
1780500,1873
1781000,1872
1781500,1874
1782001,1871
1782500,1871
1783000,1875
1783500,1873
1784001,1873
1784500,1874
1785000,1871
1785500,1874
1786000,1872
1786501,1872
1787000,1873
1787501,1872
1788000,1872
1788500,1873
1789000,1872
1789500,1872
1790000,1871
1790500,1872
1791000,1873
1791501,1872
1792000,1872
1792501,1872
1793000,1873
1793500,1874
1794001,1872
1794500,1872
1795000,1873
1795500,1872
1796000,1872
1796501,1872
1797000,1874
1797500,1872
1798000,1872
1798501,1872
1799000,1872
1799500,1873
1800000,1873
1800501,1872
1801000,1872
1801500,1874
1802001,1872
1802500,1873
1803000,1871
1803501,1872
1804000,1872
1804501,1872
1805000,1872
1805500,1872
1806000,1872
1806500,1873
1807001,1871
1807500,1872
1808000,1872
1808500,1871
1809000,1872
1809500,1872
1810000,1873
1810500,1872
1811001,1874
1811500,1872
1812001,1872
1812500,1871
1813000,1872
1813500,1872
1814001,1872
1814500,1872
1815001,1873
1815500,1874
1816000,1872
1816500,1872
1817000,1873
1817500,1872
1818000,1872
1818500,1873
1819000,1872
1819500,1872
1820001,1872
1820500,1871
1821001,1872
1821500,1872
1822001,1873
1822501,1872
1823000,1874
1823500,1872
1824000,1873
1824500,1872
1825000,1872
1825500,1874
1826001,1872
1826500,1872
1827001,1872
1827500,1874
1828000,1873
1828501,1872
1829000,1872
1829500,1872
1830000,1872
1830500,1872
1831001,1873
1831500,1872
1832000,1872
1832500,1872
1833001,1873
1833500,1872
1834000,1874
1834500,1872
1835001,1872
1835500,1873
1836001,1872
1836500,1870
1837001,1874
1837501,1873
1838000,1872
1838501,1873
1839000,1878
1839500,1872
1840001,1872
1840500,1872
1841001,1871
1841500,1872
1842001,1872
1842500,1872
1843000,1875
1843500,1872
1844001,1872
1844500,1872
1845001,1872
1845500,1872
1846001,1872
1846500,1872
1847000,1872
1847500,1872
1848001,1872
1848500,1871
1849001,1872
1849500,1872
1850001,1872
1850500,1872
1851000,1872
1851500,1872
1852000,1873
1852501,1873
1853000,1874
1853500,1872
1854001,1872
1854500,1872
1855001,1872
1855500,1872
1856000,1872
1856500,1872
1857000,1868
1857500,1872
1858001,1872
1858500,1872
1859000,1871
1859500,1872
1860000,1872
1860501,1871
1861000,1872
1861500,1872
1862001,1873
1862500,1872
1863001,1872
1863500,1872
1864001,1872
1864500,1870
1865001,1874
1865500,1872
1866001,1872
1866500,1873
1867001,1872
1867501,1876
1868000,1873
1868501,1871
1869000,1872
1869500,1872
1870001,1872
1870500,1872
1871001,1872
1871500,1871
1872001,1872
1872500,1872
1873000,1872
1873500,1873
1874001,1872
1874500,1872
1875000,1871
1875500,1872
1876001,1872
1876501,1873
1877000,1871
1877500,1873
1878000,1872
1878500,1872
1879001,1872
1879500,1872
1880000,1873
1880500,1872
1881000,1874
1881500,1872
1882000,1872
1882500,1873
1883000,1872
1883501,1872
1884000,1873
1884500,1873
1885000,1872
1885500,1872
1886001,1872
1886500,1872
1887000,1871
1887500,1872
1888001,1871
1888500,1872
1889000,1872
1889500,1872
1890000,1872
1890500,1872
1891001,1871
1891500,1872
1892000,1872
1892500,1872
1893000,1873
1893501,1872
1894000,1872
1894500,1872
1895001,1871
1895500,1872
1896000,1872
1896500,1872
1897000,1872
1897500,1872
1898000,1871
1898500,1872
1899000,1872
1899500,1872
1900001,1872
1900500,1872
1901000,1874
1901500,1873
1902001,1872
1902500,1872
1903001,1872
1903500,1873
1904000,1870
1904500,1871
1905000,1872
1905500,1872
1906000,1872
1906501,1872
1907000,1872
1907501,1871
1908000,1869
1908500,1873
1909001,1872
1909500,1872
1910001,1872
1910500,1872
1911001,1872
1911500,1872
1912001,1868
1912500,1872
1913001,1872
1913500,1872
1914001,1873
1914500,1872
1915000,1870
1915500,1873
1916000,1872
1916500,1872
1917000,1873
1917500,1872
1918000,1872
1918500,1872
1919000,1872
1919500,1872
1920000,1872
1920501,1872
1921000,1870
1921501,1871
1922000,1872
1922500,1873
1923001,1873
1923500,1872
1924000,1872
1924500,1872
1925000,1872
1925500,1872
1926000,1872
1926500,1872
1927000,1872
1927501,1872
1928000,1873
1928500,1872
1929000,1872
1929500,1873
1930000,1874
1930500,1873
1931000,1874
1931500,1871
1932000,1871
1932500,1872
1933000,1874
1933500,1872
1934000,1870
1934500,1872
1935000,1872
1935501,1872
1936000,1872
1936501,1872
1937000,1872
1937500,1876
1938001,1872
1938500,1873
1939001,1872
1939500,1872
1940001,1872
1940500,1872
1941001,1872
1941500,1872
1942000,1872
1942500,1872
1943000,1872
1943500,1872
1944000,1872
1944501,1875
1945000,1873
1945500,1873
1946000,1872
1946501,1872
1947000,1872
1947501,1872
1948000,1872
1948500,1872
1949000,1872
1949500,1870
1950000,1872
1950501,1872
1951000,1872
1951500,1872
1952001,1872
1952500,1872
1953001,1872
1953500,1872
1954000,1872
1954501,1872
1955000,1873
1955500,1872
1956000,1871
1956500,1874
1957000,1872
1957501,1871
1958000,1869
1958500,1871
1959000,1870
1959500,1872
1960001,1872
1960500,1873
1961001,1872
1961500,1872
1962001,1872
1962500,1873
1963001,1872
1963501,1872
1964000,1872
1964500,1874
1965000,1872
1965500,1872
1966000,1872
1966500,1872
1967000,1872
1967500,1873
1968000,1872
1968500,1872
1969000,1873
1969500,1874
1970001,1872
1970500,1872
1971001,1874
1971500,1873
1972001,1873
1972500,1873
1973001,1872
1973500,1872
1974001,1872
1974500,1872
1975000,1872
1975500,1872
1976000,1873
1976500,1872
1977000,1873
1977500,1873
1978000,1873
1978501,1874
1979000,1873
1979501,1872
1980000,1873
1980501,1872
1981000,1872
1981500,1873
1982001,1872
1982500,1873
1983001,1871
1983500,1872
1984000,1871
1984500,1872
1985000,1871
1985500,1872
1986000,1872
1986500,1871
1987000,1872
1987500,1872
1988000,1872
1988501,1872
1989000,1873
1989500,1872
1990001,1872
1990500,1871
1991001,1872
1991500,1872
1992001,1872
1992500,1872
1993000,1872
1993500,1872
1994000,1872
1994501,1873
1995000,1872
1995500,1873
1996000,1872
1996500,1872
1997000,1872
1997501,1872
1998000,1873
1998500,1872
1999000,1872
1999500,1872
2000000,1872
2000500,1872
2001000,1872
2001500,1872
2002000,1874
2002500,1873
2003000,1874
2003501,1872
2004000,1872
2004500,1873
2005000,1873
2005501,1872
2006000,1872
2006500,1871
2007001,1874
2007500,1872
2008001,1872
2008500,1872
2009000,1871
2009500,1872
2010001,1872
2010500,1872
2011001,1872
2011500,1873
2012000,1870
2012500,1871
2013000,1872
2013500,1872
2014000,1872
2014500,1873
2015001,1872
2015501,1872
2016000,1871
2016500,1870
2017001,1872
2017500,1873
2018001,1873
2018500,1871
2019001,1873
2019501,1872
2020000,1871
2020500,1872
2021000,1872
2021501,1874
2022000,1872
2022501,1873
2023000,1872
2023500,1872
2024001,1872
2024500,1873
2025000,1872
2025500,1872
2026000,1872
2026500,1874
2027000,1872
2027500,1874
2028000,1872
2028501,1872
2029000,1872
2029501,1872
2030000,1872
2030501,1872
2031000,1871
2031501,1873
2032000,1872
2032500,1872
2033000,1873
2033500,1874
2034001,1871
2034500,1873
2035000,1873
2035500,1872
2036000,1873
2036501,1872
2037000,1871
2037500,1872
2038001,1872
2038501,1872
2039000,1872
2039501,1872
2040000,1871
2040500,1872
2041001,1872
2041500,1872
2042000,1871
2042500,1872
2043001,1872
2043500,1872
2044000,1872
2044500,1872
2045000,1872
2045500,1872
2046001,1873
2046500,1872
2047000,1872
2047500,1872
2048000,1875
2048500,1872
2049000,1872
2049501,1874
2050000,1872
2050501,1872
2051000,1872
2051500,1872
2052000,1872
2052500,1872
2053000,1872
2053500,1871
2054000,1873
2054500,1873
2055000,1872
2055500,1872
2056000,1872
2056500,1871
2057000,1871
2057500,1873
2058001,1875
2058500,1872
2059000,1872
2059500,1872
2060001,1872
2060500,1871
2061000,1872
2061500,1873
2062000,1871
2062500,1872
2063000,1870
2063500,1872
2064000,1872
2064500,1872
2065000,1872
2065500,1873
2066001,1873
2066500,1872
2067001,1872
2067500,1877
2068000,1873
2068500,1872
2069000,1871
2069500,1871
2070000,1872
2070500,1875
2071000,1872
2071500,1872
2072000,1872
2072500,1871
2073001,1874
2073501,1872
2074000,1872
2074500,1873
2075001,1872
2075500,1872
2076000,1872
2076500,1872
2077000,1872
2077501,1872
2078000,1872
2078501,1872
2079000,1873
2079500,1872
2080001,1872
2080500,1872
2081000,1872
2081500,1872
2082001,1873
2082500,1872
2083000,1871
2083500,1874
2084001,1873
2084500,1872
2085001,1873
2085500,1872
2086000,1873
2086500,1871
2087000,1870
2087500,1873
2088001,1872
2088500,1872
2089000,1871
2089500,1872
2090001,1872
2090501,1872
2091000,1872
2091500,1872
2092001,1872
2092500,1872
2093001,1873
2093501,1872
2094000,1876
2094501,1871
2095000,1872
2095500,1872
2096000,1873
2096500,1872
2097001,1872
2097500,1872
2098000,1873
2098500,1872
2099001,1872
2099500,1873
2100001,1872
2100500,1873
2101000,1872
2101501,1872
2102000,1872
2102500,1872
2103000,1872
2103500,1872
2104001,1873
2104500,1872
2105000,1872
2105500,1871
2106000,1872
2106501,1871
2107000,1872
2107500,1872
2108000,1872
2108501,1872
2109000,1872
2109500,1872
2110000,1872
2110500,1872
2111000,1872
2111500,1873
2112001,1872
2112500,1872
2113000,1872
2113500,1872
2114000,1872
2114501,1872
2115000,1872
2115500,1872
2116000,1872
2116501,1872
2117000,1875
2117500,1872
2118000,1871
2118500,1872
2119001,1872
2119500,1871
2120000,1872
2120500,1872
2121001,1872
2121500,1872
2122000,1872
2122500,1872
2123000,1872
2123500,1872
2124001,1872
2124501,1872
2125000,1871
2125501,1872
2126000,1871
2126500,1873
2127000,1872
2127501,1871
2128000,1872
2128500,1872
2129001,1873
2129500,1872
2130001,1872
2130500,1872
2131001,1872
2131500,1872
2132000,1873
2132501,1872
2133000,1872
2133501,1872
2134000,1872
2134500,1872
2135000,1872
2135501,1872
2136000,1872
2136501,1873
2137000,1872
2137500,1872
2138000,1872
2138500,1872
2139001,1872
2139500,1872
2140000,1872
2140500,1872
2141001,1873
2141500,1872
2142001,1872
2142501,1872
2143000,1872
2143500,1873
2144001,1872
2144500,1873
2145000,1874
2145500,1872
2146000,1874
2146500,1872
2147000,1872
2147501,1873
2148000,1873
2148501,1872
2149000,1872
2149500,1870
2150001,1872
2150501,1872
2151000,1872
2151500,1872
2152000,1871
2152500,1872
2153000,1872
2153500,1872
2154000,1873
2154500,1873
2155001,1872
2155500,1871
2156001,1872
2156500,1871
2157000,1872
2157501,1871
2158000,1873
2158500,1872
2159000,1872
2159500,1874
2160001,1872
2160501,1871
2161000,1872
2161500,1872
2162000,1872
2162500,1872
2163000,1872
2163500,1872
2164001,1872
2164501,1872
2165000,1870
2165501,1873
2166000,1872
2166501,1873
2167000,1871
2167500,1872
2168000,1873
2168500,1872
2169001,1872
2169500,1872
2170000,1872
2170500,1871
2171000,1873
2171501,1872
2172000,1871
2172500,1872
2173001,1871
2173500,1874
2174000,1872
2174500,1872
2175000,1872
2175501,1874
2176000,1872
2176500,1872
2177000,1872
2177501,1873
2178000,1872
2178501,1873
2179000,1872
2179501,1873
2180000,1872
2180501,1871
2181000,1872
2181501,1869
2182000,1872
2182500,1872
2183000,1872
2183500,1872
2184001,1873
2184500,1871
2185000,1872
2185500,1872
2186001,1872
2186500,1872
2187001,1870
2187500,1872
2188001,1872
2188500,1872
2189000,1875
2189501,1872
2190000,1872
2190500,1871
2191000,1872
2191500,1872
2192000,1873
2192500,1871
2193000,1873
2193500,1872
2194000,1872
2194501,1872
2195000,1872
2195500,1873
2196000,1872
2196501,1872
2197000,1873
2197500,1869
2198000,1872
2198501,1872
2199000,1872
2199500,1867
2200000,1872
2200500,1872
2201000,1871
2201500,1871
2202000,1872
2202500,1872
2203000,1872
2203500,1873
2204000,1872
2204501,1872
2205000,1873
2205500,1872
2206000,1872
2206500,1873
2207000,1872
2207500,1873
2208001,1873
2208500,1872
2209001,1872
2209500,1872
2210001,1871
2210500,1872
2211001,1870
2211501,1871
2212000,1872
2212500,1873
2213000,1873
2213501,1872
2214000,1872
2214500,1872
2215001,1872
2215501,1872
2216000,1872
2216501,1870
2217000,1872
2217500,1872
2218000,1873
2218500,1871
2219001,1872
2219500,1873
2220001,1872
2220500,1871
2221001,1872
2221500,1872
2222001,1872
2222501,1872
2223000,1872
2223500,1871
2224000,1871
2224500,1871
2225001,1872
2225500,1872
2226000,1872
2226500,1872
2227000,1871
2227500,1872
2228001,1872
2228500,1872
2229001,1871
2229500,1872
2230001,1870
2230501,1872
2231000,1870
2231500,1872
2232001,1872
2232500,1872
2233000,1872
2233500,1872
2234000,1872
2234500,1870
2235001,1872
2235500,1872
2236000,1871
2236500,1872
2237000,1871
2237500,1872
2238000,1872
2238500,1872
2239001,1874
2239500,1872
2240000,1871
2240500,1872
2241000,1872
2241500,1872
2242001,1872
2242501,1872
2243000,1872
2243501,1872
2244000,1872
2244501,1872
2245000,1873
2245500,1872
2246001,1871
2246501,1872
2247000,1872
2247500,1872
2248001,1872
2248500,1872
2249000,1872
2249500,1872
2250001,1872
2250500,1872
2251000,1872
2251500,1870
2252000,1872
2252500,1872
2253000,1872
2253500,1872
2254001,1873
2254501,1872
2255000,1874
2255501,1872
2256000,1873
2256501,1872
2257000,1872
2257501,1872
2258000,1872
2258500,1872
2259000,1872
2259501,1870
2260000,1872
2260500,1872
2261001,1872
2261501,1872
2262000,1872
2262500,1872
2263000,1871
2263500,1873
2264000,1872
2264500,1872
2265001,1872
2265500,1872
2266001,1872
2266500,1872
2267000,1872
2267500,1873
2268001,1871
2268500,1874
2269001,1872
2269500,1871
2270000,1872
2270500,1872
2271000,1872
2271500,1873
2272000,1872
2272500,1872
2273000,1872
2273501,1872
2274000,1876
2274500,1873
2275000,1872
2275501,1871
2276000,1872
2276500,1872
2277001,1871
2277500,1873
2278001,1872
2278501,1872
2279000,1872
2279501,1869
2280000,1872
2280501,1872
2281000,1872
2281500,1872
2282001,1871
2282500,1872
2283000,1871
2283500,1872
2284000,1872
2284500,1872
2285001,1871
2285500,1872
2286000,1872
2286501,1872
2287000,1874
2287500,1872
2288000,1872
2288501,1872
2289000,1872
2289500,1872
2290000,1872
2290500,1872
2291000,1873
2291501,1872
2292000,1872
2292501,1875
2293000,1874
2293500,1872
2294000,1872
2294500,1871
2295000,1873
2295500,1871
2296001,1872
2296501,1873
2297000,1872
2297500,1872
2298000,1872
2298500,1872
2299001,1872
2299501,1872
2300000,1871
2300501,1872
2301000,1872
2301500,1872
2302000,1872
2302500,1872
2303000,1872
2303500,1872
2304001,1873
2304500,1872
2305001,1874
2305500,1876
2306000,1872
2306500,1872
2307000,1872
2307500,1870
2308001,1872
2308500,1872
2309001,1872
2309501,1874
2310000,1872
2310501,1872
2311000,1874
2311501,1872
2312000,1872
2312500,1872
2313001,1873
2313500,1869
2314000,1871
2314500,1872
2315000,1872
2315501,1876
2316000,1872
2316501,1871
2317000,1872
2317501,1873
2318000,1872
2318500,1872
2319001,1872
2319500,1872
2320000,1872
2320500,1872
2321001,1872
2321500,1871
2322001,1872
2322500,1871
2323001,1872
2323500,1873
2324000,1872
2324500,1871
2325001,1873
2325501,1872
2326000,1874
2326500,1873
2327001,1872
2327500,1874
2328001,1872
2328501,1872
2329000,1872
2329501,1872
2330000,1872
2330500,1872
2331000,1872
2331500,1872
2332000,1872
2332501,1872
2333000,1874
2333500,1872
2334001,1872
2334501,1873
2335000,1873
2335500,1872
2336001,1871
2336500,1872
2337000,1872
2337500,1874
2338000,1872
2338500,1874
2339000,1872
2339501,1872
2340000,1872
2340501,1872
2341000,1872
2341500,1872
2342000,1873
2342500,1872
2343000,1872
2343500,1871
2344000,1872
2344500,1872
2345000,1872
2345500,1872
2346000,1872
2346500,1873
2347001,1872
2347500,1872
2348000,1872
2348500,1873
2349000,1872
2349500,1872
2350001,1873
2350500,1872
2351001,1871
2351501,1871
2352000,1872
2352500,1872
2353001,1872
2353500,1870
2354001,1874
2354500,1873
2355000,1872
2355500,1873
2356000,1872
2356500,1872
2357000,1873
2357500,1872
2358000,1873
2358500,1872
2359000,1872
2359500,1872
2360000,1872
2360501,1873
2361000,1870
2361501,1872
2362000,1872
2362500,1872
2363000,1871
2363500,1874
2364000,1872
2364500,1872
2365000,1872
2365500,1872
2366000,1872
2366500,1872
2367001,1871
2367500,1870
2368001,1872
2368501,1871
2369000,1872
2369500,1872
2370001,1871
2370500,1872
2371000,1869
2371500,1870
2372000,1872
2372500,1872
2373000,1874
2373501,1873
2374000,1869
2374500,1871
2375000,1872
2375500,1872
2376001,1872
2376501,1871
2377000,1873
2377501,1872
2378000,1872
2378500,1872
2379000,1874
2379500,1872
2380000,1872
2380500,1872
2381000,1872
2381500,1872
2382000,1872
2382500,1872
2383001,1872
2383500,1877
2384001,1872
2384501,1872
2385000,1872
2385501,1872
2386000,1873
2386500,1871
2387001,1872
2387500,1873
2388001,1872
2388500,1872
2389001,1872
2389501,1872
2390000,1873
2390500,1872
2391000,1871
2391501,1874
2392000,1873
2392500,1872
2393000,1872
2393500,1872
2394000,1871
2394500,1871
2395000,1872
2395500,1873
2396001,1872
2396500,1874
2397000,1872
2397501,1872
2398000,1872
2398501,1875
2399000,1872
2399501,1872
2400000,1872
2400501,1872
2401000,1872
2401500,1871
2402001,1872
2402500,1873
2403000,1872
2403500,1872
2404000,1872
2404501,1873
2405000,1874
2405500,1872
2406001,1872
2406500,1872
2407000,1875
2407500,1872
2408000,1872
2408500,1871
2409000,1873
2409500,1872
2410000,1873
2410500,1872
2411001,1872
2411500,1873
2412000,1872
2412500,1874
2413000,1872
2413500,1874
2414000,1871
2414500,1872
2415000,1872
2415500,1872
2416000,1872
2416501,1872
2417000,1872
2417500,1873
2418000,1873
2418501,1872
2419000,1872
2419500,1872
2420000,1872
2420500,1872
2421000,1872
2421500,1872
2422000,1873
2422500,1872
2423000,1872
2423500,1872
2424000,1873
2424500,1872
2425001,1873
2425500,1872
2426000,1872
2426501,1872
2427000,1872
2427500,1872
2428000,1872
2428501,1869
2429000,1872
2429501,1872
2430000,1872
2430501,1871
2431000,1872
2431500,1870
2432000,1872
2432501,1871
2433000,1872
2433500,1872
2434000,1872
2434501,1872
2435000,1872
2435500,1872
2436001,1873
2436501,1873
2437000,1872
2437501,1872
2438000,1872
2438500,1872
2439000,1872
2439501,1872
2440000,1872
2440500,1872
2441000,1872
2441500,1872
2442000,1871
2442500,1871
2443000,1872
2443500,1871
2444000,1872
2444500,1872
2445000,1872
2445500,1873
2446000,1872
2446500,1872
2447000,1872
2447501,1872
2448000,1872
2448501,1871
2449000,1871
2449500,1872
2450000,1873
2450500,1872
2451001,1872
2451501,1870
2452000,1872
2452500,1872
2453000,1872
2453500,1872
2454000,1871
2454500,1872
2455000,1873
2455501,1873
2456000,1872
2456500,1872
2457001,1874
2457500,1873
2458000,1872
2458500,1872
2459000,1873
2459500,1872
2460001,1872
2460500,1873
2461000,1872
2461501,1872
2462000,1872
2462500,1872
2463001,1872
2463500,1873
2464000,1872
2464500,1872
2465001,1872
2465500,1873
2466000,1872
2466500,1872
2467000,1872
2467500,1874
2468001,1872
2468500,1872
2469001,1872
2469501,1872
2470000,1872
2470501,1872
2471000,1872
2471500,1872
2472000,1874
2472500,1872
2473000,1872
2473500,1874
2474000,1872
2474500,1872
2475001,1874
2475500,1872
2476000,1871
2476501,1872
2477000,1870
2477500,1872
2478000,1872
2478500,1872
2479000,1872
2479500,1873
2480000,1874
2480500,1872
2481000,1874
2481501,1872
2482000,1872
2482501,1870
2483000,1872
2483500,1873
2484000,1871
2484500,1873
2485000,1869
2485500,1872
2486000,1873
2486500,1872
2487000,1872
2487500,1872
2488000,1872
2488500,1872
2489001,1872
2489500,1872
2490000,1872
2490501,1872
2491000,1872
2491500,1871
2492001,1872
2492501,1872
2493000,1872
2493500,1872
2494000,1873
2494501,1873
2495000,1870
2495501,1872
2496000,1872
2496500,1872
2497001,1872
2497500,1872
2498000,1872
2498500,1872
2499001,1871
2499500,1873
2500001,1872
2500500,1872
2501000,1872
2501500,1873
2502001,1872
2502500,1872
2503001,1872
2503500,1873
2504000,1871
2504500,1872
2505000,1872
2505500,1872
2506000,1873
2506500,1872
2507001,1872
2507500,1872
2508001,1872
2508500,1872
2509000,1872
2509500,1872
2510001,1871
2510501,1871
2511000,1873
2511500,1871
2512001,1871
2512500,1872
2513000,1871
2513501,1872
2514000,1872
2514501,1873
2515000,1872
2515501,1872
2516000,1872
2516500,1872
2517000,1870
2517500,1872
2518001,1872
2518500,1872
2519000,1872
2519501,1872
2520000,1873
2520501,1872
2521000,1872
2521500,1872
2522000,1872
2522500,1872
2523000,1872
2523500,1872
2524000,1871
2524500,1871
2525000,1872
2525500,1871
2526000,1872
2526500,1872
2527000,1872
2527501,1873
2528000,1872
2528500,1872
2529000,1872
2529500,1872
2530000,1870
2530501,1872
2531000,1872
2531500,1872
2532000,1872
2532500,1872
2533001,1871
2533501,1872
2534000,1872
2534500,1872
2535001,1871
2535501,1870
2536000,1872
2536500,1872
2537000,1872
2537501,1872
2538000,1873
2538500,1872
2539001,1872
2539500,1872
2540000,1872
2540500,1872
2541001,1872
2541501,1872
2542000,1871
2542501,1870
2543000,1872
2543500,1871
2544000,1873
2544500,1872
2545001,1872
2545500,1870
2546000,1872
2546501,1870
2547000,1872
2547500,1872
2548000,1871
2548501,1872
2549000,1871
2549501,1872
2550000,1872
2550500,1871
2551000,1871
2551500,1872
2552001,1872
2552500,1873
2553001,1872
2553500,1871
2554000,1872
2554500,1872
2555000,1872
2555500,1872
2556000,1872
2556501,1872
2557000,1872
2557500,1875
2558000,1872
2558501,1872
2559000,1873
2559501,1872
2560000,1872
2560501,1872
2561000,1872
2561500,1869
2562001,1873
2562501,1872
2563000,1872
2563500,1872
2564000,1872
2564501,1870
2565000,1872
2565501,1872
2566000,1872
2566500,1872
2567000,1872
2567500,1873
2568000,1872
2568501,1872
2569000,1871
2569500,1872
2570000,1871
2570500,1873
2571000,1872
2571500,1872
2572000,1872
2572500,1872
2573000,1872
2573500,1871
2574001,1872
2574501,1872
2575000,1872
2575500,1873
2576001,1874
2576500,1872
2577000,1872
2577501,1872
2578000,1872
2578501,1870
2579000,1871
2579501,1872
2580000,1871
2580500,1872
2581000,1872
2581500,1868
2582000,1872
2582501,1872
2583000,1872
2583500,1872
2584001,1871
2584500,1872
2585000,1872
2585500,1872
2586000,1873
2586500,1872
2587001,1872
2587501,1871
2588000,1872
2588500,1872
2589001,1874
2589500,1870
2590001,1872
2590500,1872
2591001,1872
2591500,1869
2592001,1870
2592500,1872
2593001,1872
2593500,1870
2594000,1872
2594500,1872
2595000,1871
2595500,1873
2596001,1872
2596501,1872
2597000,1871
2597500,1872
2598001,1872
2598500,1871
2599000,1872
2599501,1872
2600000,1873
2600501,1873
2601000,1872
2601501,1872
2602000,1872
2602500,1873
2603001,1872
2603500,1872
2604001,1872
2604501,1872
2605000,1872
2605500,1872
2606001,1874
2606500,1871
2607001,1872
2607500,1872
2608001,1870
2608500,1872
2609000,1873
2609500,1872
2610001,1872
2610500,1872
2611000,1872
2611500,1870
2612001,1871
2612500,1872
2613001,1872
2613501,1872
2614000,1870
2614501,1872
2615000,1872
2615501,1872
2616000,1872
2616501,1871
2617000,1873
2617501,1872
2618000,1875
2618500,1873
2619000,1872
2619500,1872
2620001,1872
2620500,1872
2621001,1872
2621501,1872
2622000,1872
2622501,1871
2623000,1872
2623500,1870
2624000,1872
2624501,1872
2625000,1872
2625501,1872
2626000,1871
2626501,1872
2627000,1872
2627501,1872
2628000,1872
2628500,1872
2629000,1874
2629500,1872
2630001,1873
2630500,1872
2631001,1872
2631500,1872
2632000,1872
2632500,1872
2633000,1871
2633500,1872
2634000,1872
2634501,1872
2635000,1872
2635500,1874
2636001,1872
2636500,1871
2637000,1872
2637500,1871
2638000,1872
2638501,1871
2639000,1871
2639500,1872
2640000,1872
2640500,1872
2641000,1871
2641500,1872
2642000,1872
2642500,1872
2643001,1872
2643500,1871
2644000,1872
2644501,1872
2645000,1872
2645501,1872
2646000,1872
2646500,1871
2647000,1871
2647501,1872
2648000,1871
2648500,1872
2649000,1872
2649501,1871
2650000,1872
2650501,1872
2651000,1872
2651500,1872
2652000,1871
2652500,1872
2653000,1874
2653500,1872
2654000,1870
2654500,1872
2655000,1872
2655501,1872
2656000,1872
2656500,1873
2657000,1871
2657501,1872
2658000,1872
2658501,1873
2659000,1872
2659500,1872
2660000,1872
2660500,1872
2661001,1874
2661500,1872
2662000,1871
2662500,1871
2663001,1872
2663500,1873
2664000,1874
2664500,1872
2665000,1872
2665500,1872
2666001,1872
2666500,1872
2667000,1873
2667500,1872
2668000,1873
2668500,1872
2669000,1872
2669500,1872
2670001,1871
2670500,1872
2671000,1873
2671500,1875
2672000,1872
2672500,1872
2673000,1872
2673500,1870
2674000,1872
2674500,1873
2675000,1872
2675501,1872
2676000,1873
2676500,1873
2677001,1872
2677500,1872
2678001,1874
2678500,1872
2679000,1872
2679500,1872
2680000,1872
2680500,1873
2681000,1872
2681501,1872
2682000,1872
2682500,1875
2683000,1872
2683500,1871
2684000,1873
2684501,1872
2685000,1872
2685501,1872
2686000,1872
2686500,1870
2687001,1872
2687500,1872
2688000,1874
2688500,1872
2689000,1872
2689500,1872
2690001,1872
2690500,1873
2691000,1872
2691500,1872
2692001,1872
2692500,1872
2693000,1872
2693501,1873
2694000,1872
2694501,1872
2695000,1874
2695501,1872
2696000,1871
2696501,1874
2697000,1872
2697500,1871
2698000,1873
2698501,1872
2699000,1871
2699500,1872
2700000,1873
2700500,1871
2701000,1872
2701501,1872
2702000,1873
2702501,1874
2703000,1871
2703500,1872
2704000,1871
2704500,1872
2705000,1873
2705500,1872
2706000,1873
2706500,1872
2707001,1872
2707501,1873
2708000,1872
2708500,1872
2709000,1872
2709500,1872
2710001,1872
2710500,1873
2711000,1872
2711501,1875
2712000,1872
2712501,1874
2713000,1872
2713500,1872
2714001,1872
2714501,1872
2715000,1873
2715501,1872
2716000,1872
2716500,1875
2717001,1873
2717501,1872
2718000,1872
2718500,1873
2719000,1873
2719500,1872
2720000,1872
2720500,1872
2721000,1872
2721501,1871
2722000,1872
2722500,1876
2723000,1873
2723500,1872
2724001,1870
2724500,1872
2725001,1872
2725501,1873
2726000,1872
2726500,1872
2727001,1872
2727501,1872
2728000,1872
2728500,1872
2729000,1871
2729501,1872
2730000,1872
2730500,1870
2731000,1871
2731500,1872
2732000,1872
2732500,1872
2733000,1872
2733501,1872
2734000,1872
2734500,1872
2735000,1872
2735500,1872
2736000,1872
2736500,1871
2737000,1872
2737500,1872
2738001,1869
2738500,1870
2739000,1871
2739500,1872
2740000,1871
2740500,1873
2741001,1872
2741501,1871
2742000,1872
2742500,1872
2743000,1871
2743500,1872
2744000,1873
2744501,1872
2745000,1872
2745500,1870
2746000,1874
2746501,1872
2747000,1872
2747500,1872
2748001,1872
2748500,1872
2749000,1872
2749500,1873
2750000,1872
2750501,1870
2751000,1872
2751500,1872
2752001,1872
2752501,1872
2753000,1872
2753501,1873
2754000,1872
2754501,1872
2755000,1873
2755501,1872
2756000,1874
2756500,1872
2757001,1872
2757501,1870
2758000,1873
2758500,1873
2759000,1872
2759500,1872
2760001,1872
2760500,1872
2761000,1872
2761500,1872
2762001,1874
2762500,1874
2763001,1872
2763501,1872
2764000,1874
2764501,1875
2765000,1872
2765501,1872
2766000,1872
2766501,1872
2767000,1873
2767500,1870
2768000,1872
2768501,1872
2769000,1871
2769500,1872
2770000,1872
2770500,1872
2771000,1871
2771501,1872
2772000,1873
2772500,1872
2773000,1872
2773500,1873
2774000,1869
2774501,1872
2775000,1872
2775501,1871
2776000,1872
2776500,1871
2777001,1875
2777500,1872
2778000,1873
2778500,1872
2779000,1870
2779500,1873
2780000,1874
2780501,1872
2781000,1872
2781501,1872
2782000,1872
2782501,1873
2783000,1872
2783501,1872
2784000,1870
2784501,1869
2785000,1870
2785501,1872
2786000,1872
2786501,1872
2787000,1872
2787500,1872
2788000,1873
2788500,1872
2789001,1872
2789501,1872
2790000,1872
2790500,1874
2791001,1872
2791500,1872
2792001,1872
2792500,1872
2793001,1872
2793500,1872
2794001,1875
2794500,1871
2795001,1872
2795500,1874
2796001,1871
2796500,1872
2797000,1872
2797501,1872
2798000,1872
2798500,1872
2799001,1872
2799500,1872
2800000,1872
2800500,1871
2801001,1871
2801500,1871
2802000,1873
2802500,1872
2803000,1871
2803500,1872
2804000,1872
2804500,1872
2805001,1872
2805500,1872
2806000,1872
2806500,1872
2807000,1872
2807500,1872
2808000,1873
2808500,1872
2809001,1872
2809500,1872
2810000,1873
2810500,1872
2811000,1871
2811501,1870
2812000,1873
2812501,1872
2813000,1872
2813500,1872
2814001,1872
2814500,1871
2815001,1871
2815500,1872
2816000,1872
2816500,1872
2817001,1872
2817500,1872
2818000,1872
2818500,1873
2819000,1871
2819501,1872
2820000,1872
2820500,1872
2821001,1872
2821500,1872
2822000,1873
2822500,1873
2823000,1872
2823500,1872
2824001,1871
2824501,1872
2825000,1872
2825501,1872
2826000,1872
2826501,1872
2827000,1872
2827500,1873
2828001,1874
2828500,1874
2829000,1872
2829500,1871
2830000,1872
2830500,1872
2831000,1872
2831500,1871
2832001,1872
2832501,1872
2833000,1872
2833501,1871
2834000,1872
2834500,1874
2835000,1871
2835500,1872
2836000,1870
2836500,1872
2837001,1873
2837500,1873
2838001,1872
2838500,1873
2839001,1872
2839501,1873
2840000,1871
2840500,1872
2841000,1872
2841500,1873
2842001,1872
2842500,1871
2843000,1873
2843500,1873
2844001,1872
2844500,1872
2845000,1872
2845501,1872
2846000,1872
2846500,1872
2847000,1871
2847500,1873
2848000,1872
2848501,1872
2849000,1872
2849500,1873
2850000,1872
2850500,1872
2851000,1872
2851501,1870
2852000,1872
2852500,1872
2853000,1872
2853501,1872
2854000,1872
2854500,1872
2855001,1871
2855500,1872
2856001,1872
2856500,1871
2857000,1872
2857500,1873
2858001,1872
2858500,1874
2859000,1872
2859500,1872
2860000,1872
2860501,1871
2861000,1872
2861501,1870
2862000,1872
2862500,1872
2863000,1872
2863500,1873
2864000,1872
2864501,1872
2865000,1872
2865500,1872
2866000,1872
2866500,1872
2867001,1872
2867501,1872
2868000,1872
2868500,1871
2869000,1872
2869500,1872
2870000,1869
2870501,1872
2871000,1872
2871500,1872
2872000,1872
2872501,1873
2873000,1872
2873501,1872
2874000,1874
2874500,1872
2875001,1873
2875500,1873
2876001,1872
2876500,1872
2877000,1873
2877500,1872
2878001,1872
2878501,1872
2879000,1873
2879500,1872
2880001,1872
2880501,1872
2881000,1872
2881501,1870
2882000,1872
2882500,1874
2883000,1872
2883500,1872
2884000,1872
2884500,1872
2885000,1872
2885501,1872
2886000,1872
2886501,1872
2887000,1873
2887500,1872
2888000,1872
2888501,1872
2889000,1871
2889500,1872
2890000,1872
2890500,1872
2891001,1872
2891500,1874
2892001,1872
2892500,1872
2893000,1871
2893501,1872
2894000,1872
2894500,1872
2895000,1872
2895500,1872
2896001,1874
2896500,1873
2897001,1873
2897500,1872
2898001,1872
2898500,1872
2899000,1872
2899501,1871
2900000,1874
2900501,1873
2901000,1872
2901500,1872
2902000,1873
2902501,1872
2903000,1872
2903501,1872
2904000,1873
2904500,1872
2905000,1873
2905501,1871
2906000,1871
2906500,1873
2907001,1872
2907500,1872
2908000,1872
2908501,1872
2909000,1872
2909500,1872
2910000,1872
2910500,1872
2911000,1872
2911500,1872
2912001,1872
2912501,1872
2913000,1873
2913500,1872
2914001,1872
2914500,1872
2915001,1872
2915500,1871
2916001,1873
2916500,1872
2917001,1873
2917500,1873
2918000,1871
2918500,1871
2919001,1872
2919500,1872
2920001,1872
2920500,1872
2921001,1871
2921500,1871
2922001,1872
2922500,1870
2923001,1872
2923500,1872
2924001,1872
2924500,1872
2925001,1872
2925500,1872
2926000,1872
2926501,1872
2927000,1872
2927501,1872
2928000,1872
2928500,1872
2929000,1873
2929500,1872
2930001,1872
2930500,1872
2931001,1874
2931500,1872
2932001,1872
2932500,1869
2933001,1873
2933500,1872
2934000,1872
2934501,1873
2935000,1873
2935500,1872
2936001,1872
2936500,1872
2937000,1872
2937500,1871
2938000,1874
2938500,1872
2939000,1872
2939500,1874
2940001,1872
2940500,1874
2941001,1873
2941501,1872
2942000,1872
2942501,1871
2943000,1872
2943501,1872
2944000,1871
2944500,1872
2945001,1872
2945500,1873
2946001,1872
2946501,1873
2947000,1872
2947500,1873
2948000,1872
2948500,1873
2949000,1872
2949500,1873
2950001,1872
2950500,1872
2951000,1873
2951500,1871
2952000,1872
2952500,1872
2953000,1872
2953501,1872
2954000,1873
2954501,1872
2955000,1873
2955501,1873
2956000,1869
2956500,1873
2957000,1873
2957500,1872
2958000,1872
2958501,1872
2959000,1872
2959500,1870
2960001,1872
2960500,1872
2961000,1873
2961500,1872
2962001,1872
2962500,1872
2963001,1872
2963500,1872
2964000,1872
2964501,1872
2965000,1872
2965500,1872
2966001,1874
2966501,1872
2967000,1871
2967501,1873
2968000,1872
2968500,1872
2969000,1871
2969501,1872
2970000,1871
2970500,1874
2971000,1872
2971500,1872
2972000,1872
2972500,1872
2973001,1874
2973500,1874
2974000,1874
2974500,1872
2975000,1872
2975500,1872
2976000,1871
2976500,1872
2977001,1872
2977500,1871
2978001,1870
2978500,1872
2979000,1874
2979500,1872
2980000,1872
2980501,1871
2981000,1873
2981501,1872
2982000,1872
2982500,1872
2983001,1872
2983500,1872
2984000,1876
2984501,1876
2985000,1873
2985500,1874
2986000,1872
2986501,1872
2987000,1872
2987500,1872
2988001,1873
2988500,1871
2989000,1871
2989500,1872
2990001,1870
2990501,1872
2991000,1872
2991500,1871
2992000,1872
2992500,1872
2993000,1872
2993500,1872
2994000,1873
2994500,1872
2995000,1872
2995501,1871
2996000,1875
2996500,1872
2997000,1872
2997500,1871
2998001,1871
2998500,1872
2999001,1872
2999500,1872
3000000,1871
3000500,1872
3001000,1871
3001500,1872
3002001,1873
3002500,1872
3003001,1872
3003501,1872
3004000,1872
3004500,1871
3005000,1872
3005500,1872
3006001,1870
3006500,1872
3007000,1872
3007501,1870
3008000,1871
3008501,1871
3009000,1872
3009500,1872
3010000,1871
3010500,1872
3011001,1872
3011501,1872
3012000,1874
3012501,1871
3013000,1870
3013501,1872
3014000,1872
3014500,1872
3015000,1872
3015500,1872
3016000,1869
3016500,1871
3017001,1872
3017500,1870
3018000,1869
3018500,1872
3019000,1872
3019501,1872
3020000,1872
3020501,1873
3021000,1872
3021501,1873
3022000,1872
3022501,1872
3023000,1871
3023501,1872
3024000,1872
3024500,1872
3025000,1872
3025500,1872
3026000,1871
3026500,1872
3027001,1872
3027500,1872
3028000,1871
3028500,1872
3029000,1872
3029500,1872
3030000,1872
3030501,1872
3031000,1872
3031501,1873
3032000,1872
3032500,1871
3033000,1872
3033500,1872
3034000,1871
3034500,1871
3035000,1874
3035500,1872
3036000,1872
3036501,1872
3037000,1872
3037500,1872
3038000,1872
3038500,1872
3039000,1872
3039500,1872
3040001,1872
3040501,1872
3041000,1872
3041500,1872
3042000,1872
3042500,1870
3043000,1872
3043500,1872
3044000,1872
3044501,1872
3045000,1872
3045500,1873
3046001,1872
3046500,1872
3047000,1872
3047500,1872
3048000,1872
3048500,1873
3049001,1872
3049500,1872
3050001,1872
3050500,1872
3051000,1872
3051500,1872
3052000,1872
3052500,1872
3053000,1872
3053500,1872
3054000,1871
3054500,1872
3055001,1869
3055500,1872
3056001,1873
3056500,1872
3057000,1873
3057500,1872
3058000,1871
3058500,1872
3059001,1872
3059500,1872
3060001,1870
3060500,1872
3061000,1873
3061500,1873
3062001,1872
3062500,1871
3063000,1872
3063500,1872
3064000,1872
3064500,1872
3065000,1872
3065500,1873
3066001,1872
3066500,1872
3067001,1872
3067500,1872
3068000,1872
3068501,1872
3069000,1872
3069501,1872
3070000,1871
3070500,1872
3071000,1873
3071500,1872
3072001,1875
3072500,1873
3073001,1872
3073500,1872
3074001,1873
3074500,1872
3075000,1872
3075500,1872
3076000,1871
3076500,1872
3077000,1872
3077501,1872
3078000,1873
3078501,1871
3079000,1872
3079501,1872
3080000,1872
3080500,1872
3081000,1872
3081500,1872
3082000,1874
3082501,1874
3083000,1871
3083500,1872
3084000,1874
3084500,1872
3085000,1872
3085501,1873
3086000,1872
3086501,1874
3087000,1872
3087500,1872
3088001,1875
3088500,1872
3089001,1872
3089501,1872
3090000,1872
3090501,1872
3091000,1872
3091500,1872
3092000,1872
3092501,1870
3093000,1872
3093500,1873
3094000,1873
3094500,1874
3095000,1872
3095501,1872
3096000,1872
3096501,1874
3097000,1872
3097501,1873
3098000,1872
3098500,1872
3099000,1871
3099500,1872
3100000,1867
3100500,1872
3101000,1873
3101501,1872
3102000,1872
3102500,1872
3103001,1873
3103500,1873
3104001,1874
3104500,1872
3105001,1871
3105500,1872
3106001,1873
3106500,1870
3107001,1872
3107500,1872
3108000,1871
3108500,1872
3109000,1872
3109500,1873
3110001,1872
3110500,1872
3111001,1872
3111500,1873
3112001,1872
3112500,1873
3113000,1874
3113500,1873
3114000,1872
3114500,1874
3115000,1873
3115501,1873
3116000,1872
3116500,1872
3117000,1872
3117500,1871
3118001,1874
3118500,1871
3119001,1872
3119500,1872
3120001,1873
3120500,1872
3121000,1872
3121500,1872
3122000,1873
3122500,1872
3123001,1872
3123501,1872
3124000,1875
3124500,1873
3125001,1872
3125501,1872
3126000,1872
3126500,1872
3127001,1872
3127500,1870
3128001,1872
3128501,1871
3129000,1873
3129500,1872
3130001,1872
3130501,1872
3131000,1872
3131500,1872
3132000,1872
3132501,1872
3133000,1872
3133500,1873
3134000,1874
3134501,1872
3135000,1872
3135500,1872
3136000,1872
3136500,1873
3137001,1873
3137500,1873
3138001,1872
3138500,1872
3139001,1872
3139501,1871
3140000,1872
3140500,1871
3141000,1872
3141500,1872
3142000,1871
3142500,1872
3143000,1872
3143501,1873
3144000,1872
3144500,1872
3145000,1872
3145500,1872
3146000,1872
3146500,1872
3147000,1872
3147500,1872
3148000,1872
3148500,1872
3149001,1872
3149501,1872
3150000,1872
3150501,1872
3151000,1872
3151500,1872
3152001,1872
3152500,1872
3153000,1872
3153500,1874
3154000,1872
3154500,1872
3155000,1872
3155501,1872
3156000,1872
3156501,1872
3157000,1872
3157500,1871
3158000,1872
3158501,1872
3159000,1873
3159500,1872
3160001,1873
3160500,1873
3161001,1873
3161500,1872
3162001,1874
3162500,1872
3163000,1872
3163500,1873
3164001,1872
3164500,1872
3165001,1872
3165500,1872
3166000,1872
3166500,1873
3167000,1872
3167500,1872
3168001,1873
3168500,1871
3169000,1872
3169500,1872
3170000,1872
3170501,1872
3171000,1872
3171501,1871
3172000,1872
3172500,1871
3173000,1871
3173500,1872
3174001,1873
3174501,1872
3175000,1872
3175500,1871
3176000,1872
3176500,1873
3177001,1872
3177500,1872
3178001,1872
3178501,1873
3179000,1872
3179500,1872
3180001,1872
3180500,1873
3181001,1871
3181501,1872
3182000,1872
3182500,1870
3183001,1872
3183500,1872
3184001,1872
3184500,1872
3185001,1872
3185500,1870
3186000,1872
3186500,1874
3187001,1872
3187501,1871
3188000,1872
3188501,1872
3189000,1872
3189500,1870
3190000,1873
3190500,1872
3191000,1872
3191500,1873
3192000,1872
3192500,1872
3193000,1871
3193500,1872
3194000,1872
3194500,1872
3195001,1871
3195500,1872
3196000,1872
3196500,1872
3197000,1872
3197500,1872
3198001,1871
3198500,1875
3199000,1872
3199501,1872
3200000,1874
3200501,1872
3201000,1872
3201500,1871
3202001,1871
3202500,1873
3203000,1872
3203500,1872
3204000,1872
3204500,1872
3205001,1872
3205501,1872
3206000,1872
3206501,1872
3207000,1871
3207500,1874
3208001,1872
3208501,1874
3209000,1871
3209500,1872
3210000,1872
3210501,1872
3211000,1872
3211500,1872
3212001,1872
3212501,1872
3213000,1872
3213501,1873
3214000,1872
3214501,1872
3215000,1873
3215500,1872
3216000,1871
3216500,1872
3217001,1872
3217500,1872
3218000,1872
3218500,1872
3219000,1872
3219500,1871
3220001,1872
3220500,1870
3221001,1872
3221501,1873
3222000,1872
3222500,1872
3223001,1872
3223500,1872
3224000,1873
3224500,1872
3225000,1872
3225500,1872
3226001,1873
3226500,1873
3227001,1870
3227501,1872
3228000,1872
3228501,1872
3229000,1872
3229500,1872
3230001,1871
3230500,1872
3231000,1872
3231500,1872
3232001,1872
3232500,1872
3233000,1872
3233500,1870
3234000,1872
3234500,1872
3235001,1872
3235500,1872
3236001,1871
3236501,1872
3237000,1873
3237500,1872
3238000,1872
3238500,1872
3239000,1872
3239500,1872
3240000,1870
3240500,1872
3241001,1872
3241500,1872
3242001,1872
3242501,1872
3243000,1873
3243501,1872
3244000,1872
3244500,1871
3245000,1872
3245500,1872
3246000,1872
3246500,1872
3247000,1872
3247500,1871
3248000,1873
3248500,1871
3249000,1872
3249500,1873
3250000,1872
3250500,1873
3251001,1872
3251500,1872
3252000,1872
3252500,1872
3253000,1872
3253500,1872
3254000,1872
3254500,1872
3255001,1874
3255501,1872
3256000,1873
3256500,1872
3257000,1873
3257500,1872
3258001,1873
3258500,1871
3259000,1870
3259500,1873
3260001,1872
3260501,1872
3261000,1872
3261500,1872
3262000,1872
3262501,1872
3263000,1872
3263500,1872
3264000,1872
3264500,1871
3265001,1869
3265500,1872
3266001,1871
3266500,1872
3267000,1872
3267500,1872
3268000,1872
3268500,1872
3269000,1870
3269500,1872
3270000,1871
3270500,1872
3271001,1871
3271500,1872
3272000,1872
3272500,1872
3273000,1871
3273500,1872
3274000,1872
3274500,1871
3275000,1869
3275501,1870
3276000,1872
3276500,1872
3277000,1872
3277500,1872
3278000,1872
3278500,1872
3279000,1872
3279500,1872
3280001,1872
3280500,1872
3281000,1872
3281500,1872
3282000,1872
3282500,1872
3283001,1872
3283500,1872
3284000,1872
3284500,1871
3285000,1873
3285500,1872
3286001,1874
3286500,1872
3287001,1871
3287501,1872
3288000,1873
3288500,1873
3289000,1874
3289501,1872
3290000,1872
3290500,1872
3291000,1872
3291500,1872
3292001,1873
3292500,1872
3293001,1872
3293500,1872
3294000,1872
3294500,1872
3295000,1872
3295500,1872
3296000,1873
3296500,1872
3297001,1872
3297500,1872
3298001,1872
3298500,1872
3299001,1872
3299500,1872
3300000,1872
3300500,1873
3301000,1871
3301500,1872
3302001,1872
3302501,1873
3303000,1872
3303500,1872
3304000,1872
3304501,1872
3305000,1873
3305500,1872
3306000,1871
3306500,1872
3307000,1872
3307501,1872
3308000,1872
3308500,1872
3309000,1872
3309501,1872
3310000,1872
3310500,1872
3311000,1871
3311500,1872
3312000,1872
3312500,1872
3313000,1872
3313500,1872
3314000,1871
3314500,1872
3315001,1872
3315500,1872
3316001,1873
3316500,1871
3317001,1870
3317500,1874
3318000,1872
3318500,1872
3319001,1873
3319501,1871
3320000,1872
3320501,1872
3321000,1872
3321500,1872
3322000,1872
3322500,1872
3323000,1874
3323501,1872
3324000,1873
3324500,1873
3325000,1872
3325500,1872
3326000,1872
3326500,1872
3327000,1872
3327500,1872
3328000,1873
3328501,1871
3329000,1872
3329501,1872
3330000,1872
3330501,1873
3331000,1872
3331500,1874
3332001,1872
3332500,1873
3333000,1872
3333500,1872
3334000,1872
3334500,1872
3335000,1872
3335501,1871
3336000,1872
3336500,1872
3337000,1872
3337501,1872
3338000,1872
3338500,1872
3339000,1872
3339500,1873
3340000,1872
3340500,1872
3341001,1872
3341500,1874
3342001,1872
3342500,1873
3343000,1872
3343501,1872
3344000,1871
3344500,1869
3345001,1872
3345500,1872
3346000,1872
3346500,1872
3347000,1872
3347500,1870
3348001,1873
3348500,1872
3349000,1872
3349501,1870
3350000,1872
3350501,1872
3351000,1873
3351501,1871
3352000,1874
3352500,1872
3353000,1872
3353500,1872
3354000,1871
3354500,1875
3355000,1875
3355500,1872
3356000,1872
3356501,1872
3357000,1873
3357500,1872
3358000,1872
3358500,1873
3359000,1874
3359500,1872
3360000,1872
3360500,1872
3361000,1872
3361500,1872
3362000,1872
3362500,1873
3363000,1872
3363500,1874
3364001,1873
3364500,1873
3365000,1872
3365500,1872
3366000,1872
3366501,1871
3367000,1872
3367500,1872
3368001,1872
3368500,1872
3369000,1873
3369501,1872
3370000,1872
3370500,1872
3371001,1872
3371500,1874
3372001,1872
3372500,1872
3373000,1873
3373501,1873
3374000,1872
3374500,1873
3375001,1872
3375500,1872
3376001,1873
3376500,1873
3377000,1871
3377500,1872
3378000,1872
3378500,1872
3379000,1872
3379500,1872
3380000,1872
3380500,1872
3381001,1872
3381500,1872
3382000,1871
3382500,1872
3383000,1872
3383500,1872
3384000,1872
3384500,1874
3385001,1872
3385501,1872
3386000,1872
3386500,1872
3387000,1873
3387500,1872
3388001,1872
3388500,1873
3389001,1872
3389500,1872
3390001,1872
3390501,1872
3391000,1872
3391500,1872
3392001,1873
3392500,1872
3393001,1872
3393500,1872
3394000,1872
3394500,1872
3395000,1873
3395500,1872
3396001,1872
3396500,1872
3397001,1871
3397500,1873
3398000,1872
3398500,1872
3399000,1872
3399500,1872
3400000,1872
3400500,1870
3401000,1872
3401501,1872
3402000,1872
3402501,1872
3403000,1872
3403501,1875
3404000,1872
3404501,1872
3405000,1872
3405501,1873
3406000,1871
3406500,1872
3407000,1872
3407500,1872
3408000,1872
3408500,1872
3409000,1873
3409500,1872
3410001,1873
3410501,1872
3411000,1872
3411500,1872
3412001,1872
3412501,1872
3413000,1872
3413500,1873
3414000,1872
3414501,1871
3415000,1872
3415500,1872
3416000,1872
3416500,1875
3417000,1872
3417500,1872
3418001,1872
3418501,1871
3419000,1873
3419500,1872
3420000,1872
3420500,1872
3421001,1873
3421501,1873
3422000,1871
3422500,1872
3423000,1874
3423501,1872
3424000,1872
3424500,1872
3425000,1872
3425501,1872
3426000,1872
3426500,1872
3427001,1872
3427500,1871
3428000,1872
3428500,1872
3429000,1872
3429501,1872
3430000,1872
3430500,1872
3431001,1872
3431501,1872
3432000,1873
3432501,1873
3433000,1874
3433500,1871
3434001,1872
3434501,1872
3435000,1872
3435501,1872
3436000,1872
3436500,1874
3437001,1872
3437500,1872
3438001,1872
3438500,1872
3439000,1872
3439500,1870
3440000,1872
3440500,1872
3441000,1871
3441500,1872
3442000,1872
3442501,1872
3443000,1872
3443500,1872
3444000,1871
3444500,1872
3445000,1872
3445501,1872
3446000,1872
3446500,1872
3447000,1872
3447500,1872
3448000,1872
3448500,1872
3449001,1871
3449501,1872
3450000,1870
3450501,1872
3451000,1872
3451500,1872
3452000,1872
3452500,1872
3453000,1872
3453500,1872
3454000,1872
3454500,1877
3455000,1872
3455501,1874
3456000,1872
3456501,1871
3457000,1872
3457500,1871
3458001,1869
3458501,1873
3459000,1872
3459500,1872
3460000,1872
3460500,1872
3461000,1872
3461500,1872
3462000,1872
3462500,1872
3463000,1873
3463501,1877
3464000,1872
3464500,1872
3465001,1872
3465501,1872
3466000,1872
3466500,1871
3467000,1872
3467500,1874
3468001,1872
3468500,1872
3469000,1872
3469500,1872
3470001,1872
3470500,1871
3471001,1877
3471500,1872
3472001,1872
3472500,1872
3473001,1872
3473500,1872
3474000,1872
3474500,1872
3475001,1874
3475501,1872
3476000,1872
3476500,1871
3477000,1872
3477501,1872
3478000,1871
3478501,1869
3479000,1874
3479500,1872
3480001,1872
3480500,1872
3481000,1872
3481501,1872
3482000,1872
3482501,1872
3483000,1872
3483500,1873
3484000,1872
3484500,1872
3485001,1873
3485500,1872
3486000,1872
3486500,1870
3487000,1873
3487500,1872
3488000,1872
3488501,1873
3489000,1872
3489501,1872
3490000,1873
3490501,1871
3491000,1871
3491500,1872
3492000,1872
3492500,1872
3493000,1872
3493500,1872
3494000,1872
3494500,1872
3495000,1871
3495500,1871
3496001,1872
3496500,1872
3497000,1872
3497500,1872
3498001,1874
3498500,1872
3499000,1872
3499500,1872
3500000,1872
3500500,1872
3501001,1873
3501500,1872
3502000,1872
3502500,1874
3503000,1872
3503500,1871
3504001,1872
3504500,1873
3505000,1872
3505500,1875
3506000,1873
3506500,1872
3507000,1872
3507500,1872
3508000,1872
3508501,1872
3509000,1871
3509501,1873
3510000,1872
3510500,1871
3511001,1875
3511500,1872
3512000,1872
3512501,1871
3513000,1868
3513501,1872
3514000,1874
3514500,1872
3515000,1872
3515500,1873
3516000,1872
3516500,1872
3517000,1873
3517500,1873
3518000,1872
3518500,1872
3519001,1872
3519500,1872
3520001,1872
3520500,1872
3521000,1871
3521501,1872
3522000,1872
3522500,1872
3523000,1872
3523500,1871
3524000,1872
3524500,1872
3525000,1873
3525500,1872
3526001,1874
3526500,1875
3527000,1870
3527500,1872
3528000,1875
3528500,1872
3529001,1871
3529500,1872
3530000,1872
3530500,1872
3531000,1870
3531500,1871
3532001,1871
3532501,1872
3533000,1869
3533500,1872
3534000,1872
3534500,1871
3535000,1872
3535500,1872
3536000,1872
3536500,1872
3537000,1872
3537501,1872
3538000,1873
3538500,1873
3539000,1872
3539500,1872
3540000,1871
3540501,1872
3541000,1873
3541500,1872
3542001,1873
3542500,1872
3543000,1872
3543501,1872
3544000,1872
3544500,1873
3545001,1872
3545500,1872
3546001,1872
3546500,1871
3547000,1872
3547500,1872
3548000,1871
3548500,1872
3549001,1871
3549500,1872
3550000,1874
3550500,1872
3551000,1872
3551500,1872
3552000,1872
3552500,1873
3553000,1872
3553500,1872
3554000,1872
3554500,1872
3555000,1871
3555500,1872
3556001,1872
3556500,1872
3557000,1873
3557500,1872
3558000,1872
3558500,1875
3559000,1871
3559500,1872
3560001,1873
3560500,1872
3561001,1872
3561500,1872
3562000,1871
3562500,1872
3563000,1873
3563500,1873
3564000,1870
3564501,1875
3565000,1872
3565500,1872
3566001,1872
3566500,1872
3567000,1872
3567501,1872
3568000,1871
3568500,1872
3569001,1872
3569501,1872
3570000,1872
3570501,1872
3571000,1872
3571500,1871
3572001,1872
3572500,1872
3573001,1871
3573500,1872
3574000,1872
3574500,1872
3575000,1871
3575501,1872
3576000,1872
3576500,1872
3577001,1872
3577500,1871
3578001,1871
3578500,1872
3579000,1872
3579500,1871
3580000,1872
3580500,1871
3581001,1873
3581500,1871
3582000,1871
3582500,1872
3583001,1873
3583500,1872
3584000,1872
3584500,1872
3585000,1872
3585501,1872
3586000,1872
3586500,1872
3587000,1875
3587500,1872
3588001,1871
3588500,1867
3589001,1872
3589500,1872
3590000,1872
3590500,1872
3591001,1872
3591500,1872
3592001,1872
3592500,1871
3593000,1872
3593501,1872
3594000,1872
3594500,1872
3595001,1872
3595501,1872
3596000,1872
3596501,1872
3597000,1873
3597501,1872
3598000,1867
3598500,1871
3599001,1872
3599500,1872
3600000,1872
3600500,1873
3601001,1872
3601500,1872
3602001,1872
3602500,1872
3603001,1872
3603500,1872
3604000,1872
3604500,1872
3605000,1872
3605500,1872
3606000,1870
3606500,1877
3607000,1872
3607500,1872
3608001,1872
3608500,1873
3609000,1872
3609500,1871
3610000,1872
3610500,1872
3611000,1873
3611501,1872
3612000,1871
3612500,1873
3613000,1872
3613500,1871
3614000,1871
3614500,1874
3615000,1872
3615500,1872
3616001,1872
3616500,1872
3617000,1872
3617500,1872
3618001,1874
3618500,1871
3619000,1872
3619500,1872
3620000,1874
3620500,1872
3621001,1871
3621500,1872
3622000,1872
3622500,1872
3623001,1873
3623500,1872
3624000,1872
3624500,1872
3625001,1872
3625500,1873
3626000,1872
3626500,1872
3627000,1872
3627500,1871
3628001,1872
3628500,1872
3629001,1872
3629501,1872
3630000,1873
3630500,1873
3631000,1870
3631500,1872
3632001,1872
3632500,1872
3633001,1872
3633500,1872
3634001,1872
3634500,1873
3635001,1872
3635500,1874
3636001,1870
3636500,1872
3637000,1872
3637500,1874
3638000,1872
3638501,1871
3639000,1872
3639500,1872
3640001,1873
3640501,1872
3641000,1872
3641500,1872
3642000,1872
3642500,1875
3643001,1875
3643500,1871
3644001,1872
3644500,1870
3645001,1870
3645500,1872
3646000,1872
3646500,1872
3647000,1871
3647500,1872
3648001,1871
3648500,1872
3649000,1872
3649500,1872
3650001,1872
3650500,1871
3651001,1872
3651500,1872
3652001,1871
3652500,1872
3653000,1872
3653501,1872
3654000,1872
3654501,1872
3655000,1872
3655501,1872
3656000,1872
3656501,1872
3657000,1872
3657500,1872
3658001,1872
3658501,1872
3659000,1873
3659500,1873
3660000,1872
3660501,1872
3661000,1872
3661500,1872
3662001,1872
3662500,1872
3663000,1872
3663500,1872
3664000,1872
3664501,1872
3665000,1872
3665500,1872
3666001,1872
3666500,1873
3667001,1872
3667500,1872
3668000,1872
3668500,1871
3669000,1872
3669500,1873
3670001,1872
3670500,1873
3671000,1872
3671501,1872
3672000,1872
3672501,1872
3673000,1872
3673501,1872
3674000,1872
3674500,1874
3675000,1872
3675500,1872
3676000,1872
3676500,1873
3677000,1872
3677501,1872
3678000,1870
3678500,1872
3679000,1872
3679500,1874
3680001,1872
3680500,1872
3681001,1872
3681500,1872
3682000,1872
3682500,1872
3683000,1872
3683500,1873
3684000,1872
3684500,1872
3685000,1872
3685501,1872
3686000,1872
3686500,1872
3687000,1872
3687500,1872
3688000,1872
3688500,1869
3689001,1872
3689500,1872
3690001,1872
3690500,1872
3691000,1873
3691500,1872
3692000,1872
3692500,1870
3693000,1872
3693500,1871
3694000,1872
3694501,1872
3695000,1872
3695500,1872
3696000,1872
3696500,1872
3697000,1871
3697500,1872
3698000,1872
3698500,1871
3699000,1872
3699500,1872
3700000,1872
3700500,1871
3701000,1871
3701501,1872
3702000,1872
3702500,1872
3703000,1873
3703500,1873
3704000,1872
3704500,1872
3705000,1872
3705500,1872
3706001,1872
3706500,1872
3707001,1872
3707500,1872
3708000,1873
3708500,1869
3709000,1872
3709500,1873
3710000,1872
3710500,1874
3711000,1873
3711500,1872
3712001,1872
3712500,1875
3713000,1872
3713500,1872
3714000,1872
3714500,1873
3715000,1872
3715501,1872
3716000,1872
3716500,1871
3717000,1872
3717500,1872
3718000,1872
3718500,1873
3719000,1872
3719500,1872
3720000,1872
3720501,1873
3721000,1872
3721501,1872
3722000,1872
3722501,1871
3723000,1872
3723501,1872
3724000,1872
3724500,1871
3725001,1873
3725500,1872
3726000,1872
3726501,1876
3727000,1872
3727501,1873
3728000,1871
3728500,1873
3729000,1872
3729500,1872
3730001,1871
3730500,1875
3731000,1872
3731500,1871
3732000,1872
3732501,1872
3733000,1874
3733501,1872
3734000,1872
3734501,1867
3735000,1873
3735500,1872
3736000,1872
3736500,1872
3737001,1872
3737500,1873
3738000,1872
3738500,1874
3739000,1872
3739500,1872
3740001,1872
3740500,1872
3741001,1871
3741500,1872
3742000,1872
3742500,1874
3743000,1873
3743501,1872
3744000,1872
3744500,1872
3745000,1872
3745500,1872
3746001,1872
3746500,1872
3747001,1869
3747500,1872
3748001,1871
3748500,1871
3749001,1872
3749500,1872
3750001,1872
3750500,1875
3751000,1871
3751500,1872
3752001,1872
3752501,1872
3753000,1871
3753500,1872
3754000,1872
3754500,1870
3755001,1873
3755501,1872
3756000,1872
3756501,1872
3757000,1871
3757500,1872
3758000,1872
3758500,1872
3759000,1873
3759500,1871
3760000,1872
3760501,1872
3761000,1872
3761500,1872
3762000,1874
3762501,1872
3763000,1873
3763501,1872
3764000,1872
3764500,1872
3765000,1872
3765500,1872
3766000,1870
3766500,1878
3767000,1874
3767500,1871
3768001,1872
3768501,1872
3769000,1872
3769500,1872
3770000,1872
3770500,1872
3771000,1874
3771500,1874
3772001,1873
3772500,1873
3773000,1872
3773500,1872
3774000,1871
3774500,1873
3775000,1872
3775500,1872
3776000,1869
3776500,1872
3777000,1872
3777501,1872
3778000,1874
3778501,1872
3779000,1871
3779501,1872
3780000,1872
3780500,1872
3781001,1872
3781500,1867
3782000,1872
3782500,1872
3783001,1871
3783501,1872
3784000,1872
3784501,1872
3785000,1872
3785500,1872
3786001,1872
3786501,1871
3787000,1870
3787501,1872
3788000,1873
3788501,1872
3789000,1872
3789501,1874
3790000,1872
3790500,1870
3791001,1872
3791500,1872
3792000,1872
3792500,1872
3793001,1873
3793500,1872
3794001,1872
3794500,1874
3795001,1872
3795500,1872
3796000,1873
3796500,1872
3797000,1872
3797500,1872
3798000,1872
3798501,1872
3799000,1872
3799501,1871
3800000,1872
3800500,1872
3801001,1871
3801500,1872
3802000,1872
3802501,1872
3803000,1873
3803501,1872
3804000,1874
3804500,1872
3805000,1872
3805500,1872
3806000,1873
3806501,1873
3807000,1872
3807500,1875
3808001,1872
3808500,1871
3809001,1873
3809500,1872
3810000,1872
3810500,1872
3811000,1872
3811501,1872
3812000,1872
3812501,1873
3813000,1872
3813500,1872
3814000,1872
3814501,1872
3815000,1872
3815500,1872
3816000,1873
3816500,1871
3817000,1871
3817500,1871
3818001,1872
3818500,1871
3819001,1872
3819500,1872
3820001,1872
3820500,1871
3821000,1872
3821500,1873
3822000,1872
3822500,1872
3823000,1872
3823501,1872
3824000,1872
3824501,1872
3825000,1872
3825501,1872
3826000,1872
3826501,1872
3827000,1873
3827500,1872
3828000,1872
3828500,1871
3829001,1872
3829500,1872
3830001,1873
3830500,1873
3831001,1873
3831500,1872
3832001,1872
3832500,1867
3833000,1871
3833500,1872
3834000,1870
3834500,1872
3835000,1872
3835500,1872
3836000,1871
3836501,1871
3837000,1872
3837500,1872
3838000,1872
3838500,1869
3839000,1872
3839501,1872
3840000,1872
3840500,1873
3841000,1872
3841500,1872
3842001,1871
3842500,1872
3843000,1873
3843501,1872
3844000,1872
3844501,1872
3845000,1872
3845501,1872
3846000,1872
3846500,1872
3847000,1872
3847500,1872
3848000,1871
3848501,1873
3849000,1872
3849500,1872
3850000,1872
3850500,1874
3851000,1872
3851500,1871
3852000,1873
3852500,1872
3853000,1872
3853500,1872
3854000,1874
3854501,1872
3855000,1872
3855501,1873
3856000,1872
3856500,1869
3857001,1872
3857501,1872
3858000,1872
3858500,1872
3859000,1872
3859501,1872
3860000,1872
3860500,1872
3861001,1872
3861500,1871
3862000,1873
3862500,1873
3863000,1872
3863500,1873
3864000,1873
3864501,1872
3865000,1872
3865500,1872
3866001,1869
3866500,1872
3867000,1872
3867500,1872
3868001,1872
3868500,1872
3869000,1871
3869500,1872
3870000,1872
3870500,1872
3871000,1872
3871500,1872
3872001,1871
3872501,1872
3873000,1872
3873500,1872
3874000,1873
3874500,1873
3875000,1872
3875500,1872
3876000,1872
3876500,1872
3877001,1872
3877501,1872
3878000,1873
3878500,1872
3879000,1872
3879501,1871
3880000,1872
3880500,1872
3881000,1872
3881500,1872
3882000,1872
3882500,1873
3883000,1871
3883501,1872
3884000,1872
3884500,1872
3885000,1872
3885501,1873
3886000,1872
3886501,1874
3887000,1872
3887500,1872
3888000,1872
3888500,1873
3889001,1872
3889500,1872
3890000,1872
3890500,1872
3891001,1872
3891500,1872
3892000,1872
3892500,1873
3893000,1872
3893501,1872
3894000,1871
3894501,1872
3895000,1872
3895500,1872
3896001,1871
3896501,1871
3897000,1873
3897500,1872
3898001,1872
3898501,1872
3899000,1872
3899501,1872
3900000,1872
3900500,1872
3901001,1872
3901501,1873
3902000,1872
3902501,1872
3903000,1872
3903500,1872
3904000,1872
3904500,1873
3905000,1872
3905501,1872
3906000,1872
3906500,1872
3907000,1871
3907501,1872
3908000,1872
3908501,1872
3909000,1872
3909501,1872
3910000,1872
3910501,1874
3911000,1872
3911501,1873
3912000,1872
3912500,1874
3913000,1872
3913500,1872
3914000,1873
3914500,1872
3915001,1872
3915500,1873
3916001,1872
3916500,1872
3917000,1870
3917501,1873
3918000,1872
3918500,1872
3919001,1872
3919500,1872
3920001,1871
3920500,1872
3921001,1871
3921500,1872
3922000,1871
3922500,1872
3923000,1872
3923500,1872
3924000,1873
3924500,1874
3925001,1872
3925501,1872
3926000,1872
3926500,1872
3927001,1871
3927500,1873
3928001,1871
3928501,1872
3929000,1872
3929501,1873
3930000,1872
3930501,1872
3931000,1872
3931500,1872
3932000,1872
3932500,1872
3933001,1872
3933501,1872
3934000,1872
3934500,1872
3935000,1872
3935500,1872
3936000,1873
3936501,1872
3937000,1872
3937501,1870
3938000,1871
3938501,1872
3939000,1874
3939501,1872
3940000,1872
3940500,1872
3941001,1872
3941500,1872
3942001,1872
3942500,1872
3943000,1872
3943500,1872
3944001,1872
3944500,1872
3945000,1871
3945500,1872
3946000,1872
3946500,1872
3947000,1872
3947500,1872
3948001,1872
3948501,1871
3949000,1873
3949500,1873
3950000,1872
3950501,1872
3951000,1872
3951501,1872
3952000,1873
3952500,1872
3953000,1872
3953500,1872
3954001,1872
3954501,1872
3955000,1873
3955500,1871
3956001,1872
3956500,1871
3957001,1872
3957500,1872
3958001,1872
3958501,1871
3959000,1871
3959500,1872
3960001,1872
3960501,1872
3961000,1870
3961500,1872
3962000,1871
3962500,1871
3963001,1872
3963501,1872
3964000,1872
3964500,1872
3965000,1872
3965500,1872
3966000,1872
3966500,1874
3967001,1872
3967500,1873
3968000,1872
3968501,1872
3969000,1872
3969500,1872
3970000,1873
3970500,1872
3971001,1872
3971500,1872
3972001,1873
3972500,1872
3973000,1872
3973500,1872
3974001,1871
3974500,1872
3975001,1873
3975500,1873
3976000,1871
3976500,1871
3977000,1873
3977500,1872
3978001,1872
3978500,1872
3979000,1872
3979500,1872
3980000,1873
3980500,1872
3981001,1872
3981500,1872
3982001,1873
3982500,1872
3983000,1872
3983500,1872
3984000,1872
3984500,1869
3985000,1872
3985500,1872
3986000,1872
3986500,1873
3987001,1872
3987500,1872
3988000,1872
3988500,1873
3989000,1872
3989500,1872
3990000,1872
3990500,1872
3991001,1873
3991501,1872
3992000,1875
3992500,1872
3993000,1872
3993500,1872
3994001,1872
3994500,1872
3995000,1871
3995501,1872
3996000,1871
3996500,1872
3997000,1872
3997500,1872
3998000,1872
3998500,1872
3999000,1872
3999500,1872
4000000,1871
4000500,1872
4001000,1872
4001500,1871
4002001,1872
4002500,1872
4003000,1872
4003501,1871
4004000,1872
4004501,1872
4005000,1872
4005500,1872
4006000,1872
4006500,1872
4007000,1872
4007500,1872
4008000,1872
4008500,1872
4009001,1873
4009501,1872
4010000,1871
4010500,1872
4011000,1873
4011500,1872
4012001,1872
4012500,1872
4013000,1872
4013500,1875
4014000,1871
4014501,1872
4015000,1872
4015500,1872
4016000,1872
4016500,1872
4017001,1872
4017500,1872
4018000,1872
4018500,1871
4019000,1872
4019500,1871
4020000,1872
4020501,1872
4021000,1872
4021501,1872
4022000,1872
4022500,1871
4023000,1872
4023500,1872
4024001,1871
4024501,1872
4025000,1873
4025501,1872
4026000,1872
4026501,1872
4027000,1872
4027500,1872
4028001,1872
4028500,1872
4029000,1872
4029500,1872
4030000,1872
4030500,1872
4031000,1872
4031500,1872
4032001,1872
4032500,1870
4033000,1875
4033500,1870
4034001,1872
4034501,1869
4035000,1872
4035501,1872
4036000,1873
4036500,1875
4037001,1872
4037501,1873
4038000,1871
4038500,1872
4039001,1872
4039501,1873
4040000,1873
4040501,1872
4041000,1871
4041500,1872
4042000,1872
4042500,1872
4043000,1872
4043500,1871
4044001,1872
4044500,1873
4045001,1872
4045500,1871
4046001,1872
4046500,1872
4047001,1872
4047500,1872
4048001,1873
4048501,1872
4049000,1872
4049500,1872
4050001,1872
4050500,1872
4051000,1869
4051500,1872
4052001,1872
4052500,1873
4053000,1870
4053500,1872
4054000,1872
4054500,1872
4055001,1872
4055500,1872
4056000,1873
4056500,1872
4057000,1872
4057500,1872
4058001,1872
4058500,1873
4059000,1872
4059500,1872
4060001,1872
4060500,1872
4061000,1872
4061500,1873
4062001,1872
4062500,1872
4063000,1872
4063500,1872
4064000,1872
4064500,1873
4065000,1870
4065500,1873
4066000,1874
4066500,1872
4067001,1872
4067501,1872
4068000,1872
4068500,1872
4069001,1872
4069500,1872
4070000,1872
4070500,1871
4071000,1872
4071500,1872
4072000,1871
4072500,1872
4073000,1872
4073500,1871
4074000,1871
4074500,1872
4075000,1872
4075500,1872
4076000,1872
4076500,1872
4077000,1872
4077500,1872
4078001,1872
4078500,1872
4079000,1872
4079500,1872
4080000,1872
4080501,1874
4081000,1874
4081500,1872
4082000,1872
4082500,1872
4083000,1871
4083500,1872
4084000,1874
4084500,1872
4085000,1872
4085500,1871
4086001,1874
4086501,1871
4087000,1871
4087500,1873
4088000,1872
4088500,1872
4089000,1874
4089500,1873
4090000,1872
4090500,1872
4091000,1874
4091501,1874
4092000,1872
4092501,1874
4093000,1873
4093500,1872
4094000,1874
4094500,1872
4095001,1871
4095500,1872
4096000,1875
4096500,1872
4097001,1872
4097500,1872
4098000,1873
4098500,1872
4099001,1870
4099500,1872
4100000,1873
4100500,1872
4101000,1872
4101501,1872
4102000,1872
4102500,1872
4103001,1872
4103500,1873
4104001,1872
4104500,1872
4105000,1871
4105500,1872
4106001,1872
4106500,1872
4107001,1872
4107500,1873
4108001,1873
4108501,1872
4109000,1872
4109501,1872
4110000,1872
4110500,1872
4111001,1871
4111500,1873
4112001,1872
4112501,1872
4113000,1872
4113501,1874
4114000,1872
4114500,1872
4115001,1872
4115501,1872
4116000,1872
4116500,1872
4117001,1872
4117500,1872
4118000,1872
4118501,1872
4119000,1867
4119500,1872
4120001,1872
4120500,1871
4121000,1874
4121500,1872
4122001,1872
4122500,1872
4123000,1872
4123500,1872
4124001,1872
4124500,1872
4125000,1872
4125500,1872
4126001,1871
4126500,1872
4127001,1874
4127500,1872
4128001,1872
4128500,1872
4129000,1872
4129500,1874
4130000,1872
4130500,1872
4131001,1872
4131501,1872
4132000,1872
4132500,1873
4133001,1873
4133501,1872
4134000,1872
4134500,1873
4135000,1874
4135500,1872
4136000,1872
4136500,1872
4137000,1872
4137500,1872
4138001,1873
4138500,1872
4139000,1872
4139500,1872
4140001,1872
4140500,1872
4141000,1873
4141500,1872
4142000,1872
4142501,1873
4143000,1871
4143500,1870
4144001,1872
4144500,1872
4145001,1872
4145500,1871
4146000,1872
4146500,1872
4147000,1871
4147500,1872
4148001,1871
4148500,1873
4149000,1872
4149500,1872
4150000,1872
4150501,1872
4151000,1872
4151501,1872
4152000,1873
4152500,1872
4153001,1872
4153500,1874
4154000,1872
4154500,1872
4155001,1872
4155500,1873
4156001,1871
4156500,1871
4157001,1872
4157500,1872
4158000,1873
4158500,1872
4159001,1872
4159500,1872
4160000,1872
4160500,1872
4161001,1873
4161500,1872
4162000,1871
4162500,1872
4163001,1873
4163501,1872
4164000,1871
4164500,1872
4165001,1872
4165500,1872
4166000,1873
4166501,1872
4167000,1872
4167501,1871
4168000,1872
4168500,1872
4169001,1872
4169500,1872
4170000,1872
4170501,1872
4171000,1872
4171500,1873
4172001,1872
4172501,1873
4173000,1872
4173501,1872
4174000,1872
4174500,1871
4175001,1872
4175500,1872
4176000,1869
4176500,1871
4177001,1872
4177500,1871
4178000,1872
4178500,1872
4179001,1871
4179500,1870
4180000,1872
4180500,1872
4181000,1872
4181500,1873
4182000,1871
4182500,1872
4183000,1872
4183500,1872
4184001,1872
4184500,1873
4185001,1872
4185500,1872
4186001,1872
4186500,1872
4187001,1873
4187501,1872
4188000,1871
4188501,1872
4189000,1872
4189500,1872
4190000,1871
4190500,1872
4191001,1871
4191500,1872
4192000,1872
4192500,1872
4193000,1873
4193500,1874
4194001,1872
4194501,1872
4195000,1873
4195500,1873
4196000,1872
4196500,1871
4197000,1874
4197500,1872
4198001,1873
4198501,1872
4199000,1872
4199500,1872
4200000,1872
4200500,1872
4201000,1875
4201501,1872
4202000,1872
4202500,1871
4203001,1872
4203501,1872
4204000,1872
4204501,1872
4205000,1872
4205500,1871
4206000,1871
4206500,1871
4207001,1872
4207501,1872
4208000,1872
4208500,1872
4209000,1872
4209500,1872
4210001,1873
4210500,1872
4211000,1870
4211500,1870
4212001,1872
4212500,1872
4213000,1872
4213500,1875
4214000,1872
4214500,1872
4215000,1872
4215500,1872
4216000,1872
4216500,1872
4217000,1872
4217500,1872
4218000,1873
4218500,1870
4219000,1872
4219500,1872
4220000,1872
4220501,1872
4221000,1872
4221500,1872
4222001,1872
4222500,1872
4223000,1871
4223500,1871
4224001,1872
4224500,1872
4225000,1872
4225500,1873
4226000,1871
4226500,1872
4227000,1873
4227500,1872
4228001,1873
4228500,1872
4229001,1872
4229500,1871
4230000,1872
4230500,1872
4231000,1870
4231500,1872
4232000,1872
4232500,1873
4233001,1875
4233500,1872
4234001,1872
4234500,1872
4235000,1870
4235500,1872
4236000,1872
4236501,1872
4237000,1869
4237501,1872
4238000,1872
4238501,1872
4239000,1872
4239501,1872
4240000,1872
4240500,1873
4241001,1872
4241501,1872
4242000,1873
4242500,1871
4243001,1872
4243500,1872
4244000,1872
4244500,1872
4245001,1872
4245501,1872
4246000,1872
4246500,1872
4247001,1874
4247500,1872
4248000,1872
4248501,1872
4249000,1872
4249500,1873
4250000,1873
4250501,1869
4251000,1872
4251501,1872
4252000,1871
4252500,1872
4253001,1872
4253500,1872
4254000,1872
4254500,1872
4255001,1872
4255500,1873
4256001,1872
4256500,1872
4257001,1872
4257500,1873
4258000,1870
4258500,1872
4259000,1871
4259500,1872
4260001,1872
4260500,1872
4261001,1875
4261501,1870
4262000,1872
4262500,1873
4263000,1872
4263500,1872
4264000,1872
4264501,1872
4265000,1873
4265500,1873
4266000,1872
4266500,1873
4267000,1872
4267501,1872
4268000,1872
4268500,1872
4269000,1873
4269500,1872
4270001,1874
4270501,1872
4271000,1872
4271501,1872
4272000,1872
4272500,1872
4273001,1875
4273501,1873
4274000,1872
4274501,1871
4275000,1869
4275500,1871
4276000,1872
4276500,1872
4277001,1875
4277500,1872
4278001,1872
4278500,1872
4279001,1873
4279501,1872
4280000,1872
4280500,1870
4281001,1872
4281500,1872
4282000,1873
4282500,1873
4283001,1872
4283501,1872
4284000,1872
4284500,1872
4285001,1872
4285501,1872
4286000,1872
4286500,1872
4287000,1872
4287500,1872
4288000,1872
4288500,1871
4289001,1872
4289500,1874
4290000,1871
4290501,1872
4291000,1872
4291501,1870
4292000,1872
4292501,1872
4293000,1872
4293500,1873
4294001,1872
4294501,1872
4295000,1874
4295500,1874
4296000,1871
4296500,1872
4297001,1870
4297500,1872
4298001,1872
4298500,1872
4299001,1869
4299500,1870
4300000,1872
4300500,1872
4301001,1872
4301500,1872
4302001,1872
4302500,1872
4303000,1872
4303500,1872
4304001,1872
4304500,1871
4305000,1872
4305500,1872
4306001,1872
4306500,1872
4307001,1873
4307500,1872
4308001,1872
4308501,1871
4309000,1872
4309500,1872
4310001,1872
4310500,1872
4311001,1871
4311501,1870
4312000,1872
4312501,1871
4313000,1872
4313501,1874
4314000,1872
4314501,1872
4315000,1872
4315500,1874
4316000,1871
4316500,1871
4317001,1872
4317500,1872
4318000,1872
4318500,1871
4319001,1871
4319500,1872
4320000,1872
4320500,1874
4321001,1874
4321500,1872
4322000,1872
4322500,1873
4323000,1873
4323500,1872
4324000,1872
4324500,1872
4325000,1872
4325500,1872
4326000,1872
4326500,1872
4327000,1872
4327500,1872
4328000,1873
4328500,1872
4329001,1872
4329500,1873
4330000,1872
4330500,1872
4331000,1875
4331500,1872
4332000,1875
4332501,1872
4333000,1873
4333500,1872
4334000,1872
4334501,1870
4335000,1872
4335500,1872
4336000,1872
4336500,1872
4337000,1871
4337500,1872
4338000,1872
4338500,1872
4339001,1873
4339500,1874
4340000,1872
4340501,1872
4341000,1872
4341500,1871
4342000,1872
4342500,1872
4343001,1872
4343500,1872
4344000,1871
4344500,1870
4345000,1871
4345500,1872
4346000,1872
4346500,1871
4347000,1870
4347500,1872
4348000,1872
4348500,1873
4349001,1872
4349500,1872
4350000,1872
4350500,1871
4351000,1872
4351500,1871
4352001,1872
4352500,1871
4353001,1872
4353501,1872
4354000,1871
4354501,1871
4355000,1872
4355500,1872
4356001,1869
4356501,1872
4357000,1872
4357501,1873
4358000,1871
4358500,1873
4359000,1873
4359500,1872
4360001,1872
4360501,1872
4361000,1874
4361500,1872
4362001,1874
4362500,1869
4363001,1872
4363501,1869
4364000,1871
4364501,1872
4365000,1872
4365500,1873
4366001,1872
4366500,1872
4367001,1871
4367501,1872
4368000,1872
4368501,1872
4369000,1872
4369501,1872
4370000,1872
4370500,1872
4371001,1874
4371500,1872
4372001,1872
4372500,1872
4373000,1872
4373500,1874
4374001,1872
4374500,1871
4375000,1873
4375501,1872
4376000,1872
4376500,1872
4377001,1872
4377500,1872
4378000,1872
4378500,1872
4379000,1872
4379500,1872
4380000,1874
4380501,1873
4381000,1871
4381500,1872
4382000,1872
4382501,1872
4383000,1871
4383500,1870
4384000,1872
4384500,1872
4385000,1872
4385501,1872
4386000,1871
4386500,1872
4387000,1872
4387500,1873
4388000,1872
4388500,1872
4389000,1871
4389500,1872
4390000,1873
4390500,1872
4391000,1871
4391500,1871
4392000,1872
4392500,1872
4393000,1872
4393500,1872
4394001,1872
4394501,1872
4395000,1872
4395500,1872
4396001,1872
4396500,1872
4397001,1872
4397500,1873
4398000,1873
4398501,1872
4399000,1869
4399500,1873
4400000,1872
4400500,1871
4401001,1873
4401500,1872
4402000,1872
4402501,1872
4403000,1872
4403501,1872
4404000,1872
4404500,1872
4405000,1871
4405500,1872
4406000,1872
4406500,1873
4407001,1871
4407501,1873
4408000,1871
4408501,1872
4409000,1869
4409501,1872
4410000,1872
4410500,1873
4411000,1872
4411500,1872
4412001,1872
4412500,1872
4413000,1869
4413500,1872
4414000,1872
4414501,1872
4415000,1872
4415500,1873
4416000,1872
4416500,1869
4417000,1870
4417500,1872
4418000,1872
4418501,1872
4419000,1873
4419500,1872
4420001,1872
4420501,1874
4421000,1873
4421500,1872
4422000,1872
4422500,1872
4423000,1873
4423500,1872
4424001,1872
4424500,1872
4425001,1871
4425500,1872
4426000,1872
4426500,1872
4427001,1872
4427500,1871
4428001,1872
4428500,1872
4429000,1874
4429500,1872
4430000,1872
4430501,1873
4431000,1872
4431501,1872
4432000,1871
4432500,1872
4433000,1872
4433500,1872
4434000,1872
4434500,1873
4435000,1872
4435500,1872
4436000,1872
4436500,1872
4437000,1870
4437500,1872
4438001,1871
4438501,1873
4439000,1872
4439500,1872
4440000,1872
4440500,1872
4441000,1872
4441500,1872
4442000,1872
4442500,1872
4443001,1872
4443500,1872
4444000,1872
4444500,1872
4445001,1872
4445500,1872
4446001,1873
4446500,1873
4447001,1872
4447500,1872
4448000,1872
4448500,1871
4449001,1872
4449500,1872
4450000,1872
4450500,1872
4451001,1872
4451500,1870
4452001,1872
4452500,1872
4453000,1871
4453501,1870
4454000,1872
4454501,1872
4455000,1871
4455500,1872
4456000,1872
4456500,1872
4457001,1870
4457500,1872
4458001,1872
4458500,1872
4459000,1872
4459500,1872
4460001,1872
4460500,1872
4461001,1872
4461500,1872
4462000,1872
4462501,1872
4463000,1872
4463501,1872
4464000,1873
4464500,1872
4465000,1872
4465500,1873
4466001,1870
4466500,1872
4467000,1870
4467500,1871
4468001,1872
4468501,1872
4469000,1872
4469500,1872
4470000,1870
4470500,1872
4471000,1872
4471500,1871
4472000,1872
4472500,1872
4473000,1871
4473500,1872
4474001,1872
4474500,1872
4475001,1873
4475500,1872
4476001,1871
4476501,1872
4477000,1875
4477500,1871
4478000,1872
4478501,1872
4479000,1871
4479500,1872
4480000,1872
4480500,1872
4481000,1874
4481500,1872
4482000,1875
4482500,1873
4483001,1875
4483500,1872
4484001,1872
4484500,1872
4485001,1872
4485500,1874
4486000,1872
4486500,1872
4487001,1872
4487500,1872
4488000,1872
4488500,1872
4489000,1873
4489500,1872
4490001,1871
4490500,1872
4491001,1872
4491501,1872
4492000,1871
4492500,1873
4493001,1870
4493500,1873
4494000,1872
4494501,1872
4495000,1872
4495500,1872
4496000,1872
4496500,1872
4497000,1874
4497500,1872
4498001,1872
4498500,1872
4499000,1872
4499500,1872
4500001,1872
4500500,1872
4501000,1871
4501501,1870
4502000,1873
4502501,1872
4503000,1873
4503500,1872
4504000,1872
4504501,1872
4505000,1875
4505500,1872
4506000,1871
4506500,1872
4507000,1870
4507501,1872
4508000,1872
4508501,1872
4509000,1872
4509501,1871
4510000,1873
4510500,1872
4511001,1872
4511500,1872
4512001,1871
4512500,1872
4513000,1873
4513500,1872
4514000,1872
4514501,1872
4515000,1871
4515500,1872
4516000,1872
4516500,1872
4517001,1872
4517501,1872
4518000,1872
4518500,1872
4519000,1874
4519501,1872
4520000,1872
4520500,1872
4521000,1872
4521500,1872
4522000,1872
4522500,1874
4523000,1872
4523500,1872
4524000,1872
4524501,1871
4525000,1873
4525500,1872
4526001,1872
4526500,1873
4527000,1873
4527500,1871
4528001,1871
4528500,1874
4529001,1872
4529500,1872
4530000,1872
4530500,1875
4531001,1871
4531500,1872
4532001,1873
4532501,1875
4533000,1872
4533501,1872
4534000,1871
4534501,1873
4535000,1874
4535500,1872
4536000,1873
4536501,1872
4537000,1873
4537500,1872
4538000,1871
4538501,1872
4539000,1872
4539500,1874
4540001,1872
4540500,1872
4541001,1872
4541501,1872
4542000,1873
4542500,1873
4543000,1872
4543500,1872
4544000,1872
4544501,1872
4545000,1872
4545501,1872
4546000,1872
4546500,1872
4547000,1872
4547500,1872
4548001,1872
4548500,1871
4549001,1873
4549500,1872
4550000,1873
4550500,1872
4551000,1872
4551501,1872
4552000,1874
4552500,1872
4553000,1874
4553500,1872
4554000,1872
4554500,1871
4555000,1872
4555500,1873
4556000,1872
4556500,1872
4557000,1873
4557500,1872
4558000,1872
4558501,1873
4559000,1875
4559500,1872
4560001,1872
4560500,1872
4561000,1873
4561500,1874
4562000,1874
4562500,1872
4563000,1872
4563500,1872
4564000,1872
4564500,1872
4565000,1872
4565500,1872
4566001,1872
4566501,1872
4567000,1872
4567501,1875
4568000,1872
4568500,1873
4569001,1872
4569501,1872
4570000,1872
4570500,1872
4571000,1872
4571500,1873
4572001,1873
4572500,1872
4573000,1872
4573500,1872
4574001,1872
4574500,1872
4575001,1872
4575500,1872
4576000,1872
4576500,1873
4577000,1872
4577500,1872
4578001,1871
4578500,1872
4579000,1872
4579501,1872
4580000,1870
4580501,1873
4581000,1872
4581500,1872
4582000,1872
4582500,1872
4583000,1872
4583500,1872
4584000,1873
4584500,1872
4585000,1873
4585500,1872
4586001,1872
4586500,1872
4587001,1873
4587500,1872
4588000,1873
4588500,1873
4589000,1871
4589500,1873
4590000,1872
4590501,1872
4591000,1873
4591500,1872
4592000,1873
4592500,1873
4593000,1871
4593501,1873
4594000,1874
4594501,1872
4595000,1873
4595500,1872
4596001,1874
4596501,1872
4597000,1872
4597500,1872
4598000,1870
4598500,1872
4599001,1872
4599500,1871
4600000,1872
4600500,1872
4601000,1872
4601501,1871
4602000,1872
4602501,1871
4603000,1872
4603501,1872
4604000,1872
4604500,1873
4605000,1872
4605500,1870
4606000,1872
4606501,1872
4607000,1872
4607500,1872
4608000,1872
4608500,1872
4609001,1872
4609501,1876
4610000,1871
4610500,1873
4611001,1871
4611500,1872
4612000,1871
4612500,1872
4613000,1872
4613501,1872
4614000,1872
4614500,1872
4615001,1872
4615500,1872
4616000,1872
4616500,1872
4617001,1872
4617500,1872
4618001,1872
4618500,1872
4619000,1872
4619500,1873
4620001,1873
4620500,1872
4621000,1872
4621501,1871
4622000,1872
4622500,1872
4623000,1872
4623500,1871
4624000,1873
4624500,1872
4625000,1872
4625500,1874
4626001,1872
4626500,1872
4627000,1872
4627501,1872
4628000,1872
4628500,1871
4629000,1872
4629501,1872
4630000,1872
4630501,1873
4631000,1875
4631500,1872
4632000,1873
4632501,1872
4633000,1872
4633501,1872
4634000,1871
4634501,1874
4635000,1872
4635500,1870
4636000,1872
4636501,1872
4637000,1872
4637501,1871
4638000,1872
4638500,1872
4639000,1872
4639500,1872
4640000,1871
4640501,1873
4641000,1872
4641501,1872
4642000,1872
4642500,1872
4643000,1872
4643500,1872
4644001,1872
4644500,1872
4645001,1872
4645500,1872
4646000,1872
4646501,1871
4647000,1872
4647500,1871
4648001,1872
4648500,1872
4649000,1872
4649500,1872
4650001,1872
4650500,1873
4651000,1872
4651500,1872
4652000,1872
4652500,1872
4653000,1872
4653501,1873
4654000,1872
4654500,1872
4655000,1872
4655500,1874
4656000,1872
4656500,1872
4657001,1872
4657500,1872
4658001,1874
4658500,1872
4659001,1872
4659500,1872
4660000,1872
4660500,1872
4661000,1870
4661500,1873
4662001,1872
4662500,1872
4663001,1871
4663500,1872
4664000,1872
4664500,1872
4665000,1872
4665500,1872
4666000,1872
4666501,1874
4667000,1872
4667500,1873
4668001,1872
4668500,1871
4669000,1872
4669500,1871
4670000,1872
4670501,1871
4671000,1872
4671500,1873
4672000,1871
4672501,1871
4673000,1872
4673501,1871
4674000,1872
4674501,1872
4675000,1872
4675500,1872
4676000,1875
4676500,1872
4677001,1872
4677501,1872
4678000,1873
4678500,1873
4679000,1872
4679501,1875
4680000,1872
4680500,1872
4681000,1872
4681500,1873
4682000,1873
4682500,1871
4683000,1872
4683500,1874
4684001,1872
4684500,1872
4685001,1871
4685500,1872
4686000,1872
4686500,1871
4687000,1871
4687500,1871
4688000,1872
4688501,1872
4689000,1872
4689501,1872
4690000,1872
4690500,1872
4691000,1872
4691501,1872
4692000,1872
4692500,1872
4693000,1872
4693500,1874
4694000,1871
4694501,1873
4695000,1873
4695500,1872
4696001,1872
4696500,1871
4697000,1873
4697500,1872
4698001,1870
4698501,1872
4699000,1870
4699500,1872
4700001,1872
4700500,1872
4701000,1872
4701500,1872
4702000,1872
4702500,1871
4703000,1871
4703500,1872
4704001,1872
4704501,1872
4705000,1872
4705500,1872
4706001,1872
4706501,1872
4707000,1872
4707500,1872
4708000,1872
4708501,1872
4709000,1872
4709500,1874
4710001,1872
4710500,1871
4711000,1874
4711501,1872
4712000,1873
4712500,1872
4713000,1872
4713500,1874
4714000,1871
4714500,1872
4715000,1872
4715500,1872
4716000,1872
4716500,1872
4717000,1871
4717500,1870
4718001,1872
4718500,1872
4719001,1872
4719501,1870
4720000,1870
4720500,1871
4721001,1872
4721500,1872
4722000,1872
4722500,1872
4723000,1873
4723500,1872
4724001,1872
4724500,1872
4725000,1872
4725500,1871
4726000,1872
4726500,1872
4727000,1872
4727500,1872
4728001,1872
4728501,1872
4729000,1872
4729500,1872
4730000,1873
4730501,1874
4731000,1871
4731501,1872
4732000,1872
4732500,1873
4733000,1872
4733500,1872
4734001,1872
4734501,1872
4735000,1872
4735500,1875
4736000,1872
4736500,1872
4737000,1872
4737500,1871
4738000,1872
4738500,1872
4739000,1872
4739500,1872
4740001,1872
4740500,1872
4741001,1872
4741500,1873
4742000,1873
4742501,1871
4743000,1872
4743501,1871
4744000,1872
4744500,1872
4745000,1872
4745500,1872
4746001,1872
4746500,1872
4747001,1873
4747500,1872
4748000,1872
4748500,1872
4749000,1872
4749500,1872
4750000,1872
4750500,1872
4751000,1872
4751500,1872
4752000,1872
4752500,1873
4753000,1872
4753500,1872
4754000,1872
4754500,1873
4755000,1872
4755500,1872
4756000,1871
4756501,1872
4757000,1871
4757500,1874
4758000,1872
4758501,1872
4759000,1871
4759500,1874
4760000,1872
4760501,1872
4761000,1872
4761500,1872
4762000,1873
4762500,1872
4763000,1872
4763500,1872
4764001,1872
4764501,1872
4765000,1872
4765501,1875
4766000,1872
4766501,1871
4767000,1872
4767500,1872
4768000,1871
4768501,1871
4769000,1872
4769500,1873
4770001,1872
4770500,1872
4771001,1872
4771500,1872
4772001,1872
4772500,1872
4773000,1874
4773500,1875
4774001,1872
4774501,1873
4775000,1872
4775500,1873
4776000,1872
4776500,1872
4777000,1872
4777500,1873
4778000,1872
4778500,1873
4779000,1871
4779500,1872
4780000,1872
4780500,1871
4781001,1871
4781501,1868
4782000,1872
4782500,1871
4783000,1872
4783500,1872
4784000,1871
4784501,1872
4785000,1872
4785501,1870
4786000,1869
4786500,1872
4787001,1870
4787500,1874
4788000,1872
4788500,1872
4789000,1872
4789501,1872
4790000,1872
4790500,1871
4791000,1871
4791501,1873
4792000,1868
4792500,1872
4793000,1872
4793500,1872
4794000,1872
4794501,1871
4795000,1871
4795501,1872
4796000,1869
4796500,1872
4797001,1873
4797500,1872
4798000,1872
4798500,1872
4799000,1872
4799500,1872
4800000,1872
4800500,1872
4801000,1869
4801500,1872
4802000,1873
4802500,1872
4803001,1871
4803500,1872
4804000,1872
4804500,1872
4805001,1872
4805500,1873
4806000,1872
4806500,1872
4807001,1873
4807500,1871
4808000,1872
4808501,1872
4809000,1872
4809500,1872
4810000,1872
4810500,1869
4811001,1872
4811500,1872
4812000,1872
4812501,1874
4813000,1874
4813501,1870
4814000,1871
4814500,1872
4815000,1871
4815500,1872
4816001,1873
4816501,1872
4817000,1872
4817501,1875
4818000,1872
4818501,1872
4819000,1872
4819500,1872
4820001,1872
4820501,1872
4821000,1872
4821501,1872
4822000,1872
4822500,1871
4823000,1872
4823500,1873
4824000,1873
4824501,1872
4825000,1872
4825501,1875
4826000,1872
4826500,1872
4827000,1872
4827501,1872
4828000,1872
4828501,1872
4829000,1872
4829500,1872
4830001,1871
4830500,1872
4831001,1872
4831500,1872
4832001,1872
4832501,1870
4833000,1872
4833501,1872
4834000,1874
4834501,1872
4835000,1873
4835501,1873
4836000,1872
4836500,1873
4837001,1872
4837500,1872
4838000,1872
4838500,1876
4839000,1872
4839500,1872
4840001,1872
4840500,1872
4841001,1871
4841500,1872
4842000,1870
4842501,1871
4843000,1872
4843501,1872
4844000,1872
4844500,1872
4845001,1872
4845500,1872
4846001,1870
4846500,1872
4847000,1872
4847500,1871
4848000,1872
4848500,1872
4849001,1872
4849500,1872
4850000,1873
4850500,1875
4851000,1872
4851501,1872
4852000,1872
4852501,1872
4853000,1872
4853501,1872
4854000,1872
4854501,1870
4855000,1872
4855500,1872
4856000,1872
4856500,1872
4857000,1872
4857500,1874
4858000,1871
4858500,1873
4859000,1872
4859500,1873
4860000,1872
4860500,1872
4861000,1872
4861500,1872
4862000,1871
4862501,1873
4863000,1872
4863500,1872
4864001,1871
4864500,1872
4865000,1872
4865500,1872
4866001,1872
4866500,1872
4867001,1875
4867500,1873
4868000,1872
4868501,1872
4869000,1871
4869500,1873
4870000,1872
4870500,1872
4871001,1872
4871500,1872
4872001,1872
4872500,1872
4873000,1872
4873500,1873
4874000,1872
4874500,1872
4875000,1871
4875500,1872
4876001,1872
4876500,1872
4877000,1871
4877500,1873
4878000,1872
4878500,1871
4879000,1872
4879500,1870
4880001,1874
4880500,1872
4881001,1870
4881501,1872
4882000,1872
4882500,1872
4883001,1872
4883500,1874
4884000,1872
4884501,1872
4885000,1872
4885501,1871
4886000,1872
4886500,1872
4887000,1872
4887501,1872
4888000,1872
4888501,1871
4889000,1872
4889500,1873
4890001,1872
4890501,1873
4891000,1872
4891500,1873
4892000,1873
4892500,1872
4893001,1870
4893500,1870
4894000,1871
4894500,1872
4895000,1872
4895500,1871
4896000,1872
4896500,1872
4897000,1873
4897500,1872
4898000,1872
4898500,1872
4899000,1872
4899500,1872
4900000,1875
4900500,1872
4901000,1872
4901500,1872
4902001,1872
4902500,1870
4903000,1873
4903500,1872
4904000,1872
4904501,1872
4905000,1872
4905501,1872
4906000,1872
4906500,1872
4907000,1873
4907500,1872
4908001,1873
4908500,1872
4909001,1872
4909501,1873
4910000,1872
4910500,1872
4911000,1872
4911500,1872
4912001,1872
4912501,1872
4913000,1872
4913500,1871
4914000,1871
4914500,1872
4915000,1872
4915500,1873
4916001,1872
4916500,1872
4917001,1872
4917500,1872
4918001,1872
4918501,1872
4919000,1872
4919500,1872
4920000,1872
4920500,1872
4921000,1872
4921501,1870
4922000,1872
4922501,1872
4923000,1872
4923501,1872
4924000,1872
4924500,1872
4925000,1872
4925501,1872
4926000,1872
4926501,1872
4927000,1872
4927500,1870
4928001,1870
4928501,1872
4929000,1872
4929500,1871
4930001,1872
4930501,1872
4931000,1872
4931500,1872
4932000,1872
4932500,1872
4933000,1872
4933501,1872
4934000,1872
4934501,1872
4935000,1874
4935500,1872
4936000,1872
4936501,1873
4937000,1872
4937501,1875
4938000,1872
4938500,1872
4939001,1871
4939500,1872
4940001,1872
4940501,1872
4941000,1872
4941500,1873
4942000,1872
4942501,1873
4943000,1872
4943500,1872
4944000,1872
4944500,1873
4945001,1873
4945500,1872
4946001,1872
4946500,1871
4947000,1872
4947500,1872
4948001,1871
4948501,1872
4949000,1874
4949501,1871
4950000,1872
4950500,1872
4951001,1871
4951500,1872
4952000,1872
4952500,1871
4953001,1872
4953500,1870
4954001,1872
4954500,1872
4955000,1872
4955501,1872
4956000,1872
4956500,1870
4957000,1872
4957500,1871
4958000,1872
4958500,1872
4959000,1872
4959500,1872
4960000,1874
4960500,1873
4961001,1872
4961500,1872
4962001,1873
4962501,1872
4963000,1872
4963501,1870
4964000,1872
4964501,1873
4965000,1871
4965500,1870
4966001,1872
4966500,1872
4967000,1872
4967501,1872
4968000,1872
4968501,1872
4969000,1871
4969501,1872
4970000,1873
4970500,1872
4971000,1872
4971500,1872
4972001,1872
4972500,1872
4973000,1873
4973500,1872
4974000,1872
4974500,1873
4975000,1872
4975500,1874
4976000,1872
4976500,1873
4977001,1872
4977501,1872
4978000,1872
4978500,1872
4979001,1872
4979501,1872
4980000,1872
4980500,1872
4981000,1872
4981501,1872
4982000,1873
4982500,1871
4983001,1872
4983500,1869
4984001,1872
4984500,1871
4985000,1872
4985500,1872
4986000,1872
4986501,1872
4987000,1872
4987500,1874
4988000,1873
4988501,1873
4989000,1872
4989500,1871
4990000,1872
4990500,1872
4991001,1872
4991500,1870
4992000,1872
4992500,1872
4993000,1875
4993500,1875
4994000,1872
4994501,1872
4995000,1872
4995501,1872
4996000,1872
4996500,1872
4997001,1872
4997500,1869
4998000,1873
4998501,1872
4999000,1872
4999500,1875
5000001,1873
5000501,1872
5001000,1872
5001500,1872
5002000,1872
5002500,1873
5003001,1872
5003500,1872
5004001,1872
5004501,1873
5005000,1872
5005500,1871
5006001,1872
5006500,1872
5007000,1874
5007500,1872
5008001,1870
5008500,1872
5009000,1872
5009501,1874
5010000,1871
5010500,1872
5011000,1873
5011501,1873
5012000,1872
5012500,1872
5013001,1872
5013500,1874
5014000,1872
5014500,1872
5015000,1872
5015500,1873
5016000,1873
5016501,1872
5017000,1874
5017500,1874
5018000,1872
5018500,1872
5019001,1872
5019500,1872
5020000,1870
5020500,1873
5021000,1872
5021500,1873
5022001,1872
5022500,1874
5023001,1872
5023500,1872
5024001,1873
5024500,1873
5025000,1872
5025500,1869
5026000,1872
5026501,1872
5027000,1872
5027501,1872
5028000,1872
5028500,1872
5029001,1873
5029501,1871
5030000,1872
5030500,1871
5031001,1872
5031500,1872
5032000,1872
5032500,1872
5033001,1874
5033500,1873
5034001,1872
5034500,1873
5035001,1871
5035500,1874
5036000,1874
5036501,1873
5037000,1872
5037500,1873
5038000,1871
5038500,1872
5039001,1870
5039500,1874
5040001,1871
5040500,1872
5041001,1871
5041501,1871
5042000,1871
5042500,1874
5043000,1871
5043501,1872
5044000,1872
5044500,1872
5045000,1872
5045501,1872
5046000,1870
5046500,1874
5047000,1872
5047500,1871
5048000,1872
5048500,1869
5049001,1872
5049500,1872
5050001,1873
5050500,1872
5051001,1872
5051500,1872
5052001,1872
5052500,1872
5053001,1872
5053501,1872
5054000,1872
5054500,1873
5055000,1872
5055500,1872
5056000,1874
5056500,1873
5057000,1872
5057500,1870
5058000,1872
5058501,1872
5059000,1872
5059500,1872
5060000,1873
5060500,1872
5061000,1872
5061500,1872
5062000,1872
5062500,1872
5063001,1872
5063500,1872
5064000,1872
5064501,1872
5065000,1872
5065501,1871
5066000,1872
5066500,1872
5067000,1872
5067500,1872
5068000,1872
5068500,1872
5069001,1872
5069501,1872
5070000,1871
5070500,1872
5071001,1872
5071501,1873
5072000,1872
5072501,1874
5073000,1871
5073501,1872
5074000,1871
5074500,1872
5075000,1870
5075500,1871
5076000,1872
5076500,1870
5077001,1871
5077500,1872
5078001,1871
5078500,1872
5079001,1871
5079500,1872
5080001,1872
5080500,1872
5081001,1872
5081500,1872
5082001,1872
5082501,1870
5083000,1872
5083500,1870
5084001,1872
5084500,1873
5085001,1874
5085500,1872
5086000,1872
5086500,1872
5087000,1872
5087500,1873
5088001,1873
5088500,1872
5089001,1872
5089500,1871
5090000,1870
5090500,1872
5091000,1872
5091501,1872
5092000,1872
5092500,1871
5093000,1872
5093500,1872
5094001,1871
5094500,1872
5095000,1872
5095500,1872
5096000,1871
5096501,1872
5097000,1872
5097501,1871
5098000,1872
5098500,1872
5099001,1872
5099500,1873
5100000,1872
5100501,1873
5101000,1872
5101500,1870
5102000,1872
5102500,1872
5103000,1872
5103500,1870
5104001,1872
5104500,1872
5105000,1872
5105500,1872
5106001,1871
5106500,1872
5107000,1872
5107500,1869
5108000,1872
5108500,1872
5109000,1872
5109501,1872
5110000,1872
5110501,1872
5111000,1872
5111500,1872
5112000,1871
5112500,1872
5113000,1872
5113501,1872
5114000,1872
5114501,1872
5115000,1872
5115501,1872
5116000,1872
5116501,1872
5117000,1872
5117501,1872
5118000,1872
5118500,1872
5119000,1872
5119501,1872
5120000,1872
5120500,1874
5121000,1872
5121500,1872
5122000,1872
5122500,1872
5123001,1872
5123501,1873
5124000,1872
5124501,1872
5125000,1872
5125501,1872
5126000,1872
5126501,1872
5127000,1872
5127501,1873
5128000,1872
5128501,1872
5129000,1873
5129501,1872
5130000,1872
5130501,1873
5131000,1872
5131500,1872
5132000,1873
5132500,1872
5133001,1873
5133500,1872
5134001,1872
5134500,1873
5135000,1872
5135501,1872
5136000,1873
5136500,1872
5137001,1872
5137500,1872
5138001,1872
5138500,1872
5139001,1871
5139500,1872
5140000,1872
5140501,1872
5141000,1872
5141500,1872
5142001,1873
5142500,1872
5143000,1870
5143500,1871
5144001,1873
5144500,1875
5145000,1871
5145500,1872
5146000,1872
5146500,1872
5147000,1871
5147500,1871
5148000,1872
5148500,1871
5149000,1872
5149501,1872
5150000,1875
5150500,1874
5151001,1873
5151500,1874
5152001,1872
5152500,1872
5153000,1873
5153500,1874
5154000,1872
5154501,1870
5155000,1872
5155500,1872
5156000,1872
5156500,1871
5157000,1872
5157500,1872
5158000,1872
5158500,1870
5159000,1871
5159501,1871
5160000,1872
5160501,1873
5161000,1872
5161500,1873
5162001,1872
5162500,1872
5163000,1873
5163500,1872
5164000,1872
5164500,1874
5165000,1871
5165500,1873
5166000,1872
5166501,1872
5167000,1872
5167500,1872
5168000,1871
5168500,1872
5169000,1872
5169500,1872
5170000,1871
5170500,1873
5171000,1872
5171500,1872
5172001,1872
5172500,1872
5173001,1873
5173500,1875
5174001,1872
5174501,1874
5175000,1872
5175500,1872
5176000,1872
5176500,1871
5177000,1872
5177500,1872
5178001,1872
5178500,1872
5179000,1871
5179500,1872
5180000,1871
5180500,1872
5181000,1873
5181500,1872
5182000,1869
5182500,1872
5183001,1872
5183500,1873
5184001,1871
5184501,1872
5185000,1872
5185500,1872
5186000,1875
5186501,1871
5187000,1872
5187501,1872
5188000,1872
5188500,1871
5189000,1872
5189500,1872
5190000,1872
5190500,1872
5191000,1872
5191500,1871
5192000,1872
5192500,1872
5193001,1871
5193500,1871
5194001,1872
5194501,1872
5195000,1872
5195500,1872
5196001,1872
5196500,1873
5197000,1871
5197500,1872
5198000,1872
5198500,1872
5199000,1872
5199501,1872
5200000,1872
5200501,1872
5201000,1872
5201500,1872
5202000,1872
5202500,1873
5203001,1872
5203501,1872
5204000,1872
5204501,1874
5205000,1872
5205500,1872
5206001,1871
5206500,1872
5207000,1872
5207500,1869
5208000,1873
5208501,1872
5209000,1872
5209500,1872
5210000,1873
5210500,1872
5211000,1872
5211500,1872
5212001,1873
5212501,1871
5213000,1872
5213500,1873
5214000,1872
5214500,1872
5215001,1873
5215501,1872
5216000,1872
5216500,1872
5217001,1872
5217501,1872
5218000,1872
5218501,1873
5219000,1872
5219501,1872
5220000,1872
5220501,1872
5221000,1871
5221500,1872
5222001,1871
5222501,1872
5223000,1872
5223500,1873
5224001,1872
5224501,1872
5225000,1872
5225500,1872
5226000,1873
5226500,1872
5227000,1872
5227500,1873
5228001,1872
5228501,1872
5229000,1872
5229500,1870
5230000,1873
5230501,1872
5231000,1872
5231500,1872
5232000,1871
5232500,1872
5233000,1873
5233500,1872
5234000,1871
5234500,1873
5235000,1872
5235500,1872
5236000,1872
5236501,1872
5237000,1874
5237500,1873
5238000,1873
5238501,1872
5239000,1872
5239500,1872
5240000,1872
5240500,1871
5241001,1872
5241500,1872
5242000,1872
5242500,1872
5243000,1871
5243500,1872
5244001,1872
5244500,1872
5245001,1872
5245501,1872
5246000,1873
5246500,1872
5247001,1872
5247500,1872
5248000,1872
5248500,1872
5249001,1872
5249500,1872
5250000,1872
5250501,1875
5251000,1873
5251500,1872
5252000,1871
5252500,1872
5253000,1872
5253500,1872
5254001,1874
5254500,1874
5255001,1872
5255500,1872
5256000,1872
5256500,1872
5257000,1872
5257500,1872
5258000,1872
5258501,1872
5259000,1872
5259501,1872
5260000,1871
5260500,1871
5261000,1872
5261500,1872
5262000,1872
5262500,1872
5263001,1872
5263500,1873
5264000,1873
5264500,1872
5265000,1872
5265500,1872
5266000,1874
5266500,1871
5267000,1872
5267500,1872
5268001,1872
5268501,1872
5269000,1873
5269500,1872
5270000,1872
5270501,1872
5271000,1872
5271500,1871
5272001,1872
5272501,1874
5273000,1872
5273500,1872
5274001,1872
5274500,1872
5275001,1871
5275500,1872
5276001,1871
5276500,1872
5277000,1873
5277500,1873
5278000,1872
5278500,1870
5279000,1872
5279500,1870
5280000,1872
5280500,1870
5281000,1872
5281500,1872
5282001,1871
5282500,1872
5283000,1872
5283500,1873
5284000,1872
5284501,1874
5285000,1872
5285500,1872
5286001,1872
5286500,1872
5287000,1872
5287500,1872
5288000,1873
5288500,1872
5289000,1872
5289500,1872
5290001,1873
5290500,1877
5291000,1872
5291500,1872
5292000,1872
5292500,1872
5293001,1873
5293500,1872
5294000,1869
5294500,1873
5295000,1872
5295500,1872
5296000,1872
5296500,1872
5297000,1872
5297500,1873
5298001,1876
5298500,1873
5299000,1873
5299500,1872
5300000,1874
5300500,1872
5301000,1872
5301500,1872
5302000,1873
5302500,1872
5303001,1872
5303500,1873
5304000,1873
5304500,1872
5305000,1872
5305500,1872
5306000,1872
5306500,1872
5307001,1872
5307500,1872
5308000,1871
5308500,1872
5309000,1871
5309500,1872
5310001,1872
5310500,1871
5311001,1872
5311500,1872
5312000,1873
5312500,1871
5313001,1872
5313500,1872
5314000,1872
5314501,1872
5315000,1872
5315500,1873
5316001,1872
5316500,1872
5317000,1872
5317500,1872
5318000,1873
5318501,1872
5319000,1872
5319500,1871
5320000,1872
5320501,1871
5321000,1872
5321501,1872
5322000,1872
5322500,1872
5323000,1874
5323500,1872
5324000,1872
5324500,1872
5325000,1872
5325500,1873
5326000,1872
5326501,1872
5327000,1872
5327501,1872
5328000,1872
5328501,1873
5329000,1872
5329501,1873
5330000,1875
5330500,1872
5331001,1872
5331500,1874
5332000,1873
5332500,1872
5333001,1872
5333500,1872
5334000,1872
5334500,1873
5335001,1872
5335501,1871
5336000,1873
5336500,1872
5337001,1872
5337500,1871
5338000,1872
5338500,1874
5339000,1873
5339500,1872
5340000,1872
5340500,1871
5341000,1872
5341500,1872
5342000,1872
5342500,1872
5343001,1871
5343500,1872
5344000,1873
5344500,1872
5345001,1872
5345501,1872
5346000,1873
5346500,1872
5347001,1872
5347500,1872
5348001,1872
5348500,1872
5349001,1872
5349500,1872
5350000,1872
5350500,1873
5351000,1872
5351501,1872
5352000,1872
5352501,1872
5353000,1872
5353500,1872
5354000,1872
5354500,1872
5355001,1873
5355500,1872
5356001,1870
5356500,1872
5357001,1869
5357500,1872
5358000,1872
5358501,1872
5359000,1871
5359500,1874
5360001,1872
5360500,1873
5361000,1874
5361500,1873
5362000,1871
5362501,1872
5363000,1874
5363500,1872
5364001,1872
5364501,1872
5365000,1873
5365501,1872
5366000,1873
5366501,1872
5367000,1872
5367500,1872
5368000,1873
5368500,1871
5369001,1873
5369500,1873
5370000,1872
5370500,1872
5371001,1872
5371501,1874
5372000,1872
5372500,1872
5373000,1872
5373500,1873
5374001,1872
5374500,1875
5375000,1872
5375500,1872
5376001,1872
5376500,1872
5377000,1872
5377501,1871
5378000,1872
5378500,1872
5379000,1872
5379500,1872
5380000,1872
5380500,1872
5381001,1872
5381501,1873
5382000,1873
5382500,1872
5383001,1872
5383500,1871
5384000,1872
5384500,1872
5385000,1873
5385500,1872
5386000,1872
5386500,1872
5387000,1872
5387500,1872
5388000,1871
5388500,1872
5389001,1875
5389500,1872
5390000,1873
5390500,1872
5391001,1872
5391500,1872
5392000,1870
5392501,1872
5393000,1872
5393500,1872
5394001,1872
5394500,1871
5395001,1872
5395500,1871
5396000,1871
5396500,1871
5397001,1873
5397501,1872
5398000,1872
5398500,1872
5399000,1871
5399500,1872
5400001,1872
5400500,1875
5401000,1872
5401500,1873
5402001,1871
5402500,1872
5403001,1872
5403500,1872
5404000,1872
5404500,1871
5405000,1872
5405501,1872
5406000,1872
5406500,1872
5407001,1871
5407500,1872
5408001,1875
5408501,1872
5409000,1872
5409500,1873
5410001,1872
5410500,1872
5411001,1872
5411500,1872
5412001,1872
5412501,1872
5413000,1872
5413500,1872
5414000,1872
5414501,1872
5415000,1872
5415500,1872
5416001,1872
5416500,1872
5417000,1872
5417500,1872
5418000,1872
5418501,1873
5419000,1872
5419500,1873
5420001,1872
5420500,1873
5421001,1874
5421500,1873
5422001,1872
5422500,1875
5423001,1872
5423500,1872
5424001,1872
5424500,1873
5425001,1872
5425500,1874
5426001,1875
5426500,1872
5427000,1873
5427500,1872
5428001,1871
5428500,1871
5429001,1872
5429501,1872
5430000,1872
5430500,1872
5431000,1871
5431500,1872
5432000,1872
5432501,1872
5433000,1872
5433500,1872
5434000,1871
5434501,1872
5435000,1872
5435501,1872
5436000,1872
5436500,1872
5437000,1872
5437500,1872
5438000,1872
5438500,1873
5439000,1872
5439500,1872
5440001,1872
5440500,1872
5441001,1870
5441500,1872
5442000,1872
5442500,1875
5443000,1872
5443501,1872
5444000,1872
5444500,1872
5445001,1873
5445501,1872
5446000,1872
5446501,1872
5447000,1875
5447501,1874
5448000,1872
5448500,1871
5449001,1872
5449500,1872
5450001,1873
5450500,1872
5451000,1872
5451501,1872
5452000,1873
5452501,1871
5453000,1873
5453501,1872
5454000,1871
5454501,1872
5455000,1871
5455500,1872
5456001,1873
5456500,1873
5457001,1872
5457500,1872
5458000,1874
5458500,1872
5459000,1871
5459501,1872
5460000,1872
5460501,1871
5461000,1872
5461501,1869
5462000,1871
5462501,1872
5463000,1872
5463500,1872
5464000,1871
5464500,1872
5465001,1874
5465500,1872
5466001,1873
5466500,1872
5467001,1873
5467500,1871
5468000,1871
5468500,1872
5469000,1872
5469500,1872
5470001,1872
5470501,1871
5471000,1874
5471500,1871
5472000,1873
5472501,1872
5473000,1872
5473500,1871
5474000,1873
5474501,1872
5475000,1872
5475500,1872
5476000,1873
5476500,1872
5477000,1872
5477500,1872
5478001,1873
5478500,1872
5479000,1872
5479501,1873
5480000,1872
5480500,1872
5481000,1872
5481500,1872
5482001,1872
5482501,1872
5483000,1872
5483501,1871
5484000,1871
5484500,1872
5485000,1872
5485500,1872
5486000,1872
5486500,1872
5487000,1872
5487500,1872
5488000,1872
5488500,1872
5489001,1872
5489500,1872
5490000,1872
5490500,1872
5491000,1872
5491500,1874
5492001,1873
5492500,1874
5493000,1872
5493500,1872
5494001,1874
5494500,1873
5495000,1872
5495501,1875
5496000,1873
5496500,1873
5497001,1871
5497501,1872
5498000,1872
5498501,1872
5499000,1873
5499500,1872
5500000,1872
5500500,1872
5501000,1872
5501500,1872
5502001,1872
5502501,1872
5503000,1872
5503500,1872
5504000,1872
5504500,1872
5505000,1872
5505501,1872
5506000,1872
5506501,1872
5507000,1874
5507500,1873
5508000,1872
5508500,1872
5509001,1872
5509501,1875
5510000,1871
5510500,1874
5511000,1874
5511501,1874
5512000,1872
5512500,1872
5513001,1872
5513501,1871
5514000,1870
5514500,1872
5515000,1872
5515501,1873
5516000,1871
5516501,1871
5517000,1872
5517500,1872
5518000,1872
5518500,1872
5519001,1873
5519501,1871
5520000,1872
5520500,1872
5521000,1872
5521500,1872
5522001,1872
5522500,1870
5523001,1872
5523500,1872
5524000,1869
5524500,1872
5525000,1872
5525501,1873
5526000,1872
5526500,1871
5527001,1872
5527501,1872
5528000,1872
5528500,1875
5529000,1872
5529500,1872
5530000,1872
5530500,1872
5531000,1872
5531500,1872
5532001,1872
5532500,1872
5533000,1872
5533500,1872
5534000,1872
5534500,1872
5535000,1873
5535500,1872
5536001,1871
5536500,1872
5537001,1871
5537500,1872
5538001,1872
5538500,1871
5539001,1872
5539501,1871
5540000,1870
5540500,1874
5541001,1872
5541500,1872
5542001,1872
5542500,1872
5543000,1872
5543501,1872
5544000,1872
5544501,1872
5545000,1872
5545500,1872
5546000,1871
5546501,1873
5547000,1872
5547500,1872
5548000,1872
5548500,1872
5549001,1871
5549500,1872
5550000,1872
5550501,1873
5551000,1872
5551501,1872
5552000,1871
5552501,1872
5553000,1873
5553501,1872
5554000,1872
5554500,1872
5555000,1872
5555500,1872
5556000,1872
5556501,1872
5557000,1872
5557501,1873
5558000,1872
5558500,1877
5559001,1873
5559500,1872
5560000,1872
5560500,1872
5561000,1870
5561500,1872
5562000,1872
5562500,1872
5563000,1872
5563500,1871
5564000,1875
5564501,1872
5565000,1873
5565500,1873
5566000,1874
5566500,1872
5567000,1872
5567501,1872
5568000,1872
5568501,1872
5569000,1872
5569500,1872
5570000,1873
5570500,1875
5571000,1872
5571500,1872
5572000,1874
5572500,1872
5573001,1872
5573500,1872
5574000,1872
5574500,1872
5575000,1873
5575501,1872
5576000,1872
5576500,1872
5577000,1872
5577500,1872
5578000,1873
5578500,1872
5579000,1873
5579500,1872
5580000,1873
5580500,1872
5581001,1872
5581500,1872
5582001,1872
5582500,1871
5583001,1872
5583500,1872
5584001,1872
5584500,1872
5585000,1875
5585501,1872
5586000,1873
5586500,1872
5587000,1872
5587501,1872
5588000,1872
5588501,1872
5589000,1872
5589500,1873
5590000,1873
5590500,1872
5591000,1872
5591500,1872
5592000,1873
5592500,1872
5593001,1872
5593500,1871
5594001,1870
5594501,1872
5595000,1872
5595500,1872
5596000,1872
5596500,1871
5597001,1872
5597501,1873
5598000,1872
5598500,1872
5599000,1872
5599500,1872
5600001,1872
5600501,1875
5601000,1873
5601500,1872
5602001,1872
5602500,1874
5603000,1872
5603500,1872
5604000,1872
5604500,1872
5605001,1872
5605500,1872
5606001,1871
5606500,1872
5607001,1872
5607500,1872
5608000,1875
5608500,1872
5609001,1872
5609501,1873
5610000,1872
5610501,1872
5611000,1872
5611500,1872
5612001,1872
5612500,1872
5613000,1872
5613500,1874
5614000,1870
5614500,1873
5615000,1871
5615501,1872
5616000,1871
5616500,1872
5617000,1872
5617500,1872
5618000,1872
5618500,1872
5619001,1872
5619501,1871
5620000,1872
5620501,1872
5621000,1872
5621500,1872
5622001,1872
5622500,1872
5623000,1872
5623500,1872
5624001,1874
5624501,1872
5625000,1872
5625501,1872
5626000,1872
5626500,1872
5627001,1872
5627500,1872
5628001,1876
5628500,1871
5629000,1872
5629501,1873
5630000,1871
5630500,1872
5631001,1873
5631501,1872
5632000,1872
5632501,1872
5633000,1872
5633501,1872
5634000,1870
5634501,1871
5635000,1871
5635500,1872
5636000,1872
5636500,1872
5637000,1872
5637501,1872
5638000,1872
5638500,1872
5639001,1872
5639500,1872
5640001,1873
5640501,1872
5641000,1872
5641500,1872
5642000,1876
5642500,1872
5643000,1874
5643501,1872
5644000,1875
5644500,1872
5645000,1872
5645500,1872
5646001,1872
5646501,1872
5647000,1872
5647501,1872
5648000,1872
5648501,1872
5649000,1872
5649500,1872
5650001,1872
5650501,1873
5651000,1871
5651500,1872
5652000,1872
5652500,1872
5653000,1872
5653500,1873
5654000,1872
5654501,1872
5655000,1872
5655501,1872
5656000,1872
5656500,1872
5657000,1873
5657500,1872
5658000,1872
5658500,1872
5659000,1872
5659500,1872
5660000,1872
5660500,1872
5661000,1872
5661500,1872
5662000,1872
5662500,1871
5663001,1872
5663500,1874
5664001,1873
5664500,1872
5665001,1872
5665500,1872
5666001,1871
5666500,1872
5667001,1872
5667500,1871
5668000,1870
5668500,1872
5669000,1871
5669500,1872
5670000,1872
5670500,1872
5671000,1872
5671500,1872
5672001,1872
5672500,1877
5673000,1872
5673501,1872
5674000,1874
5674500,1873
5675000,1872
5675500,1872
5676000,1875
5676500,1873
5677000,1873
5677501,1872
5678000,1871
5678501,1872
5679000,1872
5679501,1872
5680000,1872
5680500,1872
5681000,1872
5681501,1873
5682000,1872
5682500,1872
5683001,1872
5683500,1872
5684000,1872
5684500,1873
5685001,1872
5685500,1871
5686000,1872
5686500,1872
5687000,1871
5687501,1872
5688000,1872
5688500,1873
5689000,1872
5689500,1872
5690000,1874
5690500,1872
5691000,1872
5691500,1873
5692001,1871
5692500,1872
5693000,1872
5693500,1872
5694000,1873
5694501,1875
5695000,1872
5695501,1872
5696000,1872
5696501,1872
5697000,1872
5697501,1872
5698000,1870
5698500,1870
5699000,1872
5699501,1873
5700000,1872
5700500,1872
5701000,1872
5701500,1872
5702000,1873
5702501,1872
5703000,1872
5703501,1876
5704000,1873
5704500,1872
5705000,1873
5705500,1872
5706000,1872
5706500,1872
5707001,1872
5707501,1872
5708000,1873
5708500,1872
5709001,1871
5709500,1871
5710000,1872
5710500,1872
5711000,1872
5711500,1872
5712000,1873
5712500,1872
5713000,1872
5713500,1872
5714000,1875
5714500,1871
5715000,1873
5715500,1872
5716001,1873
5716501,1872
5717000,1872
5717500,1872
5718000,1874
5718500,1873
5719001,1872
5719500,1872
5720000,1872
5720500,1872
5721000,1875
5721500,1873
5722001,1872
5722501,1874
5723000,1872
5723500,1873
5724000,1874
5724500,1871
5725001,1872
5725501,1874
5726000,1872
5726500,1872
5727000,1872
5727500,1872
5728000,1872
5728500,1875
5729000,1872
5729500,1871
5730000,1872
5730500,1872
5731000,1872
5731500,1872
5732000,1872
5732501,1872
5733000,1872
5733501,1872
5734000,1872
5734500,1872
5735000,1872
5735501,1874
5736000,1872
5736501,1872
5737000,1873
5737500,1872
5738000,1872
5738501,1872
5739000,1871
5739500,1872
5740000,1875
5740500,1873
5741000,1873
5741501,1872
5742000,1873
5742500,1872
5743000,1872
5743500,1871
5744000,1872
5744501,1872
5745000,1873
5745500,1871
5746000,1873
5746500,1872
5747000,1873
5747500,1872
5748001,1872
5748500,1872
5749000,1873
5749500,1873
5750001,1872
5750500,1872
5751000,1873
5751500,1872
5752001,1871
5752500,1871
5753001,1872
5753500,1870
5754001,1873
5754500,1872
5755000,1872
5755500,1872
5756000,1873
5756500,1873
5757001,1872
5757500,1872
5758001,1872
5758501,1875
5759000,1871
5759501,1873
5760000,1872
5760500,1872
5761000,1872
5761500,1873
5762001,1872
5762501,1872
5763000,1872
5763500,1871
5764000,1874
5764500,1872
5765001,1871
5765500,1872
5766001,1874
5766501,1872
5767000,1872
5767501,1872
5768000,1873
5768501,1873
5769000,1872
5769500,1872
5770001,1872
5770501,1873
5771000,1872
5771500,1872
5772000,1872
5772500,1872
5773001,1871
5773500,1872
5774000,1872
5774501,1873
5775000,1872
5775500,1872
5776000,1872
5776500,1872
5777000,1871
5777500,1872
5778000,1867
5778500,1872
5779000,1872
5779501,1873
5780000,1872
5780500,1872
5781001,1874
5781500,1873
5782000,1872
5782500,1874
5783000,1873
5783501,1872
5784000,1872
5784501,1872
5785000,1872
5785500,1872
5786000,1874
5786500,1872
5787000,1872
5787501,1873
5788000,1870
5788501,1872
5789000,1872
5789500,1872
5790000,1872
5790501,1872
5791000,1872
5791500,1873
5792000,1872
5792501,1873
5793000,1872
5793501,1872
5794000,1872
5794500,1872
5795000,1872
5795500,1872
5796001,1872
5796500,1873
5797000,1872
5797500,1872
5798000,1872
5798500,1874
5799000,1875
5799501,1872
5800000,1873
5800501,1872
5801000,1872
5801500,1872
5802000,1872
5802501,1870
5803000,1872
5803501,1872
5804000,1872
5804500,1872
5805001,1872
5805501,1872
5806000,1872
5806500,1872
5807000,1872
5807500,1871
5808000,1871
5808501,1872
5809000,1872
5809500,1872
5810001,1873
5810501,1872
5811000,1875
5811501,1872
5812000,1872
5812500,1872
5813001,1872
5813500,1875
5814000,1870
5814500,1872
5815000,1872
5815500,1872
5816001,1872
5816500,1872
5817001,1871
5817501,1873
5818000,1872
5818500,1872
5819000,1873
5819500,1871
5820000,1874
5820501,1872
5821000,1872
5821501,1872
5822000,1872
5822501,1872
5823000,1872
5823500,1874
5824001,1872
5824500,1874
5825000,1872
5825500,1872
5826000,1872
5826500,1872
5827000,1872
5827500,1872
5828001,1872
5828500,1872
5829001,1872
5829500,1872
5830001,1873
5830500,1872
5831001,1874
5831500,1872
5832000,1871
5832500,1872
5833001,1874
5833500,1873
5834000,1870
5834500,1872
5835000,1872
5835500,1872
5836000,1872
5836500,1872
5837000,1872
5837500,1872
5838001,1871
5838500,1872
5839000,1872
5839500,1873
5840001,1872
5840500,1872
5841000,1874
5841500,1873
5842000,1872
5842500,1872
5843001,1872
5843501,1872
5844000,1872
5844501,1872
5845000,1872
5845501,1871
5846000,1873
5846500,1872
5847000,1873
5847500,1873
5848000,1872
5848500,1872
5849001,1872
5849500,1875
5850001,1872
5850500,1872
5851001,1872
5851500,1873
5852000,1872
5852501,1874
5853000,1873
5853501,1872
5854000,1872
5854501,1873
5855000,1872
5855501,1872
5856000,1872
5856500,1872
5857001,1873
5857501,1872
5858000,1872
5858500,1873
5859001,1871
5859501,1872
5860000,1870
5860500,1872
5861000,1873
5861501,1872
5862000,1872
5862501,1870
5863000,1872
5863501,1872
5864000,1873
5864500,1872
5865001,1873
5865501,1872
5866000,1872
5866500,1872
5867000,1872
5867501,1872
5868000,1873
5868500,1874
5869001,1872
5869500,1872
5870000,1872
5870500,1872
5871001,1872
5871500,1873
5872001,1873
5872501,1872
5873000,1872
5873500,1873
5874001,1875
5874501,1872
5875000,1872
5875500,1872
5876000,1872
5876500,1871
5877001,1872
5877500,1872
5878000,1871
5878500,1872
5879000,1872
5879500,1872
5880001,1872
5880500,1871
5881001,1872
5881501,1872
5882000,1872
5882500,1872
5883001,1871
5883500,1872
5884000,1872
5884500,1870
5885000,1869
5885500,1872
5886000,1872
5886500,1872
5887000,1872
5887500,1874
5888001,1872
5888501,1872
5889000,1872
5889500,1872
5890000,1872
5890501,1872
5891000,1873
5891501,1873
5892000,1873
5892501,1872
5893000,1871
5893500,1872
5894000,1871
5894500,1872
5895000,1872
5895501,1872
5896000,1872
5896501,1873
5897000,1872
5897500,1872
5898001,1872
5898500,1870
5899000,1872
5899500,1871
5900000,1871
5900500,1872
5901000,1872
5901500,1872
5902001,1872
5902501,1872
5903000,1873
5903500,1872
5904001,1872
5904501,1871
5905000,1871
5905501,1875
5906000,1875
5906500,1872
5907001,1872
5907501,1872
5908000,1872
5908500,1875
5909000,1872
5909500,1873
5910001,1872
5910500,1872
5911001,1872
5911500,1872
5912001,1871
5912500,1873
5913001,1871
5913500,1873
5914000,1872
5914500,1872
5915000,1872
5915500,1872
5916000,1871
5916500,1872
5917001,1872
5917500,1871
5918001,1875
5918500,1872
5919001,1872
5919500,1872
5920001,1872
5920500,1872
5921000,1872
5921500,1872
5922000,1872
5922500,1872
5923001,1872
5923500,1872
5924000,1870
5924500,1871
5925000,1872
5925500,1872
5926000,1872
5926500,1874
5927000,1871
5927500,1872
5928001,1872
5928501,1872
5929000,1872
5929501,1873
5930000,1872
5930500,1874
5931000,1875
5931500,1872
5932000,1872
5932501,1872
5933000,1872
5933500,1872
5934000,1872
5934500,1873
5935001,1870
5935501,1872
5936000,1873
5936500,1872
5937000,1872
5937500,1874
5938000,1871
5938500,1872
5939000,1872
5939500,1875
5940000,1872
5940500,1872
5941001,1870
5941500,1872
5942001,1870
5942501,1872
5943000,1872
5943501,1872
5944000,1872
5944500,1873
5945001,1873
5945501,1872
5946000,1872
5946500,1872
5947001,1873
5947500,1871
5948000,1871
5948501,1873
5949000,1872
5949500,1871
5950001,1872
5950500,1872
5951001,1872
5951501,1873
5952000,1872
5952500,1870
5953000,1872
5953500,1872
5954000,1872
5954500,1872
5955001,1872
5955500,1872
5956000,1872
5956500,1872
5957001,1870
5957500,1872
5958000,1872
5958500,1874
5959000,1872
5959500,1872
5960001,1871
5960500,1871
5961001,1872
5961501,1872
5962000,1872
5962501,1872
5963000,1872
5963500,1873
5964000,1872
5964500,1872
5965000,1872
5965501,1872
5966000,1872
5966500,1870
5967001,1872
5967501,1872
5968000,1873
5968500,1872
5969000,1873
5969500,1872
5970000,1872
5970500,1873
5971000,1872
5971500,1872
5972001,1873
5972500,1872
5973001,1871
5973500,1873
5974001,1872
5974500,1875
5975001,1872
5975500,1872
5976000,1872
5976500,1871
5977000,1872
5977500,1873
5978000,1872
5978500,1872
5979000,1871
5979500,1873
5980001,1872
5980501,1872
5981000,1872
5981500,1872
5982001,1872
5982500,1872
5983000,1874
5983500,1871
5984001,1875
5984500,1873
5985001,1872
5985500,1873
5986000,1872
5986500,1873
5987000,1872
5987501,1873
5988000,1872
5988500,1872
5989001,1872
5989500,1872
5990000,1873
5990500,1872
5991001,1872
5991500,1872
5992000,1872
5992500,1872
5993001,1872
5993501,1872
5994000,1872
5994501,1872
5995000,1872
5995500,1872
5996000,1872
5996500,1872
5997001,1872
5997501,1872
5998000,1872
5998501,1873
5999000,1872
5999501,1872
6000000,1871
6000500,1872
6001000,1872
6001501,1872
6002000,1872
6002500,1872
6003001,1872
6003500,1873
6004001,1872
6004501,1874
6005000,1872
6005500,1872
6006001,1871
6006500,1872
6007000,1871
6007500,1873
6008001,1871
6008500,1872
6009001,1872
6009500,1872
6010000,1872
6010500,1873
6011001,1872
6011500,1872
6012000,1872
6012500,1872
6013001,1874
6013500,1873
6014001,1872
6014500,1872
6015001,1872
6015500,1872
6016000,1871
6016500,1871
6017000,1872
6017501,1872
6018000,1872
6018500,1874
6019001,1872
6019500,1873
6020001,1873
6020500,1877
6021001,1874
6021500,1873
6022001,1872
6022500,1872
6023000,1872
6023500,1872
6024001,1872
6024501,1872
6025000,1877
6025501,1872
6026000,1872
6026500,1871
6027001,1873
6027500,1872
6028001,1872
6028500,1871
6029000,1873
6029500,1869
6030000,1872
6030500,1872
6031000,1873
6031500,1872
6032000,1872
6032500,1869
6033000,1872
6033500,1873
6034000,1872
6034500,1875
6035000,1872
6035501,1872
6036000,1872
6036500,1872
6037000,1872
6037501,1872
6038000,1872
6038501,1871
6039000,1872
6039500,1872
6040001,1872
6040500,1872
6041001,1872
6041500,1873
6042001,1872
6042501,1872
6043000,1873
6043500,1872
6044000,1873
6044500,1872
6045001,1872
6045500,1873
6046000,1872
6046500,1872
6047001,1872
6047500,1872
6048000,1872
6048500,1872
6049000,1873
6049500,1873
6050000,1872
6050500,1872
6051001,1872
6051500,1872
6052000,1872
6052500,1874
6053000,1872
6053500,1872
6054001,1873
6054501,1875
6055000,1873
6055501,1873
6056000,1872
6056500,1873
6057000,1873
6057500,1873
6058001,1872
6058500,1873
6059001,1872
6059501,1872
6060000,1870
6060500,1871
6061000,1872
6061500,1872
6062000,1871
6062500,1872
6063000,1874
6063500,1874
6064001,1872
6064501,1871
6065000,1872
6065501,1872
6066000,1872
6066500,1872
6067000,1872
6067500,1872
6068000,1872
6068500,1872
6069000,1872
6069500,1869
6070000,1872
6070500,1873
6071000,1872
6071500,1872
6072000,1871
6072500,1871
6073000,1872
6073500,1872
6074000,1872
6074500,1872
6075001,1872
6075500,1872
6076000,1872
6076500,1871
6077000,1873
6077500,1872
6078000,1872
6078500,1875
6079000,1872
6079500,1872
6080001,1872
6080500,1871
6081000,1872
6081500,1872
6082001,1872
6082501,1873
6083000,1873
6083500,1872
6084001,1872
6084500,1872
6085001,1873
6085500,1872
6086001,1871
6086500,1872
6087000,1872
6087500,1872
6088000,1872
6088500,1872
6089000,1872
6089501,1872
6090000,1872
6090500,1871
6091000,1872
6091500,1872
6092001,1871
6092500,1873
6093000,1872
6093500,1872
6094001,1872
6094501,1874
6095000,1870
6095501,1874
6096000,1872
6096500,1871
6097001,1872
6097501,1872
6098000,1872
6098500,1872
6099001,1872
6099500,1872
6100001,1872
6100501,1873
6101000,1873
6101501,1872
6102000,1872
6102500,1872
6103000,1872
6103500,1872
6104001,1872
6104501,1873
6105000,1873
6105500,1872
6106001,1872
6106500,1873
6107001,1872
6107500,1872
6108000,1874
6108500,1872
6109001,1873
6109501,1873
6110000,1872
6110501,1872
6111000,1875
6111500,1872
6112000,1872
6112500,1872
6113000,1872
6113500,1872
6114001,1873
6114500,1872
6115000,1872
6115500,1872
6116000,1872
6116501,1872
6117000,1872
6117501,1872
6118000,1872
6118500,1872
6119001,1875
6119501,1873
6120000,1872
6120501,1873
6121000,1872
6121501,1871
6122000,1872
6122501,1872
6123000,1872
6123501,1872
6124000,1872
6124500,1872
6125000,1872
6125501,1871
6126000,1872
6126500,1874
6127000,1872
6127500,1874
6128001,1872
6128500,1872
6129000,1872
6129500,1871
6130000,1870
6130500,1872
6131000,1871
6131501,1874
6132000,1872
6132500,1872
6133000,1872
6133500,1872
6134001,1872
6134500,1873
6135000,1871
6135500,1872
6136001,1872
6136500,1872
6137001,1872
6137500,1873
6138001,1872
6138500,1873
6139001,1873
6139501,1874
6140000,1872
6140501,1872
6141000,1872
6141500,1872
6142000,1871
6142500,1872
6143001,1872
6143500,1872
6144000,1872
6144500,1872
6145000,1872
6145501,1872
6146000,1872
6146500,1876
6147000,1872
6147500,1872
6148000,1872
6148500,1872
6149001,1873
6149500,1872
6150001,1872
6150500,1872
6151001,1872
6151500,1871
6152001,1872
6152500,1872
6153000,1876
6153500,1872
6154000,1872
6154500,1872
6155000,1872
6155500,1872
6156000,1872
6156500,1871
6157001,1872
6157500,1871
6158000,1872
6158500,1873
6159000,1872
6159500,1873
6160001,1872
6160500,1873
6161000,1872
6161500,1872
6162001,1872
6162500,1873
6163000,1872
6163500,1872
6164000,1872
6164500,1876
6165001,1872
6165501,1872
6166000,1872
6166500,1872
6167000,1872
6167500,1872
6168000,1871
6168500,1872
6169000,1873
6169500,1872
6170001,1872
6170501,1869
6171000,1873
6171501,1872
6172000,1872
6172500,1874
6173001,1872
6173500,1872
6174000,1872
6174501,1875
6175000,1872
6175500,1873
6176001,1872
6176500,1872
6177000,1872
6177500,1872
6178000,1872
6178501,1874
6179000,1872
6179501,1872
6180000,1871
6180501,1872
6181000,1873
6181500,1872
6182000,1872
6182500,1872
6183000,1872
6183500,1872
6184000,1872
6184500,1874
6185001,1872
6185500,1872
6186001,1872
6186500,1872
6187000,1872
6187500,1873
6188000,1872
6188500,1872
6189000,1872
6189500,1873
6190001,1871
6190500,1872
6191001,1872
6191500,1872
6192000,1870
6192501,1872
6193000,1873
6193500,1874
6194000,1872
6194500,1871
6195001,1872
6195501,1872
6196000,1872
6196500,1873
6197000,1872
6197500,1875
6198000,1872
6198500,1873
6199001,1872
6199501,1872
6200000,1872
6200500,1873
6201000,1872
6201500,1873
6202001,1872
6202500,1873
6203001,1872
6203500,1872
6204000,1872
6204500,1873
6205001,1872
6205501,1872
6206000,1872
6206501,1872
6207000,1872
6207500,1873
6208000,1869
6208500,1872
6209000,1872
6209501,1872
6210000,1872
6210500,1872
6211001,1872
6211501,1872
6212000,1872
6212500,1872
6213000,1871
6213501,1872
6214000,1872
6214501,1870
6215000,1872
6215500,1874
6216000,1871
6216501,1872
6217000,1872
6217500,1872
6218000,1871
6218500,1872
6219000,1873
6219500,1873
6220001,1872
6220501,1867
6221000,1872
6221500,1872
6222000,1872
6222500,1875
6223000,1872
6223501,1872
6224000,1872
6224500,1872
6225000,1871
6225500,1870
6226001,1872
6226501,1872
6227000,1872
6227501,1872
6228000,1872
6228500,1872
6229001,1873
6229500,1873
6230000,1873
6230500,1872
6231000,1872
6231500,1872
6232000,1872
6232500,1872
6233000,1871
6233500,1872
6234001,1872
6234500,1872
6235001,1872
6235500,1872
6236001,1872
6236501,1872
6237000,1872
6237500,1872
6238001,1872
6238500,1872
6239001,1872
6239500,1872
6240000,1872
6240500,1874
6241001,1872
6241500,1872
6242001,1872
6242500,1874
6243001,1874
6243500,1873
6244000,1872
6244500,1871
6245001,1872
6245500,1872
6246001,1873
6246501,1872
6247000,1872
6247500,1874
6248000,1872
6248500,1875
6249000,1872
6249500,1873
6250000,1873
6250500,1872
6251001,1872
6251500,1872
6252000,1872
6252500,1872
6253000,1872
6253500,1872
6254000,1872
6254500,1871
6255001,1871
6255500,1872
6256001,1871
6256500,1873
6257000,1872
6257500,1872
6258001,1872
6258500,1873
6259001,1875
6259501,1872
6260000,1873
6260500,1872
6261000,1873
6261501,1872
6262000,1872
6262501,1872
6263000,1871
6263501,1874
6264000,1872
6264500,1873
6265001,1872
6265500,1872
6266000,1872
6266500,1872
6267000,1875
6267501,1872
6268000,1872
6268500,1876
6269001,1872
6269500,1872
6270000,1872
6270500,1877
6271000,1872
6271500,1872
6272000,1872
6272500,1875
6273000,1872
6273500,1872
6274000,1873
6274500,1872
6275000,1872
6275500,1873
6276001,1872
6276500,1872
6277000,1872
6277500,1872
6278000,1870
6278500,1872
6279000,1872
6279500,1871
6280000,1872
6280500,1873
6281000,1874
6281501,1872
6282000,1871
6282501,1873
6283000,1872
6283501,1873
6284000,1872
6284500,1872
6285001,1872
6285500,1873
6286000,1872
6286500,1872
6287000,1872
6287500,1872
6288000,1875
6288501,1872
6289000,1872
6289500,1873
6290000,1871
6290501,1872
6291000,1873
6291501,1873
6292000,1874
6292500,1873
6293000,1872
6293500,1872
6294001,1872
6294500,1874
6295000,1872
6295500,1872
6296000,1874
6296500,1872
6297001,1872
6297500,1873
6298001,1872
6298501,1874
6299000,1873
6299500,1872
6300001,1872
6300500,1872
6301001,1871
6301500,1872
6302000,1872
6302501,1871
6303000,1872
6303500,1869
6304000,1873
6304500,1872
6305000,1872
6305500,1872
6306001,1872
6306501,1872
6307000,1872
6307500,1872
6308000,1872
6308500,1872
6309000,1874
6309500,1872
6310000,1871
6310500,1875
6311000,1872
6311500,1873
6312000,1872
6312500,1872
6313000,1874
6313501,1873
6314000,1872
6314501,1871
6315000,1872
6315501,1872
6316000,1871
6316500,1874
6317000,1874
6317500,1872
6318001,1872
6318500,1876
6319001,1872
6319500,1872
6320001,1872
6320500,1872
6321001,1872
6321501,1873
6322000,1872
6322501,1872
6323000,1872
6323500,1872
6324000,1872
6324500,1874
6325000,1872
6325500,1872
6326000,1874
6326500,1873
6327001,1872
6327501,1872
6328000,1872
6328500,1872
6329000,1872
6329500,1873
6330001,1872
6330500,1872
6331000,1872
6331501,1872
6332000,1872
6332501,1872
6333000,1873
6333500,1872
6334000,1872
6334500,1867
6335000,1870
6335500,1872
6336000,1872
6336501,1872
6337000,1874
6337500,1872
6338000,1872
6338500,1874
6339000,1872
6339500,1872
6340000,1873
6340500,1873
6341000,1872
6341500,1872
6342000,1872
6342500,1872
6343000,1872
6343500,1872
6344001,1873
6344501,1875
6345000,1872
6345500,1872
6346001,1872
6346500,1872
6347000,1872
6347500,1873
6348001,1872
6348500,1872
6349000,1871
6349500,1872
6350000,1872
6350500,1873
6351000,1872
6351500,1872
6352000,1873
6352500,1872
6353000,1875
6353500,1873
6354000,1872
6354500,1872
6355000,1872
6355500,1873
6356000,1872
6356500,1877
6357000,1871
6357500,1872
6358001,1875
6358500,1873
6359001,1872
6359501,1872
6360000,1872
6360501,1872
6361000,1871
6361500,1872
6362000,1872
6362500,1872
6363000,1872
6363501,1872
6364000,1872
6364500,1872
6365001,1871
6365500,1872
6366001,1872
6366500,1871
6367001,1871
6367501,1872
6368000,1872
6368500,1873
6369001,1872
6369500,1872
6370000,1872
6370500,1873
6371000,1873
6371500,1873
6372000,1870
6372500,1871
6373001,1872
6373501,1870
6374000,1874
6374500,1873
6375000,1871
6375500,1872
6376001,1872
6376501,1872
6377000,1872
6377501,1872
6378000,1872
6378501,1872
6379000,1872
6379500,1872
6380000,1872
6380500,1871
6381000,1873
6381500,1872
6382000,1872
6382500,1872
6383000,1871
6383501,1872
6384000,1872
6384501,1873
6385000,1872
6385500,1872
6386000,1872
6386500,1873
6387001,1872
6387500,1872
6388000,1872
6388500,1872
6389000,1872
6389500,1872
6390000,1872
6390501,1872
6391000,1872
6391500,1872
6392000,1871
6392500,1872
6393001,1872
6393500,1874
6394001,1872
6394500,1872
6395001,1872
6395500,1872
6396000,1873
6396500,1872
6397001,1872
6397500,1875
6398000,1875
6398500,1873
6399000,1870
6399500,1872
6400000,1872
6400500,1872
6401000,1873
6401500,1872
6402000,1872
6402500,1871
6403000,1872
6403500,1872
6404001,1872
6404501,1873
6405000,1872
6405501,1872
6406000,1875
6406500,1872
6407001,1872
6407500,1872
6408001,1872
6408500,1872
6409001,1873
6409501,1873
6410000,1871
6410500,1872
6411000,1873
6411501,1872
6412000,1873
6412500,1871
6413001,1872
6413500,1872
6414000,1873
6414500,1874
6415000,1872
6415500,1872
6416001,1872
6416500,1872
6417001,1872
6417501,1872
6418000,1872
6418500,1872
6419000,1872
6419500,1872
6420000,1872
6420500,1872
6421001,1872
6421501,1873
6422000,1872
6422501,1872
6423000,1872
6423500,1872
6424000,1874
6424500,1872
6425001,1874
6425501,1872
6426000,1872
6426500,1872
6427000,1872
6427500,1872
6428000,1872
6428501,1870
6429000,1873
6429500,1872
6430000,1872
6430500,1872
6431000,1872
6431500,1872
6432000,1872
6432500,1872
6433000,1873
6433501,1871
6434000,1872
6434500,1872
6435000,1872
6435500,1872
6436000,1874
6436501,1872
6437000,1872
6437501,1873
6438000,1873
6438500,1873
6439000,1872
6439501,1872
6440000,1872
6440501,1872
6441000,1872
6441501,1872
6442000,1874
6442500,1873
6443000,1871
6443500,1872
6444001,1871
6444501,1874
6445000,1872
6445500,1872
6446000,1873
6446500,1872
6447001,1872
6447501,1872
6448000,1871
6448500,1872
6449001,1872
6449500,1871
6450001,1872
6450500,1872
6451000,1872
6451500,1875
6452000,1872
6452500,1872
6453000,1872
6453500,1874
6454000,1874
6454500,1874
6455001,1872
6455500,1872
6456000,1872
6456501,1872
6457000,1872
6457500,1872
6458000,1872
6458500,1872
6459001,1872
6459500,1872
6460000,1872
6460500,1874
6461001,1872
6461500,1872
6462000,1872
6462501,1873
6463000,1872
6463500,1872
6464000,1872
6464500,1872
6465000,1872
6465500,1872
6466000,1872
6466501,1873
6467000,1872
6467500,1873
6468000,1872
6468500,1872
6469000,1872
6469500,1872
6470001,1872
6470500,1872
6471001,1871
6471500,1872
6472000,1872
6472500,1872
6473001,1872
6473501,1872
6474000,1874
6474500,1872
6475000,1872
6475500,1872
6476000,1870
6476500,1872
6477001,1872
6477500,1872
6478000,1872
6478500,1872
6479000,1872
6479500,1872
6480000,1874
6480500,1871
6481000,1872
6481501,1872
6482000,1872
6482501,1872
6483000,1873
6483500,1872
6484000,1872
6484500,1872
6485001,1872
6485500,1874
6486000,1871
6486500,1872
6487000,1872
6487500,1872
6488001,1872
6488500,1872
6489000,1872
6489500,1871
6490000,1871
6490500,1875
6491000,1872
6491500,1872
6492000,1872
6492500,1871
6493000,1867
6493501,1872
6494000,1872
6494500,1872
6495001,1872
6495501,1872
6496000,1872
6496500,1872
6497000,1872
6497500,1872
6498000,1872
6498500,1871
6499000,1872
6499500,1872
6500001,1872
6500500,1874
6501000,1872
6501500,1871
6502001,1872
6502501,1872
6503000,1871
6503500,1872
6504000,1874
6504500,1872
6505001,1872
6505500,1872
6506000,1872
6506500,1874
6507000,1872
6507500,1872
6508000,1872
6508500,1872
6509000,1872
6509500,1872
6510000,1872
6510500,1872
6511000,1872
6511500,1873
6512000,1872
6512500,1873
6513001,1872
6513500,1873
6514000,1872
6514500,1872
6515001,1875
6515501,1872
6516000,1872
6516500,1874
6517001,1873
6517500,1872
6518001,1874
6518500,1872
6519001,1874
6519501,1872
6520000,1871
6520500,1872
6521000,1872
6521501,1873
6522000,1872
6522500,1872
6523000,1874
6523501,1873
6524000,1872
6524500,1871
6525000,1873
6525500,1872
6526000,1874
6526500,1872
6527000,1872
6527500,1872
6528000,1872
6528500,1872
6529000,1873
6529501,1872
6530000,1873
6530500,1874
6531000,1872
6531501,1872
6532000,1872
6532500,1873
6533001,1873
6533500,1872
6534000,1873
6534501,1872
6535000,1874
6535501,1875
6536000,1872
6536501,1872
6537000,1872
6537500,1872
6538000,1872
6538500,1872
6539000,1873
6539500,1872
6540001,1872
6540501,1872
6541000,1872
6541501,1873
6542000,1871
6542500,1872
6543000,1872
6543501,1872
6544000,1872
6544500,1872
6545001,1872
6545501,1872
6546000,1872
6546500,1872
6547000,1873
6547500,1872
6548000,1871
6548500,1872
6549000,1872
6549500,1872
6550000,1873
6550500,1872
6551000,1873
6551500,1872
6552000,1872
6552501,1872
6553000,1872
6553501,1872
6554000,1871
6554500,1872
6555001,1872
6555501,1872
6556000,1873
6556500,1872
6557001,1872
6557500,1872
6558001,1872
6558501,1875
6559000,1873
6559500,1872
6560000,1871
6560500,1872
6561000,1873
6561501,1872
6562000,1872
6562501,1873
6563000,1872
6563500,1873
6564000,1872
6564500,1872
6565000,1872
6565500,1872
6566001,1873
6566500,1872
6567000,1872
6567500,1872
6568001,1872
6568500,1872
6569000,1872
6569500,1872
6570001,1872
6570500,1872
6571001,1872
6571501,1872
6572000,1872
6572501,1872
6573000,1873
6573500,1872
6574000,1871
6574500,1872
6575001,1872
6575500,1875
6576001,1872
6576500,1872
6577001,1874
6577500,1873
6578000,1872
6578500,1872
6579000,1872
6579500,1872
6580001,1872
6580500,1872
6581001,1872
6581501,1873
6582000,1872
6582500,1872
6583001,1873
6583500,1872
6584000,1872
6584500,1873
6585000,1872
6585500,1872
6586001,1872
6586500,1872
6587001,1872
6587500,1873
6588000,1872
6588500,1872
6589000,1877
6589500,1872
6590001,1872
6590500,1872
6591000,1872
6591500,1874
6592000,1873
6592500,1872
6593001,1873
6593501,1872
6594000,1873
6594500,1872
6595001,1872
6595500,1872
6596001,1872
6596500,1873
6597001,1873
6597501,1873
6598000,1873
6598500,1873
6599000,1872
6599501,1873
6600000,1873
6600501,1875
6601000,1874
6601501,1872
6602000,1872
6602500,1872
6603001,1873
6603500,1872
6604000,1871
6604500,1872
6605000,1871
6605501,1872
6606000,1873
6606501,1872
6607000,1872
6607500,1872
6608000,1873
6608501,1873
6609000,1872
6609500,1872
6610001,1872
6610500,1872
6611001,1872
6611501,1872
6612000,1873
6612500,1872
6613000,1871
6613500,1872
6614000,1869
6614500,1872
6615000,1872
6615501,1871
6616000,1872
6616500,1872
6617001,1873
6617501,1873
6618000,1872
6618500,1872
6619000,1872
6619500,1872
6620001,1871
6620500,1873
6621001,1873
6621501,1873
6622000,1872
6622501,1874
6623000,1874
6623501,1874
6624000,1872
6624501,1871
6625000,1873
6625500,1872
6626001,1873
6626500,1872
6627000,1872
6627500,1872
6628000,1872
6628501,1872
6629000,1872
6629500,1872
6630001,1871
6630500,1872
6631001,1873
6631500,1871
6632000,1872
6632500,1872
6633001,1872
6633500,1872
6634001,1872
6634500,1874
6635001,1872
6635500,1872
6636001,1872
6636501,1872
6637000,1872
6637500,1872
6638000,1872
6638500,1874
6639000,1872
6639500,1872
6640000,1874
6640500,1873
6641001,1872
6641500,1872
6642001,1871
6642501,1874
6643000,1872
6643500,1873
6644001,1872
6644501,1872
6645000,1872
6645500,1872
6646001,1872
6646501,1872
6647000,1873
6647500,1872
6648001,1872
6648500,1873
6649000,1871
6649500,1872
6650000,1872
6650500,1872
6651001,1872
6651501,1872
6652000,1872
6652500,1872
6653001,1872
6653500,1872
6654001,1872
6654500,1872
6655001,1872
6655500,1873
6656000,1872
6656500,1872
6657000,1872
6657500,1872
6658000,1872
6658501,1872
6659000,1872
6659500,1874
6660000,1872
6660501,1872
6661000,1871
6661500,1872
6662000,1872
6662500,1875
6663001,1871
6663500,1872
6664000,1872
6664500,1872
6665000,1871
6665500,1872
6666000,1872
6666501,1873
6667000,1872
6667500,1875
6668000,1872
6668500,1872
6669001,1872
6669500,1872
6670000,1873
6670500,1872
6671001,1872
6671500,1873
6672000,1872
6672501,1872
6673000,1872
6673500,1872
6674001,1872
6674500,1874
6675001,1872
6675501,1872
6676000,1872
6676500,1873
6677000,1872
6677500,1872
6678001,1875
6678501,1872
6679000,1872
6679500,1873
6680000,1872
6680501,1872
6681000,1872
6681501,1872
6682000,1872
6682501,1872
6683000,1871
6683501,1872
6684000,1872
6684500,1871
6685000,1872
6685500,1874
6686000,1872
6686500,1872
6687001,1872
6687501,1872
6688000,1871
6688500,1872
6689000,1872
6689500,1871
6690000,1872
6690501,1872
6691000,1872
6691501,1872
6692000,1872
6692500,1872
6693001,1872
6693501,1872
6694000,1872
6694500,1872
6695000,1873
6695500,1873
6696000,1872
6696500,1872
6697000,1871
6697500,1872
6698001,1870
6698500,1871
6699001,1872
6699500,1871
6700000,1872
6700501,1871
6701000,1872
6701500,1872
6702000,1872
6702500,1872
6703001,1872
6703500,1872
6704000,1871
6704500,1872
6705000,1872
6705500,1872
6706001,1872
6706500,1871
6707000,1872
6707501,1872
6708000,1872
6708501,1872
6709000,1872
6709500,1872
6710001,1873
6710500,1873
6711000,1872
6711501,1873
6712000,1872
6712500,1872
6713000,1873
6713500,1872
6714000,1874
6714500,1871
6715000,1872
6715501,1872
6716000,1872
6716500,1872
6717001,1872
6717501,1872
6718000,1872
6718500,1872
6719000,1870
6719500,1872
6720001,1872
6720501,1871
6721000,1872
6721500,1872
6722001,1872
6722500,1872
6723001,1872
6723501,1872
6724000,1872
6724501,1872
6725000,1872
6725500,1874
6726000,1875
6726501,1873
6727000,1872
6727500,1872
6728001,1872
6728500,1872
6729000,1872
6729500,1872
6730000,1872
6730500,1872
6731000,1871
6731500,1874
6732000,1872
6732500,1872
6733000,1873
6733500,1872
6734000,1872
6734501,1872
6735000,1872
6735500,1871
6736000,1872
6736500,1872
6737001,1872
6737500,1872
6738000,1872
6738501,1872
6739000,1872
6739501,1872
6740000,1871
6740501,1872
6741000,1872
6741501,1869
6742000,1872
6742501,1872
6743000,1872
6743500,1872
6744000,1872
6744500,1872
6745001,1872
6745501,1872
6746000,1872
6746500,1874
6747001,1871
6747501,1873
6748000,1873
6748500,1872
6749000,1873
6749500,1871
6750001,1872
6750501,1872
6751000,1872
6751501,1872
6752000,1872
6752500,1872
6753000,1873
6753500,1872
6754000,1871
6754500,1873
6755000,1872
6755501,1872
6756000,1873
6756501,1872
6757000,1873
6757500,1872
6758001,1873
6758500,1872
6759000,1872
6759501,1872
6760000,1874
6760501,1872
6761000,1872
6761500,1872
6762000,1872
6762501,1872
6763000,1873
6763500,1872
6764000,1872
6764500,1872
6765001,1873
6765500,1872
6766001,1871
6766501,1873
6767000,1875
6767500,1872
6768000,1873
6768500,1872
6769000,1870
6769500,1872
6770000,1872
6770500,1872
6771001,1873
6771500,1872
6772001,1872
6772501,1871
6773000,1873
6773500,1872
6774000,1871
6774501,1872
6775000,1872
6775500,1872
6776000,1872
6776501,1872
6777000,1873
6777501,1872
6778000,1872
6778501,1872
6779000,1872
6779501,1872
6780000,1873
6780500,1873
6781001,1872
6781500,1872
6782001,1873
6782500,1872
6783001,1872
6783500,1871
6784001,1872
6784501,1872
6785000,1872
6785501,1874
6786000,1871
6786500,1872
6787000,1873
6787500,1872
6788001,1872
6788501,1872
6789000,1873
6789501,1872
6790000,1872
6790501,1872
6791000,1872
6791500,1872
6792001,1873
6792500,1871
6793001,1872
6793500,1872
6794000,1872
6794500,1872
6795000,1872
6795500,1872
6796000,1872
6796500,1873
6797000,1872
6797500,1873
6798001,1873
6798501,1872
6799000,1872
6799501,1872
6800000,1872
6800501,1873
6801000,1872
6801501,1872
6802000,1872
6802501,1872
6803000,1872
6803500,1873
6804000,1872
6804500,1872
6805001,1872
6805500,1872
6806001,1872
6806501,1873
6807000,1872
6807500,1871
6808000,1872
6808500,1872
6809001,1872
6809500,1872
6810001,1872
6810500,1872
6811000,1872
6811500,1872
6812000,1872
6812500,1871
6813001,1873
6813500,1873
6814000,1872
6814500,1872
6815000,1873
6815500,1870
6816001,1873
6816500,1872
6817000,1875
6817500,1872
6818001,1872
6818500,1872
6819001,1872
6819500,1872
6820000,1872
6820500,1872
6821000,1872
6821500,1873
6822001,1872
6822500,1872
6823001,1873
6823500,1872
6824000,1872
6824501,1872
6825000,1872
6825500,1872
6826001,1871
6826500,1871
6827000,1872
6827500,1874
6828001,1872
6828500,1872
6829001,1873
6829500,1872
6830000,1872
6830500,1872
6831000,1872
6831500,1872
6832000,1872
6832500,1872
6833001,1874
6833500,1872
6834000,1872
6834500,1874
6835001,1871
6835501,1872
6836000,1872
6836501,1873
6837000,1872
6837500,1872
6838001,1872
6838501,1872
6839000,1874
6839501,1872
6840000,1872
6840501,1872
6841000,1873
6841501,1872
6842000,1872
6842500,1872
6843000,1872
6843500,1872
6844000,1872
6844500,1872
6845000,1873
6845501,1874
6846000,1872
6846500,1872
6847001,1872
6847501,1872
6848000,1872
6848500,1872
6849000,1873
6849500,1871
6850001,1872
6850500,1870
6851000,1872
6851500,1872
6852001,1873
6852501,1872
6853000,1873
6853500,1872
6854000,1872
6854500,1872
6855000,1872
6855500,1875
6856000,1872
6856500,1872
6857000,1872
6857501,1872
6858000,1873
6858501,1872
6859000,1872
6859500,1873
6860000,1872
6860500,1872
6861000,1873
6861500,1871
6862001,1872
6862500,1872
6863000,1872
6863500,1872
6864000,1872
6864500,1872
6865001,1871
6865500,1872
6866000,1872
6866500,1872
6867000,1870
6867500,1872
6868000,1872
6868501,1872
6869000,1872
6869500,1874
6870001,1874
6870501,1872
6871000,1871
6871501,1872
6872000,1872
6872500,1873
6873000,1872
6873501,1872
6874000,1872
6874501,1872
6875000,1872
6875500,1872
6876000,1872
6876500,1872
6877000,1873
6877500,1873
6878000,1872
6878500,1872
6879001,1871
6879500,1873
6880000,1871
6880500,1873
6881001,1871
6881500,1873
6882001,1871
6882501,1872
6883000,1873
6883500,1872
6884001,1871
6884501,1872
6885000,1872
6885500,1872
6886000,1872
6886501,1872
6887000,1873
6887501,1872
6888000,1872
6888500,1872
6889001,1876
6889500,1872
6890000,1872
6890500,1872
6891001,1872
6891501,1872
6892000,1872
6892500,1872
6893000,1874
6893501,1873
6894000,1872
6894500,1872
6895001,1875
6895500,1872
6896000,1872
6896501,1871
6897000,1872
6897500,1874
6898000,1872
6898500,1872
6899000,1872
6899500,1871
6900001,1872
6900500,1872
6901001,1869
6901501,1870
6902000,1871
6902501,1872
6903000,1872
6903500,1872
6904000,1872
6904500,1872
6905000,1873
6905500,1872
6906000,1873
6906500,1872
6907001,1871
6907500,1872
6908001,1872
6908501,1872
6909000,1872
6909500,1872
6910001,1872
6910500,1872
6911001,1873
6911500,1873
6912001,1872
6912500,1873
6913000,1872
6913500,1872
6914000,1872
6914500,1872
6915000,1872
6915500,1872
6916000,1871
6916500,1872
6917000,1871
6917500,1872
6918001,1872
6918501,1869
6919000,1872
6919501,1872
6920000,1872
6920501,1872
6921000,1872
6921500,1874
6922000,1871
6922500,1870
6923000,1872
6923500,1872
6924001,1872
6924501,1872
6925000,1870
6925501,1872
6926000,1873
6926500,1872
6927000,1873
6927500,1873
6928000,1872
6928500,1872
6929001,1872
6929501,1874
6930000,1871
6930500,1872
6931000,1872
6931501,1872
6932000,1872
6932500,1872
6933000,1872
6933500,1876
6934001,1872
6934500,1872
6935001,1874
6935500,1872
6936001,1872
6936500,1872
6937000,1872
6937500,1872
6938001,1872
6938500,1872
6939000,1872
6939500,1874
6940001,1873
6940500,1872
6941000,1872
6941500,1872
6942001,1871
6942500,1872
6943001,1873
6943501,1872
6944000,1872
6944500,1872
6945000,1870
6945500,1872
6946000,1872
6946500,1872
6947001,1875
6947500,1872
6948001,1872
6948501,1872
6949000,1873
6949500,1872
6950001,1871
6950501,1873
6951000,1875
6951500,1872
6952001,1873
6952500,1872
6953000,1873
6953500,1872
6954000,1872
6954500,1872
6955000,1872
6955500,1874
6956000,1872
6956501,1872
6957000,1875
6957500,1872
6958000,1872
6958500,1872
6959001,1872
6959500,1872
6960001,1874
6960500,1872
6961000,1872
6961500,1869
6962000,1872
6962500,1872
6963000,1871
6963500,1871
6964000,1872
6964501,1871
6965000,1872
6965500,1872
6966001,1873
6966500,1872
6967000,1872
6967501,1872
6968000,1872
6968500,1872
6969001,1872
6969501,1871
6970000,1872
6970501,1873
6971000,1870
6971500,1872
6972000,1872
6972501,1872
6973000,1871
6973501,1874
6974000,1873
6974500,1872
6975001,1872
6975501,1872
6976000,1873
6976501,1872
6977000,1872
6977500,1871
6978000,1871
6978500,1871
6979000,1872
6979500,1872
6980000,1872
6980500,1872
6981001,1871
6981500,1872
6982000,1872
6982500,1874
6983000,1872
6983500,1872
6984001,1870
6984500,1872
6985000,1872
6985500,1872
6986000,1872
6986500,1872
6987001,1872
6987500,1871
6988001,1872
6988501,1872
6989000,1869
6989500,1870
6990000,1872
6990500,1873
6991000,1871
6991500,1872
6992000,1873
6992500,1872
6993001,1872
6993501,1872
6994000,1872
6994500,1872
6995000,1872
6995501,1873
6996000,1872
6996500,1873
6997001,1872
6997501,1872
6998000,1873
6998500,1872
6999000,1871
6999500,1874
7000001,1872
7000500,1872
7001001,1872
7001500,1872
7002001,1872
7002500,1872
7003001,1872
7003500,1871
7004000,1872
7004501,1872
7005000,1872
7005500,1874
7006001,1872
7006500,1873
7007001,1868
7007500,1870
7008001,1872
7008500,1870
7009000,1872
7009500,1871
7010001,1870
7010500,1872
7011000,1871
7011500,1872
7012001,1872
7012500,1872
7013000,1872
7013500,1873
7014001,1872
7014501,1872
7015000,1872
7015501,1872
7016000,1872
7016501,1872
7017000,1872
7017500,1872
7018000,1871
7018501,1872
7019000,1873
7019500,1872
7020001,1872
7020500,1872
7021000,1873
7021500,1872
7022000,1872
7022500,1872
7023000,1871
7023500,1872
7024001,1872
7024500,1872
7025001,1872
7025500,1872
7026000,1872
7026501,1872
7027000,1872
7027500,1872
7028000,1873
7028501,1871
7029000,1872
7029500,1871
7030000,1872
7030500,1872
7031000,1872
7031501,1872
7032000,1871
7032501,1871
7033000,1872
7033500,1872
7034000,1872
7034500,1872
7035000,1872
7035500,1872
7036000,1873
7036500,1873
7037000,1874
7037500,1873
7038001,1872
7038500,1870
7039001,1872
7039500,1872
7040000,1872
7040500,1872
7041001,1875
7041500,1871
7042001,1872
7042500,1872
7043000,1871
7043501,1872
7044000,1872
7044501,1872
7045000,1871
7045500,1871
7046000,1872
7046500,1872
7047001,1870
7047500,1872
7048001,1872
7048500,1871
7049000,1872
7049501,1872
7050000,1872
7050501,1872
7051000,1875
7051501,1872
7052000,1872
7052500,1872
7053001,1872
7053500,1871
7054001,1872
7054500,1872
7055000,1872
7055500,1872
7056001,1872
7056500,1873
7057000,1871
7057500,1872
7058000,1872
7058500,1872
7059000,1872
7059500,1873
7060000,1872
7060500,1872
7061000,1868
7061500,1871
7062001,1872
7062500,1871
7063000,1872
7063500,1874
7064001,1871
7064500,1872
7065000,1875
7065500,1876
7066001,1872
7066500,1872
7067000,1872
7067500,1872
7068000,1871
7068501,1872
7069000,1871
7069501,1872
7070000,1871
7070500,1872
7071001,1870
7071500,1873
7072001,1872
7072501,1872
7073000,1872
7073500,1872
7074000,1872
7074500,1872
7075001,1871
7075501,1870
7076000,1872
7076500,1872
7077000,1871
7077501,1873
7078000,1873
7078501,1871
7079000,1872
7079500,1872
7080000,1872
7080500,1872
7081001,1872
7081500,1874
7082000,1871
7082500,1872
7083000,1872
7083501,1872
7084000,1872
7084500,1873
7085000,1872
7085501,1872
7086000,1874
7086500,1872
7087000,1873
7087500,1872
7088000,1872
7088500,1872
7089000,1872
7089500,1872
7090000,1873
7090500,1870
7091000,1872
7091500,1871
7092001,1871
7092500,1872
7093000,1872
7093501,1872
7094000,1872
7094500,1872
7095001,1872
7095500,1872
7096000,1872
7096500,1870
7097001,1872
7097501,1870
7098000,1872
7098500,1872
7099000,1871
7099501,1873
7100000,1872
7100500,1873
7101001,1873
7101500,1872
7102001,1873
7102500,1872
7103000,1872
7103500,1871
7104001,1871
7104500,1872
7105000,1873
7105500,1872
7106000,1872
7106500,1872
7107000,1872
7107500,1872
7108001,1873
7108500,1872
7109001,1872
7109500,1872
7110000,1872
7110500,1872
7111000,1872
7111501,1872
7112000,1875
7112500,1872
7113000,1872
7113500,1872
7114001,1872
7114500,1873
7115000,1874
7115500,1872
7116001,1872
7116501,1872
7117000,1872
7117501,1872
7118000,1872
7118501,1872
7119000,1870
7119500,1871
7120000,1872
7120500,1872
7121001,1872
7121501,1872
7122000,1872
7122500,1872
7123000,1871
7123500,1872
7124001,1871
7124501,1872
7125000,1872
7125500,1873
7126001,1872
7126500,1872
7127001,1874
7127500,1872
7128000,1873
7128500,1872
7129001,1871
7129501,1872
7130000,1872
7130501,1873
7131000,1872
7131500,1872
7132001,1872
7132501,1872
7133000,1874
7133501,1873
7134000,1873
7134500,1872
7135001,1871
7135500,1872
7136001,1872
7136500,1872
7137000,1872
7137500,1872
7138001,1873
7138500,1872
7139001,1872
7139500,1872
7140000,1872
7140500,1872
7141000,1871
7141501,1872
7142000,1872
7142501,1872
7143000,1872
7143501,1873
7144000,1872
7144501,1872
7145000,1871
7145501,1873
7146000,1872
7146501,1872
7147000,1872
7147500,1874
7148000,1872
7148500,1872
7149000,1871
7149500,1872
7150001,1872
7150500,1872
7151001,1871
7151500,1872
7152000,1872
7152500,1872
7153000,1873
7153500,1872
7154000,1872
7154500,1872
7155001,1872
7155500,1872
7156000,1872
7156500,1873
7157001,1872
7157500,1872
7158000,1872
7158500,1871
7159000,1873
7159501,1872
7160000,1872
7160500,1872
7161000,1872
7161500,1872
7162001,1872
7162500,1872
7163001,1872
7163501,1872
7164000,1872
7164500,1871
7165000,1872
7165500,1872
7166001,1873
7166500,1870
7167000,1872
7167501,1872
7168000,1872
7168500,1873
7169000,1873
7169500,1872
7170001,1872
7170501,1871
7171000,1872
7171501,1872
7172000,1873
7172501,1872
7173000,1872
7173501,1872
7174000,1872
7174500,1872
7175000,1872
7175500,1872
7176001,1872
7176501,1872
7177000,1872
7177500,1872
7178000,1872
7178500,1872
7179000,1872
7179501,1872
7180000,1872
7180500,1872
7181000,1871
7181501,1872
7182000,1872
7182501,1872
7183000,1872
7183500,1873
7184000,1872
7184500,1872
7185000,1872
7185500,1872
7186000,1872
7186500,1872
7187000,1873
7187501,1872
7188000,1874
7188500,1872
7189000,1872
7189501,1872
7190000,1872
7190501,1872
7191000,1872
7191501,1872
7192000,1872
7192500,1873
7193000,1872
7193500,1874
7194000,1872
7194500,1872
7195001,1872
7195500,1872
7196001,1873
7196500,1872
7197001,1872
7197501,1872
7198000,1870
7198500,1872
7199001,1872
7199500,1872
7200001,1872
7200500,1872
7201000,1872
7201500,1872
7202000,1873
7202500,1872
7203000,1872
7203501,1871
7204000,1872
7204501,1872
7205000,1872
7205500,1872
7206000,1871
7206500,1872
7207000,1872
7207500,1872
7208000,1872
7208501,1872
7209000,1872
7209500,1872
7210000,1871
7210500,1873
7211001,1874
7211500,1873
7212000,1873
7212500,1872
7213001,1872
7213500,1872
7214001,1872
7214500,1872
7215001,1872
7215501,1872
7216000,1871
7216500,1872
7217000,1872
7217500,1872
7218000,1872
7218500,1872
7219001,1872
7219501,1872
7220000,1872
7220501,1873
7221000,1872
7221501,1873
7222000,1872
7222500,1873
7223001,1874
7223500,1872
7224001,1872
7224500,1872
7225000,1872
7225500,1872
7226000,1872
7226500,1872
7227001,1872
7227500,1872
7228001,1872
7228500,1872
7229000,1874
7229501,1873
7230000,1873
7230500,1874
7231000,1872
7231500,1872
7232000,1872
7232500,1872
7233001,1871
7233500,1872
7234001,1871
7234500,1873
7235001,1871
7235500,1872
7236001,1872
7236501,1872
7237000,1872
7237500,1873
7238001,1873
7238500,1873
7239000,1871
7239500,1873
7240000,1872
7240500,1873
7241001,1872
7241501,1872
7242000,1872
7242500,1873
7243000,1874
7243500,1872
7244000,1872
7244501,1872
7245000,1872
7245501,1872
7246000,1872
7246500,1874
7247001,1873
7247500,1872
7248000,1872
7248500,1872
7249001,1872
7249500,1872
7250001,1872
7250500,1872
7251001,1872
7251501,1871
7252000,1872
7252500,1872
7253001,1869
7253501,1872
7254000,1872
7254500,1871
7255001,1872
7255501,1872
7256000,1872
7256501,1872
7257000,1872
7257500,1872
7258000,1872
7258500,1872
7259000,1872
7259500,1872
7260001,1872
7260500,1872
7261001,1871
7261501,1873
7262000,1872
7262501,1872
7263000,1872
7263500,1872
7264001,1872
7264501,1871
7265000,1872
7265500,1871
7266000,1872
7266501,1873
7267000,1874
7267500,1872
7268001,1872
7268500,1872
7269000,1872
7269501,1873
7270000,1872
7270501,1872
7271000,1872
7271500,1871
7272001,1872
7272500,1872
7273000,1873
7273500,1872
7274000,1872
7274500,1872
7275000,1872
7275500,1872
7276000,1872
7276500,1872
7277001,1872
7277501,1872
7278000,1871
7278501,1872
7279000,1872
7279500,1872
7280000,1873
7280501,1872
7281000,1872
7281501,1872
7282000,1872
7282500,1872
7283001,1872
7283500,1871
7284000,1872
7284500,1872
7285001,1873
7285500,1872
7286000,1872
7286500,1872
7287001,1872
7287500,1872
7288000,1872
7288500,1874
7289001,1875
7289500,1872
7290001,1871
7290500,1871
7291000,1871
7291500,1872
7292001,1872
7292500,1872
7293001,1872
7293501,1872
7294000,1873
7294500,1872
7295000,1871
7295500,1870
7296000,1872
7296500,1872
7297001,1872
7297500,1871
7298000,1872
7298501,1872
7299000,1873
7299501,1872
7300000,1872
7300500,1872
7301000,1877
7301500,1872
7302000,1873
7302500,1872
7303000,1873
7303500,1872
7304000,1872
7304501,1872
7305000,1872
7305500,1872
7306001,1872
7306500,1871
7307000,1871
7307500,1874
7308000,1872
7308500,1872
7309000,1872
7309500,1872
7310001,1873
7310500,1872
7311000,1874
7311500,1872
7312000,1873
7312501,1872
7313000,1872
7313500,1871
7314000,1872
7314500,1872
7315000,1874
7315500,1872
7316001,1872
7316501,1872
7317000,1872
7317500,1872
7318000,1872
7318500,1872
7319001,1872
7319501,1871
7320000,1872
7320500,1873
7321000,1872
7321500,1873
7322001,1872
7322500,1872
7323001,1871
7323500,1872
7324000,1872
7324500,1872
7325001,1872
7325501,1873
7326000,1872
7326500,1871
7327000,1871
7327500,1869
7328000,1873
7328500,1872
7329000,1872
7329500,1872
7330001,1871
7330500,1872
7331000,1872
7331501,1872
7332000,1872
7332501,1872
7333000,1872
7333500,1872
7334001,1872
7334500,1872
7335001,1871
7335501,1872
7336000,1872
7336501,1873
7337000,1872
7337501,1872
7338000,1874
7338500,1869
7339001,1872
7339500,1873
7340000,1872
7340500,1872
7341000,1872
7341500,1872
7342000,1872
7342500,1871
7343000,1871
7343500,1872
7344000,1872
7344501,1874
7345000,1874
7345501,1872
7346000,1872
7346500,1872
7347000,1872
7347500,1872
7348000,1869
7348500,1870
7349000,1871
7349500,1872
7350000,1872
7350500,1872
7351000,1872
7351500,1873
7352000,1872
7352501,1872
7353000,1871
7353501,1872
7354000,1871
7354500,1872
7355000,1876
7355500,1872
7356000,1872
7356501,1872
7357000,1872
7357500,1872
7358001,1869
7358500,1872
7359001,1872
7359501,1871
7360000,1872
7360500,1872
7361000,1872
7361500,1872
7362000,1872
7362500,1871
7363000,1872
7363500,1872
7364000,1873
7364500,1873
7365001,1872
7365500,1872
7366001,1873
7366501,1872
7367000,1872
7367501,1872
7368000,1872
7368500,1872
7369000,1873
7369500,1872
7370000,1872
7370500,1873
7371000,1872
7371500,1872
7372000,1872
7372500,1871
7373001,1872
7373500,1872
7374000,1872
7374501,1872
7375000,1872
7375500,1872
7376001,1872
7376500,1872
7377000,1872
7377500,1870
7378000,1872
7378500,1871
7379000,1872
7379500,1871
7380001,1872
7380500,1872
7381000,1874
7381501,1873
7382000,1871
7382500,1872
7383000,1872
7383500,1872
7384001,1871
7384501,1870
7385000,1872
7385501,1872
7386000,1872
7386500,1872
7387000,1872
7387500,1872
7388000,1872
7388501,1870
7389000,1872
7389501,1872
7390000,1873
7390500,1872
7391000,1872
7391500,1872
7392000,1872
7392500,1872
7393000,1872
7393500,1872
7394000,1873
7394500,1872
7395000,1872
7395500,1872
7396000,1872
7396500,1870
7397001,1872
7397501,1872
7398000,1872
7398501,1871
7399000,1872
7399500,1873
7400001,1872
7400500,1872
7401001,1872
7401500,1872
7402000,1872
7402500,1869
7403001,1872
7403501,1873
7404000,1872
7404500,1872
7405000,1869
7405500,1872
7406001,1872
7406500,1873
7407001,1872
7407500,1872
7408000,1872
7408500,1872
7409001,1872
7409500,1872
7410001,1872
7410500,1872
7411000,1872
7411500,1871
7412000,1871
7412500,1872
7413000,1872
7413500,1872
7414001,1872
7414501,1873
7415000,1872
7415500,1872
7416000,1872
7416500,1872
7417000,1872
7417500,1872
7418000,1872
7418500,1873
7419000,1872
7419500,1874
7420000,1872
7420500,1876
7421001,1873
7421501,1871
7422000,1872
7422500,1871
7423001,1872
7423501,1872
7424000,1872
7424501,1872
7425000,1872
7425500,1873
7426000,1872
7426500,1873
7427000,1872
7427500,1872
7428001,1872
7428500,1872
7429000,1871
7429500,1872
7430000,1872
7430500,1872
7431000,1872
7431500,1872
7432000,1872
7432500,1872
7433000,1871
7433500,1872
7434000,1872
7434500,1872
7435000,1872
7435501,1873
7436000,1873
7436501,1872
7437000,1872
7437500,1872
7438000,1872
7438501,1875
7439000,1872
7439500,1873
7440000,1872
7440500,1872
7441000,1872
7441500,1872
7442001,1872
7442500,1874
7443001,1872
7443501,1872
7444000,1873
7444500,1873
7445001,1872
7445500,1872
7446001,1872
7446500,1872
7447000,1872
7447500,1872
7448000,1871
7448500,1872
7449000,1871
7449500,1872
7450000,1872
7450501,1872
7451000,1872
7451500,1871
7452000,1874
7452500,1872
7453000,1872
7453500,1872
7454000,1872
7454500,1871
7455000,1872
7455500,1872
7456000,1872
7456501,1875
7457000,1872
7457501,1872
7458000,1874
7458500,1872
7459000,1872
7459501,1873
7460000,1872
7460501,1871
7461000,1872
7461501,1872
7462000,1873
7462500,1872
7463000,1872
7463501,1874
7464000,1872
7464501,1873
7465000,1872
7465500,1872
7466001,1872
7466500,1871
7467000,1872
7467500,1874
7468001,1872
7468500,1872
7469000,1872
7469501,1872
7470000,1872
7470500,1872
7471000,1872
7471500,1872
7472000,1872
7472500,1872
7473000,1872
7473501,1872
7474000,1875
7474500,1872
7475000,1872
7475500,1872
7476000,1872
7476501,1872
7477000,1872
7477501,1873
7478000,1872
7478500,1871
7479000,1872
7479501,1872
7480000,1872
7480501,1872
7481000,1872
7481500,1871
7482000,1872
7482500,1872
7483000,1872
7483500,1872
7484000,1871
7484500,1872
7485000,1872
7485500,1873
7486000,1872
7486500,1872
7487001,1874
7487500,1872
7488001,1872
7488501,1872
7489000,1872
7489500,1872
7490000,1872
7490500,1871
7491000,1872
7491500,1873
7492000,1872
7492500,1873
7493000,1871
7493500,1874
7494001,1873
7494500,1873
7495000,1872
7495501,1876
7496000,1871
7496501,1872
7497000,1871
7497500,1873
7498000,1872
7498500,1872
7499001,1872
7499500,1872
7500000,1872
7500500,1874
7501001,1872
7501500,1873
7502000,1872
7502500,1872
7503000,1872
7503500,1871
7504000,1872
7504501,1872
7505000,1872
7505500,1872
7506000,1872
7506500,1872
7507000,1872
7507500,1874
7508001,1872
7508500,1872
7509001,1872
7509500,1875
7510001,1871
7510500,1872
7511000,1872
7511500,1872
7512001,1872
7512501,1872
7513000,1872
7513500,1874
7514001,1872
7514501,1871
7515000,1872
7515500,1872
7516000,1872
7516500,1874
7517001,1870
7517500,1872
7518001,1872
7518500,1871
7519000,1872
7519500,1872
7520001,1872
7520500,1873
7521001,1873
7521500,1872
7522000,1872
7522501,1872
7523000,1872
7523501,1871
7524000,1873
7524501,1873
7525000,1872
7525500,1872
7526001,1870
7526500,1875
7527000,1872
7527500,1871
7528000,1872
7528500,1872
7529000,1871
7529500,1874
7530000,1872
7530500,1872
7531001,1872
7531500,1871
7532001,1871
7532500,1872
7533001,1872
7533500,1872
7534000,1872
7534501,1872
7535000,1872
7535501,1872
7536000,1871
7536500,1873
7537001,1872
7537501,1871
7538000,1872
7538501,1873
7539000,1872
7539500,1871
7540001,1873
7540501,1872
7541000,1872
7541500,1872
7542001,1872
7542501,1872
7543000,1872
7543501,1870
7544000,1872
7544500,1872
7545001,1873
7545500,1866
7546001,1872
7546500,1872
7547000,1874
7547500,1873
7548000,1872
7548500,1872
7549000,1872
7549500,1872
7550000,1872
7550500,1872
7551000,1872
7551500,1872
7552000,1873
7552500,1873
7553000,1873
7553500,1872
7554001,1873
7554500,1872
7555000,1872
7555501,1872
7556000,1872
7556500,1872
7557000,1873
7557501,1874
7558000,1872
7558500,1872
7559000,1872
7559500,1875
7560000,1872
7560500,1873
7561000,1872
7561501,1872
7562000,1872
7562501,1872
7563000,1872
7563500,1873
7564000,1871
7564500,1872
7565001,1872
7565500,1873
7566000,1873
7566500,1873
7567000,1872
7567501,1871
7568000,1872
7568500,1872
7569000,1873
7569500,1872
7570001,1872
7570500,1872
7571000,1872
7571500,1873
7572000,1872
7572500,1872
7573000,1874
7573501,1875
7574000,1871
7574501,1872
7575000,1872
7575501,1872
7576000,1873
7576500,1873
7577000,1873
7577500,1872
7578000,1874
7578500,1872
7579000,1872
7579500,1874
7580000,1872
7580500,1873
7581000,1872
7581500,1876
7582001,1873
7582501,1872
7583000,1872
7583500,1874
7584001,1873
7584500,1872
7585001,1872
7585500,1875
7586000,1872
7586500,1872
7587000,1872
7587500,1872
7588000,1872
7588500,1873
7589000,1872
7589500,1872
7590001,1872
7590500,1872
7591001,1872
7591500,1873
7592001,1872
7592500,1872
7593000,1872
7593501,1873
7594000,1871
7594500,1872
7595000,1872
7595500,1873
7596000,1872
7596500,1872
7597001,1872
7597500,1872
7598000,1871
7598500,1872
7599000,1872
7599500,1870
7600000,1870
7600501,1872
7601000,1872
7601501,1872
7602000,1872
7602501,1874
7603000,1873
7603501,1872
7604000,1873
7604500,1873
7605000,1872
7605500,1874
7606000,1873
7606501,1874
7607000,1873
7607501,1872
7608000,1872
7608500,1872
7609001,1872
7609500,1872
7610000,1873
7610500,1873
7611000,1872
7611501,1870
7612000,1871
7612500,1871
7613000,1873
7613500,1870
7614000,1872
7614500,1871
7615000,1872
7615500,1872
7616000,1872
7616500,1872
7617001,1872
7617500,1874
7618001,1872
7618500,1872
7619000,1872
7619500,1872
7620000,1872
7620500,1872
7621000,1872
7621500,1873
7622001,1872
7622500,1872
7623000,1872
7623500,1872
7624000,1875
7624500,1872
7625001,1872
7625500,1872
7626001,1872
7626500,1872
7627001,1873
7627501,1871
7628000,1873
7628501,1872
7629000,1872
7629500,1872
7630001,1872
7630500,1873
7631001,1872
7631500,1872
7632001,1875
7632500,1873
7633000,1872
7633501,1873
7634000,1872
7634500,1872
7635000,1872
7635500,1872
7636001,1872
7636500,1872
7637001,1872
7637500,1872
7638000,1872
7638500,1871
7639001,1872
7639501,1872
7640000,1872
7640500,1871
7641000,1872
7641500,1872
7642001,1872
7642501,1873
7643000,1869
7643500,1871
7644001,1873
7644500,1872
7645000,1872
7645500,1874
7646000,1872
7646500,1872
7647001,1872
7647501,1872
7648000,1872
7648500,1872
7649001,1872
7649501,1871
7650000,1872
7650501,1872
7651000,1872
7651500,1872
7652000,1872
7652501,1872
7653000,1870
7653500,1870
7654001,1872
7654501,1873
7655000,1872
7655500,1876
7656000,1872
7656501,1872
7657000,1872
7657500,1872
7658000,1872
7658501,1872
7659000,1871
7659501,1874
7660000,1872
7660501,1873
7661000,1872
7661500,1872
7662000,1872
7662500,1872
7663000,1872
7663500,1872
7664000,1873
7664501,1872
7665000,1872
7665500,1874
7666001,1872
7666500,1872
7667000,1872
7667500,1872
7668001,1875
7668500,1872
7669000,1871
7669500,1871
7670000,1872
7670500,1872
7671001,1872
7671500,1872
7672001,1872
7672500,1872
7673000,1872
7673500,1874
7674000,1872
7674500,1873
7675000,1872
7675500,1874
7676001,1872
7676501,1872
7677000,1872
7677501,1871
7678000,1872
7678501,1872
7679000,1872
7679500,1872
7680001,1872
7680500,1872
7681000,1872
7681500,1872
7682000,1872
7682500,1873
7683000,1872
7683500,1872
7684000,1874
7684500,1872
7685001,1873
7685501,1872
7686000,1873
7686501,1872
7687000,1872
7687500,1875
7688001,1874
7688500,1872
7689001,1872
7689500,1872
7690000,1873
7690500,1872
7691000,1872
7691500,1875
7692000,1872
7692500,1872
7693001,1871
7693500,1872
7694001,1872
7694500,1872
7695001,1872
7695501,1872
7696000,1872
7696500,1873
7697000,1871
7697501,1871
7698000,1872
7698500,1872
7699001,1872
7699500,1872
7700001,1872
7700500,1872
7701000,1872
7701500,1872
7702001,1872
7702501,1874
7703000,1872
7703500,1872
7704000,1872
7704500,1872
7705000,1872
7705500,1872
7706001,1872
7706501,1875
7707000,1872
7707500,1873
7708000,1872
7708500,1872
7709000,1872
7709500,1871
7710000,1872
7710500,1873
7711001,1872
7711501,1872
7712000,1873
7712501,1872
7713000,1871
7713500,1872
7714000,1873
7714500,1872
7715001,1871
7715500,1872
7716001,1872
7716500,1874
7717000,1872
7717500,1873
7718000,1872
7718501,1872
7719000,1872
7719500,1873
7720000,1873
7720500,1872
7721000,1873
7721500,1872
7722000,1872
7722500,1874
7723001,1872
7723501,1872
7724000,1872
7724500,1872
7725001,1874
7725500,1872
7726001,1874
7726500,1873
7727000,1872
7727500,1872
7728000,1872
7728500,1872
7729000,1873
7729500,1872
7730000,1873
7730500,1873
7731000,1872
7731500,1870
7732001,1872
7732500,1872
7733000,1872
7733500,1873
7734001,1873
7734500,1872
7735001,1872
7735501,1873
7736000,1872
7736500,1873
7737000,1872
7737501,1872
7738000,1872
7738500,1872
7739000,1872
7739501,1873
7740000,1871
7740500,1872
7741001,1873
7741501,1872
7742000,1872
7742500,1871
7743000,1872
7743500,1871
7744000,1872
7744500,1872
7745000,1872
7745500,1872
7746000,1872
7746500,1872
7747001,1871
7747500,1872
7748000,1872
7748501,1872
7749000,1872
7749500,1872
7750001,1872
7750500,1872
7751001,1873
7751500,1872
7752001,1872
7752500,1872
7753001,1872
7753501,1872
7754000,1872
7754500,1872
7755000,1873
7755500,1873
7756000,1872
7756500,1872
7757001,1872
7757500,1872
7758001,1872
7758500,1869
7759001,1872
7759501,1872
7760000,1872
7760500,1872
7761000,1871
7761500,1872
7762000,1872
7762500,1872
7763000,1870
7763500,1872
7764000,1870
7764500,1872
7765001,1873
7765500,1872
7766000,1872
7766500,1871
7767001,1871
7767501,1872
7768000,1872
7768500,1872
7769001,1872
7769501,1872
7770000,1872
7770500,1872
7771000,1872
7771500,1872
7772000,1872
7772501,1872
7773000,1871
7773500,1872
7774000,1872
7774500,1872
7775000,1873
7775500,1874
7776001,1873
7776500,1872
7777001,1873
7777500,1872
7778000,1873
7778500,1872
7779001,1872
7779501,1872
7780000,1874
7780501,1871
7781000,1872
7781500,1872
7782000,1872
7782500,1872
7783001,1872
7783500,1873
7784000,1871
7784500,1873
7785000,1874
7785500,1872
7786001,1875
7786501,1872
7787000,1872
7787500,1872
7788001,1871
7788501,1872
7789000,1871
7789500,1871
7790001,1873
7790500,1872
7791000,1872
7791500,1872
7792000,1872
7792500,1872
7793000,1874
7793500,1873
7794000,1872
7794500,1872
7795000,1871
7795500,1872
7796001,1872
7796500,1876
7797001,1872
7797500,1872
7798000,1872
7798500,1874
7799001,1875
7799501,1872
7800000,1872
7800501,1872
7801000,1872
7801500,1874
7802000,1872
7802500,1872
7803000,1872
7803500,1872
7804000,1873
7804501,1872
7805000,1873
7805500,1872
7806000,1872
7806500,1872
7807000,1872
7807500,1872
7808001,1872
7808500,1872
7809000,1874
7809501,1873
7810000,1872
7810501,1873
7811000,1872
7811501,1872
7812000,1872
7812500,1873
7813000,1872
7813500,1872
7814000,1875
7814501,1873
7815000,1872
7815500,1873
7816000,1872
7816501,1872
7817000,1872
7817500,1873
7818001,1873
7818500,1872
7819000,1872
7819500,1872
7820000,1872
7820500,1873
7821001,1872
7821501,1873
7822000,1871
7822500,1872
7823000,1871
7823500,1872
7824000,1870
7824501,1872
7825000,1872
7825500,1872
7826000,1872
7826500,1873
7827000,1872
7827500,1872
7828000,1872
7828500,1872
7829000,1873
7829501,1872
7830000,1873
7830501,1872
7831000,1872
7831500,1872
7832000,1873
7832500,1872
7833001,1872
7833500,1873
7834001,1874
7834500,1872
7835000,1872
7835500,1873
7836000,1872
7836500,1872
7837001,1874
7837500,1872
7838000,1871
7838500,1874
7839001,1870
7839500,1872
7840001,1871
7840501,1872
7841000,1872
7841501,1872
7842000,1872
7842500,1872
7843001,1872
7843501,1872
7844000,1872
7844500,1873
7845001,1872
7845500,1872
7846000,1872
7846500,1872
7847000,1872
7847500,1874
7848001,1872
7848501,1872
7849000,1872
7849500,1872
7850001,1873
7850501,1872
7851000,1873
7851500,1872
7852001,1872
7852501,1872
7853000,1872
7853500,1873
7854000,1872
7854500,1872
7855000,1874
7855500,1872
7856001,1872
7856500,1872
7857001,1872
7857500,1872
7858001,1872
7858501,1872
7859000,1871
7859500,1873
7860001,1872
7860500,1872
7861001,1872
7861500,1872
7862001,1872
7862500,1872
7863000,1872
7863501,1872
7864000,1872
7864500,1872
7865000,1872
7865500,1873
7866000,1872
7866500,1872
7867001,1872
7867500,1871
7868000,1872
7868501,1871
7869000,1874
7869500,1872
7870001,1872
7870500,1872
7871001,1872
7871501,1873
7872000,1872
7872500,1873
7873000,1872
7873500,1872
7874000,1872
7874500,1872
7875000,1871
7875500,1872
7876001,1871
7876500,1872
7877000,1872
7877500,1870
7878001,1872
7878500,1875
7879000,1873
7879501,1872
7880000,1872
7880500,1872
7881001,1874
7881501,1872
7882000,1872
7882500,1872
7883001,1872
7883501,1872
7884000,1872
7884500,1872
7885000,1872
7885500,1872
7886001,1872
7886500,1872
7887001,1873
7887500,1872
7888000,1872
7888500,1872
7889000,1873
7889500,1872
7890001,1872
7890500,1872
7891001,1872
7891500,1873
7892001,1873
7892500,1872
7893000,1872
7893500,1872
7894001,1874
7894500,1872
7895001,1873
7895500,1872
7896000,1872
7896500,1872
7897000,1872
7897500,1873
7898000,1873
7898501,1872
7899000,1872
7899501,1872
7900000,1872
7900500,1872
7901000,1872
7901500,1872
7902000,1872
7902500,1872
7903001,1871
7903500,1873
7904001,1872
7904501,1872
7905000,1872
7905500,1872
7906000,1872
7906500,1872
7907000,1872
7907501,1873
7908000,1872
7908500,1872
7909001,1873
7909501,1873
7910000,1873
7910501,1872
7911000,1872
7911500,1872
7912001,1872
7912500,1872
7913001,1873
7913500,1872
7914000,1873
7914500,1871
7915001,1872
7915500,1872
7916001,1873
7916501,1872
7917000,1875
7917500,1874
7918001,1875
7918501,1872
7919000,1873
7919500,1873
7920000,1871
7920500,1871
7921000,1872
7921501,1872
7922000,1872
7922501,1872
7923000,1872
7923500,1873
7924000,1872
7924500,1872
7925000,1873
7925500,1871
7926000,1872
7926500,1875
7927001,1873
7927500,1872
7928000,1873
7928500,1870
7929000,1870
7929500,1872
7930000,1872
7930500,1872
7931001,1873
7931500,1872
7932001,1873
7932500,1872
7933001,1875
7933500,1875
7934000,1872
7934500,1872
7935000,1872
7935500,1872
7936000,1872
7936500,1873
7937001,1872
7937501,1872
7938000,1873
7938500,1872
7939001,1873
7939500,1874
7940000,1872
7940501,1873
7941000,1873
7941500,1872
7942001,1872
7942500,1872
7943001,1872
7943500,1872
7944000,1872
7944501,1872
7945000,1871
7945501,1873
7946000,1872
7946500,1871
7947001,1873
7947501,1873
7948000,1873
7948500,1872
7949000,1873
7949501,1872
7950000,1873
7950500,1874
7951001,1873
7951500,1873
7952001,1872
7952500,1872
7953001,1872
7953500,1872
7954001,1872
7954501,1872
7955000,1874
7955501,1870
7956000,1872
7956501,1873
7957000,1872
7957501,1874
7958000,1871
7958500,1872
7959000,1873
7959500,1872
7960000,1872
7960500,1872
7961000,1873
7961500,1872
7962001,1872
7962500,1872
7963001,1871
7963500,1872
7964000,1872
7964500,1871
7965000,1872
7965500,1872
7966001,1872
7966500,1872
7967000,1872
7967500,1874
7968000,1872
7968500,1872
7969001,1872
7969500,1874
7970001,1873
7970501,1870
7971000,1871
7971500,1873
7972000,1872
7972500,1872
7973000,1872
7973500,1872
7974000,1871
7974501,1872
7975000,1873
7975500,1874
7976000,1873
7976500,1873
7977000,1872
7977500,1872
7978001,1872
7978500,1871
7979000,1871
7979500,1872
7980000,1875
7980501,1872
7981000,1872
7981500,1872
7982000,1872
7982500,1873
7983000,1871
7983500,1872
7984000,1872
7984500,1872
7985000,1872
7985500,1872
7986000,1873
7986500,1872
7987000,1872
7987500,1873
7988000,1872
7988500,1873
7989000,1872
7989500,1872
7990000,1872
7990501,1870
7991000,1873
7991500,1872
7992000,1872
7992500,1872
7993000,1873
7993500,1872
7994000,1874
7994500,1874
7995000,1873
7995500,1872
7996000,1872
7996500,1873
7997001,1875
7997500,1872
7998001,1872
7998500,1873
7999001,1873
7999501,1873
8000000,1873
8000500,1872
8001000,1872
8001501,1872
8002000,1871
8002500,1872
8003000,1872
8003500,1872
8004000,1873
8004500,1872
8005000,1872
8005501,1872
8006000,1872
8006500,1874
8007000,1872
8007500,1873
8008000,1872
8008500,1872
8009001,1874
8009500,1872
8010001,1869
8010500,1872
8011000,1872
8011500,1872
8012001,1872
8012501,1872
8013000,1872
8013500,1872
8014001,1875
8014500,1872
8015000,1872
8015500,1872
8016001,1872
8016501,1872
8017000,1872
8017500,1872
8018000,1872
8018500,1872
8019001,1872
8019501,1872
8020000,1872
8020500,1871
8021001,1872
8021500,1872
8022000,1871
8022500,1872
8023001,1872
8023500,1869
8024001,1872
8024501,1872
8025000,1872
8025500,1872
8026001,1871
8026500,1872
8027000,1875
8027500,1873
8028001,1872
8028500,1872
8029001,1872
8029501,1872
8030000,1872
8030500,1872
8031001,1872
8031501,1871
8032000,1872
8032500,1872
8033001,1872
8033500,1872
8034001,1872
8034500,1872
8035001,1872
8035501,1872
8036000,1873
8036501,1874
8037000,1872
8037500,1873
8038000,1872
8038500,1872
8039001,1873
8039501,1872
8040000,1872
8040501,1872
8041000,1873
8041501,1872
8042000,1877
8042500,1872
8043000,1869
8043500,1873
8044001,1872
8044500,1872
8045001,1872
8045501,1872
8046000,1873
8046501,1874
8047000,1872
8047501,1872
8048000,1872
8048500,1872
8049001,1872
8049500,1872
8050000,1874
8050500,1872
8051001,1874
8051501,1873
8052000,1872
8052501,1873
8053000,1875
8053500,1871
8054000,1872
8054501,1872
8055000,1873
8055501,1872
8056000,1872
8056500,1874
8057001,1873
8057501,1872
8058000,1872
8058500,1873
8059000,1872
8059501,1872
8060000,1871
8060500,1873
8061000,1872
8061500,1872
8062001,1872
8062500,1872
8063001,1872
8063500,1872
8064000,1872
8064500,1871
8065000,1872
8065501,1872
8066000,1872
8066501,1871
8067000,1872
8067501,1872
8068000,1872
8068500,1872
8069001,1872
8069501,1872
8070000,1872
8070500,1872
8071001,1871
8071500,1872
8072001,1872
8072501,1872
8073000,1873
8073500,1873
8074000,1873
8074500,1872
8075000,1874
8075500,1872
8076000,1872
8076501,1872
8077000,1872
8077500,1872
8078000,1870
8078500,1872
8079001,1873
8079501,1872
8080000,1872
8080500,1872
8081001,1873
8081500,1872
8082001,1872
8082500,1872
8083000,1872
8083500,1872
8084001,1873
8084501,1872
8085000,1872
8085500,1871
8086001,1872
8086501,1872
8087000,1873
8087500,1872
8088000,1872
8088500,1872
8089001,1872
8089500,1873
8090001,1872
8090500,1873
8091000,1872
8091500,1872
8092000,1872
8092501,1872
8093000,1872
8093500,1873
8094001,1872
8094500,1872
8095000,1872
8095500,1871
8096001,1872
8096500,1875
8097000,1872
8097500,1872
8098000,1873
8098500,1871
8099000,1873
8099500,1872
8100001,1873
8100500,1872
8101001,1873
8101500,1872
8102000,1871
8102500,1874
8103000,1872
8103500,1872
8104001,1872
8104501,1872
8105000,1872
8105501,1873
8106000,1875
8106501,1872
8107000,1872
8107501,1874
8108000,1872
8108501,1872
8109000,1872
8109500,1873
8110001,1873
8110500,1872
8111000,1872
8111500,1872
8112001,1872
8112500,1872
8113000,1873
8113500,1875
8114000,1872
8114500,1875
8115000,1872
8115501,1871
8116000,1872
8116500,1872
8117000,1875
8117500,1872
8118001,1872
8118500,1872
8119000,1872
8119500,1871
8120001,1872
8120500,1870
8121001,1872
8121500,1871
8122000,1872
8122500,1876
8123001,1871
8123501,1872
8124000,1872
8124501,1873
8125000,1872
8125500,1872
8126000,1872
8126500,1872
8127001,1871
8127501,1872
8128000,1873
8128500,1872
8129000,1871
8129500,1871
8130001,1872
8130500,1872
8131000,1871
8131500,1872
8132000,1872
8132500,1872
8133001,1872
8133500,1872
8134000,1873
8134501,1873
8135000,1872
8135501,1872
8136000,1872
8136501,1874
8137000,1872
8137500,1872
8138001,1872
8138500,1871
8139000,1871
8139500,1872
8140000,1873
8140500,1871
8141000,1872
8141500,1870
8142000,1872
8142500,1876
8143001,1872
8143500,1872
8144000,1873
8144501,1872
8145000,1872
8145500,1872
8146000,1868
8146500,1872
8147000,1872
8147501,1871
8148000,1872
8148500,1873
8149001,1872
8149501,1872
8150000,1872
8150500,1872
8151000,1872
8151500,1871
8152000,1872
8152501,1872
8153000,1872
8153500,1872
8154001,1872
8154500,1872
8155000,1873
8155500,1873
8156001,1875
8156500,1872
8157000,1872
8157500,1872
8158000,1872
8158501,1872
8159000,1872
8159500,1872
8160000,1874
8160500,1872
8161001,1872
8161501,1872
8162000,1872
8162501,1872
8163000,1872
8163501,1873
8164000,1872
8164501,1872
8165000,1872
8165501,1872
8166000,1872
8166501,1872
8167000,1871
8167501,1871
8168000,1876
8168501,1873
8169000,1871
8169500,1873
8170000,1872
8170500,1873
8171000,1871
8171500,1872
8172000,1872
8172501,1872
8173000,1871
8173501,1871
8174000,1872
8174501,1872
8175000,1872
8175500,1872
8176001,1872
8176500,1872
8177000,1875
8177501,1872
8178000,1871
8178501,1872
8179000,1873
8179501,1872
8180000,1872
8180500,1872
8181000,1872
8181501,1872
8182000,1872
8182501,1872
8183000,1873
8183501,1872
8184000,1873
8184500,1872
8185000,1872
8185500,1873
8186000,1872
8186500,1874
8187001,1872
8187500,1872
8188000,1872
8188500,1872
8189000,1872
8189500,1872
8190000,1876
8190500,1872
8191001,1873
8191500,1872
# end
