# sketch,characterise_v2loop
# mode_number,1
# mode_name,1_deadline_ts_before
# label,B_b3
# ---- CHECK THE THREE LINES ABOVE BEFORE YOU KEEP THIS CAPTURE ----
# waiting 600 s for thermal settle - press any key to skip
# warm 0 s
# ----------------------------------------------------------
# n,16384
# fs_hz_window,1999.8779
# span_s,8.192000
# dt_mean_us,499.9999
# dt_sd_us,0.6652
# dt_min_us,499
# dt_max_us,501
# fs_hz_from_mean,2000.0002
# mean_code,1872.1016
# sd_code,0.9626
# min_code,1866
# max_code,1879
# mean_volts,1.508653
# sd_millivolts,0.7757
# adc,12bit_default_11dB_attenuation
# conv,linear_3.3_over_4095
# ----------------------------------------------------------
t_us,code
1,1874
500,1875
1001,1875
1500,1877
2000,1873
2500,1872
3000,1872
3500,1873
4000,1872
4500,1872
5001,1877
5500,1872
6000,1872
6500,1873
7001,1870
7500,1872
8001,1872
8500,1872
9001,1874
9500,1873
10001,1874
10501,1872
11000,1873
11501,1872
12000,1872
12500,1875
13000,1872
13500,1872
14001,1872
14500,1873
15000,1872
15501,1872
16000,1872
16501,1873
17000,1875
17500,1875
18001,1874
18500,1872
19000,1876
19500,1872
20000,1873
20500,1873
21000,1874
21500,1872
22000,1873
22500,1872
23000,1874
23500,1874
24000,1873
24500,1873
25000,1874
25500,1872
26001,1875
26500,1872
27001,1873
27500,1872
28000,1872
28500,1872
29000,1872
29500,1872
30000,1875
30500,1873
31001,1877
31500,1879
32000,1872
32500,1873
33000,1875
33500,1874
34001,1872
34500,1872
35000,1874
35500,1875
36000,1872
36500,1873
37001,1872
37500,1872
38000,1872
38500,1872
39000,1873
39500,1874
40000,1873
40500,1873
41000,1872
41500,1872
42000,1872
42501,1872
43000,1873
43501,1874
44000,1877
44500,1872
45000,1873
45500,1871
46001,1872
46500,1873
47001,1872
47500,1876
48000,1872
48500,1874
49000,1873
49500,1873
50001,1873
50500,1872
51001,1872
51500,1872
52001,1872
52500,1872
53000,1872
53500,1873
54001,1872
54500,1872
55000,1871
55500,1873
56000,1872
56501,1872
57000,1872
57500,1875
58000,1872
58500,1871
59000,1871
59500,1874
60000,1872
60500,1872
61000,1873
61500,1872
62001,1873
62500,1871
63000,1871
63500,1872
64001,1872
64500,1873
65000,1872
65500,1872
66000,1872
66500,1873
67000,1875
67500,1872
68000,1872
68500,1872
69000,1873
69500,1873
70001,1872
70500,1873
71000,1872
71500,1872
72000,1872
72500,1872
73001,1872
73501,1872
74000,1872
74500,1876
75001,1870
75500,1872
76000,1872
76500,1874
77000,1872
77500,1873
78000,1874
78500,1872
79000,1872
79501,1872
80000,1872
80500,1872
81001,1874
81501,1871
82000,1872
82500,1872
83001,1871
83500,1871
84000,1872
84501,1873
85000,1872
85500,1874
86000,1872
86500,1872
87000,1872
87500,1872
88000,1872
88500,1875
89000,1872
89500,1871
90001,1872
90500,1872
91001,1872
91500,1872
92000,1873
92500,1872
93000,1872
93500,1872
94001,1872
94500,1877
95001,1872
95500,1872
96000,1873
96500,1872
97000,1872
97500,1874
98000,1872
98501,1873
99000,1872
99500,1872
100000,1872
100500,1873
101000,1872
101500,1874
102000,1873
102500,1873
103001,1872
103500,1871
104000,1872
104500,1873
105000,1872
105501,1872
106000,1872
106501,1872
107000,1869
107501,1873
108000,1874
108500,1872
109000,1872
109501,1872
110000,1872
110500,1872
111000,1873
111500,1872
112001,1872
112500,1872
113001,1875
113500,1872
114000,1873
114501,1872
115000,1874
115500,1874
116000,1872
116500,1872
117000,1872
117500,1872
118000,1872
118500,1873
119000,1873
119500,1872
120000,1872
120501,1873
121000,1870
121501,1873
122000,1872
122500,1872
123001,1873
123500,1872
124001,1873
124501,1872
125000,1875
125501,1875
126000,1872
126500,1872
127000,1871
127500,1872
128000,1872
128500,1872
129000,1872
129501,1872
130000,1873
130500,1873
131001,1872
131500,1873
132000,1873
132500,1872
133000,1868
133500,1872
134000,1872
134501,1874
135000,1872
135500,1871
136001,1872
136500,1875
137000,1877
137500,1870
138001,1872
138500,1873
139000,1872
139501,1871
140000,1872
140501,1872
141000,1872
141500,1872
142000,1873
142500,1872
143001,1872
143500,1872
144001,1873
144500,1872
145000,1874
145500,1872
146001,1872
146500,1872
147000,1872
147500,1872
148000,1874
148501,1874
149000,1872
149501,1876
150000,1873
150500,1874
151001,1872
151500,1872
152001,1872
152500,1873
153001,1872
153500,1873
154000,1872
154500,1872
155000,1870
155500,1873
156001,1873
156500,1872
157000,1872
157500,1872
158000,1872
158500,1872
159001,1871
159500,1872
160000,1871
160500,1872
161001,1875
161501,1873
162000,1872
162500,1872
163000,1873
163500,1874
164001,1873
164500,1873
165000,1877
165500,1873
166000,1873
166500,1873
167000,1874
167500,1872
168001,1875
168500,1872
169000,1872
169500,1873
170001,1872
170500,1873
171000,1872
171500,1873
172000,1872
172500,1874
173000,1872
173500,1872
174001,1872
174500,1872
175000,1871
175501,1875
176000,1872
176501,1872
177000,1870
177501,1872
178000,1874
178501,1872
179000,1876
179501,1874
180000,1872
180501,1872
181000,1873
181501,1873
182000,1872
182500,1873
183001,1876
183500,1872
184000,1872
184500,1874
185001,1873
185500,1872
186001,1872
186500,1872
187000,1877
187501,1872
188000,1873
188500,1872
189000,1873
189500,1873
190000,1874
190501,1873
191000,1872
191501,1872
192000,1872
192500,1872
193000,1871
193500,1872
194001,1872
194500,1872
195001,1872
195500,1872
196000,1873
196500,1872
197001,1872
197501,1872
198000,1873
198500,1873
199001,1874
199500,1872
200001,1872
200500,1872
201000,1872
201500,1873
202000,1872
202500,1872
203001,1872
203500,1872
204000,1872
204500,1872
205000,1872
205500,1872
206001,1873
206500,1872
207001,1872
207500,1874
208000,1871
208500,1873
209001,1872
209500,1872
210000,1872
210500,1872
211001,1876
211500,1872
212001,1872
212500,1872
213001,1872
213500,1874
214000,1872
214500,1873
215001,1872
215500,1872
216000,1872
216500,1872
217000,1872
217500,1872
218000,1874
218501,1872
219000,1871
219500,1872
220001,1873
220500,1873
221000,1872
221500,1872
222001,1872
222500,1872
223000,1872
223500,1872
224000,1872
224500,1872
225001,1872
225500,1874
226001,1874
226501,1872
227000,1872
227500,1873
228001,1875
228500,1872
229000,1874
229500,1872
230000,1872
230500,1872
231000,1874
231500,1872
232001,1872
232500,1872
233000,1873
233500,1873
234001,1872
234500,1872
235000,1876
235500,1873
236000,1872
236500,1872
237001,1874
237500,1872
238001,1874
238500,1875
239001,1876
239500,1873
240001,1872
240500,1872
241000,1871
241500,1874
242001,1872
242500,1872
243001,1872
243500,1872
244000,1872
244500,1872
245000,1874
245500,1872
246001,1872
246500,1872
247000,1872
247500,1871
248000,1872
248500,1873
249001,1872
249500,1872
250001,1874
250500,1872
251001,1872
251500,1872
252000,1872
252500,1872
253001,1872
253500,1872
254001,1873
254500,1872
255000,1869
255500,1872
256000,1872
256500,1872
257001,1873
257500,1874
258001,1872
258500,1872
259000,1873
259500,1872
260000,1873
260500,1875
261000,1872
261500,1873
262000,1873
262500,1872
263001,1872
263500,1872
264000,1872
264500,1874
265000,1873
265500,1873
266001,1873
266501,1873
267000,1874
267500,1872
268000,1873
268501,1872
269000,1875
269500,1874
270001,1873
270500,1872
271000,1877
271500,1873
272000,1872
272500,1873
273000,1872
273500,1872
274001,1871
274500,1872
275000,1872
275500,1875
276000,1872
276500,1872
277000,1874
277500,1872
278000,1872
278500,1873
279000,1872
279500,1874
280001,1873
280500,1874
281000,1872
281500,1873
282001,1874
282500,1872
283001,1873
283500,1872
284000,1872
284500,1872
285000,1874
285500,1872
286000,1872
286500,1872
287001,1874
287500,1872
288000,1873
288500,1873
289001,1872
289500,1872
290001,1871
290500,1872
291000,1874
291500,1874
292000,1872
292500,1872
293000,1871
293500,1872
294001,1874
294500,1872
295000,1872
295500,1874
296001,1873
296500,1872
297000,1873
297500,1872
298000,1873
298500,1872
299000,1872
299501,1872
300000,1872
300500,1872
301000,1873
301500,1872
302000,1872
302500,1872
303000,1872
303500,1873
304000,1873
304501,1875
305000,1872
305500,1875
306001,1872
306500,1872
307000,1873
307500,1872
308001,1873
308500,1872
309000,1872
309500,1872
310000,1872
310500,1873
311000,1872
311500,1873
312000,1872
312500,1872
313001,1872
313500,1872
314000,1872
314500,1872
315000,1872
315500,1872
316001,1872
316500,1872
317001,1873
317500,1872
318000,1872
318500,1872
319001,1873
319500,1873
320001,1872
320501,1873
321000,1872
321501,1874
322000,1872
322501,1873
323000,1872
323501,1872
324000,1872
324501,1872
325000,1873
325500,1872
326001,1872
326500,1872
327000,1870
327501,1871
328000,1873
328500,1872
329000,1872
329500,1871
330000,1872
330501,1872
331000,1872
331500,1872
332000,1872
332500,1872
333000,1872
333501,1872
334000,1872
334500,1872
335000,1872
335500,1873
336000,1872
336500,1872
337000,1874
337500,1872
338000,1875
338500,1871
339000,1872
339500,1872
340000,1872
340501,1872
341000,1873
341501,1875
342000,1873
342500,1872
343000,1873
343500,1872
344001,1873
344501,1872
345000,1872
345500,1873
346000,1874
346500,1872
347000,1875
347500,1872
348000,1873
348500,1872
349001,1873
349500,1872
350000,1873
350500,1873
351000,1872
351500,1872
352000,1872
352500,1873
353001,1874
353500,1875
354000,1872
354500,1872
355000,1872
355501,1872
356000,1872
356501,1872
357000,1872
357501,1875
358000,1873
358501,1873
359000,1872
359501,1874
360000,1873
360500,1871
361000,1872
361500,1873
362000,1873
362501,1872
363000,1873
363501,1872
364000,1872
364500,1873
365001,1872
365500,1873
366000,1872
366501,1872
367000,1876
367501,1873
368000,1873
368500,1872
369001,1871
369500,1872
370000,1871
370500,1872
371000,1872
371500,1872
372000,1871
372501,1872
373000,1872
373500,1872
374001,1872
374500,1872
375000,1871
375500,1875
376000,1874
376500,1872
377000,1874
377501,1872
378000,1872
378500,1872
379000,1872
379500,1872
380000,1872
380500,1872
381000,1872
381501,1872
382000,1872
382500,1872
383000,1872
383501,1872
384000,1872
384500,1873
385001,1872
385500,1873
386001,1871
386500,1872
387000,1873
387500,1873
388001,1873
388500,1872
389001,1872
389500,1870
390000,1872
390500,1873
391000,1872
391500,1872
392000,1872
392500,1872
393001,1872
393500,1872
394000,1872
394500,1872
395000,1872
395501,1872
396000,1872
396501,1873
397000,1872
397500,1872
398001,1872
398500,1873
399000,1873
399500,1871
400001,1872
400500,1874
401000,1873
401500,1870
402000,1872
402500,1872
403000,1872
403500,1872
404000,1872
404500,1872
405000,1872
405501,1872
406000,1873
406501,1872
407000,1872
407501,1872
408000,1872
408500,1872
409001,1872
409500,1872
410000,1873
410500,1872
411001,1872
411500,1872
412000,1873
412500,1872
413000,1873
413500,1872
414000,1872
414500,1875
415000,1872
415500,1872
416000,1872
416500,1872
417000,1873
417500,1872
418000,1872
418500,1872
419000,1873
419500,1872
420000,1873
420500,1872
421001,1875
421500,1872
422000,1872
422500,1872
423000,1875
423500,1872
424000,1872
424500,1872
425001,1872
425500,1872
426000,1872
426501,1872
427000,1872
427501,1872
428000,1872
428501,1871
429000,1872
429501,1874
430000,1872
430501,1872
431000,1872
431501,1874
432000,1872
432501,1872
433000,1871
433500,1872
434001,1872
434500,1872
435000,1872
435500,1875
436000,1873
436500,1872
437000,1873
437501,1873
438000,1872
438501,1872
439000,1873
439500,1874
440000,1873
440501,1872
441000,1869
441500,1875
442000,1875
442501,1872
443000,1872
443501,1873
444000,1874
444500,1872
445000,1872
445500,1872
446000,1872
446500,1873
447000,1872
447500,1872
448000,1872
448501,1872
449000,1872
449500,1872
450001,1872
450500,1873
451000,1873
451500,1872
452000,1872
452500,1872
453000,1872
453500,1873
454001,1873
454500,1872
455001,1872
455500,1872
456001,1872
456500,1872
457000,1872
457500,1872
458000,1872
458500,1872
459000,1874
459501,1872
460000,1872
460501,1872
461000,1873
461501,1875
462000,1872
462500,1872
463000,1873
463500,1873
464000,1872
464500,1872
465000,1874
465500,1873
466000,1873
466500,1872
467001,1876
467500,1872
468001,1875
468500,1872
469000,1873
469500,1872
470001,1873
470500,1873
471000,1872
471500,1873
472000,1873
472500,1872
473001,1873
473500,1872
474000,1873
474501,1873
475000,1872
475500,1875
476000,1873
476501,1872
477000,1871
477500,1872
478001,1874
478501,1874
479000,1873
479501,1872
480000,1876
480500,1874
481000,1874
481500,1872
482001,1873
482500,1872
483001,1874
483500,1874
484001,1873
484500,1872
485000,1873
485500,1876
486000,1872
486500,1871
487000,1872
487500,1872
488000,1872
488500,1872
489001,1872
489500,1872
490000,1872
490500,1873
491001,1872
491501,1873
492000,1872
492500,1873
493000,1872
493500,1872
494001,1873
494500,1872
495000,1872
495500,1872
496000,1872
496500,1872
497000,1873
497501,1872
498000,1875
498500,1873
499001,1875
499500,1874
500000,1873
500501,1874
501000,1873
501500,1872
502000,1872
502500,1873
503001,1872
503500,1875
504000,1872
504500,1872
505000,1871
505500,1875
506000,1873
506500,1875
507001,1872
507500,1872
508001,1872
508501,1872
509000,1872
509500,1873
510000,1873
510501,1874
511000,1872
511500,1874
512000,1872
512500,1872
513001,1873
513500,1872
514000,1872
514500,1873
515001,1872
515500,1872
516000,1872
516500,1873
517000,1872
517500,1873
518000,1872
518500,1872
519001,1871
519500,1873
520000,1874
520500,1874
521000,1872
521500,1872
522001,1871
522500,1874
523000,1872
523500,1872
524000,1873
524501,1873
525000,1873
525500,1872
526000,1872
526500,1872
527001,1872
527501,1871
528000,1874
528500,1873
529001,1872
529501,1872
530000,1871
530501,1872
531000,1872
531501,1875
532000,1874
532500,1874
533000,1873
533500,1872
534001,1872
534500,1872
535001,1874
535500,1872
536000,1872
536500,1872
537001,1873
537500,1872
538000,1874
538501,1874
539000,1872
539501,1872
540000,1874
540500,1874
541001,1872
541500,1872
542000,1874
542500,1872
543001,1872
543500,1869
544001,1874
544500,1873
545000,1871
545500,1872
546000,1872
546500,1873
547000,1874
547500,1872
548000,1873
548500,1872
549000,1876
549501,1870
550000,1872
550500,1873
551000,1875
551500,1874
552000,1873
552500,1874
553000,1872
553500,1874
554000,1872
554500,1872
555001,1872
555500,1872
556000,1872
556501,1872
557000,1872
557501,1873
558000,1873
558501,1872
559000,1872
559500,1872
560001,1872
560500,1872
561001,1873
561500,1872
562000,1872
562500,1873
563001,1872
563501,1872
564000,1875
564500,1873
565000,1872
565501,1875
566000,1873
566501,1872
567000,1875
567500,1872
568000,1872
568500,1873
569001,1872
569500,1874
570000,1872
570500,1872
571000,1872
571500,1873
572001,1872
572500,1872
573001,1872
573500,1872
574001,1873
574500,1872
575000,1872
575500,1872
576000,1872
576500,1872
577000,1873
577501,1870
578000,1872
578500,1872
579000,1872
579500,1872
580000,1872
580500,1872
581000,1872
581500,1873
582000,1872
582500,1872
583000,1871
583500,1872
584001,1872
584500,1872
585001,1872
585500,1873
586000,1872
586500,1873
587000,1872
587500,1871
588000,1872
588500,1872
589000,1873
589500,1872
590001,1873
590500,1872
591001,1872
591500,1871
592000,1870
592500,1872
593001,1872
593500,1872
594001,1872
594500,1873
595000,1872
595500,1873
596000,1872
596501,1872
597000,1872
597500,1873
598000,1872
598500,1873
599001,1872
599500,1873
600001,1872
600500,1872
601000,1872
601500,1874
602001,1872
602501,1873
603000,1873
603500,1872
604001,1872
604500,1872
605000,1871
605500,1872
606001,1872
606500,1872
607000,1872
607500,1873
608000,1871
608500,1872
609000,1871
609500,1872
610000,1872
610500,1872
611001,1872
611500,1872
612000,1872
612500,1872
613000,1873
613500,1872
614001,1872
614500,1877
615000,1872
615500,1873
616000,1872
616500,1872
617001,1871
617500,1872
618000,1872
618500,1872
619000,1871
619500,1872
620000,1873
620500,1873
621000,1871
621501,1873
622000,1874
622501,1874
623000,1872
623500,1871
624001,1873
624500,1872
625001,1870
625500,1874
626000,1872
626501,1874
627000,1872
627501,1878
628000,1872
628501,1872
629000,1873
629500,1873
630000,1872
630500,1872
631001,1872
631500,1872
632000,1872
632500,1872
633001,1872
633500,1872
634000,1874
634500,1872
635000,1872
635500,1872
636001,1872
636500,1873
637001,1872
637500,1873
638001,1872
638500,1872
639001,1872
639500,1872
640000,1872
640500,1872
641001,1872
641500,1872
642000,1872
642500,1872
643000,1872
643500,1873
644001,1872
644500,1872
645000,1872
645500,1872
646001,1872
646500,1872
647001,1872
647500,1872
648000,1873
648500,1872
649001,1874
649500,1871
650001,1872
650500,1872
651001,1872
651500,1872
652000,1872
652500,1872
653000,1872
653500,1872
654001,1872
654500,1872
655000,1872
655500,1872
656000,1872
656500,1874
657000,1873
657500,1872
658000,1873
658500,1873
659001,1872
659500,1872
660000,1872
660500,1874
661000,1873
661501,1872
662000,1872
662501,1872
663000,1872
663500,1872
664000,1872
664500,1873
665000,1874
665500,1873
666001,1872
666500,1873
667000,1874
667500,1870
668001,1872
668500,1873
669001,1873
669500,1872
670000,1872
670500,1873
671000,1872
671500,1873
672001,1872
672500,1872
673000,1872
673500,1872
674001,1872
674500,1872
675000,1872
675500,1873
676000,1875
676500,1872
677000,1873
677500,1872
678000,1873
678500,1874
679001,1873
679500,1873
680000,1873
680500,1872
681000,1872
681500,1872
682001,1873
682500,1872
683000,1873
683500,1872
684000,1872
684501,1872
685000,1873
685501,1872
686000,1876
686500,1874
687000,1872
687501,1872
688000,1871
688501,1873
689000,1872
689500,1873
690000,1872
690500,1872
691000,1872
691500,1872
692000,1872
692500,1873
693000,1873
693500,1872
694001,1873
694501,1872
695000,1872
695500,1873
696000,1872
696501,1872
697000,1873
697501,1872
698000,1872
698500,1873
699001,1872
699500,1872
700000,1872
700500,1871
701000,1872
701500,1872
702000,1872
702500,1872
703001,1873
703501,1873
704000,1873
704501,1872
705000,1877
705500,1872
706000,1872
706500,1872
707000,1872
707501,1872
708000,1872
708501,1872
709000,1873
709501,1872
710000,1873
710501,1874
711000,1872
711500,1872
712001,1872
712500,1873
713000,1874
713500,1872
714000,1872
714501,1872
715000,1872
715500,1875
716000,1872
716500,1872
717001,1874
717501,1872
718000,1872
718501,1872
719000,1873
719500,1872
720001,1869
720501,1872
721000,1872
721500,1872
722000,1872
722500,1872
723000,1872
723500,1872
724001,1872
724500,1872
725000,1872
725500,1872
726000,1872
726500,1874
727000,1872
727500,1872
728000,1872
728500,1873
729000,1872
729500,1872
730001,1873
730500,1872
731001,1872
731500,1873
732001,1872
732500,1873
733000,1872
733500,1872
734000,1871
734500,1872
735000,1871
735500,1873
736000,1872
736500,1872
737001,1872
737500,1870
738000,1872
738500,1872
739001,1871
739500,1873
740000,1871
740500,1872
741000,1872
741500,1872
742000,1871
742500,1872
743001,1872
743500,1873
744000,1874
744500,1872
745000,1872
745501,1872
746000,1873
746501,1873
747000,1873
747501,1872
748000,1873
748501,1873
749000,1872
749500,1872
750000,1872
750500,1872
751001,1871
751500,1872
752001,1872
752500,1872
753000,1872
753500,1874
754001,1872
754500,1872
755000,1872
755501,1872
756000,1872
756501,1873
757000,1873
757500,1872
758000,1872
758501,1874
759000,1872
759500,1873
760000,1873
760500,1873
761001,1872
761500,1872
762000,1871
762501,1873
763000,1871
763500,1872
764000,1872
764500,1872
765001,1873
765500,1871
766000,1872
766500,1872
767001,1874
767500,1872
768001,1873
768500,1872
769000,1873
769500,1872
770000,1872
770500,1873
771001,1872
771500,1872
772000,1872
772500,1872
773001,1874
773500,1872
774001,1874
774500,1872
775000,1872
775500,1871
776001,1872
776500,1875
777000,1873
777500,1872
778000,1872
778500,1872
779001,1872
779500,1871
780000,1873
780500,1872
781001,1872
781500,1874
782001,1872
782500,1873
783000,1872
783500,1872
784001,1872
784500,1872
785001,1872
785500,1871
786000,1872
786500,1872
787000,1872
787500,1877
788000,1872
788500,1872
789000,1872
789501,1875
790000,1870
790500,1872
791001,1872
791500,1872
792001,1873
792500,1872
793000,1872
793501,1874
794000,1872
794500,1870
795001,1872
795500,1872
796000,1872
796501,1873
797000,1872
797500,1875
798000,1875
798500,1872
799000,1873
799500,1878
800000,1873
800501,1872
801000,1872
801500,1872
802001,1872
802500,1873
803000,1872
803500,1872
804001,1871
804500,1874
805000,1872
805500,1872
806000,1872
806501,1872
807000,1872
807501,1874
808000,1872
808500,1872
809000,1872
809501,1872
810000,1871
810500,1872
811001,1872
811500,1872
812000,1874
812500,1872
813000,1873
813500,1872
814000,1874
814501,1873
815000,1871
815501,1874
816000,1872
816500,1872
817000,1872
817500,1873
818001,1872
818500,1872
819000,1872
819501,1869
820000,1872
820501,1872
821000,1872
821500,1874
822001,1872
822500,1872
823001,1872
823500,1875
824000,1873
824500,1872
825000,1872
825500,1871
826000,1873
826500,1871
827000,1872
827501,1872
828000,1872
828500,1872
829001,1872
829500,1872
830000,1872
830500,1872
831001,1872
831500,1870
832001,1872
832500,1873
833000,1874
833501,1871
834000,1872
834501,1872
835000,1872
835500,1872
836001,1872
836500,1872
837001,1873
837500,1873
838001,1872
838500,1874
839000,1873
839500,1872
840000,1872
840501,1872
841000,1873
841501,1872
842000,1872
842500,1877
843001,1872
843501,1875
844000,1873
844500,1872
845001,1872
845500,1873
846001,1872
846500,1872
847000,1872
847500,1872
848000,1872
848500,1873
849000,1872
849500,1873
850001,1872
850500,1872
851000,1872
851500,1875
852001,1872
852500,1872
853001,1872
853500,1872
854000,1872
854500,1872
855000,1872
855501,1873
856000,1872
856500,1872
857000,1874
857500,1872
858000,1872
858501,1872
859000,1872
859500,1872
860001,1872
860501,1872
861000,1872
861500,1872
862001,1872
862501,1874
863000,1872
863500,1874
864001,1872
864500,1875
865000,1872
865500,1872
866000,1871
866500,1871
867001,1872
867500,1872
868001,1872
868500,1873
869000,1872
869500,1873
870000,1872
870500,1872
871000,1872
871500,1872
872000,1872
872500,1872
873001,1872
873500,1872
874000,1872
874500,1874
875001,1871
875500,1872
876000,1872
876500,1873
877000,1872
877500,1872
878001,1872
878500,1872
879001,1872
879500,1873
880001,1872
880500,1872
881000,1872
881500,1872
882000,1874
882501,1872
883000,1874
883500,1872
884001,1875
884500,1872
885000,1872
885500,1871
886000,1872
886500,1872
887001,1873
887500,1872
888000,1873
888500,1872
889000,1869
889500,1869
890001,1872
890500,1872
891000,1872
891500,1872
892001,1871
892500,1872
893000,1872
893500,1872
894001,1873
894500,1872
895001,1873
895500,1872
896000,1872
896500,1873
897001,1872
897500,1870
898000,1870
898500,1873
899001,1872
899501,1872
900000,1871
900501,1874
901000,1876
901500,1872
902000,1872
902500,1874
903000,1873
903500,1874
904001,1874
904500,1872
905001,1872
905500,1872
906000,1874
906500,1872
907000,1872
907500,1872
908001,1872
908500,1872
909001,1872
909500,1872
910000,1872
910500,1873
911001,1873
911500,1873
912001,1872
912500,1872
913000,1872
913500,1872
914000,1872
914500,1872
915000,1874
915501,1872
916000,1873
916500,1872
917001,1872
917500,1872
918001,1872
918501,1872
919000,1872
919500,1872
920001,1873
920500,1872
921001,1871
921500,1872
922000,1872
922500,1872
923000,1871
923500,1872
924000,1872
924500,1872
925000,1872
925500,1872
926000,1872
926500,1874
927000,1872
927501,1872
928000,1872
928500,1872
929001,1872
929500,1872
930000,1872
930500,1873
931001,1872
931500,1872
932000,1873
932500,1875
933000,1872
933500,1872
934000,1872
934501,1873
935000,1872
935500,1875
936000,1872
936500,1872
937000,1872
937500,1871
938000,1872
938500,1872
939000,1872
939501,1872
940000,1872
940500,1872
941001,1872
941500,1872
942001,1872
942500,1872
943000,1872
943500,1871
944000,1872
944500,1873
945000,1872
945500,1872
946001,1872
946500,1874
947000,1872
947500,1872
948000,1872
948501,1872
949000,1872
949500,1873
950001,1872
950500,1872
951001,1872
951500,1873
952000,1872
952500,1873
953000,1872
953501,1872
954000,1872
954501,1873
955000,1872
955501,1872
956000,1873
956500,1873
957000,1873
957501,1872
958000,1872
958500,1872
959001,1872
959500,1872
960000,1872
960500,1872
961000,1872
961500,1872
962000,1872
962500,1873
963000,1872
963500,1872
964001,1873
964500,1874
965000,1872
965500,1873
966000,1873
966500,1872
967000,1872
967500,1872
968001,1872
968500,1875
969000,1872
969500,1872
970000,1872
970500,1874
971001,1872
971500,1873
972000,1872
972501,1873
973000,1872
973500,1875
974001,1873
974501,1874
975000,1873
975500,1874
976000,1873
976501,1872
977000,1872
977500,1874
978000,1872
978500,1872
979001,1873
979500,1872
980001,1872
980500,1872
981000,1872
981500,1874
982000,1871
982500,1872
983000,1875
983500,1871
984001,1872
984500,1872
985000,1872
985500,1872
986000,1872
986500,1873
987001,1872
987500,1872
988001,1873
988501,1871
989000,1873
989500,1872
990000,1872
990501,1872
991000,1869
991501,1871
992000,1872
992500,1871
993001,1872
993500,1873
994001,1873
994500,1873
995001,1872
995500,1872
996000,1873
996500,1872
997000,1872
997500,1873
998000,1872
998500,1872
999000,1873
999500,1872
1000000,1872
1000500,1872
1001001,1872
1001500,1874
1002000,1873
1002500,1872
1003001,1872
1003501,1872
1004000,1873
1004500,1872
1005000,1875
1005501,1872
1006000,1872
1006500,1872
1007000,1873
1007500,1872
1008000,1871
1008500,1873
1009001,1872
1009500,1872
1010000,1872
1010501,1871
1011000,1872
1011500,1872
1012000,1872
1012500,1873
1013000,1872
1013501,1873
1014000,1872
1014500,1872
1015000,1872
1015500,1872
1016000,1872
1016500,1872
1017000,1872
1017500,1872
1018001,1872
1018500,1872
1019001,1875
1019500,1872
1020000,1872
1020500,1873
1021001,1872
1021500,1872
1022000,1872
1022501,1875
1023000,1873
1023500,1872
1024001,1874
1024500,1872
1025000,1873
1025500,1874
1026000,1874
1026500,1874
1027000,1872
1027500,1872
1028000,1873
1028500,1872
1029000,1872
1029500,1872
1030000,1872
1030500,1872
1031000,1872
1031500,1872
1032000,1872
1032500,1872
1033000,1873
1033500,1871
1034000,1872
1034500,1872
1035001,1872
1035501,1872
1036000,1873
1036501,1873
1037000,1872
1037500,1872
1038000,1872
1038500,1872
1039001,1872
1039500,1872
1040000,1872
1040500,1872
1041000,1872
1041500,1872
1042000,1872
1042500,1872
1043000,1872
1043500,1873
1044001,1872
1044500,1872
1045001,1872
1045501,1873
1046000,1872
1046500,1873
1047000,1872
1047500,1871
1048000,1873
1048500,1872
1049001,1872
1049500,1872
1050000,1874
1050500,1873
1051000,1873
1051500,1872
1052000,1872
1052501,1872
1053000,1872
1053501,1872
1054000,1872
1054500,1874
1055001,1872
1055500,1872
1056000,1873
1056500,1872
1057000,1872
1057500,1872
1058000,1872
1058500,1872
1059001,1872
1059500,1872
1060001,1871
1060500,1872
1061000,1872
1061500,1873
1062000,1874
1062501,1874
1063000,1872
1063500,1872
1064001,1873
1064500,1872
1065000,1872
1065500,1872
1066001,1872
1066500,1871
1067000,1872
1067500,1872
1068000,1874
1068500,1872
1069000,1872
1069500,1873
1070000,1872
1070500,1872
1071000,1872
1071500,1873
1072000,1872
1072500,1872
1073001,1873
1073500,1872
1074000,1872
1074500,1872
1075000,1872
1075500,1872
1076000,1872
1076501,1870
1077000,1872
1077501,1872
1078000,1873
1078501,1871
1079000,1872
1079501,1873
1080000,1873
1080500,1873
1081001,1872
1081500,1872
1082000,1871
1082500,1872
1083000,1872
1083500,1872
1084000,1872
1084500,1872
1085000,1873
1085501,1872
1086000,1872
1086500,1873
1087000,1871
1087501,1872
1088000,1872
1088500,1869
1089000,1872
1089500,1872
1090000,1873
1090500,1872
1091000,1872
1091500,1872
1092001,1872
1092500,1872
1093000,1873
1093501,1871
1094000,1873
1094501,1874
1095000,1872
1095500,1872
1096000,1872
1096501,1873
1097000,1872
1097500,1873
1098000,1872
1098501,1873
1099000,1872
1099500,1872
1100000,1873
1100501,1872
1101000,1872
1101500,1872
1102000,1874
1102500,1872
1103000,1872
1103500,1874
1104000,1874
1104500,1873
1105000,1872
1105500,1874
1106000,1874
1106500,1872
1107001,1872
1107501,1872
1108000,1872
1108501,1872
1109000,1872
1109500,1871
1110000,1873
1110501,1871
1111000,1873
1111500,1872
1112000,1872
1112501,1872
1113000,1873
1113500,1872
1114000,1873
1114500,1874
1115001,1872
1115500,1872
1116001,1872
1116500,1874
1117000,1873
1117500,1872
1118000,1872
1118501,1874
1119000,1872
1119501,1872
1120000,1873
1120501,1872
1121000,1872
1121501,1872
1122000,1872
1122501,1872
1123000,1872
1123500,1872
1124001,1872
1124500,1873
1125000,1872
1125500,1872
1126000,1872
1126500,1873
1127000,1872
1127500,1873
1128000,1871
1128500,1873
1129000,1872
1129500,1872
1130001,1872
1130500,1872
1131000,1872
1131500,1872
1132000,1872
1132500,1874
1133001,1873
1133500,1872
1134000,1873
1134501,1872
1135000,1872
1135500,1872
1136000,1872
1136501,1872
1137000,1871
1137501,1872
1138000,1872
1138501,1872
1139000,1872
1139501,1872
1140000,1872
1140500,1872
1141000,1872
1141501,1872
1142000,1872
1142500,1873
1143000,1871
1143500,1872
1144001,1872
1144500,1872
1145000,1874
1145500,1872
1146000,1872
1146501,1872
1147000,1872
1147501,1872
1148000,1872
1148500,1872
1149001,1869
1149500,1872
1150001,1872
1150501,1872
1151000,1872
1151500,1872
1152000,1872
1152500,1872
1153000,1872
1153500,1872
1154000,1872
1154500,1872
1155001,1872
1155500,1872
1156000,1872
1156501,1872
1157000,1872
1157500,1875
1158000,1873
1158500,1872
1159000,1870
1159501,1873
1160000,1872
1160501,1872
1161000,1872
1161501,1872
1162000,1872
1162501,1872
1163000,1873
1163501,1872
1164000,1873
1164501,1872
1165000,1872
1165501,1872
1166000,1872
1166500,1872
1167000,1873
1167500,1872
1168001,1872
1168500,1872
1169000,1872
1169500,1873
1170000,1872
1170500,1872
1171000,1872
1171500,1872
1172001,1869
1172500,1872
1173000,1872
1173501,1872
1174000,1872
1174500,1872
1175001,1872
1175501,1871
1176000,1873
1176500,1873
1177000,1872
1177500,1872
1178000,1872
1178501,1872
1179000,1873
1179501,1872
1180000,1873
1180500,1872
1181000,1872
1181500,1872
1182000,1872
1182500,1871
1183001,1873
1183500,1873
1184000,1871
1184500,1871
1185000,1872
1185500,1874
1186000,1872
1186500,1873
1187001,1873
1187500,1870
1188000,1873
1188501,1873
1189000,1872
1189501,1872
1190000,1872
1190500,1872
1191000,1872
1191500,1872
1192000,1872
1192500,1872
1193000,1872
1193501,1872
1194000,1874
1194500,1872
1195000,1872
1195500,1872
1196000,1872
1196500,1872
1197000,1872
1197501,1872
1198000,1872
1198501,1872
1199000,1872
1199500,1872
1200001,1872
1200500,1874
1201000,1872
1201501,1873
1202000,1872
1202501,1871
1203000,1872
1203501,1873
1204000,1873
1204501,1873
1205000,1872
1205501,1873
1206000,1872
1206500,1872
1207000,1872
1207500,1872
1208001,1871
1208501,1874
1209000,1872
1209500,1872
1210000,1875
1210500,1872
1211001,1872
1211500,1872
1212001,1872
1212500,1872
1213000,1873
1213500,1872
1214000,1873
1214500,1872
1215001,1872
1215500,1873
1216001,1870
1216500,1872
1217000,1872
1217500,1872
1218000,1872
1218500,1872
1219000,1872
1219500,1873
1220000,1872
1220500,1872
1221000,1872
1221500,1872
1222000,1872
1222500,1872
1223001,1873
1223500,1870
1224001,1872
1224500,1872
1225000,1872
1225500,1870
1226001,1873
1226500,1872
1227001,1873
1227500,1872
1228000,1872
1228500,1872
1229001,1872
1229500,1872
1230001,1872
1230500,1872
1231000,1873
1231500,1872
1232001,1873
1232500,1873
1233000,1872
1233500,1872
1234000,1872
1234500,1872
1235000,1874
1235500,1872
1236000,1872
1236500,1873
1237000,1872
1237500,1872
1238000,1873
1238500,1873
1239001,1874
1239501,1872
1240000,1872
1240500,1874
1241000,1872
1241500,1872
1242001,1873
1242500,1872
1243001,1874
1243500,1872
1244001,1872
1244500,1872
1245000,1872
1245500,1871
1246000,1870
1246501,1873
1247000,1873
1247500,1872
1248000,1878
1248501,1872
1249000,1873
1249500,1872
1250000,1872
1250500,1872
1251001,1874
1251500,1873
1252000,1871
1252500,1870
1253000,1872
1253500,1872
1254000,1870
1254500,1872
1255001,1872
1255500,1873
1256000,1872
1256500,1873
1257001,1872
1257500,1872
1258000,1872
1258500,1872
1259000,1872
1259500,1874
1260000,1872
1260500,1872
1261000,1872
1261500,1873
1262000,1871
1262500,1872
1263001,1872
1263500,1872
1264000,1872
1264500,1872
1265000,1872
1265500,1873
1266000,1872
1266500,1872
1267000,1872
1267501,1872
1268000,1873
1268500,1872
1269001,1873
1269500,1872
1270000,1872
1270500,1872
1271000,1872
1271500,1870
1272000,1872
1272501,1871
1273000,1872
1273500,1874
1274000,1872
1274501,1872
1275000,1873
1275500,1872
1276000,1871
1276500,1872
1277000,1872
1277500,1871
1278000,1873
1278500,1871
1279001,1873
1279501,1872
1280000,1874
1280500,1872
1281001,1874
1281500,1873
1282000,1873
1282501,1873
1283000,1872
1283501,1872
1284000,1872
1284500,1874
1285000,1872
1285500,1872
1286000,1872
1286500,1872
1287000,1872
1287500,1872
1288000,1873
1288500,1872
1289000,1873
1289500,1872
1290001,1871
1290500,1872
1291001,1870
1291500,1873
1292001,1869
1292500,1872
1293000,1872
1293501,1872
1294000,1873
1294501,1872
1295000,1874
1295500,1872
1296000,1872
1296500,1872
1297000,1873
1297500,1872
1298000,1870
1298500,1872
1299001,1873
1299500,1872
1300001,1874
1300500,1873
1301000,1872
1301500,1872
1302000,1876
1302500,1872
1303000,1872
1303500,1873
1304000,1872
1304500,1872
1305000,1872
1305500,1872
1306001,1875
1306500,1871
1307000,1872
1307501,1873
1308000,1872
1308500,1872
1309000,1872
1309500,1872
1310000,1872
1310501,1873
1311000,1873
1311500,1872
1312000,1873
1312501,1872
1313000,1872
1313500,1871
1314001,1872
1314500,1872
1315000,1872
1315500,1871
1316001,1872
1316500,1872
1317000,1872
1317500,1872
1318000,1873
1318500,1874
1319000,1875
1319500,1874
1320001,1872
1320501,1872
1321000,1872
1321501,1872
1322000,1873
1322501,1873
1323000,1872
1323501,1874
1324000,1872
1324500,1872
1325001,1871
1325500,1872
1326000,1872
1326500,1872
1327000,1872
1327500,1872
1328000,1872
1328500,1871
1329001,1872
1329500,1872
1330000,1870
1330500,1872
1331000,1872
1331501,1872
1332000,1874
1332501,1874
1333000,1872
1333500,1874
1334000,1872
1334501,1872
1335000,1874
1335500,1872
1336000,1872
1336500,1874
1337000,1873
1337500,1873
1338001,1873
1338500,1872
1339000,1872
1339501,1872
1340000,1872
1340500,1872
1341000,1872
1341500,1872
1342001,1871
1342500,1872
1343001,1872
1343500,1872
1344000,1870
1344500,1872
1345001,1872
1345500,1872
1346000,1872
1346500,1872
1347000,1872
1347500,1872
1348000,1872
1348500,1872
1349000,1872
1349500,1872
1350000,1872
1350500,1872
1351000,1872
1351500,1872
1352000,1872
1352500,1874
1353000,1872
1353500,1872
1354000,1873
1354500,1872
1355000,1872
1355500,1872
1356000,1872
1356501,1874
1357000,1873
1357500,1872
1358000,1872
1358500,1873
1359001,1872
1359500,1872
1360001,1875
1360500,1873
1361000,1871
1361500,1873
1362001,1875
1362500,1872
1363000,1872
1363500,1873
1364000,1872
1364500,1872
1365000,1872
1365500,1872
1366000,1872
1366500,1873
1367001,1872
1367500,1872
1368000,1871
1368500,1872
1369000,1872
1369500,1872
1370001,1872
1370500,1872
1371000,1872
1371500,1874
1372000,1871
1372500,1872
1373000,1872
1373501,1872
1374000,1872
1374501,1874
1375000,1874
1375500,1872
1376001,1873
1376500,1872
1377001,1872
1377500,1872
1378001,1872
1378500,1872
1379001,1872
1379500,1873
1380000,1872
1380500,1871
1381000,1872
1381500,1872
1382001,1873
1382500,1873
1383001,1873
1383500,1872
1384000,1875
1384500,1872
1385000,1871
1385500,1872
1386000,1873
1386500,1872
1387000,1875
1387500,1872
1388001,1873
1388500,1872
1389000,1874
1389500,1874
1390001,1872
1390500,1870
1391001,1872
1391500,1872
1392000,1877
1392500,1876
1393001,1873
1393501,1873
1394000,1872
1394500,1872
1395000,1870
1395500,1873
1396000,1872
1396500,1875
1397001,1872
1397500,1873
1398000,1877
1398500,1872
1399000,1872
1399500,1872
1400000,1875
1400500,1873
1401001,1873
1401500,1872
1402001,1871
1402500,1872
1403000,1871
1403501,1872
1404000,1872
1404500,1872
1405000,1875
1405500,1872
1406000,1872
1406501,1872
1407000,1872
1407501,1872
1408000,1872
1408500,1872
1409000,1872
1409500,1874
1410001,1872
1410500,1872
1411000,1872
1411500,1872
1412000,1871
1412501,1872
1413000,1870
1413500,1872
1414000,1872
1414500,1872
1415000,1872
1415500,1873
1416000,1875
1416500,1873
1417000,1873
1417500,1872
1418000,1871
1418500,1872
1419001,1871
1419500,1872
1420000,1872
1420501,1872
1421000,1873
1421500,1872
1422001,1870
1422500,1872
1423000,1872
1423500,1872
1424000,1872
1424500,1872
1425000,1872
1425500,1873
1426000,1873
1426500,1873
1427000,1872
1427501,1872
1428000,1870
1428500,1872
1429000,1872
1429500,1872
1430000,1872
1430500,1873
1431001,1872
1431500,1871
1432000,1873
1432500,1871
1433000,1872
1433500,1872
1434000,1872
1434501,1872
1435000,1872
1435500,1872
1436000,1872
1436501,1872
1437000,1873
1437501,1872
1438000,1871
1438501,1872
1439000,1872
1439500,1872
1440000,1872
1440500,1872
1441000,1873
1441500,1874
1442000,1875
1442500,1872
1443000,1872
1443500,1872
1444001,1872
1444500,1872
1445001,1872
1445500,1872
1446000,1872
1446500,1872
1447001,1872
1447500,1872
1448001,1872
1448500,1873
1449000,1873
1449500,1872
1450000,1872
1450500,1873
1451000,1872
1451500,1872
1452000,1872
1452500,1872
1453000,1876
1453500,1874
1454001,1872
1454500,1872
1455000,1872
1455500,1872
1456000,1871
1456500,1872
1457000,1871
1457500,1872
1458000,1872
1458500,1872
1459000,1872
1459500,1872
1460000,1872
1460500,1872
1461000,1873
1461500,1872
1462000,1872
1462500,1872
1463001,1874
1463500,1872
1464000,1872
1464500,1872
1465000,1872
1465500,1873
1466000,1875
1466500,1874
1467000,1872
1467500,1872
1468001,1873
1468500,1872
1469000,1873
1469500,1874
1470001,1872
1470500,1872
1471000,1872
1471500,1872
1472000,1872
1472501,1872
1473000,1875
1473500,1872
1474001,1872
1474501,1872
1475000,1873
1475500,1872
1476000,1874
1476500,1874
1477000,1874
1477500,1873
1478000,1872
1478500,1872
1479001,1873
1479500,1872
1480000,1873
1480500,1872
1481001,1872
1481500,1872
1482000,1872
1482500,1872
1483001,1872
1483500,1872
1484001,1872
1484500,1872
1485000,1871
1485500,1873
1486000,1872
1486500,1872
1487000,1873
1487501,1872
1488000,1873
1488500,1873
1489000,1874
1489500,1872
1490001,1872
1490500,1872
1491000,1872
1491500,1873
1492001,1873
1492500,1872
1493000,1873
1493500,1872
1494000,1874
1494500,1872
1495000,1872
1495500,1872
1496001,1873
1496500,1871
1497000,1872
1497500,1874
1498000,1871
1498500,1872
1499001,1872
1499501,1872
1500000,1872
1500500,1873
1501000,1872
1501500,1873
1502000,1872
1502500,1871
1503000,1872
1503500,1872
1504000,1872
1504500,1876
1505000,1872
1505500,1872
1506000,1873
1506500,1872
1507001,1872
1507500,1874
1508000,1873
1508500,1872
1509001,1872
1509500,1873
1510001,1872
1510500,1873
1511000,1873
1511500,1872
1512001,1875
1512500,1873
1513000,1872
1513500,1873
1514000,1873
1514501,1872
1515000,1872
1515501,1872
1516000,1872
1516501,1873
1517000,1873
1517501,1874
1518000,1872
1518500,1872
1519000,1872
1519501,1872
1520000,1872
1520501,1872
1521000,1873
1521500,1872
1522001,1872
1522500,1873
1523000,1872
1523500,1872
1524000,1872
1524500,1872
1525000,1873
1525500,1871
1526000,1871
1526500,1872
1527000,1875
1527500,1877
1528001,1872
1528500,1872
1529000,1872
1529500,1872
1530001,1872
1530500,1872
1531000,1872
1531500,1872
1532000,1872
1532500,1873
1533000,1872
1533500,1871
1534001,1872
1534500,1872
1535000,1872
1535500,1871
1536000,1870
1536500,1872
1537001,1873
1537501,1874
1538000,1872
1538500,1875
1539001,1872
1539500,1871
1540000,1869
1540500,1872
1541000,1874
1541501,1873
1542000,1872
1542500,1873
1543001,1872
1543500,1872
1544000,1872
1544500,1872
1545000,1873
1545500,1872
1546001,1872
1546501,1871
1547000,1872
1547501,1872
1548000,1872
1548501,1873
1549000,1872
1549501,1872
1550000,1872
1550501,1875
1551000,1872
1551500,1872
1552001,1872
1552500,1872
1553000,1872
1553500,1872
1554001,1872
1554500,1872
1555001,1872
1555500,1872
1556000,1871
1556500,1875
1557000,1873
1557500,1872
1558000,1872
1558500,1873
1559001,1872
1559500,1874
1560001,1872
1560500,1872
1561000,1872
1561500,1873
1562000,1874
1562500,1871
1563001,1873
1563500,1873
1564000,1872
1564500,1874
1565000,1874
1565501,1872
1566000,1873
1566500,1872
1567000,1872
1567500,1873
1568000,1873
1568500,1873
1569000,1872
1569500,1872
1570000,1875
1570500,1872
1571000,1872
1571500,1872
1572000,1872
1572500,1872
1573000,1872
1573500,1872
1574000,1873
1574500,1875
1575000,1872
1575501,1871
1576000,1875
1576500,1872
1577000,1872
1577500,1872
1578000,1872
1578500,1874
1579000,1872
1579500,1872
1580001,1872
1580500,1872
1581001,1872
1581500,1872
1582000,1872
1582500,1870
1583000,1872
1583500,1873
1584000,1872
1584500,1872
1585001,1872
1585500,1872
1586000,1872
1586500,1872
1587001,1872
1587500,1872
1588000,1872
1588500,1872
1589000,1872
1589500,1872
1590000,1870
1590501,1872
1591000,1872
1591500,1873
1592000,1873
1592500,1872
1593000,1872
1593501,1872
1594000,1872
1594501,1873
1595000,1873
1595500,1872
1596000,1872
1596500,1872
1597000,1873
1597500,1872
1598001,1872
1598500,1872
1599001,1871
1599500,1872
1600000,1872
1600500,1872
1601000,1872
1601500,1872
1602000,1872
1602500,1872
1603000,1874
1603500,1874
1604001,1872
1604500,1872
1605000,1872
1605500,1872
1606000,1873
1606500,1872
1607001,1873
1607500,1872
1608000,1872
1608500,1872
1609000,1872
1609501,1872
1610000,1873
1610501,1875
1611000,1872
1611500,1873
1612000,1873
1612501,1871
1613000,1872
1613500,1872
1614000,1871
1614500,1870
1615000,1872
1615500,1873
1616000,1871
1616500,1873
1617001,1872
1617501,1872
1618000,1872
1618500,1872
1619001,1872
1619500,1873
1620000,1872
1620500,1874
1621000,1872
1621500,1872
1622001,1872
1622500,1873
1623001,1872
1623500,1872
1624000,1872
1624500,1872
1625000,1872
1625500,1872
1626000,1871
1626500,1872
1627000,1872
1627501,1872
1628000,1872
1628500,1872
1629000,1872
1629501,1872
1630000,1872
1630501,1874
1631000,1872
1631500,1872
1632001,1872
1632500,1872
1633000,1872
1633500,1872
1634000,1872
1634501,1873
1635000,1872
1635501,1873
1636000,1872
1636500,1872
1637000,1872
1637501,1872
1638000,1872
1638501,1872
1639000,1872
1639501,1872
1640000,1872
1640500,1872
1641000,1872
1641500,1872
1642000,1872
1642500,1872
1643000,1874
1643500,1872
1644001,1872
1644501,1872
1645000,1872
1645500,1872
1646000,1872
1646500,1872
1647000,1872
1647500,1872
1648001,1872
1648500,1872
1649001,1872
1649500,1872
1650000,1872
1650500,1873
1651000,1872
1651500,1871
1652001,1872
1652500,1872
1653001,1872
1653500,1872
1654000,1872
1654500,1872
1655000,1872
1655500,1874
1656001,1872
1656500,1871
1657001,1872
1657500,1872
1658001,1872
1658500,1872
1659001,1872
1659500,1872
1660000,1872
1660500,1875
1661001,1872
1661500,1872
1662000,1872
1662500,1872
1663000,1872
1663500,1873
1664001,1873
1664500,1872
1665001,1872
1665500,1872
1666000,1872
1666500,1871
1667000,1872
1667500,1872
1668000,1872
1668500,1872
1669000,1871
1669501,1872
1670000,1872
1670501,1871
1671000,1872
1671500,1872
1672000,1871
1672500,1872
1673001,1873
1673500,1871
1674000,1872
1674500,1873
1675001,1873
1675500,1872
1676001,1872
1676500,1870
1677000,1872
1677500,1871
1678000,1871
1678501,1872
1679000,1872
1679501,1872
1680000,1873
1680501,1872
1681000,1873
1681501,1872
1682000,1872
1682501,1872
1683000,1873
1683500,1872
1684000,1873
1684500,1872
1685000,1872
1685500,1872
1686001,1874
1686500,1872
1687000,1872
1687500,1872
1688000,1873
1688500,1872
1689000,1872
1689500,1871
1690000,1872
1690501,1872
1691000,1874
1691501,1872
1692000,1872
1692500,1869
1693001,1873
1693500,1871
1694000,1871
1694500,1871
1695001,1873
1695500,1872
1696000,1872
1696500,1874
1697001,1872
1697500,1872
1698000,1872
1698500,1872
1699000,1872
1699501,1873
1700000,1872
1700501,1872
1701000,1872
1701500,1872
1702000,1872
1702500,1872
1703000,1872
1703500,1872
1704000,1872
1704500,1872
1705000,1872
1705500,1872
1706000,1872
1706500,1872
1707001,1873
1707500,1872
1708000,1872
1708500,1873
1709000,1872
1709501,1874
1710000,1873
1710500,1872
1711000,1871
1711501,1872
1712000,1872
1712500,1873
1713000,1874
1713501,1872
1714000,1872
1714500,1871
1715000,1871
1715500,1872
1716001,1872
1716500,1872
1717000,1872
1717501,1873
1718000,1872
1718500,1871
1719000,1873
1719500,1872
1720000,1872
1720500,1872
1721000,1872
1721500,1871
1722000,1872
1722500,1871
1723000,1872
1723500,1872
1724000,1872
1724500,1872
1725000,1871
1725500,1872
1726000,1872
1726500,1872
1727000,1872
1727500,1871
1728000,1872
1728500,1872
1729000,1871
1729500,1873
1730001,1874
1730501,1872
1731000,1872
1731500,1874
1732000,1873
1732501,1872
1733000,1872
1733501,1872
1734000,1872
1734501,1872
1735000,1872
1735500,1872
1736000,1874
1736500,1872
1737001,1873
1737500,1872
1738000,1871
1738500,1872
1739000,1872
1739500,1873
1740001,1872
1740500,1872
1741000,1872
1741501,1872
1742000,1872
1742501,1872
1743000,1872
1743500,1873
1744001,1874
1744500,1871
1745000,1872
1745500,1872
1746001,1872
1746500,1870
1747000,1872
1747500,1871
1748000,1872
1748501,1872
1749000,1872
1749500,1871
1750000,1871
1750500,1872
1751001,1872
1751500,1872
1752000,1872
1752500,1873
1753001,1872
1753500,1872
1754000,1872
1754500,1873
1755001,1872
1755500,1873
1756000,1872
1756500,1873
1757001,1872
1757500,1872
1758000,1871
1758500,1872
1759000,1872
1759501,1872
1760000,1872
1760500,1872
1761001,1872
1761500,1873
1762000,1873
1762500,1875
1763001,1872
1763500,1873
1764000,1872
1764500,1872
1765000,1872
1765500,1874
1766000,1872
1766500,1872
1767000,1872
1767501,1872
1768000,1872
1768500,1872
1769001,1872
1769501,1872
1770000,1872
1770500,1872
1771000,1872
1771500,1872
1772000,1871
1772500,1872
1773000,1872
1773500,1872
1774000,1872
1774500,1870
1775001,1873
1775500,1872
1776000,1872
1776500,1873
1777001,1872
1777500,1872
1778000,1872
1778500,1872
1779000,1870
1779500,1872
1780001,1872
1780500,1871
1781001,1872
1781500,1872
1782001,1872
1782500,1872
1783001,1872
1783500,1872
1784000,1872
1784500,1871
1785000,1871
1785500,1872
1786001,1872
1786500,1872
1787000,1872
1787500,1872
1788001,1872
1788500,1872
1789000,1872
1789500,1871
1790001,1869
1790500,1872
1791000,1872
1791500,1872
1792000,1872
1792500,1873
1793000,1875
1793500,1872
1794001,1874
1794500,1874
1795000,1872
1795500,1873
1796001,1872
1796500,1872
1797001,1872
1797500,1872
1798000,1872
1798501,1872
1799000,1872
1799501,1873
1800000,1872
1800500,1872
1801001,1872
1801500,1872
1802000,1872
1802500,1874
1803001,1872
1803500,1872
1804000,1874
1804500,1874
1805000,1872
1805500,1872
1806000,1872
1806500,1872
1807000,1872
1807500,1873
1808000,1872
1808501,1872
1809000,1872
1809501,1874
1810000,1872
1810500,1872
1811000,1872
1811500,1872
1812000,1871
1812500,1870
1813000,1873
1813500,1872
1814001,1873
1814500,1871
1815000,1872
1815500,1872
1816000,1874
1816500,1874
1817001,1872
1817500,1872
1818000,1872
1818500,1872
1819000,1872
1819501,1872
1820000,1874
1820501,1874
1821000,1873
1821500,1872
1822000,1873
1822501,1872
1823000,1872
1823501,1872
1824000,1872
1824501,1872
1825000,1875
1825501,1872
1826000,1872
1826500,1871
1827000,1872
1827500,1872
1828000,1872
1828500,1872
1829000,1872
1829500,1872
1830001,1872
1830500,1872
1831000,1872
1831500,1872
1832001,1872
1832500,1871
1833000,1872
1833500,1871
1834001,1872
1834500,1872
1835001,1872
1835500,1873
1836000,1872
1836501,1872
1837000,1872
1837501,1872
1838000,1873
1838500,1871
1839000,1872
1839500,1871
1840000,1873
1840500,1872
1841000,1872
1841500,1874
1842000,1872
1842500,1875
1843000,1872
1843500,1873
1844000,1872
1844500,1872
1845000,1872
1845500,1874
1846000,1872
1846500,1873
1847001,1872
1847501,1872
1848000,1872
1848500,1869
1849001,1872
1849500,1872
1850000,1872
1850500,1872
1851001,1872
1851500,1871
1852001,1871
1852500,1872
1853000,1875
1853500,1872
1854000,1872
1854501,1871
1855000,1878
1855501,1874
1856000,1872
1856501,1872
1857000,1872
1857501,1872
1858000,1872
1858500,1873
1859000,1873
1859500,1870
1860000,1872
1860500,1872
1861001,1872
1861500,1872
1862000,1871
1862500,1872
1863000,1873
1863501,1872
1864000,1872
1864501,1872
1865000,1872
1865501,1872
1866000,1872
1866500,1872
1867001,1871
1867500,1871
1868000,1872
1868500,1872
1869000,1872
1869500,1872
1870001,1870
1870500,1871
1871000,1871
1871500,1872
1872000,1872
1872500,1872
1873001,1873
1873500,1871
1874000,1872
1874500,1874
1875000,1872
1875500,1872
1876001,1872
1876500,1872
1877000,1872
1877500,1872
1878000,1872
1878500,1872
1879001,1872
1879500,1872
1880000,1872
1880500,1877
1881000,1873
1881500,1873
1882001,1873
1882500,1875
1883000,1872
1883500,1872
1884001,1871
1884501,1872
1885000,1872
1885500,1872
1886000,1872
1886500,1872
1887000,1871
1887500,1872
1888000,1872
1888500,1872
1889000,1871
1889500,1873
1890001,1872
1890500,1872
1891000,1872
1891500,1872
1892000,1873
1892501,1869
1893000,1872
1893500,1871
1894001,1872
1894500,1872
1895000,1872
1895500,1872
1896001,1871
1896501,1872
1897000,1872
1897501,1872
1898000,1872
1898501,1869
1899000,1872
1899500,1872
1900000,1872
1900500,1872
1901001,1872
1901500,1872
1902001,1872
1902500,1871
1903000,1873
1903500,1872
1904001,1872
1904500,1872
1905000,1870
1905500,1872
1906001,1872
1906500,1871
1907000,1871
1907500,1870
1908000,1869
1908501,1873
1909000,1871
1909500,1872
1910000,1873
1910500,1872
1911000,1872
1911500,1872
1912000,1872
1912501,1874
1913000,1872
1913500,1872
1914001,1871
1914500,1875
1915000,1872
1915500,1873
1916000,1872
1916500,1872
1917000,1872
1917500,1873
1918001,1872
1918500,1872
1919000,1872
1919500,1873
1920000,1872
1920500,1871
1921001,1873
1921500,1872
1922001,1872
1922500,1873
1923001,1871
1923500,1872
1924000,1872
1924500,1872
1925000,1872
1925500,1872
1926000,1872
1926500,1870
1927000,1872
1927500,1872
1928000,1872
1928501,1872
1929000,1872
1929500,1871
1930001,1873
1930500,1873
1931001,1872
1931500,1873
1932000,1872
1932500,1873
1933000,1873
1933500,1873
1934000,1872
1934500,1871
1935001,1872
1935500,1872
1936000,1872
1936500,1872
1937001,1872
1937500,1872
1938001,1872
1938500,1874
1939000,1871
1939500,1872
1940001,1871
1940500,1870
1941001,1872
1941500,1872
1942001,1872
1942500,1876
1943001,1872
1943500,1872
1944000,1872
1944500,1872
1945001,1872
1945500,1872
1946000,1872
1946500,1870
1947000,1872
1947501,1872
1948000,1871
1948500,1873
1949000,1872
1949501,1871
1950000,1872
1950500,1876
1951000,1872
1951500,1872
1952000,1872
1952501,1876
1953000,1872
1953500,1872
1954001,1873
1954500,1872
1955000,1872
1955500,1873
1956001,1872
1956500,1872
1957000,1872
1957500,1872
1958000,1872
1958501,1871
1959000,1872
1959500,1872
1960001,1872
1960500,1876
1961000,1872
1961500,1872
1962001,1872
1962500,1872
1963000,1872
1963500,1872
1964001,1872
1964500,1872
1965001,1871
1965500,1874
1966000,1872
1966500,1872
1967000,1872
1967501,1872
1968000,1871
1968500,1876
1969000,1873
1969501,1872
1970000,1871
1970500,1872
1971000,1871
1971500,1872
1972001,1871
1972500,1872
1973000,1871
1973500,1872
1974000,1872
1974500,1867
1975000,1872
1975500,1872
1976000,1872
1976501,1874
1977000,1872
1977500,1872
1978000,1872
1978500,1873
1979000,1873
1979500,1872
1980000,1872
1980500,1873
1981000,1872
1981500,1874
1982000,1872
1982500,1872
1983001,1872
1983500,1872
1984000,1872
1984500,1872
1985001,1872
1985500,1872
1986000,1872
1986500,1873
1987001,1872
1987500,1872
1988000,1872
1988500,1873
1989001,1871
1989500,1871
1990000,1872
1990500,1875
1991000,1872
1991500,1872
1992000,1872
1992500,1872
1993000,1872
1993501,1872
1994000,1872
1994500,1873
1995000,1872
1995500,1872
1996000,1871
1996500,1871
1997000,1872
1997501,1872
1998000,1872
1998500,1878
1999001,1872
1999500,1876
2000000,1874
2000500,1872
2001000,1873
2001501,1872
2002000,1872
2002500,1872
2003000,1872
2003500,1872
2004000,1871
2004500,1872
2005000,1871
2005500,1873
2006000,1872
2006500,1872
2007000,1872
2007500,1872
2008000,1871
2008501,1872
2009000,1872
2009501,1872
2010000,1872
2010500,1872
2011000,1871
2011500,1872
2012000,1874
2012501,1871
2013000,1872
2013500,1872
2014001,1872
2014500,1873
2015000,1872
2015500,1872
2016001,1871
2016500,1873
2017000,1872
2017500,1872
2018000,1872
2018500,1871
2019000,1872
2019501,1872
2020000,1872
2020500,1873
2021001,1872
2021500,1872
2022000,1873
2022500,1872
2023001,1875
2023500,1871
2024000,1872
2024501,1875
2025000,1873
2025501,1872
2026000,1872
2026501,1877
2027000,1873
2027500,1872
2028001,1872
2028500,1872
2029000,1873
2029500,1873
2030001,1872
2030500,1872
2031001,1870
2031500,1871
2032000,1871
2032500,1871
2033001,1871
2033501,1872
2034000,1872
2034501,1872
2035000,1871
2035501,1873
2036000,1872
2036501,1874
2037000,1872
2037500,1872
2038000,1872
2038500,1869
2039000,1872
2039500,1872
2040000,1872
2040500,1874
2041000,1872
2041500,1872
2042001,1872
2042500,1873
2043000,1870
2043501,1872
2044000,1872
2044500,1872
2045000,1872
2045500,1872
2046001,1872
2046500,1872
2047000,1872
2047500,1872
2048000,1873
2048501,1872
2049000,1871
2049500,1872
2050001,1872
2050500,1870
2051001,1872
2051500,1872
2052001,1872
2052500,1871
2053001,1872
2053500,1872
2054001,1872
2054500,1873
2055001,1872
2055500,1872
2056000,1873
2056500,1872
2057000,1871
2057500,1873
2058000,1872
2058500,1872
2059001,1871
2059500,1872
2060000,1872
2060501,1872
2061000,1876
2061501,1872
2062000,1875
2062501,1872
2063000,1872
2063500,1872
2064000,1872
2064500,1872
2065001,1872
2065500,1872
2066000,1874
2066500,1872
2067000,1872
2067500,1872
2068001,1873
2068500,1872
2069001,1872
2069500,1872
2070001,1871
2070500,1868
2071000,1872
2071500,1874
2072000,1872
2072500,1872
2073001,1872
2073501,1872
2074000,1872
2074500,1872
2075000,1872
2075500,1872
2076000,1872
2076500,1876
2077001,1873
2077500,1871
2078000,1872
2078500,1872
2079000,1872
2079501,1872
2080000,1872
2080500,1872
2081000,1873
2081501,1872
2082000,1873
2082500,1872
2083001,1872
2083500,1872
2084000,1872
2084500,1872
2085001,1872
2085500,1872
2086000,1872
2086500,1873
2087001,1872
2087500,1871
2088000,1871
2088500,1867
2089000,1872
2089501,1872
2090000,1872
2090501,1873
2091000,1873
2091501,1872
2092000,1871
2092500,1868
2093000,1873
2093501,1872
2094000,1871
2094501,1872
2095000,1872
2095501,1872
2096000,1872
2096501,1871
2097000,1872
2097501,1872
2098000,1872
2098501,1873
2099000,1873
2099501,1873
2100000,1870
2100500,1872
2101001,1872
2101500,1872
2102000,1872
2102500,1873
2103000,1872
2103500,1869
2104000,1871
2104500,1872
2105000,1872
2105500,1872
2106000,1873
2106500,1872
2107000,1872
2107501,1870
2108000,1872
2108500,1872
2109000,1871
2109501,1872
2110000,1872
2110501,1872
2111000,1872
2111501,1872
2112000,1872
2112500,1872
2113000,1870
2113500,1872
2114000,1872
2114500,1873
2115001,1872
2115500,1872
2116000,1872
2116501,1874
2117000,1875
2117501,1872
2118000,1872
2118500,1872
2119000,1872
2119501,1872
2120000,1873
2120500,1872
2121001,1872
2121500,1872
2122000,1872
2122501,1872
2123000,1872
2123500,1872
2124000,1872
2124501,1872
2125000,1872
2125500,1872
2126001,1872
2126501,1872
2127000,1872
2127500,1872
2128001,1872
2128500,1869
2129000,1872
2129500,1870
2130000,1871
2130500,1872
2131000,1872
2131500,1871
2132000,1871
2132500,1871
2133000,1872
2133500,1872
2134000,1872
2134500,1872
2135000,1873
2135500,1872
2136000,1872
2136500,1872
2137000,1872
2137500,1873
2138001,1872
2138501,1873
2139000,1872
2139500,1872
2140000,1872
2140500,1872
2141000,1872
2141500,1871
2142001,1872
2142500,1872
2143000,1872
2143500,1872
2144001,1872
2144500,1872
2145000,1872
2145500,1872
2146000,1872
2146500,1872
2147000,1875
2147501,1872
2148000,1872
2148500,1871
2149000,1870
2149500,1872
2150000,1872
2150501,1872
2151000,1872
2151500,1872
2152000,1871
2152500,1873
2153000,1871
2153500,1872
2154001,1872
2154500,1872
2155001,1872
2155500,1872
2156000,1870
2156500,1872
2157000,1872
2157500,1872
2158001,1872
2158500,1872
2159000,1873
2159500,1871
2160000,1872
2160500,1872
2161000,1872
2161500,1872
2162000,1872
2162500,1873
2163001,1872
2163500,1872
2164001,1872
2164501,1872
2165000,1875
2165500,1872
2166000,1872
2166500,1872
2167001,1872
2167500,1872
2168000,1872
2168500,1872
2169000,1872
2169500,1871
2170001,1872
2170500,1871
2171000,1872
2171500,1873
2172001,1871
2172500,1872
2173000,1872
2173500,1872
2174000,1872
2174501,1872
2175000,1874
2175501,1872
2176000,1872
2176501,1872
2177000,1872
2177501,1871
2178000,1873
2178500,1873
2179000,1871
2179500,1873
2180001,1872
2180500,1873
2181000,1871
2181500,1872
2182001,1872
2182500,1872
2183000,1872
2183501,1872
2184000,1872
2184500,1873
2185001,1871
2185500,1871
2186000,1872
2186500,1872
2187001,1872
2187500,1872
2188000,1873
2188500,1872
2189000,1873
2189501,1872
2190000,1872
2190501,1872
2191000,1872
2191501,1872
2192000,1872
2192500,1872
2193000,1873
2193500,1874
2194001,1872
2194500,1872
2195000,1872
2195501,1871
2196000,1872
2196500,1872
2197000,1872
2197500,1872
2198000,1872
2198501,1872
2199000,1871
2199501,1872
2200000,1872
2200501,1871
2201000,1872
2201501,1872
2202000,1872
2202500,1872
2203000,1874
2203501,1872
2204000,1872
2204501,1872
2205000,1872
2205501,1872
2206000,1872
2206500,1873
2207001,1870
2207500,1872
2208000,1872
2208500,1872
2209001,1872
2209500,1872
2210000,1874
2210500,1873
2211001,1872
2211501,1872
2212000,1871
2212500,1874
2213000,1872
2213501,1872
2214000,1873
2214500,1872
2215001,1872
2215500,1872
2216000,1872
2216500,1872
2217000,1872
2217500,1872
2218000,1871
2218500,1874
2219001,1872
2219500,1872
2220001,1873
2220500,1873
2221000,1872
2221500,1872
2222001,1872
2222500,1875
2223000,1872
2223500,1872
2224000,1872
2224501,1872
2225000,1872
2225501,1872
2226000,1872
2226500,1872
2227000,1872
2227500,1871
2228000,1873
2228500,1872
2229000,1872
2229501,1872
2230000,1871
2230501,1872
2231000,1872
2231501,1872
2232000,1872
2232500,1872
2233001,1872
2233500,1872
2234001,1872
2234500,1872
2235001,1872
2235500,1872
2236000,1874
2236501,1872
2237000,1873
2237500,1871
2238001,1873
2238500,1872
2239000,1872
2239501,1873
2240000,1873
2240501,1872
2241000,1872
2241500,1872
2242001,1872
2242500,1872
2243000,1870
2243500,1872
2244000,1872
2244500,1871
2245000,1872
2245500,1872
2246000,1872
2246500,1872
2247000,1872
2247500,1873
2248000,1872
2248500,1872
2249001,1875
2249500,1872
2250000,1872
2250500,1873
2251001,1872
2251500,1873
2252000,1874
2252500,1873
2253000,1875
2253501,1872
2254000,1873
2254500,1875
2255001,1872
2255500,1872
2256000,1872
2256500,1872
2257001,1873
2257500,1873
2258001,1873
2258500,1872
2259000,1874
2259500,1873
2260000,1872
2260500,1872
2261000,1873
2261500,1872
2262000,1872
2262500,1872
2263000,1870
2263501,1872
2264000,1871
2264500,1872
2265000,1872
2265500,1872
2266000,1872
2266501,1872
2267000,1872
2267501,1872
2268000,1872
2268501,1873
2269000,1872
2269500,1872
2270000,1872
2270500,1872
2271000,1873
2271501,1872
2272000,1872
2272500,1873
2273000,1873
2273500,1874
2274000,1872
2274500,1872
2275001,1872
2275500,1872
2276000,1872
2276500,1872
2277000,1871
2277500,1872
2278001,1872
2278500,1870
2279001,1873
2279500,1870
2280000,1872
2280500,1871
2281001,1872
2281500,1871
2282000,1872
2282500,1872
2283000,1874
2283500,1873
2284000,1872
2284500,1872
2285001,1872
2285500,1872
2286000,1874
2286500,1872
2287001,1873
2287500,1872
2288001,1872
2288500,1873
2289000,1873
2289501,1872
2290000,1871
2290501,1872
2291000,1872
2291500,1872
2292001,1873
2292500,1872
2293000,1869
2293501,1872
2294000,1872
2294500,1875
2295000,1872
2295500,1870
2296001,1873
2296500,1872
2297000,1873
2297501,1872
2298000,1872
2298500,1873
2299000,1872
2299500,1872
2300000,1872
2300500,1872
2301000,1872
2301500,1872
2302001,1872
2302500,1872
2303000,1874
2303500,1874
2304000,1872
2304501,1872
2305000,1872
2305501,1872
2306000,1872
2306501,1871
2307000,1872
2307500,1872
2308001,1872
2308500,1871
2309000,1872
2309501,1872
2310000,1872
2310500,1873
2311000,1872
2311500,1870
2312000,1872
2312500,1872
2313000,1872
2313500,1872
2314000,1872
2314500,1872
2315001,1872
2315500,1871
2316000,1872
2316500,1872
2317001,1873
2317500,1870
2318001,1872
2318500,1872
2319000,1872
2319500,1871
2320000,1872
2320500,1872
2321000,1872
2321500,1872
2322001,1872
2322500,1872
2323000,1872
2323500,1874
2324000,1872
2324501,1872
2325000,1869
2325500,1873
2326000,1872
2326500,1874
2327000,1872
2327500,1875
2328001,1872
2328500,1872
2329001,1872
2329500,1872
2330001,1872
2330500,1873
2331000,1871
2331500,1872
2332000,1872
2332500,1872
2333000,1872
2333501,1872
2334000,1873
2334500,1873
2335001,1872
2335500,1876
2336001,1872
2336500,1872
2337001,1875
2337500,1873
2338000,1873
2338500,1873
2339000,1872
2339500,1873
2340001,1873
2340500,1872
2341000,1873
2341501,1872
2342000,1872
2342500,1872
2343001,1872
2343500,1872
2344000,1873
2344500,1872
2345000,1874
2345500,1872
2346000,1873
2346500,1872
2347001,1873
2347500,1872
2348001,1872
2348500,1874
2349000,1872
2349500,1873
2350001,1873
2350500,1872
2351000,1873
2351500,1872
2352001,1872
2352500,1873
2353000,1874
2353500,1872
2354000,1872
2354500,1872
2355000,1873
2355500,1872
2356001,1872
2356500,1872
2357000,1872
2357500,1873
2358001,1873
2358500,1873
2359000,1872
2359500,1872
2360000,1872
2360500,1874
2361000,1871
2361501,1872
2362000,1872
2362501,1872
2363000,1872
2363500,1873
2364000,1872
2364500,1872
2365000,1874
2365500,1872
2366001,1873
2366500,1874
2367000,1874
2367500,1876
2368000,1872
2368500,1872
2369001,1872
2369500,1870
2370001,1872
2370500,1872
2371000,1874
2371500,1872
2372000,1872
2372500,1872
2373000,1872
2373500,1871
2374001,1872
2374500,1872
2375000,1872
2375500,1872
2376000,1873
2376500,1872
2377001,1872
2377500,1872
2378001,1872
2378500,1872
2379000,1872
2379500,1872
2380001,1874
2380500,1871
2381000,1873
2381500,1874
2382001,1871
2382500,1872
2383001,1873
2383500,1872
2384000,1872
2384500,1872
2385001,1872
2385500,1872
2386001,1871
2386500,1872
2387000,1872
2387500,1871
2388000,1872
2388500,1871
2389000,1872
2389501,1872
2390000,1872
2390501,1872
2391000,1872
2391501,1872
2392000,1871
2392501,1872
2393000,1871
2393501,1872
2394000,1872
2394500,1872
2395000,1872
2395500,1872
2396000,1872
2396500,1872
2397000,1872
2397500,1872
2398001,1872
2398500,1872
2399000,1873
2399500,1872
2400000,1873
2400501,1872
2401000,1872
2401500,1871
2402001,1872
2402500,1872
2403000,1874
2403500,1872
2404001,1872
2404500,1872
2405000,1872
2405501,1873
2406000,1872
2406500,1872
2407000,1873
2407500,1872
2408001,1874
2408500,1872
2409001,1874
2409500,1872
2410000,1872
2410500,1872
2411001,1871
2411500,1872
2412001,1872
2412500,1872
2413000,1871
2413500,1872
2414001,1872
2414500,1872
2415000,1873
2415500,1872
2416000,1871
2416500,1873
2417000,1873
2417500,1871
2418000,1872
2418500,1872
2419000,1872
2419501,1872
2420000,1872
2420500,1872
2421001,1872
2421500,1872
2422000,1873
2422500,1872
2423000,1872
2423500,1872
2424001,1872
2424500,1872
2425000,1873
2425500,1872
2426000,1875
2426501,1872
2427000,1872
2427501,1874
2428000,1875
2428501,1874
2429000,1872
2429501,1872
2430000,1872
2430500,1870
2431001,1871
2431500,1872
2432001,1873
2432500,1872
2433000,1873
2433500,1868
2434000,1871
2434500,1871
2435000,1872
2435500,1873
2436001,1872
2436501,1872
2437000,1873
2437501,1872
2438000,1872
2438501,1872
2439000,1872
2439501,1872
2440000,1875
2440500,1872
2441000,1872
2441500,1873
2442001,1872
2442500,1872
2443001,1872
2443500,1871
2444000,1872
2444500,1872
2445001,1873
2445500,1872
2446000,1871
2446500,1872
2447000,1873
2447500,1872
2448000,1872
2448500,1873
2449001,1871
2449500,1872
2450001,1872
2450500,1875
2451000,1872
2451500,1873
2452001,1872
2452500,1872
2453000,1870
2453500,1872
2454001,1872
2454501,1873
2455000,1872
2455500,1871
2456000,1871
2456500,1872
2457001,1871
2457500,1873
2458000,1872
2458501,1872
2459000,1869
2459501,1872
2460000,1872
2460501,1872
2461000,1872
2461500,1872
2462001,1872
2462500,1872
2463000,1872
2463500,1872
2464001,1872
2464500,1872
2465000,1870
2465500,1872
2466001,1870
2466500,1872
2467000,1872
2467500,1870
2468000,1872
2468500,1872
2469000,1872
2469501,1872
2470000,1872
2470500,1873
2471000,1872
2471500,1872
2472001,1872
2472500,1872
2473000,1872
2473500,1872
2474001,1871
2474500,1872
2475000,1872
2475500,1872
2476000,1872
2476500,1871
2477000,1871
2477500,1872
2478000,1873
2478500,1872
2479001,1872
2479500,1869
2480000,1872
2480500,1872
2481000,1872
2481500,1872
2482001,1872
2482500,1872
2483000,1871
2483500,1872
2484000,1872
2484501,1872
2485000,1871
2485500,1873
2486000,1872
2486500,1872
2487001,1872
2487500,1872
2488001,1872
2488500,1871
2489000,1872
2489500,1872
2490000,1872
2490500,1873
2491000,1872
2491500,1872
2492001,1872
2492500,1872
2493000,1873
2493500,1872
2494001,1872
2494500,1873
2495000,1876
2495500,1874
2496001,1872
2496500,1872
2497000,1874
2497500,1871
2498000,1872
2498500,1872
2499000,1872
2499501,1872
2500000,1872
2500501,1873
2501000,1872
2501500,1872
2502001,1872
2502500,1872
2503001,1873
2503500,1873
2504000,1872
2504500,1872
2505001,1872
2505500,1871
2506001,1872
2506500,1872
2507000,1872
2507500,1872
2508000,1872
2508500,1875
2509001,1872
2509501,1872
2510000,1872
2510501,1871
2511000,1872
2511500,1873
2512001,1872
2512500,1871
2513000,1870
2513501,1872
2514000,1874
2514500,1874
2515000,1872
2515501,1872
2516000,1872
2516501,1873
2517000,1872
2517500,1872
2518001,1871
2518500,1872
2519000,1872
2519500,1872
2520000,1873
2520500,1873
2521000,1872
2521500,1872
2522001,1872
2522500,1873
2523000,1872
2523501,1872
2524000,1871
2524501,1872
2525000,1872
2525500,1872
2526000,1872
2526501,1872
2527000,1872
2527500,1875
2528000,1874
2528500,1872
2529000,1872
2529500,1873
2530000,1873
2530501,1876
2531000,1872
2531500,1872
2532001,1872
2532500,1872
2533001,1872
2533500,1873
2534000,1872
2534500,1872
2535000,1872
2535501,1872
2536000,1872
2536500,1872
2537000,1872
2537500,1871
2538001,1872
2538500,1871
2539000,1871
2539500,1872
2540000,1872
2540500,1872
2541000,1872
2541500,1874
2542000,1873
2542500,1872
2543001,1869
2543500,1872
2544000,1872
2544500,1873
2545000,1873
2545501,1872
2546000,1872
2546500,1872
2547000,1872
2547501,1872
2548000,1872
2548500,1872
2549001,1873
2549500,1873
2550000,1872
2550501,1872
2551000,1872
2551501,1872
2552000,1872
2552501,1872
2553000,1872
2553501,1872
2554000,1872
2554500,1873
2555000,1872
2555500,1871
2556000,1874
2556500,1872
2557000,1872
2557501,1872
2558000,1872
2558500,1871
2559001,1869
2559500,1872
2560000,1872
2560500,1872
2561000,1872
2561501,1872
2562000,1872
2562501,1872
2563000,1872
2563500,1872
2564001,1872
2564500,1872
2565000,1872
2565501,1872
2566000,1872
2566500,1872
2567000,1872
2567500,1872
2568001,1872
2568500,1872
2569000,1872
2569500,1873
2570000,1874
2570500,1872
2571000,1872
2571500,1873
2572000,1872
2572500,1872
2573001,1870
2573500,1872
2574001,1872
2574500,1873
2575001,1872
2575500,1872
2576001,1872
2576500,1873
2577000,1872
2577500,1872
2578000,1872
2578500,1875
2579000,1872
2579500,1872
2580000,1873
2580500,1875
2581001,1868
2581500,1872
2582000,1873
2582500,1872
2583000,1872
2583500,1872
2584000,1870
2584500,1872
2585000,1873
2585500,1872
2586000,1872
2586501,1872
2587000,1872
2587500,1872
2588001,1874
2588500,1872
2589000,1872
2589500,1872
2590000,1872
2590500,1872
2591000,1872
2591500,1872
2592000,1872
2592500,1872
2593000,1876
2593501,1872
2594000,1872
2594500,1872
2595001,1872
2595500,1872
2596000,1871
2596500,1872
2597001,1875
2597501,1871
2598000,1870
2598500,1872
2599001,1871
2599500,1872
2600001,1872
2600500,1872
2601000,1875
2601500,1872
2602000,1873
2602500,1872
2603001,1870
2603500,1872
2604001,1872
2604500,1872
2605000,1872
2605500,1873
2606001,1872
2606500,1872
2607001,1875
2607500,1873
2608000,1872
2608500,1872
2609001,1872
2609500,1872
2610000,1872
2610500,1872
2611001,1872
2611500,1873
2612000,1872
2612500,1872
2613000,1872
2613500,1872
2614000,1874
2614500,1872
2615000,1872
2615501,1872
2616000,1873
2616501,1872
2617000,1872
2617501,1872
2618000,1872
2618501,1871
2619000,1872
2619501,1872
2620000,1872
2620501,1872
2621000,1867
2621500,1872
2622001,1872
2622500,1872
2623000,1874
2623501,1872
2624000,1872
2624501,1872
2625000,1872
2625500,1872
2626000,1872
2626500,1872
2627001,1872
2627500,1872
2628001,1872
2628500,1872
2629000,1872
2629500,1872
2630000,1872
2630500,1872
2631000,1874
2631500,1873
2632000,1872
2632501,1871
2633000,1872
2633500,1871
2634000,1872
2634500,1872
2635000,1872
2635500,1872
2636000,1872
2636500,1873
2637000,1872
2637500,1872
2638000,1872
2638501,1872
2639000,1873
2639500,1872
2640001,1872
2640500,1872
2641000,1872
2641501,1872
2642000,1872
2642500,1871
2643000,1872
2643500,1871
2644001,1872
2644500,1872
2645000,1872
2645501,1872
2646000,1872
2646500,1872
2647001,1872
2647500,1872
2648001,1872
2648500,1872
2649000,1872
2649500,1872
2650001,1872
2650500,1872
2651000,1872
2651500,1872
2652000,1872
2652500,1872
2653001,1867
2653500,1872
2654000,1872
2654500,1872
2655000,1874
2655500,1872
2656000,1872
2656500,1872
2657001,1867
2657500,1871
2658000,1872
2658500,1872
2659001,1875
2659500,1872
2660000,1874
2660500,1871
2661001,1873
2661501,1872
2662000,1875
2662500,1872
2663001,1872
2663500,1872
2664000,1874
2664500,1872
2665000,1874
2665501,1872
2666000,1872
2666500,1872
2667001,1873
2667500,1872
2668000,1872
2668500,1873
2669001,1879
2669500,1872
2670000,1873
2670500,1872
2671001,1872
2671500,1872
2672000,1872
2672500,1873
2673001,1873
2673500,1872
2674000,1872
2674500,1872
2675001,1870
2675500,1872
2676001,1872
2676500,1872
2677000,1871
2677501,1871
2678000,1872
2678500,1872
2679001,1872
2679500,1871
2680000,1872
2680500,1872
2681001,1872
2681500,1872
2682001,1873
2682500,1870
2683000,1872
2683501,1873
2684000,1873
2684501,1872
2685000,1871
2685500,1872
2686001,1873
2686500,1872
2687000,1873
2687500,1872
2688001,1872
2688500,1872
2689000,1871
2689500,1875
2690000,1871
2690500,1873
2691001,1873
2691500,1872
2692000,1872
2692500,1872
2693001,1871
2693500,1872
2694001,1872
2694500,1872
2695000,1872
2695500,1872
2696000,1872
2696500,1872
2697000,1873
2697500,1874
2698001,1872
2698500,1873
2699001,1874
2699500,1872
2700000,1872
2700500,1872
2701000,1872
2701501,1875
2702000,1871
2702500,1872
2703000,1873
2703500,1872
2704000,1872
2704500,1873
2705001,1873
2705501,1872
2706000,1872
2706501,1872
2707000,1872
2707500,1872
2708000,1871
2708500,1871
2709000,1872
2709501,1872
2710000,1872
2710500,1872
2711000,1875
2711500,1872
2712000,1870
2712500,1874
2713001,1872
2713500,1872
2714001,1873
2714500,1871
2715000,1872
2715500,1872
2716001,1873
2716500,1872
2717000,1870
2717500,1873
2718001,1873
2718500,1873
2719000,1871
2719500,1872
2720000,1872
2720500,1870
2721000,1872
2721500,1872
2722000,1871
2722500,1873
2723001,1871
2723500,1872
2724000,1872
2724501,1872
2725000,1872
2725500,1872
2726000,1873
2726501,1872
2727000,1871
2727500,1872
2728001,1872
2728500,1871
2729001,1872
2729500,1871
2730000,1872
2730500,1872
2731001,1872
2731500,1872
2732000,1873
2732500,1872
2733000,1872
2733501,1872
2734000,1873
2734501,1875
2735000,1875
2735501,1872
2736000,1872
2736501,1875
2737000,1872
2737501,1872
2738000,1872
2738500,1871
2739001,1872
2739500,1874
2740001,1872
2740500,1872
2741001,1872
2741500,1873
2742000,1872
2742500,1872
2743000,1871
2743500,1870
2744001,1872
2744500,1873
2745000,1872
2745500,1872
2746000,1872
2746500,1872
2747000,1872
2747501,1872
2748000,1872
2748501,1872
2749000,1872
2749500,1872
2750000,1872
2750500,1872
2751000,1872
2751500,1872
2752000,1873
2752501,1872
2753000,1873
2753501,1872
2754000,1872
2754501,1872
2755000,1872
2755500,1873
2756001,1872
2756500,1873
2757000,1871
2757500,1872
2758000,1872
2758501,1872
2759000,1875
2759500,1872
2760001,1872
2760500,1869
2761000,1872
2761500,1872
2762000,1871
2762501,1872
2763000,1873
2763501,1873
2764000,1872
2764500,1873
2765000,1873
2765500,1872
2766000,1872
2766500,1871
2767000,1872
2767500,1872
2768000,1872
2768500,1872
2769000,1872
2769500,1872
2770000,1872
2770500,1873
2771001,1874
2771500,1872
2772000,1874
2772500,1872
2773000,1873
2773500,1872
2774000,1872
2774500,1873
2775000,1873
2775500,1872
2776001,1872
2776501,1871
2777000,1874
2777500,1872
2778001,1872
2778500,1872
2779001,1872
2779500,1874
2780000,1872
2780500,1872
2781000,1872
2781501,1872
2782000,1872
2782501,1872
2783000,1872
2783500,1872
2784001,1872
2784500,1871
2785000,1872
2785500,1872
2786000,1872
2786500,1872
2787000,1872
2787500,1873
2788000,1875
2788500,1872
2789000,1872
2789501,1872
2790000,1872
2790501,1872
2791000,1872
2791501,1872
2792000,1872
2792501,1873
2793000,1873
2793501,1872
2794000,1872
2794500,1872
2795001,1872
2795500,1872
2796001,1872
2796500,1871
2797001,1872
2797500,1872
2798000,1872
2798500,1872
2799000,1872
2799500,1873
2800001,1872
2800500,1873
2801001,1872
2801500,1873
2802000,1872
2802500,1871
2803001,1872
2803501,1872
2804000,1872
2804501,1872
2805000,1872
2805500,1872
2806000,1872
2806500,1873
2807001,1872
2807500,1872
2808000,1872
2808500,1872
2809000,1872
2809500,1872
2810001,1872
2810500,1874
2811000,1873
2811500,1873
2812001,1872
2812500,1872
2813000,1872
2813501,1873
2814000,1872
2814500,1873
2815000,1872
2815501,1873
2816000,1872
2816500,1872
2817001,1872
2817500,1872
2818000,1873
2818500,1872
2819001,1873
2819500,1872
2820000,1873
2820501,1872
2821000,1871
2821501,1872
2822000,1872
2822500,1871
2823001,1873
2823500,1872
2824000,1874
2824500,1871
2825001,1874
2825500,1875
2826000,1871
2826500,1872
2827000,1872
2827500,1873
2828000,1872
2828500,1872
2829001,1873
2829500,1872
2830001,1873
2830500,1871
2831000,1872
2831500,1873
2832000,1872
2832500,1873
2833000,1872
2833500,1873
2834000,1872
2834500,1872
2835000,1873
2835501,1872
2836000,1872
2836501,1872
2837000,1873
2837500,1872
2838001,1872
2838500,1873
2839000,1871
2839501,1872
2840000,1872
2840500,1874
2841001,1872
2841500,1873
2842000,1873
2842500,1872
2843000,1873
2843501,1872
2844000,1872
2844500,1872
2845000,1872
2845501,1871
2846000,1874
2846500,1872
2847000,1873
2847501,1872
2848000,1874
2848501,1874
2849000,1872
2849501,1872
2850000,1872
2850500,1873
2851001,1872
2851500,1872
2852000,1872
2852500,1872
2853001,1872
2853500,1872
2854000,1872
2854501,1872
2855000,1872
2855500,1874
2856000,1872
2856501,1872
2857000,1872
2857501,1874
2858000,1873
2858500,1875
2859001,1872
2859500,1872
2860000,1872
2860501,1872
2861000,1872
2861500,1874
2862001,1873
2862500,1872
2863000,1872
2863500,1872
2864000,1872
2864500,1872
2865001,1874
2865500,1872
2866000,1872
2866500,1875
2867000,1875
2867500,1873
2868001,1872
2868500,1872
2869000,1868
2869500,1873
2870000,1872
2870500,1872
2871000,1872
2871500,1872
2872000,1872
2872500,1872
2873000,1872
2873500,1871
2874000,1872
2874500,1872
2875000,1872
2875500,1872
2876001,1872
2876500,1872
2877000,1873
2877501,1872
2878000,1870
2878500,1872
2879000,1872
2879501,1872
2880000,1872
2880501,1872
2881000,1871
2881500,1873
2882001,1872
2882500,1872
2883000,1873
2883500,1872
2884000,1873
2884500,1873
2885000,1872
2885500,1874
2886000,1873
2886501,1873
2887000,1873
2887500,1875
2888001,1872
2888500,1875
2889000,1872
2889500,1872
2890000,1873
2890500,1872
2891000,1872
2891501,1872
2892000,1872
2892501,1873
2893000,1876
2893500,1877
2894000,1874
2894501,1872
2895000,1872
2895500,1872
2896001,1872
2896500,1874
2897000,1871
2897501,1872
2898000,1872
2898501,1873
2899000,1873
2899500,1870
2900001,1872
2900500,1872
2901000,1872
2901500,1872
2902000,1872
2902500,1872
2903001,1872
2903500,1872
2904000,1871
2904500,1872
2905000,1872
2905500,1872
2906000,1872
2906500,1871
2907000,1872
2907500,1872
2908001,1872
2908500,1874
2909000,1872
2909500,1872
2910001,1872
2910500,1872
2911000,1872
2911500,1872
2912000,1872
2912501,1872
2913000,1872
2913501,1873
2914000,1875
2914500,1871
2915001,1873
2915500,1871
2916001,1872
2916500,1872
2917000,1872
2917500,1873
2918000,1872
2918500,1871
2919001,1872
2919500,1872
2920001,1871
2920500,1873
2921000,1872
2921500,1872
2922000,1872
2922500,1873
2923000,1872
2923500,1872
2924001,1872
2924500,1872
2925000,1872
2925500,1872
2926001,1872
2926500,1873
2927000,1872
2927500,1873
2928000,1872
2928501,1874
2929000,1872
2929500,1872
2930000,1873
2930500,1872
2931000,1872
2931500,1872
2932001,1872
2932500,1872
2933000,1870
2933500,1872
2934000,1871
2934500,1874
2935000,1874
2935500,1874
2936001,1875
2936500,1873
2937001,1872
2937501,1872
2938000,1872
2938500,1872
2939001,1872
2939500,1872
2940000,1872
2940500,1872
2941001,1872
2941500,1873
2942000,1872
2942500,1872
2943000,1871
2943501,1872
2944000,1872
2944501,1874
2945000,1872
2945500,1874
2946000,1872
2946500,1872
2947000,1872
2947500,1872
2948000,1872
2948500,1872
2949001,1872
2949500,1872
2950000,1872
2950500,1872
2951000,1872
2951500,1873
2952000,1873
2952500,1873
2953001,1872
2953500,1872
2954001,1873
2954500,1872
2955000,1872
2955501,1872
2956000,1873
2956501,1872
2957000,1872
2957500,1872
2958001,1872
2958501,1873
2959000,1872
2959500,1872
2960001,1872
2960501,1872
2961000,1872
2961501,1872
2962000,1873
2962501,1871
2963000,1871
2963501,1872
2964000,1871
2964501,1874
2965000,1872
2965501,1872
2966000,1872
2966500,1873
2967001,1872
2967500,1874
2968001,1872
2968500,1872
2969000,1872
2969500,1873
2970001,1872
2970500,1872
2971000,1871
2971500,1872
2972000,1874
2972500,1875
2973000,1872
2973501,1872
2974000,1872
2974501,1872
2975000,1872
2975500,1874
2976000,1872
2976501,1872
2977000,1872
2977500,1873
2978000,1872
2978501,1872
2979000,1872
2979501,1872
2980000,1870
2980500,1873
2981000,1872
2981500,1872
2982000,1873
2982500,1875
2983001,1873
2983500,1872
2984000,1872
2984500,1874
2985000,1872
2985500,1871
2986000,1875
2986500,1873
2987001,1872
2987500,1873
2988000,1875
2988500,1872
2989001,1873
2989500,1871
2990001,1872
2990500,1872
2991000,1875
2991500,1871
2992000,1870
2992500,1872
2993000,1875
2993500,1873
2994001,1872
2994500,1872
2995000,1872
2995500,1872
2996000,1873
2996500,1872
2997000,1872
2997500,1874
2998001,1872
2998500,1872
2999000,1871
2999500,1874
3000001,1872
3000500,1872
3001001,1872
3001500,1872
3002000,1873
3002500,1872
3003000,1872
3003500,1871
3004000,1872
3004500,1872
3005000,1872
3005500,1872
3006000,1872
3006500,1872
3007000,1872
3007500,1873
3008000,1872
3008500,1874
3009000,1872
3009500,1872
3010000,1872
3010500,1869
3011000,1872
3011500,1872
3012000,1871
3012500,1871
3013000,1872
3013501,1873
3014000,1872
3014501,1873
3015000,1872
3015501,1872
3016000,1872
3016501,1873
3017000,1873
3017500,1873
3018001,1872
3018500,1872
3019001,1872
3019500,1872
3020000,1872
3020500,1872
3021001,1875
3021500,1872
3022001,1871
3022500,1872
3023001,1872
3023500,1872
3024000,1873
3024500,1873
3025000,1872
3025500,1872
3026000,1872
3026500,1873
3027000,1873
3027500,1872
3028000,1872
3028500,1873
3029001,1872
3029500,1872
3030000,1872
3030500,1872
3031000,1872
3031500,1872
3032001,1872
3032500,1873
3033000,1872
3033500,1872
3034000,1873
3034501,1872
3035000,1872
3035501,1875
3036000,1874
3036500,1872
3037000,1873
3037500,1871
3038000,1872
3038501,1872
3039000,1872
3039500,1872
3040000,1874
3040500,1875
3041001,1871
3041500,1873
3042001,1874
3042500,1874
3043001,1872
3043500,1872
3044000,1873
3044500,1872
3045001,1873
3045500,1872
3046000,1872
3046500,1872
3047000,1872
3047500,1872
3048000,1872
3048500,1873
3049000,1872
3049501,1872
3050000,1872
3050500,1870
3051000,1872
3051500,1872
3052001,1872
3052500,1872
3053000,1872
3053500,1872
3054000,1872
3054501,1874
3055000,1871
3055500,1872
3056001,1872
3056500,1872
3057000,1873
3057501,1872
3058000,1872
3058500,1872
3059000,1871
3059501,1873
3060000,1872
3060501,1875
3061000,1872
3061500,1872
3062000,1872
3062500,1873
3063000,1872
3063500,1872
3064001,1872
3064500,1872
3065000,1872
3065500,1872
3066001,1875
3066500,1872
3067000,1872
3067500,1872
3068001,1871
3068500,1872
3069000,1873
3069500,1872
3070000,1872
3070500,1870
3071000,1872
3071500,1871
3072000,1872
3072501,1872
3073000,1869
3073501,1872
3074000,1872
3074500,1872
3075001,1872
3075500,1872
3076000,1872
3076500,1872
3077000,1872
3077500,1872
3078001,1872
3078500,1871
3079000,1872
3079500,1872
3080000,1872
3080500,1872
3081000,1870
3081500,1872
3082000,1870
3082500,1871
3083000,1872
3083500,1872
3084000,1872
3084500,1872
3085000,1872
3085500,1872
3086000,1872
3086500,1872
3087001,1872
3087500,1872
3088000,1872
3088500,1872
3089000,1872
3089500,1872
3090000,1872
3090501,1873
3091000,1872
3091501,1871
3092000,1872
3092500,1872
3093000,1873
3093501,1872
3094000,1872
3094501,1872
3095000,1872
3095500,1872
3096000,1872
3096501,1872
3097000,1873
3097500,1872
3098000,1872
3098500,1872
3099001,1872
3099500,1874
3100001,1873
3100500,1872
3101001,1871
3101500,1872
3102000,1872
3102500,1871
3103000,1872
3103500,1871
3104000,1872
3104500,1872
3105000,1872
3105501,1873
3106000,1872
3106500,1872
3107000,1872
3107501,1872
3108000,1872
3108500,1873
3109000,1872
3109500,1872
3110000,1872
3110500,1873
3111001,1871
3111500,1872
3112001,1872
3112500,1872
3113000,1873
3113500,1872
3114000,1872
3114500,1872
3115000,1874
3115501,1872
3116000,1871
3116500,1872
3117001,1872
3117500,1872
3118001,1872
3118500,1870
3119000,1873
3119500,1872
3120000,1872
3120500,1872
3121000,1872
3121501,1874
3122000,1872
3122501,1873
3123000,1872
3123501,1872
3124000,1872
3124501,1873
3125000,1872
3125500,1872
3126001,1872
3126500,1873
3127000,1872
3127500,1873
3128000,1872
3128500,1872
3129001,1872
3129500,1872
3130001,1872
3130500,1872
3131000,1873
3131500,1872
3132001,1872
3132500,1872
3133000,1872
3133500,1872
3134000,1870
3134500,1872
3135001,1872
3135500,1872
3136000,1872
3136500,1872
3137000,1873
3137501,1872
3138000,1872
3138500,1873
3139000,1872
3139500,1872
3140000,1872
3140500,1872
3141001,1871
3141500,1872
3142000,1874
3142500,1872
3143001,1872
3143500,1872
3144000,1872
3144500,1873
3145000,1872
3145501,1872
3146000,1872
3146501,1871
3147000,1873
3147501,1873
3148000,1873
3148500,1869
3149000,1872
3149500,1872
3150000,1872
3150500,1874
3151000,1872
3151500,1873
3152000,1873
3152500,1872
3153000,1872
3153500,1872
3154001,1873
3154500,1872
3155000,1872
3155500,1872
3156000,1872
3156500,1872
3157000,1872
3157500,1872
3158001,1872
3158500,1873
3159000,1872
3159500,1874
3160000,1872
3160500,1872
3161000,1872
3161500,1872
3162000,1872
3162500,1872
3163000,1873
3163500,1872
3164001,1875
3164500,1870
3165000,1873
3165500,1872
3166000,1873
3166500,1872
3167001,1872
3167500,1872
3168001,1872
3168500,1871
3169001,1872
3169500,1872
3170000,1872
3170501,1874
3171000,1872
3171500,1872
3172001,1872
3172500,1875
3173000,1873
3173500,1872
3174000,1873
3174500,1872
3175000,1872
3175500,1872
3176000,1872
3176500,1875
3177001,1872
3177500,1872
3178000,1872
3178500,1872
3179001,1874
3179500,1872
3180000,1872
3180500,1867
3181001,1872
3181500,1873
3182000,1872
3182500,1873
3183001,1872
3183500,1873
3184001,1873
3184500,1878
3185000,1872
3185500,1871
3186000,1872
3186500,1872
3187001,1871
3187501,1872
3188000,1871
3188501,1872
3189000,1872
3189500,1872
3190000,1872
3190501,1872
3191000,1872
3191500,1871
3192000,1872
3192500,1871
3193000,1872
3193500,1872
3194000,1872
3194500,1872
3195000,1871
3195501,1870
3196000,1873
3196501,1872
3197000,1872
3197501,1872
3198000,1872
3198501,1872
3199000,1872
3199501,1872
3200000,1872
3200500,1872
3201000,1872
3201501,1872
3202000,1872
3202501,1872
3203000,1873
3203500,1873
3204000,1873
3204500,1873
3205000,1873
3205500,1872
3206000,1873
3206500,1872
3207001,1873
3207500,1872
3208000,1872
3208500,1871
3209000,1872
3209500,1873
3210000,1874
3210500,1872
3211001,1873
3211500,1872
3212000,1873
3212500,1872
3213000,1871
3213500,1872
3214000,1873
3214500,1872
3215000,1872
3215500,1874
3216000,1872
3216500,1873
3217000,1872
3217500,1872
3218000,1872
3218500,1870
3219000,1872
3219500,1873
3220000,1871
3220500,1870
3221001,1872
3221500,1872
3222000,1872
3222500,1874
3223000,1872
3223500,1873
3224000,1873
3224500,1874
3225000,1872
3225501,1871
3226000,1872
3226501,1872
3227000,1873
3227500,1872
3228000,1872
3228500,1871
3229000,1872
3229500,1873
3230000,1871
3230501,1872
3231000,1872
3231501,1872
3232000,1872
3232500,1873
3233000,1873
3233500,1873
3234001,1871
3234501,1872
3235000,1872
3235500,1872
3236001,1872
3236500,1873
3237000,1872
3237500,1872
3238000,1872
3238500,1873
3239001,1872
3239500,1872
3240000,1872
3240500,1872
3241001,1871
3241500,1872
3242000,1872
3242500,1869
3243000,1872
3243500,1872
3244000,1872
3244500,1871
3245001,1872
3245500,1872
3246001,1872
3246500,1872
3247000,1872
3247500,1872
3248000,1873
3248500,1874
3249001,1874
3249500,1872
3250000,1872
3250500,1872
3251000,1873
3251500,1872
3252000,1872
3252500,1874
3253000,1873
3253500,1872
3254000,1872
3254500,1875
3255000,1872
3255500,1870
3256001,1872
3256500,1872
3257000,1870
3257500,1872
3258001,1872
3258500,1875
3259000,1873
3259500,1872
3260000,1872
3260500,1872
3261001,1872
3261500,1873
3262001,1874
3262500,1876
3263000,1873
3263500,1872
3264000,1871
3264500,1872
3265001,1872
3265500,1872
3266000,1872
3266500,1872
3267000,1872
3267500,1872
3268001,1872
3268500,1872
3269000,1872
3269500,1872
3270000,1871
3270500,1874
3271000,1872
3271500,1874
3272001,1872
3272500,1872
3273000,1875
3273500,1874
3274000,1872
3274500,1872
3275000,1872
3275500,1873
3276000,1873
3276500,1873
3277000,1871
3277500,1872
3278000,1872
3278500,1871
3279001,1872
3279500,1872
3280000,1872
3280500,1874
3281001,1872
3281500,1873
3282001,1872
3282500,1872
3283000,1871
3283500,1872
3284000,1871
3284500,1872
3285000,1871
3285501,1872
3286000,1871
3286500,1871
3287000,1872
3287500,1872
3288001,1872
3288500,1872
3289000,1872
3289500,1872
3290000,1871
3290500,1872
3291000,1872
3291500,1872
3292001,1872
3292500,1872
3293000,1873
3293501,1872
3294000,1873
3294501,1872
3295000,1872
3295500,1872
3296000,1872
3296500,1871
3297000,1872
3297500,1872
3298001,1872
3298501,1873
3299000,1869
3299500,1872
3300001,1872
3300500,1872
3301000,1872
3301500,1872
3302000,1872
3302500,1872
3303001,1875
3303500,1872
3304000,1872
3304500,1869
3305000,1872
3305501,1872
3306000,1872
3306500,1872
3307000,1872
3307501,1871
3308000,1872
3308501,1872
3309000,1870
3309500,1872
3310000,1872
3310500,1872
3311001,1872
3311501,1872
3312000,1872
3312501,1872
3313000,1872
3313501,1872
3314000,1872
3314500,1872
3315001,1872
3315500,1872
3316000,1872
3316500,1872
3317000,1872
3317500,1873
3318001,1872
3318500,1872
3319000,1872
3319500,1872
3320001,1872
3320500,1869
3321001,1874
3321500,1872
3322000,1872
3322501,1872
3323000,1872
3323500,1872
3324000,1872
3324500,1873
3325000,1872
3325500,1872
3326000,1872
3326500,1872
3327000,1872
3327501,1872
3328000,1872
3328500,1872
3329001,1872
3329500,1870
3330000,1871
3330500,1874
3331001,1873
3331500,1872
3332000,1872
3332501,1872
3333000,1872
3333500,1872
3334000,1871
3334500,1872
3335001,1872
3335500,1871
3336000,1872
3336500,1873
3337000,1872
3337500,1872
3338000,1872
3338501,1872
3339000,1872
3339500,1872
3340000,1872
3340501,1872
3341000,1872
3341501,1872
3342000,1872
3342500,1873
3343000,1872
3343500,1874
3344000,1872
3344500,1872
3345000,1872
3345500,1872
3346000,1872
3346500,1873
3347001,1872
3347501,1872
3348000,1871
3348501,1872
3349000,1872
3349500,1873
3350000,1872
3350500,1872
3351000,1871
3351500,1872
3352001,1869
3352500,1873
3353000,1872
3353500,1872
3354001,1872
3354500,1872
3355000,1872
3355500,1873
3356000,1871
3356500,1872
3357000,1871
3357501,1871
3358000,1872
3358500,1872
3359000,1872
3359500,1871
3360001,1871
3360500,1872
3361001,1871
3361500,1872
3362000,1871
3362500,1871
3363000,1872
3363500,1872
3364000,1872
3364500,1872
3365001,1872
3365501,1872
3366000,1872
3366500,1873
3367000,1872
3367500,1872
3368000,1872
3368500,1873
3369000,1872
3369500,1872
3370001,1873
3370500,1872
3371000,1872
3371501,1872
3372000,1872
3372500,1872
3373001,1872
3373501,1872
3374000,1872
3374501,1872
3375000,1872
3375500,1872
3376000,1872
3376500,1872
3377000,1872
3377500,1872
3378000,1872
3378501,1871
3379000,1871
3379500,1872
3380001,1872
3380500,1877
3381000,1873
3381500,1872
3382001,1873
3382500,1872
3383000,1871
3383501,1872
3384000,1872
3384500,1872
3385001,1872
3385500,1872
3386000,1872
3386500,1872
3387000,1872
3387501,1872
3388000,1872
3388500,1872
3389001,1872
3389500,1872
3390000,1872
3390500,1872
3391000,1873
3391500,1872
3392000,1872
3392500,1874
3393000,1872
3393500,1871
3394000,1872
3394500,1871
3395000,1871
3395501,1872
3396000,1872
3396500,1872
3397001,1873
3397500,1872
3398000,1872
3398500,1873
3399000,1872
3399500,1871
3400000,1872
3400500,1872
3401000,1872
3401500,1872
3402000,1873
3402500,1872
3403000,1872
3403500,1870
3404000,1872
3404500,1871
3405000,1872
3405500,1873
3406000,1869
3406500,1870
3407000,1872
3407501,1872
3408000,1872
3408500,1872
3409000,1872
3409500,1872
3410001,1873
3410500,1872
3411000,1872
3411500,1872
3412000,1872
3412500,1872
3413001,1872
3413500,1872
3414000,1873
3414500,1872
3415000,1871
3415500,1872
3416001,1870
3416500,1871
3417000,1872
3417500,1873
3418000,1872
3418500,1873
3419001,1872
3419500,1872
3420000,1873
3420500,1873
3421000,1873
3421501,1872
3422000,1872
3422501,1871
3423000,1872
3423501,1872
3424000,1872
3424501,1870
3425000,1871
3425501,1872
3426000,1871
3426501,1872
3427000,1872
3427501,1872
3428000,1873
3428500,1872
3429000,1872
3429500,1872
3430000,1872
3430500,1872
3431000,1871
3431500,1871
3432001,1872
3432500,1872
3433000,1872
3433500,1872
3434000,1872
3434500,1872
3435000,1872
3435500,1872
3436000,1871
3436500,1872
3437000,1872
3437500,1872
3438001,1872
3438500,1869
3439000,1872
3439500,1871
3440000,1872
3440500,1872
3441000,1872
3441500,1872
3442000,1872
3442500,1872
3443001,1871
3443500,1872
3444000,1872
3444500,1872
3445000,1872
3445500,1872
3446000,1871
3446500,1872
3447000,1873
3447501,1872
3448000,1873
3448501,1873
3449000,1872
3449501,1872
3450000,1872
3450500,1871
3451000,1872
3451500,1872
3452000,1872
3452500,1872
3453000,1872
3453501,1872
3454000,1872
3454501,1872
3455000,1872
3455500,1872
3456000,1871
3456500,1871
3457000,1872
3457500,1871
3458001,1871
3458500,1872
3459000,1872
3459500,1872
3460000,1872
3460501,1872
3461000,1873
3461501,1873
3462000,1872
3462500,1872
3463000,1870
3463501,1872
3464000,1871
3464501,1872
3465000,1872
3465500,1870
3466000,1873
3466500,1871
3467001,1876
3467500,1872
3468001,1871
3468500,1872
3469001,1872
3469500,1874
3470000,1872
3470500,1873
3471000,1872
3471500,1872
3472001,1872
3472500,1872
3473000,1872
3473500,1872
3474000,1872
3474501,1871
3475000,1872
3475500,1872
3476000,1872
3476501,1872
3477000,1874
3477501,1872
3478000,1872
3478500,1871
3479000,1872
3479500,1872
3480000,1872
3480500,1872
3481001,1872
3481500,1872
3482000,1872
3482500,1871
3483000,1873
3483501,1874
3484000,1872
3484500,1872
3485000,1872
3485501,1873
3486000,1872
3486501,1870
3487000,1873
3487501,1872
3488000,1871
3488500,1871
3489000,1872
3489500,1872
3490000,1872
3490500,1872
3491000,1872
3491500,1872
3492000,1871
3492500,1873
3493000,1872
3493500,1873
3494000,1873
3494500,1872
3495001,1872
3495500,1872
3496000,1875
3496501,1872
3497000,1871
3497500,1872
3498000,1872
3498500,1872
3499000,1872
3499500,1872
3500001,1872
3500500,1872
3501001,1873
3501500,1872
3502000,1873
3502500,1873
3503000,1872
3503501,1872
3504000,1872
3504501,1872
3505000,1872
3505500,1872
3506000,1872
3506501,1872
3507000,1872
3507500,1872
3508001,1872
3508500,1871
3509001,1877
3509500,1874
3510000,1872
3510500,1872
3511000,1875
3511500,1872
3512000,1873
3512500,1872
3513000,1872
3513500,1873
3514000,1872
3514500,1872
3515000,1872
3515500,1871
3516001,1872
3516500,1872
3517000,1872
3517500,1872
3518000,1872
3518501,1873
3519000,1872
3519501,1872
3520000,1872
3520500,1872
3521000,1872
3521500,1872
3522001,1872
3522501,1872
3523000,1872
3523501,1874
3524000,1872
3524501,1872
3525000,1872
3525500,1876
3526000,1872
3526500,1872
3527001,1872
3527500,1873
3528000,1873
3528500,1873
3529000,1872
3529500,1871
3530000,1873
3530500,1872
3531000,1872
3531500,1872
3532000,1872
3532500,1872
3533001,1872
3533501,1872
3534000,1872
3534500,1873
3535001,1872
3535501,1872
3536000,1872
3536500,1872
3537001,1873
3537501,1872
3538000,1873
3538500,1871
3539001,1873
3539500,1872
3540000,1872
3540500,1872
3541000,1872
3541501,1874
3542000,1873
3542501,1872
3543000,1872
3543500,1872
3544001,1872
3544500,1873
3545000,1870
3545500,1872
3546000,1872
3546500,1872
3547000,1872
3547500,1872
3548000,1871
3548500,1872
3549000,1873
3549500,1872
3550000,1873
3550500,1872
3551000,1872
3551500,1872
3552001,1872
3552501,1871
3553000,1872
3553500,1872
3554000,1872
3554501,1872
3555000,1872
3555501,1872
3556000,1872
3556500,1873
3557001,1874
3557500,1872
3558001,1872
3558500,1871
3559000,1872
3559500,1872
3560000,1872
3560500,1873
3561000,1874
3561500,1871
3562000,1872
3562501,1872
3563000,1872
3563501,1868
3564000,1872
3564501,1871
3565000,1872
3565501,1872
3566000,1872
3566501,1873
3567000,1872
3567501,1872
3568000,1872
3568501,1872
3569000,1872
3569501,1872
3570000,1872
3570500,1872
3571000,1871
3571500,1872
3572000,1872
3572500,1872
3573000,1872
3573501,1872
3574000,1872
3574501,1872
3575000,1872
3575500,1873
3576000,1872
3576500,1872
3577000,1872
3577500,1871
3578000,1872
3578500,1871
3579001,1871
3579500,1872
3580000,1872
3580501,1872
3581000,1873
3581501,1872
3582000,1872
3582501,1872
3583000,1872
3583500,1872
3584000,1872
3584500,1872
3585000,1872
3585500,1872
3586001,1873
3586500,1872
3587000,1871
3587500,1872
3588001,1872
3588500,1872
3589000,1870
3589500,1872
3590000,1871
3590500,1871
3591000,1872
3591501,1875
3592000,1872
3592500,1872
3593000,1872
3593501,1872
3594000,1872
3594500,1872
3595000,1872
3595501,1871
3596000,1872
3596501,1872
3597000,1872
3597501,1872
3598000,1872
3598500,1872
3599001,1872
3599500,1872
3600000,1872
3600500,1874
3601000,1872
3601500,1872
3602000,1872
3602500,1872
3603000,1874
3603500,1869
3604000,1872
3604500,1872
3605000,1871
3605500,1872
3606000,1872
3606500,1872
3607000,1871
3607500,1871
3608000,1872
3608501,1872
3609000,1872
3609500,1872
3610000,1872
3610501,1872
3611000,1872
3611501,1872
3612000,1872
3612501,1872
3613000,1872
3613501,1873
3614000,1872
3614500,1873
3615000,1872
3615500,1873
3616000,1870
3616501,1872
3617000,1871
3617500,1872
3618001,1873
3618500,1871
3619000,1871
3619500,1873
3620000,1872
3620500,1872
3621001,1873
3621500,1872
3622000,1872
3622500,1872
3623001,1871
3623501,1872
3624000,1872
3624500,1872
3625000,1872
3625500,1873
3626000,1872
3626500,1872
3627000,1872
3627501,1871
3628000,1872
3628500,1873
3629000,1874
3629500,1872
3630000,1871
3630500,1873
3631001,1873
3631500,1872
3632000,1872
3632500,1872
3633001,1872
3633500,1873
3634000,1872
3634500,1872
3635000,1871
3635500,1871
3636000,1872
3636500,1872
3637000,1870
3637500,1872
3638000,1872
3638500,1872
3639000,1871
3639500,1871
3640000,1873
3640501,1872
3641000,1872
3641500,1872
3642001,1872
3642500,1872
3643000,1872
3643500,1872
3644000,1872
3644500,1872
3645001,1872
3645500,1872
3646000,1872
3646500,1872
3647000,1872
3647500,1873
3648000,1873
3648500,1872
3649000,1872
3649500,1871
3650000,1872
3650500,1873
3651001,1871
3651500,1871
3652000,1872
3652500,1872
3653000,1872
3653500,1872
3654000,1874
3654501,1872
3655000,1872
3655501,1872
3656000,1872
3656501,1872
3657000,1869
3657500,1872
3658000,1872
3658501,1872
3659000,1872
3659500,1872
3660000,1872
3660501,1872
3661000,1872
3661500,1872
3662001,1872
3662500,1872
3663000,1872
3663500,1872
3664000,1872
3664500,1871
3665000,1872
3665500,1872
3666000,1875
3666500,1872
3667000,1875
3667500,1871
3668000,1872
3668501,1872
3669000,1874
3669500,1874
3670000,1872
3670500,1872
3671000,1873
3671500,1872
3672001,1872
3672500,1872
3673000,1872
3673501,1872
3674000,1872
3674500,1872
3675001,1873
3675500,1873
3676000,1872
3676500,1872
3677000,1872
3677500,1872
3678000,1872
3678501,1873
3679000,1871
3679500,1871
3680001,1871
3680500,1872
3681000,1872
3681500,1873
3682001,1872
3682500,1872
3683000,1872
3683500,1872
3684001,1872
3684500,1872
3685001,1872
3685500,1873
3686001,1873
3686500,1871
3687000,1873
3687500,1872
3688000,1871
3688501,1872
3689000,1872
3689500,1872
3690001,1872
3690500,1872
3691000,1872
3691501,1872
3692000,1872
3692500,1872
3693000,1872
3693500,1872
3694000,1871
3694500,1873
3695000,1872
3695500,1872
3696000,1872
3696500,1872
3697000,1872
3697500,1872
3698001,1872
3698500,1872
3699000,1872
3699500,1872
3700000,1872
3700500,1872
3701000,1871
3701500,1871
3702001,1872
3702500,1871
3703000,1872
3703500,1871
3704001,1872
3704500,1872
3705000,1872
3705500,1872
3706000,1873
3706501,1873
3707000,1875
3707500,1872
3708000,1872
3708500,1873
3709000,1872
3709500,1872
3710000,1872
3710501,1872
3711000,1870
3711500,1872
3712000,1872
3712501,1872
3713000,1875
3713500,1871
3714000,1872
3714500,1872
3715001,1873
3715501,1872
3716000,1872
3716500,1872
3717000,1872
3717501,1872
3718000,1872
3718500,1872
3719001,1872
3719500,1872
3720000,1872
3720500,1871
3721000,1872
3721500,1872
3722001,1872
3722500,1871
3723000,1872
3723500,1872
3724000,1873
3724500,1871
3725000,1872
3725500,1872
3726000,1872
3726501,1872
3727000,1874
3727500,1871
3728000,1872
3728500,1872
3729001,1873
3729500,1871
3730000,1872
3730500,1872
3731000,1872
3731500,1872
3732000,1872
3732500,1874
3733001,1872
3733500,1872
3734000,1872
3734500,1872
3735000,1873
3735500,1872
3736000,1872
3736500,1874
3737000,1873
3737500,1872
3738001,1873
3738500,1872
3739000,1872
3739500,1874
3740000,1872
3740501,1875
3741000,1875
3741500,1872
3742000,1872
3742501,1872
3743000,1871
3743500,1873
3744000,1872
3744500,1872
3745001,1872
3745500,1872
3746000,1873
3746501,1872
3747000,1873
3747501,1872
3748000,1873
3748501,1872
3749000,1872
3749501,1872
3750000,1872
3750501,1872
3751000,1872
3751500,1872
3752001,1872
3752500,1872
3753000,1874
3753500,1872
3754000,1872
3754501,1872
3755000,1872
3755501,1872
3756000,1872
3756500,1871
3757000,1871
3757501,1872
3758000,1874
3758500,1873
3759000,1874
3759500,1872
3760001,1873
3760500,1872
3761000,1872
3761500,1871
3762000,1872
3762500,1871
3763000,1872
3763500,1872
3764001,1872
3764500,1872
3765000,1873
3765500,1872
3766001,1872
3766500,1872
3767000,1871
3767500,1872
3768001,1872
3768500,1871
3769001,1872
3769500,1872
3770000,1872
3770500,1872
3771000,1872
3771500,1871
3772000,1872
3772500,1872
3773001,1869
3773500,1872
3774000,1872
3774500,1871
3775000,1872
3775500,1872
3776001,1874
3776500,1871
3777000,1872
3777500,1873
3778000,1872
3778500,1872
3779000,1871
3779500,1872
3780000,1872
3780501,1872
3781000,1872
3781500,1872
3782000,1872
3782501,1872
3783000,1872
3783501,1872
3784000,1872
3784500,1871
3785000,1872
3785501,1874
3786000,1870
3786501,1873
3787000,1872
3787501,1872
3788000,1872
3788501,1872
3789000,1873
3789500,1872
3790000,1872
3790501,1872
3791000,1872
3791500,1872
3792001,1872
3792501,1872
3793000,1872
3793500,1872
3794000,1872
3794500,1873
3795001,1869
3795500,1871
3796000,1872
3796500,1872
3797001,1872
3797500,1871
3798000,1872
3798501,1872
3799000,1872
3799500,1872
3800000,1872
3800500,1874
3801000,1872
3801500,1873
3802000,1872
3802500,1872
3803000,1874
3803500,1872
3804001,1872
3804500,1872
3805000,1873
3805500,1872
3806001,1872
3806500,1872
3807000,1872
3807500,1872
3808001,1872
3808500,1870
3809000,1872
3809500,1872
3810000,1873
3810500,1872
3811000,1874
3811500,1872
3812001,1872
3812500,1872
3813001,1872
3813500,1872
3814000,1872
3814500,1872
3815001,1870
3815500,1873
3816000,1872
3816501,1872
3817000,1875
3817501,1872
3818000,1874
3818500,1873
3819000,1872
3819501,1872
3820000,1872
3820500,1872
3821001,1872
3821500,1872
3822000,1871
3822500,1872
3823000,1873
3823500,1872
3824001,1873
3824500,1872
3825000,1873
3825500,1872
3826001,1873
3826500,1872
3827000,1871
3827500,1875
3828000,1872
3828501,1873
3829000,1873
3829501,1872
3830000,1873
3830500,1872
3831001,1873
3831500,1872
3832000,1872
3832500,1872
3833000,1872
3833500,1873
3834000,1871
3834501,1873
3835000,1872
3835501,1874
3836000,1872
3836501,1873
3837000,1874
3837501,1871
3838000,1872
3838501,1872
3839000,1872
3839500,1872
3840001,1872
3840500,1872
3841000,1872
3841500,1874
3842000,1872
3842501,1873
3843000,1870
3843500,1872
3844001,1873
3844500,1872
3845000,1872
3845500,1872
3846000,1871
3846501,1872
3847000,1874
3847501,1872
3848000,1872
3848501,1872
3849000,1872
3849501,1872
3850000,1872
3850501,1872
3851000,1873
3851501,1872
3852000,1872
3852500,1872
3853001,1873
3853500,1873
3854000,1872
3854500,1872
3855000,1869
3855501,1873
3856000,1872
3856500,1872
3857000,1873
3857500,1872
3858000,1872
3858501,1872
3859000,1872
3859500,1871
3860001,1872
3860500,1872
3861000,1872
3861500,1873
3862001,1872
3862500,1872
3863001,1872
3863500,1872
3864001,1872
3864500,1873
3865000,1873
3865500,1872
3866001,1870
3866500,1872
3867000,1871
3867500,1871
3868000,1872
3868500,1872
3869001,1872
3869500,1872
3870000,1872
3870500,1872
3871000,1872
3871500,1873
3872000,1873
3872500,1872
3873000,1873
3873500,1872
3874000,1872
3874500,1872
3875000,1872
3875501,1874
3876000,1872
3876501,1873
3877000,1872
3877501,1875
3878000,1872
3878501,1872
3879000,1870
3879500,1872
3880000,1870
3880500,1873
3881000,1872
3881500,1872
3882000,1872
3882500,1873
3883000,1874
3883501,1872
3884000,1872
3884500,1872
3885001,1871
3885500,1872
3886000,1872
3886500,1873
3887001,1874
3887500,1872
3888000,1872
3888500,1872
3889000,1872
3889500,1871
3890000,1872
3890500,1872
3891000,1871
3891500,1871
3892000,1873
3892501,1872
3893000,1872
3893500,1872
3894000,1872
3894500,1872
3895000,1872
3895501,1872
3896000,1873
3896500,1872
3897001,1871
3897500,1872
3898000,1872
3898501,1872
3899000,1872
3899501,1872
3900000,1872
3900500,1873
3901000,1872
3901501,1873
3902000,1872
3902501,1871
3903000,1872
3903500,1875
3904000,1872
3904501,1871
3905000,1872
3905500,1872
3906000,1872
3906501,1872
3907000,1871
3907501,1873
3908000,1873
3908500,1872
3909000,1872
3909500,1872
3910000,1872
3910500,1872
3911001,1872
3911500,1872
3912000,1872
3912500,1872
3913000,1872
3913500,1872
3914000,1872
3914500,1873
3915001,1872
3915500,1872
3916000,1873
3916500,1872
3917000,1874
3917501,1872
3918000,1872
3918501,1872
3919000,1875
3919500,1872
3920001,1872
3920500,1872
3921000,1870
3921500,1872
3922000,1871
3922501,1872
3923000,1872
3923501,1872
3924000,1872
3924500,1873
3925000,1872
3925501,1872
3926000,1872
3926500,1872
3927001,1874
3927500,1872
3928000,1872
3928500,1873
3929000,1869
3929500,1872
3930000,1872
3930500,1872
3931000,1871
3931500,1872
3932000,1871
3932500,1871
3933001,1872
3933500,1871
3934000,1875
3934501,1873
3935000,1872
3935501,1872
3936000,1873
3936501,1872
3937000,1870
3937500,1873
3938000,1872
3938500,1872
3939000,1870
3939500,1872
3940000,1872
3940500,1871
3941001,1872
3941500,1872
3942000,1872
3942500,1872
3943000,1873
3943501,1874
3944000,1875
3944501,1873
3945000,1871
3945500,1872
3946001,1872
3946500,1872
3947000,1872
3947501,1872
3948000,1873
3948501,1873
3949000,1874
3949500,1872
3950000,1872
3950500,1872
3951000,1873
3951500,1872
3952001,1872
3952500,1872
3953001,1872
3953500,1872
3954000,1874
3954501,1873
3955000,1874
3955501,1872
3956000,1872
3956500,1872
3957000,1879
3957500,1872
3958000,1873
3958500,1871
3959001,1872
3959500,1872
3960000,1873
3960500,1873
3961001,1872
3961500,1872
3962000,1872
3962500,1873
3963000,1873
3963500,1874
3964000,1871
3964501,1872
3965000,1871
3965501,1872
3966000,1872
3966501,1872
3967000,1871
3967500,1872
3968000,1871
3968500,1873
3969000,1872
3969501,1872
3970000,1872
3970500,1871
3971001,1872
3971500,1874
3972001,1872
3972500,1872
3973000,1871
3973500,1873
3974000,1873
3974500,1871
3975000,1873
3975500,1872
3976001,1871
3976500,1875
3977001,1872
3977501,1872
3978000,1872
3978501,1874
3979000,1872
3979501,1874
3980000,1872
3980501,1873
3981000,1871
3981501,1872
3982000,1872
3982501,1874
3983000,1871
3983500,1872
3984001,1873
3984500,1873
3985000,1873
3985500,1872
3986001,1870
3986500,1871
3987001,1872
3987500,1872
3988000,1871
3988501,1872
3989000,1872
3989500,1872
3990000,1874
3990501,1872
3991000,1872
3991501,1872
3992000,1873
3992500,1872
3993000,1874
3993500,1872
3994000,1872
3994500,1872
3995000,1873
3995500,1872
3996000,1872
3996500,1872
3997001,1872
3997500,1872
3998000,1872
3998500,1872
3999000,1871
3999500,1872
4000001,1872
4000500,1872
4001000,1872
4001500,1872
4002001,1870
4002500,1872
4003000,1872
4003500,1873
4004000,1871
4004500,1875
4005000,1874
4005501,1872
4006000,1872
4006501,1873
4007000,1872
4007501,1872
4008000,1871
4008500,1872
4009001,1872
4009500,1870
4010000,1873
4010500,1873
4011000,1872
4011501,1873
4012000,1871
4012501,1872
4013000,1874
4013501,1874
4014000,1872
4014500,1873
4015000,1872
4015500,1872
4016000,1872
4016500,1872
4017000,1872
4017500,1872
4018000,1872
4018500,1872
4019000,1872
4019500,1872
4020001,1872
4020500,1872
4021000,1872
4021500,1872
4022001,1873
4022500,1872
4023000,1872
4023500,1872
4024000,1872
4024501,1872
4025000,1872
4025500,1870
4026001,1871
4026501,1872
4027000,1872
4027500,1872
4028000,1872
4028501,1872
4029000,1874
4029501,1875
4030000,1872
4030501,1872
4031000,1872
4031501,1872
4032000,1872
4032500,1874
4033001,1872
4033500,1873
4034000,1872
4034500,1872
4035000,1872
4035501,1872
4036000,1872
4036500,1871
4037000,1873
4037501,1871
4038000,1872
4038500,1872
4039001,1872
4039500,1872
4040000,1872
4040500,1872
4041000,1872
4041500,1872
4042000,1875
4042501,1873
4043000,1874
4043500,1871
4044000,1872
4044501,1871
4045000,1870
4045501,1873
4046000,1872
4046500,1872
4047000,1873
4047500,1873
4048000,1872
4048500,1873
4049001,1872
4049500,1872
4050000,1872
4050500,1871
4051000,1874
4051501,1872
4052000,1872
4052501,1872
4053000,1871
4053500,1872
4054001,1873
4054500,1872
4055000,1872
4055500,1872
4056000,1872
4056501,1872
4057000,1872
4057500,1873
4058000,1872
4058501,1873
4059000,1876
4059501,1872
4060000,1872
4060500,1875
4061001,1875
4061501,1871
4062000,1871
4062500,1872
4063000,1874
4063501,1871
4064000,1872
4064500,1872
4065001,1873
4065500,1872
4066000,1872
4066501,1872
4067000,1871
4067501,1871
4068000,1872
4068501,1873
4069000,1872
4069501,1872
4070000,1872
4070501,1872
4071000,1872
4071500,1872
4072001,1872
4072500,1872
4073000,1872
4073500,1872
4074000,1872
4074500,1871
4075000,1872
4075500,1872
4076000,1874
4076500,1872
4077000,1873
4077500,1873
4078000,1872
4078501,1874
4079000,1874
4079500,1872
4080000,1872
4080500,1873
4081000,1873
4081500,1873
4082000,1871
4082500,1872
4083001,1872
4083500,1872
4084000,1872
4084500,1872
4085001,1872
4085500,1872
4086000,1872
4086500,1872
4087000,1872
4087500,1872
4088001,1872
4088500,1872
4089001,1875
4089500,1872
4090000,1874
4090500,1872
4091001,1873
4091500,1874
4092000,1872
4092500,1872
4093000,1871
4093500,1872
4094000,1872
4094501,1872
4095000,1872
4095500,1871
4096000,1872
4096500,1872
4097000,1872
4097500,1872
4098000,1874
4098500,1871
4099000,1871
4099501,1871
4100000,1872
4100501,1872
4101000,1872
4101500,1872
4102001,1873
4102500,1872
4103001,1872
4103500,1872
4104000,1872
4104500,1872
4105000,1872
4105500,1872
4106000,1872
4106500,1872
4107000,1872
4107500,1872
4108001,1873
4108500,1872
4109000,1873
4109500,1873
4110000,1872
4110501,1873
4111000,1872
4111500,1872
4112001,1872
4112500,1873
4113000,1872
4113500,1872
4114000,1873
4114500,1872
4115001,1872
4115500,1872
4116000,1872
4116500,1872
4117001,1872
4117500,1872
4118001,1872
4118500,1873
4119001,1872
4119500,1872
4120000,1872
4120500,1872
4121000,1872
4121500,1874
4122000,1874
4122500,1872
4123000,1872
4123500,1873
4124000,1872
4124500,1872
4125001,1872
4125500,1872
4126001,1872
4126500,1872
4127000,1872
4127501,1872
4128000,1872
4128500,1872
4129000,1872
4129500,1873
4130000,1872
4130500,1872
4131000,1872
4131501,1872
4132000,1872
4132500,1872
4133000,1873
4133501,1872
4134000,1872
4134500,1872
4135000,1873
4135500,1871
4136000,1873
4136500,1872
4137000,1872
4137501,1872
4138000,1872
4138501,1872
4139000,1871
4139501,1872
4140000,1872
4140501,1870
4141000,1872
4141501,1872
4142000,1872
4142500,1872
4143001,1872
4143500,1871
4144000,1870
4144500,1872
4145000,1873
4145500,1872
4146000,1872
4146501,1871
4147000,1872
4147500,1873
4148000,1872
4148500,1872
4149001,1872
4149500,1874
4150001,1872
4150500,1872
4151000,1872
4151500,1872
4152000,1872
4152501,1872
4153000,1873
4153500,1872
4154001,1872
4154500,1871
4155000,1872
4155500,1872
4156000,1872
4156500,1872
4157001,1873
4157500,1872
4158001,1872
4158500,1873
4159000,1873
4159500,1872
4160000,1873
4160500,1872
4161000,1872
4161501,1874
4162000,1875
4162501,1871
4163000,1872
4163501,1872
4164000,1871
4164501,1872
4165000,1872
4165501,1873
4166000,1872
4166500,1873
4167001,1871
4167500,1871
4168001,1873
4168500,1872
4169000,1872
4169500,1874
4170001,1871
4170500,1873
4171000,1872
4171500,1872
4172000,1874
4172500,1872
4173000,1872
4173501,1871
4174000,1873
4174501,1872
4175000,1872
4175500,1871
4176000,1872
4176500,1873
4177000,1872
4177500,1873
4178000,1872
4178500,1873
4179000,1872
4179500,1874
4180000,1873
4180501,1872
4181000,1873
4181500,1872
4182001,1872
4182500,1872
4183000,1872
4183500,1872
4184000,1871
4184500,1872
4185000,1872
4185500,1872
4186000,1872
4186500,1872
4187000,1872
4187500,1872
4188000,1874
4188500,1872
4189001,1872
4189500,1874
4190000,1872
4190500,1872
4191001,1872
4191500,1870
4192000,1872
4192500,1872
4193000,1872
4193500,1872
4194001,1872
4194500,1874
4195001,1872
4195500,1872
4196000,1872
4196500,1874
4197001,1872
4197500,1872
4198000,1872
4198500,1872
4199000,1872
4199500,1874
4200001,1872
4200500,1872
4201000,1872
4201500,1872
4202000,1872
4202500,1873
4203001,1875
4203500,1872
4204000,1872
4204500,1873
4205000,1872
4205500,1872
4206000,1872
4206500,1873
4207000,1872
4207500,1872
4208000,1872
4208500,1871
4209000,1872
4209500,1873
4210000,1872
4210500,1873
4211000,1872
4211500,1872
4212000,1873
4212501,1872
4213000,1873
4213500,1872
4214001,1872
4214500,1872
4215001,1872
4215500,1873
4216000,1871
4216500,1872
4217000,1871
4217501,1872
4218000,1872
4218501,1872
4219000,1872
4219501,1872
4220000,1872
4220500,1872
4221001,1872
4221500,1872
4222000,1872
4222500,1872
4223000,1873
4223500,1872
4224000,1872
4224500,1872
4225001,1871
4225500,1872
4226000,1872
4226500,1872
4227000,1872
4227500,1872
4228000,1872
4228500,1872
4229000,1872
4229500,1872
4230001,1869
4230500,1872
4231000,1873
4231500,1872
4232001,1871
4232500,1871
4233001,1872
4233500,1872
4234000,1873
4234500,1872
4235000,1872
4235501,1872
4236000,1872
4236501,1872
4237000,1871
4237501,1874
4238000,1872
4238500,1872
4239000,1872
4239500,1871
4240000,1872
4240500,1872
4241000,1872
4241500,1869
4242001,1872
4242500,1872
4243001,1872
4243500,1872
4244000,1872
4244501,1872
4245000,1871
4245500,1872
4246000,1877
4246501,1871
4247000,1872
4247500,1872
4248001,1873
4248500,1872
4249000,1874
4249500,1873
4250000,1873
4250501,1872
4251000,1875
4251500,1872
4252001,1872
4252500,1872
4253000,1875
4253500,1872
4254000,1872
4254500,1872
4255001,1872
4255500,1872
4256000,1872
4256500,1872
4257000,1872
4257500,1872
4258001,1872
4258500,1870
4259001,1872
4259500,1872
4260000,1872
4260500,1872
4261000,1872
4261501,1873
4262000,1872
4262501,1872
4263000,1873
4263500,1872
4264000,1872
4264501,1872
4265000,1871
4265501,1873
4266000,1872
4266501,1872
4267000,1871
4267501,1874
4268000,1872
4268500,1873
4269000,1872
4269500,1872
4270000,1872
4270500,1872
4271000,1872
4271500,1874
4272000,1871
4272500,1872
4273001,1872
4273500,1873
4274000,1875
4274500,1873
4275000,1872
4275501,1872
4276000,1872
4276501,1872
4277000,1872
4277501,1872
4278000,1872
4278500,1872
4279001,1872
4279500,1872
4280001,1870
4280500,1873
4281000,1872
4281501,1871
4282000,1872
4282500,1872
4283000,1872
4283500,1871
4284001,1872
4284500,1872
4285000,1872
4285500,1871
4286000,1873
4286500,1873
4287000,1871
4287500,1873
4288001,1874
4288500,1872
4289000,1874
4289500,1873
4290000,1872
4290501,1872
4291000,1875
4291500,1872
4292000,1872
4292501,1872
4293000,1872
4293501,1872
4294000,1872
4294500,1873
4295001,1872
4295500,1872
4296000,1872
4296500,1874
4297001,1871
4297500,1871
4298001,1872
4298500,1872
4299000,1872
4299500,1872
4300001,1872
4300500,1872
4301000,1873
4301501,1872
4302000,1874
4302500,1873
4303001,1872
4303500,1872
4304001,1873
4304500,1872
4305000,1872
4305500,1872
4306000,1872
4306500,1871
4307000,1872
4307500,1872
4308001,1872
4308500,1873
4309000,1872
4309500,1872
4310000,1871
4310500,1873
4311000,1871
4311500,1873
4312000,1872
4312500,1872
4313000,1871
4313500,1871
4314001,1872
4314500,1872
4315001,1872
4315500,1872
4316000,1872
4316500,1872
4317000,1875
4317500,1872
4318000,1871
4318500,1872
4319001,1872
4319501,1872
4320000,1871
4320500,1872
4321001,1873
4321500,1871
4322000,1872
4322500,1873
4323001,1872
4323500,1872
4324000,1872
4324500,1872
4325000,1873
4325500,1872
4326000,1872
4326500,1873
4327000,1872
4327500,1871
4328001,1872
4328500,1872
4329001,1873
4329500,1872
4330000,1875
4330500,1870
4331001,1871
4331500,1872
4332000,1871
4332500,1872
4333001,1872
4333500,1872
4334000,1872
4334501,1871
4335000,1872
4335500,1872
4336001,1872
4336500,1872
4337000,1872
4337500,1872
4338000,1872
4338500,1871
4339000,1872
4339500,1874
4340000,1872
4340500,1872
4341000,1872
4341500,1871
4342000,1873
4342501,1872
4343000,1871
4343500,1871
4344000,1871
4344500,1872
4345000,1873
4345500,1873
4346001,1872
4346500,1872
4347000,1875
4347500,1872
4348000,1872
4348500,1872
4349001,1874
4349500,1872
4350001,1872
4350500,1872
4351000,1874
4351500,1875
4352001,1873
4352501,1872
4353000,1875
4353500,1873
4354000,1872
4354501,1872
4355000,1871
4355501,1872
4356000,1875
4356500,1871
4357000,1872
4357501,1872
4358000,1872
4358501,1872
4359000,1872
4359501,1873
4360000,1867
4360500,1872
4361001,1872
4361500,1872
4362000,1873
4362500,1872
4363000,1870
4363500,1872
4364000,1871
4364500,1872
4365001,1873
4365500,1872
4366000,1872
4366500,1872
4367000,1872
4367500,1873
4368000,1870
4368501,1872
4369000,1872
4369500,1870
4370000,1872
4370500,1873
4371000,1872
4371501,1873
4372000,1872
4372500,1872
4373000,1872
4373500,1872
4374000,1872
4374500,1870
4375001,1872
4375500,1873
4376000,1872
4376500,1872
4377000,1872
4377500,1872
4378001,1872
4378500,1873
4379000,1872
4379501,1870
4380000,1872
4380500,1873
4381001,1872
4381500,1873
4382000,1872
4382500,1874
4383000,1872
4383500,1872
4384001,1872
4384500,1871
4385000,1872
4385500,1875
4386000,1872
4386500,1872
4387001,1873
4387500,1870
4388000,1872
4388500,1872
4389000,1872
4389500,1873
4390000,1872
4390501,1872
4391000,1872
4391500,1873
4392001,1874
4392500,1873
4393000,1872
4393500,1872
4394000,1872
4394500,1872
4395000,1872
4395501,1874
4396000,1872
4396500,1872
4397001,1873
4397500,1871
4398000,1872
4398500,1870
4399000,1872
4399501,1872
4400000,1872
4400501,1873
4401000,1872
4401501,1872
4402000,1872
4402500,1872
4403001,1872
4403500,1872
4404000,1872
4404500,1872
4405001,1871
4405500,1875
4406000,1872
4406501,1870
4407000,1873
4407500,1872
4408001,1872
4408500,1872
4409000,1873
4409501,1872
4410000,1872
4410501,1872
4411000,1871
4411501,1875
4412000,1872
4412500,1872
4413000,1872
4413501,1872
4414000,1872
4414500,1872
4415000,1874
4415501,1872
4416000,1873
4416500,1873
4417001,1872
4417500,1872
4418000,1873
4418500,1872
4419000,1871
4419501,1873
4420000,1873
4420500,1873
4421001,1872
4421500,1876
4422000,1872
4422501,1872
4423000,1872
4423500,1873
4424000,1873
4424501,1872
4425000,1875
4425500,1872
4426001,1872
4426500,1873
4427000,1871
4427500,1873
4428000,1872
4428501,1872
4429000,1871
4429501,1873
4430000,1872
4430501,1872
4431000,1872
4431501,1874
4432000,1870
4432501,1872
4433000,1872
4433500,1871
4434000,1874
4434501,1872
4435000,1871
4435500,1873
4436000,1872
4436500,1873
4437000,1872
4437500,1871
4438000,1870
4438500,1872
4439000,1873
4439500,1872
4440001,1871
4440500,1872
4441000,1872
4441500,1870
4442000,1872
4442501,1873
4443000,1872
4443500,1872
4444000,1872
4444500,1872
4445000,1870
4445500,1877
4446000,1875
4446500,1872
4447000,1873
4447500,1873
4448001,1872
4448500,1872
4449000,1872
4449500,1871
4450000,1872
4450500,1873
4451000,1872
4451500,1873
4452000,1872
4452500,1873
4453000,1872
4453500,1871
4454001,1872
4454500,1872
4455000,1872
4455500,1870
4456000,1872
4456501,1872
4457000,1872
4457501,1872
4458000,1872
4458500,1872
4459000,1872
4459500,1871
4460000,1875
4460501,1872
4461000,1873
4461500,1872
4462000,1872
4462500,1872
4463000,1872
4463500,1871
4464000,1870
4464500,1872
4465000,1872
4465500,1872
4466000,1872
4466500,1872
4467000,1872
4467500,1873
4468000,1872
4468500,1872
4469000,1872
4469501,1872
4470000,1872
4470501,1872
4471000,1873
4471500,1872
4472000,1873
4472500,1872
4473000,1872
4473500,1872
4474000,1872
4474501,1874
4475000,1872
4475500,1873
4476000,1875
4476500,1872
4477000,1872
4477500,1872
4478000,1872
4478500,1872
4479000,1872
4479500,1875
4480000,1872
4480500,1872
4481001,1873
4481500,1872
4482001,1872
4482500,1873
4483000,1872
4483501,1873
4484000,1874
4484500,1872
4485001,1872
4485500,1874
4486000,1872
4486500,1872
4487000,1872
4487500,1872
4488000,1872
4488500,1872
4489001,1873
4489500,1872
4490000,1872
4490500,1870
4491000,1871
4491500,1872
4492000,1872
4492500,1871
4493000,1871
4493500,1872
4494000,1872
4494501,1872
4495000,1872
4495500,1872
4496000,1872
4496501,1873
4497000,1871
4497500,1871
4498001,1871
4498500,1872
4499000,1872
4499500,1872
4500000,1872
4500500,1872
4501000,1872
4501500,1875
4502001,1872
4502500,1872
4503000,1872
4503500,1872
4504001,1872
4504500,1873
4505000,1872
4505500,1872
4506000,1872
4506500,1872
4507001,1872
4507500,1871
4508000,1872
4508500,1872
4509000,1872
4509500,1873
4510000,1872
4510500,1872
4511000,1871
4511501,1872
4512000,1872
4512500,1872
4513001,1872
4513501,1872
4514000,1872
4514500,1872
4515001,1873
4515500,1872
4516000,1872
4516500,1872
4517000,1872
4517500,1875
4518000,1871
4518500,1872
4519001,1872
4519501,1879
4520000,1876
4520501,1873
4521000,1872
4521501,1872
4522000,1873
4522501,1872
4523000,1871
4523501,1874
4524000,1872
4524501,1872
4525000,1871
4525500,1872
4526000,1872
4526500,1872
4527000,1871
4527500,1872
4528001,1873
4528500,1872
4529000,1872
4529500,1872
4530000,1872
4530500,1873
4531000,1872
4531500,1871
4532000,1872
4532500,1872
4533001,1872
4533500,1872
4534000,1872
4534500,1872
4535001,1872
4535500,1873
4536000,1872
4536501,1872
4537000,1872
4537500,1873
4538001,1872
4538500,1872
4539000,1872
4539500,1872
4540000,1873
4540501,1872
4541000,1872
4541500,1872
4542000,1872
4542501,1872
4543000,1872
4543500,1871
4544000,1871
4544500,1871
4545001,1872
4545500,1875
4546000,1874
4546500,1872
4547000,1872
4547500,1872
4548000,1872
4548501,1872
4549000,1874
4549500,1872
4550000,1872
4550500,1872
4551000,1872
4551500,1872
4552000,1872
4552500,1873
4553000,1871
4553500,1872
4554000,1872
4554500,1872
4555001,1874
4555500,1872
4556000,1872
4556500,1872
4557001,1872
4557500,1867
4558000,1872
4558500,1872
4559000,1873
4559501,1872
4560000,1872
4560500,1872
4561000,1872
4561500,1872
4562000,1872
4562500,1872
4563000,1872
4563501,1872
4564000,1872
4564500,1871
4565000,1872
4565500,1874
4566000,1873
4566500,1872
4567000,1872
4567500,1872
4568000,1872
4568501,1872
4569000,1872
4569500,1872
4570000,1872
4570500,1871
4571001,1872
4571500,1873
4572000,1872
4572500,1874
4573000,1872
4573501,1872
4574000,1872
4574500,1872
4575000,1872
4575500,1872
4576000,1872
4576500,1873
4577000,1871
4577500,1872
4578000,1871
4578500,1872
4579001,1872
4579500,1873
4580000,1872
4580500,1872
4581000,1872
4581500,1872
4582001,1871
4582500,1872
4583000,1872
4583500,1872
4584001,1872
4584500,1872
4585000,1872
4585501,1872
4586000,1874
4586500,1872
4587000,1873
4587501,1872
4588000,1875
4588500,1872
4589001,1872
4589500,1871
4590000,1872
4590500,1872
4591000,1872
4591500,1871
4592001,1872
4592500,1872
4593000,1872
4593500,1873
4594001,1872
4594500,1872
4595000,1872
4595500,1873
4596001,1872
4596500,1872
4597001,1871
4597500,1874
4598000,1872
4598500,1872
4599000,1872
4599500,1872
4600000,1872
4600500,1872
4601000,1872
4601500,1872
4602000,1872
4602500,1872
4603000,1872
4603500,1873
4604000,1874
4604500,1874
4605000,1869
4605500,1873
4606000,1872
4606500,1872
4607001,1872
4607500,1872
4608000,1872
4608500,1872
4609001,1872
4609500,1872
4610000,1872
4610500,1872
4611000,1873
4611500,1872
4612001,1872
4612500,1872
4613000,1872
4613500,1873
4614001,1872
4614500,1871
4615000,1873
4615500,1872
4616001,1872
4616500,1871
4617001,1872
4617500,1870
4618001,1871
4618500,1872
4619001,1872
4619500,1871
4620000,1872
4620500,1872
4621000,1873
4621500,1870
4622000,1874
4622500,1874
4623000,1872
4623501,1872
4624000,1873
4624501,1872
4625000,1872
4625500,1872
4626001,1872
4626500,1872
4627000,1872
4627500,1873
4628000,1872
4628500,1873
4629000,1872
4629501,1872
4630000,1873
4630501,1873
4631000,1872
4631500,1872
4632000,1872
4632500,1872
4633000,1872
4633500,1872
4634000,1872
4634500,1872
4635000,1871
4635500,1871
4636000,1872
4636500,1871
4637001,1872
4637500,1872
4638000,1872
4638500,1872
4639000,1872
4639500,1872
4640000,1872
4640500,1871
4641001,1872
4641500,1872
4642001,1872
4642500,1872
4643000,1872
4643500,1872
4644000,1872
4644500,1872
4645001,1872
4645500,1872
4646000,1870
4646501,1872
4647000,1872
4647500,1872
4648000,1873
4648500,1871
4649000,1872
4649501,1872
4650000,1872
4650501,1873
4651000,1872
4651500,1872
4652000,1872
4652500,1873
4653001,1872
4653500,1872
4654000,1871
4654500,1872
4655001,1872
4655501,1873
4656000,1872
4656500,1872
4657000,1872
4657500,1872
4658000,1872
4658500,1872
4659001,1872
4659500,1872
4660001,1874
4660500,1872
4661000,1872
4661500,1869
4662000,1872
4662500,1871
4663001,1871
4663500,1873
4664000,1872
4664500,1872
4665000,1873
4665500,1872
4666001,1873
4666500,1872
4667000,1872
4667500,1872
4668001,1875
4668501,1872
4669000,1872
4669500,1872
4670000,1874
4670500,1872
4671000,1872
4671500,1872
4672001,1872
4672500,1875
4673000,1872
4673501,1872
4674000,1872
4674500,1872
4675000,1872
4675501,1872
4676000,1872
4676501,1871
4677000,1872
4677500,1873
4678000,1872
4678500,1870
4679001,1872
4679500,1872
4680000,1872
4680500,1872
4681001,1872
4681500,1872
4682000,1873
4682501,1872
4683000,1873
4683500,1872
4684001,1872
4684500,1872
4685000,1872
4685500,1871
4686000,1872
4686501,1873
4687000,1872
4687500,1873
4688001,1872
4688500,1874
4689000,1872
4689500,1872
4690000,1872
4690500,1872
4691000,1872
4691500,1872
4692001,1872
4692500,1872
4693000,1872
4693500,1872
4694000,1872
4694501,1872
4695000,1872
4695500,1872
4696000,1872
4696501,1875
4697000,1874
4697501,1873
4698000,1872
4698500,1872
4699000,1873
4699501,1872
4700000,1871
4700500,1872
4701000,1872
4701500,1872
4702001,1872
4702500,1872
4703000,1871
4703500,1872
4704001,1872
4704500,1873
4705000,1872
4705500,1872
4706000,1872
4706501,1876
4707000,1871
4707500,1873
4708001,1872
4708500,1873
4709000,1872
4709500,1871
4710000,1872
4710500,1872
4711001,1872
4711501,1872
4712000,1872
4712500,1872
4713001,1871
4713500,1872
4714000,1872
4714500,1872
4715001,1872
4715500,1872
4716000,1871
4716500,1872
4717000,1872
4717501,1872
4718000,1872
4718500,1872
4719000,1872
4719501,1872
4720000,1872
4720501,1872
4721000,1872
4721501,1872
4722000,1872
4722500,1872
4723001,1869
4723501,1872
4724000,1872
4724501,1872
4725000,1872
4725501,1872
4726000,1872
4726500,1873
4727000,1873
4727500,1872
4728000,1871
4728501,1875
4729000,1872
4729500,1872
4730001,1872
4730500,1872
4731000,1873
4731500,1872
4732000,1872
4732501,1872
4733000,1871
4733501,1872
4734000,1871
4734500,1872
4735000,1872
4735501,1872
4736000,1872
4736501,1872
4737000,1872
4737501,1872
4738000,1872
4738500,1874
4739000,1874
4739500,1872
4740000,1873
4740500,1872
4741000,1872
4741500,1872
4742000,1872
4742500,1873
4743001,1872
4743500,1872
4744000,1872
4744501,1872
4745000,1872
4745500,1872
4746001,1872
4746500,1872
4747000,1872
4747501,1872
4748000,1872
4748500,1872
4749001,1872
4749500,1873
4750001,1873
4750500,1873
4751000,1872
4751500,1872
4752001,1872
4752500,1873
4753001,1872
4753500,1872
4754000,1872
4754500,1870
4755001,1872
4755500,1871
4756001,1872
4756500,1872
4757000,1872
4757501,1872
4758000,1871
4758501,1871
4759000,1872
4759500,1874
4760000,1872
4760500,1873
4761001,1872
4761500,1872
4762001,1873
4762500,1872
4763000,1872
4763500,1872
4764000,1871
4764500,1873
4765000,1872
4765500,1871
4766000,1869
4766500,1871
4767000,1871
4767500,1873
4768000,1872
4768500,1874
4769000,1872
4769501,1872
4770000,1871
4770500,1872
4771000,1872
4771500,1872
4772001,1872
4772500,1872
4773000,1872
4773500,1873
4774000,1875
4774500,1872
4775000,1872
4775500,1872
4776000,1872
4776500,1872
4777001,1872
4777500,1872
4778000,1872
4778501,1873
4779000,1873
4779500,1872
4780001,1872
4780500,1872
4781000,1872
4781501,1872
4782000,1873
4782501,1873
4783000,1873
4783501,1872
4784000,1871
4784501,1872
4785000,1872
4785500,1872
4786001,1875
4786500,1872
4787000,1872
4787500,1872
4788000,1872
4788500,1872
4789000,1872
4789500,1872
4790001,1872
4790500,1871
4791000,1871
4791501,1874
4792000,1873
4792500,1872
4793001,1873
4793500,1872
4794000,1872
4794500,1874
4795001,1872
4795500,1872
4796001,1872
4796500,1872
4797000,1873
4797500,1872
4798000,1872
4798500,1872
4799000,1872
4799500,1872
4800000,1874
4800500,1871
4801000,1872
4801500,1873
4802000,1874
4802501,1872
4803000,1872
4803501,1872
4804000,1872
4804501,1874
4805000,1872
4805501,1872
4806000,1872
4806500,1871
4807000,1872
4807500,1872
4808000,1872
4808500,1872
4809001,1872
4809501,1870
4810000,1872
4810500,1872
4811001,1872
4811500,1872
4812000,1873
4812500,1870
4813000,1870
4813501,1872
4814000,1872
4814500,1872
4815000,1872
4815501,1872
4816000,1872
4816500,1872
4817001,1872
4817501,1871
4818000,1872
4818500,1872
4819000,1872
4819500,1872
4820000,1872
4820500,1872
4821001,1872
4821500,1872
4822001,1873
4822500,1872
4823000,1872
4823501,1872
4824000,1872
4824500,1872
4825000,1872
4825500,1873
4826001,1872
4826500,1872
4827000,1872
4827500,1872
4828000,1873
4828500,1872
4829000,1872
4829500,1872
4830000,1872
4830500,1872
4831000,1872
4831500,1872
4832000,1872
4832500,1872
4833000,1872
4833500,1873
4834001,1872
4834501,1872
4835000,1872
4835500,1872
4836000,1872
4836501,1872
4837000,1873
4837500,1872
4838000,1873
4838500,1871
4839001,1872
4839501,1872
4840000,1872
4840500,1872
4841001,1872
4841500,1871
4842000,1870
4842500,1872
4843000,1871
4843501,1872
4844000,1872
4844500,1872
4845000,1872
4845501,1872
4846000,1872
4846501,1871
4847000,1872
4847500,1872
4848001,1872
4848500,1871
4849001,1873
4849500,1872
4850000,1874
4850500,1872
4851001,1872
4851500,1872
4852000,1875
4852500,1872
4853001,1872
4853500,1871
4854000,1872
4854500,1874
4855000,1872
4855500,1872
4856000,1873
4856500,1873
4857000,1871
4857501,1872
4858000,1872
4858501,1872
4859000,1873
4859500,1872
4860001,1872
4860500,1872
4861000,1872
4861500,1867
4862000,1872
4862500,1872
4863000,1872
4863500,1872
4864000,1873
4864501,1872
4865000,1872
4865501,1871
4866000,1872
4866500,1871
4867000,1872
4867500,1872
4868000,1874
4868500,1869
4869001,1872
4869500,1872
4870000,1872
4870500,1872
4871000,1873
4871501,1872
4872000,1872
4872500,1872
4873000,1872
4873500,1873
4874001,1874
4874500,1872
4875000,1872
4875500,1872
4876001,1872
4876500,1874
4877000,1872
4877500,1872
4878000,1872
4878500,1872
4879001,1872
4879500,1873
4880000,1873
4880500,1872
4881001,1872
4881500,1873
4882000,1871
4882501,1872
4883000,1872
4883500,1872
4884000,1872
4884500,1872
4885000,1872
4885500,1872
4886001,1872
4886500,1872
4887000,1872
4887500,1872
4888000,1869
4888501,1872
4889000,1872
4889500,1872
4890001,1872
4890500,1874
4891001,1872
4891500,1872
4892000,1874
4892500,1872
4893000,1872
4893500,1872
4894000,1871
4894500,1871
4895000,1872
4895501,1872
4896000,1874
4896501,1872
4897000,1872
4897500,1871
4898000,1873
4898500,1872
4899000,1871
4899500,1872
4900001,1872
4900500,1872
4901000,1872
4901500,1872
4902001,1872
4902500,1872
4903000,1871
4903500,1871
4904001,1872
4904501,1872
4905000,1873
4905500,1872
4906000,1872
4906500,1872
4907000,1872
4907500,1872
4908001,1875
4908500,1874
4909000,1872
4909500,1873
4910000,1876
4910500,1872
4911000,1872
4911500,1872
4912000,1872
4912500,1872
4913001,1873
4913500,1873
4914000,1873
4914500,1871
4915001,1872
4915500,1872
4916000,1872
4916500,1872
4917001,1872
4917500,1872
4918000,1872
4918500,1872
4919000,1872
4919500,1872
4920001,1872
4920500,1872
4921000,1872
4921500,1872
4922000,1872
4922500,1872
4923000,1872
4923500,1872
4924000,1872
4924500,1872
4925001,1872
4925500,1871
4926000,1871
4926500,1872
4927000,1872
4927500,1871
4928001,1873
4928501,1872
4929000,1873
4929500,1872
4930001,1872
4930500,1872
4931000,1874
4931501,1872
4932000,1872
4932500,1872
4933000,1872
4933501,1872
4934000,1872
4934500,1872
4935001,1870
4935500,1872
4936001,1874
4936500,1872
4937000,1873
4937501,1873
4938000,1872
4938500,1872
4939000,1871
4939501,1872
4940000,1872
4940500,1872
4941001,1872
4941500,1871
4942000,1870
4942500,1872
4943000,1872
4943500,1872
4944000,1873
4944500,1872
4945001,1874
4945500,1872
4946000,1872
4946500,1872
4947000,1872
4947500,1872
4948000,1872
4948501,1872
4949000,1872
4949501,1872
4950000,1872
4950501,1872
4951000,1873
4951500,1872
4952000,1873
4952500,1873
4953001,1872
4953500,1872
4954000,1875
4954500,1872
4955000,1872
4955500,1874
4956000,1872
4956500,1872
4957001,1872
4957500,1872
4958000,1872
4958500,1872
4959001,1872
4959500,1872
4960000,1872
4960500,1874
4961000,1872
4961500,1873
4962000,1872
4962500,1873
4963000,1872
4963501,1872
4964000,1872
4964500,1872
4965001,1872
4965500,1872
4966001,1869
4966500,1872
4967000,1872
4967500,1871
4968000,1875
4968501,1873
4969000,1871
4969501,1874
4970000,1876
4970500,1872
4971000,1872
4971501,1872
4972000,1872
4972501,1872
4973000,1872
4973500,1872
4974000,1872
4974500,1871
4975000,1872
4975500,1872
4976000,1872
4976500,1872
4977001,1872
4977500,1872
4978000,1871
4978500,1872
4979000,1872
4979500,1872
4980000,1874
4980501,1875
4981000,1870
4981501,1872
4982000,1872
4982500,1873
4983000,1872
4983500,1872
4984000,1872
4984501,1872
4985000,1872
4985501,1872
4986000,1872
4986501,1872
4987000,1872
4987501,1872
4988000,1872
4988501,1874
4989000,1873
4989501,1872
4990000,1872
4990501,1872
4991000,1872
4991500,1873
4992000,1872
4992501,1873
4993000,1872
4993500,1872
4994001,1872
4994500,1872
4995000,1872
4995501,1872
4996000,1874
4996501,1875
4997000,1871
4997501,1872
4998000,1873
4998501,1872
4999000,1872
4999500,1873
5000000,1870
5000500,1872
5001001,1872
5001500,1872
5002001,1872
5002500,1875
5003000,1872
5003500,1872
5004000,1871
5004500,1872
5005000,1872
5005500,1872
5006000,1872
5006501,1874
5007000,1872
5007501,1872
5008000,1872
5008500,1874
5009000,1874
5009501,1872
5010000,1873
5010500,1873
5011000,1872
5011501,1872
5012000,1870
5012501,1872
5013000,1873
5013501,1872
5014000,1872
5014500,1872
5015000,1872
5015501,1871
5016000,1870
5016501,1871
5017000,1873
5017500,1872
5018000,1873
5018500,1872
5019001,1872
5019500,1872
5020000,1873
5020500,1872
5021001,1872
5021500,1873
5022000,1877
5022500,1873
5023000,1872
5023500,1869
5024000,1872
5024500,1874
5025000,1872
5025500,1872
5026000,1872
5026501,1872
5027000,1872
5027501,1872
5028000,1872
5028501,1872
5029000,1872
5029501,1874
5030000,1873
5030501,1872
5031000,1872
5031500,1871
5032001,1872
5032500,1872
5033000,1874
5033500,1872
5034000,1874
5034501,1872
5035000,1874
5035500,1874
5036001,1874
5036500,1872
5037000,1872
5037500,1872
5038000,1872
5038500,1873
5039000,1872
5039501,1871
5040000,1869
5040500,1872
5041001,1872
5041500,1872
5042001,1872
5042500,1873
5043001,1872
5043500,1872
5044000,1871
5044500,1872
5045000,1873
5045500,1872
5046000,1873
5046500,1872
5047000,1873
5047501,1875
5048000,1872
5048500,1873
5049000,1872
5049500,1872
5050000,1872
5050500,1872
5051000,1872
5051501,1872
5052000,1873
5052501,1872
5053000,1872
5053500,1874
5054000,1872
5054500,1872
5055001,1871
5055500,1873
5056000,1871
5056500,1873
5057000,1872
5057500,1874
5058001,1871
5058501,1872
5059000,1872
5059500,1872
5060001,1873
5060500,1873
5061000,1872
5061500,1872
5062000,1875
5062501,1872
5063000,1872
5063500,1872
5064000,1873
5064500,1872
5065000,1872
5065500,1872
5066000,1872
5066500,1872
5067001,1873
5067500,1873
5068000,1873
5068500,1872
5069001,1873
5069500,1873
5070000,1873
5070500,1872
5071000,1874
5071500,1873
5072001,1875
5072500,1872
5073000,1872
5073500,1872
5074000,1869
5074500,1872
5075000,1872
5075500,1872
5076000,1872
5076500,1872
5077000,1872
5077501,1872
5078000,1871
5078501,1872
5079000,1872
5079501,1872
5080000,1873
5080501,1875
5081000,1872
5081501,1873
5082000,1872
5082501,1872
5083000,1872
5083501,1872
5084000,1871
5084500,1871
5085000,1870
5085500,1872
5086001,1873
5086501,1872
5087000,1872
5087501,1872
5088000,1872
5088501,1872
5089000,1873
5089500,1872
5090001,1872
5090500,1872
5091001,1875
5091500,1872
5092000,1872
5092500,1872
5093001,1872
5093500,1872
5094000,1872
5094501,1873
5095000,1872
5095500,1872
5096001,1875
5096500,1872
5097000,1872
5097501,1872
5098000,1873
5098500,1872
5099000,1872
5099500,1871
5100000,1873
5100500,1872
5101000,1872
5101500,1873
5102001,1872
5102500,1872
5103000,1872
5103500,1872
5104001,1871
5104500,1873
5105000,1872
5105500,1872
5106001,1874
5106500,1872
5107000,1872
5107500,1872
5108001,1872
5108500,1873
5109000,1872
5109501,1872
5110000,1874
5110501,1873
5111000,1872
5111501,1873
5112000,1872
5112501,1875
5113000,1872
5113501,1873
5114000,1871
5114500,1870
5115000,1871
5115500,1873
5116001,1872
5116500,1873
5117001,1872
5117500,1872
5118000,1872
5118500,1872
5119001,1873
5119500,1871
5120000,1875
5120500,1875
5121000,1872
5121500,1872
5122000,1872
5122501,1872
5123000,1872
5123500,1872
5124001,1873
5124501,1872
5125000,1875
5125500,1872
5126001,1874
5126500,1872
5127000,1872
5127500,1872
5128001,1873
5128500,1869
5129001,1872
5129500,1872
5130001,1872
5130500,1873
5131000,1872
5131500,1872
5132000,1872
5132500,1872
5133000,1872
5133501,1872
5134000,1872
5134501,1873
5135000,1872
5135501,1872
5136000,1874
5136501,1872
5137000,1873
5137500,1872
5138000,1873
5138500,1872
5139000,1872
5139500,1872
5140000,1872
5140500,1872
5141000,1872
5141500,1872
5142000,1872
5142500,1872
5143000,1872
5143500,1872
5144000,1871
5144500,1871
5145001,1872
5145500,1874
5146001,1872
5146500,1873
5147000,1872
5147500,1872
5148000,1872
5148500,1872
5149001,1872
5149500,1872
5150001,1872
5150500,1870
5151000,1872
5151500,1872
5152000,1875
5152500,1871
5153001,1871
5153500,1872
5154001,1873
5154500,1872
5155000,1872
5155500,1872
5156000,1872
5156500,1872
5157000,1873
5157500,1873
5158000,1874
5158500,1873
5159000,1872
5159500,1873
5160000,1875
5160500,1871
5161001,1872
5161500,1872
5162000,1873
5162500,1872
5163000,1872
5163501,1872
5164000,1873
5164500,1872
5165001,1871
5165501,1872
5166000,1872
5166501,1872
5167000,1872
5167501,1872
5168000,1873
5168500,1872
5169000,1872
5169500,1872
5170001,1875
5170500,1872
5171000,1871
5171500,1873
5172000,1871
5172500,1872
5173000,1872
5173500,1873
5174000,1872
5174500,1877
5175000,1872
5175500,1874
5176000,1872
5176500,1872
5177000,1872
5177501,1872
5178000,1874
5178500,1871
5179001,1873
5179500,1872
5180000,1872
5180500,1872
5181000,1872
5181500,1872
5182000,1872
5182500,1872
5183000,1872
5183500,1871
5184000,1870
5184500,1872
5185001,1872
5185500,1872
5186001,1872
5186500,1872
5187000,1873
5187500,1874
5188000,1873
5188501,1872
5189000,1873
5189500,1872
5190000,1872
5190500,1872
5191000,1872
5191501,1872
5192000,1872
5192500,1872
5193000,1872
5193500,1873
5194000,1872
5194500,1875
5195001,1872
5195500,1873
5196001,1872
5196500,1870
5197001,1873
5197500,1872
5198001,1870
5198500,1871
5199000,1871
5199500,1871
5200000,1873
5200500,1871
5201000,1872
5201500,1873
5202001,1872
5202500,1872
5203000,1872
5203500,1872
5204000,1870
5204500,1872
5205001,1872
5205500,1873
5206001,1872
5206500,1872
5207001,1872
5207500,1872
5208000,1875
5208500,1870
5209001,1872
5209500,1871
5210000,1872
5210500,1872
5211001,1872
5211500,1872
5212000,1872
5212500,1872
5213000,1872
5213500,1872
5214000,1872
5214500,1872
5215001,1872
5215500,1872
5216001,1872
5216500,1872
5217000,1872
5217500,1872
5218000,1873
5218500,1873
5219000,1871
5219500,1872
5220001,1872
5220500,1873
5221001,1872
5221500,1872
5222001,1872
5222500,1872
5223000,1872
5223500,1871
5224000,1872
5224500,1872
5225000,1872
5225500,1872
5226000,1873
5226500,1871
5227000,1872
5227500,1874
5228000,1870
5228501,1872
5229000,1873
5229500,1871
5230001,1872
5230501,1872
5231000,1872
5231500,1872
5232000,1872
5232500,1872
5233000,1872
5233501,1872
5234000,1872
5234501,1872
5235000,1872
5235500,1872
5236001,1872
5236500,1872
5237000,1872
5237500,1873
5238000,1872
5238501,1872
5239000,1872
5239500,1872
5240000,1872
5240500,1872
5241000,1874
5241500,1872
5242000,1872
5242501,1872
5243000,1872
5243501,1872
5244000,1873
5244501,1872
5245000,1872
5245500,1873
5246001,1872
5246500,1871
5247000,1872
5247500,1872
5248000,1872
5248500,1871
5249000,1871
5249500,1872
5250000,1871
5250500,1874
5251000,1873
5251500,1872
5252000,1873
5252500,1871
5253000,1872
5253500,1872
5254001,1872
5254500,1872
5255000,1873
5255500,1871
5256000,1877
5256500,1872
5257000,1871
5257500,1872
5258001,1872
5258500,1872
5259001,1872
5259500,1872
5260000,1872
5260500,1872
5261001,1872
5261500,1872
5262001,1871
5262500,1872
5263000,1873
5263500,1872
5264000,1873
5264500,1875
5265000,1872
5265500,1872
5266000,1869
5266500,1873
5267001,1872
5267500,1872
5268000,1873
5268501,1870
5269000,1872
5269500,1873
5270001,1872
5270500,1872
5271001,1872
5271500,1872
5272001,1872
5272500,1871
5273000,1872
5273500,1872
5274000,1873
5274500,1872
5275000,1872
5275501,1872
5276000,1872
5276501,1874
5277000,1872
5277500,1875
5278000,1872
5278500,1872
5279000,1872
5279501,1872
5280000,1874
5280500,1872
5281001,1872
5281500,1873
5282000,1874
5282500,1872
5283001,1872
5283500,1872
5284000,1872
5284500,1872
5285000,1872
5285500,1871
5286001,1872
5286501,1872
5287000,1872
5287501,1872
5288000,1872
5288501,1872
5289000,1872
5289501,1872
5290000,1872
5290501,1870
5291000,1872
5291501,1872
5292000,1871
5292501,1872
5293000,1873
5293500,1872
5294000,1872
5294501,1872
5295000,1872
5295500,1871
5296000,1872
5296500,1872
5297000,1871
5297500,1872
5298001,1872
5298500,1876
5299000,1873
5299500,1873
5300000,1872
5300501,1872
5301000,1872
5301501,1873
5302000,1872
5302501,1872
5303000,1871
5303500,1872
5304000,1872
5304501,1874
5305000,1872
5305501,1872
5306000,1873
5306500,1872
5307000,1872
5307500,1872
5308001,1872
5308500,1874
5309000,1872
5309500,1874
5310000,1874
5310500,1872
5311000,1872
5311501,1872
5312000,1872
5312500,1871
5313000,1872
5313500,1872
5314000,1872
5314500,1872
5315000,1872
5315500,1873
5316000,1872
5316500,1872
5317000,1872
5317500,1872
5318001,1872
5318500,1872
5319000,1872
5319500,1872
5320001,1873
5320500,1872
5321000,1872
5321501,1872
5322000,1873
5322500,1873
5323000,1874
5323500,1873
5324000,1873
5324500,1872
5325001,1873
5325500,1872
5326000,1872
5326500,1874
5327001,1872
5327500,1872
5328000,1871
5328500,1872
5329000,1871
5329500,1872
5330000,1872
5330500,1872
5331000,1870
5331500,1872
5332001,1872
5332500,1872
5333000,1872
5333500,1872
5334001,1872
5334501,1872
5335000,1872
5335500,1872
5336001,1872
5336500,1870
5337000,1872
5337500,1870
5338001,1872
5338501,1871
5339000,1872
5339500,1873
5340001,1872
5340500,1872
5341001,1872
5341500,1871
5342000,1871
5342500,1872
5343000,1872
5343500,1874
5344001,1872
5344500,1872
5345000,1872
5345501,1873
5346000,1873
5346500,1872
5347000,1871
5347501,1873
5348000,1871
5348501,1872
5349000,1872
5349501,1872
5350000,1872
5350500,1869
5351000,1872
5351500,1871
5352000,1872
5352501,1871
5353000,1874
5353501,1873
5354000,1872
5354501,1872
5355000,1872
5355500,1872
5356001,1872
5356500,1872
5357000,1872
5357500,1872
5358001,1872
5358500,1873
5359000,1872
5359500,1871
5360001,1872
5360500,1872
5361000,1872
5361500,1872
5362001,1871
5362500,1871
5363000,1871
5363500,1871
5364000,1872
5364500,1871
5365001,1872
5365500,1872
5366000,1872
5366500,1873
5367000,1872
5367500,1872
5368000,1872
5368500,1870
5369000,1873
5369500,1872
5370001,1875
5370500,1872
5371000,1873
5371500,1872
5372001,1874
5372500,1872
5373000,1872
5373500,1873
5374000,1873
5374500,1872
5375000,1872
5375500,1872
5376000,1874
5376501,1873
5377000,1871
5377501,1871
5378000,1872
5378500,1872
5379000,1870
5379500,1871
5380001,1872
5380501,1872
5381000,1874
5381500,1872
5382001,1872
5382500,1872
5383000,1872
5383501,1873
5384000,1872
5384501,1873
5385000,1872
5385500,1872
5386001,1872
5386500,1872
5387000,1872
5387500,1875
5388000,1872
5388501,1872
5389000,1872
5389500,1872
5390000,1872
5390500,1872
5391001,1872
5391500,1872
5392000,1872
5392500,1871
5393000,1872
5393501,1872
5394000,1873
5394500,1875
5395000,1872
5395501,1872
5396000,1872
5396501,1872
5397000,1872
5397501,1874
5398000,1872
5398501,1872
5399000,1872
5399500,1871
5400000,1872
5400501,1872
5401000,1872
5401500,1872
5402000,1872
5402500,1872
5403000,1872
5403500,1872
5404001,1872
5404500,1872
5405000,1873
5405500,1872
5406001,1871
5406500,1873
5407000,1872
5407500,1873
5408000,1875
5408500,1875
5409001,1872
5409500,1872
5410000,1872
5410500,1872
5411001,1872
5411500,1872
5412001,1872
5412500,1873
5413000,1872
5413501,1872
5414000,1872
5414501,1872
5415000,1871
5415500,1872
5416000,1872
5416500,1872
5417000,1872
5417500,1872
5418001,1873
5418500,1872
5419000,1872
5419500,1872
5420000,1872
5420500,1872
5421001,1871
5421500,1872
5422000,1873
5422500,1873
5423001,1872
5423500,1872
5424001,1872
5424500,1872
5425001,1872
5425500,1873
5426001,1870
5426500,1871
5427000,1872
5427500,1872
5428000,1872
5428500,1872
5429000,1873
5429500,1872
5430000,1872
5430500,1872
5431000,1875
5431501,1872
5432000,1872
5432501,1872
5433000,1872
5433501,1873
5434000,1872
5434500,1872
5435000,1872
5435500,1873
5436001,1872
5436500,1872
5437000,1872
5437500,1871
5438001,1872
5438500,1872
5439000,1870
5439500,1872
5440000,1872
5440501,1872
5441000,1873
5441500,1872
5442000,1872
5442500,1874
5443000,1872
5443501,1871
5444000,1872
5444501,1872
5445000,1872
5445500,1871
5446000,1872
5446500,1872
5447000,1872
5447500,1872
5448001,1872
5448500,1872
5449000,1872
5449500,1871
5450000,1872
5450500,1873
5451001,1871
5451500,1873
5452000,1872
5452500,1872
5453000,1872
5453500,1874
5454001,1872
5454500,1871
5455000,1872
5455500,1873
5456000,1873
5456500,1872
5457001,1872
5457500,1872
5458000,1872
5458500,1871
5459001,1872
5459501,1872
5460000,1872
5460500,1872
5461001,1872
5461500,1871
5462001,1872
5462500,1871
5463001,1872
5463500,1872
5464000,1873
5464500,1872
5465000,1872
5465500,1872
5466000,1873
5466500,1872
5467001,1875
5467500,1872
5468000,1872
5468500,1872
5469000,1873
5469500,1874
5470000,1874
5470501,1874
5471000,1872
5471501,1872
5472000,1871
5472501,1872
5473000,1873
5473500,1873
5474001,1872
5474501,1872
5475000,1872
5475500,1872
5476001,1872
5476500,1871
5477000,1872
5477500,1872
5478000,1872
5478500,1872
5479000,1872
5479500,1872
5480000,1872
5480500,1872
5481000,1872
5481500,1872
5482000,1872
5482500,1872
5483000,1872
5483500,1871
5484000,1872
5484500,1872
5485001,1872
5485500,1872
5486001,1872
5486500,1872
5487000,1872
5487500,1871
5488000,1873
5488501,1873
5489000,1872
5489501,1872
5490000,1872
5490501,1873
5491000,1872
5491500,1872
5492001,1870
5492500,1872
5493000,1873
5493500,1871
5494000,1873
5494500,1872
5495000,1872
5495500,1872
5496001,1872
5496500,1872
5497000,1872
5497500,1873
5498000,1872
5498500,1871
5499000,1872
5499500,1872
5500000,1872
5500501,1872
5501000,1871
5501500,1870
5502001,1871
5502500,1872
5503000,1872
5503500,1873
5504000,1871
5504501,1872
5505000,1872
5505501,1871
5506000,1873
5506500,1873
5507000,1872
5507500,1872
5508000,1872
5508500,1872
5509001,1872
5509500,1872
5510001,1871
5510500,1872
5511000,1872
5511501,1872
5512000,1872
5512500,1875
5513000,1872
5513500,1871
5514000,1872
5514500,1872
5515000,1872
5515501,1872
5516000,1872
5516501,1872
5517000,1872
5517500,1873
5518000,1873
5518500,1872
5519000,1871
5519501,1875
5520000,1872
5520501,1872
5521000,1872
5521501,1872
5522000,1872
5522500,1873
5523001,1872
5523500,1873
5524000,1872
5524501,1873
5525000,1872
5525500,1872
5526000,1871
5526500,1872
5527000,1872
5527500,1874
5528000,1870
5528501,1872
5529000,1872
5529501,1872
5530000,1872
5530501,1872
5531000,1872
5531500,1872
5532001,1872
5532500,1871
5533000,1872
5533500,1872
5534000,1872
5534500,1872
5535000,1874
5535500,1872
5536000,1872
5536501,1872
5537000,1872
5537501,1872
5538000,1872
5538500,1872
5539001,1873
5539501,1872
5540000,1872
5540501,1871
5541000,1873
5541501,1872
5542000,1871
5542500,1871
5543001,1872
5543500,1872
5544000,1872
5544500,1872
5545000,1872
5545500,1872
5546000,1872
5546500,1874
5547000,1873
5547500,1872
5548000,1872
5548500,1872
5549000,1872
5549500,1872
5550000,1872
5550500,1872
5551000,1872
5551501,1872
5552000,1872
5552500,1872
5553000,1874
5553500,1872
5554000,1872
5554500,1872
5555000,1872
5555500,1870
5556001,1872
5556500,1872
5557000,1873
5557500,1872
5558000,1872
5558500,1871
5559000,1872
5559500,1873
5560000,1870
5560500,1872
5561000,1872
5561500,1872
5562000,1872
5562500,1869
5563000,1872
5563500,1871
5564001,1872
5564500,1873
5565001,1872
5565500,1872
5566000,1872
5566500,1872
5567000,1872
5567500,1872
5568000,1872
5568501,1872
5569000,1873
5569500,1872
5570001,1874
5570500,1872
5571001,1872
5571500,1872
5572000,1873
5572500,1871
5573000,1873
5573500,1871
5574000,1872
5574501,1873
5575000,1871
5575501,1872
5576000,1872
5576500,1871
5577000,1872
5577500,1871
5578001,1872
5578500,1869
5579000,1872
5579500,1874
5580001,1872
5580500,1873
5581001,1871
5581500,1872
5582000,1872
5582500,1872
5583000,1872
5583501,1874
5584000,1872
5584501,1872
5585000,1872
5585501,1872
5586000,1871
5586500,1872
5587001,1872
5587500,1872
5588000,1872
5588500,1872
5589001,1872
5589500,1872
5590001,1872
5590500,1872
5591000,1872
5591500,1872
5592001,1872
5592500,1872
5593000,1872
5593500,1872
5594000,1873
5594500,1872
5595001,1872
5595500,1872
5596000,1873
5596500,1872
5597000,1872
5597500,1873
5598000,1872
5598500,1872
5599000,1872
5599501,1872
5600000,1872
5600501,1874
5601000,1872
5601500,1872
5602001,1871
5602500,1873
5603000,1872
5603500,1872
5604000,1872
5604500,1872
5605001,1872
5605501,1872
5606000,1872
5606501,1872
5607000,1872
5607500,1872
5608001,1872
5608500,1872
5609000,1874
5609501,1872
5610000,1872
5610500,1872
5611000,1872
5611500,1875
5612001,1872
5612500,1876
5613000,1872
5613500,1872
5614000,1872
5614501,1873
5615000,1872
5615500,1872
5616000,1871
5616500,1871
5617001,1872
5617500,1871
5618000,1872
5618500,1872
5619000,1872
5619500,1872
5620000,1872
5620500,1872
5621000,1870
5621500,1872
5622000,1872
5622500,1872
5623000,1872
5623501,1872
5624000,1872
5624500,1872
5625000,1872
5625501,1871
5626000,1871
5626500,1872
5627000,1873
5627501,1872
5628000,1871
5628501,1871
5629000,1871
5629501,1872
5630000,1872
5630501,1870
5631000,1872
5631501,1873
5632000,1872
5632500,1872
5633000,1873
5633501,1872
5634000,1872
5634500,1872
5635000,1872
5635500,1872
5636000,1872
5636500,1871
5637000,1872
5637500,1871
5638001,1872
5638500,1874
5639000,1872
5639500,1872
5640000,1871
5640501,1872
5641000,1873
5641501,1872
5642000,1872
5642501,1874
5643000,1873
5643500,1872
5644000,1872
5644500,1873
5645000,1872
5645500,1872
5646000,1872
5646500,1875
5647000,1872
5647500,1872
5648000,1872
5648500,1872
5649000,1872
5649500,1872
5650001,1872
5650501,1875
5651000,1871
5651500,1872
5652000,1872
5652501,1873
5653000,1872
5653501,1872
5654000,1872
5654500,1872
5655001,1873
5655500,1872
5656000,1872
5656501,1870
5657000,1872
5657501,1875
5658000,1872
5658500,1872
5659001,1872
5659500,1872
5660000,1871
5660500,1872
5661000,1872
5661500,1872
5662000,1871
5662500,1870
5663001,1872
5663501,1872
5664000,1873
5664500,1872
5665000,1872
5665500,1872
5666001,1872
5666500,1872
5667000,1870
5667500,1874
5668001,1873
5668500,1875
5669000,1872
5669500,1872
5670000,1872
5670500,1871
5671000,1873
5671500,1872
5672001,1872
5672500,1875
5673000,1872
5673500,1873
5674000,1873
5674500,1874
5675000,1874
5675501,1873
5676000,1872
5676501,1872
5677000,1872
5677501,1872
5678000,1873
5678500,1871
5679001,1872
5679500,1873
5680000,1873
5680500,1872
5681000,1873
5681500,1872
5682001,1872
5682500,1870
5683000,1874
5683500,1872
5684000,1872
5684500,1872
5685001,1871
5685500,1872
5686001,1872
5686500,1871
5687000,1872
5687500,1872
5688001,1873
5688500,1875
5689000,1874
5689500,1872
5690000,1872
5690500,1872
5691000,1871
5691500,1872
5692000,1872
5692500,1871
5693000,1872
5693501,1872
5694000,1872
5694501,1873
5695000,1872
5695501,1872
5696000,1872
5696501,1872
5697000,1872
5697501,1872
5698000,1872
5698501,1872
5699000,1872
5699501,1872
5700000,1873
5700500,1872
5701000,1871
5701500,1873
5702000,1872
5702501,1872
5703000,1872
5703501,1872
5704000,1870
5704501,1874
5705000,1871
5705500,1872
5706001,1872
5706500,1873
5707000,1872
5707500,1872
5708001,1872
5708500,1873
5709000,1872
5709501,1872
5710000,1870
5710501,1872
5711000,1872
5711501,1872
5712000,1872
5712500,1872
5713000,1872
5713501,1872
5714000,1872
5714501,1872
5715000,1872
5715500,1873
5716000,1870
5716500,1871
5717001,1872
5717500,1872
5718000,1872
5718500,1872
5719000,1872
5719500,1871
5720001,1872
5720500,1872
5721001,1872
5721500,1870
5722000,1872
5722500,1871
5723000,1872
5723500,1872
5724000,1872
5724500,1871
5725000,1873
5725500,1872
5726000,1872
5726500,1871
5727001,1872
5727500,1872
5728000,1872
5728500,1872
5729000,1873
5729500,1872
5730000,1873
5730501,1872
5731000,1873
5731500,1872
5732000,1872
5732500,1872
5733000,1871
5733500,1874
5734000,1872
5734500,1871
5735000,1873
5735500,1872
5736001,1872
5736501,1872
5737000,1872
5737501,1873
5738000,1872
5738500,1872
5739000,1872
5739501,1872
5740000,1872
5740500,1872
5741000,1873
5741500,1872
5742001,1872
5742500,1872
5743000,1872
5743500,1872
5744000,1872
5744501,1871
5745000,1872
5745501,1872
5746000,1872
5746500,1872
5747000,1872
5747500,1872
5748000,1872
5748501,1875
5749000,1872
5749500,1872
5750000,1871
5750501,1873
5751000,1874
5751501,1872
5752000,1872
5752501,1872
5753000,1872
5753501,1872
5754000,1872
5754501,1873
5755000,1872
5755500,1872
5756001,1872
5756500,1871
5757000,1872
5757501,1872
5758000,1872
5758501,1872
5759000,1871
5759501,1872
5760000,1873
5760500,1877
5761000,1872
5761500,1872
5762001,1873
5762500,1872
5763000,1872
5763500,1872
5764001,1872
5764500,1867
5765001,1872
5765500,1872
5766000,1872
5766500,1872
5767000,1872
5767500,1872
5768000,1872
5768501,1872
5769000,1872
5769500,1872
5770001,1872
5770500,1872
5771000,1871
5771500,1872
5772000,1870
5772500,1871
5773001,1870
5773500,1872
5774000,1872
5774500,1872
5775000,1872
5775500,1872
5776000,1872
5776500,1872
5777001,1872
5777500,1872
5778000,1872
5778500,1871
5779000,1870
5779500,1872
5780000,1872
5780500,1872
5781000,1872
5781501,1873
5782000,1872
5782500,1867
5783001,1871
5783500,1872
5784000,1872
5784500,1871
5785001,1874
5785500,1873
5786000,1874
5786500,1871
5787001,1872
5787500,1871
5788000,1872
5788500,1872
5789001,1872
5789500,1873
5790000,1872
5790500,1872
5791000,1872
5791500,1872
5792000,1872
5792500,1872
5793000,1872
5793500,1873
5794001,1873
5794500,1873
5795000,1872
5795500,1871
5796001,1872
5796500,1872
5797001,1872
5797500,1874
5798001,1872
5798500,1872
5799000,1872
5799500,1868
5800001,1871
5800500,1872
5801000,1872
5801500,1872
5802000,1872
5802500,1875
5803000,1872
5803500,1872
5804000,1873
5804501,1873
5805000,1872
5805500,1872
5806000,1873
5806500,1872
5807001,1873
5807500,1872
5808000,1871
5808500,1872
5809001,1872
5809501,1872
5810000,1872
5810500,1872
5811000,1872
5811500,1872
5812000,1872
5812500,1872
5813000,1872
5813500,1872
5814001,1872
5814500,1872
5815000,1872
5815501,1872
5816000,1872
5816500,1872
5817001,1872
5817500,1871
5818000,1872
5818500,1872
5819001,1872
5819500,1872
5820000,1872
5820500,1871
5821000,1873
5821500,1873
5822000,1872
5822500,1872
5823000,1872
5823500,1872
5824000,1872
5824500,1873
5825000,1872
5825500,1872
5826001,1872
5826500,1872
5827000,1871
5827500,1872
5828000,1872
5828500,1872
5829001,1871
5829501,1873
5830000,1872
5830501,1873
5831000,1872
5831501,1872
5832000,1873
5832501,1872
5833000,1872
5833500,1872
5834000,1872
5834500,1874
5835000,1875
5835501,1873
5836000,1872
5836501,1872
5837000,1872
5837501,1872
5838000,1871
5838500,1872
5839000,1874
5839500,1872
5840000,1872
5840501,1872
5841000,1872
5841500,1872
5842001,1873
5842500,1872
5843000,1872
5843500,1872
5844000,1872
5844500,1872
5845000,1873
5845500,1872
5846000,1872
5846500,1872
5847000,1872
5847500,1868
5848000,1872
5848500,1872
5849001,1874
5849500,1872
5850000,1872
5850501,1872
5851000,1872
5851501,1870
5852000,1871
5852500,1872
5853000,1872
5853501,1872
5854000,1870
5854500,1870
5855000,1870
5855501,1871
5856000,1872
5856501,1872
5857000,1871
5857500,1873
5858001,1872
5858500,1872
5859000,1872
5859500,1872
5860001,1872
5860500,1874
5861001,1872
5861500,1873
5862000,1873
5862500,1872
5863000,1872
5863501,1872
5864000,1872
5864500,1872
5865000,1871
5865501,1872
5866000,1873
5866501,1873
5867000,1873
5867501,1872
5868000,1873
5868501,1872
5869000,1875
5869500,1872
5870001,1871
5870501,1872
5871000,1872
5871501,1872
5872000,1872
5872500,1873
5873000,1872
5873500,1871
5874000,1872
5874501,1872
5875000,1871
5875500,1872
5876001,1872
5876501,1871
5877000,1872
5877500,1869
5878000,1872
5878500,1872
5879000,1872
5879500,1871
5880000,1872
5880500,1872
5881000,1870
5881501,1872
5882000,1872
5882501,1872
5883000,1872
5883500,1874
5884000,1873
5884500,1872
5885000,1872
5885500,1873
5886001,1872
5886500,1874
5887000,1872
5887500,1872
5888000,1872
5888500,1869
5889000,1873
5889500,1867
5890000,1872
5890501,1872
5891000,1872
5891500,1872
5892000,1872
5892500,1870
5893001,1871
5893500,1874
5894001,1872
5894500,1872
5895001,1872
5895500,1872
5896000,1872
5896500,1872
5897000,1871
5897500,1872
5898000,1872
5898500,1872
5899000,1872
5899500,1872
5900000,1872
5900501,1871
5901000,1872
5901501,1873
5902000,1872
5902500,1871
5903000,1872
5903500,1871
5904000,1872
5904500,1872
5905000,1872
5905500,1872
5906000,1872
5906500,1872
5907000,1872
5907500,1873
5908000,1872
5908500,1872
5909001,1872
5909500,1874
5910000,1872
5910500,1872
5911000,1869
5911500,1873
5912000,1872
5912500,1872
5913000,1871
5913501,1872
5914000,1872
5914501,1872
5915000,1872
5915500,1872
5916001,1872
5916500,1872
5917000,1872
5917500,1872
5918000,1872
5918500,1873
5919000,1874
5919500,1872
5920001,1873
5920500,1873
5921000,1872
5921500,1873
5922000,1872
5922500,1872
5923000,1872
5923500,1872
5924000,1873
5924500,1870
5925001,1872
5925500,1872
5926000,1872
5926500,1872
5927000,1872
5927500,1872
5928001,1872
5928501,1872
5929000,1872
5929501,1871
5930000,1872
5930501,1872
5931000,1874
5931500,1872
5932000,1872
5932500,1872
5933000,1873
5933500,1872
5934000,1872
5934500,1872
5935001,1873
5935500,1872
5936001,1871
5936500,1872
5937001,1870
5937500,1872
5938000,1872
5938500,1872
5939000,1872
5939500,1872
5940000,1872
5940500,1872
5941000,1871
5941500,1872
5942001,1873
5942500,1872
5943000,1872
5943500,1872
5944000,1872
5944501,1872
5945000,1873
5945500,1872
5946000,1872
5946501,1872
5947000,1872
5947500,1871
5948001,1872
5948500,1872
5949000,1871
5949500,1871
5950000,1871
5950501,1872
5951000,1870
5951501,1872
5952000,1871
5952501,1871
5953000,1872
5953500,1871
5954000,1872
5954500,1870
5955000,1872
5955500,1872
5956000,1871
5956501,1871
5957000,1872
5957500,1872
5958000,1872
5958500,1872
5959000,1873
5959500,1872
5960001,1872
5960500,1873
5961000,1872
5961500,1872
5962000,1872
5962500,1872
5963000,1872
5963500,1872
5964001,1872
5964500,1872
5965000,1872
5965500,1874
5966000,1872
5966500,1872
5967001,1872
5967500,1872
5968001,1872
5968500,1872
5969000,1872
5969500,1872
5970000,1872
5970500,1872
5971000,1871
5971500,1872
5972001,1872
5972500,1874
5973000,1872
5973500,1871
5974001,1872
5974500,1872
5975000,1872
5975500,1872
5976001,1872
5976500,1872
5977000,1872
5977500,1871
5978001,1872
5978500,1873
5979000,1872
5979500,1873
5980000,1871
5980500,1873
5981001,1873
5981500,1872
5982000,1872
5982501,1873
5983000,1872
5983501,1872
5984000,1872
5984501,1872
5985000,1872
5985500,1873
5986000,1872
5986501,1872
5987000,1872
5987500,1872
5988000,1873
5988500,1872
5989000,1872
5989500,1872
5990001,1872
5990500,1872
5991000,1872
5991500,1872
5992000,1872
5992500,1872
5993000,1872
5993500,1872
5994000,1872
5994501,1872
5995000,1871
5995500,1872
5996000,1872
5996500,1873
5997000,1873
5997500,1872
5998000,1872
5998500,1872
5999001,1873
5999500,1872
6000001,1872
6000500,1872
6001000,1873
6001500,1874
6002000,1871
6002500,1871
6003000,1872
6003500,1872
6004001,1872
6004500,1872
6005000,1872
6005500,1872
6006000,1872
6006500,1871
6007000,1869
6007500,1872
6008000,1872
6008500,1872
6009000,1872
6009500,1872
6010000,1872
6010500,1872
6011001,1872
6011500,1874
6012000,1872
6012501,1871
6013000,1872
6013500,1872
6014000,1872
6014500,1873
6015000,1872
6015501,1872
6016000,1873
6016501,1872
6017000,1872
6017500,1872
6018000,1872
6018501,1871
6019000,1872
6019501,1872
6020000,1872
6020500,1872
6021001,1873
6021500,1872
6022000,1872
6022500,1873
6023000,1875
6023500,1871
6024000,1872
6024500,1872
6025000,1872
6025500,1872
6026001,1872
6026500,1872
6027000,1872
6027500,1871
6028000,1872
6028500,1872
6029000,1870
6029500,1872
6030001,1872
6030500,1872
6031000,1872
6031500,1872
6032000,1872
6032500,1872
6033001,1872
6033500,1872
6034001,1872
6034500,1872
6035001,1872
6035500,1873
6036001,1874
6036500,1872
6037001,1872
6037500,1872
6038000,1872
6038500,1874
6039001,1872
6039501,1873
6040000,1872
6040500,1872
6041000,1872
6041501,1871
6042000,1872
6042500,1872
6043001,1871
6043500,1872
6044001,1872
6044500,1872
6045000,1870
6045500,1871
6046001,1872
6046500,1872
6047001,1869
6047500,1872
6048000,1873
6048500,1872
6049000,1872
6049501,1874
6050000,1874
6050500,1872
6051000,1872
6051501,1872
6052000,1872
6052500,1872
6053000,1872
6053500,1872
6054001,1873
6054500,1872
6055000,1872
6055501,1874
6056000,1872
6056501,1872
6057000,1872
6057501,1872
6058000,1872
6058501,1872
6059000,1873
6059501,1873
6060000,1872
6060501,1873
6061000,1872
6061501,1874
6062000,1872
6062501,1872
6063000,1872
6063501,1872
6064000,1872
6064501,1872
6065000,1872
6065501,1872
6066000,1871
6066501,1872
6067000,1872
6067501,1872
6068000,1872
6068501,1873
6069000,1875
6069501,1872
6070000,1873
6070500,1872
6071000,1871
6071500,1872
6072000,1872
6072501,1873
6073000,1872
6073500,1872
6074001,1874
6074500,1873
6075000,1872
6075500,1872
6076000,1872
6076500,1872
6077000,1872
6077501,1872
6078000,1872
6078501,1872
6079000,1872
6079500,1871
6080001,1873
6080500,1873
6081001,1872
6081500,1872
6082000,1872
6082500,1872
6083000,1874
6083500,1872
6084000,1872
6084500,1872
6085000,1872
6085500,1872
6086000,1871
6086500,1872
6087000,1872
6087500,1872
6088000,1872
6088501,1872
6089000,1872
6089500,1872
6090000,1872
6090501,1872
6091000,1872
6091501,1873
6092000,1872
6092500,1872
6093000,1872
6093500,1873
6094000,1872
6094500,1872
6095000,1873
6095500,1871
6096000,1872
6096500,1872
6097001,1872
6097500,1873
6098000,1874
6098500,1872
6099000,1871
6099501,1871
6100000,1871
6100501,1872
6101000,1872
6101501,1873
6102000,1872
6102500,1872
6103001,1872
6103500,1872
6104000,1873
6104500,1872
6105000,1872
6105501,1872
6106000,1872
6106501,1872
6107000,1873
6107500,1873
6108000,1872
6108500,1872
6109000,1872
6109501,1872
6110000,1872
6110500,1872
6111001,1871
6111500,1872
6112000,1871
6112500,1871
6113001,1870
6113501,1872
6114000,1875
6114501,1872
6115000,1872
6115500,1872
6116000,1872
6116501,1872
6117000,1872
6117501,1872
6118000,1870
6118501,1873
6119000,1872
6119500,1873
6120000,1871
6120501,1872
6121000,1872
6121500,1872
6122001,1872
6122500,1872
6123000,1872
6123500,1872
6124000,1872
6124500,1872
6125001,1872
6125500,1872
6126000,1872
6126500,1870
6127000,1872
6127500,1872
6128000,1872
6128500,1871
6129000,1872
6129501,1869
6130000,1872
6130501,1871
6131000,1871
6131500,1872
6132000,1871
6132500,1872
6133000,1873
6133500,1872
6134000,1872
6134500,1872
6135000,1872
6135500,1871
6136001,1873
6136500,1872
6137001,1872
6137500,1872
6138000,1871
6138500,1872
6139000,1872
6139500,1871
6140000,1872
6140500,1872
6141001,1869
6141500,1872
6142000,1872
6142500,1871
6143000,1871
6143501,1872
6144000,1872
6144501,1871
6145000,1872
6145500,1872
6146000,1872
6146501,1873
6147000,1872
6147501,1871
6148000,1871
6148500,1873
6149001,1872
6149500,1872
6150001,1871
6150500,1872
6151001,1872
6151500,1872
6152000,1871
6152500,1872
6153000,1872
6153500,1872
6154000,1872
6154500,1872
6155000,1872
6155500,1872
6156000,1872
6156500,1872
6157000,1872
6157500,1872
6158001,1872
6158501,1872
6159000,1871
6159500,1872
6160000,1872
6160500,1872
6161000,1872
6161500,1872
6162000,1872
6162500,1872
6163000,1872
6163501,1872
6164000,1874
6164500,1871
6165000,1870
6165500,1873
6166001,1872
6166500,1872
6167001,1873
6167500,1873
6168000,1872
6168501,1872
6169000,1872
6169500,1873
6170001,1872
6170500,1872
6171000,1872
6171500,1872
6172000,1872
6172500,1872
6173001,1872
6173501,1872
6174000,1873
6174500,1872
6175000,1872
6175501,1872
6176000,1872
6176500,1872
6177000,1872
6177501,1872
6178000,1872
6178501,1872
6179000,1872
6179501,1873
6180000,1872
6180500,1872
6181000,1872
6181500,1873
6182000,1870
6182500,1872
6183001,1872
6183500,1872
6184000,1872
6184500,1872
6185000,1872
6185500,1872
6186001,1872
6186500,1871
6187000,1872
6187500,1872
6188001,1872
6188500,1871
6189000,1872
6189500,1873
6190000,1875
6190500,1872
6191000,1872
6191500,1872
6192001,1872
6192500,1872
6193000,1872
6193500,1871
6194000,1872
6194500,1872
6195001,1872
6195500,1872
6196000,1872
6196500,1872
6197000,1872
6197500,1873
6198001,1873
6198500,1873
6199000,1872
6199500,1872
6200001,1872
6200500,1872
6201001,1872
6201500,1872
6202000,1872
6202500,1875
6203000,1872
6203500,1872
6204001,1872
6204500,1872
6205000,1872
6205500,1873
6206000,1872
6206501,1872
6207000,1872
6207501,1874
6208000,1872
6208500,1872
6209000,1871
6209500,1872
6210000,1872
6210500,1872
6211001,1872
6211500,1872
6212000,1872
6212500,1873
6213000,1872
6213500,1872
6214000,1872
6214500,1874
6215000,1875
6215500,1871
6216000,1872
6216500,1872
6217001,1872
6217500,1872
6218000,1872
6218500,1872
6219000,1872
6219500,1872
6220000,1873
6220500,1874
6221001,1873
6221500,1872
6222000,1872
6222500,1872
6223000,1872
6223500,1872
6224000,1872
6224500,1872
6225000,1872
6225500,1872
6226000,1872
6226500,1871
6227001,1872
6227500,1871
6228000,1873
6228500,1873
6229000,1872
6229500,1872
6230001,1872
6230500,1874
6231000,1872
6231500,1875
6232000,1872
6232501,1872
6233000,1872
6233500,1872
6234001,1872
6234500,1871
6235000,1872
6235500,1872
6236000,1872
6236500,1872
6237000,1871
6237500,1872
6238001,1872
6238501,1872
6239000,1872
6239501,1873
6240000,1872
6240501,1872
6241000,1872
6241501,1874
6242000,1873
6242500,1872
6243001,1874
6243500,1872
6244001,1872
6244500,1872
6245000,1872
6245500,1873
6246000,1872
6246500,1872
6247001,1873
6247500,1872
6248001,1871
6248500,1872
6249000,1872
6249500,1871
6250000,1872
6250501,1872
6251000,1872
6251501,1872
6252000,1872
6252501,1872
6253000,1873
6253500,1869
6254001,1872
6254500,1872
6255000,1872
6255500,1872
6256000,1872
6256500,1874
6257001,1872
6257500,1872
6258001,1872
6258500,1869
6259001,1872
6259500,1872
6260000,1871
6260500,1872
6261000,1872
6261500,1872
6262001,1871
6262500,1872
6263000,1874
6263500,1870
6264001,1871
6264500,1872
6265000,1872
6265500,1872
6266000,1872
6266501,1872
6267000,1872
6267500,1872
6268000,1872
6268500,1871
6269000,1873
6269501,1872
6270000,1872
6270500,1872
6271000,1872
6271501,1873
6272000,1871
6272501,1872
6273000,1870
6273501,1870
6274000,1872
6274500,1872
6275000,1872
6275500,1872
6276001,1872
6276501,1872
6277000,1873
6277500,1874
6278001,1872
6278500,1872
6279000,1872
6279501,1872
6280000,1872
6280500,1872
6281000,1872
6281501,1872
6282000,1872
6282501,1872
6283000,1872
6283500,1872
6284000,1873
6284500,1872
6285000,1872
6285500,1872
6286000,1872
6286500,1871
6287001,1872
6287500,1872
6288001,1871
6288500,1872
6289000,1872
6289501,1872
6290000,1872
6290500,1872
6291000,1869
6291501,1872
6292000,1872
6292500,1872
6293000,1872
6293500,1872
6294000,1872
6294500,1872
6295001,1872
6295500,1873
6296000,1872
6296500,1872
6297001,1872
6297501,1872
6298000,1872
6298501,1867
6299000,1872
6299500,1872
6300001,1872
6300500,1872
6301000,1872
6301500,1873
6302000,1874
6302500,1873
6303000,1872
6303500,1872
6304000,1874
6304501,1872
6305000,1872
6305500,1872
6306000,1872
6306500,1872
6307000,1872
6307501,1873
6308000,1873
6308501,1873
6309000,1872
6309501,1872
6310000,1872
6310500,1873
6311000,1870
6311500,1869
6312000,1872
6312501,1872
6313000,1870
6313500,1872
6314000,1873
6314501,1872
6315000,1871
6315500,1872
6316001,1872
6316501,1873
6317000,1872
6317500,1872
6318000,1872
6318500,1871
6319000,1872
6319500,1872
6320000,1872
6320500,1872
6321000,1872
6321500,1872
6322001,1871
6322501,1872
6323000,1875
6323501,1872
6324000,1872
6324501,1872
6325000,1872
6325500,1875
6326000,1872
6326501,1873
6327000,1871
6327500,1872
6328000,1872
6328500,1872
6329000,1872
6329500,1872
6330001,1872
6330500,1872
6331000,1872
6331500,1872
6332000,1872
6332500,1873
6333001,1875
6333500,1872
6334000,1872
6334500,1871
6335001,1872
6335500,1871
6336000,1872
6336500,1872
6337000,1872
6337500,1871
6338001,1871
6338500,1869
6339000,1872
6339500,1870
6340001,1871
6340500,1871
6341000,1872
6341500,1872
6342000,1872
6342500,1872
6343000,1872
6343500,1871
6344000,1871
6344500,1872
6345000,1871
6345500,1872
6346000,1872
6346500,1872
6347001,1871
6347500,1869
6348001,1872
6348500,1872
6349001,1872
6349500,1872
6350000,1872
6350500,1872
6351000,1870
6351500,1872
6352000,1871
6352500,1872
6353000,1872
6353500,1872
6354000,1872
6354500,1871
6355001,1873
6355500,1872
6356000,1872
6356500,1870
6357000,1872
6357500,1869
6358000,1873
6358501,1871
6359000,1871
6359500,1872
6360001,1872
6360500,1872
6361001,1872
6361500,1872
6362000,1872
6362500,1872
6363000,1872
6363501,1872
6364000,1873
6364501,1872
6365000,1873
6365500,1872
6366001,1871
6366500,1872
6367000,1873
6367500,1872
6368000,1872
6368501,1868
6369000,1872
6369501,1872
6370000,1871
6370500,1871
6371000,1870
6371500,1872
6372000,1872
6372501,1872
6373000,1869
6373501,1869
6374000,1871
6374501,1872
6375000,1874
6375501,1872
6376000,1870
6376500,1872
6377000,1872
6377500,1872
6378001,1871
6378500,1872
6379000,1871
6379500,1872
6380000,1871
6380501,1869
6381000,1870
6381501,1872
6382000,1872
6382500,1871
6383000,1872
6383500,1872
6384000,1872
6384501,1872
6385000,1872
6385500,1872
6386000,1872
6386500,1872
6387000,1869
6387500,1872
6388001,1872
6388500,1873
6389000,1871
6389500,1871
6390000,1872
6390500,1872
6391000,1875
6391501,1872
6392000,1872
6392500,1873
6393001,1872
6393500,1872
6394000,1872
6394500,1872
6395000,1872
6395500,1873
6396000,1872
6396500,1872
6397001,1872
6397500,1873
6398000,1872
6398500,1872
6399001,1872
6399501,1872
6400000,1872
6400500,1872
6401000,1872
6401501,1872
6402000,1872
6402500,1871
6403001,1872
6403500,1872
6404000,1872
6404500,1872
6405000,1872
6405501,1872
6406000,1871
6406500,1872
6407000,1872
6407501,1872
6408000,1872
6408500,1872
6409000,1871
6409500,1872
6410000,1874
6410500,1871
6411000,1874
6411501,1872
6412000,1872
6412500,1872
6413000,1872
6413500,1874
6414001,1872
6414500,1870
6415001,1870
6415500,1869
6416000,1871
6416500,1872
6417001,1872
6417500,1872
6418000,1871
6418501,1872
6419000,1873
6419500,1872
6420001,1872
6420500,1872
6421001,1875
6421500,1873
6422000,1874
6422500,1871
6423001,1874
6423500,1872
6424000,1872
6424500,1872
6425000,1872
6425501,1872
6426000,1872
6426500,1867
6427001,1872
6427500,1872
6428001,1872
6428500,1871
6429000,1873
6429500,1872
6430001,1872
6430500,1872
6431000,1874
6431500,1872
6432001,1872
6432500,1871
6433000,1869
6433500,1869
6434000,1872
6434500,1872
6435000,1872
6435500,1872
6436000,1872
6436501,1872
6437000,1870
6437501,1872
6438000,1872
6438501,1871
6439000,1873
6439501,1873
6440000,1871
6440500,1872
6441001,1872
6441500,1872
6442000,1872
6442501,1872
6443000,1869
6443501,1872
6444000,1872
6444500,1870
6445000,1872
6445500,1873
6446000,1872
6446500,1872
6447000,1872
6447500,1874
6448000,1872
6448500,1871
6449000,1875
6449500,1872
6450001,1871
6450500,1872
6451000,1872
6451500,1872
6452000,1872
6452500,1872
6453000,1870
6453500,1872
6454000,1871
6454500,1870
6455001,1872
6455500,1872
6456000,1872
6456500,1872
6457000,1871
6457500,1872
6458000,1872
6458500,1872
6459000,1872
6459500,1872
6460001,1872
6460500,1872
6461000,1871
6461500,1872
6462000,1872
6462501,1872
6463000,1872
6463501,1872
6464000,1872
6464500,1871
6465000,1874
6465500,1871
6466000,1873
6466501,1873
6467000,1872
6467500,1872
6468001,1872
6468501,1872
6469000,1872
6469501,1872
6470000,1872
6470501,1870
6471000,1872
6471500,1872
6472001,1871
6472500,1872
6473000,1872
6473500,1872
6474000,1872
6474500,1872
6475000,1872
6475500,1873
6476001,1873
6476500,1872
6477000,1871
6477501,1872
6478000,1871
6478501,1872
6479000,1873
6479501,1872
6480000,1872
6480500,1871
6481000,1872
6481500,1871
6482000,1872
6482500,1871
6483001,1871
6483500,1874
6484000,1872
6484500,1871
6485000,1872
6485501,1872
6486000,1872
6486500,1872
6487000,1872
6487500,1874
6488000,1871
6488501,1872
6489000,1874
6489501,1872
6490000,1872
6490501,1872
6491000,1872
6491500,1872
6492001,1872
6492500,1872
6493000,1871
6493500,1872
6494000,1872
6494501,1872
6495000,1873
6495500,1872
6496000,1872
6496501,1872
6497000,1870
6497501,1872
6498000,1872
6498501,1872
6499000,1873
6499501,1872
6500000,1872
6500500,1872
6501000,1872
6501500,1872
6502000,1871
6502500,1871
6503000,1872
6503500,1869
6504000,1872
6504500,1870
6505000,1872
6505500,1872
6506001,1872
6506500,1872
6507000,1873
6507500,1871
6508001,1872
6508500,1872
6509001,1872
6509500,1872
6510001,1872
6510500,1872
6511000,1872
6511500,1872
6512000,1872
6512500,1872
6513000,1872
6513501,1871
6514000,1872
6514501,1872
6515000,1871
6515501,1873
6516000,1872
6516500,1872
6517000,1870
6517500,1872
6518001,1872
6518500,1872
6519000,1871
6519501,1871
6520000,1871
6520500,1872
6521000,1871
6521500,1870
6522000,1872
6522500,1872
6523000,1873
6523500,1871
6524001,1871
6524500,1872
6525000,1871
6525500,1870
6526000,1872
6526500,1872
6527000,1872
6527500,1871
6528000,1873
6528500,1872
6529000,1871
6529501,1872
6530000,1872
6530500,1872
6531001,1872
6531500,1873
6532001,1871
6532500,1870
6533000,1869
6533500,1871
6534000,1872
6534500,1870
6535001,1872
6535500,1874
6536000,1872
6536500,1872
6537000,1872
6537500,1872
6538001,1873
6538500,1872
6539000,1873
6539501,1870
6540000,1872
6540500,1872
6541001,1871
6541500,1872
6542001,1871
6542500,1872
6543000,1872
6543500,1873
6544000,1872
6544500,1872
6545000,1872
6545500,1872
6546000,1872
6546500,1872
6547001,1872
6547500,1872
6548000,1871
6548501,1872
6549000,1870
6549500,1872
6550000,1872
6550500,1871
6551000,1873
6551500,1871
6552000,1872
6552500,1872
6553000,1872
6553500,1872
6554000,1872
6554501,1872
6555000,1872
6555501,1872
6556000,1872
6556500,1872
6557001,1871
6557500,1872
6558001,1872
6558500,1871
6559001,1872
6559500,1872
6560001,1873
6560500,1873
6561000,1871
6561500,1873
6562001,1872
6562500,1872
6563000,1872
6563500,1870
6564001,1872
6564500,1872
6565000,1872
6565500,1872
6566000,1872
6566500,1872
6567000,1872
6567500,1871
6568000,1872
6568500,1871
6569001,1872
6569500,1873
6570000,1871
6570500,1869
6571000,1873
6571500,1870
6572000,1872
6572500,1871
6573000,1873
6573500,1872
6574000,1872
6574500,1870
6575000,1870
6575500,1871
6576000,1871
6576500,1872
6577000,1872
6577500,1872
6578000,1872
6578500,1872
6579001,1872
6579500,1872
6580000,1872
6580500,1872
6581000,1872
6581500,1872
6582000,1872
6582500,1872
6583000,1872
6583500,1872
6584000,1872
6584500,1872
6585000,1874
6585501,1872
6586000,1872
6586500,1872
6587000,1872
6587500,1872
6588000,1872
6588500,1872
6589001,1872
6589500,1873
6590000,1872
6590500,1872
6591000,1872
6591500,1871
6592000,1872
6592500,1872
6593000,1872
6593501,1872
6594000,1872
6594501,1872
6595000,1872
6595501,1872
6596000,1872
6596500,1872
6597001,1872
6597500,1872
6598001,1873
6598500,1872
6599000,1872
6599500,1872
6600000,1874
6600500,1871
6601000,1872
6601500,1871
6602001,1871
6602500,1872
6603000,1872
6603501,1871
6604000,1872
6604500,1872
6605001,1872
6605500,1871
6606000,1872
6606500,1872
6607000,1872
6607500,1872
6608001,1873
6608500,1872
6609000,1872
6609500,1872
6610000,1873
6610501,1872
6611000,1871
6611500,1872
6612000,1872
6612500,1872
6613001,1873
6613500,1872
6614000,1870
6614500,1872
6615000,1872
6615500,1872
6616000,1872
6616501,1872
6617000,1872
6617501,1872
6618000,1872
6618501,1872
6619000,1872
6619500,1872
6620001,1871
6620500,1870
6621000,1872
6621501,1872
6622000,1870
6622500,1872
6623000,1872
6623500,1873
6624000,1872
6624500,1873
6625001,1872
6625500,1873
6626001,1872
6626500,1872
6627000,1872
6627500,1872
6628000,1872
6628500,1872
6629000,1872
6629501,1872
6630000,1872
6630501,1872
6631000,1872
6631500,1872
6632000,1872
6632500,1872
6633000,1873
6633500,1871
6634000,1874
6634500,1872
6635000,1872
6635500,1872
6636000,1873
6636500,1872
6637000,1872
6637501,1871
6638000,1872
6638500,1872
6639000,1872
6639500,1871
6640000,1872
6640500,1872
6641000,1872
6641500,1872
6642001,1872
6642500,1873
6643000,1872
6643501,1870
6644000,1872
6644500,1872
6645000,1872
6645500,1871
6646000,1871
6646500,1872
6647001,1872
6647500,1871
6648001,1871
6648500,1871
6649000,1872
6649500,1872
6650000,1872
6650500,1872
6651001,1872
6651500,1871
6652000,1872
6652500,1872
6653001,1872
6653500,1872
6654001,1872
6654500,1873
6655001,1873
6655500,1872
6656000,1873
6656500,1872
6657001,1872
6657500,1872
6658000,1873
6658500,1874
6659000,1872
6659500,1872
6660000,1872
6660501,1872
6661000,1872
6661501,1872
6662000,1872
6662501,1869
6663000,1872
6663501,1873
6664000,1872
6664500,1872
6665001,1872
6665500,1873
6666000,1873
6666501,1873
6667000,1872
6667500,1872
6668000,1872
6668500,1870
6669000,1873
6669500,1872
6670000,1872
6670500,1872
6671001,1872
6671500,1871
6672000,1872
6672500,1872
6673000,1872
6673501,1872
6674000,1872
6674500,1872
6675001,1871
6675500,1872
6676000,1872
6676500,1872
6677000,1874
6677500,1872
6678001,1872
6678500,1872
6679001,1874
6679500,1872
6680000,1872
6680501,1872
6681000,1874
6681500,1872
6682000,1872
6682500,1872
6683001,1872
6683501,1871
6684000,1872
6684500,1872
6685000,1872
6685500,1873
6686000,1872
6686500,1875
6687000,1872
6687501,1872
6688000,1872
6688500,1871
6689000,1872
6689500,1872
6690000,1872
6690500,1871
6691000,1872
6691501,1872
6692000,1872
6692501,1872
6693000,1872
6693501,1872
6694000,1872
6694501,1872
6695000,1872
6695500,1872
6696000,1871
6696500,1872
6697001,1871
6697500,1872
6698001,1872
6698500,1872
6699000,1872
6699501,1872
6700000,1872
6700500,1872
6701001,1873
6701500,1872
6702000,1872
6702500,1872
6703001,1873
6703500,1871
6704000,1873
6704500,1872
6705000,1872
6705500,1872
6706000,1870
6706500,1871
6707000,1872
6707500,1871
6708000,1871
6708500,1872
6709000,1872
6709500,1873
6710001,1872
6710500,1872
6711000,1872
6711500,1871
6712001,1871
6712500,1872
6713000,1872
6713500,1872
6714001,1872
6714500,1871
6715000,1872
6715501,1872
6716000,1872
6716501,1872
6717000,1872
6717500,1873
6718001,1872
6718500,1872
6719000,1872
6719500,1872
6720000,1872
6720500,1872
6721000,1874
6721500,1873
6722000,1872
6722501,1872
6723000,1872
6723501,1872
6724000,1872
6724500,1872
6725001,1871
6725500,1872
6726000,1872
6726500,1872
6727001,1872
6727500,1872
6728001,1872
6728500,1873
6729000,1871
6729500,1872
6730000,1872
6730501,1874
6731000,1872
6731500,1872
6732000,1872
6732500,1872
6733001,1872
6733500,1871
6734000,1873
6734500,1869
6735000,1872
6735500,1872
6736000,1872
6736500,1872
6737000,1872
6737500,1872
6738000,1871
6738500,1871
6739000,1872
6739500,1872
6740001,1872
6740500,1872
6741001,1872
6741500,1872
6742000,1872
6742500,1869
6743001,1872
6743500,1873
6744001,1872
6744500,1872
6745000,1872
6745500,1871
6746000,1872
6746500,1872
6747001,1872
6747501,1872
6748000,1872
6748501,1872
6749000,1872
6749500,1872
6750000,1872
6750501,1872
6751000,1872
6751501,1873
6752000,1874
6752501,1872
6753000,1873
6753501,1872
6754000,1871
6754501,1872
6755000,1872
6755501,1872
6756000,1872
6756500,1872
6757000,1873
6757500,1872
6758000,1872
6758500,1871
6759001,1872
6759500,1872
6760001,1872
6760500,1872
6761000,1869
6761500,1872
6762000,1872
6762500,1870
6763000,1871
6763501,1872
6764000,1872
6764500,1872
6765000,1872
6765501,1872
6766000,1873
6766500,1872
6767001,1872
6767500,1872
6768000,1872
6768500,1872
6769000,1872
6769501,1870
6770000,1872
6770501,1870
6771000,1872
6771501,1872
6772000,1872
6772501,1872
6773000,1873
6773500,1872
6774000,1872
6774501,1871
6775000,1872
6775501,1872
6776000,1872
6776500,1872
6777000,1873
6777501,1871
6778000,1872
6778500,1872
6779000,1872
6779500,1872
6780000,1869
6780500,1871
6781000,1872
6781500,1870
6782001,1872
6782501,1870
6783000,1870
6783501,1872
6784000,1871
6784501,1872
6785000,1871
6785501,1871
6786000,1872
6786501,1872
6787000,1871
6787500,1870
6788000,1872
6788501,1872
6789000,1871
6789501,1871
6790000,1872
6790500,1872
6791000,1872
6791500,1875
6792000,1872
6792501,1871
6793000,1872
6793500,1870
6794000,1872
6794500,1870
6795000,1872
6795500,1872
6796000,1872
6796500,1872
6797000,1873
6797500,1871
6798000,1873
6798500,1870
6799000,1872
6799500,1872
6800000,1872
6800501,1872
6801000,1872
6801500,1871
6802000,1872
6802500,1873
6803001,1872
6803500,1871
6804000,1872
6804500,1872
6805000,1872
6805500,1873
6806001,1872
6806500,1872
6807000,1872
6807501,1871
6808000,1872
6808501,1872
6809000,1872
6809501,1872
6810000,1872
6810500,1872
6811001,1871
6811500,1873
6812000,1872
6812500,1871
6813001,1872
6813501,1871
6814000,1874
6814500,1872
6815000,1872
6815500,1871
6816000,1875
6816500,1872
6817000,1873
6817501,1872
6818000,1872
6818501,1872
6819000,1872
6819501,1872
6820000,1872
6820500,1869
6821000,1872
6821501,1871
6822000,1871
6822500,1872
6823001,1872
6823500,1872
6824000,1871
6824500,1872
6825000,1872
6825500,1873
6826000,1874
6826500,1872
6827001,1872
6827500,1872
6828000,1873
6828500,1872
6829000,1872
6829500,1873
6830000,1872
6830500,1871
6831000,1871
6831500,1872
6832000,1872
6832500,1873
6833001,1871
6833500,1871
6834000,1874
6834500,1872
6835000,1871
6835500,1872
6836000,1872
6836501,1872
6837000,1873
6837501,1870
6838000,1872
6838501,1871
6839000,1872
6839501,1870
6840000,1871
6840500,1872
6841000,1872
6841500,1872
6842000,1873
6842500,1871
6843000,1874
6843500,1867
6844000,1872
6844500,1872
6845001,1871
6845500,1872
6846000,1867
6846500,1869
6847000,1871
6847500,1872
6848000,1872
6848501,1872
6849000,1872
6849500,1872
6850000,1872
6850501,1871
6851000,1872
6851500,1872
6852001,1872
6852501,1873
6853000,1872
6853501,1871
6854000,1872
6854501,1872
6855000,1873
6855500,1872
6856001,1872
6856500,1872
6857000,1872
6857500,1872
6858000,1872
6858501,1872
6859000,1872
6859500,1871
6860000,1872
6860500,1872
6861000,1872
6861501,1873
6862000,1873
6862500,1872
6863000,1872
6863500,1871
6864000,1872
6864500,1872
6865000,1873
6865500,1874
6866001,1874
6866500,1872
6867001,1873
6867500,1870
6868000,1872
6868500,1872
6869000,1872
6869501,1869
6870000,1872
6870501,1871
6871000,1872
6871500,1871
6872000,1872
6872500,1872
6873000,1872
6873500,1871
6874000,1872
6874500,1874
6875001,1873
6875500,1867
6876000,1871
6876500,1872
6877000,1872
6877500,1870
6878000,1872
6878500,1872
6879001,1870
6879500,1872
6880000,1871
6880500,1872
6881001,1872
6881500,1871
6882000,1872
6882501,1872
6883000,1871
6883500,1872
6884000,1872
6884501,1872
6885000,1871
6885501,1871
6886000,1872
6886501,1872
6887000,1872
6887501,1872
6888000,1872
6888500,1872
6889001,1872
6889500,1872
6890001,1873
6890500,1873
6891000,1872
6891500,1871
6892000,1871
6892500,1872
6893000,1872
6893500,1873
6894000,1872
6894501,1874
6895000,1874
6895501,1868
6896000,1872
6896500,1872
6897000,1872
6897500,1869
6898000,1872
6898500,1872
6899001,1872
6899500,1873
6900001,1872
6900500,1872
6901000,1872
6901500,1872
6902000,1872
6902501,1872
6903000,1872
6903500,1872
6904000,1872
6904500,1872
6905000,1871
6905501,1872
6906000,1877
6906500,1872
6907001,1874
6907501,1872
6908000,1872
6908501,1870
6909000,1873
6909501,1872
6910000,1870
6910500,1871
6911001,1872
6911500,1870
6912000,1872
6912500,1871
6913001,1872
6913500,1870
6914000,1870
6914500,1872
6915000,1872
6915500,1870
6916000,1873
6916500,1872
6917000,1871
6917500,1875
6918001,1871
6918500,1872
6919000,1869
6919500,1872
6920001,1872
6920500,1872
6921000,1872
6921500,1872
6922001,1869
6922500,1871
6923000,1872
6923500,1871
6924000,1874
6924500,1872
6925000,1875
6925501,1872
6926000,1873
6926500,1872
6927001,1872
6927500,1869
6928000,1872
6928500,1872
6929001,1873
6929500,1871
6930000,1871
6930501,1871
6931000,1872
6931500,1872
6932000,1872
6932500,1872
6933000,1871
6933500,1872
6934001,1871
6934500,1871
6935001,1871
6935500,1869
6936000,1872
6936500,1872
6937000,1874
6937500,1872
6938000,1873
6938500,1872
6939000,1872
6939500,1872
6940000,1872
6940500,1872
6941000,1872
6941500,1872
6942000,1872
6942500,1871
6943001,1872
6943500,1872
6944001,1870
6944501,1872
6945000,1872
6945500,1874
6946000,1874
6946501,1870
6947000,1872
6947500,1872
6948000,1872
6948500,1872
6949000,1872
6949500,1872
6950001,1873
6950500,1873
6951000,1872
6951501,1873
6952000,1872
6952501,1872
6953000,1872
6953500,1871
6954001,1871
6954500,1872
6955001,1872
6955500,1871
6956000,1871
6956500,1872
6957000,1873
6957500,1873
6958000,1872
6958500,1872
6959001,1872
6959500,1872
6960000,1872
6960501,1871
6961000,1872
6961500,1872
6962000,1872
6962500,1872
6963000,1872
6963500,1872
6964000,1872
6964500,1872
6965000,1872
6965500,1872
6966001,1872
6966500,1872
6967000,1872
6967500,1872
6968000,1872
6968500,1872
6969000,1872
6969500,1874
6970000,1873
6970500,1872
6971001,1872
6971500,1874
6972000,1872
6972500,1872
6973001,1872
6973500,1868
6974001,1873
6974500,1872
6975000,1871
6975501,1872
6976000,1872
6976500,1872
6977000,1871
6977500,1872
6978000,1872
6978500,1872
6979001,1872
6979500,1871
6980000,1867
6980500,1872
6981000,1871
6981500,1874
6982001,1871
6982500,1872
6983000,1872
6983500,1872
6984000,1872
6984500,1870
6985001,1872
6985500,1874
6986000,1872
6986500,1873
6987001,1872
6987501,1870
6988000,1872
6988501,1872
6989000,1872
6989501,1872
6990000,1872
6990500,1872
6991001,1872
6991500,1871
6992000,1871
6992500,1872
6993001,1872
6993500,1871
6994000,1872
6994500,1872
6995000,1872
6995501,1871
6996000,1872
6996501,1872
6997000,1872
6997501,1871
6998000,1871
6998501,1872
6999000,1872
6999500,1872
7000001,1873
7000500,1869
7001000,1872
7001500,1872
7002000,1872
7002500,1872
7003000,1873
7003500,1872
7004000,1871
7004500,1873
7005001,1873
7005500,1873
7006000,1871
7006500,1871
7007000,1873
7007501,1870
7008000,1873
7008501,1872
7009000,1871
7009501,1870
7010000,1872
7010500,1871
7011001,1872
7011500,1872
7012001,1871
7012500,1872
7013000,1873
7013500,1866
7014000,1872
7014500,1872
7015000,1871
7015500,1872
7016000,1872
7016500,1871
7017000,1873
7017500,1872
7018001,1871
7018500,1872
7019000,1872
7019500,1873
7020000,1873
7020500,1872
7021001,1872
7021500,1872
7022000,1872
7022500,1872
7023000,1871
7023500,1872
7024001,1872
7024501,1872
7025000,1872
7025501,1871
7026000,1872
7026501,1872
7027000,1872
7027500,1872
7028000,1872
7028500,1871
7029000,1872
7029500,1870
7030001,1873
7030500,1872
7031000,1872
7031500,1869
7032000,1872
7032500,1872
7033001,1872
7033500,1871
7034000,1872
7034500,1872
7035001,1872
7035500,1870
7036000,1871
7036500,1872
7037000,1872
7037500,1870
7038001,1872
7038500,1871
7039000,1872
7039500,1872
7040001,1872
7040500,1872
7041000,1870
7041500,1872
7042000,1871
7042500,1873
7043000,1872
7043500,1872
7044000,1872
7044500,1871
7045000,1871
7045500,1872
7046000,1871
7046500,1871
7047000,1870
7047500,1868
7048000,1872
7048501,1871
7049000,1872
7049501,1871
7050000,1872
7050500,1871
7051000,1872
7051501,1872
7052000,1872
7052501,1872
7053000,1872
7053501,1872
7054000,1873
7054500,1872
7055000,1872
7055500,1872
7056000,1872
7056500,1872
7057000,1874
7057501,1872
7058000,1873
7058500,1871
7059000,1874
7059501,1872
7060000,1873
7060501,1870
7061000,1872
7061500,1870
7062001,1872
7062500,1869
7063001,1872
7063500,1871
7064000,1872
7064500,1873
7065000,1872
7065500,1871
7066000,1872
7066500,1872
7067001,1872
7067500,1872
7068000,1871
7068500,1871
7069000,1872
7069500,1872
7070000,1871
7070500,1872
7071000,1872
7071500,1872
7072000,1871
7072500,1872
7073001,1872
7073500,1872
7074000,1872
7074500,1872
7075000,1871
7075500,1872
7076000,1873
7076501,1872
7077000,1873
7077500,1872
7078000,1872
7078500,1872
7079000,1872
7079500,1872
7080000,1872
7080500,1871
7081001,1872
7081500,1874
7082000,1872
7082500,1872
7083001,1872
7083500,1869
7084001,1872
7084500,1872
7085000,1872
7085500,1872
7086000,1872
7086500,1872
7087000,1872
7087500,1872
7088000,1873
7088500,1872
7089001,1872
7089500,1872
7090001,1872
7090500,1871
7091000,1872
7091500,1871
7092000,1872
7092500,1872
7093000,1871
7093500,1873
7094000,1872
7094501,1871
7095000,1872
7095500,1872
7096000,1870
7096501,1871
7097000,1873
7097500,1872
7098000,1871
7098501,1869
7099000,1872
7099500,1872
7100000,1871
7100500,1870
7101001,1871
7101500,1871
7102000,1872
7102500,1872
7103001,1870
7103500,1871
7104000,1872
7104500,1872
7105001,1873
7105500,1871
7106000,1872
7106500,1870
7107000,1871
7107500,1872
7108001,1872
7108501,1872
7109000,1871
7109500,1872
7110000,1872
7110500,1872
7111001,1872
7111500,1873
7112000,1872
7112500,1872
7113000,1872
7113500,1870
7114000,1872
7114500,1871
7115001,1872
7115500,1872
7116000,1871
7116500,1871
7117000,1872
7117500,1872
7118000,1872
7118500,1871
7119000,1872
7119500,1871
7120001,1872
7120500,1871
7121000,1872
7121500,1872
7122000,1872
7122500,1872
7123000,1871
7123500,1873
7124000,1872
7124500,1872
7125001,1872
7125500,1873
7126000,1872
7126500,1872
7127001,1872
7127500,1872
7128000,1872
7128500,1872
7129000,1873
7129500,1869
7130000,1872
7130500,1872
7131000,1872
7131500,1872
7132000,1869
7132501,1872
7133000,1872
7133500,1872
7134001,1872
7134500,1872
7135000,1872
7135500,1870
7136000,1871
7136501,1872
7137000,1872
7137500,1871
7138000,1871
7138500,1871
7139000,1874
7139500,1872
7140001,1872
7140500,1872
7141000,1872
7141500,1872
7142000,1872
7142500,1872
7143001,1872
7143501,1871
7144000,1872
7144500,1872
7145001,1872
7145500,1870
7146001,1872
7146500,1871
7147000,1872
7147500,1872
7148000,1872
7148500,1872
7149001,1872
7149500,1872
7150001,1873
7150500,1872
7151000,1871
7151500,1870
7152000,1871
7152500,1872
7153000,1872
7153500,1872
7154000,1872
7154500,1870
7155000,1872
7155500,1871
7156001,1873
7156500,1872
7157001,1872
7157500,1872
7158000,1872
7158500,1872
7159000,1872
7159500,1871
7160000,1872
7160500,1871
7161000,1872
7161501,1872
7162000,1872
7162501,1872
7163000,1872
7163500,1872
7164001,1872
7164500,1869
7165001,1872
7165500,1872
7166000,1872
7166500,1872
7167000,1871
7167500,1872
7168000,1873
7168500,1872
7169000,1872
7169500,1871
7170001,1877
7170500,1872
7171001,1872
7171500,1871
7172000,1872
7172500,1872
7173001,1872
7173500,1872
7174000,1872
7174500,1872
7175001,1872
7175501,1872
7176000,1872
7176501,1872
7177000,1872
7177500,1872
7178000,1872
7178500,1871
7179000,1871
7179500,1872
7180000,1872
7180500,1872
7181001,1872
7181500,1872
7182000,1872
7182500,1871
7183001,1872
7183500,1870
7184000,1872
7184500,1871
7185000,1872
7185501,1871
7186000,1872
7186500,1871
7187001,1871
7187500,1872
7188000,1872
7188500,1872
7189000,1870
7189500,1871
7190000,1871
7190500,1872
7191000,1872
7191500,1872
7192000,1873
7192500,1872
7193000,1872
7193500,1872
7194000,1872
7194500,1871
7195001,1872
7195501,1872
7196000,1870
7196500,1873
7197001,1872
7197500,1872
7198000,1872
7198500,1872
7199000,1872
7199501,1872
7200000,1872
7200500,1872
7201001,1872
7201500,1870
7202000,1873
7202500,1872
7203001,1872
7203500,1870
7204000,1872
7204500,1872
7205000,1874
7205500,1871
7206001,1874
7206501,1872
7207000,1871
7207500,1870
7208001,1872
7208501,1869
7209000,1872
7209501,1871
7210000,1872
7210500,1872
7211001,1872
7211500,1873
7212000,1872
7212500,1873
7213001,1872
7213500,1872
7214000,1872
7214500,1871
7215000,1872
7215501,1870
7216000,1872
7216501,1871
7217000,1872
7217500,1872
7218001,1872
7218500,1872
7219000,1872
7219500,1874
7220000,1872
7220500,1872
7221000,1872
7221500,1872
7222000,1871
7222500,1871
7223000,1872
7223500,1871
7224000,1872
7224500,1872
7225001,1872
7225500,1872
7226000,1871
7226500,1868
7227001,1872
7227500,1872
7228000,1873
7228500,1871
7229001,1872
7229500,1872
7230001,1873
7230500,1872
7231000,1871
7231500,1872
7232000,1871
7232500,1873
7233000,1873
7233500,1872
7234000,1872
7234500,1872
7235001,1872
7235500,1872
7236001,1872
7236500,1872
7237001,1872
7237501,1872
7238000,1871
7238501,1869
7239000,1871
7239500,1871
7240001,1873
7240501,1872
7241000,1872
7241500,1871
7242000,1872
7242500,1872
7243000,1872
7243500,1872
7244000,1872
7244500,1872
7245000,1873
7245500,1873
7246001,1872
7246501,1872
7247000,1872
7247501,1872
7248000,1871
7248500,1872
7249000,1871
7249500,1872
7250000,1872
7250500,1872
7251001,1872
7251500,1873
7252000,1873
7252500,1872
7253000,1872
7253500,1872
7254000,1874
7254500,1871
7255000,1872
7255500,1872
7256000,1872
7256500,1872
7257001,1873
7257500,1869
7258000,1872
7258500,1872
7259001,1872
7259500,1872
7260000,1874
7260500,1872
7261000,1872
7261500,1872
7262001,1874
7262501,1872
7263000,1870
7263500,1871
7264000,1872
7264500,1872
7265001,1872
7265500,1872
7266000,1872
7266500,1872
7267001,1872
7267500,1872
7268000,1872
7268500,1870
7269001,1875
7269500,1871
7270001,1872
7270500,1872
7271000,1872
7271500,1871
7272000,1872
7272500,1872
7273001,1873
7273501,1872
7274000,1872
7274501,1872
7275000,1872
7275500,1872
7276000,1872
7276500,1872
7277001,1872
7277500,1872
7278001,1874
7278500,1872
7279000,1872
7279501,1871
7280000,1872
7280501,1872
7281000,1870
7281500,1872
7282001,1872
7282500,1872
7283000,1872
7283500,1872
7284000,1872
7284500,1872
7285001,1872
7285500,1871
7286000,1873
7286500,1870
7287000,1872
7287500,1872
7288000,1872
7288500,1872
7289001,1872
7289500,1872
7290000,1875
7290501,1871
7291000,1871
7291500,1870
7292000,1871
7292500,1872
7293001,1872
7293501,1872
7294000,1872
7294501,1871
7295000,1872
7295501,1872
7296000,1873
7296500,1872
7297000,1873
7297500,1872
7298000,1872
7298500,1872
7299001,1872
7299500,1871
7300000,1872
7300500,1870
7301001,1872
7301500,1874
7302000,1871
7302501,1872
7303000,1872
7303501,1871
7304000,1872
7304500,1872
7305000,1872
7305500,1872
7306001,1875
7306500,1873
7307001,1872
7307500,1872
7308000,1872
7308500,1871
7309001,1871
7309500,1872
7310000,1872
7310500,1871
7311000,1871
7311500,1869
7312001,1874
7312500,1867
7313000,1872
7313500,1872
7314000,1872
7314501,1871
7315000,1872
7315500,1872
7316000,1872
7316500,1872
7317000,1872
7317500,1873
7318000,1872
7318500,1871
7319001,1872
7319500,1872
7320000,1871
7320500,1870
7321001,1870
7321500,1871
7322000,1872
7322500,1871
7323000,1872
7323500,1872
7324000,1871
7324500,1872
7325000,1873
7325501,1872
7326000,1872
7326500,1873
7327000,1872
7327500,1872
7328000,1872
7328500,1872
7329000,1874
7329500,1872
7330001,1873
7330500,1870
7331001,1872
7331500,1872
7332000,1874
7332500,1872
7333000,1872
7333500,1872
7334000,1872
7334501,1872
7335000,1871
7335500,1872
7336001,1872
7336500,1873
7337000,1872
7337500,1871
7338000,1872
7338500,1872
7339000,1872
7339500,1872
7340000,1872
7340500,1872
7341000,1872
7341501,1872
7342000,1873
7342500,1872
7343000,1872
7343500,1870
7344000,1874
7344501,1872
7345000,1872
7345500,1872
7346001,1872
7346500,1872
7347000,1872
7347500,1870
7348000,1872
7348500,1870
7349000,1873
7349500,1871
7350000,1873
7350500,1872
7351000,1872
7351500,1872
7352000,1873
7352500,1872
7353001,1872
7353500,1872
7354000,1872
7354500,1872
7355000,1875
7355500,1872
7356001,1872
7356500,1872
7357000,1872
7357500,1872
7358000,1872
7358500,1872
7359000,1871
7359501,1871
7360000,1873
7360500,1872
7361001,1872
7361500,1873
7362001,1871
7362500,1871
7363001,1872
7363500,1870
7364001,1872
7364500,1872
7365000,1872
7365500,1872
7366000,1873
7366500,1872
7367001,1871
7367500,1872
7368000,1874
7368500,1872
7369000,1873
7369500,1872
7370001,1872
7370500,1872
7371001,1872
7371500,1869
7372000,1872
7372500,1872
7373000,1871
7373500,1871
7374001,1872
7374500,1869
7375001,1871
7375500,1872
7376000,1871
7376500,1869
7377000,1872
7377500,1872
7378001,1870
7378500,1872
7379000,1869
7379500,1869
7380001,1872
7380500,1871
7381000,1872
7381500,1872
7382000,1872
7382500,1872
7383000,1872
7383500,1872
7384001,1871
7384501,1872
7385000,1873
7385500,1871
7386000,1872
7386500,1871
7387001,1872
7387500,1872
7388001,1872
7388500,1870
7389000,1872
7389500,1872
7390000,1873
7390500,1872
7391001,1872
7391500,1872
7392000,1871
7392500,1871
7393000,1872
7393500,1871
7394001,1870
7394500,1872
7395000,1872
7395500,1869
7396000,1872
7396501,1871
7397000,1871
7397500,1870
7398000,1874
7398500,1872
7399000,1872
7399500,1872
7400000,1872
7400500,1872
7401000,1872
7401501,1872
7402000,1872
7402501,1872
7403000,1872
7403500,1872
7404000,1873
7404501,1870
7405000,1872
7405501,1872
7406000,1872
7406500,1869
7407000,1872
7407500,1872
7408000,1872
7408500,1872
7409000,1872
7409500,1871
7410000,1872
7410500,1872
7411000,1872
7411501,1872
7412000,1871
7412500,1872
7413001,1872
7413500,1871
7414000,1872
7414501,1871
7415000,1871
7415500,1872
7416000,1872
7416501,1872
7417000,1871
7417500,1872
7418001,1872
7418500,1872
7419000,1870
7419500,1871
7420000,1872
7420500,1872
7421001,1872
7421500,1872
7422001,1870
7422500,1871
7423001,1872
7423500,1872
7424000,1872
7424501,1869
7425000,1870
7425500,1872
7426000,1872
7426500,1870
7427000,1871
7427500,1872
7428000,1872
7428500,1870
7429001,1875
7429500,1871
7430000,1872
7430500,1870
7431001,1871
7431500,1872
7432000,1872
7432500,1872
7433001,1872
7433500,1871
7434000,1872
7434500,1872
7435000,1874
7435500,1872
7436000,1872
7436500,1871
7437000,1872
7437501,1872
7438000,1872
7438501,1872
7439000,1872
7439501,1871
7440000,1872
7440500,1872
7441000,1872
7441500,1871
7442000,1869
7442500,1872
7443000,1872
7443500,1871
7444001,1871
7444500,1870
7445000,1872
7445500,1872
7446000,1872
7446500,1872
7447000,1872
7447500,1871
7448001,1872
7448500,1872
7449000,1872
7449500,1872
7450000,1872
7450500,1872
7451000,1872
7451500,1872
7452000,1872
7452500,1872
7453000,1872
7453500,1872
7454000,1872
7454501,1872
7455000,1872
7455501,1873
7456000,1871
7456500,1871
7457000,1872
7457500,1871
7458000,1872
7458501,1870
7459000,1872
7459500,1872
7460000,1873
7460500,1872
7461000,1872
7461500,1872
7462000,1872
7462500,1872
7463000,1872
7463500,1872
7464001,1875
7464500,1872
7465000,1874
7465500,1872
7466000,1869
7466501,1871
7467000,1872
7467501,1872
7468000,1872
7468500,1872
7469000,1872
7469500,1872
7470000,1872
7470500,1871
7471001,1872
7471500,1871
7472000,1873
7472501,1872
7473000,1872
7473500,1875
7474000,1872
7474500,1872
7475000,1872
7475500,1871
7476000,1874
7476500,1872
7477001,1873
7477500,1871
7478001,1872
7478500,1871
7479000,1872
7479500,1872
7480000,1872
7480500,1872
7481000,1872
7481500,1872
7482001,1871
7482501,1872
7483000,1872
7483500,1873
7484000,1872
7484500,1872
7485000,1871
7485500,1872
7486000,1872
7486501,1871
7487000,1873
7487500,1872
7488000,1874
7488500,1871
7489000,1872
7489500,1871
7490000,1874
7490500,1872
7491000,1872
7491500,1872
7492001,1872
7492500,1872
7493001,1873
7493500,1871
7494001,1872
7494500,1872
7495000,1875
7495500,1872
7496000,1872
7496500,1872
7497001,1869
7497500,1871
7498000,1872
7498500,1871
7499001,1872
7499500,1871
7500000,1872
7500500,1871
7501001,1871
7501500,1872
7502000,1872
7502500,1872
7503001,1871
7503501,1870
7504000,1871
7504500,1870
7505000,1872
7505501,1872
7506000,1871
7506501,1873
7507000,1872
7507500,1870
7508000,1871
7508500,1872
7509001,1872
7509500,1872
7510000,1874
7510500,1872
7511001,1872
7511500,1873
7512000,1872
7512500,1872
7513000,1872
7513500,1872
7514000,1872
7514501,1870
7515000,1873
7515500,1870
7516001,1872
7516500,1871
7517000,1872
7517500,1871
7518000,1872
7518501,1872
7519000,1872
7519501,1869
7520000,1872
7520500,1871
7521001,1872
7521501,1869
7522000,1871
7522501,1872
7523000,1872
7523500,1872
7524000,1872
7524500,1872
7525000,1870
7525500,1871
7526000,1873
7526500,1872
7527001,1873
7527500,1873
7528000,1874
7528500,1872
7529000,1874
7529500,1872
7530001,1872
7530500,1871
7531000,1872
7531500,1870
7532000,1869
7532500,1872
7533000,1872
7533500,1871
7534001,1871
7534501,1870
7535000,1871
7535500,1872
7536001,1871
7536500,1872
7537001,1872
7537500,1872
7538001,1872
7538500,1872
7539000,1872
7539500,1872
7540000,1872
7540500,1870
7541000,1872
7541500,1872
7542000,1872
7542501,1871
7543000,1872
7543500,1872
7544000,1872
7544500,1872
7545000,1871
7545500,1872
7546000,1874
7546500,1872
7547000,1873
7547500,1872
7548001,1871
7548500,1870
7549000,1872
7549500,1870
7550001,1870
7550500,1871
7551001,1872
7551500,1871
7552000,1872
7552500,1871
7553000,1872
7553500,1871
7554001,1872
7554500,1872
7555000,1871
7555500,1870
7556000,1872
7556500,1872
7557000,1872
7557500,1872
7558000,1871
7558500,1872
7559000,1872
7559500,1871
7560001,1872
7560501,1868
7561000,1871
7561500,1873
7562001,1875
7562500,1872
7563001,1872
7563500,1873
7564000,1872
7564500,1872
7565000,1872
7565500,1872
7566001,1874
7566500,1872
7567000,1872
7567500,1872
7568000,1874
7568500,1870
7569000,1872
7569500,1872
7570001,1872
7570500,1872
7571000,1872
7571500,1872
7572000,1874
7572500,1872
7573001,1872
7573500,1872
7574000,1872
7574500,1873
7575001,1872
7575500,1872
7576001,1872
7576500,1872
7577001,1872
7577500,1871
7578000,1872
7578500,1872
7579000,1872
7579500,1872
7580000,1872
7580501,1871
7581000,1872
7581500,1872
7582000,1874
7582500,1872
7583001,1872
7583500,1872
7584000,1872
7584500,1872
7585000,1871
7585500,1872
7586001,1872
7586500,1872
7587000,1872
7587500,1870
7588000,1875
7588501,1872
7589000,1872
7589501,1872
7590000,1872
7590501,1871
7591000,1873
7591501,1872
7592000,1872
7592500,1871
7593000,1872
7593500,1872
7594000,1872
7594500,1872
7595000,1872
7595500,1871
7596001,1872
7596500,1873
7597000,1872
7597501,1871
7598000,1872
7598501,1869
7599000,1872
7599501,1872
7600000,1872
7600501,1871
7601000,1872
7601500,1872
7602001,1872
7602500,1872
7603000,1872
7603501,1870
7604000,1872
7604500,1869
7605000,1872
7605500,1872
7606000,1871
7606500,1872
7607001,1871
7607500,1867
7608000,1872
7608500,1872
7609000,1870
7609501,1872
7610000,1875
7610501,1871
7611000,1872
7611500,1871
7612001,1870
7612501,1872
7613000,1872
7613500,1870
7614000,1869
7614500,1871
7615000,1872
7615500,1870
7616000,1875
7616500,1871
7617000,1872
7617501,1872
7618000,1872
7618501,1872
7619000,1872
7619501,1871
7620000,1869
7620500,1872
7621000,1872
7621501,1872
7622000,1871
7622500,1872
7623000,1873
7623500,1872
7624000,1872
7624500,1872
7625000,1872
7625500,1872
7626000,1875
7626500,1871
7627000,1872
7627500,1872
7628001,1871
7628501,1872
7629000,1872
7629500,1870
7630000,1871
7630500,1872
7631000,1872
7631500,1872
7632000,1873
7632500,1872
7633000,1871
7633501,1872
7634000,1875
7634500,1872
7635000,1872
7635500,1871
7636000,1872
7636500,1871
7637000,1872
7637500,1872
7638000,1872
7638500,1872
7639001,1872
7639500,1871
7640000,1872
7640500,1872
7641000,1872
7641500,1872
7642000,1872
7642501,1872
7643000,1872
7643500,1871
7644001,1872
7644500,1872
7645001,1873
7645500,1871
7646000,1872
7646500,1871
7647001,1872
7647500,1873
7648000,1872
7648501,1871
7649000,1872
7649500,1872
7650001,1872
7650501,1871
7651000,1872
7651500,1872
7652000,1875
7652500,1871
7653001,1872
7653500,1872
7654001,1872
7654500,1874
7655001,1874
7655500,1870
7656000,1869
7656500,1870
7657000,1872
7657500,1872
7658001,1872
7658500,1872
7659000,1871
7659500,1872
7660000,1869
7660500,1872
7661000,1872
7661500,1872
7662000,1873
7662500,1872
7663001,1873
7663500,1872
7664000,1872
7664500,1872
7665000,1872
7665500,1872
7666001,1870
7666500,1872
7667000,1872
7667500,1872
7668000,1872
7668500,1871
7669001,1872
7669500,1871
7670000,1872
7670500,1872
7671000,1872
7671501,1872
7672000,1869
7672500,1869
7673000,1872
7673500,1872
7674000,1874
7674500,1872
7675001,1872
7675500,1871
7676000,1873
7676500,1871
7677000,1870
7677500,1869
7678000,1873
7678500,1872
7679001,1872
7679500,1872
7680000,1872
7680500,1872
7681000,1872
7681500,1871
7682000,1875
7682500,1870
7683000,1872
7683501,1872
7684000,1872
7684500,1872
7685001,1872
7685500,1871
7686000,1873
7686501,1872
7687000,1872
7687501,1870
7688000,1869
7688500,1871
7689000,1872
7689500,1872
7690000,1870
7690500,1871
7691001,1872
7691500,1872
7692000,1872
7692500,1871
7693001,1872
7693500,1872
7694001,1871
7694500,1872
7695000,1873
7695500,1872
7696000,1869
7696500,1872
7697000,1872
7697500,1870
7698001,1872
7698500,1871
7699000,1872
7699500,1873
7700000,1870
7700500,1870
7701000,1873
7701500,1872
7702000,1871
7702500,1872
7703000,1872
7703501,1871
7704000,1869
7704501,1872
7705000,1872
7705501,1872
7706000,1872
7706500,1871
7707000,1872
7707501,1872
7708000,1872
7708500,1870
7709001,1873
7709500,1870
7710000,1872
7710500,1872
7711000,1873
7711500,1871
7712000,1872
7712500,1872
7713001,1874
7713500,1872
7714000,1872
7714500,1872
7715000,1873
7715500,1872
7716000,1872
7716500,1872
7717001,1872
7717500,1870
7718000,1872
7718501,1870
7719000,1872
7719501,1870
7720000,1871
7720501,1871
7721000,1872
7721500,1870
7722001,1870
7722501,1872
7723000,1872
7723501,1870
7724000,1874
7724500,1872
7725000,1872
7725500,1872
7726000,1873
7726501,1872
7727000,1872
7727501,1872
7728000,1873
7728500,1870
7729000,1872
7729500,1871
7730001,1872
7730501,1870
7731000,1872
7731500,1871
7732001,1872
7732500,1872
7733000,1872
7733500,1872
7734000,1872
7734500,1870
7735000,1872
7735500,1868
7736000,1872
7736500,1872
7737001,1872
7737500,1872
7738001,1872
7738500,1870
7739001,1872
7739500,1872
7740000,1872
7740500,1872
7741001,1870
7741500,1871
7742001,1872
7742500,1872
7743000,1872
7743500,1871
7744000,1873
7744500,1872
7745001,1872
7745500,1871
7746000,1877
7746500,1867
7747000,1871
7747500,1872
7748000,1871
7748500,1872
7749000,1872
7749500,1872
7750000,1872
7750500,1873
7751000,1872
7751501,1871
7752000,1872
7752501,1870
7753000,1872
7753501,1872
7754000,1872
7754500,1872
7755000,1872
7755500,1872
7756000,1872
7756501,1872
7757000,1872
7757500,1872
7758000,1872
7758500,1871
7759000,1871
7759500,1872
7760001,1872
7760500,1871
7761000,1872
7761500,1872
7762000,1872
7762500,1872
7763000,1872
7763500,1872
7764000,1875
7764500,1872
7765000,1874
7765500,1872
7766001,1872
7766500,1872
7767000,1873
7767500,1871
7768000,1872
7768500,1872
7769000,1873
7769500,1872
7770000,1872
7770500,1874
7771000,1872
7771500,1871
7772000,1871
7772501,1872
7773000,1872
7773500,1872
7774000,1871
7774501,1872
7775000,1872
7775501,1871
7776000,1872
7776500,1872
7777001,1872
7777500,1869
7778001,1872
7778500,1872
7779000,1872
7779500,1872
7780000,1872
7780500,1872
7781000,1872
7781500,1872
7782000,1872
7782500,1872
7783000,1869
7783501,1871
7784000,1871
7784501,1871
7785000,1871
7785501,1871
7786000,1872
7786500,1872
7787001,1872
7787500,1871
7788000,1872
7788500,1871
7789000,1872
7789501,1871
7790000,1871
7790501,1872
7791000,1874
7791500,1869
7792001,1872
7792500,1870
7793000,1872
7793500,1872
7794001,1872
7794500,1872
7795001,1872
7795500,1872
7796000,1871
7796500,1871
7797001,1873
7797500,1872
7798000,1872
7798500,1871
7799001,1872
7799500,1872
7800000,1873
7800500,1871
7801000,1872
7801500,1870
7802000,1872
7802500,1872
7803001,1872
7803500,1871
7804000,1872
7804500,1872
7805000,1872
7805500,1872
7806000,1872
7806500,1872
7807000,1873
7807500,1870
7808001,1872
7808500,1871
7809000,1872
7809500,1872
7810000,1872
7810500,1872
7811001,1872
7811500,1873
7812000,1873
7812501,1872
7813000,1872
7813501,1873
7814000,1873
7814501,1872
7815000,1873
7815500,1872
7816000,1872
7816501,1870
7817000,1872
7817500,1872
7818000,1872
7818500,1871
7819000,1873
7819500,1870
7820000,1872
7820500,1872
7821000,1872
7821500,1872
7822001,1872
7822500,1873
7823000,1872
7823500,1872
7824000,1872
7824500,1868
7825001,1872
7825500,1869
7826000,1871
7826500,1872
7827000,1872
7827500,1872
7828001,1872
7828500,1872
7829001,1872
7829500,1871
7830000,1872
7830500,1872
7831001,1872
7831500,1868
7832000,1872
7832500,1872
7833001,1872
7833500,1872
7834000,1872
7834500,1872
7835001,1872
7835500,1871
7836000,1872
7836500,1870
7837001,1872
7837500,1872
7838000,1872
7838500,1869
7839001,1873
7839500,1871
7840000,1872
7840500,1872
7841000,1871
7841500,1872
7842001,1872
7842500,1872
7843000,1872
7843500,1872
7844000,1872
7844501,1873
7845000,1872
7845501,1871
7846000,1872
7846500,1871
7847000,1871
7847500,1871
7848000,1869
7848500,1872
7849000,1872
7849500,1871
7850000,1872
7850500,1872
7851000,1872
7851500,1870
7852000,1871
7852500,1872
7853001,1872
7853500,1870
7854001,1871
7854500,1871
7855000,1872
7855500,1870
7856000,1873
7856500,1872
7857001,1872
7857500,1871
7858000,1872
7858500,1872
7859000,1872
7859500,1871
7860001,1871
7860500,1871
7861000,1872
7861500,1870
7862000,1871
7862500,1871
7863000,1872
7863500,1872
7864001,1872
7864500,1872
7865000,1872
7865500,1872
7866000,1869
7866501,1872
7867000,1872
7867500,1872
7868001,1871
7868500,1874
7869001,1872
7869500,1872
7870000,1872
7870500,1872
7871000,1872
7871500,1872
7872000,1874
7872500,1870
7873000,1872
7873501,1872
7874000,1872
7874500,1872
7875000,1871
7875500,1872
7876001,1872
7876500,1872
7877000,1872
7877500,1872
7878000,1872
7878500,1871
7879000,1872
7879500,1872
7880000,1872
7880500,1873
7881000,1872
7881501,1872
7882000,1872
7882500,1870
7883000,1873
7883500,1871
7884000,1872
7884500,1871
7885001,1872
7885500,1871
7886001,1873
7886500,1873
7887000,1872
7887500,1872
7888001,1872
7888500,1872
7889001,1873
7889500,1872
7890000,1874
7890500,1872
7891000,1872
7891501,1872
7892000,1872
7892501,1872
7893000,1873
7893500,1872
7894001,1872
7894500,1875
7895000,1874
7895500,1872
7896000,1871
7896500,1871
7897001,1873
7897500,1872
7898000,1872
7898500,1872
7899001,1872
7899500,1872
7900000,1874
7900500,1872
7901000,1872
7901501,1872
7902000,1872
7902500,1872
7903001,1872
7903500,1872
7904000,1872
7904500,1871
7905000,1872
7905501,1872
7906000,1872
7906500,1869
7907001,1872
7907500,1872
7908000,1871
7908500,1872
7909000,1871
7909500,1871
7910001,1872
7910500,1869
7911001,1872
7911500,1871
7912000,1871
7912501,1872
7913000,1870
7913501,1872
7914000,1872
7914500,1871
7915000,1872
7915500,1870
7916001,1873
7916500,1872
7917000,1873
7917500,1870
7918000,1872
7918501,1872
7919000,1872
7919500,1872
7920000,1869
7920500,1869
7921001,1870
7921500,1871
7922000,1872
7922500,1871
7923000,1872
7923500,1872
7924001,1871
7924500,1871
7925000,1871
7925500,1872
7926000,1872
7926501,1871
7927000,1871
7927500,1872
7928000,1871
7928500,1872
7929000,1872
7929500,1872
7930001,1872
7930501,1871
7931000,1874
7931500,1870
7932001,1872
7932500,1872
7933000,1873
7933500,1871
7934000,1872
7934501,1872
7935000,1871
7935501,1872
7936000,1871
7936500,1872
7937000,1872
7937501,1872
7938000,1873
7938501,1872
7939000,1873
7939501,1869
7940000,1872
7940500,1872
7941001,1872
7941500,1871
7942000,1872
7942500,1872
7943001,1872
7943500,1872
7944000,1874
7944500,1871
7945001,1872
7945500,1872
7946000,1872
7946500,1872
7947000,1872
7947501,1872
7948000,1872
7948501,1872
7949000,1874
7949501,1872
7950000,1872
7950501,1872
7951000,1872
7951501,1872
7952000,1872
7952500,1872
7953001,1871
7953500,1872
7954000,1872
7954500,1871
7955000,1871
7955500,1871
7956000,1871
7956500,1873
7957001,1872
7957500,1872
7958001,1872
7958500,1871
7959000,1872
7959500,1872
7960000,1872
7960500,1872
7961001,1873
7961500,1872
7962001,1872
7962500,1872
7963000,1872
7963500,1871
7964000,1872
7964500,1869
7965000,1871
7965500,1872
7966001,1870
7966500,1872
7967000,1873
7967500,1872
7968001,1872
7968500,1871
7969000,1872
7969500,1872
7970000,1871
7970500,1871
7971000,1872
7971501,1873
7972000,1872
7972500,1867
7973000,1872
7973500,1872
7974000,1872
7974500,1872
7975000,1871
7975500,1872
7976000,1872
7976500,1869
7977000,1872
7977501,1871
7978000,1873
7978500,1868
7979000,1872
7979500,1872
7980001,1875
7980500,1872
7981000,1872
7981500,1873
7982001,1873
7982500,1872
7983000,1872
7983501,1871
7984000,1872
7984500,1872
7985000,1872
7985500,1871
7986001,1872
7986500,1872
7987000,1872
7987500,1872
7988001,1872
7988500,1872
7989000,1869
7989500,1871
7990001,1872
7990500,1871
7991000,1872
7991500,1871
7992000,1872
7992500,1872
7993000,1872
7993500,1872
7994000,1872
7994500,1870
7995001,1872
7995500,1870
7996000,1872
7996500,1872
7997000,1872
7997500,1871
7998001,1873
7998500,1872
7999001,1872
7999500,1871
8000000,1872
8000500,1869
8001001,1872
8001500,1870
8002001,1872
8002500,1871
8003000,1872
8003500,1872
8004000,1871
8004500,1872
8005000,1872
8005500,1872
8006001,1872
8006500,1872
8007000,1870
8007500,1871
8008001,1872
8008500,1872
8009000,1871
8009500,1872
8010000,1872
8010500,1870
8011001,1872
8011500,1872
8012000,1870
8012500,1870
8013001,1871
8013500,1872
8014001,1871
8014500,1871
8015000,1871
8015500,1868
8016000,1872
8016500,1872
8017001,1871
8017500,1871
8018000,1872
8018500,1872
8019000,1872
8019500,1872
8020000,1872
8020500,1869
8021000,1872
8021500,1872
8022000,1873
8022500,1869
8023001,1873
8023500,1874
8024000,1872
8024501,1875
8025000,1873
8025500,1869
8026000,1872
8026501,1872
8027000,1871
8027501,1872
8028000,1872
8028501,1872
8029000,1872
8029501,1872
8030000,1872
8030501,1872
8031000,1869
8031500,1872
8032001,1872
8032500,1872
8033000,1872
8033500,1872
8034000,1872
8034501,1874
8035000,1873
8035500,1872
8036001,1871
8036501,1872
8037000,1872
8037500,1872
8038000,1873
8038501,1872
8039000,1875
8039501,1872
8040000,1872
8040501,1873
8041000,1873
8041501,1872
8042000,1872
8042501,1869
8043000,1872
8043501,1872
8044000,1872
8044501,1873
8045000,1872
8045501,1871
8046000,1872
8046500,1872
8047001,1872
8047500,1871
8048001,1872
8048500,1871
8049000,1872
8049500,1872
8050000,1871
8050500,1872
8051001,1872
8051500,1872
8052000,1872
8052500,1872
8053000,1872
8053500,1872
8054000,1872
8054500,1871
8055001,1872
8055500,1872
8056000,1871
8056500,1872
8057001,1873
8057500,1872
8058000,1874
8058500,1871
8059000,1871
8059500,1871
8060000,1871
8060500,1871
8061000,1872
8061500,1872
8062000,1872
8062501,1871
8063000,1872
8063501,1872
8064000,1871
8064501,1871
8065000,1872
8065501,1872
8066000,1872
8066501,1872
8067000,1872
8067501,1871
8068000,1871
8068501,1874
8069000,1872
8069500,1872
8070001,1872
8070500,1872
8071000,1871
8071500,1871
8072001,1872
8072500,1872
8073001,1871
8073500,1871
8074001,1872
8074500,1872
8075000,1872
8075500,1872
8076000,1871
8076500,1872
8077001,1872
8077500,1871
8078000,1872
8078500,1872
8079000,1874
8079500,1872
8080000,1875
8080500,1871
8081001,1872
8081500,1872
8082000,1872
8082501,1872
8083000,1874
8083501,1872
8084000,1872
8084500,1872
8085001,1872
8085500,1871
8086000,1872
8086500,1869
8087000,1872
8087500,1872
8088001,1873
8088500,1868
8089000,1872
8089500,1871
8090000,1871
8090500,1871
8091001,1872
8091500,1872
8092000,1872
8092501,1873
8093000,1872
8093500,1870
8094000,1872
8094500,1872
8095000,1873
8095500,1872
8096001,1872
8096500,1872
8097000,1872
8097500,1872
8098001,1872
8098500,1872
8099000,1872
8099500,1872
8100001,1872
8100500,1872
8101000,1873
8101501,1871
8102000,1873
8102501,1872
8103000,1872
8103500,1872
8104001,1874
8104500,1872
8105000,1872
8105500,1872
8106001,1872
8106500,1871
8107000,1873
8107500,1872
8108000,1872
8108501,1872
8109000,1872
8109500,1872
8110000,1874
8110500,1872
8111001,1873
8111500,1872
8112001,1872
8112500,1872
8113000,1872
8113500,1872
8114000,1872
8114500,1871
8115000,1871
8115501,1872
8116000,1872
8116500,1872
8117000,1872
8117500,1872
8118000,1872
8118500,1872
8119000,1873
8119501,1869
8120000,1872
8120501,1872
8121000,1872
8121500,1872
8122001,1874
8122500,1872
8123001,1872
8123500,1871
8124000,1872
8124500,1873
8125000,1872
8125500,1869
8126001,1872
8126500,1866
8127001,1872
8127500,1872
8128000,1872
8128500,1872
8129001,1872
8129500,1872
8130000,1872
8130500,1870
8131000,1873
8131500,1872
8132000,1873
8132500,1870
8133000,1873
8133500,1872
8134000,1873
8134500,1871
8135000,1872
8135500,1871
8136000,1871
8136500,1872
8137000,1871
8137500,1870
8138000,1871
8138500,1872
8139000,1872
8139501,1872
8140000,1871
8140501,1874
8141000,1869
8141500,1872
8142000,1872
8142500,1869
8143000,1872
8143500,1873
8144001,1875
8144500,1875
8145000,1873
8145500,1872
8146001,1870
8146500,1872
8147000,1871
8147500,1871
8148000,1872
8148500,1870
8149000,1871
8149500,1872
8150000,1872
8150501,1872
8151000,1872
8151501,1872
8152000,1872
8152500,1870
8153001,1873
8153500,1872
8154000,1873
8154500,1870
8155001,1872
8155500,1872
8156001,1872
8156500,1871
8157000,1872
8157500,1871
8158001,1871
8158501,1872
8159000,1872
8159500,1872
8160001,1872
8160500,1871
8161000,1872
8161500,1870
8162000,1872
8162500,1873
8163000,1873
8163500,1872
8164000,1872
8164500,1871
8165001,1873
8165500,1872
8166000,1872
8166501,1872
8167000,1872
8167500,1872
8168001,1872
8168500,1869
8169001,1872
8169501,1872
8170000,1872
8170501,1873
8171000,1872
8171501,1872
8172000,1873
8172501,1872
8173000,1872
8173500,1872
8174000,1872
8174500,1871
8175000,1872
8175500,1871
8176000,1872
8176500,1873
8177000,1872
8177500,1872
8178001,1872
8178500,1872
8179000,1872
8179500,1872
8180000,1872
8180500,1872
8181000,1872
8181500,1872
8182000,1871
8182500,1871
8183000,1872
8183500,1872
8184000,1872
8184500,1872
8185000,1874
8185500,1871
8186001,1872
8186500,1873
8187001,1872
8187500,1872
8188000,1871
8188500,1871
8189000,1871
8189500,1870
8190001,1872
8190500,1872
8191000,1874
8191500,1872
# end
