# waiting 600 s for thermal settle - press any key to skip
# warm 0 s
# warm 30 s
# warm 60 s
# warm 90 s
# warm 120 s
# warm 150 s
# warm 180 s
# warm 210 s
# warm 240 s
# warm 270 s
# warm 300 s
# warm 330 s
# warm 360 s
# warm 390 s
# warm 420 s
# warm 450 s
# warm 480 s
# warm 510 s
# warm 540 s
# warm 570 s
# warm 600 s
# ----------------------------------------------------------
# label,C1_sweep_16step_run1
# mode,sweep_single
# n,32768
# fs_hz,1999.9390
# span_s,16.384000
# mean_code,1896.2291
# sd_code,351.4048
# min_code,0
# max_code,2158
# NOTE sd_code above is the WHOLE-RECORD spread and is
#      dominated by the staircase, not by noise. The
#      measurement is the spread WITHIN each step, which
#      analyse_sweep.py computes.
# adc,12bit_default_11dB_attenuation
# conv,linear_3.3_over_4095
# ----------------------------------------------------------
2015
2014
2013
2014
2016
2015
2015
2017
2015
2015
2013
2013
2015
2013
2011
2016
2011
2013
2015
2011
2015
2015
2013
2017
2012
2013
2014
2014
2011
2014
2011
2014
2009
2015
2011
2010
2007
2014
2007
2011
2006
2010
2011
2010
2009
2005
2011
2010
2009
2007
2010
2007
2011
2006
2006
2010
2009
2007
2006
2007
2007
2012
2007
2003
2006
2006
2003
2007
2002
2010
2006
2006
2005
2005
2007
2005
2007
2003
2003
2003
2006
2004
2005
2003
2005
2003
2002
2003
2003
2003
2004
2001
2003
2000
2000
2001
2003
2000
2002
2000
2003
2002
2004
2000
2000
2000
2000
2000
2000
1999
2001
2001
2005
2000
2002
2000
2000
2000
2001
2000
2003
2000
1999
2001
2000
2000
2000
2001
2000
2000
2000
2000
2000
1999
2000
1998
2000
1999
1999
1998
2000
2000
2000
2000
1999
1999
1999
2000
1999
2000
1998
1999
1998
1997
1999
1998
1999
1999
1997
1995
1997
1996
1997
1998
1995
1996
1996
1995
1999
2000
1997
1995
1997
1999
1999
1995
2000
1994
1994
1993
1997
1997
1995
1999
1998
1993
1997
1993
1994
1993
1998
1995
1994
1995
1991
1998
1990
1990
1994
1995
1993
1994
1991
1991
1991
1997
1992
1993
1993
1988
1989
1990
1989
1991
1990
1991
1994
1989
1990
1989
1985
1992
1994
1989
1987
1989
1991
1990
1991
1988
1989
1993
1990
1991
1990
1989
1989
1989
1990
1993
1990
1989
1989
1986
1989
1989
1988
1987
1989
1986
1987
1987
1985
1986
1986
1985
1987
1985
1986
1984
1989
1983
1986
1987
1987
1984
1985
1985
1982
1984
1985
1985
1984
1985
1985
1987
1987
1983
1983
1982
1985
1984
1985
1985
1986
1985
1984
1982
1984
1983
1981
1982
1981
1983
1984
1984
1984
1982
1982
1984
1983
1982
1983
1979
1982
1983
1981
1982
1983
1983
1981
1983
1981
1983
1981
1983
1979
1982
1978
1983
1982
1981
1979
1979
1983
1980
1982
1981
1979
1983
1981
1978
1982
1982
1979
1981
1980
1981
1978
1979
1978
1978
1977
1981
1978
1978
1975
1979
1977
1981
1977
1980
1975
1976
1979
1977
1979
1975
1979
1978
1983
1979
1979
1973
1981
1975
1978
1979
1974
1977
1978
1974
1975
1975
1973
1974
1974
1973
1974
1975
1979
1977
1977
1978
1974
1975
1973
1973
1973
1974
1974
1973
1975
1975
1971
1974
1974
1974
1970
1975
1975
1973
1972
1973
1973
1973
1972
1970
1978
1972
1971
1971
1971
1971
1972
1974
1972
1972
1969
1973
1969
1970
1969
1969
1968
1971
1971
1973
1970
1969
1968
1970
1971
1970
1970
1968
1971
1968
1968
1969
1969
1968
1968
1968
1967
1968
1968
1968
1968
1968
1969
1969
1968
1969
1969
1968
1970
1968
1968
1969
1968
1967
1968
1968
1968
1968
1969
1968
1968
1968
1968
1968
1968
1968
1968
1969
1968
1968
1968
1970
1965
1968
1967
1968
1967
1968
1968
1968
1967
1968
1967
1967
1967
1967
1968
1968
1968
1967
1968
1968
1967
1967
1966
1967
1968
1963
1966
1967
1964
1968
1967
1968
1966
1966
1965
1967
1966
1966
1967
1967
1964
1966
1965
1968
1966
1965
1966
1965
1966
1964
1966
1966
1964
1967
1966
1963
1964
1963
1966
1961
1966
1961
1965
1962
1966
1962
1963
1965
1967
1962
1962
1962
1965
1965
1963
1962
1962
1959
1965
1963
1966
1963
1959
1959
1965
1963
1963
1962
1962
1962
1964
1962
1961
1959
1959
1960
1962
1962
1961
1958
1957
1959
1959
1961
1961
1959
1963
1959
1962
1957
1958
1959
1961
1961
1960
1957
1958
1959
1958
1954
1959
1957
1958
1957
1959
1958
1962
1957
1959
1955
1953
1958
1958
1958
1957
1957
1953
1956
1955
1958
1958
1956
1962
1959
1955
1958
1958
1958
1954
1956
1957
1959
1955
1956
1955
1958
1954
1956
1957
1953
1957
1954
1953
1957
1958
1957
1956
1954
1953
1957
1958
1954
1953
1955
1954
1952
1951
1953
1957
1955
1955
1954
1955
1954
1953
1953
1953
1954
1952
1951
1955
1952
1953
1954
1954
1952
1953
1953
1953
1952
1951
1953
1953
1953
1950
1955
1950
1951
1954
1952
1953
1951
1951
1953
1954
1953
1953
1954
1951
1954
1951
1953
1953
1951
1951
1952
1951
1949
1951
1951
1950
1951
1951
1949
1947
1951
1950
1952
1953
1950
1950
1953
1950
1949
1948
1947
1950
1952
1950
1950
1951
1953
1949
1949
1952
1950
1947
1945
1949
1947
1945
1946
1948
1950
1947
1949
1951
1949
1949
1949
1949
1947
1949
1950
1949
1945
1947
1947
1945
1947
1951
1948
1949
1949
1947
1946
1943
1947
1945
1946
1947
1946
1943
1943
1943
1943
1942
1947
1947
1942
1943
1947
1945
1945
1943
1946
1946
1942
1945
1943
1945
1944
1943
1943
1946
1948
1946
1942
1947
1942
1942
1945
1946
1947
1947
1941
1943
1945
1946
1949
1942
1945
1942
1946
1946
1943
1941
1943
1945
1942
1943
1946
1941
1945
1941
1940
1945
1942
1942
1941
1945
1946
1943
1942
1941
1942
1940
1942
1939
1943
1941
1941
1941
1939
1938
1941
1941
1938
1943
1941
1941
1939
1939
1939
1939
1939
1939
1943
1941
1941
1941
1938
1943
1941
1941
1943
1939
1941
1937
1939
1940
1941
1936
1938
1937
1939
1937
1939
1940
1938
1936
1941
1939
1937
1938
1938
1939
1938
1937
1940
1937
1938
1937
1938
1936
1941
1939
1936
1939
1938
1940
1938
1936
1937
1939
1937
1939
1939
1939
1936
1937
1938
1936
1937
1940
1937
1938
1940
1936
1939
1937
1936
1936
1936
1936
1937
1936
1936
1937
1936
1938
1936
1937
1937
1936
1937
1936
1935
1935
1936
1939
1936
1936
1936
1935
1936
1936
1936
1936
1935
1935
1936
1936
1936
1936
1936
1936
1936
1936
1936
1936
1936
1935
1936
1938
1936
1936
1936
1934
1936
1936
1936
1937
1936
1937
1936
1936
1936
1936
1935
1935
1936
1936
1935
1936
1935
1935
1936
1936
1932
1935
1936
1936
1936
1931
1936
1936
1935
1935
1936
1935
1935
1935
1934
1934
1933
1935
1935
1935
1935
1936
1935
1936
1935
1936
1934
1934
1933
1935
1936
1936
1934
1935
1936
1936
1934
1934
1935
1935
1933
1931
1934
1933
1933
1933
1935
1935
1933
1933
1933
1931
1933
1935
1936
1933
1934
1934
1935
1934
1935
1934
1931
1933
1934
1933
1933
1934
1935
1933
1930
1933
1933
1935
1931
1933
1932
1933
1934
1930
1930
1933
1930
1934
1931
1933
1931
1931
1933
1935
1931
1931
1931
1930
1931
1925
1931
1931
1933
1930
1927
1933
1931
1931
1931
1931
1929
1931
1929
1931
1934
1933
1933
1929
1931
1929
1929
1928
1931
1929
1931
1929
1927
1929
1926
1930
1930
1929
1926
1929
1929
1926
1926
1931
1931
1927
1925
1931
1931
1933
1926
1931
1927
1929
1926
1923
1927
1925
1925
1929
1922
1925
1931
1929
1929
1929
1925
1927
1926
1929
1930
1925
1923
1926
1925
1930
1927
1926
1926
1927
1926
1927
1930
1925
1925
1931
1927
1928
1929
1925
1927
1927
1925
1925
1925
1925
1927
1926
1926
1926
1930
1929
1930
1927
1929
1926
1925
1925
1925
1927
1922
1922
1923
1926
1927
1925
1924
1923
1924
1922
1930
1931
1927
1922
1922
1925
1925
1924
1923
1926
1925
1926
1926
1924
1923
1923
1924
1926
1926
1924
1921
1924
1921
1921
1921
1923
1925
1922
1928
1925
1923
1921
1922
1923
1920
1925
1920
1922
1924
1924
1926
1923
1925
1922
1925
1921
1921
1921
1920
1922
1922
1925
1922
1920
1923
1926
1925
1924
1921
1919
1922
1921
1923
1920
1922
1919
1923
1920
1922
1920
1920
1921
1923
1922
1919
1923
1926
1920
1921
1923
1919
1922
1923
1920
1919
1921
1919
1922
1922
1923
1920
1921
1922
1920
1923
1922
1922
1920
1922
1920
1919
1923
1923
1919
1921
1922
1921
1920
1921
1920
1918
1922
1919
1921
1920
1921
1920
1921
1920
1920
1921
1920
1920
1922
1921
1919
1923
1920
1921
1919
1920
1917
1919
1920
1920
1921
1919
1920
1920
1919
1918
1921
1920
1920
1921
1920
1919
1921
1921
1920
1921
1920
1919
1917
1920
1917
1919
1919
1920
1921
1920
1920
1919
1921
2143
2137
2142
2142
2141
2143
2140
2142
2135
2141
2138
2139
2140
2138
2137
2138
2137
2135
2137
2137
2135
2134
2137
2133
2135
2133
2130
2135
2133
2134
2134
2134
2131
2133
2133
2131
2131
2131
2128
2131
2128
2128
2128
2128
2128
2129
2128
2128
2128
2128
2127
2128
2128
2128
2127
2128
2127
2128
2128
2127
2125
2128
2126
2125
2121
2127
2125
2126
2127
2126
2127
2124
2127
2125
2128
2126
2128
2123
2122
2123
2124
2122
2123
2120
2123
2121
2121
2122
2119
2119
2117
2123
2123
2116
2116
2121
2115
2118
2117
2118
2118
2116
2117
2118
2117
2115
2115
2113
2116
2113
2118
2117
2115
2113
2115
2114
2116
2113
2113
2114
2112
2112
2112
2112
2113
2112
2112
2112
2110
2107
2112
2111
2112
2112
2112
2113
2111
2112
2110
2109
2107
2109
2109
2107
2110
2112
2111
2110
2109
2107
2109
2106
2111
2107
2106
2104
2102
2105
2107
2103
2104
2110
2107
2105
2103
2105
2103
2103
2102
2099
2100
2102
2102
2101
2107
2101
2102
2099
2101
2101
2097
2101
2099
2101
2098
2096
2101
2101
2097
2101
2098
2097
2098
2098
2097
2098
2096
2096
2096
2096
2096
2097
2096
2096
2097
2096
2096
2096
2095
2095
2095
2096
2095
2096
2096
2096
2096
2094
2092
2096
2096
2093
2095
2095
2096
2096
2093
2095
2096
2094
2089
2094
2093
2092
2091
2093
2092
2087
2091
2091
2091
2090
2090
2090
2090
2094
2086
2087
2093
2092
2084
2087
2094
2089
2083
2086
2087
2083
2084
2090
2085
2087
2089
2090
2086
2086
2086
2086
2085
2085
2085
2084
2086
2083
2081
2082
2083
2086
2083
2083
2083
2080
2080
2080
2083
2083
2081
2081
2081
2082
2079
2082
2079
2080
2080
2079
2080
2079
2078
2080
2080
2079
2081
2076
2073
2078
2080
2078
2075
2078
2075
2075
2077
2075
2077
2076
2077
2077
2072
2077
2074
2073
2075
2076
2074
2071
2077
2073
2071
2074
2075
2074
2070
2075
2074
2067
2071
2073
2071
2069
2071
2071
2071
2069
2070
2070
2073
2069
2070
2069
2071
2069
2067
2066
2065
2067
2066
2070
2068
2067
2066
2070
2067
2066
2064
2068
2064
2066
2064
2065
2065
2065
2066
2065
2065
2064
2064
2067
2064
2066
2067
2066
2064
2064
2064
2064
2065
2064
2065
2063
2063
2064
2064
2063
2064
2064
2063
2063
2064
2063
2062
2063
2063
2064
2063
2062
2064
2063
2060
2061
2060
2062
2059
2061
2059
2061
2061
2058
2061
2059
2059
2062
2059
2060
2062
2059
2059
2058
2057
2057
2056
2057
2055
2058
2053
2055
2058
2055
2055
2058
2058
2047
2055
2057
2055
2053
2056
2047
2054
2054
2046
2057
2055
2056
2045
2047
2047
2047
2047
2047
2054
2055
2047
2047
2046
2046
2047
2047
2046
2047
2045
2047
2045
2047
2046
2047
2046
2043
2043
2045
2045
2053
2042
2043
2043
2042
2042
2045
2044
2046
2044
2044
2043
2041
2042
2043
2045
2042
2046
2042
2044
2043
2038
2042
2043
2039
2041
2039
2038
2039
2037
2036
2036
2038
2039
2037
2035
2038
2034
2039
2037
2037
2039
2038
2038
2038
2038
2039
2035
2035
2037
2033
2037
2037
2037
2033
2035
2034
2035
2037
2035
2035
2035
2032
2035
2034
2034
2035
2034
2033
2033
2035
2034
2032
2032
2033
2033
2032
2032
2032
2032
2032
2032
2032
2031
2032
2032
2033
2033
2032
2032
2031
2029
2031
2031
2031
2031
2030
2032
2032
2031
2032
2030
2030
2030
2030
2032
2029
2032
2029
2030
2027
2026
2029
2027
2030
2028
2028
2031
2026
2030
2031
2030
2027
2026
2027
2026
2029
2030
2029
2030
2029
2026
2026
2029
2027
2026
2027
2026
2023
2026
2021
2026
2026
2026
2023
2019
2023
2025
2022
2025
2027
2023
2022
2025
2023
2025
2023
2023
2022
2023
2021
2025
2027
2022
2021
2019
2022
2021
2019
2019
2021
2017
2019
2019
2018
2019
2019
2019
2019
2020
2018
2020
2022
2018
2017
2019
2019
2015
2018
2020
2019
2019
2018
2018
2018
2018
2018
2015
2019
2018
2015
2016
2017
2017
2015
2015
2014
2015
2013
2015
2015
2019
2015
2015
2015
2015
2016
2013
2010
2014
2015
2015
2011
2016
2016
2015
2013
2014
2013
2011
2016
2012
2013
2013
2010
2013
2010
2011
2013
2011
2012
2010
2013
2009
2013
2013
2012
2011
2011
2010
2009
2012
2010
2009
2009
2011
2007
2007
2011
2012
2011
2010
2007
2010
2009
2010
2009
2006
2006
2007
2007
2005
2005
2003
2004
2010
2006
2007
2005
2005
2007
2007
2006
2007
2005
2002
2009
2007
2002
2000
2006
2003
2005
2007
2007
2005
2007
2004
2003
2003
2001
2003
2004
2006
2002
2006
2001
2002
2002
2004
2004
2002
2004
2003
2005
2001
2003
2000
2003
2001
2005
2000
2000
2005
2000
2002
2003
2000
2001
2000
2000
1999
2001
2000
2001
2001
2002
2000
1998
2000
2000
2000
2000
2002
2000
2000
2000
2001
2000
2000
2000
1999
2000
1997
2000
2000
2000
1999
2000
2000
1999
1997
1998
2000
1998
1998
1994
1999
1998
2000
1997
1994
1997
1999
1999
1997
1994
1996
1997
1999
1999
1995
2000
1999
1995
1997
1997
1995
1998
1995
1995
1997
1996
1994
1997
1997
1994
1999
1994
1994
1993
1994
1995
1997
1997
1995
1997
1994
1994
1997
1994
1989
1991
1991
1993
1994
1997
1994
1990
1993
1994
1991
1994
1991
1994
1991
1993
1991
1991
1988
1991
1991
1995
1988
1988
1990
1993
1993
1990
1988
1989
1987
1994
1991
1990
1987
1987
1990
1990
1987
1989
1985
1989
1987
1987
1987
1988
1989
1987
1990
1987
1990
1987
1988
1989
1986
1986
1987
1986
1985
1987
1989
1985
1986
1985
1984
1985
1984
1987
1988
1987
1984
1984
1987
1985
1985
1985
1984
1984
1982
1983
1987
1984
1984
1984
1984
1985
1984
1984
1983
1984
1987
1984
1985
1983
1985
1983
1985
1983
1983
1983
1982
1984
1983
1982
1981
1983
1984
1984
1982
1982
1983
1983
1982
1979
1985
1983
1979
1984
1981
1979
1980
1979
1979
1979
1981
1984
1982
1979
1979
1981
1981
1983
1981
1981
1983
1982
1981
1975
1979
1981
1979
1978
1981
1975
1979
1979
1981
1979
1979
1981
1978
1982
1978
1982
1978
1975
1978
1980
1977
1977
1975
1975
1979
1978
1978
1975
1979
1978
1978
1978
1978
1975
1975
1977
1975
1978
1977
1979
1977
1978
1977
1975
1974
1972
1975
1973
1975
1977
1974
1975
1975
1974
1972
1974
1973
1976
1973
1971
1973
1970
1971
1975
1974
1973
1974
1974
1970
1970
1971
1971
1974
1974
1973
1971
1973
1971
1970
1974
1971
1970
1969
1971
1969
1968
1970
1969
1971
1968
1973
1969
1973
1969
1972
1973
1970
1969
1971
1972
1968
1971
1969
1972
1971
1970
1970
1969
1971
1969
1971
1970
1969
1968
1968
1968
1969
1970
1968
1969
1971
1968
1968
1969
1969
1971
1968
1969
1968
1968
1968
1968
1968
1973
1969
1969
1970
1968
1968
1968
1968
1968
1968
1968
1968
1968
1968
1968
1967
1969
1968
1968
1966
1968
1968
1968
1968
1968
1967
1967
1967
1965
1967
1968
1968
1966
1967
1967
1968
1966
1967
1965
1966
1968
1967
1968
1966
1966
1967
1968
1965
1965
1965
1967
1966
1963
1965
1964
1967
1968
1963
1966
1962
1961
1963
1962
1965
1965
1965
1963
1964
1967
1961
1965
1965
1962
1964
1963
1967
1965
1963
1963
1964
1963
1962
1959
1959
1960
1963
1964
1962
1963
1959
1965
1958
1963
1963
1962
1963
1961
1965
1959
1959
1963
1965
1963
1959
1963
1958
1963
1959
1963
1961
1962
1959
1959
1962
1966
1961
1961
1959
1961
1963
1961
1959
1961
1961
1957
1959
1957
1959
1959
1961
1958
1956
1955
1962
1963
1958
1955
1962
1962
1957
1958
1959
1958
1957
1956
1958
1958
1962
1959
1956
1957
1957
1954
1958
1957
1957
1955
1958
1953
1957
1957
1955
1956
1955
1955
1953
1956
1953
1955
1955
1953
1954
1955
1954
1957
1953
1955
1957
1954
1956
1955
1955
1953
1954
1954
1954
1953
1955
1953
1953
1955
1957
1955
1954
1957
1955
1953
1953
1957
1954
1955
1955
1953
1953
1955
1954
1952
1951
1951
1956
1952
1951
1953
1954
1951
1953
1955
1957
1951
1954
1954
1953
1953
1953
1954
1951
1953
1952
1954
1951
1952
1953
1951
1953
1950
1950
1950
1952
1951
1953
1952
1951
1950
1954
1950
1952
1951
1951
1951
1951
1953
1949
1949
1950
1950
1949
1951
1950
1949
1950
1951
1947
1951
1951
1950
1953
1951
1947
1949
1949
1949
1948
1952
1947
1949
1951
1947
1949
1949
1949
1948
1950
1950
1949
1947
1947
1947
1946
1946
1950
1949
1946
1953
1945
1947
1950
1949
1946
1945
1950
1945
1942
1946
1943
1946
1943
1951
1943
1947
1946
1943
1947
1947
1948
1947
1947
1945
1946
1946
1943
1946
1943
1943
1943
1948
1943
1944
1946
1943
1943
1943
1946
1945
1946
1945
1941
1946
1947
1943
1943
1943
1943
1943
1942
1943
1947
1943
1945
1941
1943
1945
1943
1943
1942
1943
1945
1943
1941
1941
1945
1947
1939
1943
1942
1942
1942
1945
1941
1943
1940
1939
1943
1945
1942
1943
1939
1943
1943
1942
1940
1942
1939
1939
1941
1939
1942
1941
1939
1942
1943
1938
1941
1940
1941
1941
1943
1941
1939
1939
1939
1940
1938
1938
1937
1941
1941
1939
1940
1937
1942
1940
1945
1938
1938
1938
1937
1939
1941
1938
1941
1939
1941
1938
1938
1941
1938
1939
1939
1939
1941
1939
1938
1936
1938
1939
1938
1940
1941
1936
1939
1941
1942
1936
1936
1938
1936
1939
1936
1939
1938
1936
1938
1938
1937
1938
1939
1936
1937
1938
1937
1936
1937
1936
1936
1935
1936
1936
1937
1936
1937
1936
1936
1936
1936
1936
1936
1936
1936
1936
1941
1937
1937
1939
1936
1937
1936
1936
1937
1937
1936
1936
1936
1937
1936
1936
1937
1936
1936
1937
1936
1936
1936
1935
1936
1934
1936
1936
1935
1935
1936
1935
1935
1936
1936
1936
1936
1934
1935
1936
1936
1936
1936
1936
1936
1936
1936
1936
1935
1936
1935
1936
1934
1933
1934
1935
1935
1934
1936
1933
1936
1934
1935
1934
1934
1934
1936
1936
1934
1933
1936
1934
1932
1936
1935
1936
1935
1936
1935
1935
1935
1935
1936
1936
1933
1932
1933
1931
1930
1935
1932
1935
1934
1935
1934
1933
1933
1933
1932
1932
1930
1931
1933
1933
1933
1933
1934
1931
1931
1933
1934
1933
1933
1933
1933
1931
1933
1928
1929
1933
1931
1931
1934
1934
1932
1933
1934
1935
1932
1933
1934
1935
1934
1931
1933
1933
1930
1933
1933
1931
1934
1936
1929
1933
1927
1929
1931
1927
1931
1929
1929
1931
1929
1933
1931
1932
1931
1930
1930
1933
1932
1931
1936
1931
1935
1929
1931
1933
1933
1931
1928
1930
1931
1931
1934
1931
1932
1931
1929
1926
1927
1929
1933
1927
1930
1926
1926
1928
1930
1926
1930
1931
1927
1931
1929
1927
1929
1929
1930
1927
1926
1926
1926
1931
1922
1925
1927
1927
1931
1927
1927
1926
1931
1929
1931
1931
1927
1925
1930
1930
1927
1925
1925
1923
1925
1929
1929
1927
1929
1931
1927
1926
1926
1925
1926
1927
1926
1927
1929
1926
1925
1927
1923
1927
1926
1927
1925
1925
1925
1929
1926
1927
1927
1929
1927
1926
1923
1924
1926
1926
1923
1922
1924
1923
1925
1927
1925
1927
1923
1923
1930
1925
1925
1923
1927
1922
1923
1927
1925
1925
1926
1925
1927
1925
1923
1923
1923
1928
1925
1923
1922
1923
1925
1923
1925
1926
1921
1925
1924
1921
1923
1923
1923
1924
1923
1922
1923
1923
1925
1923
1923
1923
1922
1922
1921
1923
1922
1922
1924
1920
1923
1921
1922
1924
1920
1920
1923
1920
1920
1923
1922
1923
1921
1923
1922
1920
1922
1919
1921
1922
1922
1925
1925
1921
1921
1922
1921
1921
1920
1920
1925
1921
1920
1922
1919
1920
1923
1919
2141
2141
2137
2139
2137
2135
2137
2134
2138
2135
2140
2135
2134
2137
2133
2134
2131
2134
2134
2131
2134
2133
2131
2136
2130
2131
2132
2133
2131
2135
2135
2130
2130
2133
2129
2129
2130
2130
2128
2129
2128
2129
2129
2129
2128
2129
2128
2128
2129
2128
2128
2128
2128
2128
2128
2128
2125
2126
2127
2126
2128
2127
2128
2128
2127
2123
2125
2126
2126
2127
2123
2126
2122
2125
2127
2124
2122
2122
2121
2124
2125
2122
2123
2121
2122
2121
2122
2123
2119
2118
2119
2117
2117
2117
2118
2119
2118
2119
2117
2118
2115
2115
2115
2115
2117
2115
2113
2113
2115
2113
2115
2112
2112
2113
2112
2114
2113
2114
2112
2112
2112
2114
2113
2112
2112
2111
2112
2111
2110
2107
2112
2111
2107
2111
2111
2111
2111
2111
2111
2111
2110
2106
2107
2110
2111
2107
2109
2106
2107
2111
2107
2105
2108
2107
2103
2105
2106
2103
2107
2106
2105
2107
2103
2106
2105
2102
2105
2102
2102
2102
2102
2103
2103
2102
2101
2099
2103
2103
2100
2102
2097
2101
2102
2097
2101
2100
2102
2101
2099
2099
2101
2096
2096
2099
2099
2100
2098
2096
2096
2096
2095
2097
2096
2098
2096
2095
2096
2097
2095
2096
2095
2096
2095
2095
2096
2096
2095
2095
2094
2094
2095
2093
2094
2095
2094
2096
2093
2095
2093
2094
2093
2095
2095
2090
2093
2094
2093
2091
2092
2093
2089
2093
2092
2090
2090
2091
2085
2092
2090
2090
2083
2086
2086
2089
2087
2087
2086
2087
2087
2094
2083
2086
2085
2085
2085
2085
2080
2080
2083
2081
2085
2085
2084
2083
2085
2081
2085
2083
2084
2081
2081
2079
2082
2080
2080
2079
2080
2081
2079
2082
2080
2082
2082
2082
2079
2078
2078
2081
2080
2078
2080
2079
2078
2076
2077
2077
2081
2077
2079
2078
2076
2078
2075
2076
2077
2074
2075
2078
2075
2075
2077
2077
2074
2075
2075
2077
2076
2075
2071
2074
2075
2074
2074
2074
2073
2071
2071
2071
2069
2073
2069
2071
2069
2069
2071
2070
2067
2069
2067
2067
2066
2068
2068
2066
2066
2070
2073
2067
2071
2066
2066
2067
2070
2065
2069
2067
2067
2064
2066
2068
2067
2066
2065
2064
2067
2064
2065
2065
2067
2065
2065
2065
2065
2065
2064
2064
2064
2064
2064
2064
2064
2064
2064
2065
2064
2064
2062
2064
2064
2062
2064
2063
2063
2061
2061
2062
2062
2063
2063
2062
2062
2059
2062
2063
2059
2063
2061
2062
2062
2063
2059
2061
2061
2058
2059
2060
2054
2058
2056
2055
2058
2060
2061
2057
2055
2058
2055
2056
2057
2055
2057
2054
2058
2059
2054
2047
2058
2055
2047
2055
2055
2058
2058
2053
2054
2055
2044
2054
2047
2055
2047
2054
2054
2047
2047
2047
2058
2054
2046
2045
2053
2047
2047
2047
2047
2046
2045
2047
2045
2047
2043
2047
2043
2045
2044
2046
2045
2044
2047
2043
2042
2043
2042
2043
2043
2045
2043
2043
2043
2043
2043
2042
2041
2043
2041
2038
2042
2038
2039
2042
2042
2038
2039
2042
2037
2039
2039
2041
2038
2037
2041
2038
2035
2039
2037
2037
2037
2035
2035
2037
2035
2032
2038
2037
2038
2036
2032
2037
2032
2035
2032
2032
2034
2033
2033
2034
2035
2033
2032
2035
2035
2032
2034
2032
2034
2031
2034
2034
2033
2036
2035
2032
2033
2032
2032
2033
2032
2032
2033
2032
2032
2032
2032
2032
2032
2031
2031
2031
2032
2031
2031
2032
2029
2031
2030
2031
2030
2032
2032
2031
2027
2032
2031
2029
2030
2031
2029
2031
2031
2029
2031
2030
2027
2030
2029
2031
2027
2027
2029
2032
2027
2027
2030
2025
2029
2027
2027
2028
2026
2027
2026
2023
2027
2025
2027
2027
2028
2030
2026
2025
2025
2025
2028
2026
2023
2025
2025
2023
2021
2023
2022
2026
2025
2023
2023
2023
2022
2027
2021
2021
2021
2021
2023
2021
2020
2017
2020
2021
2025
2019
2021
2022
2022
2020
2019
2023
2023
2017
2021
2027
2020
2022
2019
2018
2021
2019
2021
2018
2018
2020
2021
2021
2019
2018
2018
2019
2019
2016
2015
2015
2019
2017
2017
2017
2018
2019
2019
2016
2014
2018
2018
2015
2015
2016
2012
2015
2014
2019
2015
2015
2017
2013
2011
2018
2015
2016
2013
2015
2016
2015
2012
2015
2013
2010
2015
2011
2010
2011
2015
2011
2009
2014
2011
2013
2012
2009
2011
2011
2010
2007
2007
2014
2011
2011
2007
2012
2011
2006
2010
2012
2011
2010
2007
2006
2005
2007
2005
2006
2007
2011
2010
2007
2010
2005
2006
2008
2007
2007
2007
2007
2006
2005
2005
2004
2006
2005
2005
2004
2004
2007
2003
2002
2000
2006
2001
2001
2006
2006
2005
2005
2002
2006
2002
2003
2004
2006
2000
2002
2001
2002
2003
2002
2000
2001
2003
2000
2003
2004
2000
2000
2001
2007
2001
2003
2001
2001
2000
2001
1999
2000
2000
2000
2000
2000
2002
2000
2000
2001
2000
2001
1999
2001
2001
2001
2000
1999
2000
2000
2000
2000
1999
2001
2000
2000
1999
2000
2000
1998
1999
2000
2000
2000
1999
2000
1998
2000
1999
1999
1999
1999
1998
2000
2000
1999
1999
1998
1996
1997
1997
1998
1996
1994
1999
1998
1996
1998
2000
1999
1996
1999
1998
1995
1997
1995
1999
1994
1998
1995
1996
1993
1994
1994
1995
1994
1994
1997
1990
1994
1991
1998
1990
1994
1995
1995
1989
1995
1994
1994
1993
1990
1989
1993
1996
1994
1991
1993
1995
1991
1989
1990
1994
1994
1993
1987
1991
1990
1995
1991
1989
1995
1989
1991
1990
1987
1989
1991
1987
1987
1990
1988
1989
1989
1986
1988
1989
1984
1990
1990
1989
1991
1985
1987
1989
1986
1985
1986
1988
1986
1988
1987
1986
1984
1984
1987
1989
1986
1986
1987
1986
1985
1989
1986
1985
1983
1987
1985
1983
1985
1985
1987
1984
1989
1986
1985
1986
1985
1983
1982
1985
1984
1985
1984
1985
1984
1985
1984
1985
1983
1984
1983
1983
1984
1984
1990
1983
1983
1985
1984
1983
1984
1983
1983
1979
1983
1983
1983
1983
1983
1984
1984
1984
1981
1982
1982
1982
1983
1979
1982
1983
1981
1984
1983
1983
1983
1979
1982
1983
1984
1982
1981
1983
1981
1981
1981
1984
1979
1979
1984
1982
1979
1982
1981
1981
1977
1979
1979
1978
1979
1979
1978
1979
1977
1979
1975
1979
1979
1977
1979
1980
1975
1981
1977
1977
1979
1978
1979
1979
1978
1975
1977
1979
1975
1977
1979
1975
1978
1982
1977
1979
1974
1973
1976
1975
1973
1976
1973
1973
1972
1974
1974
1973
1975
1975
1978
1978
1974
1973
1973
1973
1971
1973
1973
1974
1971
1972
1971
1973
1972
1975
1974
1970
1972
1975
1970
1974
1971
1970
1970
1971
1969
1971
1971
1969
1978
1970
1974
1972
1971
1971
1968
1973
1971
1974
1971
1975
1968
1969
1971
1969
1972
1970
1971
1970
1968
1968
1971
1971
1970
1971
1972
1970
1969
1970
1968
1971
1968
1968
1970
1969
1968
1968
1968
1968
1969
1968
1968
1969
1969
1968
1968
1968
1969
1970
1969
1968
1971
1968
1969
1968
1968
1968
1970
1969
1969
1968
1968
1968
1969
1969
1968
1969
1968
1968
1968
1968
1968
1967
1968
1967
1967
1967
1968
1967
1967
1968
1968
1966
1964
1967
1967
1966
1966
1968
1968
1968
1968
1967
1967
1966
1967
1968
1965
1964
1968
1962
1965
1966
1966
1967
1967
1963
1967
1965
1968
1967
1966
1966
1965
1966
1964
1963
1966
1967
1962
1967
1967
1963
1962
1966
1963
1965
1967
1967
1959
1963
1963
1962
1966
1965
1961
1965
1964
1965
1961
1962
1965
1963
1962
1959
1958
1959
1964
1963
1962
1962
1963
1962
1961
1963
1963
1959
1962
1965
1959
1961
1957
1967
1961
1959
1958
1963
1963
1959
1959
1959
1961
1966
1958
1962
1957
1959
1957
1961
1959
1957
1959
1962
1959
1961
1959
1964
1957
1958
1959
1959
1959
1956
1962
1954
1958
1959
1957
1958
1960
1957
1955
1958
1956
1959
1958
1954
1957
1955
1954
1960
1958
1955
1956
1955
1958
1957
1953
1958
1954
1959
1958
1954
1956
1958
1955
1955
1958
1954
1958
1953
1955
1954
1955
1954
1953
1957
1959
1958
1957
1953
1954
1955
1955
1953
1954
1954
1954
1952
1953
1951
1952
1954
1952
1953
1953
1953
1951
1955
1951
1953
1957
1955
1954
1953
1952
1953
1953
1952
1955
1957
1953
1951
1952
1955
1951
1951
1951
1951
1950
1951
1950
1952
1952
1954
1951
1954
1954
1952
1951
1951
1951
1949
1952
1951
1951
1951
1951
1951
1951
1951
1947
1951
1949
1951
1952
1950
1952
1949
1950
1954
1949
1953
1949
1951
1950
1950
1950
1951
1949
1953
1950
1952
1948
1948
1947
1946
1949
1949
1947
1947
1951
1950
1949
1948
1951
1949
1949
1950
1951
1947
1947
1949
1949
1942
1951
1949
1946
1950
1946
1950
1943
1946
1949
1950
1947
1948
1945
1949
1948
1949
1945
1943
1946
1946
1947
1942
1947
1947
1950
1943
1941
1948
1943
1947
1943
1945
1946
1943
1951
1945
1948
1946
1946
1947
1946
1943
1946
1947
1945
1943
1946
1946
1948
1941
1941
1946
1943
1939
1946
1943
1945
1948
1946
1942
1942
1943
1942
1942
1940
1940
1942
1940
1947
1942
1942
1943
1943
1945
1941
1945
1947
1941
1947
1945
1941
1947
1945
1939
1941
1942
1941
1941
1942
1941
1943
1941
1941
1941
1941
1943
1945
1943
1939
1942
1939
1940
1939
1941
1941
1939
1943
1939
1943
1937
1939
1944
1943
1942
1939
1940
1942
1938
1941
1941
1942
1938
1940
1943
1938
1942
1936
1938
1938
1936
1937
1937
1938
1937
1941
1939
1936
1937
1936
1937
1940
1937
1938
1941
1939
1936
1939
1938
1939
1940
1937
1939
1939
1939
1936
1939
1940
1941
1938
1937
1937
1939
1937
1937
1935
1938
1939
1937
1936
1936
1936
1937
1938
1936
1936
1939
1937
1939
1936
1937
1937
1939
1937
1936
1936
1936
1936
1936
1936
1936
1939
1936
1935
1937
1936
1936
1936
1936
1936
1936
1936
1936
1936
1936
1938
1936
1936
1936
1936
1936
1935
1936
1938
1938
1939
1936
1936
1936
1936
1936
1936
1936
1935
1935
1936
1936
1936
1935
1936
1936
1935
1936
1935
1935
1936
1936
1936
1936
1935
1936
1935
1931
1935
1933
1933
1935
1936
1936
1936
1936
1935
1933
1935
1936
1936
1936
1935
1934
1934
1934
1935
1934
1935
1936
1935
1933
1936
1936
1933
1935
1933
1933
1935
1933
1931
1934
1934
1936
1936
1933
1936
1936
1935
1936
1935
1934
1934
1932
1936
1933
1934
1935
1930
1936
1935
1936
1935
1933
1933
1931
1933
1935
1931
1927
1936
1930
1929
1934
1934
1934
1936
1931
1934
1936
1929
1933
1933
1933
1935
1930
1931
1934
1934
1931
1931
1932
1930
1933
1929
1934
1933
1935
1931
1933
1931
1929
1934
1933
1929
1933
1932
1932
1929
1933
1929
1929
1927
1932
1931
1927
1932
1929
1934
1932
1934
1934
1931
1930
1930
1933
1931
1929
1927
1930
1930
1927
1930
1933
1930
1927
1926
1927
1927
1930
1928
1929
1930
1933
1933
1932
1927
1930
1926
1930
1930
1929
1925
1930
1930
1929
1932
1930
1929
1927
1931
1932
1929
1929
1930
1930
1925
1927
1929
1927
1926
1927
1930
1930
1929
1930
1934
1929
1927
1927
1931
1926
1929
1929
1925
1930
1926
1925
1927
1927
1925
1926
1929
1926
1925
1931
1926
1926
1927
1930
1925
1929
1927
1927
1932
1925
1925
1926
1929
1926
1925
1927
1922
1926
1925
1926
1927
1923
1923
1924
1928
1926
1925
1926
1926
1925
1923
1925
1925
1924
1925
1925
1922
1924
1922
1922
1925
1925
1924
1927
1923
1926
1926
1926
1926
1926
1922
1924
1925
1924
1925
1926
1923
1926
1921
1921
1925
1925
1923
1923
1923
1922
1924
1924
1925
1922
1923
1923
1920
1921
1930
1924
1927
1925
1923
1922
1921
1925
1929
1922
1922
1922
1924
1922
1922
1925
1921
2147
2147
2144
2147
2144
2144
2147
2145
2141
2144
2143
2140
2143
2138
2141
2143
2139
2141
2138
2138
2139
2139
2141
2139
2136
2133
2139
2134
2139
2137
2138
2138
2135
2138
2138
2135
2137
2134
2138
2133
2135
2137
2130
2135
2130
2133
2131
2131
2131
2134
2129
2133
2129
2127
2128
2131
2130
2131
2129
2128
2130
2129
2129
2129
2129
2130
2129
2128
2128
2128
2128
2128
2128
2131
2125
2127
2127
2128
2128
2127
2127
2128
2126
2126
2124
2127
2128
2127
2126
2125
2124
2126
2126
2122
2121
2126
2125
2125
2123
2121
2125
2125
2124
2121
2122
2122
2123
2121
2122
2121
2122
2118
2119
2115
2119
2119
2118
2118
2121
2122
2119
2118
2118
2117
2118
2118
2117
2115
2116
2115
2114
2114
2113
2114
2115
2115
2115
2114
2114
2112
2112
2113
2112
2113
2112
2112
2112
2112
2110
2112
2112
2112
2112
2111
2112
2112
2111
2109
2112
2112
2110
2109
2108
2110
2112
2111
2108
2111
2109
2109
2109
2111
2110
2109
2110
2106
2107
2106
2108
2106
2110
2107
2107
2109
2103
2106
2103
2101
2106
2103
2103
2107
2106
2101
2102
2103
2103
2102
2102
2103
2103
2105
2102
2101
2102
2101
2101
2101
2096
2099
2097
2097
2103
2099
2097
2096
2099
2098
2097
2096
2101
2096
2099
2096
2096
2097
2096
2097
2099
2099
2096
2096
2096
2096
2096
2096
2096
2096
2094
2095
2096
2096
2096
2096
2093
2096
2095
2096
2096
2095
2092
2095
2091
2096
2094
2094
2094
2094
2095
2094
2093
2092
2094
2092
2095
2091
2093
2093
2092
2094
2087
2093
2090
2090
2090
2086
2087
2090
2087
2085
2091
2091
2090
2087
2087
2090
2087
2085
2087
2086
2086
2083
2087
2085
2088
2086
2085
2088
2083
2086
2085
2083
2085
2083
2083
2085
2081
2084
2083
2082
2081
2084
2083
2082
2082
2082
2082
2083
2081
2082
2085
2082
2081
2079
2080
2077
2077
2081
2078
2078
2077
2081
2077
2077
2077
2077
2077
2079
2075
2079
2078
2077
2078
2077
2077
2077
2077
2075
2075
2078
2078
2074
2075
2078
2077
2072
2077
2070
2073
2074
2069
2073
2073
2074
2073
2075
2076
2074
2073
2073
2071
2074
2075
2067
2069
2074
2069
2075
2069
2071
2073
2070
2073
2074
2070
2070
2071
2071
2067
2071
2067
2070
2069
2066
2067
2067
2067
2069
2069
2064
2066
2067
2066
2067
2067
2064
2064
2064
2065
2066
2064
2065
2064
2064
2064
2064
2065
2065
2064
2064
2064
2064
2064
2066
2063
2064
2064
2064
2064
2064
2064
2064
2063
2061
2058
2064
2062
2063
2062
2059
2064
2062
2061
2060
2064
2064
2063
2061
2062
2058
2063
2058
2058
2060
2061
2059
2059
2061
2062
2061
2061
2061
2059
2059
2059
2058
2058
2058
2058
2058
2057
2047
2054
2055
2059
2059
2057
2057
2054
2059
2057
2055
2054
2058
2058
2055
2057
2047
2047
2047
2055
2055
2047
2047
2047
2054
2047
2046
2046
2053
2054
2047
2047
2047
2047
2047
2055
2047
2043
2045
2043
2045
2046
2043
2047
2047
2047
2046
2053
2043
2042
2046
2047
2046
2047
2038
2042
2038
2041
2043
2042
2045
2045
2043
2042
2047
2043
2045
2044
2042
2041
2042
2038
2042
2043
2036
2039
2042
2042
2039
2039
2041
2039
2041
2036
2041
2043
2037
2039
2039
2038
2039
2037
2039
2037
2037
2038
2039
2038
2039
2035
2035
2037
2034
2035
2034
2034
2035
2035
2037
2033
2034
2031
2032
2032
2037
2037
2034
2034
2033
2036
2033
2035
2034
2034
2032
2036
2033
2033
2032
2032
2033
2033
2032
2033
2034
2031
2032
2030
2032
2033
2030
2031
2032
2035
2032
2031
2032
2031
2032
2029
2026
2030
2029
2032
2031
2029
2031
2027
2030
2032
2032
2030
2027
2032
2031
2029
2029
2029
2027
2029
2028
2032
2026
2023
2029
2025
2029
2025
2026
2029
2026
2029
2027
2026
2027
2026
2023
2023
2029
2029
2023
2025
2026
2025
2024
2026
2025
2023
2027
2026
2026
2019
2027
2023
2023
2022
2027
2025
2023
2022
2023
2021
2026
2023
2021
2021
2020
2019
2027
2025
2023
2022
2019
2022
2023
2020
2022
2022
2023
2025
2021
2019
2020
2019
2021
2018
2020
2023
2018
2015
2016
2018
2019
2015
2018
2017
2018
2020
2020
2020
2022
2017
2015
2018
2015
2017
2018
2017
2017
2015
2021
2015
2019
2017
2017
2015
2018
2014
2015
2015
2017
2015
2014
2013
2013
2014
2015
2015
2014
2014
2012
2016
2014
2011
2015
2011
2009
2009
2014
2014
2015
2011
2014
2014
2014
2013
2012
2011
2011
2013
2010
2015
2011
2014
2012
2014
2014
2007
2013
2011
2011
2013
2010
2011
2013
2009
2010
2010
2012
2007
2007
2012
2009
2012
2012
2009
2009
2007
2012
2011
2007
2006
2007
2009
2009
2007
2006
2005
2007
2007
2007
2005
2010
2007
2003
2006
2005
2006
2006
2007
2003
2006
2007
2006
2005
2007
2005
2003
2006
2005
2002
2003
2005
2003
2003
2003
2005
2000
2002
2001
2002
2003
2000
2001
2000
2001
2002
2004
2002
2005
2001
2003
2005
2002
2000
2002
2000
2002
2001
2005
2000
2000
2001
2000
2001
2000
2002
2000
2000
2000
2000
2000
2000
2000
2000
2000
2000
2000
2000
2000
2000
2001
2000
2000
2003
2000
1999
1998
2001
1999
1999
2000
2000
2000
2000
1997
1999
2000
1997
1998
1998
1996
1998
1999
1999
1999
1997
1995
1997
1999
1999
1999
1995
1995
1998
1999
1997
1997
1998
1997
1997
1995
1997
1999
1996
1999
1999
1998
1997
1999
1999
1998
1995
1994
1995
1997
1995
1993
1994
1996
1995
1994
1991
1994
1996
1991
1996
1993
1993
1994
1991
1994
1995
1995
1991
1995
1988
1990
1993
1994
1991
1993
1994
1989
1989
1994
1990
1991
1993
1990
1991
1990
1990
1989
1992
1991
1990
1993
1989
1989
1985
1991
1986
1991
1993
1990
1990
1988
1986
1988
1988
1987
1991
1987
1989
1990
1990
1987
1991
1989
1988
1988
1987
1991
1989
1989
1989
1984
1987
1988
1987
1990
1990
1989
1986
1986
1987
1984
1989
1987
1986
1985
1985
1986
1987
1985
1987
1986
1987
1987
1984
1986
1985
1984
1985
1985
1984
1984
1984
1986
1986
1984
1985
1984
1985
1985
1985
1984
1985
1984
1985
1984
1984
1984
1983
1983
1984
1983
1983
1984
1983
1984
1983
1984
1983
1983
1983
1983
1985
1984
1984
1983
1983
1983
1983
1982
1982
1983
1981
1983
1981
1978
1982
1983
1983
1984
1981
1984
1979
1979
1979
1982
1979
1979
1982
1982
1982
1979
1984
1981
1981
1981
1977
1981
1979
1978
1983
1981
1978
1979
1979
1979
1979
1979
1979
1980
1981
1975
1977
1976
1977
1978
1977
1978
1977
1979
1974
1979
1977
1977
1978
1979
1975
1979
1978
1978
1981
1977
1978
1979
1978
1975
1973
1972
1975
1975
1973
1974
1974
1973
1974
1974
1973
1975
1975
1976
1973
1973
1973
1974
1974
1971
1973
1977
1974
1975
1975
1971
1971
1973
1971
1973
1974
1974
1971
1971
1971
1969
1970
1970
1970
1969
1970
1969
1973
1971
1969
1969
1968
1970
1971
1971
1973
1971
1971
1969
1970
1969
1971
1968
1968
1969
1971
1968
1968
1972
1971
1969
1968
1968
1971
1969
1969
1969
1971
1969
1969
1968
1968
1968
1970
1968
1968
1968
1968
1970
1969
1969
1968
1968
1968
1971
1968
1968
1968
1969
1969
1968
1968
1969
1968
1968
1968
1971
1968
1968
1968
1968
1968
1969
1967
1968
1970
1968
1968
1968
1968
1967
1968
1968
1968
1968
1966
1967
1965
1968
1968
1968
1967
1967
1967
1968
1967
1965
1968
1967
1968
1963
1966
1968
1962
1965
1967
1965
1966
1965
1966
1967
1966
1965
1966
1963
1967
1966
1962
1965
1963
1967
1965
1962
1964
1966
1966
1968
1964
1966
1966
1963
1967
1965
1965
1962
1963
1966
1967
1967
1964
1965
1965
1966
1966
1963
1963
1965
1963
1964
1963
1963
1967
1965
1966
1963
1962
1963
1964
1965
1963
1962
1964
1962
1961
1963
1961
1963
1963
1961
1965
1963
1963
1959
1959
1961
1961
1964
1959
1958
1961
1962
1959
1960
1959
1959
1961
1959
1959
1959
1959
1955
1963
1960
1962
1961
1961
1957
1962
1957
1961
1956
1959
1959
1959
1955
1958
1961
1957
1957
1959
1955
1955
1962
1956
1957
1961
1962
1957
1957
1958
1957
1955
1955
1958
1954
1958
1953
1959
1955
1959
1954
1956
1959
1959
1954
1956
1955
1956
1954
1955
1958
1955
1955
1955
1957
1955
1955
1955
1953
1957
1955
1954
1953
1955
1955
1958
1959
1955
1955
1954
1954
1955
1954
1953
1951
1955
1954
1958
1954
1955
1953
1952
1954
1952
1952
1953
1951
1954
1951
1951
1952
1952
1951
1952
1953
1952
1952
1951
1951
1950
1951
1952
1950
1953
1949
1955
1955
1954
1953
1953
1950
1952
1954
1951
1951
1952
1951
1951
1949
1951
1950
1947
1950
1953
1950
1953
1950
1951
1949
1950
1949
1948
1951
1952
1950
1949
1949
1949
1950
1949
1952
1949
1947
1948
1951
1947
1950
1949
1949
1947
1949
1949
1950
1945
1948
1946
1949
1949
1950
1951
1949
1947
1951
1947
1951
1950
1950
1949
1947
1951
1949
1947
1951
1947
1947
1949
1947
1947
1951
1947
1949
1947
1952
1947
1946
1948
1947
1949
1943
1942
1946
1947
1947
1941
1947
1943
1946
1943
1947
1943
1947
1949
1946
1945
1945
1943
1947
1942
1947
1945
1947
1946
1942
1946
1945
1946
1943
1947
1945
1946
1947
1947
1946
1944
1947
1947
1947
1945
1939
1948
1942
1941
1943
1943
1943
1945
1947
1946
1943
1943
1943
1943
1945
1943
1939
1946
1943
1941
1944
1945
1939
1940
1938
1939
1942
1942
1942
1942
1942
1942
1940
1941
1941
1939
1943
1938
1942
1941
1941
1941
1942
1941
1946
1944
1941
1938
1939
1942
1941
1939
1938
1942
1939
1942
1938
1939
1943
1941
1938
1941
1942
1943
1939
1941
1938
1942
1943
1939
1939
1946
1941
1939
1938
1939
1938
1941
1938
1939
1937
1943
1940
1942
1938
1938
1939
1937
1938
1938
1938
1938
1937
1938
1939
1938
1936
1936
1937
1941
1937
1939
1941
1936
1939
1938
1936
1939
1936
1941
1937
1939
1941
1937
1936
1937
1937
1937
1938
1936
1937
1937
1936
1936
1940
1937
1942
1937
1941
1937
1939
1938
1939
1937
1936
1936
1938
1936
1936
1940
1937
1937
1938
1936
1937
1936
1936
1936
1938
1939
1936
1938
1936
1936
1936
1936
1937
1937
1937
1936
1936
1936
1936
1937
1937
1936
1935
1934
1936
1936
1936
1936
1936
1931
1937
1935
1936
1936
1936
1936
1936
1933
1933
1936
1936
1936
1936
1936
1936
1936
1936
1935
1936
1936
1934
1935
1934
1935
1936
1934
1936
1934
1935
1935
1936
1934
1936
1934
1935
1933
1935
1933
1935
1936
1936
1935
1936
1935
1935
1936
1931
1933
1934
1935
1936
1935
1933
1935
1936
1936
1933
1935
1931
1936
1931
1935
1931
1931
1933
1933
1934
1932
1933
1932
1935
1935
1935
1931
1934
1931
1933
1936
1933
1931
1933
1931
1932
1931
1935
1933
1931
1931
1931
1934
1931
1934
1931
1933
1929
1934
1934
1928
1935
1931
1932
1933
1933
1929
1929
1930
1930
1934
1933
1930
1931
1930
1931
1931
1931
1933
1932
1931
1931
1931
1930
1931
1933
1933
1933
1930
1935
1931
1931
1926
1927
1929
1927
1930
1931
1931
1930
1927
1929
1931
1934
1933
1929
1931
1931
1929
1932
1933
1930
1932
1929
1930
1927
1931
1927
1929
1929
1930
1927
1929
1933
1929
1927
1929
1927
1927
1930
1930
1929
1926
1930
1930
1926
1926
1931
1927
1932
1929
1929
1929
1931
1925
1929
1931
1929
1926
1927
1931
1927
1927
1930
1927
1924
1926
1927
1927
1924
1930
1926
1925
1926
1926
1928
1925
1926
1924
1927
1929
1929
1926
1925
1926
1923
1923
1927
1927
1929
1924
1929
1926
1925
1929
1929
1925
1926
1926
1927
1927
1926
1927
2155
2158
2151
2154
2151
2153
2153
2155
2151
2154
2151
2150
2150
2149
2148
2149
2145
2149
2149
2145
2146
2151
2149
2143
2148
2147
2145
2145
2145
2146
2145
2141
2147
2142
2142
2145
2146
2142
2143
2144
2143
2138
2145
2143
2142
2144
2141
2139
2140
2141
2138
2139
2141
2135
2135
2140
2139
2137
2136
2141
2140
2138
2139
2135
2135
2135
2137
2139
2134
2136
2131
2135
2137
2138
2137
2135
2133
2135
2129
2131
2133
2128
2134
2133
2131
2134
2129
2131
2129
2132
2129
2129
2131
2133
2133
2129
2131
2131
2129
2129
2128
2128
2130
2129
2128
2128
2128
2128
2128
2127
2128
2128
2127
2128
2127
2127
2128
2127
2127
2125
2121
2126
2127
2124
2123
2127
2127
2126
2127
2123
2123
2125
2122
2123
2123
2126
2122
2121
2124
2122
2123
2121
2122
2121
2123
2121
2122
2118
2119
2119
2117
2118
2117
2114
2119
2117
2118
2115
2118
2119
2113
2117
2114
2113
2115
2114
2118
2118
2113
2114
2117
2115
2115
2112
2116
2113
2118
2113
2115
2113
2112
2112
2113
2113
2113
2113
2112
2112
2112
2112
2112
2112
2112
2110
2111
2110
2107
2109
2111
2109
2109
2111
2111
2109
2107
2107
2107
2111
2107
2107
2108
2109
2107
2108
2109
2107
2106
2107
2107
2106
2103
2107
2105
2107
2106
2104
2106
2105
2102
2102
2100
2106
2105
2102
2103
2101
2096
2101
2102
2099
2100
2103
2096
2102
2103
2101
2102
2098
2097
2101
2099
2099
2098
2099
2097
2098
2098
2097
2096
2096
2096
2098
2101
2096
2096
2099
2097
2096
2096
2096
2099
2097
2096
2096
2096
2096
2096
2096
2096
2094
2095
2095
2096
2093
2094
2096
2094
2095
2094
2093
2095
2096
2095
2095
2094
2094
2094
2094
2093
2095
2090
2096
2091
2094
2094
2090
2090
2094
2088
2092
2089
2091
2092
2091
2091
2093
2092
2087
2090
2090
2089
2085
2087
2093
2090
2089
2087
2087
2087
2087
2089
2087
2086
2086
2084
2085
2083
2081
2081
2084
2087
2084
2085
2087
2083
2082
2083
2082
2083
2083
2081
2081
2082
2080
2082
2081
2082
2079
2080
2079
2082
2080
2080
2079
2079
2079
2080
2079
2075
2078
2079
2077
2077
2079
2077
2078
2080
2074
2077
2080
2077
2077
2078
2077
2079
2076
2077
2075
2075
2071
2079
2073
2077
2073
2077
2075
2074
2074
2079
2078
2071
2073
2074
2070
2071
2073
2070
2069
2071
2075
2073
2071
2069
2069
2071
2070
2071
2073
2071
2069
2070
2071
2069
2071
2070
2069
2069
2069
2069
2065
2067
2070
2067
2065
2068
2064
2065
2065
2064
2065
2066
2067
2064
2065
2066
2066
2069
2067
2064
2065
2064
2068
2064
2064
2064
2064
2064
2064
2065
2064
2064
2064
2066
2064
2064
2063
2064
2064
2064
2064
2066
2064
2064
2062
2063
2064
2061
2063
2064
2060
2064
2062
2063
2061
2062
2062
2059
2062
2059
2061
2059
2061
2059
2062
2059
2059
2059
2061
2059
2061
2057
2060
2060
2061
2058
2055
2058
2062
2056
2058
2058
2058
2057
2058
2047
2055
2053
2055
2058
2047
2057
2057
2047
2054
2058
2053
2054
2054
2055
2053
2054
2047
2054
2047
2055
2054
2047
2047
2047
2054
2047
2047
2047
2047
2043
2046
2047
2047
2055
2046
2054
2047
2047
2047
2044
2046
2047
2043
2044
2045
2043
2047
2047
2045
2045
2043
2046
2045
2045
2043
2039
2045
2043
2043
2043
2047
2043
2042
2042
2042
2039
2040
2039
2038
2039
2041
2039
2039
2039
2040
2038
2037
2037
2041
2039
2039
2043
2039
2039
2043
2037
2039
2038
2038
2035
2039
2036
2034
2038
2039
2038
2035
2037
2034
2037
2035
2038
2038
2035
2038
2033
2038
2036
2032
2038
2032
2033
2034
2033
2032
2034
2033
2032
2032
2033
2032
2033
2033
2032
2033
2033
2032
2032
2032
2032
2032
2032
2032
2034
2032
2033
2032
2032
2032
2031
2032
2032
2032
2032
2032
2031
2031
2031
2032
2033
2032
2032
2031
2030
2032
2031
2031
2031
2029
2031
2031
2032
2029
2031
2030
2030
2031
2032
2031
2030
2029
2030
2029
2030
2028
2030
2027
2030
2030
2031
2030
2029
2031
2030
2023
2031
2029
2027
2026
2027
2025
2025
2026
2028
2024
2023
2022
2023
2025
2026
2023
2027
2026
2026
2026
2026
2023
2025
2023
2022
2025
2024
2024
2022
2023
2023
2025
2023
2025
2021
2023
2025
2021
2023
2022
2020
2019
2021
2019
2023
2023
2023
2021
2017
2019
2018
2018
2021
2017
2019
2019
2025
2018
2017
2018
2021
2017
2022
2016
2021
2018
2020
2018
2015
2019
2017
2015
2016
2016
2017
2016
2018
2015
2017
2017
2019
2019
2018
2019
2017
2016
2016
2015
2016
2016
2013
2013
2015
2015
2015
2017
2014
2013
2015
2014
2014
2015
2013
2013
2013
2011
2012
2013
2014
2012
2015
2012
2013
2013
2014
2013
2016
2015
2014
2011
2013
2014
2013
2013
2012
2013
2013
2011
2012
2010
2013
2013
2014
2009
2007
2009
2009
2007
2011
2007
2013
2011
2010
2010
2010
2009
2007
2010
2010
2007
2011
2009
2010
2006
2007
2007
2005
2007
2006
2005
2007
2005
2003
2006
2007
2006
2002
2006
2005
2004
2006
2006
2006
2007
2006
2006
2007
2003
2005
2005
2007
2001
2002
2005
2004
2002
2001
2005
2005
2000
2002
2005
2005
2003
2002
2002
2001
2003
2002
2005
2000
2001
2001
2000
2000
2000
2000
2002
2000
2002
2001
2002
2000
2000
2000
2000
2000
2000
2000
2002
2000
2001
2000
2000
2001
1999
1998
2000
2000
1999
2000
1997
2000
2001
1997
2000
1998
2000
2000
1999
2000
2000
1997
1998
2000
1999
1998
2000
2000
1999
1998
2000
2000
1999
1999
1998
2000
1999
1998
2000
2000
1999
2000
1999
1998
2000
1997
1997
1995
1999
1998
1997
1997
1997
1998
1997
1996
1999
1999
1995
1991
1991
1993
1994
1994
1994
1995
1995
1991
1997
1995
1995
1991
1995
1991
1996
1994
1990
1991
1991
1994
1998
1995
1991
1997
1994
1994
1994
1992
1997
1991
1995
1995
1994
1993
1995
1993
1994
1995
1991
1991
1990
1990
1991
1987
1990
1990
1987
1991
1991
1991
1994
1986
1991
1991
1989
1987
1991
1986
1991
1987
1991
1987
1986
1986
1989
1986
1987
1986
1987
1989
1987
1987
1989
1990
1987
1989
1987
1986
1986
1984
1987
1990
1988
1987
1986
1990
1987
1987
1987
1986
1987
1985
1988
1987
1986
1987
1984
1986
1987
1985
1986
1986
1985
1987
1985
1985
1986
1984
1984
1986
1983
1986
1984
1985
1984
1984
1987
1983
1986
1984
1985
1984
1984
1984
1983
1983
1984
1984
1984
1981
1984
1983
1984
1983
1986
1983
1982
1983
1983
1982
1984
1979
1983
1981
1982
1984
1983
1983
1983
1982
1979
1983
1981
1983
1981
1982
1981
1979
1982
1983
1980
1978
1978
1981
1981
1981
1981
1983
1981
1979
1980
1980
1982
1975
1981
1975
1981
1982
1977
1980
1979
1980
1975
1977
1983
1978
1982
1978
1979
1978
1977
1979
1975
1978
1975
1974
1975
1977
1975
1978
1974
1974
1974
1975
1974
1974
1975
1978
1973
1975
1975
1974
1974
1974
1978
1975
1975
1975
1977
1974
1979
1975
1975
1980
1975
1974
1975
1973
1974
1974
1973
1971
1973
1978
1971
1972
1973
1973
1975
1973
1973
1972
1969
1969
1975
1973
1972
1975
1971
1971
1973
1973
1974
1970
1970
1974
1975
1971
1974
1972
1974
1970
1971
1973
1971
1974
1973
1973
1972
1969
1968
1972
1971
1974
1971
1968
1968
1969
1971
1970
1971
1971
1968
1969
1971
1969
1969
1972
1968
1971
1971
1970
1971
1969
1971
1970
1969
1968
1968
1968
1973
1969
1968
1968
1968
1971
1968
1968
1965
1968
1971
1968
1968
1968
1968
1967
1968
1968
1968
1968
1968
1968
1968
1967
1968
1968
1966
1968
1964
1967
1968
1968
1965
1968
1967
1967
1968
1968
1968
1966
1969
1968
1967
1967
1967
1966
1967
1967
1968
1968
1967
1968
1967
1967
1968
1968
1968
1968
1968
1965
1967
1963
1965
1966
1966
1966
1967
1966
1968
1963
1964
1965
1967
1965
1965
1967
1965
1966
1963
1968
1965
1966
1967
1967
1966
1966
1963
1965
1964
1963
1966
1963
1964
1965
1962
1963
1959
1962
1963
1965
1963
1963
1962
1962
1963
1965
1963
1966
1966
1962
1962
1958
1963
1961
1960
1965
1961
1962
1962
1962
1963
1959
1959
1966
1962
1960
1963
1963
1961
1961
1963
1960
1962
1959
1957
1962
1958
1959
1961
1959
1959
1960
1958
1963
1962
1959
1959
1962
1963
1959
1957
1959
1959
1959
1959
1957
1962
1959
1956
1955
1957
1961
1959
1958
1957
1957
1959
1959
1958
1955
1958
1959
1954
1955
1959
1955
1955
1954
1961
1958
1962
1955
1959
1956
1955
1957
1961
1957
1961
1958
1955
1954
1955
1955
1953
1954
1955
1958
1956
1956
1954
1957
1958
1959
1955
1957
1958
1957
1953
1954
1955
1953
1954
1956
1954
1957
1957
1957
1953
1955
1951
1955
1956
1953
1953
1954
1954
1955
1955
1952
1952
1955
1954
1951
1955
1953
1951
1951
1954
1950
1954
1954
1951
1951
1952
1952
1955
1949
1955
1952
1950
1953
1952
1951
1950
1950
1954
1951
1954
1950
1947
1952
1949
1950
1951
1952
1952
1950
1951
1949
1949
1951
1951
1950
1953
1954
1952
1953
1953
1950
1951
1953
1951
1951
1951
1950
1949
1949
1949
1951
1947
1951
1952
1949
1951
1950
1949
1947
1945
1948
1951
1949
1950
1947
1952
1947
1948
1950
1948
1947
1951
1948
1946
1950
1949
1947
1950
1947
1950
1947
1949
1950
1947
1950
1949
1950
1949
1949
1947
1946
1950
1946
1946
1947
1947
1950
1947
1946
1949
1949
1951
1945
1949
1949
1945
1946
1947
1948
1943
1949
1942
1946
1941
1945
1948
1946
1946
1948
1943
1946
1945
1943
1943
1946
1945
1946
1942
1946
1948
1946
1947
1943
1945
1947
1943
1942
1947
1947
1947
1945
1945
1946
1947
1945
1943
1942
1943
1942
1940
1943
1942
1941
1945
1943
1947
1945
1943
1943
1942
1946
1943
1945
1939
1941
1945
1946
1941
1943
1941
1944
1941
1942
1941
1942
1941
1942
1940
1943
1942
1942
1943
1945
1942
1943
1939
1939
1943
1941
1941
1942
1942
1946
1941
1938
1941
1938
1945
1942
1939
1943
1942
1939
1937
1940
1938
1939
1938
1941
1939
1939
1941
1941
1941
1937
1937
1940
1937
1936
1936
1937
1939
1937
1941
1938
1939
1938
1938
1939
1937
1939
1939
1938
1940
1941
1937
1936
1939
1936
1936
1937
1939
1938
1937
1936
1936
1941
1936
1936
1936
1937
1937
1939
1936
1936
1938
1936
1937
1936
1936
1936
1939
1938
1937
1936
1936
1936
1936
1937
1936
1936
1937
1936
1937
1936
1936
1936
1937
1936
1936
1936
1936
1935
1935
1937
1936
1936
1937
1937
1941
1936
1934
1936
1938
1935
1936
1936
1936
1936
1936
1936
1936
1936
1936
1938
1937
1938
1936
1936
1936
1936
1936
1936
1936
1936
1935
1936
1936
1936
1936
1938
1935
1936
1936
1934
1937
1936
1936
1935
1936
1936
1936
1935
1936
1935
1936
1936
1935
1936
1936
1936
1935
1934
1934
1937
1935
1934
1935
1934
1935
1935
1936
1931
1933
1936
1937
1933
1934
1936
1935
1934
1936
1935
1934
1936
1936
1935
1934
1935
1936
1933
1936
1935
1934
1933
1935
1935
1934
1935
1935
1934
1933
1935
1936
1934
1933
1933
1935
1936
1933
1934
1933
1934
1935
1935
1933
1935
1931
1936
1933
1934
1933
1935
1933
1931
1934
1934
1934
1929
1934
1935
1934
1936
1931
1929
1934
1933
1935
1933
1935
1930
1933
1931
1933
1931
1931
1932
1933
1935
1935
1931
1931
1931
1934
1931
1931
1934
1933
1927
1930
1931
1929
1931
1931
1930
1930
1934
1930
1934
1930
1927
1931
1927
1930
1930
1930
1926
1933
1927
1927
1929
1933
1930
1926
1930
1933
1929
1927
1930
1927
1930
1930
1927
1931
1930
1930
1930
1930
1930
1931
2150
2154
2153
2149
2154
2151
2154
2149
2153
2151
2149
2150
2146
2150
2149
2147
2147
2147
2148
2146
2145
2146
2146
2145
2145
2147
2147
2146
2145
2149
2139
2142
2147
2145
2144
2149
2140
2139
2142
2141
2143
2141
2139
2142
2141
2142
2141
2139
2141
2137
2142
2141
2137
2137
2138
2139
2139
2139
2139
2141
2134
2139
2135
2133
2134
2135
2137
2135
2134
2134
2131
2132
2133
2137
2135
2131
2131
2129
2133
2132
2131
2133
2133
2128
2129
2131
2128
2130
2129
2132
2128
2129
2131
2130
2128
2128
2128
2129
2128
2130
2128
2130
2130
2128
2128
2127
2128
2128
2124
2127
2126
2126
2128
2128
2128
2128
2127
2126
2126
2123
2127
2125
2125
2124
2123
2126
2123
2122
2123
2125
2125
2124
2123
2123
2119
2118
2121
2119
2120
2121
2118
2122
2119
2123
2123
2116
2118
2121
2118
2117
2119
2119
2117
2117
2119
2115
2116
2117
2116
2118
2115
2115
2117
2116
2115
2116
2114
2112
2115
2113
2112
2113
2112
2113
2115
2112
2112
2114
2114
2112
2112
2114
2112
2112
2111
2112
2112
2111
2114
2108
2112
2112
2110
2112
2110
2111
2110
2110
2109
2107
2109
2111
2112
2111
2111
2109
2109
2110
2107
2106
2105
2105
2105
2108
2106
2106
2106
2103
2106
2106
2109
2109
2107
2106
2106
2101
2105
2103
2103
2099
2101
2103
2102
2105
2103
2103
2102
2101
2100
2098
2097
2101
2099
2101
2102
2099
2097
2098
2098
2098
2098
2099
2099
2096
2100
2097
2097
2098
2098
2098
2098
2096
2096
2098
2096
2096
2096
2096
2096
2096
2096
2095
2096
2096
2096
2096
2093
2095
2095
2094
2095
2096
2095
2095
2095
2093
2093
2092
2094
2092
2094
2096
2095
2095
2091
2093
2093
2092
2091
2092
2091
2090
2089
2093
2091
2092
2095
2090
2090
2089
2092
2091
2091
2092
2090
2091
2091
2087
2090
2087
2087
2086
2086
2087
2087
2089
2089
2086
2087
2086
2087
2086
2087
2084
2085
2086
2082
2086
2086
2085
2082
2085
2080
2084
2089
2083
2084
2084
2082
2081
2081
2081
2082
2083
2083
2081
2080
2080
2079
2078
2080
2079
2081
2080
2085
2079
2079
2079
2076
2078
2080
2081
2080
2077
2078
2080
2078
2078
2078
2077
2078
2076
2078
2073
2077
2077
2079
2074
2073
2071
2075
2077
2071
2074
2073
2077
2074
2075
2075
2078
2075
2074
2071
2074
2079
2073
2070
2074
2075
2071
2074
2071
2071
2070
2071
2071
2071
2071
2074
2069
2067
2071
2070
2069
2067
2069
2069
2066
2070
2070
2067
2069
2068
2065
2069
2069
2065
2069
2066
2064
2065
2069
2067
2070
2064
2067
2067
2065
2064
2064
2070
2065
2064
2064
2065
2066
2064
2064
2064
2065
2064
2064
2065
2064
2064
2064
2066
2064
2064
2064
2064
2064
2064
2064
2064
2063
2062
2063
2063
2063
2064
2061
2062
2059
2063
2064
2062
2063
2063
2063
2061
2060
2061
2061
2061
2061
2061
2064
2061
2059
2059
2063
2062
2059
2061
2060
2058
2061
2060
2059
2059
2057
2056
2058
2057
2058
2057
2055
2055
2060
2047
2047
2057
2058
2054
2047
2055
2054
2057
2047
2047
2053
2055
2055
2047
2055
2054
2054
2047
2047
2053
2047
2047
2047
2047
2047
2053
2058
2047
2047
2046
2047
2043
2046
2043
2047
2046
2047
2047
2053
2039
2042
2046
2047
2047
2047
2046
2045
2045
2042
2045
2045
2042
2046
2041
2046
2042
2046
2041
2045
2044
2044
2041
2039
2041
2043
2043
2042
2041
2042
2041
2039
2038
2043
2042
2039
2037
2039
2042
2042
2039
2040
2039
2037
2041
2038
2039
2037
2037
2041
2039
2035
2038
2039
2034
2036
2034
2035
2033
2038
2035
2034
2035
2035
2035
2034
2033
2032
2032
2034
2036
2036
2035
2035
2032
2035
2036
2033
2034
2032
2032
2032
2035
2032
2033
2032
2033
2034
2034
2032
2032
2032
2032
2032
2032
2032
2032
2030
2032
2032
2035
2032
2030
2032
2032
2031
2030
2031
2032
2030
2031
2031
2032
2029
2031
2031
2032
2032
2029
2031
2027
2032
2032
2032
2031
2032
2031
2031
2031
2030
2032
2027
2029
2030
2032
2030
2027
2026
2026
2030
2027
2029
2031
2025
2027
2025
2027
2029
2027
2029
2030
2026
2030
2029
2023
2030
2028
2026
2029
2026
2027
2027
2023
2021
2026
2021
2027
2025
2023
2023
2021
2026
2025
2023
2023
2026
2028
2025
2023
2025
2023
2022
2025
2022
2026
2021
2023
2019
2017
2021
2019
2019
2027
2019
2020
2019
2018
2019
2019
2019
2022
2020
2015
2019
2017
2020
2018
2017
2017
2016
2015
2017
2017
2018
2021
2017
2018
2019
2015
2017
2015
2017
2018
2019
2015
2015
2015
2014
2015
2017
2017
2019
2014
2015
2017
2014
2018
2019
2015
2016
2014
2015
2014
2016
2017
2016
2016
2015
2013
2013
2014
2013
2015
2011
2015
2015
2013
2011
2016
2015
2010
2010
2015
2010
2012
2010
2014
2013
2013
2012
2013
2011
2013
2013
2011
2009
2007
2011
2005
2007
2006
2010
2009
2010
2011
2007
2011
2009
2006
2007
2007
2011
2009
2006
2009
2007
2013
2009
2010
2007
2007
2007
2007
2007
2005
2006
2007
2003
2004
2005
2003
2001
2005
2009
2005
2002
2007
2006
2005
2005
2007
2001
2001
2002
2003
2002
2004
2005
2002
2005
2001
2003
2002
2003
2005
2003
2000
2003
2003
2001
2002
2002
2003
2007
2000
2000
2000
2002
2002
2000
2001
2002
2003
2000
2003
2002
2000
2000
2003
2001
2002
2000
2000
2001
2000
2000
2000
2000
1999
2002
2002
2000
2000
2000
2000
2000
2000
2000
2000
2000
2000
2000
2000
2000
1999
2000
2000
2000
2000
1998
1999
1997
1999
1999
2000
2000
2000
2000
2000
2000
2000
1998
2000
1998
1998
1999
1999
2000
1997
1995
1999
2000
1996
1997
1998
1997
1997
1998
1999
1999
1998
1994
1999
1996
1994
1999
1998
1995
1998
1995
1994
1997
1993
1991
1996
1996
1993
1995
1996
1995
1995
1997
1994
1999
1995
1995
1997
1993
1995
1995
1994
1999
1994
1997
1997
1994
1994
1995
1994
1991
1995
1995
1991
1994
1994
1995
1985
1991
1993
1990
1991
1989
1990
1994
1993
1989
1991
1991
1991
1989
1994
1993
1991
1989
1989
1989
1991
1989
1990
1994
1989
1989
1990
1987
1987
1991
1989
1987
1991
1987
1991
1987
1989
1990
1990
1993
1986
1989
1985
1989
1993
1989
1989
1989
1985
1987
1986
1984
1988
1986
1987
1987
1987
1985
1985
1987
1983
1986
1985
1984
1987
1986
1986
1989
1985
1985
1986
1985
1986
1986
1984
1984
1986
1986
1984
1984
1984
1985
1986
1984
1985
1987
1985
1987
1987
1984
1985
1983
1984
1983
1983
1983
1984
1982
1982
1983
1985
1984
1981
1983
1983
1984
1983
1982
1983
1982
1983
1979
1983
1983
1983
1984
1984
1983
1981
1983
1979
1981
1983
1979
1985
1984
1981
1983
1982
1982
1978
1984
1981
1978
1978
1981
1983
1979
1983
1982
1979
1978
1983
1980
1979
1980
1981
1980
1979
1977
1979
1979
1977
1981
1978
1981
1977
1982
1979
1981
1975
1980
1982
1975
1979
1977
1975
1978
1981
1978
1978
1975
1974
1975
1977
1980
1975
1978
1975
1978
1975
1977
1972
1974
1973
1973
1973
1974
1975
1978
1978
1974
1974
1973
1972
1972
1974
1973
1975
1975
1973
1975
1973
1978
1974
1972
1973
1974
1970
1973
1972
1975
1975
1975
1970
1974
1974
1971
1970
1975
1974
1973
1971
1970
1969
1975
1970
1970
1971
1968
1969
1972
1971
1971
1969
1971
1969
1972
1974
1970
1977
1973
1973
1970
1973
1975
1970
1975
1968
1970
1971
1971
1971
1973
1973
1969
1970
1969
1969
1969
1972
1973
1969
1970
1971
1970
1974
1967
1971
1968
1971
1968
1968
1971
1973
1968
1970
1970
1969
1971
1968
1970
1967
1969
1969
1968
1968
1968
1969
1970
1968
1968
1968
1968
1969
1968
1968
1968
1966
1968
1968
1966
1967
1968
1968
1968
1968
1968
1967
1968
1966
1968
1967
1968
1968
1968
1968
1967
1965
1968
1968
1967
1965
1967
1968
1970
1967
1967
1967
1968
1967
1965
1968
1967
1968
1968
1968
1965
1967
1965
1963
1965
1967
1966
1966
1967
1968
1963
1967
1966
1965
1964
1965
1962
1962
1965
1963
1965
1966
1966
1967
1965
1965
1964
1963
1963
1962
1965
1966
1966
1965
1963
1966
1965
1965
1961
1965
1964
1965
1966
1962
1964
1962
1966
1965
1966
1963
1961
1964
1963
1962
1962
1961
1960
1961
1961
1959
1960
1963
1966
1962
1965
1959
1956
1962
1959
1963
1959
1961
1959
1962
1957
1958
1959
1962
1963
1959
1961
1961
1961
1962
1963
1959
1959
1961
1959
1961
1958
1959
1957
1963
1963
1963
1958
1959
1957
1963
1959
1958
1961
1961
1958
1957
1955
1954
1956
1961
1958
1958
1953
1955
1959
1958
1956
1955
1958
1954
1958
1955
1957
1959
1956
1956
1955
1953
1958
1959
1957
1955
1954
1954
1955
1953
1955
1956
1955
1957
1955
1954
1957
1954
1953
1956
1953
1954
1955
1955
1955
1950
1956
1953
1952
1957
1957
1954
1955
1953
1956
1954
1955
1952
1958
1954
1954
1954
1955
1955
1952
1951
1954
1953
1953
1954
1955
1953
1954
1952
1954
1953
1953
1954
1951
1952
1950
1953
1953
1951
1950
1953
1954
1953
1953
1952
1955
1947
1949
1950
1951
1953
1954
1950
1955
1951
1953
1954
1950
1951
1950
1953
1954
1951
1953
1952
1951
1955
1951
1949
1947
1951
1952
1950
1951
1951
1951
1951
1951
1950
1949
1949
1951
1951
1947
1949
1951
1949
1947
1952
1950
1948
1951
1947
1949
1949
1947
1951
1950
1950
1950
1950
1947
1948
1946
1947
1951
1947
1948
1949
1947
1947
1949
1949
1948
1951
1948
1945
1949
1948
1947
1949
1946
1947
1949
1950
1949
1949
1947
1947
1949
1943
1947
1949
1945
1947
1947
1947
1946
1946
1949
1947
1947
1948
1946
1945
1947
1949
1949
1949
1943
1946
1946
1946
1946
1947
1947
1949
1947
1942
1946
1945
1946
1940
1945
1945
1947
1941
1946
1946
1946
1945
1949
1946
1945
1942
1946
1941
1945
1945
1943
1943
1946
1942
1940
1943
1945
1939
1942
1942
1937
1941
1943
1941
1941
1938
1942
1942
1946
1943
1943
1941
1939
1940
1943
1942
1943
1942
1939
1939
1939
1940
1939
1941
1943
1941
1942
1943
1943
1942
1942
1942
1940
1943
1942
1941
1942
1945
1942
1938
1939
1940
1941
1939
1941
1941
1941
1942
1942
1940
1941
1939
1939
1936
1937
1937
1940
1937
1941
1939
1941
1939
1939
1939
1937
1940
1941
1939
1939
1938
1938
1937
1938
1936
1940
1938
1937
1936
1937
1936
1939
1940
1936
1937
1938
1939
1940
1939
1937
1936
1936
1938
1936
1940
1938
1940
1938
1936
1941
1936
1937
1940
1940
1941
1936
1937
1936
1937
1938
1939
1937
1936
1936
1936
1936
1938
1936
1937
1938
1936
1938
1935
1936
1937
1936
1937
1936
1937
1936
1937
1936
1936
1938
1936
1937
1937
1936
1936
1937
1937
1937
1935
1936
1936
1936
1936
1936
1937
1937
1936
1936
1936
1936
1936
1936
1936
1937
1936
1936
1936
1936
1936
1936
1936
1936
1936
1936
1936
1936
1936
1935
1936
1937
1936
1936
1936
1935
1936
1936
1935
1936
1936
1934
1931
1931
1934
1934
1936
1936
1934
1935
1938
1935
1936
1935
1937
1936
1935
1936
1934
1935
1934
1934
1933
1935
1933
1936
1935
1934
1936
1935
1936
1933
1936
1933
1933
1935
1935
1936
1934
1935
1934
1933
1934
1932
1933
1933
1934
1936
1935
1936
1935
1936
1935
1933
1934
1937
1931
1935
1933
1936
1932
1935
1933
1933
1935
1933
1932
1931
1932
1931
1931
1931
1931
1930
1935
1935
1933
1932
1932
1930
1933
1933
1932
1931
1933
1931
1935
1933
1931
1933
1935
1934
1932
1931
1934
1934
1930
1931
1931
1931
1930
1931
1931
1931
1931
1931
1933
1930
1932
1931
1931
1930
1934
1930
1931
1930
2148
2153
2148
2151
2147
2147
2147
2143
2147
2145
2144
2144
2149
2146
2145
2147
2142
2144
2145
2143
2143
2144
2141
2145
2143
2143
2139
2144
2142
2143
2142
2140
2144
2141
2144
2140
2139
2140
2141
2139
2141
2139
2140
2135
2139
2137
2139
2139
2138
2138
2135
2139
2134
2133
2133
2133
2133
2135
2133
2134
2133
2133
2134
2137
2134
2130
2130
2133
2131
2131
2131
2134
2130
2131
2129
2131
2131
2128
2129
2130
2131
2129
2129
2128
2128
2128
2128
2128
2128
2127
2128
2128
2128
2125
2128
2128
2128
2128
2125
2127
2128
2128
2128
2127
2128
2128
2127
2125
2127
2126
2127
2123
2125
2123
2127
2127
2126
2127
2123
2125
2123
2123
2122
2124
2119
2126
2117
2125
2118
2117
2121
2121
2118
2119
2117
2116
2121
2115
2117
2118
2117
2116
2117
2118
2117
2118
2117
2117
2122
2115
2115
2115
2114
2113
2113
2114
2115
2113
2112
2113
2113
2112
2113
2114
2115
2113
2113
2113
2113
2112
2113
2113
2111
2112
2112
2114
2112
2111
2113
2112
2112
2110
2112
2112
2110
2112
2108
2112
2112
2111
2111
2111
2107
2110
2103
2106
2105
2107
2103
2112
2102
2106
2109
2103
2105
2106
2109
2105
2106
2103
2103
2107
2105
2106
2103
2107
2103
2105
2103
2099
2101
2102
2106
2103
2102
2099
2103
2100
2098
2098
2097
2099
2099
2101
2098
2097
2099
2099
2098
2097
2099
2097
2098
2098
2100
2099
2098
2101
2102
2099
2097
2098
2096
2097
2097
2096
2096
2096
2096
2096
2096
2096
2095
2096
2096
2097
2096
2096
2096
2099
2094
2093
2096
2096
2094
2093
2096
2091
2096
2095
2096
2095
2090
2095
2095
2093
2091
2094
2094
2093
2089
2093
2093
2092
2091
2093
2090
2091
2091
2091
2094
2093
2091
2091
2091
2089
2089
2089
2090
2087
2088
2087
2084
2086
2086
2085
2085
2086
2083
2086
2084
2087
2085
2086
2083
2086
2087
2084
2083
2084
2090
2083
2087
2084
2086
2085
2083
2084
2084
2081
2083
2080
2082
2080
2084
2080
2082
2080
2081
2081
2080
2081
2082
2080
2081
2079
2078
2080
2078
2078
2078
2079
2078
2078
2079
2081
2077
2079
2079
2078
2077
2075
2079
2076
2078
2080
2073
2077
2081
2071
2074
2077
2073
2074
2073
2077
2073
2073
2070
2077
2074
2073
2073
2073
2071
2074
2074
2074
2069
2074
2070
2074
2073
2071
2075
2068
2071
2070
2067
2074
2073
2070
2066
2074
2066
2070
2071
2069
2070
2066
2068
2069
2065
2069
2069
2069
2071
2065
2067
2068
2067
2065
2064
2067
2066
2066
2067
2067
2065
2065
2070
2065
2066
2065
2065
2064
2064
2064
2064
2064
2064
2064
2064
2064
2065
2063
2064
2063
2064
2061
2064
2063
2064
2062
2059
2064
2064
2064
2063
2064
2063
2064
2064
2063
2061
2063
2062
2062
2064
2059
2061
2063
2062
2060
2055
2060
2055
2063
2059
2061
2058
2058
2061
2061
2057
2058
2059
2057
2047
2059
2057
2047
2057
2061
2057
2054
2060
2058
2057
2059
2056
2055
2058
2056
2055
2055
2059
2055
2055
2057
2055
2056
2057
2047
2047
2047
2047
2055
2055
2054
2046
2054
2047
2054
2054
2053
2052
2054
2047
2047
2047
2044
2047
2046
2047
2046
2043
2044
2047
2045
2045
2045
2041
2043
2043
2042
2045
2043
2043
2047
2043
2045
2047
2045
2043
2045
2043
2043
2045
2043
2039
2044
2039
2038
2045
2041
2042
2039
2042
2038
2041
2038
2042
2039
2039
2041
2042
2042
2039
2038
2041
2037
2039
2035
2037
2042
2041
2042
2039
2039
2043
2038
2039
2038
2039
2037
2041
2038
2038
2035
2037
2036
2038
2037
2037
2038
2037
2037
2034
2035
2035
2033
2034
2032
2033
2032
2033
2033
2035
2033
2035
2035
2036
2032
2034
2035
2033
2033
2032
2035
2034
2034
2037
2033
2033
2033
2032
2032
2032
2033
2031
2032
2032
2032
2032
2032
2032
2032
2032
2033
2032
2033
2028
2032
2032
2032
2032
2032
2031
2032
2032
2032
2030
2032
2032
2032
2031
2031
2030
2027
2029
2027
2029
2032
2031
2032
2027
2029
2030
2030
2030
2030
2027
2029
2023
2027
2023
2027
2023
2027
2025
2026
2025
2027
2026
2026
2028
2023
2027
2026
2030
2030
2025
2023
2026
2030
2023
2023
2026
2026
2027
2028
2023
2023
2029
2026
2022
2021
2023
2029
2023
2026
2019
2022
2022
2022
2018
2019
2027
2021
2021
2021
2021
2019
2023
2018
2020
2019
2021
2022
2019
2023
2020
2016
2021
2019
2018
2021
2018
2020
2018
2018
2021
2018
2021
2016
2017
2016
2017
2021
2017
2022
2019
2018
2017
2017
2016
2017
2017
2013
2017
2016
2016
2018
2016
2015
2016
2017
2018
2014
2013
2017
2017
2015
2017
2013
2012
2015
2015
2013
2014
2012
2013
2014
2017
2016
2012
2016
2011
2014
2014
2015
2013
2015
2011
2014
2015
2015
2011
2013
2011
2011
2010
2014
2011
2013
2013
2012
2012
2009
2013
2012
2011
2010
2011
2007
2011
2009
2011
2008
2010
2010
2007
2011
2007
2010
2009
2007
2010
2007
2006
2011
2006
2009
2007
2010
2009
2007
2007
2011
2005
2007
2007
2003
2007
2006
2005
2006
2005
2002
2003
2005
2005
2003
2005
2005
2003
2003
2007
2005
2009
2004
2005
2000
2003
2003
2005
2005
2003
2004
2003
2003
2001
2006
2001
2003
2001
2004
2000
2002
2007
2005
2002
2003
2001
2000
2001
2000
2001
2003
2001
2002
2003
2004
2002
2001
2001
2001
2001
2001
2000
2001
2001
2001
2000
2002
2000
2002
2000
2000
2000
2001
2001
2000
2000
2000
2000
2001
2000
1999
2000
2000
2000
2000
2003
2000
1999
2000
2000
1999
1999
1999
2000
2000
1998
2000
1998
1998
1999
2000
1999
1999
2000
1997
2000
1995
1999
1999
1997
2000
1998
1995
1998
1995
1995
1999
1999
1998
1994
1997
1996
1991
1991
1994
1995
1995
1995
1999
1995
1994
1994
1994
1995
1997
1994
1995
1994
1996
1993
1998
1994
1996
1993
1997
1990
1996
1990
1995
1994
1993
1994
1993
1993
1994
1992
1994
1993
1994
1991
1990
1991
1990
1995
1989
1991
1991
1992
1996
1987
1991
1991
1993
1991
1993
1989
1989
1990
1992
1989
1988
1991
1991
1990
1990
1990
1987
1989
1991
1990
1990
1991
1989
1990
1987
1989
1990
1989
1992
1989
1989
1990
1986
1989
1987
1993
1993
1986
1987
1987
1989
1984
1987
1987
1987
1990
1985
1987
1985
1985
1987
1983
1986
1986
1986
1986
1985
1988
1984
1985
1987
1987
1984
1984
1985
1985
1984
1984
1984
1986
1985
1986
1984
1981
1984
1985
1986
1984
1984
1984
1985
1985
1984
1987
1984
1985
1987
1981
1983
1984
1983
1982
1984
1984
1981
1984
1983
1984
1983
1984
1983
1984
1983
1984
1984
1986
1982
1983
1982
1982
1982
1983
1984
1979
1980
1982
1984
1981
1983
1984
1981
1982
1983
1979
1982
1982
1982
1981
1980
1979
1981
1983
1981
1979
1982
1979
1979
1982
1978
1977
1979
1979
1979
1984
1978
1981
1980
1978
1981
1979
1975
1977
1979
1979
1980
1979
1981
1979
1978
1975
1979
1979
1974
1975
1977
1975
1975
1980
1978
1975
1975
1975
1979
1981
1978
1975
1978
1975
1973
1977
1979
1974
1975
1973
1977
1977
1978
1973
1976
1973
1974
1973
1975
1975
1971
1973
1976
1974
1971
1975
1974
1973
1977
1975
1973
1971
1974
1971
1973
1970
1973
1971
1972
1972
1974
1973
1970
1973
1973
1973
1970
1974
1971
1969
1969
1972
1969
1971
1970
1969
1969
1971
1971
1968
1971
1973
1972
1973
1970
1969
1969
1968
1970
1974
1973
1970
1969
1970
1972
1969
1968
1971
1968
1968
1971
1969
1968
1969
1971
1969
1968
1969
1968
1968
1968
1971
1969
1968
1972
1968
1968
1971
1968
1971
1969
1969
1968
1971
1969
1969
1968
1968
1968
1967
1968
1968
1968
1968
1968
1968
1969
1968
1968
1968
1968
1969
1968
1967
1970
1968
1968
1968
1968
1968
1968
1966
1966
1967
1964
1967
1967
1968
1966
1968
1966
1968
1968
1965
1968
1967
1966
1967
1968
1968
1968
1967
1968
1966
1966
1966
1965
1967
1966
1965
1968
1966
1966
1965
1966
1966
1968
1967
1966
1967
1967
1963
1968
1967
1964
1965
1965
1967
1965
1966
1967
1965
1966
1962
1963
1965
1965
1967
1965
1962
1964
1966
1963
1963
1965
1967
1959
1965
1962
1965
1963
1964
1962
1964
1968
1958
1962
1967
1965
1966
1965
1963
1963
1959
1963
1965
1961
1961
1959
1965
1959
1962
1964
1963
1963
1959
1958
1963
1963
1962
1961
1962
1963
1961
1962
1960
1959
1959
1962
1963
1961
1965
1960
1962
1958
1957
1958
1961
1959
1959
1959
1957
1963
1959
1958
1961
1962
1959
1957
1957
1966
1961
1961
1957
1958
1958
1958
1955
1958
1957
1962
1958
1957
1959
1957
1955
1958
1959
1958
1959
1959
1958
1959
1954
1953
1954
1958
1955
1955
1955
1955
1955
1957
1959
1955
1954
1955
1953
1953
1957
1956
1953
1955
1955
1953
1952
1957
1957
1955
1953
1955
1955
1954
1957
1954
1954
1955
1952
1957
1952
1954
1953
1956
1957
1956
1953
1957
1952
1951
1957
1957
1957
1954
1955
1952
1957
1954
1953
1953
1953
1954
1955
1957
1956
1952
1955
1953
1955
1954
1953
1954
1956
1955
1953
1953
1952
1954
1951
1952
1951
1951
1949
1951
1951
1955
1953
1950
1953
1951
1952
1953
1952
1951
1950
1951
1951
1953
1952
1954
1950
1952
1948
1951
1951
1951
1951
1949
1951
1951
1949
1953
1951
1951
1949
1951
1952
1953
1950
1953
1951
1951
1951
1947
1951
1950
1946
1952
1951
1953
1947
1947
1952
1950
1950
1950
1950
1948
1950
1951
1949
1949
1945
1946
1948
1946
1949
1947
1948
1950
1951
1947
1947
1948
1946
1948
1949
1951
1949
1949
1946
1947
1949
1946
1949
1949
1946
1947
1948
1948
1949
1947
1947
1947
1948
1946
1950
1949
1946
1946
1947
1948
1946
1946
1946
1950
1941
1946
1947
1943
1943
1943
1943
1942
1940
1943
1945
1945
1946
1946
1944
1946
1943
1947
1946
1941
1946
1943
1943
1943
1945
1943
1945
1943
1941
1948
1943
1943
1941
1942
1943
1945
1943
1941
1945
1939
1942
1943
1943
1941
1945
1939
1946
1942
1945
1940
1947
1948
1943
1941
1943
1942
1942
1940
1942
1942
1941
1940
1943
1942
1941
1938
1941
1943
1942
1942
1945
1939
1943
1939
1939
1938
1940
1942
1939
1941
1939
1941
1942
1940
1941
1942
1943
1939
1937
1940
1941
1939
1940
1941
1939
1942
1940
1938
1941
1940
1939
1939
1945
1939
1938
1939
1942
1941
1939
1938
1939
1939
1938
1942
1938
1942
1939
1939
1939
1936
1939
1938
1941
1941
1938
1938
1939
1937
1938
1938
1938
1937
1940
1937
1938
1936
1939
1939
1937
1941
1939
1938
1938
1938
1936
1938
1937
1936
1939
1941
1940
1936
1937
1936
1937
1936
1938
1938
1936
1937
1935
1936
1936
1936
1936
1936
1936
1936
1936
1936
1936
1936
1936
1937
1935
1936
1935
1937
1936
1936
1937
1936
1936
1936
1936
1936
1936
1936
1936
1936
1935
1936
1936
1936
1936
1937
1936
1935
1936
1936
1936
1935
1936
1936
1937
1935
1936
1936
1935
1934
1936
1936
1937
1935
1936
1935
1936
1936
1937
1934
1936
1936
1935
1936
1935
1936
1935
1936
1934
1935
1935
1936
1934
1935
1933
1936
1936
1931
1935
1935
1936
1935
1934
1936
1936
1936
1936
1936
1936
1934
1936
1935
1936
1933
1935
1935
1934
1931
1934
1936
1936
1933
1933
1936
1935
1933
1936
1931
1935
1936
1935
1934
1931
1935
1933
1933
1933
1933
1932
1933
1934
1934
1936
1935
1931
1936
1936
1934
1935
1934
1934
1931
1934
1935
1935
1934
1935
1936
1934
1934
1933
1934
1936
1930
1932
1934
1936
1933
1929
1931
1932
1933
1936
1933
1936
1931
1930
1933
1933
1934
1935
1930
1931
1930
1932
1933
1932
1930
1930
1930
1927
1930
2155
2149
2154
2154
2155
2157
2150
2154
2156
2155
2155
2154
2145
2151
2146
2153
2151
2150
2150
2150
2151
2151
2149
2147
2146
2145
2150
2149
2147
2146
2145
2146
2142
2146
2150
2142
2144
2144
2143
2142
2143
2143
2143
2143
2142
2142
2143
2144
2142
2143
2142
2141
2141
2138
2140
2141
2138
2139
2141
2140
2140
2141
2137
2139
2135
2135
2141
2137
2137
2134
2135
2134
2135
2141
2135
2137
2138
2133
2135
2136
2134
2134
2138
2133
2135
2133
2131
2133
2133
2131
2133
2130
2132
2134
2128
2133
2130
2129
2129
2134
2128
2128
2128
2130
2131
2129
2129
2130
2127
2128
2129
2125
2128
2131
2127
2127
2128
2128
2128
2128
2128
2128
2128
2128
2127
2125
2125
2128
2128
2125
2127
2127
2124
2125
2128
2127
2124
2125
2121
2125
2120
2125
2119
2123
2121
2122
2125
2121
2121
2125
2123
2121
2122
2123
2122
2121
2118
2118
2118
2118
2117
2119
2119
2118
2115
2117
2115
2118
2115
2115
2115
2118
2117
2117
2118
2115
2115
2114
2117
2114
2113
2113
2113
2113
2113
2113
2112
2113
2112
2112
2112
2116
2112
2112
2112
2112
2112
2111
2113
2112
2111
2111
2111
2111
2112
2108
2112
2110
2112
2110
2107
2109
2110
2110
2109
2109
2109
2112
2107
2107
2109
2110
2105
2112
2106
2109
2103
2106
2111
2105
2103
2103
2105
2103
2103
2101
2108
2107
2107
2103
2103
2101
2103
2103
2103
2102
2102
2102
2103
2103
2101
2097
2098
2099
2104
2102
2102
2099
2102
2096
2098
2099
2101
2099
2101
2099
2100
2098
2097
2096
2096
2102
2098
2096
2098
2096
2095
2098
2097
2098
2096
2096
2096
2097
2099
2096
2096
2095
2096
2096
2095
2095
2095
2096
2095
2095
2096
2096
2096
2095
2094
2094
2095
2096
2096
2091
2095
2093
2095
2093
2093
2094
2094
2093
2094
2095
2091
2094
2089
2093
2091
2089
2093
2093
2089
2087
2089
2093
2090
2090
2085
2087
2089
2088
2089
2087
2087
2085
2085
2087
2093
2087
2089
2090
2082
2088
2085
2083
2087
2085
2087
2085
2083
2086
2085
2081
2083
2084
2085
2083
2083
2081
2085
2082
2085
2084
2083
2081
2079
2079
2082
2083
2083
2078
2084
2080
2081
2082
2077
2078
2082
2080
2081
2080
2081
2083
2080
2080
2080
2078
2079
2077
2078
2075
2078
2071
2076
2075
2077
2079
2076
2077
2079
2075
2074
2075
2074
2075
2077
2075
2077
2078
2078
2075
2076
2073
2075
2074
2071
2075
2071
2073
2073
2071
2071
2069
2075
2071
2071
2071
2072
2072
2070
2070
2071
2068
2069
2069
2070
2070
2070
2067
2067
2070
2066
2069
2065
2067
2066
2066
2069
2068
2069
2065
2065
2065
2067
2066
2066
2067
2065
2066
2064
2067
2065
2066
2064
2066
2068
2065
2066
2066
2064
2064
2064
2066
2064
2066
2065
2064
2064
2064
2064
2064
2061
2064
2064
2064
2063
2066
2062
2064
2063
2066
2064
2063
2064
2062
2064
2063
2064
2062
2064
2061
2064
2063
2062
2061
2062
2061
2063
2059
2060
2059
2061
2061
2063
2061
2059
2057
2057
2059
2057
2062
2057
2058
2057
2055
2059
2058
2059
2055
2057
2059
2058
2054
2058
2055
2055
2055
2059
2055
2057
2055
2057
2054
2054
2057
2056
2059
2047
2055
2056
2046
2054
2058
2054
2055
2054
2054
2046
2054
2047
2054
2047
2042
2046
2054
2047
2055
2045
2045
2055
2047
2047
2053
2042
2046
2047
2047
2045
2045
2046
2045
2045
2042
2039
2041
2045
2045
2042
2041
2047
2047
2043
2039
2045
2043
2041
2039
2039
2043
2044
2038
2041
2041
2039
2039
2043
2042
2042
2042
2035
2041
2041
2038
2039
2038
2037
2039
2038
2035
2039
2039
2039
2042
2037
2037
2038
2039
2037
2039
2041
2041
2034
2035
2036
2035
2033
2034
2033
2036
2033
2037
2038
2036
2035
2035
2035
2035
2033
2036
2034
2033
2032
2033
2033
2033
2037
2032
2034
2037
2034
2033
2034
2034
2035
2034
2032
2032
2032
2032
2033
2032
2032
2032
2032
2033
2032
2032
2032
2032
2033
2034
2032
2033
2032
2032
2032
2031
2032
2032
2032
2032
2032
2032
2031
2032
2031
2032
2032
2032
2032
2032
2030
2032
2029
2030
2029
2031
2030
2030
2032
2030
2026
2030
2031
2030
2026
2028
2028
2028
2029
2031
2029
2029
2031
2027
2031
2026
2027
2026
2028
2026
2026
2023
2026
2027
2028
2025
2029
2027
2029
2027
2027
2023
2026
2023
2027
2029
2023
2029
2025
2023
2022
2029
2025
2022
2023
2023
2022
2022
2021
2022
2021
2022
2019
2022
2021
2022
2021
2022
2023
2019
2023
2023
2024
2026
2021
2019
2018
2017
2021
2018
2018
2021
2020
2023
2020
2019
2021
2021
2015
2021
2015
2018
2019
2018
2017
2018
2014
2015
2017
2019
2018
2016
2020
2015
2017
2014
2018
2017
2015
2015
2015
2019
2018
2015
2016
2013
2017
2015
2015
2016
2017
2017
2015
2018
2016
2015
2015
2016
2017
2016
2013
2015
2013
2014
2015
2014
2011
2014
2014
2014
2017
2013
2013
2011
2013
2014
2011
2011
2011
2010
2012
2011
2014
2013
2011
2013
2015
2009
2011
2012
2010
2007
2010
2010
2011
2010
2012
2010
2012
2011
2005
2009
2009
2011
2009
2007
2007
2013
2006
2006
2006
2006
2010
2007
2007
2008
2005
2008
2008
2003
2007
2007
2011
2009
2006
2006
2004
2007
2007
2005
2006
2007
2003
2007
2006
2003
2010
2005
2005
2005
2001
2003
2001
2001
2007
2002
2001
2002
2003
2003
2001
2005
2004
2005
2002
2002
2003
2000
2003
2005
2002
2001
2001
2001
2001
2003
2005
2001
2002
2004
2001
2005
2001
2003
2000
2000
2000
2002
2000
2001
2000
2001
2001
2000
2000
2001
2000
2000
2000
2000
2000
2000
2000
2000
2001
2000
2000
2000
2001
2000
1998
2000
2000
1999
2000
1999
2000
2000
1999
1999
1999
1999
2000
2000
1999
1996
2000
1999
1999
1999
1999
2000
2000
1999
1997
2000
1995
2000
1999
2000
1999
1995
1999
1995
1998
2000
2000
1997
1995
1997
1997
1995
1995
1999
1997
1995
1994
1994
1999
1999
1996
1995
1998
1998
1993
1994
1994
1992
1996
1997
1996
1996
1995
1996
1996
1997
1995
1998
1999
1997
1993
1994
1997
2000
1995
1995
1994
1990
1994
1993
1998
1991
1993
1993
1995
1991
1993
1992
1993
1995
1990
1993
1994
1991
1995
1991
1993
1991
1990
1987
1990
1993
1991
1990
1987
1986
1995
1987
1990
1988
1990
1994
1987
1990
1990
1989
1989
1990
1988
1989
1989
1988
1990
1988
1986
1990
1991
1989
1986
1991
1989
1985
1987
1984
1989
1985
1987
1985
1985
1984
1987
1985
1991
1985
1986
1985
1985
1984
1985
1987
1985
1982
1985
1983
1985
1987
1984
1985
1986
1984
1986
1982
1985
1985
1983
1985
1985
1984
1984
1984
1984
1984
1985
1984
1983
1984
1983
1984
1983
1983
1984
1986
1982
1983
1985
1983
1983
1986
1984
1985
1985
1981
1984
1981
1984
1979
1982
1979
1983
1981
1982
1983
1983
1983
1983
1981
1981
1983
1979
1979
1983
1981
1981
1979
1978
1982
1979
1983
1980
1979
1981
1979
1981
1983
1981
1981
1981
1978
1981
1979
1979
1981
1982
1982
1982
1982
1982
1979
1975
1981
1978
1981
1979
1978
1981
1978
1978
1978
1981
1975
1979
1975
1979
1981
1982
1977
1978
1978
1973
1979
1980
1978
1973
1978
1976
1977
1975
1977
1978
1978
1981
1978
1977
1980
1974
1977
1975
1977
1975
1974
1975
1979
1972
1975
1975
1977
1973
1972
1974
1977
1975
1978
1974
1975
1975
1975
1972
1972
1978
1973
1974
1977
1975
1972
1974
1975
1973
1972
1973
1971
1975
1974
1971
1973
1971
1971
1970
1972
1969
1971
1971
1971
1970
1969
1973
1971
1970
1969
1971
1970
1969
1971
1970
1971
1972
1969
1970
1973
1973
1971
1968
1968
1969
1971
1969
1969
1968
1970
1969
1969
1970
1968
1971
1968
1968
1968
1973
1968
1972
1968
1970
1969
1968
1968
1968
1968
1968
1971
1968
1968
1969
1969
1969
1967
1969
1968
1968
1967
1968
1968
1968
1968
1968
1968
1968
1967
1968
1968
1967
1967
1968
1968
1968
1969
1968
1967
1970
1968
1968
1968
1967
1971
1967
1968
1968
1967
1967
1967
1968
1968
1967
1968
1968
1967
1968
1966
1967
1967
1967
1965
1964
1968
1968
1965
1966
1968
1966
1967
1967
1966
1967
1968
1968
1965
1968
1967
1968
1961
1967
1967
1966
1965
1962
1964
1967
1965
1965
1967
1968
1968
1965
1967
1966
1966
1966
1965
1967
1966
1968
1965
1966
1958
1963
1963
1959
1967
1967
1963
1967
1963
1963
1966
1963
1963
1962
1962
1965
1963
1959
1962
1962
1962
1962
1962
1965
1963
1963
1958
1958
1961
1962
1963
1962
1959
1965
1965
1963
1962
1963
1959
1963
1958
1964
1959
1959
1962
1959
1958
1962
1959
1959
1963
1959
1962
1959
1962
1961
1961
1962
1959
1959
1960
1962
1959
1957
1958
1960
1959
1955
1957
1955
1957
1959
1962
1959
1958
1955
1957
1959
1958
1958
1958
1955
1951
1957
1957
1958
1957
1959
1959
1959
1959
1956
1959
1956
1958
1955
1958
1955
1956
1956
1958
1955
1959
1956
1959
1957
1956
1954
1959
1955
1958
1955
1954
1954
1958
1953
1954
1954
1955
1954
1952
1957
1955
1957
1955
1956
1951
1955
1954
1953
1951
1955
1953
1951
1959
1952
1954
1957
1955
1955
1958
1953
1954
1955
1954
1955
1954
1958
1955
1951
1954
1951
1952
1957
1951
1955
1954
1951
1950
1949
1954
1957
1954
1952
1951
1955
1953
1953
1949
1954
1953
1950
1949
1953
1953
1951
1951
1952
1951
1951
1951
1951
1951
1952
1953
1949
1951
1953
1953
1952
1954
1947
1951
1951
1951
1951
1951
1949
1947
1950
1950
1950
1948
1951
1951
1952
1948
1949
1946
1951
1951
1951
1947
1949
1949
1949
1950
1946
1951
1948
1949
1947
1951
1949
1947
1946
1947
1950
1949
1949
1949
1950
1947
1949
1949
1950
1946
1948
1951
1949
1948
1950
1947
1947
1950
1950
1950
1949
1945
1943
1949
1945
1943
1947
1949
1946
1946
1946
1950
1948
1946
1943
1950
1945
1947
1944
1947
1949
1945
1949
1946
1946
1946
1947
1947
1943
1947
1949
1943
1950
1946
1945
1947
1945
1947
1943
1944
1949
1946
1943
1945
1947
1945
1945
1946
1942
1942
1947
1943
1945
1947
1945
1943
1945
1946
1946
1941
1945
1942
1943
1946
1943
1943
1943
1939
1943
1943
1942
1943
1943
1942
1943
1945
1939
1944
1945
1941
1941
1946
1943
1941
1946
1939
1943
1945
1946
1939
1942
1942
1938
1941
1943
1939
1943
1943
1943
1939
1941
1941
1943
1939
1937
1943
1943
1941
1941
1942
1942
1939
1942
1943
1941
1939
1941
1939
1939
1942
1942
1941
1938
1939
1942
1938
1943
1937
1943
1941
1939
1939
1940
1943
1938
1941
1937
1939
1938
1937
1937
1938
1936
1939
1939
1937
1938
1941
1942
1939
1938
1939
1939
1938
1941
1941
1939
1939
1942
1938
1938
1936
1936
1937
1939
1937
1939
1936
1939
1938
1938
1939
1937
1938
1938
1937
1938
1937
1938
1935
1936
1938
1936
1936
1936
1936
1936
1936
1937
1942
1939
1939
1937
1936
1937
1936
1936
1938
1936
1937
1937
1937
1937
1936
1939
1937
1936
1940
1938
1936
1936
1936
1936
1936
1936
1936
1938
1936
1936
1936
1936
1936
1936
1936
1936
1936
1936
1938
1936
1936
1935
1938
1938
1936
1935
1937
1938
1934
1936
1936
1936
1936
1935
1936
1936
1936
1936
1936
1936
1935
1936
1936
1936
1936
1936
1936
1936
1936
1935
1936
1936
1936
1933
1934
1935
1936
1935
1935
1936
1936
1936
1935
1936
1936
1935
1935
1936
1936
1936
1937
1936
1936
1934
1936
1937
1935
1936
1935
1934
1935
1936
1935
1935
1934
1935
1931
1936
1934
1934
1932
1934
1935
1934
1933
1933
1935
1934
1935
1934
1936
1933
1936
1936
1935
1936
1931
1931
1930
1509
729
111
0
0
0
0
0
0
0
0
0
0
0
0
0
0
0
0
0
0
0
0
0
0
0
0
0
0
0
0
0
0
0
0
0
0
0
0
0
0
0
0
0
0
0
0
0
0
0
0
0
0
0
0
0
0
0
0
0
0
0
0
0
0
0
0
0
0
0
0
0
0
0
0
0
0
0
0
0
0
0
0
0
0
0
0
0
0
0
0
0
0
0
0
0
0
0
0
0
0
0
0
0
0
0
0
0
0
0
0
0
0
0
0
0
0
0
0
0
0
0
0
0
0
0
0
0
0
0
0
0
0
0
0
0
0
0
0
0
0
0
0
0
0
0
0
0
0
0
0
0
0
0
0
0
0
0
0
0
0
0
0
0
0
0
0
0
0
0
0
0
0
0
0
0
0
0
0
0
0
0
0
0
0
0
0
0
0
0
0
0
0
0
0
0
0
0
0
0
0
0
0
0
0
0
0
0
0
0
0
0
0
0
0
0
0
0
0
0
0
0
0
0
0
0
0
0
0
0
0
0
0
0
0
0
0
0
0
0
0
0
0
0
0
0
0
0
0
0
0
0
0
0
0
0
0
0
0
0
0
0
0
0
0
0
0
0
0
0
0
0
0
0
0
0
0
0
0
0
0
0
0
0
0
0
0
0
0
0
0
0
0
0
0
0
0
0
0
0
0
0
0
0
0
0
0
0
0
0
0
0
0
0
0
0
0
0
0
0
0
0
0
0
0
0
0
0
0
0
0
0
0
0
0
0
0
0
0
0
0
0
0
0
0
0
0
0
0
0
0
0
0
0
0
0
0
0
0
0
0
0
0
0
0
0
0
0
0
0
0
0
0
0
0
0
0
0
0
0
0
0
0
0
0
0
0
0
0
0
0
0
0
0
0
0
0
0
0
0
0
0
0
0
0
0
0
0
0
0
0
0
0
0
0
0
0
0
0
0
0
0
0
0
0
0
0
0
0
0
6
1
6
11
11
16
15
16
16
17
17
19
25
23
27
26
29
30
29
32
37
35
40
42
43
43
46
48
49
49
48
54
53
55
58
63
62
60
64
64
65
67
69
69
74
77
75
78
78
80
80
80
86
82
86
87
90
95
95
96
97
102
101
101
102
103
105
107
111
112
112
112
112
120
117
118
118
123
128
126
126
129
129
132
135
131
139
140
143
141
142
144
146
146
145
146
151
147
154
154
157
161
161
162
159
165
167
166
169
171
174
174
175
174
175
179
179
180
179
187
183
187
190
192
189
192
193
197
194
194
205
201
204
203
206
208
208
207
210
212
215
214
217
218
220
221
223
221
223
227
226
230
227
230
233
235
239
238
239
240
243
240
240
246
243
247
249
254
256
255
256
256
256
257
256
260
266
265
270
269
271
269
272
272
272
275
276
276
275
283
282
281
282
285
287
288
290
291
294
297
297
295
301
303
302
303
304
304
304
306
307
310
314
314
315
318
317
317
320
319
320
323
322
326
325
327
327
331
336
334
336
336
335
337
338
341
341
344
343
348
347
345
347
350
352
353
353
353
358
356
359
363
368
367
365
368
368
369
368
370
372
373
375
373
375
379
379
381
381
382
384
383
387
386
388
391
391
393
394
398
398
400
400
400
400
400
401
408
404
403
407
414
410
411
416
415
415
418
415
419
425
420
426
422
427
427
428
432
429
432
432
436
433
436
436
437
438
442
444
445
444
445
445
443
448
451
450
450
451
455
458
457
458
462
462
460
464
464
464
467
464
464
466
469
469
471
475
475
477
476
477
478
480
481
483
481
486
490
490
487
495
494
491
496
496
497
496
496
498
499
496
498
499
506
502
506
508
509
511
510
511
511
511
511
523
511
523
528
527
528
528
530
530
533
528
535
532
533
533
538
541
542
538
540
542
544
546
546
553
550
549
549
551
555
555
560
558
557
559
561
560
561
561
561
565
568
569
570
570
570
570
570
573
576
574
576
577
576
580
580
580
585
582
586
586
589
589
587
588
592
592
592
592
594
594
595
595
597
597
601
603
605
604
603
605
607
608
610
609
609
612
614
612
618
615
617
616
621
622
622
624
624
624
624
625
625
627
630
631
634
633
635
634
637
636
637
641
639
640
640
640
641
641
641
643
647
649
647
650
653
650
654
653
656
656
656
656
657
659
661
661
665
661
664
664
662
666
667
670
671
670
672
672
672
677
675
674
677
679
678
681
682
682
686
685
688
688
688
687
692
690
689
689
693
695
693
694
698
700
699
701
700
701
702
703
704
705
706
706
707
707
707
707
710
714
714
716
715
717
718
720
720
720
720
720
720
722
721
725
725
729
731
726
731
727
727
736
733
734
736
736
736
738
741
742
740
741
744
747
745
746
747
749
750
752
752
752
752
751
755
754
756
756
758
758
761
759
761
763
765
763
765
767
768
767
768
770
768
771
773
774
771
773
778
779
775
775
780
783
781
782
784
783
783
785
784
784
787
786
788
789
795
789
795
790
797
794
795
796
798
799
798
802
799
804
803
803
804
803
806
803
807
810
809
815
813
812
816
816
814
816
814
816
816
818
819
821
821
819
825
825
828
820
829
825
831
829
831
832
830
832
834
833
833
834
835
834
838
839
838
839
841
842
844
847
847
845
846
849
848
849
848
850
853
853
855
854
851
851
855
858
857
858
863
863
861
863
862
862
867
867
870
865
869
871
869
870
871
871
874
875
878
875
877
878
880
880
879
880
880
880
881
881
884
885
885
887
885
885
885
887
891
889
887
891
893
895
897
896
898
896
895
898
897
899
902
906
899
905
900
906
905
905
910
909
909
911
911
911
912
911
912
912
915
912
913
912
914
917
919
918
919
922
923
925
922
924
923
926
927
931
926
930
931
930
933
933
935
933
933
939
937
941
943
940
939
942
941
942
944
944
944
944
945
948
945
947
946
946
945
949
953
950
953
955
951
955
955
955
958
959
958
957
959
959
964
961
960
965
965
967
966
969
966
969
965
969
972
970
970
974
976
974
971
975
976
976
976
976
976
977
977
978
979
982
977
983
982
983
983
985
981
987
991
989
992
987
991
991
994
993
992
993
994
996
999
997
997
995
999
1002
1002
1001
1002
1008
1004
1007
1006
1008
1008
1007
1008
1007
1008
1010
1009
1008
1010
1010
1013
1013
1010
1017
1013
1018
1018
1019
1015
1018
1019
1022
1021
1022
1019
1033
1023
1023
1023
1031
1023
1036
1023
1035
1035
1036
1037
1039
1039
1040
1038
1039
1040
1039
1040
1041
1044
1043
1041
1040
1044
1045
1045
1042
1047
1046
1050
1045
1052
1052
1052
1051
1054
1050
1055
1055
1057
1059
1058
1059
1057
1059
1056
1057
1066
1062
1062
1063
1059
1063
1063
1068
1068
1068
1071
1070
1071
1069
1071
1072
1070
1072
1072
1072
1072
1072
1073
1075
1074
1074
1076
1077
1079
1078
1080
1083
1079
1078
1083
1085
1082
1085
1088
1087
1088
1087
1085
1089
1089
1091
1089
1089
1090
1090
1091
1094
1092
1094
1094
1096
1094
1099
1097
1101
1101
1099
1102
1098
1099
1102
1103
1103
1104
1104
1104
1104
1107
1104
1105
1104
1107
1109
1111
1107
1111
1107
1107
1111
1111
1113
1111
1111
1115
1118
1116
1115
1119
1118
1117
1118
1119
1122
1121
1119
1119
1119
1126
1125
1123
1122
1126
1121
1127
1130
1126
1132
1128
1131
1132
1132
1131
1134
1136
1135
1136
1136
1137
1135
1136
1136
1136
1140
1139
1139
1139
1141
1138
1141
1140
1139
1143
1143
1142
1147
1145
1146
1145
1149
1149
1151
1146
1150
1152
1151
1152
1152
1151
1152
1152
1154
1153
1152
1156
1153
1156
1157
1156
1161
1158
1158
1161
1155
1162
1161
1165
1163
1166
1166
1166
1165
1168
1165
1165
1168
1168
1170
1167
1169
1169
1168
1168
1170
1170
1174
1174
1174
1173
1174
1174
1174
1177
1177
1178
1178
1173
1179
1175
1183
1181
1183
1179
1183
1183
1182
1185
1185
1184
1189
1187
1186
1189
1187
1185
1187
1189
1187
1192
1189
1195
1190
1191
1192
1193
1191
1195
1191
1195
1200
1199
1199
1198
1200
1200
1200
1200
1200
1203
1200
1201
1202
1200
1204
1201
1202
1206
1207
1203
1207
1207
1206
1206
1205
1209
1209
1209
1210
1211
1213
1210
1216
1213
1217
1217
1215
1216
1216
1216
1217
1216
1221
1218
1221
1223
1220
1219
1221
1223
1223
1225
1222
1227
1224
1226
1227
1229
1229
1227
1231
1231
1231
1229
1232
1232
1232
1230
1231
1232
1232
1233
1232
1235
1232
1233
1238
1235
1233
1235
1237
1237
1235
1236
1239
1243
1243
1242
1242
1243
1245
1243
1246
1243
1244
1243
1249
1247
1247
1247
1246
1248
1250
1250
1251
1251
1253
1253
1251
1253
1253
1255
1251
1253
1255
1258
1257
1251
1259
1259
1260
1261
1261
1261
1262
1259
1261
1263
1261
1262
1263
1265
1262
1264
1264
1264
1264
1264
1264
1264
1265
1265
1269
1267
1267
1271
1271
1268
1270
1268
1273
1269
1271
1270
1271
1274
1278
1275
1275
1273
1279
1278
1277
1279
1279
1278
1278
1280
1279
1281
1283
1283
1280
1283
1283
1280
1285
1281
1280
1287
1288
1287
1282
1287
1289
1287
1289
1287
1293
1292
1290
1292
1293
1294
1295
1294
1292
1294
1294
1294
1296
1296
1296
1297
1296
1296
1296
1299
1296
1298
1299
1296
1298
1300
1301
1301
1300
1305
1301
1299
1303
1299
1303
1302
1302
1308
1307
1306
1305
1306
1307
1306
1309
1309
1310
1311
1312
1313
1311
1313
1311
1314
1314
1311
1315
1314
1313
1316
1316
1317
1317
1318
1319
1323
1321
1321
1322
1323
1319
1323
1321
1325
1324
1323
1325
1323
1327
1328
1326
1325
1326
1328
1328
1328
1328
1327
1328
1329
1330
1328
1328
1331
1330
1328
1331
1330
1330
1333
1331
1331
1331
1335
1335
1333
1339
1335
1335
1335
1339
1338
1339
1340
1341
1339
1342
1341
1339
1339
1338
1343
1344
1345
1342
1344
1343
1347
1344
1346
1346
1344
1350
1349
1350
1354
1570
1571
1569
1570
1572
1574
1572
1569
1569
1570
1569
1575
1575
1575
1573
1575
1571
1575
1573
1574
1573
1575
1574
1571
1578
1574
1577
1574
1577
1576
1579
1581
1578
1579
1574
1578
1579
1579
1579
1581
1577
1579
1582
1579
1579
1582
1584
1582
1582
1581
1584
1584
1581
1581
1583
1584
1584
1582
1582
1583
1584
1582
1584
1584
1583
1584
1584
1582
1584
1585
1584
1589
1584
1584
1584
1586
1585
1584
1584
1587
1586
1586
1587
1589
1584
1587
1584
1584
1585
1585
1589
1587
1591
1588
1586
1587
1587
1591
1591
1587
1587
1589
1587
1589
1587
1589
1594
1590
1588
1589
1594
1593
1590
1593
1595
1591
1591
1595
1594
1590
1596
1594
1594
1597
1594
1596
1595
1600
1598
1596
1600
1598
1598
1599
1600
1597
1600
1597
1599
1599
1601
1600
1598
1598
1600
1599
1599
1601
1600
1601
1600
1600
1600
1600
1600
1600
1600
1603
1602
1601
1602
1600
1602
1604
1602
1602
1603
1605
1605
1603
1602
1604
1603
1603
1605
1606
1608
1611
1607
1603
1603
1605
1605
1604
1607
1606
1605
1607
1609
1607
1610
1611
1606
1610
1609
1605
1605
1610
1609
1609
1611
1611
1610
1611
1610
1612
1615
1614
1615
1613
1615
1610
1614
1610
1612
1615
1611
1613
1616
1613
1615
1615
1614
1615
1615
1616
1614
1613
1615
1616
1615
1616
1616
1619
1617
1614
1619
1616
1618
1616
1616
1616
1616
1615
1616
1617
1616
1616
1617
1619
1617
1616
1619
1619
1620
1616
1617
1621
1619
1617
1621
1621
1618
1622
1620
1622
1619
1621
1622
1621
1618
1623
1623
1619
1623
1622
1621
1622
1624
1626
1622
1625
1625
1627
1621
1623
1624
1623
1628
1627
1625
1627
1630
1628
1630
1626
1628
1625
1629
1630
1627
1630
1627
1627
1626
1632
1630
1630
1630
1630
1633
1626
1631
1631
1630
1631
1633
1630
1629
1631
1633
1632
1635
1635
1633
1631
1636
1633
1633
1633
1632
1633
1633
1634
1638
1637
1637
1637
1635
1635
1638
1635
1637
1633
1632
1633
1639
1639
1636
1637
1642
1639
1635
1637
1638
1639
1638
1642
1641
1642
1641
1637
1643
1645
1643
1642
1642
1645
1639
1639
1642
1645
1643
1641
1643
1643
1648
1645
1642
1642
1645
1643
1643
1643
1645
1645
1645
1645
1645
1643
1645
1648
1647
1646
1645
1646
1643
1647
1645
1647
1648
1646
1648
1648
1646
1648
1648
1647
1646
1648
1647
1648
1648
1648
1648
1648
1649
1648
1648
1648
1648
1649
1649
1650
1649
1648
1648
1649
1649
1650
1648
1651
1649
1650
1650
1651
1653
1652
1651
1651
1651
1648
1650
1651
1651
1652
1650
1654
1654
1650
1652
1655
1653
1655
1654
1659
1654
1653
1655
1654
1654
1658
1657
1655
1658
1655
1653
1654
1654
1659
1659
1657
1661
1663
1661
1660
1658
1655
1661
1659
1659
1662
1659
1659
1658
1664
1662
1661
1663
1662
1664
1663
1662
1659
1663
1658
1663
1661
1662
1663
1664
1663
1663
1662
1664
1662
1664
1663
1663
1663
1664
1662
1663
1666
1666
1668
1664
1665
1666
1664
1668
1664
1665
1665
1665
1666
1666
1667
1667
1665
1665
1669
1667
1667
1669
1668
1671
1670
1670
1669
1666
1670
1669
1672
1667
1669
1670
1669
1671
1669
1667
1670
1667
1673
1667
1674
1675
1670
1670
1674
1670
1674
1667
1675
1674
1674
1671
1670
1674
1672
1674
1671
1673
1675
1679
1670
1678
1671
1673
1679
1677
1679
1677
1679
1679
1674
1678
1677
1679
1680
1675
1679
1676
1677
1678
1680
1678
1680
1677
1678
1680
1677
1676
1679
1678
1679
1680
1680
1680
1678
1680
1680
1680
1680
1680
1680
1681
1681
1680
1674
1680
1680
1681
1680
1680
1680
1680
1681
1681
1682
1680
1683
1680
1683
1682
1683
1682
1681
1680
1679
1681
1680
1683
1681
1683
1681
1685
1685
1686
1684
1683
1685
1684
1686
1681
1684
1682
1689
1687
1687
1683
1683
1685
1687
1686
1687
1685
1685
1686
1683
1683
1687
1686
1683
1684
1689
1686
1685
1686
1689
1689
1691
1690
1693
1692
1690
1689
1689
1690
1694
1690
1692
1690
1691
1691
1687
1691
1689
1693
1687
1689
1689
1691
1693
1692
1691
1695
1693
1696
1690
1694
1692
1691
1693
1697
1691
1693
1693
1695
1693
1695
1696
1695
1695
1696
1696
1698
1693
1695
1694
1695
1697
1698
1696
1695
1696
1694
1695
1698
1696
1693
1696
1697
1697
1698
1696
1697
1697
1698
1699
1699
1699
1702
1699
1697
1701
1700
1702
1699
1697
1698
1702
1700
1698
1702
1705
1698
1700
1699
1701
1701
1702
1700
1701
1699
1698
1699
1701
1702
1703
1701
1703
1706
1702
1706
1706
1699
1706
1703
1701
1702
1706
1703
1703
1706
1705
1703
1706
1705
1706
1707
1706
1703
1707
1709
1708
1707
1709
1703
1706
1706
1705
1709
1711
1706
1709
1711
1706
1712
1709
1709
1707
1712
1709
1707
1709
1706
1707
1709
1709
1711
1711
1712
1712
1710
1711
1708
1710
1711
1712
1711
1711
1711
1712
1712
1712
1712
1712
1713
1712
1713
1712
1712
1710
1712
1712
1712
1712
1711
1713
1712
1712
1712
1713
1712
1712
1712
1713
1713
1712
1712
1712
1714
1712
1713
1712
1713
1712
1714
1712
1713
1714
1712
1712
1715
1712
1715
1717
1714
1714
1714
1713
1715
1715
1714
1713
1717
1714
1717
1714
1717
1715
1712
1718
1715
1719
1716
1718
1718
1714
1715
1719
1718
1715
1718
1717
1718
1717
1715
1723
1723
1717
1718
1722
1717
1718
1717
1718
1719
1718
1721
1718
1721
1717
1718
1718
1719
1719
1723
1717
1718
1721
1723
1718
1719
1724
1719
1718
1722
1722
1719
1719
1722
1721
1725
1723
1719
1725
1725
1721
1725
1724
1722
1725
1725
1723
1725
1724
1724
1725
1726
1726
1726
1727
1725
1724
1724
1725
1725
1727
1726
1725
1728
1723
1727
1725
1729
1727
1728
1726
1726
1729
1727
1727
1728
1724
1727
1726
1727
1728
1726
1728
1728
1733
1728
1729
1728
1728
1728
1730
1730
1729
1726
1730
1729
1729
1729
1728
1728
1733
1729
1730
1730
1731
1730
1730
1729
1731
1730
1731
1730
1733
1731
1731
1730
1728
1728
1729
1730
1729
1728
1729
1729
1728
1733
1730
1732
1732
1730
1731
1729
1733
1731
1729
1730
1730
1735
1734
1731
1735
1730
1731
1731
1734
1731
1738
1734
1733
1735
1734
1733
1734
1738
1738
1733
1735
1737
1735
1735
1739
1739
1734
1738
1738
1734
1735
1733
1739
1737
1741
1738
1739
1737
1739
1738
1737
1741
1737
1739
1741
1738
1737
1737
1735
1741
1739
1740
1739
1739
1739
1739
1743
1737
1738
1739
1742
1737
1739
1742
1738
1741
1739
1742
1743
1739
1742
1742
1741
1742
1741
1743
1742
1742
1744
1741
1739
1743
1742
1741
1744
1739
1737
1741
1744
1743
1741
1744
1744
1741
1742
1742
1744
1743
1744
1742
1743
1744
1742
1743
1744
1744
1743
1743
1744
1743
1741
1743
1743
1744
1744
1744
1744
1744
1744
1746
1745
1744
1744
1744
1745
1746
1743
1744
1744
1744
1746
1744
1745
1745
1745
1749
1744
1744
1747
1744
1747
1749
1747
1750
1745
1746
1747
1744
1744
1745
1744
1747
1746
1746
1745
1745
1748
1746
1747
1746
1749
1745
1746
1746
1747
1747
1747
1748
1747
1749
1745
1750
1748
1747
1749
1745
1747
1750
1751
1750
1749
1749
1750
1748
1747
1749
1749
1750
1747
1753
1749
1748
1751
1749
1750
1751
1749
1754
1753
1750
1753
1750
1750
1750
1750
1753
1751
1750
1751
1754
1755
1755
1755
1753
1751
1751
1754
1751
1753
1754
1754
1754
1756
1754
1756
1756
1751
1755
1753
1753
1751
1753
1754
1754
1754
1753
1754
1758
1755
1755
1757
1757
1753
1756
1755
1759
1755
1755
1759
1757
1753
1757
1759
1758
1754
1755
1757
1759
1761
1759
1759
1755
1758
1759
1757
1761
1758
1758
1758
1755
1759
1758
1758
1759
1757
1759
1759
1758
1758
1758
1758
1758
1759
1757
1760
1759
1759
1759
1759
1759
1761
1758
1758
1760
1760
1762
1762
1760
1761
1763
1762
1757
1757
1761
1758
1763
1758
1761
1762
1763
1763
1761
1763
1763
1762
1763
1762
1763
1763
1760
1761
1765
1760
1763
1765
1763
1761
1761
1763
1762
1765
1765
1763
1767
1767
1761
1763
1763
1763
1765
1763
1766
1762
1764
1762
1763
1765
1765
1763
1762
1761
1763
1766
1762
1766
1760
1766
1766
1766
1770
1769
1767
1764
1766
1766
1769
1763
1773
1770
1767
1769
1765
1767
1767
1771
1767
1765
1763
1767
1766
1769
1773
1768
1766
1767
1766
1767
1771
1771
1766
1767
1766
1767
1770
1766
1770
1774
1770
1767
1767
1770
1775
1770
1773
1771
1774
1771
1770
1770
1766
1767
1770
1770
1770
1770
1773
1773
1770
1771
1769
1770
1772
1773
1769
1772
1769
1769
1773
1771
1776
1774
1775
1773
1774
1770
1774
1775
1771
1774
1775
1771
1771
1773
1775
1775
1773
1776
1773
1774
1776
1773
1775
1775
1774
1775
1774
1775
1773
1774
1771
1774
1775
1776
1776
1774
1776
1773
1776
1776
1775
1776
1776
1774
1776
1776
1776
1776
1775
1775
1777
1776
1777
1776
1776
1776
1775
1776
1776
1776
1776
1773
1776
1776
1778
1776
1776
1776
1776
1776
1775
1777
1776
1776
1776
1776
1774
1776
1776
1776
1777
1777
1776
1777
1776
1776
1776
1776
1780
1778
1777
1778
1777
1776
1776
1776
1777
1777
1776
1776
1777
1776
1776
1776
1776
1776
1776
1776
1777
1776
1778
1777
1777
1777
1776
1780
1778
1779
1778
1776
1779
1777
1777
1777
1776
1778
1777
1776
1781
1779
1777
1776
1778
1778
1777
1779
1778
1780
1777
1780
1778
1777
1781
1779
1777
1776
1779
1780
1779
1780
1779
1787
1779
1778
1782
1778
1780
1778
1778
1782
1780
1781
1781
1781
1783
1783
1777
1781
1782
1783
1778
1782
1785
1783
1782
1779
1782
1779
1781
1781
1782
1779
1783
1782
1779
1781
1785
1783
1782
1782
1788
1783
1786
1783
1781
1785
1783
1786
1782
1782
1786
1786
1782
1786
1787
1781
1783
1783
1781
1783
1787
1781
1782
1785
1786
1786
1787
1783
1786
1787
1786
1787
1782
1787
1787
1787
1783
1786
1783
1789
1790
1785
1783
1787
1783
1785
1786
1791
1785
1783
1787
1786
1783
1787
1789
1790
1789
1789
1787
1787
1787
1787
1786
1786
1787
1787
1789
1787
1787
1787
1787
1791
1787
1788
1786
1787
1790
1790
1791
1790
1787
1786
1790
1788
1787
1789
1789
1790
1787
1788
1791
1787
1792
1787
1791
1789
1785
1789
1791
1789
1789
1790
1789
1789
1789
1792
1791
1791
1790
1791
1792
1791
1790
1791
1791
1792
1794
1790
1792
1793
1791
1789
1791
1790
1789
1791
1790
1791
1791
1792
1793
1792
1789
1791
1793
1792
1790
1787
1791
1791
1791
1790
1791
1791
1791
1793
1790
1793
1792
1791
1794
1793
1796
1791
1793
1794
1793
1792
1793
1793
1793
1791
1794
1794
1793
1793
1792
1796
1793
1792
1793
1794
1792
1791
1793
1795
1791
1791
1795
1794
1795
1792
1794
1796
1795
1798
1794
1795
1795
1794
1794
1794
1792
1795
1799
1795
1793
1798
1794
1794
1794
1797
1791
1793
1794
1795
1796
1793
1794
1796
1798
1793
1795
1795
1797
1798
1796
1796
1793
1795
1797
1793
1794
1797
1793
1795
1793
1794
1798
1799
1795
1797
1794
1794
1796
1797
1797
1798
1795
1798
1798
1797
1798
1797
1795
1798
1796
1798
1801
1797
1797
1799
1794
1795
1799
1798
1799
1798
1797
1798
1799
1795
1799
1795
1799
1799
1797
1798
1801
1798
1795
1798
1802
1799
1798
1799
1799
1796
1797
1799
1803
1802
1803
1801
1798
1799
1799
1800
1797
1799
1802
1802
1801
1803
1801
1801
1803
1799
1798
1801
1802
1803
1799
1803
1805
1801
1803
1803
1803
1802
1798
1799
1799
1804
1802
1803
1803
1803
1802
1805
1803
1803
1803
1803
1801
1803
2017
2015
2015
2014
2013
2015
2012
2015
2011
2011
2010
2014
2011
2007
2011
2011
2010
2013
2009
2012
2011
2011
2012
2005
2009
2009
2009
2002
2006
2007
2009
2009
2005
2009
2013
2007
2006
2007
2007
2003
2005
2005
2005
2003
2007
2003
2005
2000
2005
2002
2004
2001
2002
2004
2005
2003
2000
2002
2003
2003
2001
2002
2001
2002
2001
2001
2001
2002
2003
2003
2001
2000
2001
2000
2002
2002
2003
2000
2001
2000
2000
2001
2000
2001
2000
2000
2003
2000
2000
2000
2000
2001
2000
1999
2000
2000
2000
2000
2000
1998
2000
1998
1999
2000
1999
1995
2000
1994
1998
1998
1999
1998
1999
1997
1996
2000
1997
1997
1998
1998
1998
1996
1991
1999
1997
1995
1997
1993
1995
1993
1998
1994
1997
1995
1995
1998
1995
1994
1996
1995
1993
1994
1995
1991
1990
1995
1995
1994
1992
1994
1991
1992
1995
1993
1989
1991
1990
1989
1987
1991
1993
1995
1991
1990
1989
1993
1990
1990
1991
1991
1988
1987
1987
1988
1991
1986
1986
1989
1989
1988
1987
1986
1990
1984
1988
1988
1989
1989
1987
1987
1990
1985
1987
1989
1986
1987
1987
1985
1989
1986
1986
1987
1985
1984
1984
1985
1986
1985
1983
1984
1983
1984
1987
1985
1984
1985
1983
1985
1983
1983
1984
1984
1984
1982
1984
1983
1982
1983
1983
1983
1985
1982
1982
1984
1983
1984
1982
1984
1984
1981
1981
1983
1982
1982
1979
1982
1982
1978
1979
1979
1982
1979
1981
1979
1979
1978
1981
1982
1978
1978
1979
1979
1979
1982
1982
1979
1978
1979
1977
1979
1981
1974
1977
1977
1979
1979
1982
1975
1978
1977
1979
1978
1975
1977
1977
1977
1977
1979
1979
1974
1975
1978
1975
1979
1979
1979
1973
1975
1975
1977
1973
1973
1974
1975
1972
1975
1974
1978
1974
1971
1975
1971
1972
1974
1969
1971
1971
1971
1972
1973
1970
1971
1971
1973
1974
1973
1973
1970
1971
1970
1974
1976
1970
1971
1969
1969
1971
1969
1971
1974
1970
1971
1974
1970
1971
1971
1971
1969
1971
1970
1969
1971
1971
1968
1972
1968
1968
1968
1971
1969
1968
1969
1968
1969
1969
1970
1968
1967
1968
1968
1970
1969
1969
1968
1968
1970
1969
1968
1968
1967
1968
1971
1967
1967
1968
1968
1969
1967
1968
1968
1968
1968
1966
1968
1967
1968
1968
1968
1968
1968
1968
1967
1966
1968
1967
1967
1967
1968
1968
1966
1962
1964
1965
1965
1966
1967
1968
1967
1968
1968
1966
1965
1966
1966
1965
1963
1966
1966
1967
1963
1965
1965
1964
1965
1963
1964
1965
1962
1959
1966
1962
1962
1961
1962
1964
1963
1962
1961
1965
1961
1965
1963
1962
1963
1965
1961
1962
1963
1962
1963
1965
1959
1961
1963
1962
1963
1957
1962
1962
1962
1965
1957
1959
1959
1961
1961
1962
1958
1959
1964
1957
1962
1962
1959
1959
1961
1959
1957
1959
1958
1957
1958
1959
1957
1959
1961
1958
1962
1957
1959
1961
1957
1957
1957
1959
1958
1959
1955
1957
1955
1959
1955
1958
1957
1955
1958
1957
1954
1955
1954
1955
1953
1954
1953
1954
1955
1953
1959
1953
1957
1957
1954
1957
1955
1954
1958
1957
1955
1955
1955
1955
1953
1954
1954
1953
1955
1953
1955
1954
1952
1953
1951
1952
1955
1953
1953
1951
1955
1951
1953
1951
1953
1951
1953
1955
1952
1951
1953
1951
1953
1951
1949
1949
1955
1949
1952
1952
1950
1955
1950
1950
1951
1952
1953
1951
1951
1948
1953
1952
1949
1949
1955
1949
1948
1951
1951
1949
1951
1951
1950
1949
1953
1949
1950
1950
1951
1947
1947
1949
1945
1949
1951
1948
1949
1949
1941
1947
1945
1946
1948
1947
1949
1947
1949
1945
1948
1949
1946
1949
1945
1947
1944
1947
1943
1944
1945
1949
1947
1948
1946
1941
1947
1947
1945
1943
1945
1948
1945
1943
1949
1951
1947
1943
1947
1945
1948
1949
1943
1947
1943
1946
1942
1947
1945
1945
1942
1942
1949
1947
1942
1942
1939
1943
1943
1941
1945
1945
1945
1943
1943
1943
1939
1938
1942
1943
1943
1946
1943
1941
1943
1943
1943
1942
1941
1941
1945
1940
1942
1941
1941
1943
1938
1941
1941
1942
1942
1941
1939
1941
1939
1941
1938
1943
1941
1942
1941
1941
1943
1940
1938
1943
1938
1943
1939
1942
1938
1937
1940
1939
1938
1938
1936
1936
1937
1936
1938
1938
1941
1936
1937
1937
1939
1938
1936
1938
1937
1939
1936
1937
1937
1937
1936
1936
1936
1936
1936
1936
1936
1936
1936
1936
1936
1936
1936
1938
1937
1936
1936
1936
1937
1937
1936
1936
1939
1936
1936
1936
1936
1938
1936
1936
1939
1936
1937
1935
1936
1934
1936
1936
1936
1936
1936
1935
1935
1936
1935
1936
1936
1936
1936
1936
1936
1936
1935
1936
1936
1936
1936
1936
1936
1936
1936
1938
1936
1936
1937
1936
1935
1935
1936
1936
1936
1936
1936
1935
1933
1934
1935
1935
1935
1936
1935
1935
1936
1936
1936
1935
1933
1935
1934
1934
1934
1936
1935
1935
1936
1933
1936
1931
1934
1935
1933
1932
1936
1932
1933
1935
1934
1933
1931
1935
1935
1933
1930
1931
1933
1934
1932
1932
1930
1933
1931
1934
1934
1935
1933
1931
1930
1931
1925
1932
1934
1929
1931
1929
1931
1929
1927
1930
1929
1930
1931
1933
1930
1930
1932
1933
1933
1927
1931
1930
1929
1932
1932
1933
1933
1931
1930
1931
1930
1930
1930
1931
1924
1927
1930
1931
1929
1927
1935
1931
1930
1930
1927
1926
1926
1926
1926
1931
1931
1930
1932
1927
1930
1934
1927
1930
1929
1927
1930
1927
1927
1927
1926
1926
1927
1929
1925
1929
1923
1929
1929
1923
1927
1923
1925
1927
1927
1926
1924
1931
1925
1927
1927
1926
1931
1930
1929
1927
1923
1922
1930
1926
1925
1925
1924
1922
1927
1926
1923
1922
1923
1925
1922
1921
1924
1923
1923
1925
1926
1924
1925
1923
1925
1925
1923
1925
1922
1923
1924
1925
1929
1923
1926
1925
1926
1926
1922
1922
1921
1926
1927
1925
1923
1923
1922
1923
1925
1922
1920
1922
1926
1923
1921
1923
1924
1923
1921
1924
1922
1920
1920
1920
1922
1924
1922
1921
1923
1923
1923
1920
1923
1919
1921
1925
1922
1923
1922
1924
1923
1920
1922
1920
1921
1921
1922
1919
1920
1921
1920
1921
1921
1923
1923
1922
1924
1920
1921
1919
1922
1922
1921
1920
1924
1919
1921
1922
1922
1922
1924
1921
1921
1919
1919
1919
1919
1921
1919
1918
1920
1919
1925
1919
1919
1921
1918
1920
1918
1918
1919
1920
1920
1920
1920
1919
1920
1919
1922
1920
1919
1916
1920
1920
1920
1918
1919
1918
1914
1919
1919
1919
1919
1921
1920
1919
1920
1919
1920
1918
1919
1919
1918
1919
1920
1918
1921
1917
1920
1919
1918
1917
1920
1919
1919
1917
1922
1919
1919
1917
1919
1919
1920
1915
1921
1919
1917
1918
1919
1917
1919
1918
1915
1919
1919
1917
1919
1915
1916
1919
1915
1919
1918
1915
1917
1913
1914
1917
1919
1918
1916
1917
1917
1917
1917
1915
1919
1917
1918
1915
1915
1914
1913
1917
1916
1915
1914
1918
1919
1915
1911
1915
1913
1916
1916
1914
1915
1911
1917
1915
1915
1917
1917
1915
1915
1913
1916
1914
1915
1917
1914
1914
1913
1911
1917
1915
1911
1919
1916
1915
1913
1913
1915
1911
1911
1914
1916
1914
1915
1915
1911
1911
1910
1910
1915
1913
1911
1911
1914
1911
1913
1914
1910
1914
1914
1914
1911
1913
1911
1916
1913
1911
1911
1910
1914
1909
1909
1913
1911
1909
1911
1910
1909
1912
1909
1911
1909
1907
1911
1911
1915
1910
1910
1908
1912
1909
1909
1915
1911
1909
1908
1910
1909
1909
1911
1915
1911
1910
1910
1907
1910
1909
1908
1910
1911
1907
1910
1909
1909
1908
1909
1910
1907
1909
1911
1907
1910
1909
1910
1911
1910
1905
1908
1911
1911
1907
1908
1910
1909
1913
1910
1909
1910
1906
1909
1907
1908
1907
1910
1907
1909
1908
1906
1907
1906
1911
1911
1906
1907
1909
1908
1908
1909
1906
1907
1910
1909
1906
1909
1909
1906
1907
1907
1905
1909
1907
1906
1904
1905
1907
1908
1909
1908
1907
1904
1909
1907
1909
1907
1910
1906
1906
1907
1904
1906
1909
1909
1907
1906
1907
1908
1908
1907
1904
1909
1904
1906
1907
1904
1906
1908
1904
1905
1911
1904
1904
1909
1906
1907
1906
1909
1906
1909
1907
1904
1904
1904
1905
1904
1904
1904
1906
1904
1905
1906
1904
1904
1906
1905
1907
1905
1906
1905
1904
1904
1906
1904
1907
1904
1905
1904
1905
1905
1907
1904
1904
1904
1904
1904
1907
1909
1906
1904
1904
1904
1906
1904
1905
1904
1906
1905
1904
1905
1906
1904
1905
1904
1904
1907
1905
1908
1905
1904
1904
1905
1904
1905
1904
1904
1905
1904
1904
1904
1904
1904
1904
1904
1904
1903
1904
1904
1904
1903
1903
1904
1904
1904
1904
1904
1903
1904
1904
1903
1904
1904
1904
1906
1904
1904
1904
1905
1904
1904
1903
1905
1903
1905
1904
1904
1904
1904
1904
1904
1904
1904
1904
1904
1904
1903
1903
1904
1904
1904
1904
1904
1904
1906
1904
1904
1904
1904
1903
1903
1903
1902
1902
1904
1903
1904
1903
1904
1904
1903
1904
1904
1904
1903
1904
1904
1902
1904
1904
1901
1904
1904
1903
1904
1904
1902
1904
1904
1904
1904
1901
1903
1899
1904
1903
1903
1904
1903
1904
1904
1901
1903
1901
1903
1903
1903
1903
1901
1904
1902
1901
1903
1904
1902
1904
1904
1903
1901
1902
1901
1901
1901
1901
1900
1902
1904
1901
1903
1902
1901
1903
1903
1904
1904
1902
1903
1903
1900
1899
1901
1902
1902
1903
1903
1904
1902
1903
1901
1904
1903
1901
1903
1903
1903
1903
1899
1903
1901
1902
1901
1902
1899
1901
1899
1903
1902
1901
1904
1901
1901
1902
1904
1901
1898
1901
1900
1901
1902
1904
1898
1898
1902
1902
1898
1901
1898
1902
1898
1903
1901
1899
1900
1901
1901
1903
1902
1902
1899
1904
1901
1898
1895
1899
1899
1897
1901
1900
1902
1898
1901
1899
1902
1902
1900
1902
1899
1902
1899
1901
1900
1902
1899
1901
1899
1901
1904
1901
1901
1901
1903
1904
1897
1900
1899
1899
1897
1898
1902
1898
1901
1897
1899
1894
1899
1898
1899
1900
1901
1898
1899
1898
1901
1897
1895
1898
1897
1895
1900
1900
1898
1898
1901
1903
1895
1896
1899
1901
1897
1903
1898
1897
1898
1898
1895
1898
1895
1894
1900
1899
1898
1899
1899
1895
1899
1899
1895
1897
1898
1899
1899
1898
1901
1899
1902
1899
1895
1897
1897
1896
1897
1898
1901
1899
1897
1898
1896
1898
1898
1895
1901
1899
1897
1899
1895
1893
1897
1894
1894
1899
1895
1897
1895
1893
1893
1890
1897
1897
1895
1899
1894
1898
1899
1894
1899
1895
1894
1895
1898
1896
1894
1894
1895
1893
1897
1897
1895
1895
1897
1894
1893
1894
1897
1893
1893
1896
1899
1895
1899
1895
1891
1898
1898
1897
1893
1892
1896
1892
1890
1897
1893
1894
1897
1894
1895
1897
1898
1894
1895
1897
1893
1893
1894
1895
1889
1893
1894
1897
1895
1898
1899
1897
1894
1893
1897
1893
1895
1897
1895
1894
1895
1894
1898
1894
1894
1891
1893
1895
1891
1893
1893
1893
1894
1890
1892
1894
1893
1893
1893
1895
1894
1895
1894
1894
1895
1894
1894
1893
1893
1894
1897
1890
1894
1894
1892
1895
1898
1895
1893
1898
1892
1895
1897
1897
1895
1893
1892
1894
1894
1894
1897
1894
1893
1891
1892
1894
1893
1892
1891
1892
1893
1893
1897
1892
1891
1895
1895
1891
1895
1893
1893
1893
1889
1893
1892
1889
1893
1893
1891
1893
1891
1891
1894
1890
1891
1893
1891
1895
1894
1890
1891
1892
1893
1890
1894
1888
1898
1891
1893
1894
1893
1891
1895
1892
1893
1894
1888
1891
1893
1890
1892
1891
1891
1890
1893
1895
1891
1891
1893
2117
2114
2114
2112
2115
2113
2112
2115
2112
2112
2111
2112
2111
2109
2110
2112
2109
2112
2108
2109
2111
2107
2110
2112
2109
2107
2109
2111
2105
2110
2109
2108
2106
2103
2105
2104
2103
2107
2105
2105
2107
2110
2103
2102
2103
2107
2101
2102
2103
2102
2100
2103
2102
2099
2099
2099
2100
2100
2101
2101
2101
2103
2099
2100
2098
2099
2100
2099
2097
2100
2097
2097
2097
2098
2096
2097
2096
2096
2096
2096
2096
2095
2096
2096
2095
2096
2096
2096
2096
2094
2096
2095
2094
2096
2095
2094
2096
2093
2093
2094
2096
2096
2096
2094
2095
2096
2092
2093
2091
2089
2090
2094
2090
2091
2091
2092
2093
2092
2090
2090
2090
2085
2090
2087
2094
2087
2090
2090
2087
2087
2087
2091
2085
2084
2089
2086
2085
2084
2087
2085
2083
2089
2085
2087
2084
2085
2087
2084
2085
2081
2083
2085
2079
2082
2078
2082
2079
2080
2078
2081
2080
2080
2081
2080
2080
2080
2083
2079
2079
2078
2079
2080
2077
2079
2079
2076
2073
2078
2078
2079
2076
2077
2075
2077
2077
2078
2074
2075
2075
2074
2077
2074
2073
2074
2075
2079
2073
2075
2075
2071
2071
2074
2068
2070
2076
2073
2073
2069
2070
2072
2070
2070
2071
2069
2071
2065
2068
2070
2066
2069
2067
2067
2070
2066
2068
2065
2068
2069
2066
2065
2066
2066
2065
2066
2068
2064
2066
2069
2066
2064
2070
2064
2065
2064
2064
2062
2064
2065
2064
2065
2065
2063
2063
2065
2063
2064
2064
2065
2064
2064
2062
2064
2064
2064
2064
2064
2064
2064
2064
2064
2059
2063
2062
2063
2062
2061
2061
2061
2061
2064
2058
2063
2063
2060
2061
2061
2059
2058
2061
2061
2057
2060
2059
2059
2059
2061
2057
2058
2058
2057
2055
2057
2054
2058
2053
2057
2053
2055
2057
2057
2047
2058
2047
2059
2047
2054
2054
2047
2055
2047
2053
2053
2047
2053
2054
2047
2046
2047
2047
2047
2047
2044
2047
2047
2047
2045
2045
2042
2047
2046
2045
2043
2044
2046
2042
2047
2043
2045
2043
2044
2046
2043
2042
2045
2045
2043
2042
2043
2042
2043
2045
2046
2039
2043
2043
2042
2039
2041
2039
2040
2041
2037
2038
2036
2036
2041
2041
2039
2037
2038
2037
2039
2039
2037
2038
2036
2038
2038
2035
2039
2037
2037
2037
2037
2038
2034
2035
2034
2037
2035
2034
2034
2033
2033
2032
2034
2035
2037
2032
2035
2032
2032
2032
2033
2035
2033
2033
2033
2032
2033
2034
2032
2032
2033
2032
2033
2032
2032
2032
2032
2032
2032
2030
2032
2031
2029
2030
2030
2030
2031
2032
2031
2031
2031
2032
2031
2031
2030
2029
2029
2030
2028
2030
2026
2029
2027
2028
2030
2029
2027
2023
2029
2029
2025
2023
2029
2032
2030
2029
2029
2027
2031
2031
2028
2026
2026
2027
2027
2025
2031
2032
2025
2023
2023
2025
2023
2023
2023
2022
2026
2023
2024
2022
2027
2021
2021
2023
2019
2021
2021
2021
2020
2018
2021
2017
2019
2023
2019
2023
2019
2022
2021
2020
2018
2021
2020
2019
2018
2019
2019
2021
2018
2018
2017
2015
2020
2015
2016
2014
2018
2016
2017
2015
2019
2017
2019
2017
2019
2017
2017
2015
2016
2015
2015
2014
2015
2016
2014
2017
2015
2016
2018
2015
2015
2015
2011
2011
2014
2014
2013
2013
2014
2015
2014
2011
2015
2013
2011
2011
2013
2013
2013
2009
2009
2011
2011
2011
2013
2009
2006
2007
2011
2012
2013
2011
2007
2006
2007
2009
2007
2010
2012
2010
2010
2009
2011
2005
2009
2011
2010
2011
2007
2004
2007
2013
2011
2007
2007
2011
2005
2003
2003
2003
2007
2007
2005
2005
2007
2003
2002
2005
2003
2006
2003
2006
2002
2002
2002
2004
2004
2006
2002
2005
2005
2001
2005
2002
2004
2005
2002
2001
2000
2000
2003
2000
2001
2003
2003
2000
2004
2004
2001
2000
2000
2001
2002
2001
2000
2000
2002
2000
2003
2000
2000
2001
2000
2000
2002
2001
2002
2000
2000
2000
2000
2001
2000
2000
2000
1999
2000
2000
2000
1999
1999
1999
1999
1999
1998
1999
2000
1997
1997
1999
1998
1999
1997
2000
1998
1999
1998
1997
1995
1997
1999
1998
1997
1998
2000
1995
1999
1999
1996
1997
1994
1997
1997
1995
1997
1993
1995
1991
1991
1997
1993
1997
1996
1993
1995
1996
1995
1999
2000
1994
1995
1997
1995
1995
1994
1991
1991
1994
1991
1993
1994
1996
1994
1991
1990
1990
1996
1994
1994
1991
1991
1993
1995
1991
1990
1994
1990
1989
1990
1989
1988
1989
1991
1991
1989
1989
1989
1986
1989
1987
1986
1987
1989
1990
1987
1986
1991
1987
1987
1992
1986
1987
1983
1984
1987
1985
1985
1987
1985
1989
1987
1990
1987
1989
1987
1989
1987
1985
1985
1984
1986
1988
1985
1986
1984
1984
1985
1987
1984
1984
1983
1989
1984
1984
1984
1984
1983
1985
1983
1981
1981
1985
1985
1984
1984
1984
1983
1984
1984
1981
1984
1984
1983
1983
1983
1984
1983
1983
1983
1983
1983
1983
1984
1984
1982
1981
1982
1980
1983
1982
1981
1982
1981
1982
1982
1984
1979
1984
1982
1980
1981
1982
1982
1979
1984
1979
1981
1980
1981
1981
1981
1980
1979
1982
1980
1979
1978
1979
1978
1980
1975
1979
1981
1977
1981
1978
1980
1979
1982
1982
1974
1979
1980
1975
1978
1978
1975
1975
1975
1974
1975
1975
1978
1978
1974
1973
1971
1975
1974
1974
1977
1972
1975
1972
1978
1974
1972
1975
1973
1973
1971
1973
1977
1975
1973
1973
1973
1975
1975
1973
1974
1973
1974
1974
1972
1972
1975
1971
1972
1973
1974
1971
1971
1969
1971
1970
1973
1971
1968
1968
1969
1970
1968
1970
1971
1974
1970
1970
1971
1968
1969
1968
1968
1969
1968
1977
1971
1969
1968
1970
1968
1968
1968
1970
1970
1968
1968
1970
1968
1968
1970
1968
1969
1971
1968
1968
1970
1969
1968
1968
1970
1971
1968
1968
1969
1968
1968
1968
1969
1968
1968
1967
1968
1967
1966
1970
1968
1967
1968
1968
1965
1968
1964
1966
1968
1968
1968
1967
1967
1968
1967
1967
1968
1968
1965
1969
1967
1968
1966
1965
1967
1966
1967
1966
1966
1968
1966
1966
1963
1966
1965
1966
1965
1968
1963
1968
1966
1966
1965
1968
1966
1967
1962
1966
1963
1967
1966
1962
1965
1963
1965
1965
1967
1965
1963
1965
1959
1966
1966
1965
1963
1966
1963
1965
1966
1967
1963
1962
1963
1963
1959
1961
1958
1959
1962
1962
1965
1959
1964
1961
1960
1961
1961
1959
1963
1960
1962
1961
1959
1963
1962
1962
1963
1959
1958
1958
1959
1959
1961
1959
1959
1960
1959
1959
1959
1961
1959
1957
1959
1955
1957
1962
1957
1957
1958
1953
1955
1961
1959
1954
1959
1959
1958
1957
1962
1958
1959
1957
1961
1957
1955
1954
1959
1955
1957
1959
1953
1955
1954
1955
1955
1955
1955
1957
1953
1956
1954
1959
1955
1958
1954
1953
1953
1952
1957
1955
1952
1953
1954
1954
1956
1951
1956
1951
1955
1955
1957
1954
1955
1954
1954
1955
1955
1953
1951
1953
1951
1953
1954
1949
1951
1954
1954
1950
1952
1951
1951
1951
1951
1953
1950
1953
1951
1951
1953
1950
1950
1950
1949
1951
1952
1952
1950
1950
1952
1950
1953
1952
1950
1952
1952
1949
1950
1951
1950
1953
1952
1949
1950
1951
1946
1951
1951
1951
1950
1950
1951
1952
1949
1950
1951
1950
1951
1949
1951
1951
1949
1952
1949
1947
1951
1951
1949
1949
1948
1947
1949
1948
1949
1950
1948
1947
1949
1947
1943
1951
1951
1947
1947
1949
1948
1947
1946
1946
1946
1941
1947
1949
1947
1948
1947
1945
1945
1946
1947
1943
1946
1947
1947
1943
1943
1947
1949
1946
1943
1947
1946
1943
1949
1942
1942
1943
1943
1946
1945
1941
1946
1946
1946
1946
1945
1942
1941
1943
1943
1943
1940
1941
1945
1942
1943
1943
1943
1945
1942
1943
1943
1941
1945
1942
1942
1947
1945
1942
1942
1941
1943
1942
1939
1945
1943
1945
1941
1943
1942
1940
1946
1939
1941
1941
1939
1938
1938
1939
1939
1939
1943
1941
1940
1943
1946
1942
1943
1942
1940
1942
1940
1939
1937
1943
1937
1939
1939
1939
1942
1941
1941
1939
1939
1941
1939
1940
1943
1938
1937
1941
1938
1939
1939
1937
1938
1941
1937
1937
1939
1939
1937
1939
1937
1938
1937
1939
1939
1940
1938
1936
1938
1936
1940
1939
1936
1937
1936
1939
1936
1938
1936
1936
1936
1936
1936
1939
1939
1939
1939
1936
1937
1937
1936
1936
1936
1937
1936
1936
1936
1937
1936
1936
1935
1936
1937
1937
1936
1936
1936
1935
1933
1936
1939
1936
1936
1936
1936
1935
1937
1936
1936
1936
1936
1936
1936
1936
1935
1938
1936
1936
1936
1936
1936
1936
1935
1935
1936
1935
1936
1936
1936
1934
1936
1936
1935
1936
1935
1936
1936
1933
1936
1936
1936
1936
1936
1936
1936
1935
1935
1936
1936
1935
1933
1933
1933
1933
1934
1933
1929
1931
1933
1931
1935
1936
1933
1933
1933
1933
1936
1933
1931
1934
1935
1936
1936
1934
1934
1934
1931
1932
1930
1933
1935
1936
1936
1935
1936
1935
1935
1933
1935
1933
1934
1933
1932
1933
1935
1931
1933
1934
1929
1934
1931
1930
1931
1934
1933
1933
1930
1933
1931
1934
1934
1935
1936
1930
1933
1933
1930
1931
1936
1933
1933
1930
1930
1931
1935
1933
1931
1930
1932
1929
1930
1927
1932
1929
1933
1931
1933
1931
1931
1933
1934
1930
1933
1931
1931
1929
1925
1929
1931
1929
1927
1930
1934
1927
1929
1935
1931
1932
1930
1929
1930
1931
1931
1930
1925
1930
1926
1930
1929
1927
1930
1930
1932
1926
1928
1929
1927
1930
1933
1927
1926
1927
1929
1931
1927
1929
1925
1933
1930
1929
1929
1929
1925
1927
1927
1927
1925
1931
1927
1923
1928
1926
1923
1926
1925
1925
1927
1927
1929
1923
1924
1926
1923
1923
1923
1926
1924
1930
1929
1925
1924
1925
1927
1929
1926
1926
1927
1927
1925
1925
1926
1923
1923
1927
1925
1924
1924
1926
1925
1926
1923
1927
1924
1922
1923
1920
1923
1925
1925
1923
1925
1925
1925
1924
1922
1924
1926
1921
1926
1921
1923
1924
1922
1921
1921
1923
1921
1925
1923
1922
1921
1923
1920
1926
1925
1924
1919
1922
1924
1922
1922
1922
1925
1919
1923
1921
1923
1921
1921
1922
1922
1922
1920
1920
1920
1922
1920
1925
1920
1925
1923
1922
1922
1922
1921
1919
1922
1922
1922
1922
1921
1923
1923
1921
1921
1921
1922
1920
1918
1922
1920
1919
1922
1920
1921
1921
1921
1917
1922
1920
1921
1921
1923
1918
1919
1920
1919
1919
1919
1919
1922
1919
1919
1919
1919
1920
1920
1921
1921
1920
1919
1921
1920
1919
1921
1920
1919
1919
1918
1920
1920
1921
1921
1919
1919
1920
1919
1918
1917
1921
1920
1919
1917
1918
1918
1919
1919
1919
1918
1917
1917
1917
1919
1918
1917
1918
1914
1919
1920
1919
1918
1920
1918
1919
1918
1919
1918
1919
1919
1918
1919
1919
1917
1921
1915
1919
1917
1919
1918
1915
1918
1919
1919
1917
1917
1917
1917
1918
1918
1918
1916
1917
1915
1918
1917
1919
1913
1918
1918
1918
1915
1918
1917
1919
1919
1920
1918
1920
1915
1916
1913
1918
1918
1916
1914
1916
1913
1915
1914
1913
1916
1915
1913
1915
1913
1915
1919
1914
1919
1913
1919
1913
1918
1916
1917
1915
1917
1917
1911
1911
1913
1915
1915
1915
1915
1913
1915
1914
1916
1915
1914
1911
1911
1917
1909
1914
1914
1915
1914
1914
1913
1913
1915
1915
1915
1915
1914
1911
1915
1917
1914
1911
1911
1911
1915
1915
1909
1913
1915
1911
1915
1914
1914
1914
1914
1917
1911
1914
1917
1911
1911
1913
1914
1915
1914
1913
1914
1915
1911
1911
1911
1911
1914
1911
1911
1909
1913
1907
1914
1913
1911
1915
1913
1915
1911
1914
1914
1910
1914
2142
2137
2137
2135
2135
2139
2134
2133
2135
2134
2132
2134
2133
2133
2132
2135
2133
2131
2135
2135
2130
2131
2132
2128
2130
2135
2130
2132
2131
2130
2133
2129
2130
2128
2128
2128
2129
2128
2132
2129
2128
2128
2127
2128
2128
2128
2127
2130
2128
2127
2128
2128
2126
2128
2126
2128
2128
2128
2126
2125
2128
2123
2127
2127
2123
2126
2127
2122
2121
2127
2122
2124
2125
2119
2123
2122
2121
2121
2121
2119
2121
2119
2122
2123
2118
2119
2115
2118
2117
2114
2118
2120
2113
2115
2117
2118
2119
2115
2113
2112
2117
2119
2116
2112
2112
2113
2118
2115
2113
2117
2113
2114
2112
2113
2112
2112
2113
2112
2112
2111
2111
2112
2112
2109
2112
2110
2111
2110
2110
2110
2111
2112
2111
2111
2110
2112
2108
2109
2111
2110
2107
2110
2103
2108
2106
2107
2107
2107
2103
2102
2106
2110
2107
2109
2103
2109
2109
2106
2103
2107
2105
2100
2101
2104
2105
2099
2105
2102
2102
2101
2097
2097
2101
2098
2101
2098
2101
2098
2097
2100
2098
2096
2101
2099
2096
2098
2103
2102
2102
2102
2096
2096
2096
2096
2099
2099
2096
2096
2096
2096
2096
2096
2095
2096
2095
2096
2096
2095
2096
2094
2094
2096
2093
2095
2094
2096
2095
2095
2093
2092
2095
2092
2095
2094
2095
2093
2095
2095
2093
2094
2091
2091
2091
2091
2090
2090
2093
2089
2091
2087
2091
2090
2086
2086
2090
2087
2091
2085
2087
2087
2085
2086
2086
2090
2082
2087
2087
2087
2086
2085
2082
2084
2084
2086
2085
2088
2086
2083
2085
2082
2085
2084
2084
2083
2082
2082
2087
2085
2082
2079
2083
2082
2082
2083
2084
2081
2082
2080
2079
2077
2080
2080
2079
2078
2079
2077
2077
2081
2080
2078
2079
2078
2080
2075
2075
2075
2078
2079
2077
2075
2079
2074
2075
2071
2070
2073
2075
2076
2071
2079
2075
2070
2074
2075
2071
2074
2074
2074
2070
2075
2071
2070
2069
2069
2070
2069
2070
2074
2069
2071
2067
2070
2066
2068
2065
2073
2070
2067
2070
2068
2070
2067
2069
2071
2067
2066
2065
2067
2067
2064
2064
2067
2066
2065
2067
2068
2065
2064
2065
2064
2066
2064
2064
2065
2064
2063
2064
2064
2063
2064
2064
2064
2066
2065
2064
2065
2064
2065
2064
2062
2064
2062
2064
2064
2062
2063
2062
2062
2062
2061
2062
2064
2064
2062
2061
2062
2062
2062
2063
2059
2062
2063
2059
2060
2057
2057
2059
2059
2058
2059
2057
2058
2055
2059
2058
2059
2060
2058
2055
2056
2055
2057
2060
2058
2058
2058
2059
2061
2055
2055
2057
2060
2047
2057
2047
2057
2047
2054
2047
2055
2047
2047
2046
2044
2045
2047
2046
2047
2045
2047
2046
2046
2045
2047
2046
2045
2046
2046
2047
2046
2042
2045
2046
2043
2043
2043
2044
2043
2039
2040
2042
2046
2042
2041
2043
2042
2042
2042
2041
2043
2045
2042
2043
2043
2045
2042
2038
2040
2038
2038
2041
2042
2039
2042
2043
2037
2039
2039
2038
2039
2038
2037
2042
2039
2039
2038
2037
2043
2037
2038
2039
2037
2037
2033
2037
2037
2038
2037
2035
2032
2033
2032
2032
2034
2035
2035
2033
2033
2032
2032
2032
2033
2035
2032
2032
2032
2033
2034
2032
2033
2033
2032
2032
2032
2032
2032
2032
2032
2033
2032
2032
2032
2032
2032
2032
2031
2032
2032
2032
2034
2031
2032
2032
2032
2029
2032
2027
2032
2032
2029
2030
2031
2030
2029
2027
2032
2027
2031
2030
2027
2030
2030
2026
2029
2029
2029
2026
2030
2025
2029
2029
2025
2026
2027
2021
2029
2026
2023
2026
2026
2028
2026
2028
2025
2029
2025
2025
2023
2023
2027
2026
2025
2023
2027
2022
2023
2022
2023
2025
2023
2025
2023
2023
2022
2023
2023
2021
2023
2022
2019
2018
2025
2019
2021
2019
2020
2021
2021
2020
2017
2021
2021
2021
2018
2018
2019
2015
2017
2015
2018
2021
2022
2018
2017
2021
2019
2018
2014
2019
2019
2017
2016
2017
2017
2018
2015
2015
2015
2015
2015
2016
2017
2015
2018
2015
2015
2015
2015
2014
2015
2013
2011
2014
2015
2014
2011
2015
2016
2013
2015
2015
2016
2012
2011
2011
2013
2014
2011
2011
2009
2015
2010
2009
2010
2009
2012
2013
2012
2009
2009
2011
2010
2013
2009
2011
2010
2006
2013
2011
2012
2007
2010
2007
2009
2011
2006
2012
2009
2007
2005
2010
2006
2007
2007
2005
2007
2005
2007
2007
2003
2005
2004
2003
2005
2003
2002
2003
2006
2006
2004
2006
2005
2006
2005
2005
2005
2005
2001
2003
2005
2005
2004
2005
2005
2002
2006
2004
2002
2003
2005
2004
2001
2000
2001
2003
2000
2000
2000
2001
2001
2001
2001
2002
2003
2001
2000
2001
2000
2000
2000
2003
2000
2001
2001
1999
2000
2000
2000
2000
2001
2002
2000
2000
2000
2001
2000
2001
2000
2000
2000
1998
2000
2000
2000
2000
2000
1999
2000
2000
1998
2000
2000
2000
2000
1997
1995
1999
1999
2000
1999
1997
1998
2000
2000
1999
1999
1995
2000
1999
2000
1996
1995
1997
1998
1997
1993
1997
1999
1995
1994
1993
1996
1998
1998
1994
1995
1997
1998
1998
1994
1997
1994
1998
1995
1995
1995
1995
1994
1994
1994
1997
1991
1991
1990
1993
1994
1992
1994
1992
1994
1992
1993
1995
1995
1995
1991
1993
1991
1993
1991
1993
1993
1991
1991
1991
1991
1989
1989
1988
1990
1989
1989
1990
1989
1993
1989
1991
1989
1987
1985
1988
1987
1987
1991
1993
1990
1987
1986
1987
1984
1989
1990
1986
1989
1989
1990
1987
1985
1991
1984
1987
1987
1984
1985
1986
1985
1987
1987
1985
1985
1986
1989
1987
1985
1985
1986
1986
1985
1985
1985
1985
1985
1985
1985
1986
1985
1984
1986
1984
1985
1984
1983
1985
1985
1984
1984
1985
1986
1984
1983
1985
1984
1985
1983
1984
1985
1984
1984
1984
1982
1981
1984
1981
1980
1983
1981
1983
1984
1981
1983
1982
1983
1979
1981
1984
1979
1983
1982
1981
1982
1981
1981
1983
1979
1982
1981
1983
1983
1980
1980
1979
1981
1982
1979
1981
1983
1980
1982
1978
1978
1978
1977
1975
1981
1974
1974
1975
1975
1979
1974
1978
1975
1975
1979
1973
1980
1981
1980
1975
1979
1979
1979
1978
1977
1975
1976
1977
1977
1975
1975
1973
1977
1974
1978
1974
1980
1977
1971
1973
1971
1972
1971
1973
1972
1975
1973
1971
1974
1974
1978
1975
1973
1974
1975
1975
1973
1972
1973
1974
1970
1973
1974
1973
1973
1974
1977
1972
1971
1968
1975
1971
1973
1974
1969
1970
1971
1968
1971
1971
1974
1973
1973
1970
1972
1971
1970
1968
1971
1973
1968
1972
1969
1968
1970
1968
1971
1970
1968
1969
1970
1968
1970
1968
1968
1970
1971
1968
1969
1970
1969
1968
1970
1971
1970
1969
1968
1968
1970
1968
1969
1968
1968
1968
1968
1969
1968
1969
1967
1968
1968
1967
1968
1967
1968
1965
1968
1968
1968
1967
1968
1967
1968
1968
1968
1968
1968
1967
1968
1968
1966
1966
1967
1965
1968
1966
1968
1968
1967
1967
1965
1968
1967
1964
1965
1968
1967
1965
1965
1967
1968
1967
1965
1965
1965
1963
1965
1963
1967
1964
1965
1964
1963
1967
1965
1968
1965
1961
1965
1965
1961
1965
1963
1964
1963
1964
1963
1963
1967
1966
1961
1963
1965
1962
1967
1966
1964
1962
1965
1962
1961
1961
1963
1959
1959
1962
1962
1959
1964
1961
1959
1959
1959
1963
1961
1962
1958
1962
1962
1962
1959
1961
1963
1958
1959
1959
1958
1961
1961
1963
1961
1962
1960
1959
1957
1962
1957
1962
1958
1958
1961
1957
1958
1958
1958
1961
1958
1959
1957
1957
1959
1957
1962
1958
1953
1958
1957
1956
1956
1957
1955
1961
1959
1957
1957
1961
1957
1955
1959
1957
1959
1956
1953
1955
1955
1957
1957
1957
1956
1956
1953
1954
1954
1955
1957
1954
1954
1955
1956
1956
1952
1959
1951
1959
1958
1955
1956
1955
1954
1953
1957
1954
1955
1955
1955
1953
1954
1951
1956
1950
1955
1956
1953
1952
1950
1953
1950
1951
1955
1953
1953
1951
1953
1954
1951
1956
1951
1950
1954
1952
1955
1949
1951
1953
1953
1949
1953
1951
1949
1951
1951
1955
1951
1951
1953
1951
1951
1949
1949
1949
1950
1951
1949
1950
1947
1951
1953
1951
1952
1949
1950
1948
1951
1950
1953
1950
1947
1949
1949
1949
1949
1950
1947
1950
1946
1946
1951
1948
1950
1949
1947
1947
1946
1947
1945
1947
1945
1951
1951
1947
1947
1947
1945
1945
1943
1948
1945
1949
1950
1949
1947
1943
1949
1946
1943
1947
1943
1947
1946
1944
1947
1946
1943
1943
1947
1946
1949
1943
1947
1946
1942
1946
1943
1946
1946
1942
1945
1947
1947
1943
1947
1948
1946
1943
1947
1942
1943
1941
1942
1943
1941
1946
1943
1943
1942
1948
1946
1943
1942
1947
1947
1948
1942
1943
1941
1945
1941
1945
1943
1941
1941
1941
1942
1938
1941
1943
1942
1942
1942
1943
1942
1941
1945
1941
1940
1943
1943
1943
1942
1941
1942
1941
1939
1941
1940
1942
1940
1941
1943
1936
1943
1941
1940
1939
1939
1941
1943
1939
1938
1938
1939
1938
1941
1938
1941
1942
1941
1943
1937
1939
1938
1938
1939
1939
1938
1940
1941
1939
1941
1938
1938
1939
1938
1937
1939
1938
1939
1938
1936
1936
1938
1938
1936
1937
1937
1936
1939
1941
1938
1937
1936
1940
1937
1937
1936
1936
1936
1936
1939
1937
1937
1936
1938
1936
1939
1936
1937
1938
1936
1939
1938
1937
1937
1936
1936
1936
1936
1937
1942
1936
1936
1935
1936
1936
1936
1936
1936
1938
1936
1936
1936
1936
1937
1938
1936
1936
1936
1936
1935
1936
1938
1936
1937
1937
1933
1935
1936
1935
1934
1936
1935
1936
1936
1936
1936
1936
1936
1936
1936
1936
1936
1935
1934
1935
1936
1935
1936
1935
1936
1933
1935
1936
1934
1936
1935
1936
1935
1935
1933
1935
1936
1936
1936
1934
1934
1935
1935
1936
1935
1936
1933
1934
1934
1935
1934
1931
1936
1936
1936
1931
1935
1933
1936
1933
1931
1931
1933
1935
1935
1935
1936
1934
1933
1934
1933
1932
1934
1933
1936
1933
1934
1935
1933
1935
1933
1934
1933
1936
1936
1929
1933
1935
1933
1931
1931
1931
1933
1934
1933
1932
1936
1933
1932
1935
1931
1929
1931
1935
1927
1931
1930
1932
1932
1934
1929
1927
1931
1931
1929
1933
1931
1933
1932
1929
1931
1933
1930
1930
1931
1927
1931
1931
1933
1931
1929
1929
1925
1927
1927
1929
1931
1929
1925
1931
1929
1929
1931
1932
1930
1927
1927
1931
1931
1931
1932
1930
1927
1929
1929
1926
1933
1927
1931
1930
1929
1932
1927
1929
1927
1930
1926
1931
1933
1933
1930
1929
1927
1930
1928
1927
1927
1931
1928
1923
1929
1926
1926
1930
1929
1924
1927
1927
1927
1923
1926
1929
1927
1925
1926
1927
1924
1925
1925
1926
1924
1927
1931
1927
1925
1924
1925
1926
1928
1927
1926
1921
1926
1928
1925
1927
1927
1925
1929
1925
1925
1927
1922
1922
1926
1928
1925
1926
1927
1925
1926
1925
1927
1927
1926
1925
1925
1922
1923
1924
1923
1923
1925
1922
1923
1922
1925
1925
1923
1923
1922
1922
1923
1922
1923
1923
1924
1923
1922
1923
1922
1922
1927
1925
1921
1922
1921
1923
1923
1922
1923
1922
1921
1925
1922
1922
1923
1921
1923
1921
1923
1920
1921
1921
1921
1921
1920
1921
1921
1924
1920
1920
1923
1922
1920
1918
1920
1923
1920
1921
1919
1921
1921
1921
1922
1920
1921
1921
1922
1921
1922
1921
1920
1921
1919
1921
1921
1921
1921
1918
1921
1920
1920
1921
1923
1925
1920
1918
1920
1918
1920
1922
1920
1919
1921
1920
1919
1920
1922
1921
1922
1919
1923
1923
1920
1921
1923
1919
1919
1921
1920
1920
1920
1918
1921
1920
1923
1917
1921
1919
1920
1921
1919
1920
1919
1919
1921
2141
2142
2142
2144
2140
2143
2143
2142
2141
2141
2139
2138
2139
2139
2137
2135
2140
2137
2138
2136
2137
2138
2138
2138
2134
2139
2136
2134
2137
2137
2137
2131
2135
2133
2133
2135
2131
2132
2133
2131
2129
2129
2131
2131
2128
2131
2130
2128
2130
2131
2128
2129
2130
2130
2128
2128
2128
2128
2128
2127
2126
2128
2128
2128
2123
2128
2128
2122
2125
2128
2126
2126
2128
2122
2127
2125
2125
2123
2125
2122
2127
2121
2124
2123
2123
2120
2119
2123
2122
2122
2119
2121
2117
2123
2121
2118
2118
2122
2116
2123
2122
2118
2117
2115
2119
2118
2115
2116
2115
2118
2118
2117
2116
2114
2117
2119
2116
2113
2112
2115
2117
2117
2117
2114
2114
2114
2112
2112
2116
2115
2113
2112
2113
2114
2113
2110
2112
2112
2112
2113
2112
2109
2111
2109
2111
2112
2112
2111
2113
2109
2106
2103
2110
2109
2112
2107
2109
2106
2107
2109
2105
2106
2110
2108
2107
2108
2107
2107
2102
2106
2102
2103
2106
2103
2101
2106
2105
2102
2101
2102
2106
2102
2103
2100
2101
2102
2101
2101
2102
2099
2098
2099
2098
2101
2103
2101
2100
2099
2098
2100
2098
2097
2096
2100
2098
2097
2096
2097
2097
2096
2098
2097
2096
2096
2096
2096
2096
2098
2096
2095
2096
2096
2095
2096
2095
2096
2095
2096
2096
2094
2096
2096
2094
2092
2095
2095
2096
2095
2094
2095
2092
2091
2092
2094
2094
2095
2091
2096
2089
2092
2093
2089
2090
2087
2087
2086
2091
2093
2086
2088
2087
2090
2092
2087
2085
2088
2089
2086
2089
2087
2089
2083
2085
2086
2090
2087
2087
2084
2089
2085
2087
2087
2085
2084
2083
2084
2085
2085
2082
2081
2081
2085
2083
2082
2086
2079
2082
2080
2083
2079
2083
2081
2079
2082
2079
2083
2082
2081
2075
2078
2079
2077
2079
2075
2080
2079
2076
2075
2079
2077
2077
2079
2076
2077
2079
2075
2073
2074
2073
2077
2073
2077
2074
2075
2078
2074
2071
2075
2075
2074
2075
2071
2074
2075
2069
2069
2069
2071
2073
2071
2070
2071
2075
2071
2068
2069
2067
2069
2069
2070
2071
2071
2071
2071
2066
2069
2066
2067
2070
2069
2067
2066
2066
2067
2066
2069
2065
2065
2068
2069
2069
2070
2066
2065
2065
2064
2065
2065
2064
2067
2064
2064
2064
2066
2066
2064
2064
2064
2067
2064
2064
2064
2062
2063
2064
2064
2063
2064
2064
2064
2064
2062
2064
2061
2062
2064
2062
2064
2064
2059
2063
2062
2063
2061
2058
2061
2060
2059
2061
2060
2059
2059
2060
2061
2059
2059
2060
2059
2055
2059
2059
2060
2062
2059
2055
2056
2059
2055
2058
2055
2055
2057
2057
2057
2057
2057
2057
2060
2054
2055
2055
2053
2054
2055
2057
2055
2055
2055
2047
2053
2047
2047
2047
2046
2046
2047
2046
2046
2047
2047
2047
2046
2047
2046
2044
2045
2043
2047
2045
2047
2042
2044
2047
2042
2042
2045
2045
2043
2045
2043
2046
2041
2043
2045
2043
2044
2043
2043
2043
2042
2038
2045
2039
2039
2039
2042
2039
2040
2038
2041
2039
2035
2042
2043
2038
2037
2041
2039
2037
2039
2038
2038
2039
2042
2035
2037
2038
2041
2036
2038
2038
2037
2038
2036
2034
2037
2036
2037
2034
2037
2034
2032
2035
2033
2032
2033
2034
2035
2033
2032
2033
2032
2034
2033
2033
2032
2032
2032
2034
2033
2034
2032
2034
2032
2032
2032
2033
2034
2032
2032
2033
2032
2031
2032
2032
2032
2031
2032
2032
2032
2032
2032
2032
2032
2031
2030
2031
2032
2032
2031
2031
2031
2032
2031
2029
2027
2032
2027
2028
2032
2030
2032
2028
2030
2031
2032
2027
2031
2031
2031
2029
2029
2031
2029
2028
2029
2027
2027
2026
2026
2027
2027
2026
2025
2022
2025
2023
2025
2030
2027
2022
2023
2025
2023
2027
2022
2020
2023
2024
2025
2026
2025
2020
2025
2023
2023
2026
2022
2023
2022
2026
2021
2020
2023
2021
2019
2023
2021
2021
2021
2018
2018
2021
2018
2023
2021
2021
2018
2020
2021
2018
2018
2019
2019
2019
2021
2017
2019
2019
2019
2019
2018
2017
2020
2017
2016
2015
2015
2017
2018
2016
2018
2018
2017
2015
2021
2015
2016
2015
2015
2017
2012
2016
2013
2015
2010
2017
2013
2015
2014
2013
2012
2012
2014
2015
2017
2014
2011
2015
2013
2015
2013
2014
2011
2011
2009
2010
2010
2011
2013
2012
2013
2010
2010
2012
2013
2010
2009
2011
2011
2011
2007
2013
2010
2006
2010
2009
2011
2010
2007
2011
2010
2007
2011
2007
2011
2010
2010
2007
2005
2007
2006
2007
2010
2003
2006
2009
2003
2006
2005
2002
2006
2005
2007
2010
2006
2004
2007
2005
2005
2002
2005
2003
2003
2005
2005
2005
2004
2004
2003
2006
2002
2003
2003
2004
2002
2002
2003
2003
2001
2006
2003
2003
2003
2000
2002
2000
2002
2002
2000
2001
2003
2000
2001
2000
2001
2001
2002
2000
2003
2001
2000
2002
2001
2000
2000
2000
2000
2000
2000
2000
2002
2000
2003
2000
2000
2001
2000
1999
1996
2000
1999
1998
2000
1999
1998
2000
2000
2000
2000
1997
1999
2000
1998
1998
1998
2000
1998
1998
2000
2000
1997
1999
1996
1999
1998
1998
1995
1997
1997
1995
1998
1999
1997
1997
1998
1998
1998
1998
1998
2000
1997
1999
1995
1992
1995
1994
1995
1996
1994
1994
1994
1996
1995
1996
1994
1994
1994
1994
1994
1995
1997
1995
1996
1994
1992
1994
1995
1994
1990
1994
1991
1990
1993
1991
1995
1995
1994
1990
1993
1994
1986
1991
1989
1990
1990
1991
1993
1987
1988
1989
1989
1989
1994
1988
1990
1989
1992
1989
1991
1988
1987
1988
1991
1987
1987
1986
1989
1986
1989
1987
1989
1987
1989
1987
1989
1984
1990
1988
1986
1987
1987
1985
1987
1985
1986
1985
1984
1985
1984
1985
1985
1985
1984
1984
1985
1984
1985
1987
1986
1988
1988
1985
1984
1986
1986
1985
1986
1984
1983
1985
1983
1984
1984
1984
1984
1984
1983
1986
1984
1985
1984
1981
1984
1982
1983
1984
1983
1983
1981
1982
1984
1983
1984
1982
1983
1981
1982
1981
1982
1981
1982
1982
1983
1979
1981
1979
1982
1984
1981
1983
1985
1983
1981
1981
1981
1981
1979
1978
1977
1978
1981
1979
1981
1979
1980
1981
1981
1978
1979
1979
1979
1981
1981
1978
1980
1975
1978
1981
1979
1975
1982
1979
1974
1981
1975
1978
1979
1975
1979
1979
1978
1978
1973
1978
1973
1975
1974
1979
1978
1975
1975
1977
1978
1974
1975
1975
1973
1974
1979
1978
1974
1975
1972
1977
1978
1977
1972
1978
1971
1975
1973
1975
1978
1970
1973
1974
1971
1971
1972
1973
1974
1971
1972
1971
1977
1968
1973
1971
1974
1971
1968
1973
1969
1977
1970
1971
1972
1969
1972
1970
1975
1969
1970
1973
1970
1969
1968
1968
1970
1968
1971
1969
1971
1968
1970
1968
1973
1968
1971
1969
1971
1971
1971
1968
1970
1968
1968
1968
1969
1969
1968
1968
1968
1970
1968
1970
1968
1968
1969
1968
1969
1968
1968
1968
1968
1968
1968
1966
1967
1968
1968
1967
1968
1970
1968
1969
1968
1969
1966
1966
1968
1968
1968
1967
1967
1968
1970
1968
1967
1966
1967
1968
1969
1967
1965
1968
1968
1968
1968
1966
1967
1967
1967
1967
1968
1968
1967
1967
1963
1967
1965
1967
1961
1966
1968
1967
1966
1965
1965
1964
1967
1966
1965
1962
1968
1966
1968
1965
1968
1965
1965
1962
1965
1963
1963
1962
1962
1963
1963
1964
1962
1965
1963
1962
1965
1965
1962
1963
1963
1963
1962
1963
1960
1963
1963
1964
1961
1962
1962
1958
1962
1964
1963
1963
1965
1961
1964
1963
1961
1965
1963
1962
1961
1962
1962
1962
1963
1959
1959
1962
1958
1963
1958
1958
1955
1961
1958
1962
1958
1961
1959
1958
1961
1958
1960
1962
1963
1963
1957
1959
1958
1957
1957
1957
1956
1959
1957
1957
1958
1959
1959
1957
1957
1957
1955
1956
1955
1958
1955
1958
1954
1954
1958
1955
1956
1962
1958
1957
1957
1956
1955
1958
1957
1955
1955
1953
1957
1957
1955
1956
1956
1955
1955
1955
1959
1957
1957
1956
1953
1955
1955
1953
1955
1953
1950
1950
1954
1955
1953
1954
1955
1951
1953
1954
1954
1956
1954
1956
1955
1952
1954
1953
1952
1954
1953
1952
1953
1951
1953
1952
1952
1951
1950
1954
1953
1953
1950
1951
1954
1950
1951
1954
1951
1952
1951
1947
1953
1951
1951
1952
1951
1951
1950
1950
1950
1952
1953
1951
1949
1950
1952
1952
1950
1951
1950
1950
1947
1949
1950
1951
1950
1950
1951
1951
1950
1949
1948
1950
1949
1951
1951
1950
1949
1947
1948
1947
1950
1949
1946
1952
1946
1946
1947
1948
1951
1950
1947
1947
1946
1950
1949
1948
1947
1950
1950
1945
1947
1949
1947
1949
1947
1947
1949
1946
1947
1947
1950
1949
1946
1946
1949
1947
1948
1945
1946
1942
1947
1949
1949
1947
1945
1947
1947
1943
1945
1943
1945
1947
1943
1945
1941
1946
1942
1946
1946
1945
1941
1943
1943
1947
1943
1945
1945
1941
1943
1938
1941
1945
1946
1943
1939
1941
1943
1946
1947
1940
1942
1945
1946
1940
1941
1941
1939
1939
1939
1938
1941
1941
1943
1945
1941
1943
1939
1941
1943
1942
1940
1939
1938
1945
1941
1943
1945
1940
1941
1939
1940
1943
1941
1938
1940
1939
1945
1945
1936
1942
1938
1940
1937
1943
1941
1939
1940
1941
1940
1941
1941
1941
1941
1939
1938
1942
1937
1939
1939
1939
1938
1941
1936
1938
1940
1941
1938
1938
1938
1938
1939
1938
1939
1941
1938
1937
1940
1939
1937
1936
1936
1937
1937
1939
1939
1941
1941
1939
1937
1936
1939
1936
1936
1937
1937
1940
1935
1936
1939
1936
1937
1937
1938
1937
1936
1937
1936
1936
1936
1936
1938
1937
1936
1938
1936
1936
1936
1938
1935
1937
1936
1939
1936
1936
1936
1936
1936
1936
1937
1936
1936
1936
1936
1937
1936
1940
1937
1938
1936
1937
1936
1936
1936
1934
1936
1936
1936
1936
1937
1935
1936
1936
1937
1935
1934
1935
1936
1938
1936
1935
1936
1935
1936
1934
1936
1936
1936
1936
1935
1936
1935
1936
1936
1935
1936
1933
1935
1934
1935
1936
1936
1935
1935
1934
1933
1936
1936
1935
1933
1936
1936
1936
1935
1934
1936
1931
1933
1933
1935
1935
1935
1933
1934
1936
1936
1935
1935
1930
1933
1934
1936
1934
1935
1935
1933
1934
1933
1933
1934
1934
1933
1932
1929
1935
1935
1934
1932
1934
1935
1933
1931
1933
1933
1936
1931
1931
1935
1931
1929
1934
1935
1933
1934
1930
1934
1934
1935
1930
1930
1932
1934
1933
1930
1935
1930
1936
1931
1933
1932
1933
1930
1932
1929
1932
1933
1935
1931
1931
1931
1930
1931
1934
1930
1929
1929
1929
1933
1930
1932
1931
1932
1929
1930
1931
1929
1931
1931
1931
1929
1924
1933
1933
1930
1933
1930
1929
1927
1931
1933
1930
1931
1930
1925
1931
1927
1933
1930
1930
1926
1926
1931
1927
1927
1929
1929
1930
1926
1926
1929
1930
1926
1931
1926
1926
1927
1926
1926
1925
1929
1930
1927
1926
1925
1927
1927
1931
1931
1927
1925
1927
1927
1926
1927
1929
1927
1926
1927
1925
1929
1929
1927
1925
1929
1927
1924
1927
1923
1925
1925
1924
1925
1926
1927
1924
1925
1925
1925
1924
1924
1926
1925
1924
1923
1923
1922
1921
1926
1926
1923
1921
1922
1925
1923
1922
1924
1925
1927
1926
1923
1926
1925
1926
1924
1922
1927
1925
1926
1924
1926
1923
1922
1922
1923
1920
1925
1923
1925
1924
1920
1923
1925
1921
1925
1922
1925
1923
1926
1922
1927
1924
1925
1923
1921
1922
1920
1929
1922
1924
1921
1922
1921
1921
1923
1929
1922
1922
1925
1921
1925
1923
1921
1924
1920
1922
1920
1921
1922
1921
1923
1923
1920
1920
1922
1921
1921
1921
1920
1923
1920
1920
1920
1922
1920
2140
2138
2139
2142
2137
2138
2135
2140
2141
2139
2138
2136
2137
2133
2136
2133
2134
2135
2134
2135
2135
2135
2133
2133
2130
2139
2133
2133
2135
2129
2128
2131
2130
2131
2128
2131
2131
2134
2128
2129
2128
2128
2128
2129
2128
2128
2128
2128
2128
2128
2128
2128
2128
2127
2128
2127
2128
2127
2128
2128
2125
2126
2127
2126
2124
2123
2127
2128
2125
2123
2125
2128
2125
2123
2127
2123
2126
2124
2123
2124
2122
2123
2121
2125
2122
2117
2122
2123
2121
2119
2118
2119
2119
2119
2117
2115
2117
2122
2118
2118
2115
2115
2115
2116
2117
2117
2114
2113
2112
2113
2112
2113
2114
2113
2113
2112
2114
2113
2114
2112
2112
2113
2114
2114
2112
2111
2111
2112
2110
2110
2111
2111
2111
2110
2112
2110
2111
2112
2111
2112
2110
2110
2109
2110
2110
2109
2110
2109
2109
2109
2103
2107
2103
2107
2109
2107
2109
2108
2104
2107
2102
2106
2109
2106
2103
2103
2106
2103
2103
2103
2103
2104
2101
2103
2102
2101
2106
2101
2099
2101
2098
2102
2102
2100
2099
2099
2099
2097
2096
2098
2099
2097
2097
2097
2098
2097
2096
2096
2097
2098
2097
2096
2096
2097
2097
2096
2097
2096
2096
2097
2096
2096
2096
2096
2096
2095
2095
2094
2094
2096
2091
2094
2096
2096
2093
2094
2095
2092
2093
2092
2093
2091
2094
2094
2093
2094
2091
2089
2091
2091
2091
2091
2091
2091
2092
2089
2090
2093
2091
2091
2087
2090
2090
2086
2089
2084
2087
2083
2084
2086
2086
2083
2087
2086
2084
2089
2084
2086
2083
2087
2086
2086
2088
2087
2085
2089
2083
2081
2084
2084
2082
2082
2083
2081
2082
2081
2083
2083
2083
2079
2082
2080
2083
2081
2082
2082
2080
2077
2080
2079
2079
2081
2081
2079
2079
2077
2081
2080
2080
2077
2078
2073
2079
2078
2076
2077
2078
2076
2074
2074
2077
2076
2078
2075
2075
2074
2081
2071
2075
2074
2077
2074
2074
2075
2076
2075
2071
2074
2071
2076
2074
2071
2079
2071
2076
2073
2073
2073
2071
2075
2071
2070
2070
2066
2071
2067
2074
2070
2070
2069
2068
2066
2069
2070
2065
2069
2068
2064
2067
2066
2065
2064
2067
2064
2065
2069
2066
2064
2067
2064
2064
2064
2064
2065
2066
2064
2064
2063
2064
2064
2064
2065
2064
2064
2063
2064
2065
2065
2064
2063
2063
2064
2063
2062
2061
2063
2057
2062
2059
2062
2064
2061
2063
2062
2063
2064
2060
2064
2057
2059
2061
2061
2055
2062
2055
2054
2057
2061
2057
2062
2058
2059
2057
2059
2059
2060
2055
2057
2055
2055
2057
2060
2059
2057
2055
2057
2055
2058
2047
2055
2054
2047
2055
2057
2057
2047
2054
2046
2055
2047
2055
2055
2054
2047
2047
2047
2053
2053
2047
2053
2047
2046
2053
2046
2059
2046
2053
2045
2047
2046
2047
2047
2045
2043
2047
2039
2046
2044
2045
2043
2042
2042
2045
2044
2041
2045
2039
2041
2045
2043
2043
2043
2037
2045
2039
2042
2042
2039
2043
2042
2045
2038
2039
2039
2039
2041
2041
2041
2035
2039
2039
2037
2035
2039
2039
2043
2039
2036
2038
2039
2037
2037
2039
2042
2036
2037
2038
2033
2035
2035
2036
2037
2038
2034
2035
2034
2034
2037
2035
2034
2035
2036
2035
2033
2035
2035
2033
2033
2033
2032
2033
2032
2032
2032
2034
2033
2033
2032
2032
2033
2035
2033
2032
2032
2032
2032
2032
2032
2032
2032
2032
2031
2031
2032
2029
2031
2032
2032
2032
2031
2032
2031
2031
2029
2032
2031
2030
2029
2030
2030
2029
2029
2028
2027
2028
2027
2029
2027
2029
2029
2029
2029
2031
2027
2029
2027
2025
2027
2026
2029
2027
2026
2027
2026
2027
2029
2022
2023
2025
2026
2021
2021
2022
2026
2028
2025
2025
2025
2027
2021
2027
2026
2025
2022
2025
2020
2025
2025
2023
2022
2022
2021
2020
2021
2019
2022
2019
2020
2022
2023
2023
2019
2023
2028
2021
2019
2019
2019
2022
2019
2019
2018
2018
2021
2018
2018
2018
2019
2019
2022
2020
2018
2017
2019
2019
2018
2015
2018
2016
2017
2019
2015
2016
2015
2015
2016
2015
2015
2018
2017
2015
2015
2015
2018
2015
2016
2015
2014
2017
2015
2016
2017
2012
2013
2013
2017
2015
2015
2013
2013
2014
2012
2015
2014
2013
2013
2011
2010
2012
2012
2014
2011
2007
2011
2013
2011
2013
2013
2011
2015
2013
2015
2010
2011
2011
2010
2006
2009
2006
2011
2007
2007
2009
2011
2005
2007
2007
2005
2006
2010
2007
2014
2007
2003
2011
2005
2006
2007
2006
2006
2003
2007
2005
2007
2002
2005
2007
2003
2006
2009
2005
2007
2005
2006
2010
2005
2003
2005
2006
2007
2005
2003
2006
2002
2005
2001
2001
2004
2000
2003
2004
2001
2003
2000
2004
2003
2005
2001
2005
2001
2002
2002
2001
2000
2001
2000
2000
2000
2001
2002
2002
2005
2000
2000
2000
2002
2000
2001
2000
2000
2001
2000
2000
2000
2000
2000
2000
1999
1998
1999
2000
2000
2000
1999
2000
2000
2000
1999
2000
2000
1998
1998
2000
2000
1999
2000
2000
1997
1997
1997
1998
1995
1998
1999
1998
2000
1999
1997
2000
1999
1998
1999
1999
1997
1995
1995
1997
1995
1994
1996
1994
1995
1997
1997
1996
1998
1995
2000
1996
1994
1999
1995
1999
1993
1996
1997
1994
1995
1996
1991
1995
1994
1991
1995
1998
1993
1995
1995
1990
1997
1993
1995
1994
1991
1993
1995
1995
1994
1989
1991
1991
1994
1991
1991
1991
1991
1991
1991
1989
1987
1991
1989
1987
1995
1990
1991
1988
1989
1987
1987
1993
1987
1987
1991
1990
1991
1989
1984
1991
1987
1986
1989
1990
1989
1990
1989
1987
1988
1990
1987
1988
1986
1989
1989
1990
1987
1986
1987
1985
1986
1985
1987
1987
1990
1987
1986
1987
1986
1985
1985
1986
1986
1984
1987
1985
1986
1984
1985
1984
1984
1984
1984
1985
1984
1984
1985
1987
1984
1984
1981
1984
1984
1986
1984
1986
1984
1984
1983
1983
1985
1984
1984
1983
1983
1984
1980
1983
1981
1982
1983
1984
1984
1986
1981
1982
1983
1984
1981
1982
1981
1983
1981
1982
1984
1979
1980
1981
1983
1981
1982
1983
1980
1979
1981
1983
1979
1983
1979
1982
1981
1981
1981
1979
1982
1978
1979
1979
1978
1982
1978
1981
1981
1978
1980
1977
1977
1982
1979
1980
1971
1979
1978
1978
1977
1979
1979
1979
1976
1976
1977
1976
1977
1978
1978
1975
1975
1974
1975
1974
1982
1975
1975
1975
1975
1975
1979
1973
1975
1975
1974
1975
1975
1971
1972
1972
1974
1974
1974
1975
1971
1972
1975
1974
1973
1973
1973
1975
1976
1975
1971
1973
1974
1975
1973
1975
1972
1973
1974
1973
1973
1972
1971
1971
1973
1973
1969
1971
1970
1972
1970
1972
1970
1969
1969
1971
1969
1969
1969
1971
1969
1971
1971
1971
1970
1970
1969
1969
1967
1968
1968
1970
1968
1968
1968
1970
1970
1971
1971
1968
1969
1970
1971
1968
1968
1970
1968
1971
1968
1968
1969
1970
1969
1968
1968
1968
1968
1967
1969
1971
1968
1970
1968
1968
1969
1968
1967
1968
1965
1968
1967
1969
1967
1967
1967
1967
1968
1968
1968
1969
1968
1968
1968
1967
1968
1968
1968
1968
1968
1968
1968
1968
1968
1965
1967
1967
1966
1968
1963
1967
1969
1968
1967
1968
1968
1967
1964
1968
1967
1968
1963
1966
1968
1963
1968
1966
1966
1965
1965
1966
1963
1967
1965
1963
1966
1965
1963
1965
1963
1965
1963
1962
1965
1965
1967
1965
1961
1963
1962
1961
1963
1961
1963
1966
1959
1961
1964
1963
1967
1963
1963
1959
1957
1965
1962
1963
1959
1959
1957
1962
1963
1963
1964
1956
1965
1963
1965
1965
1958
1959
1961
1962
1963
1959
1961
1959
1961
1961
1961
1965
1961
1959
1959
1959
1959
1959
1961
1958
1959
1959
1961
1958
1956
1959
1958
1959
1958
1963
1963
1962
1959
1958
1957
1959
1961
1957
1958
1955
1955
1957
1955
1957
1959
1952
1955
1957
1955
1961
1957
1958
1959
1958
1958
1951
1957
1957
1958
1958
1961
1955
1955
1952
1953
1955
1955
1958
1955
1956
1956
1955
1955
1957
1957
1958
1959
1955
1953
1951
1953
1957
1955
1955
1955
1951
1955
1954
1954
1954
1955
1954
1955
1954
1955
1952
1952
1951
1953
1955
1956
1955
1953
1949
1951
1951
1951
1951
1953
1952
1954
1955
1952
1950
1953
1956
1954
1951
1951
1952
1955
1950
1952
1951
1953
1952
1953
1949
1951
1949
1947
1950
1951
1953
1952
1952
1952
1951
1950
1950
1950
1950
1951
1949
1952
1948
1949
1950
1947
1950
1950
1951
1951
1951
1951
1951
1948
1947
1949
1948
1950
1947
1950
1950
1953
1950
1946
1949
1948
1950
1947
1947
1945
1947
1946
1945
1950
1947
1947
1948
1946
1947
1949
1949
1947
1950
1950
1945
1949
1947
1947
1946
1946
1947
1947
1949
1948
1949
1949
1947
1948
1947
1948
1945
1949
1946
1946
1943
1942
1947
1945
1946
1943
1946
1943
1943
1942
1943
1945
1947
1946
1946
1946
1943
1947
1943
1945
1943
1943
1942
1943
1943
1942
1943
1941
1941
1944
1942
1943
1947
1942
1943
1945
1942
1940
1943
1942
1941
1947
1941
1947
1940
1943
1939
1941
1943
1945
1939
1942
1943
1939
1941
1943
1943
1943
1941
1942
1943
1941
1939
1945
1943
1940
1942
1942
1939
1937
1943
1939
1939
1939
1942
1943
1943
1940
1940
1941
1939
1941
1937
1937
1943
1940
1942
1939
1937
1941
1938
1937
1938
1938
1942
1939
1940
1938
1939
1936
1940
1939
1938
1937
1938
1938
1936
1939
1937
1938
1937
1936
1936
1938
1939
1937
1938
1937
1938
1939
1939
1937
1939
1937
1936
1936
1939
1938
1938
1937
1940
1936
1936
1938
1936
1936
1939
1937
1936
1938
1936
1937
1936
1936
1936
1937
1936
1936
1936
1937
1939
1937
1936
1936
1938
1936
1939
1938
1936
1937
1936
1936
1936
1936
1936
1936
1935
1937
1935
1934
1935
1936
1936
1936
1938
1936
1936
1936
1936
1937
1936
1936
1935
1936
1936
1936
1935
1935
1936
1936
1934
1934
1936
1936
1935
1934
1935
1936
1936
1936
1935
1933
1936
1935
1936
1936
1936
1936
1936
1933
1935
1935
1936
1936
1933
1935
1931
1935
1936
1935
1936
1934
1936
1935
1936
1936
1935
1935
1936
1936
1936
1936
1936
1935
1935
1936
1932
1932
1934
1935
1931
1935
1935
1936
1935
1933
1936
1933
1934
1934
1935
1934
1931
1931
1935
1935
1931
1934
1934
1931
1933
1934
1936
1931
1931
1932
1933
1934
1932
1934
1934
1927
1936
1934
1936
1933
1931
1935
1933
1932
1934
1933
1934
1932
1932
1934
1931
1934
1927
1933
1933
1927
1931
1934
1931
1930
1931
1932
1930
1933
1933
1934
1936
1931
1930
1930
1929
1933
1931
1927
1931
1929
1930
1931
1933
1927
1930
1926
1931
1930
1930
1933
1931
1927
1929
1930
1926
1929
1929
1927
1927
1927
1927
1928
1927
1931
1927
1931
1927
1927
1930
1931
1930
1926
1926
1930
1925
1927
1931
1930
1931
1929
1927
1927
1925
1925
1926
1927
1924
1928
1926
1927
1927
1931
1927
1927
1925
1923
1927
1929
1927
1925
1929
1927
1925
1925
1926
1926
1923
1927
1926
1924
1925
1930
1925
1926
1925
1925
1923
1924
1924
1927
1925
1927
1928
1926
1926
1927
1926
1922
1923
1922
1925
1929
1924
1929
1925
1926
1924
1923
1931
1929
1929
1923
1927
1926
1925
1922
1924
1925
1923
1923
1927
1927
1925
1925
1922
1923
1924
1925
1922
1927
1926
1925
1926
1922
1924
1925
1923
1923
1924
1923
1925
1920
1921
1919
1923
1923
1922
1927
1919
1924
1920
1923
1922
1921
1921
1921
1924
1922
1923
1922
1923
1925
1922
1925
1923
1921
1925
1922
1925
1924
1922
1927
1923
1921
1921
1921
1922
1919
1923
1923
1921
1921
1922
1921
1922
1920
1922
1919
1920
1920
1919
1924
1922
1920
2144
2145
2143
2142
2143
2145
2144
2142
2146
2141
2142
2139
2140
2135
2141
2141
2139
2138
2137
2141
2138
2138
2136
2138
2135
2139
2139
2137
2135
2135
2134
2143
2140
2135
2135
2134
2134
2134
2137
2135
2134
2132
2131
2131
2131
2134
2136
2130
2131
2133
2131
2130
2131
2130
2129
2130
2130
2128
2128
2132
2128
2128
2128
2128
2128
2127
2128
2128
2128
2128
2128
2128
2128
2128
2127
2125
2127
2127
2125
2126
2126
2125
2125
2126
2125
2123
2122
2122
2123
2125
2128
2123
2125
2127
2126
2121
2122
2123
2123
2122
2122
2122
2118
2122
2125
2121
2121
2121
2122
2119
2117
2119
2121
2117
2115
2116
2117
2117
2113
2115
2116
2114
2115
2116
2118
2114
2118
2112
2114
2116
2113
2113
2113
2112
2114
2115
2112
2112
2112
2113
2112
2113
2112
2112
2112
2114
2113
2112
2112
2110
2111
2112
2111
2109
2110
2112
2111
2111
2108
2107
2111
2109
2107
2111
2112
2109
2107
2108
2107
2107
2109
2105
2106
2106
2102
2106
2109
2107
2103
2107
2107
2107
2107
2107
2106
2103
2102
2107
2099
2103
2103
2105
2101
2103
2101
2100
2101
2101
2100
2099
2106
2098
2098
2103
2103
2099
2099
2099
2098
2097
2097
2101
2099
2099
2101
2099
2098
2096
2096
2096
2098
2097
2096
2096
2098
2096
2097
2096
2096
2095
2096
2096
2096
2097
2094
2095
2096
2096
2095
2095
2096
2096
2095
2091
2092
2093
2094
2094
2096
2093
2094
2093
2091
2095
2094
2095
2094
2096
2091
2091
2096
2091
2091
2091
2089
2091
2091
2093
2092
2089
2089
2090
2090
2087
2092
2084
2087
2085
2084
2089
2089
2091
2085
2085
2083
2089
2086
2085
2084
2087
2083
2083
2084
2080
2083
2080
2086
2081
2084
2086
2085
2082
2081
2082
2083
2081
2082
2082
2083
2083
2078
2083
2080
2081
2081
2081
2079
2078
2079
2081
2078
2079
2079
2079
2080
2079
2078
2079
2077
2075
2074
2076
2076
2077
2077
2075
2077
2071
2075
2075
2077
2077
2075
2074
2074
2077
2072
2071
2070
2071
2073
2073
2071
2071
2071
2071
2071
2074
2071
2073
2073
2070
2071
2070
2071
2074
2074
2070
2073
2069
2067
2070
2073
2067
2069
2069
2071
2066
2068
2065
2067
2067
2067
2067
2066
2067
2067
2066
2065
2067
2065
2067
2064
2067
2065
2069
2067
2067
2067
2066
2065
2066
2065
2064
2064
2064
2062
2062
2064
2064
2064
2063
2064
2063
2062
2063
2062
2062
2064
2062
2063
2062
2064
2062
2062
2061
2061
2064
2062
2061
2062
2064
2062
2064
2064
2064
2059
2064
2059
2061
2059
2062
2062
2062
2059
2061
2062
2061
2061
2057
2059
2057
2058
2063
2058
2059
2058
2062
2055
2060
2057
2058
2058
2059
2054
2047
2055
2058
2054
2053
2058
2055
2057
2047
2055
2054
2058
2058
2058
2054
2054
2054
2047
2054
2054
2053
2047
2047
2054
2047
2047
2045
2047
2047
2046
2054
2047
2047
2054
2045
2045
2047
2047
2047
2047
2047
2042
2043
2045
2043
2046
2045
2041
2045
2043
2042
2042
2041
2041
2043
2041
2043
2043
2042
2043
2042
2039
2038
2042
2042
2046
2039
2043
2038
2042
2037
2037
2037
2035
2042
2042
2043
2036
2042
2039
2043
2037
2038
2037
2038
2037
2041
2039
2038
2036
2035
2036
2033
2035
2034
2035
2038
2038
2037
2034
2034
2037
2035
2032
2036
2033
2036
2034
2033
2032
2032
2032
2034
2037
2034
2035
2037
2034
2035
2032
2033
2035
2035
2034
2034
2032
2033
2033
2032
2033
2032
2035
2032
2032
2032
2032
2032
2032
2031
2032
2032
2031
2031
2032
2031
2032
2035
2031
2031
2032
2031
2031
2029
2031
2032
2030
2032
2030
2031
2029
2028
2031
2031
2029
2030
2030
2029
2025
2031
2028
2032
2029
2027
2026
2027
2028
2027
2028
2028
2027
2027
2022
2022
2027
2027
2028
2027
2025
2027
2027
2023
2027
2021
2027
2023
2025
2026
2025
2023
2029
2026
2026
2024
2026
2021
2022
2025
2023
2022
2023
2021
2020
2023
2021
2021
2020
2022
2020
2021
2021
2023
2021
2020
2019
2020
2021
2021
2023
2020
2021
2018
2021
2021
2019
2020
2016
2022
2019
2018
2017
2016
2018
2019
2019
2017
2016
2016
2015
2014
2017
2015
2015
2017
2016
2017
2015
2015
2019
2015
2017
2016
2015
2017
2015
2015
2016
2013
2015
2012
2015
2015
2015
2015
2016
2017
2014
2013
2014
2017
2015
2011
2014
2011
2015
2011
2014
2011
2013
2011
2013
2013
2011
2011
2008
2011
2007
2014
2011
2011
2011
2009
2011
2009
2012
2013
2008
2010
2010
2011
2008
2010
2005
2010
2010
2009
2005
2003
2005
2007
2009
2007
2009
2009
2007
2006
2007
2005
2003
2005
2003
2005
2005
2006
2006
2009
2003
2006
2001
2007
2002
2006
2007
2006
2006
2003
2005
2005
2003
2003
2000
2001
2000
2003
2006
2005
2002
2002
2003
2002
2003
2002
2001
2001
2005
2002
2002
2003
2004
2000
2002
2000
2005
2000
2002
2000
2000
2000
2002
2001
2000
2000
2000
2000
2001
2001
2000
2000
2000
2000
1997
2002
2000
1997
2000
2000
2000
2000
2000
2000
2000
1998
2000
2000
2000
2000
2000
1999
2000
2000
2000
2000
2000
1995
2000
1998
1999
1998
2000
2000
1997
1998
1997
2000
1999
2000
1995
1997
2000
1999
1999
1997
1995
1997
1997
1997
1999
1999
1997
1997
2000
2000
1995
1998
1994
1993
1996
1993
1993
1994
1997
1994
1995
1996
1994
1991
1991
1991
1994
1994
1995
1995
1992
1995
1993
1993
1994
1991
1993
1991
1993
1995
1995
1993
1994
1994
1990
1989
1989
1994
1991
1991
1990
1993
1990
1989
1992
1987
1991
1988
1991
1989
1991
1990
1993
1990
1985
1990
1988
1991
1991
1989
1987
1989
1990
1989
1987
1989
1988
1989
1991
1990
1988
1986
1987
1985
1991
1986
1986
1990
1985
1987
1986
1984
1984
1985
1985
1987
1985
1985
1987
1986
1986
1985
1984
1986
1985
1984
1986
1986
1987
1985
1985
1986
1985
1989
1985
1987
1985
1984
1984
1984
1984
1987
1987
1984
1984
1984
1984
1984
1984
1984
1985
1984
1984
1984
1984
1984
1983
1983
1984
1985
1982
1983
1982
1984
1984
1983
1984
1984
1983
1984
1983
1983
1983
1981
1981
1983
1984
1981
1985
1983
1981
1984
1982
1980
1983
1982
1982
1983
1975
1980
1979
1978
1981
1979
1981
1980
1977
1981
1977
1977
1979
1981
1979
1975
1975
1978
1974
1979
1978
1978
1974
1978
1983
1978
1979
1978
1980
1975
1979
1978
1975
1981
1975
1978
1979
1978
1977
1975
1977
1979
1978
1973
1974
1975
1976
1973
1973
1972
1973
1975
1975
1974
1977
1971
1978
1974
1977
1975
1977
1975
1974
1974
1978
1977
1974
1973
1973
1973
1974
1971
1971
1973
1974
1972
1970
1970
1970
1974
1972
1971
1970
1973
1974
1970
1973
1973
1974
1973
1973
1972
1973
1969
1970
1968
1970
1971
1969
1969
1971
1970
1969
1974
1971
1974
1971
1971
1968
1970
1969
1969
1970
1969
1970
1968
1971
1968
1969
1968
1968
1968
1970
1968
1968
1970
1969
1968
1968
1968
1969
1970
1968
1969
1969
1968
1968
1968
1968
1970
1968
1968
1967
1968
1968
1968
1968
1967
1968
1968
1968
1968
1967
1968
1968
1968
1968
1967
1967
1968
1968
1967
1968
1968
1967
1968
1968
1968
1967
1968
1966
1966
1967
1967
1963
1967
1965
1965
1965
1968
1968
1968
1965
1966
1968
1968
1965
1966
1967
1968
1963
1966
1966
1965
1966
1965
1966
1965
1963
1966
1967
1965
1965
1967
1968
1965
1965
1965
1962
1965
1961
1965
1968
1965
1965
1963
1962
1965
1962
1963
1965
1963
1967
1962
1961
1965
1961
1962
1963
1966
1964
1962
1962
1963
1966
1964
1963
1963
1962
1966
1962
1959
1962
1963
1965
1962
1961
1961
1963
1959
1958
1962
1962
1959
1961
1962
1959
1961
1958
1959
1959
1959
1961
1963
1961
1959
1963
1960
1955
1959
1959
1959
1957
1959
1958
1961
1958
1958
1957
1959
1958
1957
1960
1962
1957
1957
1955
1955
1958
1957
1957
1957
1957
1957
1957
1957
1954
1957
1959
1953
1954
1957
1965
1954
1959
1953
1957
1956
1957
1956
1954
1954
1954
1955
1957
1955
1954
1953
1955
1952
1953
1953
1954
1957
1954
1955
1954
1955
1953
1954
1954
1955
1954
1955
1955
1956
1954
1955
1955
1955
1953
1952
1951
1953
1954
1955
1952
1953
1955
1955
1951
1953
1951
1955
1953
1954
1954
1949
1955
1950
1954
1953
1951
1951
1953
1951
1955
1951
1954
1953
1954
1953
1953
1950
1952
1953
1951
1954
1949
1954
1952
1952
1953
1952
1950
1951
1951
1950
1951
1948
1951
1950
1951
1947
1951
1951
1951
1951
1951
1949
1951
1949
1950
1949
1951
1949
1950
1953
1948
1951
1950
1949
1949
1949
1946
1953
1947
1948
1949
1950
1947
1946
1951
1947
1950
1949
1949
1947
1948
1949
1947
1950
1950
1949
1946
1946
1945
1947
1946
1948
1947
1945
1947
1947
1950
1948
1946
1947
1945
1946
1949
1946
1947
1948
1946
1948
1943
1943
1947
1943
1946
1949
1942
1945
1945
1942
1939
1946
1943
1947
1946
1943
1945
1947
1942
1947
1943
1947
1945
1943
1947
1943
1943
1946
1945
1943
1947
1945
1947
1941
1946
1939
1947
1943
1946
1941
1943
1945
1942
1942
1947
1943
1942
1943
1941
1941
1947
1941
1940
1941
1942
1943
1942
1941
1942
1939
1943
1943
1941
1945
1942
1946
1943
1941
1942
1942
1939
1940
1942
1943
1940
1941
1939
1939
1945
1946
1941
1939
1941
1940
1940
1940
1942
1943
1939
1941
1942
1943
1939
1937
1942
1942
1939
1942
1938
1941
1937
1939
1938
1939
1939
1939
1939
1936
1939
1941
1939
1938
1941
1940
1941
1936
1936
1942
1937
1938
1938
1937
1936
1936
1937
1936
1936
1936
1936
1936
1940
1936
1936
1939
1936
1938
1937
1937
1936
1936
1937
1938
1936
1941
1936
1938
1937
1936
1939
1937
1936
1941
1936
1937
1936
1936
1935
1936
1936
1936
1940
1937
1936
1935
1936
1936
1936
1937
1936
1936
1935
1936
1936
1936
1936
1938
1935
1936
1938
1936
1937
1934
1936
1936
1936
1935
1934
1936
1937
1936
1936
1935
1936
1936
1934
1936
1936
1934
1936
1936
1936
1935
1935
1936
1936
1935
1935
1936
1936
1936
1936
1935
1936
1935
1936
1935
1935
1935
1935
1936
1935
1934
1934
1934
1936
1935
1936
1934
1935
1933
1935
1936
1935
1936
1934
1935
1936
1936
1936
1935
1936
1933
1936
1936
1936
1931
1933
1936
1933
1936
1937
1935
1932
1935
1935
1934
1936
1934
1933
1931
1933
1932
1933
1936
1932
1934
1934
1934
1931
1933
1933
1931
1930
1936
1935
1935
1931
1927
1934
1936
1934
1933
1931
1935
1935
1930
1926
1931
1930
1933
1927
1934
1930
1935
1933
1933
1935
1934
1929
1935
1930
1929
1932
1927
1929
1929
1930
1931
1932
1927
1931
1926
1932
1927
1930
1931
1931
1932
1927
1927
1932
1930
1933
1927
1926
1928
1930
1927
1931
1931
1931
1930
1934
1930
1930
1929
1931
1929
1928
1929
1926
1926
1925
1927
1926
1930
1930
1927
1927
1929
1930
1927
1931
1930
1926
1925
1933
1926
1927
1927
1929
1925
1927
1926
1929
1926
1926
1929
1926
1927
1926
1926
1923
1928
1923
1930
1926
1925
1929
1925
1927
1927
1925
1927
1927
1924
1925
1929
1925
1929
1925
1929
1927
1927
1929
1926
1926
1927
1926
1926
1919
1927
1927
1924
1923
1923
1923
1925
1925
1925
1929
1927
1929
1923
1923
1929
1928
1926
1925
1926
1926
1926
1929
1927
1926
1924
1926
1925
1925
1925
1925
1925
1927
1925
1930
1923
1925
1923
1923
1927
1922
1922
1923
1923
1924
1924
1925
1923
1924
1922
1925
1922
1923
1923
1920
1923
1923
1921
1926
1923
1924
1921
1921
1922
1924
1920
1925
1923
1921
1926
1920
1925
1923
1922
1925
1920
1924
1925
1927
1925
2124
2126
2123
2125
2125
2127
2123
2124
2126
2123
2123
2121
2122
2122
2126
2122
2124
2121
2123
2123
2122
2118
2122
2119
2121
2117
2118
2119
2119
2119
2115
2117
2118
2117
2118
2114
2116
2114
2117
2114
2114
2114
2113
2116
2113
2112
2115
2112
2113
2113
2112
2113
2115
2113
2113
2112
2112
2113
2112
2112
2112
2112
2114
2110
2112
2110
2111
2110
2112
2111
2110
2110
2110
2110
2109
2112
2107
2108
2109
2107
2103
2110
2106
2107
2110
2109
2107
2103
2106
2103
2107
2103
2106
2105
2109
2106
2106
2106
2105
2106
2105
2103
2103
2101
2101
2101
2099
2102
2101
2106
2098
2103
2100
2101
2099
2101
2096
2101
2097
2101
2099
2098
2099
2096
2096
2098
2099
2098
2099
2097
2096
2096
2096
2096
2096
2096
2097
2097
2096
2096
2097
2096
2097
2096
2095
2096
2096
2096
2096
2094
2093
2094
2095
2095
2095
2096
2094
2093
2090
2094
2092
2094
2091
2091
2090
2095
2093
2091
2086
2089
2090
2090
2089
2090
2091
2090
2089
2090
2089
2087
2091
2089
2086
2086
2089
2086
2089
2085
2089
2091
2087
2087
2085
2086
2083
2085
2083
2087
2085
2087
2086
2084
2083
2084
2081
2082
2082
2079
2081
2081
2082
2081
2081
2081
2083
2080
2085
2082
2081
2082
2083
2082
2082
2079
2079
2080
2079
2079
2078
2079
2079
2078
2077
2079
2078
2077
2075
2079
2081
2074
2078
2074
2073
2076
2075
2074
2077
2075
2073
2078
2077
2076
2076
2076
2074
2075
2074
2075
2073
2075
2074
2071
2071
2070
2073
2071
2070
2074
2071
2069
2074
2069
2071
2074
2066
2067
2069
2069
2069
2071
2067
2068
2069
2066
2066
2065
2067
2064
2067
2067
2071
2067
2067
2066
2066
2066
2066
2069
2065
2064
2066
2064
2067
2064
2064
2064
2064
2064
2064
2065
2065
2065
2065
2064
2064
2065
2064
2064
2065
2064
2064
2063
2063
2064
2062
2064
2063
2064
2062
2062
2064
2064
2061
2060
2062
2061
2063
2062
2061
2062
2061
2063
2063
2060
2062
2063
2061
2062
2059
2061
2059
2058
2059
2059
2057
2057
2062
2057
2055
2055
2058
2054
2047
2047
2056
2053
2054
2057
2055
2055
2055
2055
2054
2057
2054
2055
2047
2047
2053
2057
2055
2053
2053
2054
2047
2047
2046
2055
2047
2058
2046
2054
2047
2047
2054
2055
2046
2047
2047
2053
2046
2044
2047
2055
2047
2045
2045
2046
2054
2043
2053
2044
2043
2044
2046
2043
2043
2042
2045
2047
2046
2046
2044
2042
2043
2043
2042
2047
2045
2039
2041
2042
2043
2041
2043
2040
2045
2039
2042
2038
2041
2041
2036
2041
2039
2037
2035
2036
2042
2038
2039
2037
2038
2038
2037
2039
2038
2035
2035
2038
2039
2035
2036
2037
2033
2032
2036
2038
2035
2032
2039
2034
2035
2034
2032
2035
2034
2035
2033
2032
2033
2036
2035
2034
2032
2034
2033
2034
2032
2032
2033
2035
2032
2034
2032
2032
2031
2032
2032
2032
2034
2032
2032
2032
2032
2032
2032
2032
2032
2032
2032
2030
2031
2030
2029
2032
2031
2032
2031
2032
2032
2030
2029
2031
2032
2024
2031
2032
2029
2031
2028
2029
2026
2031
2027
2028
2031
2027
2028
2031
2026
2030
2025
2027
2028
2027
2030
2028
2027
2023
2028
2027
2026
2027
2026
2023
2026
2027
2023
2024
2025
2027
2028
2026
2026
2019
2021
2021
2027
2022
2023
2023
2023
2023
2021
2021
2026
2020
2026
2027
2022
2021
2022
2023
2020
2022
2023
2018
2021
2018
2021
2018
2022
2019
2023
2021
2016
2017
2019
2022
2019
2021
2016
2021
2016
2018
2015
2019
2017
2019
2018
2019
2017
2018
2016
2015
2017
2013
2017
2017
2018
2016
2015
2013
2014
2017
2014
2017
2018
2014
2015
2014
2017
2015
2014
2016
2014
2014
2015
2013
2012
2016
2013
2011
2011
2013
2011
2012
2014
2013
2012
2010
2016
2013
2011
2012
2013
2013
2012
2014
2013
2011
2009
2011
2014
2012
2010
2010
2011
2011
2010
2007
2011
2011
2010
2012
2007
2011
2007
2006
2007
2006
2007
2007
2006
2011
2007
2006
2003
2007
2006
2005
2007
2003
2005
2006
2007
2005
2010
2006
2005
2007
2003
2005
2003
2003
2003
2001
2003
2009
2003
2003
2004
2003
2003
2003
2003
2004
2004
2002
2004
2001
2004
2002
2006
2000
2003
2000
2000
2002
2003
2004
2002
2002
2003
2002
2001
2000
2005
2001
2000
2000
1999
2001
2000
2000
2002
2000
2000
2000
1999
2000
1998
2000
2000
1997
2000
2000
2000
1999
2000
2000
2000
2000
2001
1998
2000
2000
1999
1999
1999
1999
1999
1998
1998
1999
1998
2000
1998
1999
1999
1999
1999
2000
1997
1995
1999
1999
1999
1998
1997
1997
2000
1996
1997
1994
1997
1995
1995
1995
1998
1997
1994
1994
1995
1997
1995
1998
1998
1996
1994
1995
1995
1995
1997
1995
1996
1995
1991
1991
1994
1991
1996
1996
1997
1991
1993
1995
1995
1993
1997
1991
1990
1990
1990
1990
1994
1990
1991
1994
1994
1986
1989
1995
1991
1991
1991
1991
1996
1995
1989
1990
1991
1991
1995
1986
1994
1989
1990
1990
1988
1991
1994
1991
1989
1989
1989
1989
1991
1987
1987
1985
1990
1987
1985
1990
1989
1985
1987
1986
1988
1989
1985
1989
1985
1985
1984
1984
1986
1985
1985
1985
1985
1985
1984
1986
1985
1987
1983
1984
1984
1986
1986
1983
1984
1984
1984
1985
1987
1983
1984
1983
1984
1983
1983
1983
1980
1985
1983
1983
1985
1984
1984
1984
1984
1984
1984
1986
1983
1987
1983
1984
1983
1982
1985
1981
1981
1982
1982
1983
1983
1984
1979
1983
1979
1982
1983
1981
1983
1983
1981
1981
1982
1981
1981
1983
1981
1983
1981
1981
1982
1975
1979
1982
1983
1979
1977
1979
1981
1981
1981
1979
1978
1979
1981
1981
1979
1982
1981
1983
1978
1977
1978
1979
1979
1978
1979
1977
1978
1979
1979
1975
1977
1979
1978
1977
1977
1977
1977
1974
1977
1975
1973
1975
1979
1977
1974
1977
1975
1980
1975
1970
1975
1975
1974
1979
1977
1977
1972
1975
1978
1968
1974
1973
1973
1974
1973
1974
1973
1975
1969
1970
1975
1973
1973
1975
1972
1977
1973
1971
1973
1973
1971
1971
1975
1971
1971
1973
1969
1972
1972
1971
1973
1970
1971
1973
1973
1969
1971
1969
1971
1970
1974
1972
1973
1968
1974
1968
1972
1971
1969
1968
1971
1971
1970
1969
1969
1968
1969
1969
1969
1968
1968
1968
1970
1968
1968
1968
1971
1969
1968
1968
1969
1970
1967
1968
1968
1968
1968
1968
1968
1971
1969
1968
1968
1969
1970
1968
1968
1968
1968
1969
1968
1969
1966
1968
1968
1968
1968
1965
1968
1968
1966
1968
1968
1968
1968
1968
1968
1968
1967
1966
1966
1963
1965
1967
1965
1968
1967
1969
1965
1964
1966
1967
1967
1965
1965
1965
1965
1967
1966
1963
1967
1968
1963
1967
1966
1967
1963
1963
1965
1968
1967
1967
1965
1964
1959
1965
1965
1967
1962
1965
1962
1967
1965
1959
1963
1967
1965
1963
1965
1963
1963
1962
1966
1966
1964
1965
1965
1961
1965
1962
1963
1959
1961
1963
1959
1960
1963
1963
1961
1963
1966
1962
1961
1959
1961
1959
1961
1957
1962
1959
1961
1959
1959
1959
1962
1961
1962
1961
1959
1961
1959
1959
1959
1957
1959
1959
1959
1959
1957
1955
1957
1957
1959
1957
1958
1957
1956
1957
1957
1959
1959
1958
1957
1958
1954
1958
1954
1959
1954
1954
1953
1954
1958
1959
1954
1958
1954
1955
1959
1956
1959
1958
1957
1953
1959
1957
1956
1959
1957
1950
1954
1957
1956
1953
1956
1958
1953
1954
1957
1954
1953
1956
1953
1953
1955
1952
1955
1953
1959
1954
1955
1955
1953
1953
1953
1954
1954
1954
1953
1953
1953
1955
1951
1954
1955
1952
1955
1954
1951
1950
1953
1953
1953
1951
1951
1953
1954
1948
1952
1951
1955
1948
1952
1949
1951
1951
1951
1953
1951
1952
1952
1952
1953
1949
1951
1953
1951
1951
1949
1950
1949
1952
1952
1950
1949
1953
1953
1951
1951
1949
1946
1950
1952
1950
1951
1951
1950
1952
1951
1949
1947
1950
1949
1949
1951
1949
1950
1949
1950
1944
1945
1950
1948
1946
1953
1946
1943
1950
1949
1947
1947
1946
1947
1947
1949
1947
1947
1949
1949
1948
1946
1948
1946
1947
1947
1948
1947
1948
1943
1949
1945
1949
1943
# end
