# waiting 600 s for thermal settle - press any key to skip
# warm 0 s
# ----------------------------------------------------------
# label,C1_sweep_16step_run3
# mode,sweep_single
# n,32768
# fs_hz,1999.9388
# span_s,16.384001
# mean_code,1895.8232
# sd_code,351.4764
# min_code,0
# max_code,2158
# NOTE sd_code above is the WHOLE-RECORD spread and is
#      dominated by the staircase, not by noise. The
#      measurement is the spread WITHIN each step, which
#      analyse_sweep.py computes.
# adc,12bit_default_11dB_attenuation
# conv,linear_3.3_over_4095
# ----------------------------------------------------------
2011
2005
2009
2007
2005
2006
2007
2011
2009
2007
2004
2010
2006
2005
2010
2007
2005
2006
2007
2007
2005
2006
2004
2007
2007
2004
2005
2003
2005
2006
2005
2005
2007
2005
2008
2006
2003
2003
2002
2002
2005
2006
2006
2003
2001
2005
2004
2001
2003
2002
2007
2000
2003
2002
2001
2002
2000
2001
2001
2000
2001
2000
1999
2000
2000
2001
2001
2003
2002
2000
2000
2002
2001
2001
2000
2000
2000
1999
2001
2000
1999
2000
2000
2000
2001
1999
2000
1998
2000
2000
2000
2000
2000
2000
2000
1998
1999
1999
1997
2000
2000
1999
2000
1999
2000
1999
1998
1999
2000
1997
1999
1999
1999
2000
2000
1997
1998
1997
1995
1997
1995
1995
1997
1995
1995
1993
1998
1991
1999
1998
1996
1996
1995
1994
1991
1990
1997
1995
1998
1997
1994
1998
1995
1994
1994
1995
1993
1996
1997
1994
1995
1991
1995
1991
1997
1993
1991
1990
1990
1994
1991
1994
1988
1994
1993
1994
1997
1995
1995
1993
1991
1991
1994
1989
1991
1991
1993
1989
1990
1991
1991
1991
1987
1994
1986
1988
1990
1994
1987
1988
1989
1987
1989
1986
1988
1986
1989
1987
1987
1988
1985
1985
1987
1989
1985
1990
1987
1985
1984
1987
1983
1987
1983
1985
1987
1987
1988
1987
1988
1985
1985
1987
1989
1985
1984
1985
1985
1984
1984
1984
1985
1984
1986
1985
1983
1984
1984
1984
1984
1985
1983
1984
1983
1983
1984
1985
1984
1984
1984
1985
1984
1983
1985
1984
1986
1982
1984
1984
1983
1982
1984
1984
1983
1980
1983
1983
1981
1983
1982
1979
1983
1984
1984
1983
1984
1979
1982
1977
1977
1983
1982
1982
1981
1983
1983
1979
1984
1981
1976
1981
1984
1982
1981
1978
1978
1983
1983
1978
1978
1978
1980
1984
1982
1982
1975
1978
1980
1981
1981
1980
1980
1979
1973
1980
1973
1981
1978
1977
1975
1979
1978
1975
1979
1975
1977
1979
1977
1975
1977
1978
1973
1973
1978
1975
1973
1974
1975
1978
1975
1975
1975
1977
1974
1974
1973
1974
1973
1974
1973
1973
1974
1974
1977
1971
1972
1972
1971
1973
1969
1971
1975
1975
1971
1974
1975
1974
1971
1970
1974
1972
1972
1969
1972
1971
1973
1969
1969
1974
1970
1973
1970
1971
1973
1971
1970
1969
1969
1969
1971
1973
1969
1971
1973
1970
1970
1968
1970
1968
1973
1970
1969
1969
1969
1970
1968
1968
1968
1971
1970
1969
1968
1971
1967
1968
1968
1968
1968
1968
1970
1968
1968
1968
1969
1968
1969
1968
1968
1968
1966
1968
1968
1968
1966
1968
1966
1965
1968
1968
1968
1968
1968
1966
1968
1968
1968
1969
1968
1968
1968
1967
1968
1968
1968
1965
1967
1968
1966
1968
1967
1966
1966
1966
1967
1968
1965
1967
1967
1965
1967
1964
1965
1965
1967
1968
1966
1965
1965
1965
1965
1964
1965
1963
1965
1966
1967
1966
1965
1967
1963
1968
1965
1963
1963
1962
1963
1963
1965
1962
1967
1966
1961
1967
1966
1965
1962
1961
1963
1965
1965
1965
1963
1966
1966
1958
1963
1963
1962
1966
1963
1965
1961
1959
1959
1963
1965
1964
1964
1963
1959
1963
1963
1962
1959
1959
1963
1961
1962
1961
1961
1961
1958
1959
1961
1958
1959
1959
1955
1958
1958
1962
1959
1963
1958
1957
1959
1957
1963
1957
1959
1959
1961
1957
1959
1959
1958
1957
1959
1959
1958
1963
1958
1959
1962
1955
1957
1955
1957
1962
1954
1958
1961
1959
1955
1957
1954
1955
1957
1955
1959
1955
1957
1958
1956
1952
1957
1954
1954
1955
1954
1954
1956
1953
1953
1954
1957
1953
1953
1955
1954
1958
1953
1956
1957
1955
1954
1954
1955
1953
1955
1955
1951
1954
1956
1955
1955
1952
1954
1952
1954
1955
1954
1957
1953
1955
1953
1955
1953
1951
1951
1952
1950
1952
1955
1951
1953
1951
1950
1951
1954
1953
1957
1952
1951
1953
1951
1951
1951
1949
1953
1953
1953
1951
1947
1954
1953
1957
1951
1954
1954
1953
1951
1950
1953
1949
1951
1952
1947
1949
1951
1951
1951
1951
1951
1950
1951
1951
1951
1948
1950
1954
1950
1953
1951
1950
1950
1950
1952
1951
1952
1951
1947
1949
1950
1949
1951
1949
1946
1947
1950
1950
1949
1945
1948
1945
1950
1943
1942
1946
1946
1951
1947
1945
1950
1947
1949
1943
1949
1950
1947
1946
1947
1946
1947
1946
1947
1947
1947
1948
1946
1942
1946
1947
1946
1943
1943
1946
1950
1947
1946
1945
1947
1945
1945
1945
1946
1945
1943
1947
1949
1949
1945
1946
1945
1947
1942
1943
1945
1945
1946
1945
1946
1944
1942
1941
1942
1941
1947
1943
1946
1945
1941
1941
1945
1940
1943
1946
1939
1941
1943
1942
1943
1940
1943
1941
1942
1943
1939
1939
1946
1936
1939
1937
1939
1943
1941
1943
1941
1943
1939
1941
1942
1942
1942
1939
1941
1941
1941
1939
1942
1937
1943
1942
1940
1942
1942
1939
1941
1940
1939
1939
1938
1940
1941
1939
1936
1936
1941
1941
1938
1937
1941
1937
1940
1938
1939
1941
1939
1939
1939
1938
1939
1939
1943
1940
1939
1939
1938
1936
1939
1939
1939
1937
1939
1938
1937
1938
1939
1939
1938
1936
1939
1937
1937
1937
1937
1936
1936
1938
1937
1936
1936
1937
1938
1937
1938
1939
1936
1937
1937
1936
1938
1937
1936
1936
1936
1939
1935
1936
1936
1937
1936
1936
1937
1936
1937
1936
1937
1936
1936
1936
1936
1937
1937
1936
1936
1936
1936
1936
1936
1934
1936
1936
1936
1936
1935
1936
1936
1936
1936
1936
1936
1936
1936
1936
1936
1936
1936
1936
1934
1936
1934
1936
1936
1936
1936
1936
1936
1936
1935
1935
1936
1936
1935
1934
1936
1934
1933
1936
1936
1934
1933
1936
1933
1936
1936
1936
1936
1936
1935
1935
1936
1933
1933
1936
1933
1936
1933
1936
1935
1934
1933
1931
1933
1935
1935
1932
1932
1936
1933
1934
1932
1934
1933
1934
1934
1934
1933
1934
1933
1932
1931
1934
1933
1933
1934
1932
1932
1933
1934
1935
1931
1934
1933
1931
1931
1934
1934
1934
1935
1934
1933
1931
1934
1930
1933
1932
1931
1929
1936
1931
1934
1933
1930
1930
1929
1931
1929
1931
1933
1927
1933
1931
1934
1934
1931
1932
1927
1927
1932
1932
1931
1927
1927
1930
1930
1925
1931
1933
1928
1930
1930
1927
1931
1926
1931
1929
1931
1931
1927
1927
1931
1927
1930
1927
1930
1929
1926
1926
1931
1929
1929
1926
1926
1925
1925
1926
1925
1927
1926
1927
1929
1930
1929
1925
1926
1930
1927
1930
1930
1930
1930
1926
1924
1925
1927
1926
1927
1930
1925
1931
1930
1926
1927
1927
1927
1930
1927
1930
1930
1927
1926
1925
1925
1929
1927
1926
1926
1925
1927
1929
1925
1927
1925
1923
1925
1925
1927
1924
1927
1923
1927
1924
1927
1925
1925
1927
1925
1926
1922
1929
1923
1925
1925
1926
1927
1926
1920
1925
1922
1924
1926
1925
1924
1926
1924
1924
1923
1925
1923
1925
1923
1925
1926
1925
1925
1927
1924
1923
1921
1926
1923
1926
1925
1923
1925
1924
1926
1923
1925
1921
1925
1921
1923
1921
1923
1922
1923
1922
1923
1925
1921
1925
1923
1923
1921
1923
1923
1923
1923
1922
1922
1924
1921
1925
1920
1923
1922
1921
1925
1921
1921
1921
1923
1921
1923
1926
1921
1922
1921
1922
1921
1919
1922
1921
1920
1923
1924
1923
1925
1921
1919
1921
1922
1920
1920
1920
1921
1919
1918
1921
1921
1919
1920
1920
1919
1921
1920
1922
2139
2139
2141
2137
2140
2137
2135
2135
2137
2135
2135
2132
2135
2131
2135
2134
2134
2132
2133
2131
2131
2130
2132
2132
2133
2131
2131
2129
2131
2129
2130
2131
2131
2130
2128
2129
2128
2131
2131
2130
2130
2128
2128
2128
2128
2128
2130
2128
2129
2128
2128
2128
2128
2128
2128
2127
2128
2126
2126
2126
2126
2125
2125
2126
2128
2123
2126
2124
2123
2127
2124
2127
2123
2121
2123
2122
2124
2122
2123
2122
2121
2118
2124
2121
2119
2121
2118
2117
2119
2114
2117
2118
2119
2119
2118
2119
2119
2113
2118
2118
2115
2117
2115
2114
2117
2119
2118
2114
2112
2115
2114
2113
2114
2113
2113
2112
2111
2112
2114
2112
2113
2112
2112
2112
2109
2112
2112
2112
2111
2110
2111
2112
2109
2109
2113
2112
2112
2110
2108
2109
2103
2109
2110
2107
2107
2109
2106
2107
2111
2107
2105
2108
2103
2106
2107
2106
2109
2105
2106
2103
2107
2107
2101
2102
2103
2102
2102
2102
2102
2103
2103
2103
2102
2099
2101
2103
2101
2099
2099
2099
2099
2097
2097
2097
2098
2097
2098
2097
2097
2096
2096
2097
2096
2097
2096
2099
2096
2096
2096
2098
2096
2097
2096
2096
2096
2096
2096
2095
2097
2095
2096
2095
2096
2096
2094
2096
2095
2095
2095
2093
2093
2091
2096
2092
2095
2090
2090
2094
2094
2093
2093
2093
2089
2089
2089
2087
2087
2086
2091
2090
2091
2092
2087
2090
2090
2091
2090
2091
2091
2086
2087
2087
2084
2086
2090
2087
2087
2087
2087
2086
2081
2086
2082
2089
2082
2082
2081
2085
2083
2081
2085
2082
2083
2086
2086
2083
2083
2085
2083
2083
2081
2080
2082
2081
2081
2083
2081
2080
2080
2080
2079
2081
2080
2082
2082
2082
2080
2079
2081
2078
2077
2075
2076
2078
2076
2077
2076
2077
2077
2075
2077
2077
2078
2075
2076
2076
2071
2075
2073
2075
2075
2073
2073
2073
2073
2075
2073
2070
2075
2073
2071
2071
2067
2075
2071
2071
2073
2074
2070
2075
2070
2071
2069
2071
2071
2069
2071
2073
2071
2071
2073
2071
2067
2070
2071
2067
2068
2067
2066
2067
2064
2065
2067
2068
2064
2066
2065
2067
2065
2067
2069
2065
2067
2067
2067
2064
2064
2065
2064
2064
2063
2065
2063
2065
2064
2064
2064
2064
2064
2064
2064
2063
2064
2064
2064
2062
2064
2064
2064
2063
2064
2062
2065
2064
2064
2061
2062
2064
2062
2062
2059
2063
2058
2060
2060
2060
2058
2064
2061
2060
2059
2060
2058
2057
2063
2058
2062
2057
2059
2060
2058
2055
2054
2057
2055
2055
2058
2057
2057
2059
2061
2053
2058
2059
2058
2055
2047
2058
2047
2056
2054
2059
2047
2055
2046
2047
2053
2047
2055
2054
2047
2047
2047
2045
2046
2047
2054
2053
2047
2047
2047
2045
2045
2045
2047
2046
2045
2044
2042
2046
2042
2047
2045
2045
2046
2045
2047
2043
2046
2045
2045
2042
2046
2039
2041
2041
2043
2039
2042
2039
2042
2044
2045
2039
2042
2038
2041
2042
2038
2038
2038
2042
2041
2039
2039
2037
2035
2043
2041
2036
2039
2035
2038
2035
2039
2037
2039
2038
2034
2036
2038
2035
2036
2038
2037
2034
2035
2038
2034
2039
2035
2037
2037
2033
2033
2035
2036
2036
2033
2033
2034
2033
2032
2032
2034
2033
2032
2032
2033
2033
2031
2032
2035
2032
2032
2032
2031
2032
2035
2032
2032
2032
2032
2031
2034
2032
2030
2032
2032
2034
2032
2032
2031
2030
2032
2032
2030
2027
2029
2027
2027
2029
2032
2031
2030
2032
2032
2030
2029
2030
2032
2031
2029
2028
2029
2030
2027
2029
2026
2029
2030
2028
2027
2026
2026
2029
2030
2028
2026
2027
2025
2029
2027
2031
2023
2026
2026
2025
2025
2027
2023
2027
2023
2023
2023
2023
2025
2025
2026
2023
2023
2026
2023
2022
2026
2023
2021
2022
2021
2019
2019
2021
2021
2018
2021
2020
2021
2021
2021
2019
2017
2019
2020
2019
2018
2018
2018
2015
2018
2022
2017
2019
2019
2019
2019
2015
2017
2019
2019
2020
2018
2016
2018
2021
2017
2021
2018
2018
2017
2015
2019
2017
2013
2013
2017
2016
2014
2015
2017
2014
2016
2013
2014
2017
2017
2015
2014
2016
2014
2015
2016
2010
2011
2014
2014
2014
2015
2013
2011
2013
2011
2012
2011
2011
2013
2013
2010
2010
2015
2009
2014
2016
2010
2012
2010
2014
2013
2014
2013
2011
2015
2011
2009
2009
2011
2013
2007
2012
2006
2009
2011
2009
2011
2006
2007
2009
2011
2007
2007
2007
2003
2007
2005
2006
2009
2007
2006
2003
2002
2004
2007
2006
2005
2003
2003
2002
2004
2005
2007
2003
2003
2003
2001
2005
2003
2005
2006
2004
2003
2006
2002
2004
2000
2005
2000
2006
2006
2003
2003
2000
2005
2001
2003
2003
2000
2003
2000
2002
2001
2000
2000
2001
2000
2001
2000
2001
2000
2000
2000
2000
2002
2000
2000
2000
2000
2001
2000
2001
2000
2000
2001
2000
2000
2002
2000
2001
1999
2000
2000
2000
2000
2000
2001
1999
2000
2000
1999
1999
2000
2000
2000
1998
2000
1997
1996
1998
1999
1998
1999
1999
1998
1996
2000
2000
1999
1999
1997
1999
2000
1998
1995
2000
1999
1995
1993
1996
1995
1995
1995
1998
1997
1995
1997
1994
1995
1995
1998
1995
1993
1999
1999
1991
1994
1995
1995
1995
1994
1995
1993
1993
1993
1995
1997
1995
1990
1994
1994
1994
1991
1996
1993
1995
1989
1993
1995
1991
1993
1989
1990
1995
1995
1991
1997
1993
1994
1991
1989
1993
1994
1991
1989
1989
1991
1990
1991
1990
1987
1989
1990
1990
1990
1986
1990
1991
1989
1988
1988
1990
1989
1993
1987
1989
1989
1986
1989
1986
1985
1989
1985
1986
1986
1985
1986
1985
1983
1986
1987
1987
1983
1987
1985
1984
1985
1984
1988
1989
1986
1987
1986
1989
1985
1984
1985
1985
1986
1987
1985
1984
1984
1986
1985
1987
1983
1984
1983
1985
1984
1986
1984
1984
1984
1985
1982
1984
1987
1982
1986
1984
1982
1983
1983
1983
1980
1981
1984
1984
1983
1983
1984
1982
1985
1983
1980
1983
1984
1979
1983
1985
1985
1983
1983
1984
1983
1983
1982
1984
1983
1980
1983
1982
1981
1983
1984
1982
1983
1983
1979
1979
1975
1979
1979
1975
1978
1979
1979
1981
1980
1979
1980
1979
1975
1983
1977
1981
1979
1978
1979
1981
1979
1981
1974
1978
1975
1982
1979
1977
1979
1978
1975
1979
1975
1978
1978
1977
1979
1977
1978
1977
1974
1978
1974
1974
1977
1977
1973
1978
1972
1975
1975
1981
1974
1975
1977
1973
1977
1975
1971
1975
1973
1974
1974
1971
1970
1973
1975
1970
1971
1970
1971
1974
1973
1970
1970
1970
1970
1969
1973
1974
1973
1972
1969
1971
1973
1969
1971
1971
1974
1971
1973
1973
1969
1972
1968
1970
1971
1971
1971
1969
1969
1970
1971
1970
1969
1968
1968
1970
1971
1968
1969
1968
1972
1970
1971
1970
1970
1969
1968
1968
1969
1970
1968
1968
1968
1968
1970
1968
1969
1968
1968
1969
1968
1968
1970
1968
1967
1969
1968
1968
1967
1968
1968
1969
1969
1968
1967
1967
1968
1968
1968
1968
1968
1968
1968
1968
1968
1968
1968
1969
1967
1968
1968
1968
1963
1967
1968
1968
1967
1967
1964
1967
1963
1965
1967
1966
1964
1966
1967
1968
1968
1967
1968
1967
1968
1967
1966
1965
1968
1966
1966
1967
1966
1965
1967
1965
1965
1965
1964
1963
1962
1964
1965
1965
1965
1965
1965
1964
1964
1964
1963
1967
1962
1962
1965
1963
1964
1959
1964
1964
1962
1963
1959
1959
1959
1962
1963
1965
1963
1966
1964
1959
1958
1963
1963
1965
1962
1963
1965
1962
1963
1959
1957
1963
1963
1963
1962
1959
1959
1962
1958
1964
1958
1961
1965
1958
1959
1962
1961
1959
1962
1959
1959
1963
1957
1959
1958
1957
1957
1958
1959
1958
1959
1959
1961
1958
1959
1957
1959
1955
1957
1959
1958
1958
1959
1962
1957
1953
1955
1957
1957
1955
1955
1955
1956
1957
1955
1957
1956
1957
1958
1957
1956
1955
1955
1957
1957
1957
1955
1955
1957
1953
1954
1954
1957
1957
1954
1954
1954
1952
1951
1954
1955
1957
1953
1955
1953
1955
1954
1955
1954
1953
1951
1955
1955
1953
1954
1954
1957
1953
1952
1953
1954
1955
1952
1956
1954
1953
1953
1953
1952
1951
1952
1952
1952
1952
1955
1954
1954
1954
1952
1951
1954
1950
1952
1950
1952
1948
1949
1951
1954
1950
1951
1953
1950
1953
1952
1953
1949
1951
1953
1952
1951
1951
1951
1951
1951
1949
1949
1949
1949
1949
1951
1952
1947
1952
1951
1950
1952
1952
1947
1949
1951
1949
1951
1951
1950
1950
1950
1950
1951
1950
1952
1949
1948
1946
1947
1947
1949
1949
1946
1951
1949
1949
1947
1949
1949
1945
1947
1945
1946
1947
1950
1947
1947
1946
1943
1947
1950
1949
1946
1950
1945
1949
1947
1948
1946
1949
1946
1947
1945
1947
1954
1943
1945
1947
1945
1946
1947
1946
1950
1947
1947
1948
1945
1942
1946
1945
1946
1946
1945
1943
1946
1945
1947
1943
1945
1947
1946
1948
1945
1947
1947
1942
1942
1945
1943
1941
1941
1943
1945
1943
1942
1943
1940
1938
1944
1942
1942
1942
1943
1945
1943
1944
1942
1942
1941
1943
1941
1943
1945
1942
1947
1943
1945
1941
1943
1941
1943
1939
1942
1939
1939
1941
1941
1943
1943
1941
1941
1938
1940
1943
1938
1941
1941
1941
1939
1941
1941
1938
1941
1941
1939
1940
1937
1939
1942
1940
1937
1942
1939
1942
1937
1937
1939
1941
1941
1936
1936
1939
1939
1941
1938
1938
1940
1939
1941
1939
1939
1937
1938
1939
1939
1940
1938
1938
1940
1938
1941
1943
1942
1942
1938
1939
1938
1936
1939
1938
1939
1936
1936
1938
1936
1936
1938
1939
1936
1938
1936
1937
1939
1939
1936
1936
1936
1939
1936
1937
1936
1939
1939
1936
1937
1937
1937
1936
1936
1937
1936
1936
1936
1936
1938
1936
1936
1936
1936
1937
1936
1936
1937
1936
1936
1936
1936
1936
1936
1936
1936
1936
1936
1936
1937
1936
1936
1937
1936
1936
1936
1936
1936
1936
1938
1936
1936
1936
1936
1936
1936
1936
1936
1935
1936
1936
1936
1934
1936
1935
1935
1936
1936
1936
1936
1935
1936
1934
1935
1934
1935
1936
1934
1936
1935
1934
1935
1935
1936
1936
1936
1935
1934
1935
1935
1934
1936
1934
1935
1934
1936
1935
1935
1935
1935
1936
1935
1933
1933
1933
1931
1936
1936
1935
1935
1936
1933
1931
1935
1934
1935
1934
1936
1934
1933
1932
1931
1933
1936
1936
1932
1932
1931
1931
1931
1933
1933
1935
1933
1933
1935
1933
1933
1932
1936
1931
1927
1932
1934
1935
1936
1934
1933
1931
1933
1931
1933
1931
1930
1935
1932
1930
1934
1931
1934
1933
1934
1931
1927
1931
1932
1930
1932
1930
1930
1931
1927
1931
1928
1930
1933
1932
1927
1929
1929
1931
1929
1930
1931
1931
1932
1930
1927
1927
1927
1930
1930
1927
1929
1926
1927
1930
1933
1927
1925
1927
1931
1929
1929
1928
1930
1927
1929
1930
1927
1929
1930
1927
1931
1931
1926
1926
1927
1930
1929
1930
1930
1927
1926
1923
1927
1930
1930
1927
1923
1927
1927
1929
1930
1930
1929
1926
1931
1925
1933
1927
1930
1930
1930
1929
1925
1927
1925
1929
1927
1925
1928
1925
1926
1929
1926
1926
1928
1925
1923
1922
1927
1927
1927
1927
1925
1927
1925
1927
1926
1927
1924
1923
1923
1925
1927
1927
1927
1927
1926
1927
1927
1923
1926
1921
1926
1921
1923
1924
1926
1925
1923
1922
1926
1923
1925
1927
1925
1923
1924
1926
1922
1927
1927
1926
1926
1922
1925
1923
1921
1923
1922
1922
1923
1920
1921
1921
1922
1923
1923
1924
1923
1921
1922
1921
1922
1922
1926
1922
1923
1922
1921
1921
1925
1923
1925
1923
1923
1922
1920
1923
1923
1922
1922
1921
1922
1926
1920
1924
2147
2144
2147
2145
2141
2142
2145
2144
2143
2144
2139
2144
2143
2142
2139
2142
2143
2141
2137
2142
2137
2138
2141
2139
2139
2138
2139
2138
2137
2137
2135
2139
2139
2138
2140
2139
2134
2138
2138
2133
2135
2135
2133
2134
2132
2137
2137
2131
2131
2134
2137
2133
2130
2133
2130
2129
2129
2130
2129
2128
2127
2129
2128
2128
2128
2130
2128
2128
2128
2128
2128
2128
2128
2128
2129
2128
2128
2128
2127
2128
2128
2128
2125
2128
2128
2126
2127
2126
2126
2126
2122
2125
2125
2123
2125
2123
2123
2122
2123
2122
2124
2123
2122
2119
2119
2119
2121
2119
2124
2121
2125
2120
2123
2119
2122
2122
2117
2118
2117
2119
2118
2122
2119
2117
2114
2115
2115
2115
2117
2117
2115
2118
2115
2118
2119
2117
2117
2112
2115
2116
2112
2113
2113
2114
2112
2111
2113
2112
2113
2112
2110
2113
2110
2112
2109
2111
2116
2109
2109
2107
2110
2109
2111
2112
2111
2107
2108
2108
2107
2109
2110
2110
2111
2110
2111
2111
2105
2108
2110
2108
2106
2106
2106
2103
2107
2106
2103
2099
2111
2106
2103
2105
2102
2108
2105
2106
2103
2103
2101
2103
2103
2101
2102
2102
2101
2099
2097
2099
2101
2098
2100
2100
2101
2099
2099
2098
2099
2099
2096
2097
2100
2097
2098
2099
2096
2096
2096
2097
2096
2096
2096
2096
2097
2096
2094
2095
2096
2096
2094
2096
2096
2096
2096
2096
2095
2096
2098
2094
2096
2096
2094
2096
2096
2096
2095
2093
2093
2096
2093
2093
2094
2094
2093
2093
2091
2093
2095
2092
2094
2090
2091
2091
2086
2089
2090
2093
2090
2091
2090
2089
2090
2087
2083
2086
2089
2085
2087
2085
2087
2089
2087
2085
2086
2085
2089
2086
2085
2083
2085
2086
2084
2084
2083
2084
2086
2081
2086
2081
2080
2082
2083
2081
2083
2081
2082
2082
2083
2077
2081
2085
2083
2079
2080
2077
2079
2078
2081
2079
2083
2081
2081
2079
2080
2078
2078
2079
2077
2076
2075
2075
2078
2080
2077
2075
2077
2075
2075
2075
2076
2077
2075
2073
2075
2071
2077
2078
2079
2075
2075
2074
2074
2075
2071
2075
2073
2075
2075
2070
2071
2074
2075
2071
2067
2072
2069
2067
2070
2070
2072
2069
2070
2069
2071
2066
2070
2065
2066
2066
2070
2065
2066
2067
2069
2068
2067
2068
2067
2065
2065
2065
2065
2066
2065
2066
2066
2064
2064
2064
2064
2064
2063
2065
2064
2065
2064
2064
2064
2066
2064
2064
2064
2064
2064
2064
2063
2064
2063
2061
2064
2064
2064
2064
2064
2063
2063
2063
2064
2064
2064
2064
2059
2060
2063
2058
2059
2060
2061
2063
2060
2059
2058
2063
2061
2059
2061
2059
2061
2059
2060
2057
2060
2057
2055
2058
2055
2059
2057
2057
2060
2055
2055
2058
2058
2058
2047
2057
2058
2047
2057
2055
2047
2047
2047
2057
2053
2053
2056
2047
2056
2057
2054
2057
2055
2047
2047
2047
2046
2047
2047
2046
2047
2055
2043
2046
2053
2047
2045
2046
2047
2041
2045
2045
2045
2047
2047
2043
2045
2045
2046
2045
2043
2045
2046
2045
2044
2047
2042
2045
2041
2042
2043
2039
2044
2039
2043
2042
2041
2039
2042
2038
2041
2039
2041
2038
2038
2038
2043
2042
2039
2039
2037
2039
2038
2037
2038
2038
2037
2038
2037
2037
2036
2034
2038
2036
2037
2039
2037
2036
2035
2039
2035
2042
2037
2034
2038
2033
2035
2033
2036
2036
2032
2033
2036
2032
2034
2034
2034
2032
2033
2033
2033
2034
2035
2032
2034
2033
2034
2038
2033
2033
2034
2032
2032
2033
2033
2032
2032
2031
2032
2031
2032
2032
2032
2032
2032
2032
2032
2032
2032
2032
2031
2029
2032
2031
2032
2031
2031
2032
2031
2030
2032
2031
2031
2032
2030
2031
2027
2030
2027
2027
2031
2029
2026
2028
2028
2029
2030
2031
2028
2026
2029
2024
2027
2027
2029
2028
2029
2029
2025
2026
2029
2029
2026
2025
2027
2027
2023
2027
2028
2022
2028
2025
2023
2023
2023
2023
2027
2023
2022
2026
2022
2023
2023
2027
2023
2020
2023
2022
2025
2024
2025
2023
2018
2022
2021
2026
2021
2019
2019
2023
2019
2022
2018
2021
2021
2019
2017
2017
2018
2019
2022
2018
2017
2017
2018
2016
2019
2015
2019
2017
2018
2016
2015
2016
2017
2019
2018
2017
2018
2015
2015
2018
2015
2015
2015
2021
2015
2015
2013
2014
2016
2013
2014
2014
2014
2016
2011
2013
2013
2015
2013
2011
2013
2014
2014
2015
2011
2013
2011
2014
2015
2012
2012
2013
2015
2013
2013
2010
2012
2011
2010
2009
2014
2014
2013
2010
2007
2011
2013
2011
2007
2013
2011
2011
2009
2009
2010
2007
2011
2010
2011
2007
2006
2010
2006
2007
2005
2005
2010
2007
2006
2007
2005
2005
2007
2011
2010
2007
2004
2007
2009
2009
2003
2007
2009
2007
2004
2003
2005
2005
2007
2005
2003
2007
2005
2003
2005
2003
2004
2006
2002
2003
2003
2006
2002
2001
2003
2000
2003
2003
2004
2001
2000
2000
2005
2006
2002
2001
2002
2001
2003
2002
2002
2000
2001
2003
2002
2001
2000
2000
2002
2003
2001
2001
2001
1999
2000
2000
2001
1999
2000
2000
2000
2000
1999
2000
2000
2000
2000
2000
2000
2002
1999
2000
2000
2000
2000
1999
2000
2000
1999
2000
1999
1999
2000
2000
2000
2000
1999
1999
2000
1997
1998
2000
1996
1999
1999
1999
1999
1999
1999
1995
1995
1997
1997
1996
1999
2000
1995
1996
1995
1995
1995
1999
1998
1995
1995
1994
1995
1996
1994
1997
1992
1999
1998
1994
1997
1993
1994
1991
1994
1993
1993
1995
1991
1994
1993
1993
1993
1993
1994
1994
1993
1991
1990
1994
1990
1995
1991
1991
1991
1989
1994
1991
1990
1993
1990
1993
1991
1988
1994
1989
1989
1993
1991
1991
1991
1989
1993
1987
1994
1989
1991
1990
1989
1987
1988
1990
1990
1991
1987
1986
1985
1986
1987
1989
1987
1989
1987
1987
1989
1989
1987
1987
1990
1986
1991
1986
1987
1986
1984
1988
1989
1984
1986
1988
1984
1984
1984
1989
1986
1987
1986
1985
1986
1985
1985
1984
1984
1985
1987
1988
1985
1985
1986
1987
1984
1984
1984
1983
1986
1987
1985
1984
1984
1983
1983
1983
1985
1981
1982
1985
1984
1985
1986
1984
1981
1981
1982
1984
1984
1984
1983
1985
1982
1979
1981
1983
1979
1978
1982
1982
1979
1983
1982
1983
1983
1982
1983
1984
1983
1980
1981
1981
1981
1981
1982
1982
1979
1981
1981
1982
1982
1983
1981
1982
1983
1983
1978
1981
1984
1978
1980
1981
1979
1979
1981
1978
1978
1977
1981
1980
1979
1979
1977
1978
1974
1975
1975
1978
1979
1980
1978
1978
1976
1975
1977
1979
1980
1975
1977
1978
1979
1978
1979
1978
1972
1975
1975
1975
1974
1975
1974
1973
1975
1974
1978
1979
1979
1978
1974
1975
1976
1974
1975
1970
1973
1973
1973
1975
1973
1974
1973
1977
1975
1973
1975
1970
1975
1973
1968
1973
1971
1973
1970
1969
1973
1972
1971
1974
1974
1971
1968
1970
1973
1971
1969
1970
1971
1970
1970
1968
1973
1973
1969
1973
1970
1969
1969
1970
1968
1969
1969
1969
1970
1968
1968
1970
1969
1971
1968
1970
1971
1969
1969
1967
1970
1970
1968
1969
1969
1968
1968
1969
1971
1970
1969
1968
1969
1970
1968
1970
1968
1966
1970
1968
1968
1968
1968
1968
1968
1969
1967
1968
1968
1968
1968
1968
1968
1968
1967
1968
1968
1968
1967
1966
1968
1968
1968
1967
1967
1968
1968
1969
1968
1966
1968
1967
1967
1968
1968
1967
1967
1968
1968
1968
1968
1967
1968
1968
1966
1966
1966
1967
1967
1967
1968
1965
1968
1968
1963
1965
1968
1967
1967
1965
1965
1967
1967
1966
1967
1965
1966
1967
1963
1964
1966
1963
1963
1963
1965
1963
1965
1962
1963
1965
1961
1962
1963
1966
1964
1965
1961
1967
1963
1959
1962
1963
1962
1959
1965
1963
1962
1965
1962
1962
1962
1963
1965
1962
1962
1959
1962
1965
1959
1962
1962
1958
1961
1959
1961
1963
1959
1959
1959
1963
1963
1959
1959
1963
1959
1961
1959
1963
1962
1961
1959
1958
1958
1961
1958
1962
1957
1962
1959
1958
1959
1961
1957
1961
1963
1957
1958
1959
1954
1959
1958
1959
1957
1960
1957
1957
1961
1958
1958
1958
1959
1957
1959
1954
1957
1951
1955
1958
1951
1958
1957
1954
1958
1958
1955
1955
1955
1954
1955
1955
1956
1958
1954
1955
1956
1957
1955
1957
1953
1956
1954
1953
1958
1953
1956
1953
1953
1955
1954
1954
1952
1954
1954
1958
1955
1954
1954
1953
1956
1953
1954
1952
1955
1954
1954
1955
1952
1953
1955
1954
1953
1957
1953
1950
1954
1951
1951
1951
1954
1952
1953
1951
1950
1951
1950
1951
1951
1953
1950
1951
1951
1949
1951
1951
1955
1952
1951
1950
1951
1951
1951
1952
1951
1950
1951
1949
1949
1949
1948
1950
1951
1949
1953
1949
1951
1951
1950
1949
1949
1948
1950
1951
1951
1951
1951
1951
1947
1955
1951
1949
1950
1947
1953
1951
1952
1951
1948
1950
1947
1947
1951
1950
1947
1948
1947
1946
1950
1949
1949
1949
1947
1949
1948
1947
1951
1949
1950
1946
1950
1947
1947
1946
1949
1947
1949
1945
1945
1945
1946
1950
1949
1947
1947
1951
1948
1948
1945
1946
1945
1947
1946
1943
1947
1947
1947
1946
1947
1943
1943
1947
1941
1943
1946
1946
1949
1949
1947
1943
1946
1939
1948
1946
1945
1947
1948
1943
1945
1941
1941
1943
1946
1944
1943
1942
1943
1943
1942
1943
1946
1947
1941
1941
1943
1939
1943
1943
1943
1943
1939
1940
1943
1939
1945
1941
1941
1939
1942
1945
1941
1943
1942
1938
1942
1937
1942
1939
1942
1941
1941
1941
1942
1941
1942
1943
1940
1943
1942
1941
1942
1940
1939
1940
1937
1938
1937
1940
1940
1939
1942
1939
1936
1941
1941
1939
1939
1945
1937
1939
1940
1942
1939
1937
1938
1941
1942
1936
1940
1939
1938
1942
1942
1939
1939
1939
1939
1939
1939
1943
1941
1939
1939
1939
1936
1938
1939
1936
1938
1939
1936
1937
1936
1939
1937
1938
1937
1936
1936
1939
1936
1938
1936
1936
1937
1936
1936
1938
1937
1936
1939
1941
1939
1937
1936
1937
1941
1938
1938
1937
1936
1939
1938
1937
1938
1936
1940
1937
1937
1938
1938
1936
1936
1938
1936
1936
1936
1936
1936
1938
1936
1937
1936
1936
1936
1935
1939
1936
1936
1936
1937
1936
1936
1936
1936
1935
1936
1936
1936
1936
1936
1936
1935
1934
1935
1936
1936
1936
1936
1936
1936
1936
1936
1935
1935
1934
1936
1933
1933
1936
1936
1936
1936
1936
1936
1936
1936
1935
1936
1933
1933
1935
1935
1935
1935
1936
1936
1935
1934
1935
1935
1934
1931
1936
1935
1936
1934
1935
1935
1936
1935
1936
1933
1931
1935
1931
1935
1934
1935
1936
1934
1933
1936
1933
1934
1932
1931
1934
1935
1934
1933
1935
1934
1933
1934
1935
1931
1929
1935
1933
1931
1931
1932
1934
1933
1933
1936
1935
1934
1935
1930
1931
1931
1935
1935
1934
1932
1931
1930
1931
1931
1930
1931
1933
1932
1931
1931
1932
1933
1933
1932
1933
1930
1932
1931
1931
1933
1934
1930
1931
1931
1932
1935
1934
1934
1935
1932
1931
1931
1932
1931
1933
1931
1931
1933
1930
1929
1929
1931
1930
1935
1930
1925
1932
1932
1931
1929
1929
1931
1930
1931
1932
1928
1930
1927
1926
1932
1925
1930
1926
1925
1931
1929
1929
1933
1929
1927
1931
1926
1929
1927
1931
1931
1927
1925
1927
1926
1929
1926
1926
1925
1927
1926
1927
1930
1932
1930
1927
1927
1930
1930
1927
1926
1923
1926
1925
1926
1927
1924
1925
1926
1924
1926
1927
1929
1928
1925
1927
1927
1927
1926
1925
1927
1927
1926
1925
1927
1927
1927
1925
1927
1927
1925
1927
1929
1924
1925
1926
1927
1926
1926
1921
1926
1925
1929
1921
2157
2155
2153
2154
2154
2150
2149
2154
2149
2151
2149
2149
2147
2147
2148
2142
2147
2146
2151
2147
2147
2149
2150
2147
2147
2144
2146
2145
2147
2143
2145
2146
2145
2143
2144
2144
2143
2143
2143
2145
2146
2143
2141
2141
2143
2144
2143
2143
2140
2142
2139
2139
2141
2138
2139
2138
2137
2134
2139
2135
2138
2138
2134
2133
2135
2139
2132
2139
2133
2134
2133
2137
2134
2135
2132
2132
2132
2131
2131
2131
2130
2131
2129
2130
2134
2133
2134
2128
2130
2130
2130
2131
2130
2129
2129
2129
2128
2129
2128
2131
2128
2128
2128
2127
2128
2128
2128
2129
2128
2128
2128
2128
2128
2127
2128
2125
2127
2128
2128
2126
2124
2127
2127
2127
2127
2125
2125
2123
2123
2123
2123
2123
2122
2123
2123
2123
2125
2119
2122
2121
2121
2119
2122
2119
2118
2122
2117
2122
2122
2115
2122
2115
2119
2118
2117
2115
2114
2118
2114
2117
2115
2117
2117
2114
2115
2115
2118
2115
2113
2116
2112
2118
2113
2114
2113
2115
2112
2112
2113
2112
2112
2117
2112
2112
2112
2112
2112
2113
2110
2111
2111
2112
2112
2107
2111
2107
2111
2107
2111
2111
2111
2110
2111
2110
2110
2111
2109
2109
2109
2109
2110
2112
2109
2108
2110
2108
2109
2103
2107
2105
2107
2106
2106
2106
2103
2100
2106
2103
2103
2102
2099
2102
2102
2103
2099
2103
2100
2099
2101
2101
2100
2099
2101
2096
2100
2099
2099
2102
2098
2097
2097
2098
2103
2096
2097
2099
2100
2097
2097
2097
2097
2096
2097
2097
2096
2099
2096
2096
2096
2096
2097
2095
2096
2096
2096
2096
2094
2096
2096
2096
2096
2095
2096
2094
2095
2094
2095
2093
2094
2094
2093
2094
2090
2091
2096
2092
2094
2094
2091
2091
2091
2091
2089
2087
2092
2091
2091
2087
2094
2093
2090
2090
2089
2087
2092
2087
2091
2090
2086
2087
2089
2089
2088
2087
2087
2084
2086
2086
2090
2085
2083
2086
2087
2085
2085
2081
2085
2081
2085
2083
2083
2085
2084
2082
2082
2082
2081
2080
2081
2082
2081
2082
2081
2080
2081
2081
2080
2080
2078
2080
2079
2080
2077
2077
2079
2078
2079
2079
2082
2078
2080
2080
2078
2078
2078
2074
2075
2075
2076
2074
2075
2076
2075
2074
2076
2074
2071
2074
2074
2075
2074
2075
2076
2074
2069
2071
2070
2075
2069
2070
2076
2071
2073
2073
2071
2071
2071
2069
2070
2074
2070
2071
2071
2068
2070
2070
2071
2068
2070
2070
2069
2070
2071
2070
2067
2067
2066
2066
2071
2069
2069
2069
2066
2068
2066
2065
2066
2065
2065
2065
2070
2066
2065
2065
2066
2067
2066
2064
2065
2064
2067
2067
2064
2064
2064
2064
2064
2064
2064
2064
2064
2065
2064
2065
2064
2063
2064
2064
2064
2064
2064
2063
2063
2065
2063
2061
2063
2062
2063
2063
2063
2063
2063
2061
2062
2059
2059
2062
2061
2061
2059
2058
2061
2061
2059
2062
2063
2061
2055
2063
2061
2057
2062
2058
2058
2059
2058
2058
2061
2054
2057
2059
2057
2060
2057
2054
2059
2054
2058
2058
2057
2057
2055
2055
2059
2055
2054
2057
2055
2054
2055
2054
2047
2047
2047
2052
2056
2047
2047
2052
2044
2045
2047
2046
2047
2046
2054
2047
2047
2045
2045
2045
2045
2047
2046
2043
2047
2047
2045
2039
2043
2046
2045
2043
2042
2045
2043
2039
2044
2041
2042
2043
2045
2039
2043
2043
2043
2044
2043
2042
2043
2041
2044
2039
2038
2039
2039
2039
2042
2038
2042
2037
2038
2037
2042
2037
2039
2035
2038
2038
2039
2039
2038
2039
2035
2037
2037
2037
2037
2037
2037
2037
2034
2035
2034
2038
2035
2033
2035
2036
2033
2032
2033
2034
2037
2034
2035
2034
2036
2033
2035
2033
2035
2035
2033
2032
2034
2034
2032
2032
2033
2034
2032
2032
2034
2034
2034
2032
2033
2032
2032
2031
2031
2031
2033
2032
2032
2029
2032
2032
2032
2032
2032
2031
2032
2031
2029
2031
2029
2029
2030
2031
2032
2027
2030
2029
2026
2031
2031
2031
2030
2029
2027
2027
2029
2029
2030
2031
2027
2031
2026
2023
2028
2028
2029
2031
2029
2027
2025
2029
2026
2026
2023
2023
2023
2025
2022
2023
2023
2023
2025
2023
2026
2025
2023
2026
2021
2023
2028
2026
2023
2020
2026
2023
2019
2023
2023
2018
2023
2021
2022
2023
2021
2021
2021
2020
2022
2019
2023
2025
2018
2023
2021
2021
2018
2023
2022
2017
2016
2020
2019
2022
2019
2019
2018
2020
2018
2019
2021
2019
2018
2016
2018
2019
2018
2019
2015
2017
2018
2016
2019
2018
2018
2018
2017
2014
2015
2016
2017
2015
2015
2016
2017
2016
2015
2014
2015
2016
2013
2015
2017
2015
2015
2015
2020
2015
2013
2013
2015
2015
2014
2014
2014
2007
2013
2010
2014
2013
2015
2014
2014
2015
2014
2010
2014
2010
2014
2014
2010
2013
2011
2011
2007
2013
2013
2011
2011
2011
2013
2007
2006
2013
2014
2013
2011
2011
2011
2005
2010
2006
2009
2009
2007
2011
2007
2007
2004
2009
2009
2007
2007
2006
2007
2011
2006
2007
2005
2007
2005
2007
2005
2005
2005
2003
2004
2005
2007
2002
2003
2001
2005
2005
2005
2005
2003
2001
2003
2005
2004
2006
2003
2005
2004
2000
2002
2001
2003
2002
2005
2005
2005
2003
2002
2000
2003
2001
2003
2000
2002
2000
2000
2003
2000
2005
2000
2001
2003
2000
2006
2001
2002
2000
2001
2001
2002
2000
2000
2003
2000
2001
2000
2000
2001
2003
2000
2000
1999
2000
2000
1997
2000
2000
2000
2000
2000
2000
2002
1999
2000
1999
1999
2000
1997
1998
2000
1999
2000
1997
2000
1997
2000
1997
1996
1998
1999
1999
1999
1998
1998
2000
1995
1999
2000
1997
1999
1999
1997
1994
1995
1995
1998
1994
1995
1995
1997
1997
1999
1998
1999
1995
1997
1998
1999
1998
1994
1997
1996
1995
1995
1994
1995
1993
1998
1993
1995
1991
1994
1990
1995
1995
1991
1990
1994
1999
1994
1997
1995
1990
1994
1994
1991
1991
1993
1991
1990
1994
1989
1990
1989
1991
1990
1991
1990
1993
1991
1993
1990
1990
1989
1989
1990
1987
1991
1989
1991
1987
1991
1990
1993
1988
1986
1989
1985
1987
1988
1987
1985
1989
1988
1987
1988
1988
1987
1991
1987
1989
1986
1989
1984
1986
1987
1989
1988
1985
1985
1986
1986
1988
1986
1984
1988
1985
1987
1985
1985
1986
1983
1986
1987
1984
1985
1985
1985
1984
1985
1985
1986
1985
1985
1985
1985
1983
1984
1984
1984
1983
1985
1986
1983
1981
1983
1983
1984
1983
1984
1984
1984
1983
1984
1982
1984
1983
1987
1983
1983
1984
1983
1984
1979
1981
1982
1984
1983
1980
1983
1983
1984
1981
1982
1984
1981
1983
1984
1982
1981
1981
1979
1978
1982
1983
1979
1981
1981
1983
1983
1975
1978
1979
1977
1980
1979
1978
1980
1979
1979
1980
1979
1979
1983
1979
1978
1981
1982
1978
1979
1980
1977
1979
1977
1978
1978
1977
1977
1978
1976
1979
1979
1975
1978
1975
1978
1979
1979
1975
1979
1974
1978
1979
1975
1975
1977
1979
1974
1974
1978
1974
1975
1974
1977
1975
1975
1978
1978
1975
1975
1975
1975
1975
1977
1973
1974
1973
1977
1975
1974
1971
1972
1971
1974
1973
1970
1975
1975
1971
1974
1972
1970
1971
1969
1977
1969
1972
1971
1971
1970
1973
1973
1971
1971
1972
1970
1971
1971
1972
1972
1971
1974
1971
1969
1971
1971
1972
1969
1970
1971
1968
1968
1970
1968
1968
1969
1968
1968
1969
1969
1969
1968
1968
1968
1968
1968
1968
1968
1971
1968
1971
1970
1969
1968
1968
1968
1969
1970
1968
1970
1969
1968
1968
1968
1968
1968
1968
1968
1968
1969
1968
1968
1968
1967
1967
1967
1968
1968
1969
1968
1968
1968
1967
1968
1968
1967
1968
1968
1967
1968
1967
1968
1968
1964
1968
1965
1964
1968
1966
1965
1965
1968
1968
1965
1968
1967
1965
1965
1968
1963
1968
1968
1967
1968
1968
1966
1968
1965
1967
1965
1967
1963
1963
1963
1964
1967
1963
1966
1965
1965
1967
1967
1963
1965
1965
1965
1963
1965
1965
1966
1965
1967
1967
1966
1964
1967
1967
1965
1962
1963
1965
1963
1964
1964
1966
1965
1963
1963
1967
1962
1959
1968
1961
1965
1963
1965
1962
1961
1960
1965
1962
1963
1964
1962
1959
1961
1959
1962
1963
1961
1962
1961
1959
1962
1964
1958
1960
1959
1962
1965
1961
1958
1962
1962
1963
1961
1958
1961
1957
1960
1959
1962
1958
1958
1958
1959
1959
1959
1961
1957
1959
1961
1958
1954
1959
1962
1959
1958
1957
1959
1956
1956
1957
1959
1957
1958
1957
1958
1958
1957
1957
1959
1957
1954
1957
1955
1955
1957
1954
1955
1955
1957
1956
1955
1955
1957
1955
1954
1956
1957
1955
1955
1956
1957
1955
1955
1954
1956
1956
1954
1953
1956
1959
1954
1955
1954
1953
1957
1954
1955
1955
1956
1956
1956
1953
1953
1957
1955
1953
1955
1957
1951
1954
1951
1955
1953
1954
1953
1953
1953
1951
1955
1955
1951
1950
1953
1953
1955
1955
1951
1951
1952
1953
1951
1951
1951
1952
1953
1953
1951
1951
1951
1951
1957
1949
1950
1955
1953
1951
1951
1952
1951
1951
1949
1951
1949
1951
1952
1945
1951
1950
1950
1951
1949
1950
1949
1951
1952
1950
1950
1949
1951
1950
1950
1950
1950
1949
1952
1951
1952
1951
1947
1949
1951
1948
1948
1950
1949
1948
1947
1951
1949
1950
1949
1950
1951
1949
1948
1945
1947
1952
1951
1948
1948
1950
1947
1950
1949
1949
1945
1947
1947
1943
1946
1946
1946
1951
1946
1949
1947
1947
1947
1945
1946
1947
1946
1947
1946
1946
1949
1946
1945
1947
1947
1943
1944
1943
1945
1946
1950
1942
1943
1946
1941
1948
1946
1943
1944
1945
1943
1943
1943
1950
1943
1945
1947
1942
1945
1945
1947
1943
1945
1945
1942
1942
1946
1943
1945
1943
1947
1945
1942
1943
1941
1943
1946
1947
1942
1942
1946
1942
1943
1946
1940
1945
1945
1941
1941
1941
1942
1943
1942
1943
1943
1939
1939
1945
1942
1939
1937
1939
1943
1942
1941
1945
1941
1941
1945
1942
1943
1941
1938
1938
1940
1936
1940
1942
1937
1938
1939
1937
1941
1939
1939
1936
1938
1939
1945
1941
1938
1943
1941
1940
1941
1939
1941
1938
1941
1939
1937
1938
1941
1936
1939
1942
1937
1938
1939
1941
1939
1937
1938
1937
1941
1940
1939
1938
1937
1938
1938
1938
1938
1939
1938
1937
1938
1936
1939
1941
1938
1938
1937
1936
1940
1938
1937
1937
1937
1938
1938
1937
1936
1936
1940
1939
1938
1936
1937
1938
1937
1939
1941
1937
1937
1936
1938
1938
1936
1937
1935
1936
1936
1938
1939
1936
1936
1936
1936
1937
1938
1936
1937
1936
1938
1937
1936
1935
1936
1936
1936
1936
1936
1937
1936
1936
1936
1936
1936
1936
1934
1936
1937
1936
1936
1936
1936
1936
1936
1936
1936
1936
1936
1936
1934
1936
1936
1936
1936
1936
1936
1936
1936
1936
1935
1935
1936
1935
1936
1936
1937
1935
1936
1935
1934
1935
1936
1936
1936
1935
1936
1936
1937
1936
1936
1936
1936
1935
1936
1935
1935
1936
1934
1935
1936
1935
1933
1936
1934
1935
1936
1936
1935
1936
1934
1934
1936
1932
1934
1934
1933
1930
1936
1936
1934
1931
1935
1936
1935
1932
1934
1936
1931
1930
1930
1934
1932
1933
1935
1933
1931
1932
1934
1931
1935
1931
1931
1933
1935
1936
1935
1931
1935
1936
1935
1936
1932
1935
1934
1934
1934
1935
1935
1931
1936
1933
1934
1935
1936
1933
1933
1929
1931
1934
1935
1933
1931
1931
1934
1935
1934
1930
1930
1929
1930
1931
1934
1933
1931
1931
1932
1933
1931
1931
1934
1929
1925
1928
1931
1931
1933
1929
1930
1933
1934
1927
1927
1931
1932
1930
1929
1934
1933
1930
1927
1930
1929
1931
1931
1930
1927
1930
1927
1929
1929
1931
2150
2151
2153
2154
2153
2149
2151
2151
2147
2147
2153
2149
2148
2149
2145
2151
2147
2147
2145
2149
2147
2144
2147
2147
2146
2141
2149
2145
2143
2145
2144
2143
2142
2141
2146
2144
2143
2143
2143
2140
2140
2141
2144
2142
2143
2142
2138
2134
2144
2141
2139
2138
2141
2139
2141
2134
2139
2138
2134
2135
2133
2134
2137
2134
2135
2134
2139
2134
2135
2139
2133
2131
2133
2131
2130
2134
2129
2133
2131
2129
2131
2129
2130
2131
2129
2128
2129
2128
2129
2130
2128
2132
2130
2129
2128
2128
2128
2128
2128
2128
2128
2128
2128
2128
2129
2128
2127
2125
2128
2128
2128
2128
2127
2126
2128
2128
2126
2127
2125
2127
2125
2123
2128
2122
2124
2124
2125
2123
2123
2123
2124
2124
2125
2125
2121
2122
2121
2117
2121
2118
2118
2117
2122
2119
2118
2119
2121
2123
2118
2118
2118
2118
2118
2116
2117
2121
2117
2115
2112
2114
2115
2117
2114
2115
2117
2113
2113
2117
2116
2116
2113
2115
2117
2114
2115
2114
2112
2112
2112
2113
2112
2113
2113
2112
2110
2112
2112
2112
2112
2112
2111
2112
2112
2112
2109
2110
2108
2110
2112
2111
2108
2110
2107
2105
2109
2106
2107
2108
2112
2107
2105
2106
2109
2110
2107
2105
2103
2106
2111
2110
2109
2103
2106
2102
2103
2105
2107
2103
2099
2102
2101
2106
2105
2101
2102
2105
2098
2099
2101
2099
2103
2099
2101
2099
2098
2099
2101
2098
2098
2096
2099
2099
2096
2096
2097
2096
2097
2097
2097
2097
2096
2096
2099
2096
2096
2097
2097
2096
2096
2097
2096
2096
2097
2096
2095
2096
2096
2096
2093
2094
2093
2095
2096
2096
2096
2094
2094
2090
2095
2094
2096
2094
2093
2091
2094
2090
2095
2089
2094
2093
2092
2093
2093
2091
2089
2090
2093
2089
2090
2090
2093
2093
2090
2089
2091
2089
2087
2091
2085
2087
2085
2089
2083
2085
2085
2090
2090
2090
2085
2086
2088
2086
2083
2085
2085
2083
2086
2085
2087
2085
2086
2087
2085
2081
2083
2083
2084
2082
2083
2084
2085
2082
2082
2082
2082
2079
2083
2083
2082
2080
2082
2075
2079
2080
2079
2080
2079
2081
2076
2078
2076
2081
2079
2079
2077
2074
2077
2078
2075
2076
2077
2075
2079
2075
2079
2075
2076
2078
2075
2074
2077
2075
2073
2076
2077
2075
2074
2077
2075
2074
2074
2070
2075
2074
2075
2071
2074
2070
2069
2074
2069
2071
2070
2071
2071
2074
2070
2070
2067
2067
2070
2070
2071
2068
2069
2067
2065
2066
2066
2066
2067
2069
2070
2071
2069
2066
2069
2066
2069
2070
2064
2067
2069
2068
2066
2065
2065
2064
2065
2065
2064
2064
2065
2064
2066
2064
2064
2064
2065
2065
2062
2063
2064
2064
2064
2064
2063
2063
2064
2064
2064
2064
2064
2064
2062
2063
2064
2061
2061
2063
2064
2059
2064
2063
2063
2059
2061
2061
2061
2061
2061
2063
2062
2059
2063
2061
2063
2060
2064
2063
2064
2059
2059
2057
2057
2058
2057
2055
2057
2059
2053
2059
2058
2061
2055
2057
2057
2058
2057
2055
2057
2058
2055
2059
2057
2053
2055
2055
2054
2054
2047
2047
2055
2054
2046
2053
2047
2053
2047
2055
2047
2047
2047
2055
2057
2054
2045
2046
2047
2047
2047
2046
2047
2046
2047
2047
2046
2047
2043
2047
2047
2047
2043
2044
2043
2045
2043
2042
2043
2044
2045
2045
2043
2045
2045
2043
2043
2043
2041
2042
2043
2043
2039
2043
2041
2042
2042
2042
2039
2041
2039
2043
2043
2039
2042
2043
2042
2039
2038
2042
2038
2037
2037
2038
2038
2035
2039
2035
2036
2038
2039
2037
2041
2039
2037
2037
2037
2038
2034
2033
2035
2038
2035
2039
2037
2034
2035
2036
2038
2033
2034
2032
2033
2035
2037
2034
2035
2033
2035
2032
2033
2032
2032
2033
2032
2032
2032
2033
2031
2032
2033
2032
2032
2031
2032
2032
2032
2032
2032
2032
2032
2032
2032
2032
2032
2031
2032
2031
2031
2032
2032
2031
2032
2031
2032
2030
2032
2029
2032
2029
2029
2032
2030
2030
2029
2027
2028
2031
2032
2029
2029
2030
2029
2029
2027
2027
2026
2027
2027
2025
2026
2028
2027
2026
2027
2023
2029
2027
2026
2023
2026
2026
2027
2027
2031
2025
2023
2027
2022
2021
2026
2022
2025
2026
2023
2021
2021
2019
2023
2021
2027
2025
2019
2026
2022
2022
2022
2019
2020
2022
2021
2023
2021
2021
2021
2017
2018
2020
2021
2020
2021
2023
2021
2019
2021
2019
2021
2019
2018
2016
2018
2018
2013
2019
2021
2015
2018
2017
2017
2018
2015
2017
2017
2018
2017
2018
2019
2017
2019
2018
2017
2017
2019
2019
2015
2018
2015
2018
2014
2017
2017
2015
2015
2015
2015
2015
2014
2014
2017
2013
2015
2015
2016
2014
2011
2011
2011
2013
2014
2010
2014
2011
2010
2015
2012
2011
2011
2013
2012
2013
2014
2014
2011
2014
2015
2013
2013
2011
2011
2011
2010
2013
2009
2010
2007
2010
2010
2009
2010
2007
2011
2007
2010
2009
2007
2010
2011
2007
2010
2010
2005
2007
2008
2007
2006
2009
2007
2009
2006
2007
2007
2005
2010
2006
2007
2007
2006
2006
2007
2005
2009
2005
2006
2005
2006
2005
2006
2005
2009
2007
2004
2004
2003
2001
2003
2004
2002
2002
2001
2004
2003
2002
2000
2002
2004
2002
2001
2003
2003
2004
2002
2001
2000
2000
2001
2003
2007
2002
2001
2000
2002
2002
2001
2001
2001
2000
2001
2000
2001
2001
2006
2000
2000
2000
2000
2001
2001
1998
2000
2003
2000
2001
2000
2002
2000
2000
2000
2000
2000
2001
2001
2000
2001
2000
1999
2000
2000
2000
1998
1997
1998
1998
1998
1999
1999
2000
1999
1999
2000
1999
1998
1998
1997
2000
2000
1999
1999
1999
1997
1999
1996
1997
2000
2000
1999
1999
1995
1997
1999
1999
1995
1999
1995
1996
1997
1998
1995
1995
1997
1997
1991
1994
1994
1996
1996
1994
1993
1994
1993
1994
1994
1992
1993
1994
1991
1991
1994
1995
1995
1994
1993
1989
1995
1995
1991
1997
1995
1991
1991
1995
1991
1991
1989
1993
1991
1991
1991
1995
1994
1990
1987
1989
1993
1989
1993
1990
1989
1991
1988
1990
1991
1987
1990
1991
1990
1991
1987
1989
1990
1986
1991
1989
1989
1986
1986
1991
1987
1987
1989
1990
1987
1987
1989
1989
1987
1986
1987
1987
1991
1990
1986
1987
1986
1989
1985
1987
1989
1985
1986
1985
1987
1991
1986
1986
1984
1984
1985
1984
1986
1987
1986
1987
1988
1984
1984
1987
1985
1984
1984
1984
1985
1984
1984
1986
1984
1984
1984
1982
1984
1983
1984
1985
1983
1984
1979
1982
1983
1983
1983
1984
1983
1984
1983
1982
1984
1979
1981
1983
1983
1983
1982
1983
1980
1983
1983
1981
1981
1982
1983
1981
1984
1983
1981
1984
1983
1982
1979
1983
1982
1982
1984
1981
1981
1982
1981
1979
1983
1983
1981
1979
1980
1979
1982
1980
1979
1982
1979
1979
1974
1979
1979
1981
1978
1977
1977
1982
1980
1980
1979
1979
1978
1977
1979
1978
1977
1982
1981
1977
1977
1978
1975
1975
1975
1977
1975
1979
1975
1975
1980
1975
1979
1980
1975
1975
1975
1975
1975
1978
1974
1975
1979
1975
1975
1973
1975
1975
1974
1974
1974
1975
1973
1975
1975
1974
1973
1975
1973
1973
1974
1975
1971
1975
1974
1973
1972
1978
1974
1970
1973
1974
1974
1973
1977
1973
1973
1973
1969
1974
1969
1974
1969
1971
1970
1971
1969
1969
1974
1970
1971
1973
1970
1971
1969
1969
1969
1969
1969
1970
1970
1968
1969
1971
1968
1970
1969
1969
1968
1969
1969
1968
1968
1970
1971
1971
1971
1970
1968
1971
1969
1968
1971
1968
1973
1971
1968
1968
1968
1968
1969
1967
1969
1968
1968
1968
1968
1968
1968
1968
1968
1968
1967
1968
1969
1968
1968
1968
1968
1968
1968
1968
1968
1969
1968
1972
1967
1968
1968
1968
1968
1968
1967
1968
1968
1968
1967
1967
1968
1968
1967
1968
1967
1968
1967
1967
1968
1968
1967
1965
1968
1965
1966
1965
1968
1967
1966
1967
1968
1968
1967
1968
1967
1967
1966
1966
1967
1965
1967
1963
1967
1965
1966
1965
1962
1965
1966
1966
1965
1965
1963
1966
1962
1965
1965
1962
1967
1966
1959
1965
1963
1963
1962
1965
1962
1964
1963
1965
1966
1966
1962
1959
1965
1964
1966
1964
1962
1961
1961
1963
1963
1963
1959
1963
1961
1965
1959
1964
1958
1958
1961
1963
1965
1961
1963
1962
1957
1955
1962
1962
1959
1959
1962
1961
1958
1959
1958
1961
1959
1958
1957
1958
1955
1958
1958
1959
1959
1959
1962
1958
1958
1961
1958
1962
1959
1959
1958
1965
1961
1961
1961
1957
1958
1962
1958
1958
1962
1956
1955
1957
1958
1959
1959
1961
1958
1957
1961
1962
1961
1954
1956
1962
1957
1957
1959
1955
1954
1954
1955
1961
1957
1959
1959
1955
1958
1954
1957
1955
1954
1953
1955
1955
1955
1957
1957
1954
1958
1955
1954
1953
1953
1951
1954
1958
1950
1954
1953
1954
1954
1955
1955
1959
1955
1953
1951
1958
1957
1955
1955
1954
1952
1952
1953
1951
1954
1953
1950
1954
1953
1955
1950
1953
1953
1952
1955
1955
1955
1953
1952
1951
1955
1955
1952
1954
1953
1954
1951
1951
1951
1954
1951
1953
1951
1951
1953
1948
1951
1952
1950
1952
1951
1953
1951
1954
1951
1954
1950
1954
1948
1950
1953
1951
1949
1954
1950
1951
1948
1952
1951
1951
1950
1950
1947
1951
1949
1950
1947
1950
1952
1945
1951
1950
1949
1949
1950
1947
1949
1949
1949
1949
1949
1950
1952
1947
1951
1949
1947
1949
1950
1947
1949
1948
1946
1947
1946
1951
1948
1948
1946
1947
1947
1947
1947
1947
1949
1946
1948
1948
1947
1943
1948
1943
1943
1945
1948
1950
1947
1945
1949
1943
1949
1947
1948
1946
1947
1948
1946
1947
1945
1942
1948
1949
1942
1946
1947
1943
1945
1950
1946
1943
1943
1950
1946
1945
1947
1946
1942
1942
1947
1945
1945
1945
1941
1943
1945
1945
1945
1945
1941
1947
1943
1942
1940
1944
1943
1943
1942
1943
1945
1943
1943
1943
1943
1941
1943
1942
1943
1943
1943
1942
1945
1940
1939
1942
1943
1941
1939
1941
1942
1937
1941
1941
1941
1941
1942
1941
1939
1941
1944
1941
1940
1942
1938
1941
1937
1941
1941
1940
1941
1941
1939
1939
1939
1939
1941
1940
1941
1939
1941
1942
1941
1938
1942
1938
1939
1936
1939
1943
1945
1937
1940
1939
1939
1940
1939
1938
1936
1938
1938
1937
1939
1938
1939
1937
1940
1940
1939
1937
1937
1936
1941
1937
1942
1936
1937
1941
1936
1938
1939
1937
1936
1941
1937
1937
1939
1936
1937
1936
1939
1938
1938
1939
1937
1939
1936
1937
1937
1937
1936
1937
1936
1936
1939
1938
1937
1939
1939
1938
1936
1936
1936
1936
1936
1938
1937
1937
1939
1936
1936
1936
1936
1936
1936
1936
1936
1936
1936
1936
1936
1936
1937
1936
1936
1936
1936
1935
1936
1936
1936
1937
1936
1936
1936
1936
1936
1936
1936
1936
1936
1935
1936
1936
1936
1936
1936
1936
1936
1936
1936
1936
1936
1936
1936
1936
1936
1936
1936
1937
1936
1936
1936
1936
1935
1936
1936
1935
1936
1936
1935
1936
1936
1936
1936
1936
1935
1936
1936
1936
1936
1934
1933
1936
1933
1933
1935
1934
1936
1934
1936
1933
1932
1934
1932
1934
1936
1935
1933
1933
1935
1934
1935
1934
1936
1934
1933
1931
1935
1934
1931
1933
1931
1931
1934
1934
1933
1931
1930
1930
1936
1933
1934
1933
1934
1936
1931
1931
1934
1933
1932
1933
1934
1932
1935
1932
1934
1933
1933
1933
1935
1933
1931
1934
1932
1934
1931
1929
1929
1933
1935
1933
1930
1929
1931
1930
1931
1927
1930
1930
1930
1933
1933
1927
1933
1931
1934
1929
1931
1934
1930
1929
1930
1929
1929
1930
1931
1931
1931
1931
1933
1930
1929
1929
2148
2146
2144
2148
2145
2147
2145
2145
2145
2146
2147
2144
2143
2145
2145
2145
2145
2146
2141
2142
2142
2144
2143
2141
2141
2144
2141
2141
2144
2141
2139
2140
2141
2139
2135
2137
2139
2137
2138
2135
2139
2138
2138
2135
2139
2140
2139
2135
2135
2135
2135
2134
2135
2138
2138
2137
2133
2133
2135
2131
2133
2135
2130
2132
2131
2133
2132
2133
2130
2130
2133
2128
2132
2131
2131
2129
2128
2131
2131
2128
2130
2129
2129
2128
2128
2128
2128
2128
2127
2128
2129
2128
2128
2128
2128
2128
2127
2126
2126
2126
2127
2127
2125
2128
2124
2122
2125
2123
2126
2124
2123
2126
2123
2123
2125
2123
2122
2123
2126
2121
2122
2123
2121
2123
2121
2120
2122
2123
2122
2118
2116
2118
2121
2121
2120
2117
2117
2117
2116
2117
2115
2118
2117
2118
2115
2115
2117
2114
2115
2114
2113
2113
2115
2114
2115
2113
2113
2115
2115
2112
2112
2116
2113
2114
2113
2113
2111
2112
2112
2112
2112
2113
2112
2112
2113
2110
2112
2112
2110
2112
2109
2108
2112
2110
2109
2110
2109
2109
2111
2108
2110
2112
2105
2107
2110
2106
2107
2105
2108
2103
2103
2107
2106
2102
2109
2105
2105
2103
2105
2106
2105
2106
2102
2100
2107
2102
2102
2103
2101
2101
2105
2099
2103
2101
2099
2099
2099
2100
2099
2098
2100
2100
2099
2103
2101
2102
2098
2097
2099
2098
2097
2097
2099
2099
2096
2096
2096
2097
2099
2097
2096
2096
2096
2097
2096
2096
2096
2096
2098
2096
2096
2096
2097
2095
2096
2096
2096
2096
2096
2093
2096
2095
2094
2092
2093
2094
2096
2094
2091
2094
2095
2095
2096
2093
2094
2094
2091
2093
2091
2094
2095
2095
2090
2091
2092
2093
2087
2091
2091
2086
2091
2090
2089
2087
2089
2087
2088
2087
2091
2084
2082
2086
2085
2089
2087
2090
2085
2085
2083
2086
2086
2085
2086
2087
2081
2086
2084
2084
2085
2083
2086
2085
2083
2083
2085
2083
2081
2085
2083
2081
2081
2079
2081
2084
2079
2079
2082
2077
2082
2079
2079
2081
2081
2079
2079
2079
2077
2078
2081
2080
2077
2079
2078
2078
2079
2077
2077
2079
2080
2081
2080
2077
2075
2077
2079
2076
2079
2077
2074
2075
2075
2074
2075
2071
2074
2075
2076
2075
2077
2071
2076
2074
2074
2070
2073
2073
2069
2071
2073
2071
2069
2071
2071
2075
2071
2071
2071
2071
2070
2071
2073
2068
2069
2069
2067
2066
2067
2069
2071
2069
2069
2067
2067
2067
2069
2065
2064
2065
2065
2068
2067
2066
2064
2066
2067
2064
2066
2066
2065
2064
2064
2065
2064
2064
2065
2064
2063
2064
2065
2064
2064
2064
2064
2064
2064
2065
2062
2063
2064
2063
2064
2062
2064
2064
2063
2064
2064
2064
2064
2061
2061
2063
2064
2063
2059
2061
2060
2062
2064
2061
2060
2059
2059
2058
2060
2061
2059
2058
2057
2057
2059
2059
2060
2058
2060
2057
2054
2055
2059
2054
2057
2057
2055
2055
2054
2055
2057
2058
2056
2060
2055
2058
2055
2056
2055
2047
2047
2055
2059
2057
2055
2054
2054
2055
2047
2058
2057
2053
2054
2047
2053
2047
2047
2047
2047
2042
2047
2047
2054
2047
2047
2045
2047
2046
2047
2047
2047
2047
2045
2041
2043
2045
2045
2047
2047
2043
2045
2042
2045
2045
2047
2046
2044
2041
2045
2043
2041
2042
2043
2043
2045
2042
2043
2045
2045
2041
2038
2041
2042
2039
2042
2038
2043
2038
2041
2036
2039
2041
2042
2039
2036
2041
2039
2042
2038
2035
2035
2039
2039
2034
2037
2037
2035
2039
2039
2035
2038
2035
2037
2036
2038
2038
2033
2034
2036
2035
2037
2035
2038
2035
2034
2035
2037
2033
2034
2032
2033
2033
2035
2035
2034
2035
2034
2032
2036
2032
2034
2032
2034
2032
2033
2032
2032
2032
2032
2034
2033
2032
2032
2032
2032
2033
2032
2033
2031
2032
2032
2032
2032
2031
2029
2031
2031
2032
2032
2032
2031
2032
2032
2030
2032
2031
2029
2030
2026
2031
2029
2031
2028
2030
2030
2029
2030
2026
2031
2028
2029
2031
2026
2029
2027
2025
2027
2026
2029
2027
2032
2027
2029
2026
2027
2027
2026
2029
2023
2027
2030
2025
2026
2027
2025
2023
2028
2026
2027
2027
2024
2023
2021
2023
2025
2024
2023
2022
2023
2022
2023
2023
2025
2025
2023
2023
2021
2019
2023
2021
2020
2021
2027
2025
2021
2022
2021
2021
2020
2023
2018
2019
2021
2022
2018
2017
2019
2021
2017
2019
2019
2018
2019
2019
2018
2018
2023
2019
2016
2019
2017
2019
2019
2016
2017
2016
2018
2017
2015
2017
2017
2015
2017
2017
2017
2015
2017
2014
2015
2017
2015
2017
2013
2018
2013
2016
2014
2012
2014
2015
2014
2017
2015
2015
2011
2011
2013
2015
2013
2007
2015
2011
2012
2011
2011
2013
2015
2012
2011
2011
2011
2011
2011
2013
2011
2012
2007
2013
2006
2010
2009
2011
2013
2012
2010
2010
2008
2007
2007
2010
2011
2012
2010
2009
2007
2011
2011
2011
2009
2012
2011
2006
2007
2009
2007
2009
2007
2005
2006
2007
2006
2009
2010
2006
2006
2006
2006
2009
2005
2005
2006
2007
2006
2007
2006
2003
2004
2006
2005
2005
2005
2004
2005
2001
2005
2006
2006
2004
2004
2006
2005
2006
2002
2006
2003
2005
2004
2003
2005
2001
2003
2000
2002
2002
2003
2003
2002
2000
2000
2004
2002
2007
2003
2001
2001
2002
2001
2000
2002
2000
2000
2000
2000
2000
2000
1999
1999
2003
2001
1998
1999
2000
2000
2000
2000
2001
2000
2000
1998
2000
2000
1999
2001
2001
2000
1999
1999
2000
2000
2000
2000
2000
1999
2000
2000
1997
1999
2000
2000
2000
1998
2000
2000
1998
2000
1999
2000
1999
1999
1998
1997
1995
1995
1998
1999
1995
1995
1999
1998
1997
1999
1997
1999
1997
1999
1995
1999
1999
1994
1997
1991
1999
1997
1996
1993
1995
1998
1997
1997
1995
1995
1994
1995
1994
1994
1995
1994
1995
1994
1996
1993
1995
1995
1997
1994
1994
1991
1993
1991
1997
1990
1993
1990
1995
1995
1995
1996
1993
1993
1991
1990
1990
1991
1992
1987
1992
1991
1990
1990
1989
1989
1989
1991
1991
1990
1990
1989
1991
1989
1988
1990
1990
1988
1989
1989
1989
1990
1987
1986
1987
1987
1990
1989
1985
1987
1991
1986
1985
1987
1987
1987
1985
1987
1988
1985
1990
1989
1989
1985
1987
1985
1984
1987
1986
1987
1984
1986
1987
1987
1984
1985
1987
1984
1990
1986
1984
1984
1983
1985
1986
1985
1985
1983
1983
1985
1985
1984
1984
1985
1987
1984
1983
1984
1981
1985
1985
1984
1984
1987
1986
1984
1984
1984
1984
1983
1985
1984
1983
1983
1979
1982
1984
1981
1983
1983
1984
1983
1982
1983
1983
1982
1982
1984
1984
1983
1983
1982
1980
1981
1981
1977
1982
1981
1982
1982
1981
1983
1981
1982
1982
1980
1979
1980
1983
1983
1981
1979
1982
1982
1980
1983
1980
1982
1982
1981
1975
1979
1979
1982
1978
1977
1979
1977
1981
1978
1980
1980
1980
1975
1982
1975
1981
1974
1975
1978
1976
1979
1980
1975
1980
1974
1978
1978
1978
1978
1978
1975
1977
1975
1979
1978
1975
1981
1977
1979
1977
1975
1979
1971
1974
1971
1974
1977
1977
1974
1978
1975
1975
1972
1975
1975
1971
1971
1977
1974
1975
1972
1974
1973
1972
1972
1974
1971
1979
1974
1975
1978
1971
1974
1974
1973
1973
1971
1971
1971
1974
1970
1973
1973
1973
1973
1968
1972
1973
1971
1970
1971
1970
1971
1974
1972
1971
1970
1973
1970
1972
1970
1969
1970
1971
1970
1971
1970
1972
1969
1971
1968
1970
1969
1970
1971
1969
1968
1967
1968
1969
1971
1968
1969
1968
1971
1970
1969
1968
1968
1968
1968
1971
1968
1968
1968
1968
1970
1968
1968
1968
1969
1968
1968
1968
1970
1968
1968
1968
1970
1968
1968
1968
1968
1968
1968
1966
1968
1968
1968
1968
1966
1968
1968
1968
1966
1968
1967
1968
1965
1966
1968
1967
1968
1968
1968
1968
1966
1963
1967
1967
1966
1966
1968
1967
1968
1966
1967
1967
1968
1964
1967
1965
1965
1968
1963
1963
1964
1966
1966
1968
1962
1962
1962
1966
1965
1963
1963
1964
1966
1963
1962
1964
1962
1962
1965
1965
1963
1965
1963
1964
1959
1965
1965
1962
1965
1965
1967
1963
1965
1962
1963
1961
1961
1965
1964
1961
1964
1963
1963
1959
1958
1959
1962
1959
1965
1963
1963
1961
1961
1963
1959
1963
1961
1961
1959
1961
1961
1959
1959
1955
1959
1957
1958
1961
1959
1959
1961
1959
1959
1958
1959
1958
1962
1958
1963
1958
1963
1965
1959
1959
1957
1957
1961
1957
1956
1959
1957
1959
1961
1957
1955
1959
1955
1954
1961
1955
1957
1959
1958
1959
1961
1958
1957
1957
1955
1957
1957
1959
1958
1957
1958
1955
1954
1956
1953
1958
1956
1953
1952
1955
1958
1959
1957
1956
1957
1957
1958
1955
1955
1951
1957
1956
1954
1954
1957
1957
1957
1955
1957
1956
1955
1953
1957
1953
1954
1959
1955
1955
1955
1953
1955
1952
1952
1955
1954
1954
1954
1957
1953
1955
1957
1952
1954
1953
1953
1953
1955
1955
1953
1954
1954
1954
1954
1953
1952
1950
1953
1952
1953
1953
1954
1951
1950
1954
1951
1951
1953
1957
1953
1953
1954
1951
1952
1951
1951
1952
1951
1949
1951
1950
1951
1953
1949
1954
1949
1953
1949
1951
1950
1951
1951
1951
1947
1949
1951
1949
1951
1948
1950
1953
1950
1951
1949
1949
1951
1951
1950
1949
1947
1949
1948
1949
1946
1951
1951
1952
1951
1949
1950
1949
1949
1946
1949
1953
1949
1947
1950
1951
1948
1949
1949
1946
1947
1948
1949
1947
1947
1950
1949
1949
1951
1945
1944
1949
1949
1949
1947
1945
1949
1946
1945
1949
1944
1947
1950
1947
1946
1947
1946
1947
1949
1949
1946
1947
1946
1947
1945
1946
1948
1947
1943
1947
1943
1943
1943
1946
1949
1943
1945
1947
1947
1946
1945
1941
1946
1939
1945
1946
1945
1943
1942
1947
1941
1943
1946
1943
1945
1941
1943
1947
1943
1941
1943
1945
1946
1942
1943
1943
1943
1941
1943
1943
1943
1941
1942
1941
1946
1939
1940
1939
1943
1943
1943
1943
1943
1938
1947
1943
1943
1939
1943
1940
1941
1946
1941
1942
1941
1942
1938
1939
1940
1941
1941
1941
1942
1943
1939
1942
1941
1941
1941
1940
1939
1938
1943
1940
1938
1941
1939
1938
1939
1942
1941
1939
1940
1939
1938
1941
1940
1940
1942
1941
1938
1939
1939
1937
1938
1939
1938
1940
1939
1941
1941
1938
1937
1938
1937
1938
1938
1937
1936
1938
1939
1940
1937
1938
1938
1939
1941
1939
1939
1939
1937
1937
1938
1938
1936
1937
1937
1937
1937
1938
1938
1936
1936
1936
1936
1936
1936
1936
1937
1936
1937
1938
1936
1938
1936
1936
1938
1938
1938
1938
1936
1936
1937
1936
1937
1936
1936
1936
1937
1936
1937
1936
1937
1936
1937
1936
1938
1937
1936
1936
1941
1936
1936
1936
1938
1936
1936
1936
1936
1936
1936
1939
1936
1936
1936
1936
1937
1936
1936
1935
1936
1936
1936
1936
1936
1936
1936
1936
1937
1936
1936
1936
1934
1934
1936
1936
1936
1936
1936
1936
1936
1936
1936
1936
1936
1936
1935
1936
1936
1936
1936
1937
1935
1934
1936
1936
1935
1936
1936
1934
1936
1936
1936
1935
1936
1933
1933
1936
1936
1934
1933
1935
1933
1933
1936
1934
1934
1933
1935
1935
1933
1935
1933
1932
1933
1931
1932
1935
1936
1936
1937
1935
1935
1933
1933
1934
1933
1935
1935
1934
1936
1936
1935
1935
1932
1932
1933
1930
1933
1933
1936
1933
1935
1933
1933
1931
1932
1931
1934
1933
1933
1933
1933
1932
1935
1931
1932
1935
1929
1931
1931
1932
1931
1931
1933
1931
1929
1930
1935
1927
1930
1930
1931
1930
1932
1931
1927
1933
1931
1933
1931
1933
1931
1931
1931
1932
2158
2154
2157
2151
2155
2155
2154
2153
2150
2153
2154
2151
2150
2153
2148
2146
2150
2147
2147
2147
2150
2149
2151
2147
2147
2147
2144
2147
2149
2147
2145
2147
2145
2143
2146
2146
2144
2145
2147
2146
2144
2149
2141
2143
2140
2142
2138
2142
2141
2141
2139
2143
2141
2135
2139
2141
2142
2139
2141
2139
2139
2137
2139
2135
2139
2139
2139
2135
2138
2139
2134
2138
2138
2134
2137
2134
2133
2133
2135
2134
2137
2131
2132
2134
2135
2131
2131
2128
2130
2130
2133
2131
2129
2131
2130
2129
2129
2128
2128
2128
2130
2128
2128
2128
2130
2128
2129
2129
2128
2126
2128
2131
2128
2129
2128
2128
2128
2128
2128
2128
2126
2128
2128
2125
2127
2128
2123
2125
2127
2128
2123
2127
2123
2123
2125
2124
2122
2123
2122
2119
2123
2125
2125
2119
2121
2125
2123
2122
2122
2123
2123
2118
2121
2117
2122
2121
2119
2119
2116
2117
2116
2117
2117
2117
2117
2115
2116
2117
2115
2117
2115
2112
2115
2112
2112
2114
2115
2116
2112
2113
2114
2112
2112
2112
2112
2112
2112
2114
2113
2113
2112
2111
2114
2113
2112
2110
2111
2112
2111
2112
2111
2111
2111
2109
2112
2112
2110
2112
2110
2109
2108
2106
2106
2108
2106
2110
2109
2107
2106
2103
2106
2106
2108
2105
2105
2102
2109
2107
2103
2103
2105
2103
2106
2106
2102
2102
2105
2102
2101
2105
2102
2103
2107
2098
2101
2099
2103
2101
2100
2106
2099
2098
2101
2103
2101
2097
2098
2098
2100
2096
2101
2098
2096
2096
2098
2097
2099
2099
2099
2099
2095
2096
2098
2096
2095
2096
2097
2096
2098
2096
2096
2095
2096
2096
2096
2096
2096
2096
2095
2094
2095
2095
2096
2096
2094
2096
2096
2093
2096
2094
2096
2093
2095
2091
2094
2094
2091
2092
2091
2093
2093
2091
2094
2092
2093
2091
2095
2092
2091
2090
2093
2091
2091
2089
2089
2087
2091
2087
2089
2090
2087
2090
2086
2087
2089
2087
2086
2089
2086
2089
2086
2083
2085
2085
2087
2084
2085
2083
2087
2083
2082
2083
2085
2086
2082
2083
2081
2084
2085
2081
2081
2079
2080
2080
2080
2085
2081
2080
2081
2080
2083
2080
2079
2081
2079
2079
2078
2082
2082
2080
2080
2080
2081
2079
2081
2075
2078
2079
2079
2075
2080
2080
2079
2077
2077
2077
2077
2076
2077
2079
2078
2077
2075
2074
2074
2074
2077
2074
2075
2071
2074
2074
2071
2070
2072
2073
2072
2075
2073
2074
2070
2075
2071
2073
2073
2069
2069
2070
2069
2070
2069
2071
2069
2070
2069
2068
2067
2065
2066
2069
2068
2069
2069
2073
2068
2068
2067
2067
2065
2067
2069
2073
2067
2068
2067
2067
2065
2067
2064
2065
2064
2066
2066
2065
2067
2064
2066
2067
2064
2064
2064
2065
2064
2064
2066
2064
2064
2063
2064
2064
2064
2064
2063
2064
2064
2064
2064
2064
2063
2064
2064
2063
2064
2064
2064
2064
2064
2061
2060
2063
2064
2064
2064
2059
2061
2062
2061
2059
2059
2064
2060
2058
2059
2064
2057
2061
2062
2062
2057
2060
2061
2062
2060
2058
2055
2058
2055
2055
2059
2055
2058
2058
2058
2057
2055
2059
2059
2047
2058
2059
2053
2058
2055
2055
2047
2054
2054
2047
2057
2059
2047
2055
2047
2054
2047
2054
2044
2055
2047
2047
2047
2047
2047
2047
2045
2046
2047
2047
2053
2047
2047
2045
2047
2047
2046
2047
2047
2043
2045
2046
2046
2047
2046
2042
2045
2047
2041
2046
2043
2047
2042
2043
2045
2039
2045
2045
2045
2041
2043
2043
2044
2042
2041
2041
2042
2042
2039
2039
2039
2043
2038
2039
2041
2038
2044
2038
2042
2034
2039
2043
2040
2037
2038
2042
2039
2041
2038
2038
2037
2038
2039
2039
2038
2037
2034
2035
2036
2034
2035
2036
2038
2038
2039
2034
2035
2033
2035
2035
2034
2035
2034
2033
2033
2035
2037
2033
2033
2032
2032
2033
2035
2032
2033
2033
2032
2034
2033
2034
2032
2033
2033
2036
2032
2035
2031
2032
2034
2033
2032
2033
2032
2034
2032
2032
2030
2032
2031
2032
2032
2033
2032
2029
2031
2030
2032
2032
2032
2030
2031
2032
2032
2030
2030
2031
2031
2029
2031
2032
2031
2023
2029
2027
2031
2032
2031
2027
2027
2032
2027
2023
2030
2029
2028
2025
2027
2025
2025
2030
2025
2026
2027
2027
2026
2025
2023
2026
2026
2029
2025
2022
2023
2023
2023
2026
2028
2029
2022
2027
2025
2023
2023
2022
2023
2022
2025
2022
2019
2022
2022
2023
2023
2023
2023
2019
2026
2023
2020
2023
2022
2021
2022
2022
2023
2023
2020
2018
2023
2018
2023
2022
2026
2020
2019
2021
2020
2019
2017
2021
2018
2018
2017
2023
2021
2020
2020
2017
2019
2018
2019
2019
2016
2015
2019
2021
2021
2019
2017
2016
2015
2015
2016
2017
2016
2019
2013
2014
2015
2017
2014
2014
2016
2013
2012
2014
2017
2016
2015
2014
2016
2013
2015
2017
2011
2012
2016
2017
2015
2009
2013
2013
2015
2013
2013
2015
2007
2012
2015
2011
2013
2014
2012
2013
2011
2010
2010
2014
2011
2013
2010
2012
2010
2009
2011
2014
2011
2011
2011
2009
2007
2010
2010
2010
2007
2011
2005
2013
2007
2004
2011
2007
2007
2007
2010
2011
2007
2009
2007
2007
2007
2007
2008
2010
2007
2005
2006
2005
2005
2006
2006
2010
2003
2002
2006
2003
2001
2006
2002
2003
2004
2007
2005
2007
2006
2006
2005
2006
2005
2003
2005
2005
2002
2006
2003
2004
2005
2003
2002
2003
2000
2003
2005
2000
2004
2004
2002
2001
2000
2000
2002
2000
2002
2001
2000
2000
2002
2000
2000
2003
2000
2001
2000
2000
2000
2000
1999
2002
2000
2002
2000
2002
2000
2000
2002
2000
2000
2000
2000
1999
2000
2000
2000
1999
1998
1998
1999
1997
1995
1999
1999
1998
1998
2000
1999
2000
1999
1999
1997
2000
2000
1999
1999
1999
2000
1998
2000
1997
1998
1998
1998
2000
1999
2000
1998
1999
1998
1998
1995
1999
1993
1994
1998
1997
1993
1995
1998
1998
1997
1997
1993
1999
1995
1996
1995
1995
1994
1990
1995
1995
1994
1995
1995
1994
1995
1997
1993
1995
1995
1995
1995
1989
1994
1990
1991
1991
1990
1994
1993
1993
1994
1995
1990
1988
1994
1993
1993
1995
1993
1993
1991
1994
1991
1989
1994
1990
1992
1991
1990
1990
1990
1989
1989
1985
1989
1993
1990
1991
1990
1992
1991
1989
1991
1988
1990
1987
1989
1989
1990
1989
1989
1989
1988
1987
1987
1989
1987
1986
1986
1986
1985
1984
1987
1990
1988
1985
1989
1989
1985
1988
1984
1984
1987
1987
1986
1984
1985
1984
1984
1986
1985
1985
1985
1984
1985
1985
1985
1985
1985
1986
1984
1984
1984
1987
1985
1985
1985
1982
1984
1985
1984
1983
1984
1984
1984
1982
1984
1984
1983
1984
1984
1983
1984
1984
1982
1983
1984
1984
1984
1989
1983
1984
1984
1983
1981
1982
1983
1981
1984
1984
1985
1982
1983
1980
1984
1978
1982
1984
1979
1984
1982
1979
1981
1981
1983
1981
1979
1983
1981
1982
1981
1984
1981
1977
1978
1980
1979
1981
1979
1979
1981
1978
1981
1979
1980
1983
1982
1978
1981
1981
1981
1977
1980
1979
1979
1981
1978
1977
1978
1979
1977
1983
1981
1975
1981
1979
1978
1977
1978
1975
1974
1978
1978
1975
1978
1977
1980
1975
1977
1975
1978
1980
1974
1974
1975
1975
1974
1969
1979
1977
1972
1975
1977
1977
1973
1974
1978
1974
1975
1975
1971
1977
1973
1974
1974
1973
1974
1971
1971
1972
1970
1971
1971
1973
1973
1971
1972
1974
1972
1972
1971
1973
1971
1971
1970
1970
1969
1970
1971
1973
1972
1971
1969
1970
1971
1969
1973
1972
1973
1969
1969
1971
1973
1968
1968
1974
1969
1971
1971
1968
1968
1969
1971
1973
1968
1969
1971
1974
1969
1969
1968
1968
1969
1970
1968
1968
1969
1970
1969
1973
1967
1968
1969
1968
1969
1969
1971
1968
1970
1969
1971
1968
1968
1968
1968
1968
1971
1968
1968
1968
1967
1967
1968
1968
1968
1968
1968
1968
1968
1968
1968
1967
1968
1968
1968
1968
1966
1968
1968
1968
1968
1968
1965
1966
1968
1967
1966
1967
1968
1967
1968
1968
1968
1968
1968
1968
1965
1968
1967
1965
1966
1968
1968
1967
1967
1967
1967
1968
1968
1966
1966
1969
1965
1968
1968
1961
1964
1962
1965
1963
1965
1966
1968
1966
1965
1966
1962
1965
1965
1963
1965
1963
1962
1963
1962
1967
1966
1965
1962
1965
1962
1966
1962
1963
1965
1967
1963
1959
1964
1959
1962
1965
1963
1961
1962
1967
1965
1964
1963
1962
1962
1962
1963
1961
1963
1965
1963
1959
1963
1963
1962
1963
1962
1962
1963
1962
1961
1963
1962
1963
1958
1959
1963
1961
1963
1958
1963
1957
1959
1959
1958
1959
1959
1959
1959
1957
1958
1958
1954
1956
1959
1957
1957
1959
1959
1959
1958
1959
1955
1962
1962
1958
1957
1959
1955
1958
1961
1957
1961
1959
1958
1959
1958
1956
1955
1956
1957
1959
1959
1959
1953
1959
1957
1958
1957
1956
1959
1955
1956
1958
1952
1957
1955
1959
1954
1954
1957
1958
1957
1959
1955
1955
1957
1955
1955
1957
1956
1954
1954
1954
1952
1954
1953
1951
1955
1957
1953
1954
1953
1953
1951
1956
1955
1953
1955
1953
1953
1957
1953
1952
1953
1955
1958
1953
1953
1950
1954
1954
1951
1953
1954
1955
1956
1954
1952
1951
1952
1952
1953
1953
1956
1956
1951
1955
1957
1951
1953
1953
1951
1950
1952
1954
1956
1953
1954
1951
1951
1953
1950
1950
1953
1949
1953
1950
1950
1955
1953
1951
1953
1949
1951
1949
1951
1951
1949
1948
1949
1951
1951
1951
1951
1951
1951
1949
1954
1950
1951
1951
1949
1952
1950
1950
1947
1951
1950
1953
1949
1950
1951
1949
1947
1953
1949
1949
1946
1950
1949
1951
1949
1949
1947
1947
1949
1947
1947
1950
1951
1949
1949
1951
1949
1948
1947
1951
1949
1947
1950
1947
1946
1949
1947
1947
1945
1947
1950
1950
1949
1950
1950
1946
1950
1948
1947
1946
1951
1946
1947
1947
1943
1945
1948
1945
1941
1947
1946
1946
1946
1942
1945
1943
1943
1949
1942
1943
1946
1945
1942
1943
1943
1945
1945
1947
1948
1943
1945
1943
1949
1948
1947
1946
1945
1943
1942
1941
1943
1943
1945
1943
1941
1943
1946
1943
1946
1945
1945
1945
1943
1942
1942
1942
1940
1943
1943
1941
1941
1945
1942
1941
1943
1942
1939
1942
1947
1945
1945
1943
1941
1942
1940
1943
1943
1941
1939
1942
1941
1941
1942
1941
1939
1939
1942
1942
1942
1943
1943
1942
1941
1939
1942
1937
1939
1939
1939
1941
1941
1941
1940
1938
1941
1939
1939
1937
1941
1942
1939
1938
1941
1939
1939
1941
1937
1939
1942
1941
1940
1939
1937
1940
1937
1938
1937
1936
1939
1939
1937
1937
1936
1939
1936
1939
1939
1938
1936
1938
1939
1938
1940
1936
1937
1939
1937
1936
1937
1938
1938
1937
1941
1936
1936
1936
1941
1937
1939
1938
1936
1938
1936
1936
1936
1939
1937
1937
1938
1938
1936
1936
1936
1936
1937
1936
1937
1936
1936
1936
1936
1937
1939
1936
1936
1938
1936
1935
1936
1937
1936
1936
1936
1936
1936
1937
1936
1936
1938
1938
1937
1936
1937
1936
1936
1936
1936
1939
1936
1937
1937
1935
1936
1936
1936
1936
1936
1936
1937
1936
1938
1936
1936
1938
1936
1936
1936
1936
1936
1937
1936
1936
1936
1936
1936
1935
1935
1935
1936
1935
1936
1936
1935
1933
1936
1936
1936
1937
1936
1936
1935
1935
1936
1935
1935
1936
1935
1936
1934
1936
1935
1936
1936
1936
1936
1936
1935
1931
1936
1936
1933
1934
1934
1936
1933
1933
1935
1936
1931
1935
1935
1935
1935
1934
1931
1934
1936
1933
1936
1931
1933
1934
1935
1930
1931
1936
1935
1936
1934
1934
1935
1933
1933
1931
1935
1933
1933
1933
1694
855
213
0
0
0
0
0
0
0
0
0
0
0
0
0
0
0
0
0
0
0
0
0
0
0
0
0
0
0
0
0
0
0
0
0
0
0
0
0
0
0
0
0
0
0
0
0
0
0
0
0
0
0
0
0
0
0
0
0
0
0
0
0
0
0
0
0
0
0
0
0
0
0
0
0
0
0
0
0
0
0
0
0
0
0
0
0
0
0
0
0
0
0
0
0
0
0
0
0
0
0
0
0
0
0
0
0
0
0
0
0
0
0
0
0
0
0
0
0
0
0
0
0
0
0
0
0
0
0
0
0
0
0
0
0
0
0
0
0
0
0
0
0
0
0
0
0
0
0
0
0
0
0
0
0
0
0
0
0
0
0
0
0
0
0
0
0
0
0
0
0
0
0
0
0
0
0
0
0
0
0
0
0
0
0
0
0
0
0
0
0
0
0
0
0
0
0
0
0
0
0
0
0
0
0
0
0
0
0
0
0
0
0
0
0
0
0
0
0
0
0
0
0
0
0
0
0
0
0
0
0
0
0
0
0
0
0
0
0
0
0
0
0
0
0
0
0
0
0
0
0
0
0
0
0
0
0
0
0
0
0
0
0
0
0
0
0
0
0
0
0
0
0
0
0
0
0
0
0
0
0
0
0
0
0
0
0
0
0
0
0
0
0
0
0
0
0
0
0
0
0
0
0
0
0
0
0
0
0
0
0
0
0
0
0
0
0
0
0
0
0
0
0
0
0
0
0
0
0
0
0
0
0
0
0
0
0
0
0
0
0
0
0
0
0
0
0
0
0
0
0
0
0
0
0
0
0
0
0
0
0
0
0
0
0
0
0
0
0
0
0
0
0
0
0
0
0
0
0
0
0
0
0
0
0
0
0
0
0
0
0
0
0
0
0
0
0
0
0
0
0
0
0
0
0
0
0
0
0
0
0
0
0
0
0
0
0
0
0
0
0
0
0
0
0
0
0
1
0
3
7
9
6
13
15
14
16
17
16
20
22
21
22
26
26
31
32
32
33
39
39
40
41
43
46
46
48
48
52
49
51
54
53
53
57
59
61
62
65
66
66
67
69
74
75
78
79
80
80
82
80
83
82
83
85
91
92
91
94
97
98
97
101
100
106
107
109
108
110
112
112
114
114
112
118
119
121
124
127
128
129
128
129
129
134
133
134
140
141
142
142
144
146
146
148
144
147
150
156
157
160
158
159
162
160
165
169
168
167
170
174
175
174
176
177
176
178
182
182
183
188
187
189
190
192
192
194
197
199
200
202
199
205
202
205
208
208
208
210
213
211
215
214
220
220
222
222
225
223
227
227
230
234
234
236
234
240
239
240
240
241
241
244
247
243
247
253
253
256
254
256
256
260
257
265
263
262
265
268
267
269
272
272
272
274
274
274
277
277
279
283
286
288
287
290
289
291
292
294
295
295
297
301
298
304
304
305
304
305
308
311
309
311
310
313
317
317
314
320
320
320
321
323
325
325
329
329
331
333
333
336
335
336
336
339
336
340
341
345
345
346
347
343
351
355
353
353
353
358
355
358
362
363
365
368
368
368
369
368
368
373
372
373
373
375
376
379
383
383
384
383
384
389
390
391
391
389
393
395
397
398
395
395
400
399
406
403
404
402
405
410
410
408
415
415
415
415
417
419
416
421
423
422
426
427
428
428
431
429
429
433
432
434
434
435
436
437
442
443
443
443
447
446
448
448
450
450
451
450
452
455
459
458
461
462
464
464
462
463
465
466
470
465
471
469
467
470
474
475
475
475
478
479
481
479
487
483
490
486
489
487
491
493
493
496
495
497
497
498
497
497
500
501
502
508
507
508
511
511
510
511
511
511
511
511
523
511
524
524
528
528
532
528
529
530
531
535
531
535
534
536
539
538
539
543
543
546
546
547
546
546
551
553
554
558
554
555
557
560
560
560
560
563
563
565
565
566
567
566
569
573
573
575
573
572
576
578
576
581
579
579
583
578
585
584
584
592
589
589
591
592
592
592
592
593
592
595
594
597
598
598
599
603
603
608
603
607
609
610
609
611
611
614
610
616
618
619
619
617
624
621
624
624
624
624
623
625
626
629
626
631
631
634
631
638
639
638
638
638
641
639
640
641
644
643
645
645
650
651
647
655
653
654
656
653
656
656
657
659
659
658
659
662
659
663
666
667
667
670
669
670
670
672
675
673
677
679
677
681
678
682
682
686
687
687
688
687
689
688
688
688
692
690
693
690
693
697
693
699
700
699
699
702
701
704
704
708
704
704
709
705
708
711
710
710
711
712
716
717
720
720
720
720
720
721
721
725
722
725
726
727
726
727
731
729
731
727
734
735
735
735
737
739
741
739
741
739
742
742
747
749
747
747
748
751
751
754
756
752
752
755
752
754
758
757
761
760
762
761
762
765
762
759
765
767
768
769
769
771
769
771
773
774
774
777
777
780
781
779
782
783
781
784
783
782
784
786
786
785
785
787
789
791
788
789
790
794
794
794
800
799
799
798
799
800
803
805
807
807
807
805
812
811
809
813
812
814
815
815
816
816
816
817
818
816
819
817
822
822
822
821
825
824
827
825
829
829
829
830
830
832
832
834
835
836
835
840
839
839
839
839
846
843
845
843
845
846
847
848
847
848
848
852
848
848
851
853
855
853
855
855
857
857
858
860
862
862
864
863
863
866
867
865
867
870
867
870
877
871
874
874
872
878
877
877
879
879
880
877
880
880
881
880
882
882
885
883
885
883
885
886
887
890
889
893
891
895
894
896
896
896
896
899
898
897
899
901
901
903
901
903
907
906
910
907
911
911
910
911
911
912
911
916
912
914
914
914
918
918
916
917
922
918
923
921
925
926
921
923
926
926
930
929
931
930
929
933
931
933
933
937
938
939
942
941
938
942
941
942
941
944
943
944
944
944
943
944
944
945
946
947
948
950
950
955
949
953
955
953
955
958
959
958
960
958
960
960
962
964
962
962
963
965
965
963
966
969
969
968
971
970
973
971
973
975
975
976
977
976
976
976
977
978
978
983
981
982
979
983
986
986
987
983
986
987
991
987
989
993
990
990
993
991
995
993
997
997
999
998
995
1002
999
998
1002
1003
1006
1002
1006
1006
1005
1007
1008
1008
1007
1005
1008
1008
1011
1011
1014
1013
1011
1012
1015
1015
1010
1017
1015
1015
1019
1021
1018
1020
1022
1022
1023
1021
1023
1023
1023
1035
1023
1023
1033
1034
1034
1033
1035
1040
1036
1039
1039
1040
1038
1040
1040
1040
1040
1042
1041
1044
1047
1041
1044
1047
1045
1049
1045
1046
1047
1051
1051
1052
1052
1049
1056
1054
1053
1056
1057
1059
1057
1057
1058
1061
1066
1062
1061
1063
1064
1067
1066
1068
1067
1066
1070
1072
1071
1072
1071
1071
1071
1072
1072
1072
1072
1072
1074
1076
1078
1078
1076
1078
1077
1075
1079
1086
1083
1083
1084
1086
1083
1085
1083
1086
1084
1086
1088
1088
1089
1090
1089
1093
1092
1091
1090
1090
1091
1095
1095
1095
1095
1095
1094
1095
1100
1101
1101
1099
1101
1101
1103
1103
1104
1103
1104
1104
1104
1107
1104
1107
1106
1107
1105
1107
1108
1110
1109
1108
1111
1113
1117
1115
1117
1117
1118
1114
1119
1119
1118
1121
1117
1121
1123
1120
1123
1122
1127
1129
1125
1127
1126
1130
1131
1128
1127
1125
1129
1134
1134
1134
1136
1133
1134
1134
1136
1136
1136
1138
1136
1136
1137
1136
1138
1142
1139
1139
1142
1142
1141
1142
1145
1142
1143
1143
1142
1146
1147
1149
1149
1152
1153
1152
1152
1152
1152
1151
1151
1154
1152
1153
1156
1157
1157
1157
1158
1157
1161
1161
1157
1161
1163
1165
1162
1164
1161
1166
1160
1166
1168
1167
1168
1168
1168
1171
1169
1168
1168
1171
1170
1170
1170
1171
1172
1171
1174
1171
1175
1174
1175
1179
1178
1179
1175
1175
1181
1179
1183
1183
1180
1184
1183
1183
1186
1181
1184
1181
1182
1185
1187
1186
1187
1191
1188
1190
1193
1194
1194
1191
1195
1191
1197
1194
1197
1197
1193
1199
1198
1199
1197
1200
1200
1202
1200
1201
1200
1201
1202
1203
1201
1205
1202
1206
1206
1203
1206
1206
1206
1208
1205
1206
1211
1209
1211
1205
1213
1213
1214
1214
1211
1213
1215
1214
1218
1215
1216
1217
1219
1215
1216
1218
1225
1218
1219
1225
1221
1221
1223
1223
1225
1222
1225
1222
1225
1223
1227
1226
1229
1229
1226
1230
1231
1230
1232
1231
1232
1232
1232
1232
1234
1232
1233
1235
1234
1234
1237
1236
1233
1237
1238
1235
1239
1243
1244
1237
1238
1243
1242
1243
1245
1244
1244
1246
1246
1245
1248
1249
1248
1247
1247
1252
1251
1252
1249
1250
1251
1253
1257
1254
1250
1257
1254
1255
1258
1257
1254
1259
1259
1260
1258
1261
1260
1262
1263
1262
1263
1264
1264
1259
1265
1264
1264
1264
1265
1264
1264
1266
1265
1266
1265
1268
1269
1271
1268
1273
1270
1273
1271
1276
1273
1271
1274
1275
1269
1274
1277
1278
1276
1275
1278
1276
1275
1277
1278
1278
1278
1281
1279
1280
1280
1281
1282
1282
1280
1284
1287
1285
1286
1287
1286
1290
1289
1287
1287
1293
1290
1291
1291
1291
1293
1294
1291
1294
1293
1294
1294
1296
1296
1296
1295
1296
1296
1296
1297
1296
1296
1296
1298
1296
1297
1298
1299
1303
1297
1300
1301
1303
1304
1303
1301
1305
1309
1308
1305
1306
1309
1307
1309
1307
1312
1307
1311
1311
1314
1313
1313
1313
1314
1311
1314
1315
1315
1314
1313
1315
1316
1315
1316
1317
1314
1321
1318
1321
1323
1325
1319
1319
1325
1322
1325
1325
1321
1325
1325
1326
1328
1326
1328
1328
1328
1328
1327
1327
1328
1331
1329
1330
1330
1328
1333
1330
1329
1330
1331
1330
1331
1334
1331
1337
1331
1335
1335
1331
1336
1334
1337
1339
1338
1339
1339
1341
1341
1342
1342
1341
1343
1343
1341
1342
1343
1344
1345
1346
1343
1346
1346
1347
1348
1350
1570
1573
1571
1569
1571
1573
1569
1569
1570
1573
1571
1571
1574
1571
1567
1572
1573
1574
1576
1574
1575
1574
1572
1570
1573
1579
1572
1574
1579
1575
1577
1575
1578
1578
1579
1575
1577
1574
1577
1577
1577
1577
1580
1577
1579
1575
1580
1581
1578
1577
1582
1581
1581
1582
1583
1583
1582
1582
1584
1583
1584
1583
1584
1584
1584
1584
1583
1584
1583
1582
1584
1584
1587
1584
1587
1584
1585
1584
1584
1584
1585
1584
1585
1587
1585
1586
1586
1585
1587
1584
1584
1586
1584
1585
1589
1590
1587
1587
1585
1590
1591
1589
1588
1594
1591
1587
1593
1595
1594
1588
1591
1589
1594
1594
1595
1589
1592
1589
1590
1591
1594
1595
1597
1590
1594
1594
1596
1597
1598
1595
1600
1598
1600
1594
1597
1599
1598
1595
1595
1599
1598
1600
1600
1600
1600
1600
1602
1600
1599
1600
1600
1600
1600
1600
1602
1605
1599
1601
1601
1600
1603
1601
1603
1601
1605
1601
1601
1603
1605
1603
1601
1600
1603
1600
1600
1603
1607
1603
1609
1606
1609
1603
1605
1607
1603
1607
1603
1602
1605
1609
1607
1611
1607
1605
1610
1603
1607
1607
1609
1609
1609
1611
1607
1613
1610
1610
1613
1611
1611
1612
1612
1614
1613
1614
1611
1613
1616
1613
1614
1615
1615
1615
1613
1613
1613
1613
1616
1616
1616
1616
1616
1616
1615
1616
1617
1616
1616
1616
1616
1618
1618
1616
1617
1615
1617
1617
1616
1616
1616
1616
1616
1616
1617
1618
1618
1616
1619
1621
1619
1617
1621
1618
1622
1620
1621
1619
1621
1619
1619
1621
1623
1621
1621
1622
1617
1622
1621
1627
1625
1623
1622
1627
1621
1625
1629
1626
1626
1626
1628
1626
1626
1623
1626
1629
1629
1627
1632
1627
1626
1629
1630
1629
1631
1629
1627
1631
1628
1627
1630
1631
1631
1630
1631
1631
1631
1630
1632
1630
1632
1633
1631
1631
1630
1634
1631
1637
1631
1635
1635
1635
1634
1632
1635
1637
1633
1634
1634
1634
1636
1636
1635
1636
1635
1634
1635
1633
1635
1637
1638
1639
1635
1637
1638
1638
1642
1638
1642
1639
1639
1641
1641
1639
1641
1641
1637
1641
1641
1640
1641
1643
1643
1639
1644
1639
1644
1642
1641
1641
1646
1643
1645
1645
1641
1643
1639
1643
1645
1642
1646
1643
1643
1646
1642
1646
1645
1644
1647
1647
1647
1646
1648
1645
1648
1648
1645
1648
1648
1647
1648
1648
1648
1648
1649
1648
1648
1648
1649
1648
1651
1648
1648
1648
1648
1650
1649
1649
1648
1649
1649
1651
1650
1649
1648
1651
1653
1649
1651
1651
1652
1650
1650
1658
1650
1652
1653
1654
1649
1654
1652
1655
1657
1655
1655
1653
1655
1655
1659
1654
1655
1654
1658
1654
1655
1659
1655
1655
1655
1654
1655
1657
1658
1657
1658
1655
1659
1659
1655
1658
1661
1663
1659
1661
1661
1660
1661
1658
1659
1661
1659
1663
1660
1661
1659
1664
1661
1659
1662
1661
1663
1659
1664
1661
1662
1660
1663
1664
1662
1665
1663
1663
1663
1664
1661
1666
1663
1662
1663
1667
1664
1664
1664
1664
1665
1665
1665
1667
1664
1665
1668
1666
1665
1667
1667
1669
1666
1664
1664
1666
1669
1669
1670
1671
1667
1667
1667
1667
1670
1669
1669
1669
1670
1670
1669
1670
1667
1667
1669
1670
1671
1671
1674
1670
1668
1674
1675
1670
1675
1675
1677
1671
1676
1675
1678
1675
1675
1679
1670
1675
1670
1679
1675
1679
1675
1675
1674
1671
1674
1677
1679
1679
1674
1675
1679
1678
1679
1675
1675
1680
1680
1678
1679
1679
1678
1677
1679
1680
1678
1679
1680
1677
1679
1678
1678
1679
1680
1677
1680
1680
1679
1680
1681
1680
1680
1680
1680
1680
1680
1680
1680
1680
1680
1682
1680
1679
1682
1680
1680
1680
1680
1682
1683
1681
1682
1682
1681
1683
1681
1687
1681
1681
1681
1683
1685
1687
1681
1682
1683
1680
1683
1686
1683
1686
1683
1687
1683
1686
1689
1690
1685
1686
1687
1685
1685
1689
1686
1690
1684
1688
1685
1687
1686
1686
1689
1686
1693
1687
1690
1691
1687
1688
1685
1691
1689
1687
1687
1687
1690
1691
1691
1693
1691
1692
1692
1693
1693
1693
1692
1692
1694
1695
1695
1695
1692
1693
1697
1693
1695
1693
1695
1695
1694
1694
1694
1696
1693
1694
1695
1694
1695
1694
1697
1695
1698
1699
1695
1694
1695
1695
1698
1698
1699
1696
1698
1696
1698
1696
1695
1695
1700
1702
1697
1697
1700
1701
1695
1698
1698
1698
1699
1699
1701
1699
1703
1697
1701
1699
1702
1703
1702
1699
1701
1701
1699
1699
1699
1701
1703
1700
1699
1701
1702
1702
1706
1705
1703
1702
1705
1705
1706
1705
1701
1707
1702
1703
1703
1706
1705
1703
1707
1706
1704
1701
1707
1705
1703
1706
1709
1706
1709
1707
1704
1707
1709
1707
1703
1712
1702
1707
1705
1709
1708
1710
1711
1707
1710
1707
1710
1709
1709
1709
1711
1712
1710
1711
1711
1711
1710
1712
1709
1710
1709
1710
1711
1710
1709
1712
1711
1710
1710
1712
1711
1712
1710
1711
1712
1709
1712
1710
1710
1711
1712
1712
1712
1712
1712
1710
1712
1713
1712
1712
1714
1712
1713
1713
1712
1712
1714
1712
1713
1713
1714
1712
1712
1713
1715
1716
1714
1715
1717
1713
1713
1716
1713
1715
1713
1717
1715
1714
1717
1712
1715
1716
1713
1718
1714
1714
1715
1719
1714
1717
1717
1716
1722
1718
1718
1721
1716
1716
1715
1718
1717
1719
1719
1718
1718
1717
1715
1715
1719
1719
1717
1717
1717
1718
1717
1718
1718
1718
1719
1719
1722
1718
1723
1723
1722
1719
1723
1722
1723
1719
1723
1721
1722
1719
1721
1719
1722
1722
1719
1724
1724
1723
1722
1721
1722
1723
1723
1723
1727
1723
1723
1726
1725
1723
1721
1722
1727
1725
1724
1724
1725
1725
1726
1730
1725
1725
1725
1725
1726
1726
1725
1725
1725
1725
1726
1728
1727
1726
1725
1727
1727
1727
1727
1728
1729
1728
1727
1727
1728
1726
1728
1727
1727
1729
1728
1732
1728
1730
1728
1728
1729
1727
1729
1729
1730
1727
1728
1730
1731
1732
1732
1730
1729
1730
1729
1731
1733
1728
1729
1731
1733
1729
1732
1731
1731
1731
1729
1733
1729
1729
1735
1733
1733
1733
1733
1734
1734
1733
1733
1734
1735
1732
1732
1733
1734
1735
1733
1735
1733
1734
1732
1732
1738
1734
1737
1733
1733
1737
1734
1737
1735
1734
1737
1738
1737
1732
1737
1739
1737
1737
1738
1738
1739
1733
1735
1739
1739
1740
1739
1742
1739
1737
1741
1738
1737
1737
1737
1739
1741
1738
1738
1739
1742
1738
1740
1744
1744
1742
1735
1739
1741
1743
1742
1742
1743
1743
1741
1741
1742
1739
1741
1742
1739
1743
1743
1741
1739
1744
1744
1743
1743
1741
1741
1743
1741
1743
1744
1742
1742
1744
1744
1744
1743
1744
1744
1743
1744
1744
1742
1744
1743
1744
1744
1744
1744
1746
1744
1744
1743
1743
1744
1744
1744
1743
1744
1746
1745
1744
1744
1745
1746
1745
1745
1744
1744
1744
1744
1745
1744
1744
1747
1747
1744
1745
1744
1746
1745
1744
1746
1745
1746
1745
1746
1747
1747
1745
1747
1746
1746
1749
1747
1748
1746
1746
1749
1745
1744
1747
1748
1750
1745
1749
1749
1748
1748
1748
1747
1749
1747
1745
1746
1749
1747
1749
1749
1749
1751
1750
1749
1750
1748
1749
1749
1753
1753
1749
1751
1751
1749
1754
1751
1749
1751
1750
1757
1748
1751
1755
1750
1751
1750
1754
1754
1749
1754
1754
1754
1753
1751
1751
1751
1752
1756
1753
1755
1751
1753
1754
1754
1755
1757
1755
1755
1754
1755
1753
1754
1755
1753
1753
1754
1757
1755
1753
1755
1754
1756
1755
1755
1757
1758
1753
1756
1751
1757
1753
1756
1759
1758
1755
1755
1757
1755
1756
1757
1759
1758
1756
1757
1757
1757
1757
1759
1757
1759
1755
1756
1759
1756
1758
1762
1757
1757
1759
1760
1759
1755
1758
1759
1761
1759
1761
1758
1756
1758
1758
1762
1761
1759
1761
1759
1760
1761
1759
1761
1762
1763
1759
1764
1763
1763
1762
1763
1762
1761
1762
1761
1765
1761
1760
1762
1764
1762
1759
1761
1763
1764
1761
1762
1764
1763
1765
1765
1761
1763
1761
1763
1766
1761
1763
1761
1763
1768
1764
1762
1765
1765
1764
1769
1765
1766
1761
1763
1764
1766
1765
1763
1763
1766
1762
1765
1765
1762
1763
1765
1765
1767
1765
1766
1767
1770
1766
1767
1765
1763
1766
1771
1771
1766
1767
1769
1767
1767
1773
1765
1770
1766
1767
1769
1767
1769
1767
1769
1771
1765
1767
1768
1770
1769
1769
1769
1770
1767
1770
1770
1769
1767
1769
1770
1769
1769
1767
1770
1772
1771
1769
1769
1773
1775
1769
1772
1769
1771
1767
1770
1769
1775
1771
1771
1770
1775
1773
1774
1771
1775
1773
1773
1775
1776
1769
1771
1772
1775
1773
1774
1770
1773
1773
1772
1770
1771
1771
1774
1771
1772
1773
1775
1773
1773
1773
1775
1775
1774
1774
1773
1774
1776
1775
1776
1775
1775
1774
1774
1773
1776
1776
1773
1775
1775
1774
1774
1776
1774
1773
1776
1774
1775
1776
1776
1775
1776
1776
1775
1775
1775
1773
1777
1775
1776
1775
1776
1776
1780
1776
1775
1777
1776
1777
1776
1777
1775
1776
1776
1776
1776
1776
1776
1776
1779
1777
1781
1776
1776
1776
1776
1776
1776
1776
1777
1776
1777
1776
1777
1778
1777
1776
1776
1776
1776
1776
1776
1777
1776
1776
1776
1777
1778
1776
1777
1778
1777
1778
1781
1777
1778
1778
1776
1777
1778
1779
1776
1778
1777
1776
1776
1781
1779
1777
1777
1781
1779
1780
1778
1779
1779
1779
1781
1782
1778
1779
1778
1779
1782
1781
1778
1778
1779
1780
1779
1779
1779
1779
1782
1780
1779
1779
1783
1783
1780
1780
1783
1780
1781
1781
1781
1783
1779
1782
1782
1782
1781
1781
1782
1778
1783
1786
1783
1785
1781
1787
1785
1782
1781
1782
1781
1781
1781
1782
1782
1783
1781
1783
1786
1787
1782
1784
1786
1782
1785
1786
1785
1785
1785
1782
1789
1786
1783
1787
1783
1786
1782
1781
1787
1785
1787
1786
1783
1781
1786
1787
1782
1786
1786
1785
1783
1783
1782
1782
1785
1785
1787
1789
1789
1786
1783
1784
1789
1785
1787
1785
1783
1783
1789
1783
1789
1786
1783
1787
1783
1788
1787
1791
1787
1789
1787
1788
1790
1791
1790
1790
1788
1790
1789
1791
1787
1788
1787
1783
1790
1790
1791
1788
1789
1789
1791
1791
1791
1791
1789
1791
1791
1788
1790
1791
1789
1789
1791
1791
1791
1787
1787
1790
1789
1792
1791
1791
1792
1791
1789
1791
1789
1790
1791
1790
1791
1791
1791
1791
1792
1791
1794
1790
1791
1791
1791
1796
1791
1791
1793
1793
1791
1791
1794
1792
1792
1791
1793
1794
1792
1791
1792
1792
1791
1792
1792
1792
1791
1793
1792
1794
1792
1791
1793
1793
1793
1794
1793
1793
1797
1792
1793
1792
1792
1793
1793
1792
1794
1791
1794
1790
1792
1793
1791
1793
1792
1793
1792
1796
1793
1797
1794
1796
1795
1798
1795
1794
1793
1796
1795
1792
1794
1793
1797
1792
1792
1797
1795
1797
1796
1793
1794
1797
1795
1795
1794
1795
1797
1795
1798
1799
1795
1795
1797
1794
1793
1793
1798
1793
1794
1797
1795
1797
1798
1797
1797
1797
1795
1797
1795
1799
1798
1795
1797
1798
1796
1795
1797
1798
1797
1798
1798
1798
1797
1797
1798
1801
1802
1797
1798
1796
1799
1795
1798
1798
1797
1802
1796
1799
1797
1799
1800
1797
1799
1795
1798
1801
1803
1801
1799
1797
1798
1799
1799
1796
1803
1799
1797
1799
1799
1798
1798
1796
1798
1798
1797
1797
1801
1803
1799
1802
1803
1802
1803
1798
1799
1800
1801
1799
1801
1799
1802
1801
1798
1803
1801
1802
1803
1799
1802
1802
1803
1803
1803
1801
1803
1802
1801
1801
1805
1803
2013
2016
2015
2011
2010
2013
2015
2016
2014
2010
2013
2011
2014
2011
2011
2013
2010
2015
2011
2012
2007
2010
2007
2014
2007
2011
2005
2007
2010
2009
2006
2007
2005
2004
2005
2006
2005
2011
2008
2009
2005
2007
2003
2002
2004
2007
2002
2004
2002
2004
2005
2005
2003
2002
2003
2000
2001
2002
2001
2005
2005
2003
2001
2003
2001
2001
2002
2003
2003
2000
1999
2000
2000
2003
2000
2000
2000
2000
2000
2001
1999
2000
1999
2000
2000
2000
2000
2000
2000
2002
2000
2000
2000
2000
1998
2000
1998
1999
2000
2000
2000
1999
2000
1999
1998
1998
1998
1996
2000
2000
2000
1995
1999
1999
1996
1997
1997
1994
1994
1999
1995
1997
1999
1997
1995
1998
1993
1999
1997
1999
1995
1999
1991
1999
1998
1995
1993
1994
1993
1995
1994
1991
1995
1991
1991
1994
1997
1995
1990
1993
1991
1993
1997
1991
1991
1990
1994
1987
1987
1990
1994
1991
1991
1990
1989
1991
1991
1991
1991
1991
1994
1989
1986
1987
1987
1990
1989
1988
1989
1987
1987
1986
1989
1989
1987
1986
1991
1985
1987
1987
1987
1986
1989
1989
1990
1988
1988
1985
1987
1985
1986
1984
1985
1985
1982
1984
1984
1985
1984
1986
1986
1984
1985
1986
1985
1983
1983
1982
1984
1983
1984
1985
1984
1983
1984
1984
1986
1984
1983
1984
1982
1983
1983
1981
1982
1983
1983
1983
1983
1984
1983
1981
1982
1983
1982
1983
1983
1982
1982
1982
1980
1981
1983
1982
1981
1983
1979
1983
1980
1982
1978
1978
1979
1978
1977
1975
1975
1979
1978
1973
1979
1979
1979
1981
1981
1978
1975
1977
1978
1979
1975
1978
1978
1975
1977
1973
1981
1978
1974
1975
1974
1977
1974
1973
1975
1975
1974
1975
1971
1975
1975
1976
1973
1974
1975
1973
1970
1973
1971
1972
1973
1974
1975
1973
1975
1973
1977
1969
1970
1974
1973
1975
1970
1971
1971
1971
1973
1972
1972
1974
1973
1973
1973
1973
1972
1968
1969
1971
1969
1968
1969
1971
1973
1969
1971
1970
1970
1969
1974
1969
1970
1969
1970
1968
1970
1968
1969
1968
1973
1971
1968
1969
1968
1968
1969
1970
1968
1970
1970
1970
1970
1968
1968
1968
1968
1967
1967
1968
1968
1969
1968
1968
1967
1968
1968
1968
1968
1968
1969
1968
1970
1967
1968
1968
1968
1968
1968
1968
1968
1968
1966
1967
1968
1968
1968
1967
1967
1968
1965
1966
1968
1968
1965
1966
1963
1964
1969
1967
1965
1963
1963
1962
1963
1962
1961
1963
1964
1962
1963
1968
1965
1967
1966
1964
1963
1965
1962
1963
1966
1965
1966
1963
1962
1966
1966
1962
1963
1963
1966
1966
1959
1963
1962
1965
1964
1961
1965
1963
1962
1958
1960
1963
1962
1965
1963
1961
1961
1963
1963
1959
1960
1959
1959
1957
1959
1958
1955
1962
1958
1958
1955
1959
1958
1958
1961
1961
1963
1958
1959
1957
1955
1959
1958
1960
1956
1959
1958
1958
1958
1957
1958
1957
1958
1958
1955
1958
1957
1957
1955
1956
1958
1954
1957
1957
1958
1955
1957
1956
1955
1958
1958
1957
1956
1957
1958
1955
1953
1953
1957
1954
1955
1955
1954
1955
1954
1953
1953
1951
1955
1953
1953
1955
1951
1953
1955
1956
1954
1953
1951
1951
1952
1951
1953
1951
1954
1955
1952
1953
1950
1953
1954
1955
1952
1952
1954
1950
1951
1954
1951
1951
1947
1951
1951
1955
1951
1953
1952
1949
1947
1951
1951
1951
1949
1954
1950
1951
1949
1952
1949
1950
1949
1951
1952
1948
1950
1948
1949
1951
1950
1951
1948
1947
1949
1951
1951
1951
1947
1948
1950
1949
1946
1949
1946
1945
1946
1951
1947
1945
1950
1949
1947
1946
1949
1951
1949
1951
1943
1947
1943
1947
1946
1949
1947
1949
1945
1947
1946
1947
1945
1945
1946
1941
1946
1942
1946
1943
1945
1947
1942
1945
1943
1947
1946
1947
1946
1943
1943
1941
1943
1943
1939
1943
1939
1947
1944
1943
1939
1941
1941
1941
1938
1942
1942
1940
1941
1940
1941
1939
1947
1943
1946
1943
1941
1942
1941
1946
1941
1945
1942
1943
1941
1937
1940
1940
1942
1942
1939
1943
1942
1942
1941
1938
1943
1941
1941
1939
1939
1936
1941
1940
1941
1942
1941
1939
1938
1941
1939
1939
1938
1939
1941
1938
1939
1937
1937
1938
1941
1938
1939
1938
1937
1939
1937
1936
1937
1938
1937
1937
1937
1937
1937
1939
1936
1937
1936
1936
1940
1937
1936
1940
1937
1938
1939
1937
1940
1939
1936
1938
1937
1938
1937
1936
1937
1936
1937
1936
1937
1937
1936
1937
1936
1938
1936
1936
1936
1936
1936
1936
1938
1938
1936
1936
1937
1936
1936
1938
1935
1938
1936
1936
1936
1936
1936
1936
1936
1936
1936
1936
1936
1936
1936
1936
1935
1937
1936
1935
1935
1936
1936
1936
1933
1935
1933
1938
1936
1935
1936
1936
1936
1936
1934
1936
1936
1936
1935
1936
1935
1936
1934
1933
1935
1933
1934
1936
1934
1936
1934
1933
1933
1936
1934
1935
1931
1934
1935
1934
1936
1936
1933
1933
1934
1936
1935
1931
1932
1935
1933
1935
1931
1934
1933
1933
1935
1935
1935
1931
1933
1931
1929
1933
1931
1929
1934
1931
1932
1929
1933
1931
1929
1931
1931
1934
1930
1930
1934
1933
1934
1931
1935
1932
1934
1935
1933
1931
1934
1931
1926
1931
1929
1930
1929
1930
1931
1933
1929
1930
1927
1926
1931
1931
1931
1930
1931
1931
1926
1929
1929
1927
1930
1925
1929
1929
1933
1927
1927
1929
1926
1927
1929
1930
1927
1927
1927
1925
1927
1930
1927
1926
1927
1925
1926
1930
1926
1927
1925
1920
1931
1926
1929
1925
1926
1926
1927
1921
1926
1925
1926
1925
1925
1926
1925
1923
1927
1926
1925
1923
1924
1926
1926
1923
1925
1925
1926
1925
1923
1926
1925
1923
1922
1923
1925
1922
1921
1925
1926
1922
1924
1925
1923
1924
1923
1923
1926
1923
1921
1925
1924
1924
1924
1921
1923
1925
1923
1923
1925
1923
1924
1925
1923
1924
1923
1921
1925
1922
1923
1921
1922
1921
1921
1922
1920
1923
1923
1922
1920
1918
1921
1926
1919
1920
1925
1924
1922
1920
1922
1926
1922
1924
1923
1922
1922
1922
1921
1922
1921
1923
1920
1923
1921
1922
1923
1924
1922
1922
1921
1921
1921
1920
1921
1920
1920
1920
1924
1921
1919
1920
1919
1917
1921
1921
1922
1922
1919
1920
1920
1917
1920
1919
1919
1920
1918
1919
1920
1919
1920
1919
1919
1919
1919
1922
1921
1918
1919
1920
1920
1919
1920
1920
1921
1920
1920
1920
1920
1918
1920
1922
1918
1920
1920
1917
1918
1919
1919
1919
1918
1919
1919
1917
1919
1919
1920
1920
1918
1920
1919
1919
1919
1919
1919
1917
1921
1917
1917
1919
1918
1919
1919
1917
1917
1917
1916
1920
1920
1915
1918
1915
1918
1918
1915
1917
1916
1917
1917
1919
1917
1918
1915
1917
1919
1917
1915
1917
1917
1919
1917
1918
1916
1917
1918
1919
1918
1917
1915
1918
1915
1917
1919
1915
1914
1917
1918
1917
1914
1917
1917
1917
1915
1914
1915
1915
1916
1915
1917
1917
1914
1918
1915
1915
1913
1917
1917
1914
1915
1915
1918
1913
1918
1913
1918
1913
1914
1915
1917
1911
1917
1916
1914
1919
1914
1915
1918
1909
1911
1917
1910
1915
1915
1911
1914
1914
1917
1909
1915
1910
1913
1913
1913
1915
1911
1913
1913
1914
1909
1913
1911
1909
1911
1910
1911
1910
1914
1915
1908
1912
1913
1917
1911
1914
1913
1911
1911
1915
1914
1911
1907
1914
1913
1911
1913
1913
1911
1910
1907
1911
1911
1910
1911
1907
1914
1911
1910
1909
1911
1909
1914
1911
1911
1909
1909
1915
1911
1907
1911
1914
1909
1908
1911
1907
1914
1911
1908
1907
1909
1910
1907
1905
1909
1909
1908
1907
1910
1914
1907
1910
1909
1905
1905
1909
1907
1907
1909
1914
1910
1911
1909
1907
1909
1909
1907
1907
1911
1910
1907
1906
1906
1907
1909
1907
1907
1906
1911
1913
1910
1908
1905
1910
1905
1908
1907
1907
1907
1905
1910
1907
1906
1908
1909
1908
1906
1905
1904
1907
1907
1910
1909
1907
1907
1908
1907
1904
1909
1908
1906
1904
1906
1906
1909
1906
1905
1905
1905
1904
1909
1907
1905
1907
1905
1910
1909
1905
1907
1907
1906
1905
1907
1907
1906
1906
1905
1909
1905
1905
1905
1907
1909
1905
1906
1904
1904
1906
1904
1904
1905
1906
1905
1904
1905
1906
1904
1904
1908
1904
1904
1905
1905
1904
1904
1905
1904
1904
1905
1906
1905
1907
1904
1907
1904
1904
1904
1904
1904
1909
1906
1904
1904
1906
1905
1904
1904
1904
1904
1905
1905
1904
1904
1904
1904
1904
1904
1904
1904
1906
1901
1906
1906
1904
1904
1904
1906
1904
1903
1904
1904
1906
1904
1904
1905
1907
1904
1905
1904
1903
1905
1904
1904
1904
1903
1904
1904
1903
1904
1904
1905
1904
1904
1904
1905
1906
1904
1904
1905
1905
1902
1905
1902
1904
1903
1904
1902
1904
1904
1905
1904
1904
1904
1904
1904
1904
1905
1902
1904
1904
1904
1905
1904
1903
1904
1903
1903
1902
1902
1904
1904
1903
1903
1904
1902
1902
1904
1904
1904
1902
1903
1903
1904
1903
1904
1904
1904
1903
1903
1904
1902
1903
1904
1904
1904
1903
1902
1903
1903
1902
1902
1902
1900
1903
1904
1904
1903
1904
1903
1899
1902
1904
1901
1901
1904
1902
1900
1899
1904
1904
1903
1900
1903
1904
1901
1901
1901
1903
1902
1904
1902
1902
1902
1903
1902
1901
1901
1901
1902
1899
1904
1899
1903
1903
1903
1904
1902
1903
1901
1901
1904
1899
1902
1902
1899
1899
1900
1899
1904
1902
1900
1902
1903
1899
1902
1902
1903
1901
1901
1902
1903
1899
1899
1902
1901
1898
1902
1902
1901
1904
1903
1898
1900
1904
1899
1899
1903
1900
1901
1902
1899
1900
1901
1899
1901
1902
1902
1900
1900
1901
1897
1899
1899
1899
1902
1900
1897
1898
1904
1898
1895
1901
1898
1899
1901
1899
1901
1901
1898
1901
1902
1901
1895
1899
1899
1898
1898
1899
1903
1901
1901
1901
1901
1899
1899
1900
1898
1897
1903
1901
1899
1897
1902
1897
1899
1900
1899
1899
1901
1898
1902
1901
1898
1895
1897
1901
1899
1900
1903
1899
1897
1899
1898
1901
1900
1899
1897
1897
1899
1898
1899
1897
1897
1897
1902
1901
1902
1893
1897
1897
1895
1898
1897
1894
1898
1899
1898
1899
1897
1901
1902
1895
1899
1901
1898
1897
1900
1897
1897
1898
1895
1893
1895
1897
1899
1894
1897
1895
1897
1895
1897
1897
1898
1899
1895
1902
1894
1899
1898
1896
1895
1895
1893
1895
1895
1901
1894
1895
1894
1895
1895
1898
1895
1897
1899
1898
1898
1895
1897
1894
1898
1895
1894
1891
1895
1899
1897
1895
1895
1898
1899
1895
1898
1895
1898
1897
1897
1897
1898
1898
1894
1895
1895
1894
1895
1895
1895
1893
1897
1893
1899
1896
1897
1898
1891
1897
1894
1894
1895
1898
1898
1899
1895
1893
1895
1895
1898
1897
1894
1897
1894
1894
1894
1895
1899
1899
1895
1897
1892
1895
1895
1895
1896
1898
1898
1898
1893
1892
1895
1895
1895
1893
1897
1895
1893
1891
1896
1894
1894
1894
1891
1893
1895
1893
1894
1895
1893
1891
1895
1896
1892
1895
1893
1893
1895
1895
1893
1893
1895
1895
1893
1897
1893
1895
1895
1894
1893
1895
1894
1890
1893
1892
1893
1891
1898
1893
1896
1893
1892
1893
1894
1892
1892
1891
1891
1893
1891
1895
1891
1891
1894
1893
1893
1893
1892
1893
1894
1894
1891
1891
1891
1893
1894
1893
1895
1891
1894
1891
1894
1892
1891
1889
1895
1893
1894
1893
1893
1894
1891
1889
1895
1895
1895
1893
1893
1889
1894
1890
1892
1890
1893
1892
1894
1895
1893
1893
1889
1891
1891
1891
1891
1891
1893
1891
1891
1889
1891
1890
1890
1889
1889
1891
1890
1894
1891
1890
1897
1890
2115
2112
2113
2112
2112
2113
2115
2112
2112
2112
2112
2116
2112
2111
2111
2110
2111
2110
2111
2109
2110
2110
2109
2107
2109
2109
2110
2103
2109
2108
2106
2107
2105
2108
2107
2106
2103
2108
2106
2103
2102
2105
2103
2103
2103
2101
2101
2103
2105
2102
2103
2102
2099
2102
2102
2102
2099
2099
2100
2100
2099
2100
2099
2100
2098
2098
2097
2102
2097
2099
2098
2099
2096
2097
2097
2096
2096
2096
2097
2098
2099
2096
2096
2096
2096
2096
2096
2096
2096
2096
2096
2096
2094
2094
2095
2096
2095
2094
2096
2095
2091
2095
2095
2095
2095
2091
2094
2091
2089
2092
2087
2087
2092
2091
2092
2092
2089
2092
2087
2090
2091
2085
2091
2087
2085
2085
2090
2086
2088
2090
2086
2086
2086
2087
2089
2086
2086
2085
2085
2086
2087
2083
2086
2085
2083
2082
2084
2084
2084
2083
2082
2085
2082
2083
2082
2085
2080
2083
2082
2080
2079
2079
2079
2082
2080
2079
2077
2080
2079
2080
2080
2079
2080
2078
2077
2079
2075
2079
2076
2077
2077
2074
2074
2070
2077
2076
2078
2077
2071
2073
2073
2072
2077
2074
2073
2075
2070
2071
2071
2075
2075
2071
2073
2072
2071
2070
2070
2070
2071
2070
2070
2074
2064
2067
2071
2069
2071
2071
2070
2068
2066
2065
2067
2068
2069
2064
2068
2070
2067
2066
2068
2069
2068
2067
2064
2067
2064
2064
2065
2064
2064
2064
2062
2064
2064
2064
2064
2064
2064
2064
2064
2064
2064
2063
2064
2064
2064
2063
2063
2064
2064
2064
2064
2064
2063
2059
2063
2061
2060
2064
2064
2062
2061
2063
2063
2059
2060
2063
2061
2058
2059
2059
2061
2058
2063
2060
2059
2060
2054
2060
2059
2060
2060
2059
2058
2055
2061
2054
2061
2055
2059
2061
2056
2055
2054
2057
2055
2047
2053
2047
2047
2047
2057
2055
2055
2055
2055
2045
2047
2046
2047
2045
2053
2047
2047
2043
2047
2047
2046
2055
2044
2043
2046
2047
2047
2046
2045
2046
2045
2045
2043
2046
2042
2041
2043
2042
2046
2043
2045
2043
2041
2043
2045
2041
2039
2043
2038
2042
2041
2042
2042
2040
2042
2038
2039
2041
2037
2039
2041
2039
2039
2038
2036
2039
2039
2039
2038
2039
2037
2037
2034
2039
2035
2034
2037
2038
2035
2036
2032
2034
2035
2035
2033
2038
2038
2034
2035
2037
2036
2035
2035
2034
2035
2032
2032
2034
2034
2032
2033
2032
2033
2032
2031
2032
2032
2032
2032
2032
2033
2032
2032
2032
2032
2032
2032
2032
2032
2032
2032
2031
2032
2032
2032
2032
2031
2030
2032
2032
2031
2032
2029
2031
2031
2032
2032
2032
2031
2031
2032
2029
2029
2027
2027
2027
2029
2030
2029
2029
2027
2029
2030
2029
2023
2027
2027
2022
2027
2029
2030
2029
2027
2022
2028
2027
2026
2025
2027
2026
2026
2023
2023
2025
2021
2023
2023
2022
2025
2022
2023
2025
2027
2025
2023
2023
2019
2023
2026
2022
2022
2023
2020
2021
2023
2019
2018
2021
2021
2020
2022
2021
2021
2021
2019
2019
2021
2021
2018
2018
2017
2023
2017
2016
2017
2019
2019
2018
2019
2019
2021
2017
2017
2017
2016
2019
2015
2015
2015
2019
2015
2014
2016
2015
2012
2015
2012
2018
2015
2013
2015
2019
2016
2015
2014
2016
2014
2014
2013
2013
2013
2013
2013
2015
2014
2012
2011
2011
2013
2014
2015
2010
2010
2011
2013
2010
2013
2013
2010
2012
2013
2013
2013
2012
2010
2011
2012
2007
2012
2009
2012
2013
2010
2010
2006
2008
2006
2004
2005
2007
2007
2006
2006
2007
2009
2004
2009
2003
2005
2009
2007
2003
2005
2003
2010
2002
2007
2004
2005
2005
2006
2003
2003
2007
2010
2005
2007
2003
2005
2000
2002
2003
2001
2003
2001
2003
2000
2001
2002
2003
2002
2003
2000
2002
2003
2000
2002
2002
2002
2001
2002
2000
2002
2003
2001
2000
2000
2002
2000
2000
2000
2001
2000
2000
2000
2002
2001
2000
2000
2000
2000
2000
2000
1999
2000
2000
2000
2000
2000
2000
2000
1999
1999
2000
2000
1999
1999
2000
2000
1997
2000
2000
1998
1998
1999
2000
2000
2000
1999
1997
1997
2000
1995
1997
1998
1997
1997
1995
1999
1995
1998
1995
2000
1993
1997
1996
1997
1994
1995
1995
1997
1999
1994
1995
1993
1995
1993
1997
1996
1990
1991
1991
1990
1990
1991
1991
1996
1991
1991
1994
1991
1994
1996
1991
1995
1994
1994
1990
1993
1991
1991
1994
1990
1989
1991
1993
1991
1991
1988
1989
1991
1990
1993
1990
1987
1992
1993
1989
1990
1987
1989
1987
1986
1991
1989
1987
1986
1989
1989
1988
1987
1985
1989
1989
1985
1984
1985
1989
1989
1987
1986
1984
1990
1988
1985
1986
1989
1987
1985
1987
1987
1986
1984
1985
1986
1984
1986
1984
1984
1985
1984
1984
1983
1986
1986
1986
1984
1983
1986
1983
1983
1985
1981
1985
1986
1983
1983
1983
1984
1983
1984
1985
1978
1983
1984
1981
1983
1982
1984
1984
1981
1983
1983
1983
1981
1983
1982
1982
1979
1982
1981
1980
1981
1981
1982
1978
1976
1981
1981
1981
1978
1983
1975
1981
1978
1979
1981
1981
1981
1979
1979
1979
1977
1978
1979
1973
1982
1980
1978
1979
1977
1979
1982
1975
1981
1977
1978
1975
1975
1979
1979
1980
1978
1974
1979
1978
1978
1980
1977
1973
1977
1977
1977
1977
1978
1973
1976
1979
1975
1975
1977
1973
1973
1975
1975
1973
1975
1977
1975
1971
1975
1978
1975
1972
1973
1974
1970
1971
1975
1971
1975
1969
1972
1973
1970
1976
1971
1975
1975
1971
1975
1973
1971
1970
1970
1973
1970
1971
1968
1975
1973
1971
1973
1970
1970
1969
1969
1968
1970
1968
1972
1970
1972
1973
1970
1968
1969
1971
1968
1968
1971
1968
1968
1969
1970
1970
1968
1970
1968
1970
1968
1969
1971
1968
1969
1969
1968
1968
1968
1968
1968
1968
1968
1969
1969
1968
1970
1968
1968
1967
1969
1968
1968
1968
1967
1968
1968
1967
1968
1968
1968
1966
1967
1968
1968
1967
1967
1968
1968
1968
1968
1967
1968
1964
1968
1965
1965
1968
1968
1968
1968
1965
1966
1967
1966
1965
1967
1968
1967
1966
1968
1968
1968
1967
1967
1967
1968
1968
1963
1965
1966
1968
1967
1965
1966
1963
1966
1965
1967
1967
1964
1964
1965
1966
1963
1965
1967
1964
1961
1966
1966
1963
1965
1963
1965
1963
1963
1959
1963
1958
1959
1956
1965
1963
1961
1962
1956
1964
1963
1959
1963
1959
1962
1962
1960
1962
1961
1958
1963
1963
1958
1957
1963
1962
1959
1963
1963
1962
1959
1959
1959
1959
1959
1959
1962
1958
1963
1956
1957
1959
1958
1954
1957
1957
1962
1963
1957
1955
1962
1958
1963
1958
1959
1960
1957
1957
1957
1960
1961
1958
1954
1955
1958
1957
1959
1954
1962
1958
1955
1958
1955
1961
1954
1954
1954
1955
1957
1957
1957
1956
1955
1955
1957
1955
1954
1955
1955
1957
1957
1955
1954
1953
1956
1953
1954
1952
1949
1956
1954
1956
1953
1952
1953
1953
1955
1953
1954
1953
1953
1954
1950
1953
1956
1951
1954
1955
1954
1952
1953
1950
1950
1953
1951
1953
1952
1951
1953
1952
1952
1953
1951
1955
1952
1951
1952
1951
1952
1952
1953
1951
1951
1950
1951
1951
1951
1951
1952
1949
1951
1951
1950
1949
1952
1951
1951
1950
1951
1952
1950
1953
1950
1948
1947
1950
1950
1947
1951
1947
1943
1946
1947
1943
1945
1951
1943
1951
1945
1949
1948
1947
1949
1946
1947
1950
1949
1950
1947
1948
1946
1950
1947
1947
1949
1947
1946
1951
1949
1946
1949
1948
1942
1951
1946
1947
1948
1949
1945
1947
1943
1943
1948
1947
1946
1943
1946
1947
1947
1943
1948
1943
1945
1945
1948
1946
1943
1943
1945
1941
1945
1946
1945
1947
1942
1945
1943
1947
1947
1943
1942
1946
1941
1942
1943
1943
1943
1941
1941
1939
1943
1939
1941
1943
1943
1942
1946
1939
1942
1939
1939
1943
1938
1941
1943
1942
1943
1941
1942
1943
1939
1940
1941
1945
1942
1943
1943
1942
1941
1940
1939
1941
1939
1940
1939
1939
1940
1938
1942
1942
1940
1939
1939
1942
1942
1938
1938
1938
1942
1941
1938
1942
1939
1941
1938
1938
1939
1936
1937
1941
1939
1941
1942
1939
1936
1936
1936
1938
1942
1939
1936
1937
1938
1937
1938
1941
1937
1938
1939
1936
1939
1939
1937
1940
1938
1938
1939
1941
1938
1936
1936
1938
1936
1937
1936
1937
1937
1937
1937
1938
1936
1937
1939
1939
1936
1937
1937
1939
1937
1937
1938
1937
1936
1936
1938
1936
1936
1937
1936
1936
1937
1937
1936
1937
1936
1938
1936
1936
1936
1936
1937
1937
1935
1935
1936
1936
1936
1937
1936
1936
1935
1931
1935
1935
1936
1935
1936
1936
1936
1937
1936
1936
1934
1936
1936
1934
1936
1936
1936
1936
1935
1933
1936
1937
1936
1931
1934
1936
1935
1936
1936
1935
1933
1934
1933
1935
1936
1934
1934
1936
1935
1935
1935
1933
1935
1933
1934
1933
1936
1932
1933
1933
1934
1934
1933
1934
1935
1935
1934
1932
1935
1933
1933
1933
1933
1930
1931
1934
1934
1933
1934
1931
1933
1929
1930
1933
1933
1931
1930
1933
1931
1931
1935
1930
1931
1928
1927
1933
1927
1929
1930
1930
1932
1931
1931
1930
1929
1936
1929
1932
1931
1930
1931
1931
1932
1930
1929
1931
1929
1927
1927
1930
1929
1931
1933
1929
1930
1929
1931
1931
1930
1926
1932
1931
1932
1930
1929
1929
1927
1928
1929
1931
1926
1933
1925
1929
1931
1927
1930
1927
1929
1927
1929
1929
1931
1927
1925
1930
1929
1926
1929
1927
1929
1927
1931
1930
1927
1926
1928
1926
1926
1925
1927
1926
1927
1932
1931
1930
1926
1925
1930
1927
1927
1930
1927
1927
1924
1927
1925
1927
1926
1929
1925
1926
1925
1926
1927
1924
1923
1925
1925
1925
1924
1924
1927
1923
1925
1925
1923
1927
1926
1927
1927
1927
1923
1923
1925
1926
1925
1925
1924
1927
1924
1924
1925
1924
1924
1926
1926
1923
1924
1922
1930
1923
1924
1923
1926
1925
1923
1924
1922
1921
1926
1923
1922
1921
1924
1921
1923
1923
1924
1922
1923
1920
1920
1923
1922
1926
1923
1926
1923
1923
1922
1925
1922
1923
1920
1922
1922
1923
1921
1924
1922
1922
1923
1925
1920
1923
1925
1925
1925
1924
1922
1923
1921
1922
1921
1922
1922
1921
1922
1923
1927
1917
1923
1922
1922
1922
1922
1921
1922
1920
1922
1921
1922
1923
1923
1921
1921
1921
1921
1923
1923
1920
1919
1920
1919
1922
1920
1919
1920
1919
1920
1919
1921
1922
1920
1918
1920
1921
1919
1919
1922
1920
1922
1920
1920
1920
1919
1922
1915
1920
1920
1917
1920
1917
1920
1922
1920
1919
1919
1920
1922
1919
1920
1920
1919
1915
1920
1918
1920
1919
1919
1919
1919
1919
1916
1918
1920
1923
1919
1920
1922
1917
1921
1917
1922
1920
1917
1919
1921
1918
1918
1917
1918
1919
1919
1919
1918
1917
1917
1918
1918
1918
1921
1920
1920
1918
1919
1914
1921
1917
1917
1919
1919
1920
1917
1920
1918
1918
1919
1917
1916
1919
1917
1915
1915
1919
1919
1914
1915
1917
1917
1915
1915
1920
1914
1914
1917
1914
1917
1911
1919
1919
1919
1917
1916
1914
1918
1917
1915
1914
1913
1917
1915
1915
1914
1915
1916
1917
1915
1915
1916
1915
1918
1915
1916
1917
1913
1915
1915
1914
1917
1914
1913
1915
1911
1915
1914
1913
1910
1913
1917
1915
1915
1917
1915
1915
1914
1913
1913
1912
1915
1916
1915
1915
1918
1915
1917
1914
1913
1913
1911
1917
1914
1915
1913
1913
1913
1914
1913
1918
1913
1916
1915
1915
1910
1910
1913
1911
1915
1913
1914
1913
1915
1911
1910
1914
1913
1913
1910
1914
1913
1911
1910
1911
1909
1911
1914
1911
1913
1910
1914
1910
1911
1910
1910
1911
1915
1913
1913
1911
1915
1910
2141
2135
2137
2138
2137
2132
2134
2135
2132
2138
2138
2135
2137
2134
2134
2133
2134
2135
2135
2134
2131
2133
2138
2131
2134
2131
2130
2135
2130
2129
2130
2128
2128
2129
2128
2130
2130
2128
2128
2128
2128
2129
2127
2127
2124
2128
2128
2128
2127
2128
2128
2125
2127
2127
2128
2126
2124
2126
2127
2126
2127
2123
2127
2127
2128
2126
2125
2125
2124
2119
2121
2123
2122
2123
2119
2122
2118
2122
2119
2122
2122
2119
2122
2117
2117
2122
2117
2117
2119
2121
2117
2118
2116
2118
2117
2119
2116
2115
2117
2117
2117
2118
2117
2114
2113
2114
2111
2112
2112
2112
2112
2115
2115
2112
2114
2111
2112
2111
2112
2112
2113
2112
2112
2112
2112
2111
2111
2110
2111
2111
2112
2109
2111
2112
2110
2112
2109
2111
2106
2104
2107
2109
2105
2109
2106
2106
2107
2108
2103
2103
2107
2105
2102
2108
2103
2101
2103
2103
2102
2102
2101
2103
2106
2105
2099
2101
2103
2102
2103
2101
2103
2099
2100
2100
2100
2096
2099
2099
2097
2100
2098
2101
2098
2099
2098
2098
2096
2096
2098
2097
2099
2098
2096
2096
2096
2096
2096
2095
2096
2095
2096
2096
2096
2095
2095
2096
2095
2096
2096
2096
2096
2096
2095
2094
2096
2092
2096
2090
2094
2095
2095
2091
2094
2093
2093
2091
2093
2093
2094
2091
2095
2095
2091
2096
2094
2093
2086
2094
2091
2091
2087
2089
2087
2089
2091
2089
2087
2090
2085
2087
2087
2090
2087
2089
2085
2085
2087
2085
2086
2084
2086
2087
2085
2085
2083
2081
2084
2083
2081
2082
2085
2081
2081
2082
2081
2083
2085
2089
2080
2081
2083
2076
2077
2078
2079
2080
2079
2078
2079
2078
2077
2078
2079
2079
2078
2079
2079
2077
2076
2079
2079
2078
2075
2078
2078
2076
2081
2078
2074
2077
2077
2076
2074
2076
2076
2073
2076
2073
2075
2074
2075
2074
2078
2069
2069
2075
2077
2071
2070
2078
2070
2073
2075
2067
2068
2071
2073
2071
2071
2071
2069
2069
2071
2067
2066
2070
2070
2067
2067
2066
2069
2066
2066
2065
2066
2065
2065
2067
2067
2068
2068
2065
2065
2065
2064
2066
2064
2064
2065
2064
2064
2065
2063
2064
2064
2064
2065
2066
2064
2064
2064
2064
2064
2064
2062
2064
2062
2064
2063
2064
2064
2059
2062
2062
2064
2063
2063
2062
2062
2063
2062
2061
2061
2062
2059
2060
2061
2059
2061
2060
2059
2059
2060
2060
2060
2059
2062
2059
2059
2058
2059
2055
2058
2055
2061
2055
2058
2058
2057
2061
2055
2057
2057
2058
2055
2059
2047
2059
2054
2047
2047
2055
2047
2047
2053
2047
2047
2053
2053
2055
2047
2045
2046
2047
2047
2047
2055
2047
2045
2045
2046
2045
2043
2046
2045
2044
2047
2046
2044
2043
2045
2045
2044
2045
2042
2046
2045
2045
2045
2045
2045
2045
2047
2043
2042
2043
2047
2043
2042
2041
2042
2041
2043
2041
2040
2041
2039
2039
2038
2042
2038
2039
2041
2041
2038
2036
2038
2035
2039
2041
2041
2043
2037
2043
2037
2034
2037
2035
2037
2037
2034
2037
2037
2035
2038
2037
2034
2035
2034
2037
2034
2037
2032
2037
2032
2037
2035
2034
2032
2032
2033
2035
2034
2033
2033
2035
2037
2032
2034
2032
2032
2032
2032
2032
2032
2031
2031
2032
2032
2031
2032
2031
2030
2032
2032
2032
2032
2031
2032
2030
2032
2031
2032
2032
2030
2028
2031
2028
2032
2030
2029
2032
2031
2032
2029
2031
2028
2032
2030
2028
2029
2029
2027
2029
2025
2031
2030
2026
2025
2026
2031
2029
2029
2031
2025
2026
2029
2027
2026
2026
2027
2026
2023
2025
2026
2023
2025
2023
2026
2023
2022
2026
2023
2023
2026
2021
2022
2023
2023
2023
2023
2026
2022
2025
2021
2022
2023
2023
2022
2023
2022
2019
2021
2022
2024
2021
2019
2020
2021
2019
2020
2019
2018
2020
2019
2019
2018
2018
2018
2019
2018
2018
2020
2017
2018
2015
2019
2020
2020
2018
2017
2019
2017
2018
2017
2021
2017
2015
2017
2014
2015
2016
2014
2017
2018
2015
2017
2012
2017
2016
2013
2014
2013
2015
2014
2015
2014
2011
2014
2013
2015
2011
2014
2014
2013
2013
2011
2011
2014
2011
2010
2015
2014
2013
2013
2009
2009
2006
2010
2009
2010
2007
2012
2010
2009
2010
2013
2012
2009
2011
2012
2009
2011
2009
2005
2010
2007
2009
2012
2007
2008
2010
2011
2007
2011
2005
2007
2003
2011
2003
2005
2007
2009
2006
2003
2007
2002
2003
2003
2004
2005
2001
2005
2006
2006
2003
2005
2004
2007
2005
2005
2003
2006
2005
2002
2003
2003
2001
2001
2002
2000
2001
2004
2003
2004
2005
2001
2001
2001
2000
2003
2001
2000
2001
2003
2003
2003
2001
2000
2002
2000
2000
2002
2000
1999
2000
2000
1999
2000
2000
2000
2000
2000
2000
2001
2000
2000
2000
2000
1997
1999
1999
2000
2000
2000
2000
1999
2000
1997
1999
2000
2000
2000
2000
1999
1999
2000
1999
1999
1995
1996
1997
1999
1997
2000
2000
1995
1997
1999
1998
1996
2000
1998
1994
1996
1995
1995
1997
1994
1999
1998
1995
1997
1999
1994
1997
1995
1995
1997
1994
1997
1993
1997
1995
1995
1991
1989
1996
1994
1995
1994
1995
1995
1995
1995
1989
1990
1991
1995
1993
1994
1994
1991
1990
1990
1990
1995
1991
1991
1989
1991
1991
1990
1991
1991
1990
1990
1991
1987
1989
1990
1988
1994
1989
1987
1990
1989
1989
1989
1986
1989
1991
1989
1991
1990
1987
1989
1990
1988
1989
1984
1986
1989
1986
1986
1985
1989
1986
1986
1987
1989
1984
1985
1986
1986
1986
1988
1986
1989
1989
1985
1984
1984
1985
1985
1987
1987
1986
1984
1986
1981
1984
1984
1985
1987
1984
1983
1984
1984
1984
1984
1981
1983
1984
1982
1987
1983
1981
1984
1982
1985
1984
1983
1983
1983
1982
1982
1983
1982
1980
1985
1984
1982
1982
1979
1978
1983
1979
1978
1979
1979
1981
1983
1980
1981
1975
1983
1981
1979
1977
1980
1979
1981
1982
1975
1980
1978
1980
1979
1978
1979
1975
1977
1980
1979
1981
1982
1978
1980
1979
1981
1978
1979
1980
1974
1981
1978
1978
1978
1977
1977
1975
1975
1978
1973
1979
1977
1977
1976
1979
1973
1974
1975
1975
1974
1975
1972
1973
1978
1975
1973
1974
1975
1979
1973
1974
1975
1974
1975
1973
1973
1973
1973
1973
1974
1971
1974
1971
1971
1972
1973
1973
1973
1973
1972
1973
1974
1974
1973
1975
1973
1974
1973
1973
1971
1971
1971
1971
1971
1970
1970
1971
1971
1968
1971
1975
1973
1968
1969
1970
1970
1971
1972
1969
1969
1972
1969
1971
1969
1969
1972
1967
1969
1969
1968
1971
1970
1969
1969
1968
1968
1968
1968
1970
1968
1968
1968
1968
1968
1969
1968
1967
1971
1970
1968
1969
1969
1969
1968
1968
1968
1968
1970
1968
1968
1968
1969
1968
1968
1968
1969
1968
1967
1968
1968
1967
1968
1967
1968
1967
1968
1966
1968
1965
1966
1966
1967
1966
1968
1965
1967
1968
1967
1967
1968
1966
1967
1965
1968
1967
1967
1964
1963
1965
1966
1964
1968
1965
1968
1965
1966
1967
1966
1965
1966
1965
1965
1967
1963
1963
1968
1965
1964
1967
1968
1963
1963
1965
1965
1963
1964
1963
1963
1965
1966
1958
1963
1963
1963
1967
1962
1963
1964
1962
1963
1963
1961
1966
1962
1963
1962
1966
1958
1962
1963
1965
1959
1962
1961
1959
1955
1959
1959
1963
1958
1956
1962
1958
1963
1963
1963
1961
1959
1957
1959
1959
1963
1958
1963
1960
1961
1959
1959
1959
1957
1956
1961
1955
1957
1959
1958
1959
1961
1959
1959
1959
1959
1958
1961
1959
1959
1955
1958
1958
1955
1955
1959
1955
1957
1955
1953
1956
1952
1957
1957
1958
1955
1954
1956
1953
1958
1957
1959
1953
1957
1954
1954
1959
1958
1952
1955
1954
1955
1954
1953
1953
1953
1953
1955
1958
1956
1955
1951
1956
1954
1956
1955
1955
1951
1952
1952
1958
1953
1952
1953
1956
1951
1953
1951
1951
1952
1951
1953
1955
1951
1952
1954
1952
1953
1952
1952
1951
1950
1949
1952
1953
1951
1952
1951
1951
1953
1950
1952
1952
1953
1953
1949
1948
1947
1951
1949
1949
1951
1951
1950
1951
1949
1952
1947
1951
1951
1950
1949
1950
1950
1950
1953
1951
1950
1947
1953
1950
1950
1951
1950
1951
1949
1949
1951
1947
1949
1949
1949
1946
1947
1947
1949
1948
1947
1947
1949
1949
1948
1949
1945
1945
1945
1951
1947
1951
1950
1948
1949
1949
1949
1946
1949
1947
1947
1945
1946
1946
1948
1946
1948
1947
1945
1943
1945
1946
1949
1945
1946
1946
1943
1949
1946
1950
1943
1942
1945
1942
1942
1947
1945
1943
1943
1947
1943
1943
1945
1945
1939
1941
1945
1941
1949
1948
1942
1945
1945
1941
1940
1945
1943
1943
1940
1943
1940
1942
1943
1941
1942
1943
1941
1942
1948
1945
1942
1939
1943
1943
1945
1943
1941
1946
1943
1940
1946
1945
1941
1939
1939
1939
1939
1943
1939
1942
1939
1942
1942
1940
1939
1938
1938
1937
1939
1939
1940
1941
1939
1939
1937
1940
1937
1940
1937
1937
1939
1940
1939
1937
1939
1941
1938
1942
1939
1938
1940
1941
1939
1938
1938
1938
1939
1938
1939
1939
1940
1939
1940
1936
1942
1941
1936
1938
1939
1937
1939
1938
1936
1938
1937
1936
1937
1936
1939
1936
1937
1939
1936
1936
1937
1937
1937
1936
1937
1939
1939
1936
1937
1938
1938
1936
1936
1936
1937
1936
1937
1937
1935
1936
1938
1936
1936
1936
1936
1936
1936
1936
1937
1936
1936
1936
1936
1937
1936
1936
1939
1936
1936
1936
1936
1933
1934
1936
1937
1936
1935
1936
1936
1936
1936
1936
1936
1936
1933
1937
1935
1936
1936
1936
1936
1936
1936
1936
1936
1936
1936
1934
1936
1936
1937
1936
1933
1936
1936
1936
1935
1936
1934
1936
1934
1935
1936
1935
1936
1936
1935
1936
1936
1935
1936
1933
1936
1935
1935
1933
1934
1935
1936
1936
1933
1934
1934
1936
1934
1936
1933
1934
1935
1934
1935
1931
1933
1933
1936
1930
1931
1936
1934
1934
1933
1930
1935
1933
1934
1935
1933
1933
1932
1932
1931
1935
1930
1931
1934
1931
1926
1931
1935
1935
1932
1934
1933
1931
1929
1927
1933
1930
1931
1931
1927
1930
1931
1930
1931
1932
1931
1929
1930
1931
1931
1929
1930
1927
1931
1930
1931
1931
1933
1931
1929
1930
1931
1932
1927
1929
1929
1929
1930
1927
1930
1931
1925
1926
1930
1929
1926
1927
1930
1927
1927
1929
1931
1931
1932
1930
1927
1930
1931
1932
1927
1925
1927
1929
1922
1927
1929
1926
1929
1929
1927
1930
1926
1927
1929
1927
1925
1925
1929
1926
1926
1926
1926
1931
1929
1926
1925
1927
1931
1926
1926
1926
1929
1927
1924
1923
1926
1930
1929
1926
1925
1926
1930
1926
1925
1924
1924
1926
1926
1926
1926
1925
1926
1927
1926
1923
1930
1929
1925
1925
1926
1926
1927
1923
1925
1925
1925
1925
1927
1925
1925
1922
1921
1922
1925
1926
1922
1924
1927
1923
1926
1927
1926
1923
1923
1926
1927
1924
1922
1926
1923
1926
1924
1922
1922
1922
1923
1921
1923
1923
1926
1921
1922
1923
1921
1923
1923
1922
1925
1921
1921
1922
1922
1921
1922
1921
1921
1923
1925
1920
1923
1922
1920
1923
1923
1923
1921
1920
1922
1920
1921
1920
1922
1922
1920
1925
1921
1923
1922
1921
1921
1924
1923
1922
1921
1922
1921
1920
1921
1919
1919
1921
1920
1922
1920
1923
1920
1922
1920
1919
1919
1920
1923
1920
1921
1921
1920
1920
1919
1923
1919
1920
1920
1922
1919
1920
1919
1918
1920
1919
1920
1921
1922
1920
1918
1920
1922
1920
1920
1921
1918
1919
1920
1923
1920
1920
1922
1920
1920
1919
1919
1918
1918
1922
1919
1920
1920
1922
1918
1919
1919
1919
1918
1917
1916
1919
1920
1919
2143
2142
2143
2141
2142
2141
2139
2141
2141
2142
2139
2141
2139
2135
2138
2134
2138
2136
2135
2133
2135
2137
2137
2135
2134
2135
2137
2133
2131
2134
2134
2133
2133
2134
2131
2133
2131
2131
2131
2132
2134
2130
2128
2129
2129
2128
2128
2130
2128
2129
2130
2128
2128
2129
2129
2128
2128
2129
2128
2128
2128
2127
2128
2127
2125
2128
2128
2127
2126
2127
2123
2124
2126
2125
2124
2125
2124
2126
2125
2127
2122
2125
2121
2120
2125
2121
2125
2123
2122
2121
2126
2121
2122
2123
2119
2122
2119
2121
2119
2118
2121
2119
2119
2115
2117
2117
2116
2118
2114
2119
2116
2118
2116
2118
2115
2120
2117
2113
2112
2114
2115
2117
2115
2114
2113
2112
2112
2113
2112
2112
2115
2114
2112
2111
2114
2112
2112
2112
2113
2112
2111
2112
2111
2111
2111
2111
2109
2110
2111
2110
2110
2110
2110
2111
2105
2111
2111
2110
2108
2108
2110
2106
2107
2106
2103
2106
2107
2103
2108
2107
2103
2105
2103
2106
2103
2107
2099
2099
2100
2103
2103
2106
2101
2102
2102
2100
2103
2100
2097
2100
2098
2097
2100
2098
2098
2098
2097
2099
2099
2101
2097
2097
2096
2098
2097
2097
2096
2096
2098
2096
2097
2097
2097
2096
2096
2096
2096
2096
2096
2095
2096
2092
2096
2095
2096
2096
2096
2095
2095
2094
2095
2096
2094
2095
2095
2095
2089
2095
2094
2091
2094
2089
2092
2093
2093
2092
2091
2093
2093
2091
2087
2095
2091
2089
2091
2093
2093
2091
2094
2093
2090
2087
2089
2086
2083
2085
2090
2089
2087
2087
2085
2086
2083
2082
2083
2085
2081
2085
2083
2083
2085
2082
2086
2083
2082
2080
2081
2082
2082
2082
2085
2082
2085
2081
2081
2083
2081
2080
2081
2082
2082
2082
2082
2078
2077
2079
2079
2077
2079
2079
2075
2078
2078
2078
2078
2077
2079
2073
2077
2076
2076
2075
2075
2078
2078
2075
2077
2077
2078
2076
2079
2076
2074
2077
2079
2074
2075
2075
2073
2077
2077
2073
2071
2074
2073
2073
2074
2075
2075
2069
2070
2073
2071
2073
2069
2071
2068
2067
2073
2068
2067
2069
2070
2067
2069
2070
2068
2064
2070
2068
2066
2067
2067
2070
2064
2066
2065
2065
2067
2065
2067
2066
2064
2065
2065
2065
2063
2065
2065
2067
2064
2066
2064
2064
2064
2064
2065
2063
2064
2062
2064
2064
2064
2064
2064
2063
2064
2064
2064
2064
2060
2064
2062
2064
2062
2062
2063
2063
2062
2061
2063
2064
2062
2058
2062
2062
2057
2059
2063
2060
2060
2059
2059
2061
2057
2055
2059
2059
2057
2055
2060
2058
2063
2055
2057
2058
2060
2054
2057
2062
2053
2047
2054
2055
2057
2054
2053
2046
2047
2047
2047
2055
2054
2047
2055
2055
2059
2047
2047
2054
2047
2047
2047
2047
2053
2045
2047
2046
2046
2047
2047
2045
2045
2047
2044
2047
2043
2046
2047
2046
2045
2047
2046
2041
2045
2043
2045
2043
2045
2045
2039
2043
2046
2043
2040
2042
2042
2041
2044
2041
2038
2041
2042
2046
2039
2036
2039
2039
2037
2042
2039
2045
2041
2038
2043
2041
2039
2035
2039
2034
2039
2037
2041
2041
2041
2038
2037
2037
2037
2035
2037
2038
2035
2036
2035
2035
2039
2034
2032
2038
2038
2038
2033
2037
2032
2033
2035
2036
2033
2033
2035
2035
2032
2034
2031
2033
2034
2032
2033
2033
2031
2033
2034
2032
2032
2032
2031
2034
2032
2032
2032
2032
2032
2032
2032
2032
2029
2032
2031
2032
2029
2032
2031
2030
2028
2029
2031
2029
2030
2032
2030
2031
2031
2029
2031
2032
2031
2026
2026
2032
2030
2030
2029
2031
2030
2026
2031
2027
2029
2024
2030
2028
2027
2031
2029
2030
2027
2027
2025
2027
2023
2023
2026
2026
2025
2029
2026
2025
2027
2026
2029
2025
2023
2023
2025
2026
2023
2023
2023
2021
2025
2021
2023
2020
2026
2023
2018
2022
2019
2020
2023
2021
2022
2021
2019
2019
2019
2019
2021
2019
2022
2019
2021
2023
2025
2020
2019
2019
2019
2018
2020
2021
2017
2018
2017
2017
2019
2020
2018
2021
2018
2015
2019
2017
2014
2017
2015
2019
2015
2015
2015
2013
2016
2018
2015
2017
2016
2015
2015
2015
2015
2013
2018
2016
2012
2012
2015
2014
2016
2015
2013
2015
2011
2012
2013
2015
2015
2013
2013
2013
2013
2014
2011
2013
2012
2011
2012
2011
2013
2007
2011
2013
2010
2009
2011
2008
2011
2007
2006
2011
2010
2007
2011
2011
2013
2011
2007
2007
2007
2007
2009
2006
2007
2003
2006
2010
2009
2007
2005
2007
2011
2011
2003
2006
2009
2009
2006
2005
2005
2003
2003
2003
2005
2003
2003
2002
2001
2005
2010
2005
2003
2005
2006
2007
2003
2003
2000
2002
2000
2001
2005
2003
2001
2001
2001
2001
2001
2001
2000
2000
2002
2001
2002
2000
2003
2000
2000
2001
2001
2000
2000
2000
2002
2000
2002
2001
2000
2001
2000
2000
2000
2000
2000
2001
2003
1999
2000
1999
2000
1998
2000
1999
2000
1997
2000
1999
1998
2000
2000
2000
1999
1998
2000
2000
2000
1998
1997
2000
1998
1999
2000
2000
1998
1999
2000
1997
1999
2000
1999
1998
2000
1999
1997
1999
1997
1998
1997
1998
1998
1998
1997
1998
1999
1996
1995
1998
1997
1997
1997
1995
1998
1997
1998
1997
1993
1995
1997
1991
1998
1995
1999
1993
1991
1991
1993
1992
1993
1989
1994
1989
1994
1991
1989
1991
1990
1991
1990
1995
1990
1994
1993
1991
1989
1993
1990
1989
1993
1993
1991
1989
1991
1990
1993
1990
1989
1989
1991
1990
1989
1986
1986
1987
1990
1989
1987
1989
1991
1988
1990
1986
1988
1987
1987
1989
1989
1986
1986
1987
1986
1989
1987
1989
1985
1988
1987
1987
1985
1986
1986
1989
1989
1987
1985
1986
1985
1985
1987
1987
1987
1986
1987
1985
1984
1987
1984
1983
1986
1983
1983
1984
1984
1983
1984
1983
1984
1983
1984
1984
1983
1984
1983
1984
1983
1983
1982
1983
1982
1983
1983
1983
1983
1982
1982
1984
1982
1982
1984
1984
1981
1983
1981
1981
1983
1983
1983
1979
1983
1984
1980
1981
1983
1983
1983
1983
1983
1981
1981
1981
1982
1978
1979
1983
1983
1980
1983
1981
1981
1978
1978
1981
1980
1979
1979
1979
1979
1975
1978
1979
1982
1982
1979
1980
1979
1978
1978
1981
1975
1978
1973
1977
1979
1978
1975
1977
1977
1974
1975
1975
1978
1975
1975
1973
1974
1975
1975
1977
1978
1975
1977
1973
1975
1974
1975
1975
1975
1975
1975
1974
1975
1977
1975
1975
1971
1973
1975
1974
1978
1972
1977
1975
1972
1971
1969
1974
1975
1972
1969
1971
1973
1970
1971
1973
1973
1973
1974
1973
1971
1974
1970
1973
1971
1971
1971
1971
1971
1971
1970
1971
1974
1971
1972
1972
1972
1970
1969
1973
1968
1969
1968
1970
1970
1970
1969
1971
1969
1969
1969
1969
1970
1973
1971
1970
1969
1969
1970
1968
1971
1968
1971
1969
1969
1970
1968
1968
1968
1968
1969
1968
1971
1968
1968
1967
1968
1969
1967
1967
1968
1968
1968
1968
1968
1968
1968
1968
1968
1968
1968
1968
1968
1968
1967
1966
1968
1967
1967
1968
1968
1966
1968
1967
1965
1967
1965
1968
1968
1966
1965
1963
1967
1967
1963
1968
1966
1967
1967
1966
1968
1968
1968
1966
1966
1968
1967
1966
1968
1965
1963
1965
1966
1968
1968
1963
1967
1963
1963
1965
1963
1965
1966
1964
1967
1962
1968
1964
1963
1966
1964
1965
1963
1966
1965
1966
1965
1963
1962
1963
1961
1962
1961
1961
1965
1959
1965
1967
1966
1965
1965
1962
1966
1963
1959
1964
1963
1959
1963
1961
1963
1962
1958
1962
1957
1961
1959
1959
1959
1959
1959
1963
1963
1961
1961
1957
1959
1959
1959
1961
1958
1959
1959
1959
1959
1959
1963
1958
1961
1959
1957
1959
1959
1957
1959
1962
1958
1957
1959
1958
1959
1959
1960
1959
1954
1958
1963
1957
1954
1957
1958
1955
1957
1955
1954
1957
1955
1959
1959
1957
1955
1956
1954
1957
1959
1954
1954
1955
1957
1959
1958
1958
1954
1955
1955
1957
1955
1960
1953
1957
1957
1957
1957
1954
1957
1953
1953
1953
1955
1953
1952
1953
1955
1951
1953
1951
1955
1957
1956
1956
1954
1951
1954
1952
1951
1953
1952
1951
1951
1953
1951
1953
1954
1954
1955
1955
1950
1953
1953
1952
1952
1954
1949
1951
1955
1951
1954
1949
1953
1952
1951
1957
1951
1952
1951
1950
1954
1948
1950
1950
1953
1949
1949
1951
1950
1951
1949
1949
1949
1949
1949
1950
1949
1949
1950
1949
1949
1947
1950
1948
1949
1948
1952
1951
1951
1952
1949
1949
1947
1950
1949
1950
1949
1951
1953
1951
1950
1950
1951
1950
1947
1949
1947
1950
1946
1948
1950
1949
1948
1947
1949
1949
1947
1943
1947
1948
1950
1946
1949
1947
1943
1946
1947
1942
1949
1947
1947
1949
1946
1945
1945
1947
1945
1945
1945
1943
1946
1943
1946
1945
1945
1946
1946
1944
1945
1945
1947
1943
1943
1943
1943
1943
1946
1941
1943
1940
1941
1942
1943
1941
1946
1942
1942
1943
1939
1946
1943
1943
1942
1943
1943
1943
1945
1943
1941
1940
1942
1942
1943
1947
1942
1939
1942
1943
1945
1945
1941
1945
1939
1942
1943
1939
1941
1941
1941
1942
1943
1939
1938
1941
1940
1941
1943
1939
1942
1941
1939
1941
1936
1939
1941
1939
1938
1938
1941
1941
1942
1940
1943
1940
1941
1939
1940
1939
1941
1943
1940
1938
1937
1939
1937
1936
1936
1938
1938
1939
1939
1939
1937
1937
1936
1936
1936
1938
1937
1937
1936
1936
1937
1939
1937
1936
1937
1937
1938
1937
1938
1936
1936
1936
1936
1936
1936
1938
1941
1936
1937
1938
1937
1936
1938
1936
1937
1936
1936
1938
1938
1936
1938
1937
1938
1937
1936
1937
1936
1936
1939
1936
1937
1937
1936
1936
1939
1937
1937
1936
1936
1936
1936
1935
1938
1936
1936
1936
1936
1937
1936
1936
1936
1936
1936
1935
1934
1936
1937
1936
1936
1936
1936
1936
1936
1937
1936
1936
1936
1936
1936
1936
1936
1936
1936
1936
1936
1936
1936
1936
1935
1936
1936
1934
1933
1940
1935
1935
1936
1934
1936
1936
1933
1935
1936
1934
1936
1934
1936
1933
1935
1935
1935
1934
1936
1933
1933
1936
1935
1931
1934
1934
1934
1936
1934
1934
1934
1934
1933
1935
1936
1934
1932
1934
1936
1932
1934
1933
1933
1935
1936
1936
1931
1933
1929
1932
1934
1931
1936
1932
1935
1930
1929
1931
1930
1930
1931
1933
1929
1932
1931
1927
1932
1930
1933
1929
1931
1933
1931
1931
1930
1932
1933
1933
1932
1930
1930
1931
1931
1930
1933
1928
1933
1934
1926
1931
1931
1930
1931
1929
1933
1927
1931
1930
1930
1929
1931
1932
1930
1930
1931
1931
1927
1928
1930
1926
1929
1927
1927
1930
1926
1930
1930
1927
1930
1931
1926
1926
1931
1927
1929
1927
1931
1930
1929
1923
1927
1927
1932
1931
1930
1929
1925
1923
1929
1929
1927
1927
1929
1930
1926
1929
1926
1927
1930
1927
1923
1927
1929
1924
1929
1925
1925
1929
1927
1925
1927
1926
1926
1926
1926
1927
1924
1929
1926
1926
1925
1927
1926
1925
1927
1927
1927
1924
1926
1923
1924
1923
1926
1924
1923
1925
1926
1925
1927
1926
1925
1923
1926
1923
1925
1926
1925
1923
1924
1929
1924
1925
1926
1923
1925
1925
1923
1927
1923
1927
1923
1925
1922
1923
1923
1921
1923
1926
1924
1921
1923
1922
1923
1926
1925
1923
1923
1927
1925
1923
1925
1921
1923
1925
1923
1926
1925
1923
1923
1921
1921
1921
1921
1920
1923
1919
1921
1925
1926
1923
1924
1920
1921
1921
1920
1923
1922
1922
1922
1926
1922
1922
1921
1922
1925
1921
1922
1923
1921
1923
1922
1921
1921
1923
1921
1921
1922
1923
1922
1923
1921
1922
1920
1922
1919
1924
1922
1923
1920
1922
1921
1922
2139
2141
2141
2133
2141
2135
2135
2138
2136
2135
2141
2134
2135
2135
2131
2133
2132
2135
2132
2130
2133
2130
2134
2135
2131
2134
2131
2131
2131
2133
2131
2129
2129
2130
2132
2134
2130
2128
2129
2128
2128
2130
2128
2129
2130
2129
2128
2128
2127
2128
2128
2126
2127
2128
2125
2127
2126
2126
2127
2126
2127
2128
2125
2125
2128
2128
2125
2122
2123
2124
2122
2122
2123
2122
2123
2123
2118
2122
2123
2121
2121
2125
2123
2121
2122
2119
2116
2125
2123
2117
2118
2118
2118
2121
2119
2116
2117
2117
2119
2115
2116
2117
2116
2113
2114
2114
2116
2117
2114
2114
2113
2115
2117
2115
2114
2112
2113
2115
2112
2112
2111
2112
2110
2110
2113
2111
2110
2112
2112
2111
2106
2112
2110
2109
2112
2110
2112
2112
2110
2110
2110
2108
2111
2112
2110
2109
2105
2108
2107
2110
2110
2109
2105
2110
2105
2103
2106
2105
2106
2102
2103
2105
2106
2102
2105
2105
2102
2103
2101
2105
2101
2101
2102
2101
2099
2102
2103
2102
2099
2100
2103
2101
2101
2099
2096
2099
2098
2098
2098
2099
2097
2098
2097
2100
2097
2096
2096
2098
2096
2097
2096
2096
2096
2096
2093
2096
2096
2097
2097
2096
2096
2095
2096
2094
2095
2096
2096
2095
2095
2093
2095
2092
2093
2096
2090
2093
2095
2093
2093
2092
2095
2093
2094
2093
2092
2094
2096
2093
2089
2091
2091
2093
2090
2093
2091
2087
2090
2090
2090
2091
2091
2089
2090
2086
2087
2086
2087
2090
2085
2087
2086
2087
2087
2085
2084
2082
2086
2085
2087
2087
2086
2087
2083
2087
2082
2081
2086
2085
2083
2082
2085
2082
2084
2083
2085
2082
2082
2081
2081
2082
2085
2081
2078
2082
2081
2078
2081
2082
2078
2078
2077
2078
2078
2081
2077
2080
2077
2078
2079
2077
2078
2075
2075
2077
2077
2076
2077
2079
2077
2078
2075
2079
2074
2075
2074
2075
2078
2071
2073
2077
2073
2074
2073
2074
2075
2074
2071
2074
2075
2068
2074
2075
2070
2070
2069
2071
2067
2070
2070
2071
2069
2071
2069
2069
2067
2069
2067
2070
2065
2065
2068
2064
2066
2067
2065
2066
2067
2067
2064
2066
2067
2065
2067
2067
2065
2064
2064
2065
2064
2064
2066
2064
2064
2064
2064
2065
2065
2064
2064
2064
2065
2064
2064
2064
2064
2063
2065
2064
2064
2063
2064
2064
2064
2063
2064
2064
2061
2063
2064
2061
2060
2062
2063
2063
2060
2062
2062
2061
2059
2062
2060
2061
2061
2057
2060
2061
2055
2061
2058
2058
2062
2056
2059
2058
2057
2062
2059
2059
2057
2057
2057
2059
2055
2054
2057
2058
2057
2047
2058
2054
2057
2053
2056
2055
2057
2053
2047
2047
2047
2047
2047
2047
2047
2045
2046
2047
2045
2054
2047
2054
2047
2046
2046
2046
2047
2043
2045
2047
2053
2047
2046
2043
2046
2045
2047
2047
2045
2043
2045
2047
2046
2039
2043
2043
2045
2042
2039
2043
2043
2043
2045
2042
2041
2045
2038
2039
2041
2039
2042
2041
2039
2042
2039
2039
2036
2039
2041
2042
2037
2036
2039
2038
2037
2037
2038
2039
2041
2037
2034
2037
2038
2035
2038
2037
2034
2038
2034
2038
2037
2037
2038
2035
2034
2033
2034
2035
2035
2035
2033
2032
2033
2035
2037
2037
2037
2032
2036
2032
2035
2032
2032
2034
2032
2033
2032
2032
2034
2033
2032
2032
2032
2032
2032
2032
2032
2031
2033
2032
2032
2032
2032
2031
2031
2032
2032
2031
2031
2032
2032
2032
2029
2031
2032
2030
2031
2032
2031
2029
2029
2028
2027
2030
2031
2030
2031
2029
2031
2031
2029
2026
2030
2027
2027
2027
2025
2026
2027
2023
2027
2026
2025
2025
2023
2027
2029
2026
2025
2027
2023
2028
2025
2023
2026
2026
2023
2025
2029
2020
2020
2019
2023
2025
2023
2022
2025
2022
2022
2022
2026
2018
2020
2026
2025
2020
2019
2022
2022
2022
2025
2021
2019
2020
2020
2019
2022
2019
2020
2021
2022
2021
2021
2017
2018
2019
2021
2019
2019
2017
2017
2018
2017
2015
2015
2017
2017
2017
2018
2016
2015
2019
2014
2019
2017
2018
2017
2017
2017
2019
2015
2018
2014
2015
2017
2015
2015
2015
2015
2015
2013
2015
2014
2015
2015
2014
2015
2014
2014
2015
2014
2013
2014
2014
2015
2011
2014
2014
2012
2009
2011
2011
2011
2011
2010
2011
2012
2011
2011
2014
2013
2013
2010
2011
2010
2010
2011
2013
2007
2013
2009
2010
2011
2009
2010
2007
2011
2009
2009
2007
2011
2006
2005
2003
2011
2006
2006
2009
2010
2006
2006
2006
2006
2005
2002
2005
2005
2003
2004
2003
2006
2007
2005
2008
2007
2004
2004
2005
2006
2003
2006
2006
2002
2003
2002
2002
2003
2003
2001
2003
2003
2005
2005
2005
2003
2001
2002
2002
2004
2000
2000
2003
2001
2000
2003
2002
2001
2001
2000
2000
2000
2001
2002
2000
2001
2002
2000
2003
2000
2001
2000
2000
2001
2001
2000
2000
2000
1999
2000
2002
1999
2000
2002
2000
1999
2000
2000
2000
2001
2000
2000
1997
1999
2000
2000
2000
1994
2000
1998
1999
1997
1997
1998
1999
1997
1999
1999
2000
1998
1998
1997
1999
1997
2000
1994
2000
1999
1995
1998
1997
2000
1995
1999
1997
1995
1997
1997
2000
1994
1991
1991
1999
1996
1995
1995
1997
1991
1997
1995
1995
1995
1995
1994
1994
1988
1990
1993
1997
1991
1994
1991
1994
1993
1993
1994
1990
1993
1990
1994
1994
1994
1989
1990
1994
1991
1993
1994
1991
1987
1991
1993
1990
1987
1989
1988
1991
1990
1990
1991
1990
1993
1988
1988
1994
1990
1991
1989
1989
1986
1989
1989
1987
1988
1987
1991
1987
1987
1988
1986
1985
1985
1986
1989
1989
1987
1984
1988
1986
1988
1986
1984
1987
1989
1987
1984
1984
1988
1989
1987
1984
1985
1985
1985
1985
1984
1986
1983
1985
1984
1986
1986
1984
1983
1985
1985
1984
1984
1986
1983
1983
1985
1984
1984
1984
1983
1984
1983
1986
1983
1981
1985
1983
1984
1981
1983
1984
1983
1983
1982
1982
1984
1983
1982
1982
1983
1982
1983
1981
1983
1981
1979
1980
1981
1984
1984
1984
1982
1981
1981
1978
1983
1981
1983
1980
1977
1980
1979
1979
1982
1977
1983
1979
1983
1979
1978
1979
1977
1982
1982
1981
1978
1981
1984
1978
1976
1982
1981
1982
1982
1976
1977
1979
1977
1977
1975
1974
1975
1979
1977
1978
1973
1975
1979
1975
1975
1975
1973
1974
1974
1975
1975
1972
1978
1974
1976
1975
1978
1975
1975
1975
1971
1973
1971
1977
1973
1972
1973
1974
1975
1973
1975
1972
1975
1973
1974
1971
1975
1972
1974
1971
1974
1971
1974
1973
1973
1970
1970
1973
1969
1968
1970
1968
1973
1973
1974
1970
1971
1970
1970
1970
1971
1968
1971
1968
1971
1972
1974
1974
1969
1970
1970
1969
1973
1973
1969
1968
1972
1968
1970
1968
1968
1970
1969
1968
1968
1968
1968
1970
1969
1968
1968
1968
1968
1968
1969
1968
1970
1968
1969
1969
1968
1969
1969
1969
1968
1968
1968
1968
1968
1968
1968
1968
1968
1968
1968
1968
1966
1968
1968
1968
1967
1968
1968
1968
1968
1968
1968
1967
1968
1969
1968
1968
1965
1966
1968
1968
1968
1968
1968
1967
1965
1966
1967
1965
1965
1965
1967
1964
1965
1964
1967
1965
1968
1967
1968
1963
1965
1966
1964
1963
1968
1966
1965
1963
1966
1967
1965
1964
1962
1966
1964
1965
1965
1966
1967
1963
1964
1965
1959
1965
1961
1967
1966
1966
1963
1965
1965
1967
1965
1964
1965
1963
1962
1962
1962
1963
1962
1963
1965
1963
1959
1961
1963
1963
1963
1959
1962
1958
1960
1958
1965
1962
1964
1961
1959
1961
1963
1961
1962
1958
1958
1962
1961
1959
1957
1963
1961
1959
1959
1958
1961
1961
1961
1958
1962
1961
1957
1957
1957
1957
1962
1955
1962
1956
1955
1957
1955
1959
1954
1958
1957
1957
1957
1961
1956
1961
1958
1956
1958
1960
1957
1959
1957
1958
1958
1955
1955
1958
1958
1958
1957
1957
1955
1955
1959
1957
1957
1958
1956
1957
1955
1957
1955
1956
1955
1955
1954
1957
1953
1957
1958
1956
1957
1957
1955
1952
1954
1955
1954
1955
1956
1957
1953
1954
1953
1953
1952
1956
1953
1953
1953
1952
1953
1953
1950
1952
1953
1952
1951
1953
1953
1952
1953
1952
1953
1954
1953
1951
1953
1951
1955
1952
1954
1953
1952
1954
1953
1953
1950
1951
1951
1951
1954
1951
1954
1952
1953
1951
1950
1947
1951
1950
1951
1952
1951
1949
1952
1950
1953
1951
1954
1951
1950
1950
1945
1948
1950
1950
1949
1952
1949
1948
1950
1950
1949
1952
1952
1947
1951
1948
1947
1947
1951
1950
1947
1947
1948
1950
1946
1945
1943
1949
1949
1947
1949
1949
1948
1945
1948
1943
1949
1946
1946
1947
1949
1948
1943
1943
1945
1947
1946
1948
1947
1943
1945
1945
1943
1949
1946
1945
1944
1940
1947
1942
1946
1942
1947
1942
1946
1943
1941
1946
1945
1942
1950
1945
1943
1941
1947
1946
1946
1946
1947
1942
1943
1945
1948
1938
1943
1947
1939
1945
1943
1942
1942
1945
1942
1942
1946
1943
1941
1942
1942
1942
1941
1942
1943
1941
1946
1938
1943
1941
1946
1939
1941
1940
1942
1942
1943
1945
1942
1947
1942
1942
1941
1942
1943
1943
1939
1939
1940
1943
1943
1942
1943
1941
1939
1943
1940
1938
1942
1939
1939
1942
1943
1941
1940
1939
1939
1939
1941
1941
1942
1940
1941
1937
1938
1941
1943
1940
1940
1938
1936
1937
1937
1937
1939
1936
1937
1941
1937
1941
1943
1941
1938
1938
1936
1937
1937
1936
1939
1941
1938
1936
1939
1938
1937
1940
1937
1938
1936
1937
1937
1940
1938
1937
1936
1939
1936
1939
1936
1941
1937
1936
1937
1936
1937
1936
1937
1939
1937
1936
1936
1938
1937
1941
1937
1938
1938
1936
1936
1937
1938
1936
1936
1938
1936
1936
1936
1936
1936
1937
1936
1935
1936
1939
1936
1939
1938
1936
1935
1936
1936
1936
1936
1936
1936
1936
1936
1936
1937
1936
1937
1936
1936
1936
1936
1936
1936
1936
1936
1936
1935
1936
1936
1937
1936
1936
1934
1934
1936
1936
1935
1935
1935
1936
1936
1932
1935
1936
1936
1936
1935
1934
1936
1935
1935
1934
1936
1936
1935
1936
1936
1936
1934
1935
1934
1934
1932
1932
1936
1934
1935
1934
1936
1934
1935
1932
1934
1934
1933
1933
1932
1936
1935
1936
1934
1936
1933
1933
1936
1930
1932
1933
1934
1933
1933
1935
1936
1936
1931
1930
1932
1933
1932
1933
1931
1933
1931
1932
1930
1931
1934
1933
1931
1933
1933
1931
1931
1932
1932
1931
1931
1934
1935
1931
1929
1934
1931
1930
1929
1933
1934
1927
1932
1932
1931
1931
1930
1931
1931
1934
1928
1927
1929
1934
1931
1927
1927
1930
1930
1927
1931
1930
1927
1931
1933
1931
1934
1927
1931
1934
1931
1932
1933
1926
1931
1927
1927
1931
1930
1926
1929
1931
1926
1927
1927
1931
1931
1930
1929
1927
1931
1927
1927
1930
1931
1930
1927
1929
1926
1927
1933
1927
1925
1925
1930
1926
1930
1929
1931
1931
1929
1925
1926
1926
1927
1927
1930
1926
1926
1923
1927
1926
1926
1926
1926
1924
1926
1929
1927
1927
1927
1929
1926
1925
1923
1928
1927
1930
1930
1927
1929
1927
1924
1925
1926
1927
1923
1929
1923
1925
1930
1923
1925
1927
1926
1925
1927
1926
1925
1930
1924
1922
1924
1925
1925
1925
1924
1923
1923
1921
1923
1922
1925
1925
1923
1923
1929
1927
1923
1923
1925
1923
1921
1926
1925
1923
1925
1925
1923
1926
1923
1920
1924
1923
1925
1926
1924
1927
1925
1923
1925
1920
1920
1920
1924
1924
1923
1924
1921
1924
1923
1920
1922
1922
1923
1923
1921
1920
1920
1921
1920
1922
1921
1920
1918
1921
1921
1923
1923
1922
1920
1922
1920
1921
1923
1919
1922
1921
1922
1921
2144
2143
2145
2144
2144
2139
2141
2141
2142
2138
2143
2143
2144
2142
2138
2139
2142
2137
2141
2138
2140
2139
2139
2137
2135
2139
2141
2141
2138
2135
2138
2135
2137
2134
2133
2135
2134
2131
2133
2131
2136
2135
2134
2132
2132
2129
2131
2132
2131
2128
2133
2132
2129
2132
2130
2129
2130
2127
2130
2129
2131
2128
2128
2128
2130
2128
2129
2130
2128
2128
2128
2128
2128
2128
2128
2128
2128
2127
2126
2123
2128
2127
2126
2125
2124
2124
2126
2122
2126
2123
2123
2118
2123
2126
2121
2123
2123
2125
2119
2123
2124
2119
2121
2122
2123
2119
2122
2120
2119
2123
2123
2122
2119
2119
2118
2119
2119
2119
2117
2119
2113
2113
2115
2113
2113
2117
2115
2118
2115
2114
2117
2117
2114
2114
2114
2113
2113
2114
2112
2114
2112
2114
2114
2112
2112
2110
2111
2112
2111
2112
2112
2112
2113
2112
2111
2107
2112
2110
2111
2109
2107
2111
2110
2110
2110
2110
2107
2109
2109
2109
2109
2111
2110
2110
2107
2107
2107
2108
2106
2107
2106
2102
2103
2105
2107
2103
2103
2106
2103
2106
2103
2099
2103
2101
2102
2102
2098
2101
2099
2096
2100
2103
2101
2097
2099
2098
2099
2099
2101
2097
2101
2100
2101
2097
2102
2096
2097
2097
2099
2096
2098
2096
2096
2096
2096
2095
2096
2096
2096
2097
2095
2096
2096
2096
2096
2096
2095
2093
2095
2096
2095
2095
2093
2095
2091
2095
2091
2095
2093
2094
2096
2096
2090
2094
2090
2094
2096
2091
2092
2091
2091
2093
2092
2090
2094
2092
2094
2090
2091
2091
2091
2091
2089
2090
2092
2091
2091
2089
2087
2086
2087
2093
2090
2087
2085
2087
2083
2087
2083
2082
2080
2083
2082
2082
2083
2081
2082
2084
2082
2083
2081
2083
2079
2081
2080
2079
2081
2082
2079
2083
2084
2080
2080
2078
2079
2080
2081
2074
2080
2078
2081
2079
2081
2077
2079
2078
2081
2075
2079
2078
2078
2078
2077
2077
2075
2075
2078
2078
2077
2071
2077
2077
2073
2076
2074
2074
2074
2074
2073
2075
2071
2075
2075
2071
2074
2075
2074
2067
2073
2069
2069
2070
2071
2067
2070
2071
2071
2069
2073
2071
2067
2067
2071
2069
2067
2071
2071
2066
2069
2066
2067
2069
2070
2067
2065
2069
2065
2067
2071
2067
2070
2064
2067
2064
2065
2067
2067
2067
2067
2065
2064
2064
2064
2064
2064
2065
2064
2065
2064
2064
2064
2065
2064
2063
2064
2065
2061
2064
2065
2063
2061
2064
2061
2063
2063
2063
2064
2064
2060
2062
2060
2063
2063
2062
2061
2061
2063
2057
2059
2057
2059
2059
2059
2059
2061
2059
2060
2058
2058
2059
2058
2054
2058
2055
2055
2057
2059
2056
2057
2058
2057
2060
2055
2057
2057
2058
2059
2054
2055
2057
2055
2055
2059
2053
2055
2055
2055
2053
2047
2057
2054
2057
2047
2047
2047
2057
2047
2045
2047
2046
2046
2047
2045
2047
2046
2043
2043
2047
2047
2046
2046
2046
2046
2047
2046
2047
2047
2045
2045
2045
2045
2046
2047
2047
2046
2044
2041
2043
2044
2043
2042
2039
2041
2039
2043
2043
2042
2043
2038
2043
2039
2039
2039
2037
2039
2037
2038
2041
2040
2038
2042
2037
2037
2043
2040
2033
2036
2037
2035
2037
2037
2034
2038
2037
2039
2037
2037
2036
2037
2034
2035
2034
2037
2039
2034
2033
2035
2035
2035
2035
2033
2035
2034
2034
2032
2033
2035
2034
2032
2032
2032
2032
2031
2032
2032
2032
2033
2032
2032
2033
2032
2033
2032
2032
2033
2032
2032
2032
2031
2031
2031
2032
2031
2032
2032
2031
2032
2032
2032
2031
2031
2032
2030
2032
2031
2030
2030
2031
2031
2031
2032
2029
2032
2027
2031
2032
2030
2029
2032
2029
2031
2027
2028
2032
2027
2026
2023
2023
2029
2025
2027
2030
2029
2024
2026
2029
2027
2026
2021
2027
2023
2027
2030
2027
2027
2022
2023
2029
2026
2023
2025
2021
2022
2025
2023
2027
2022
2022
2025
2023
2022
2022
2026
2020
2018
2021
2023
2022
2026
2022
2021
2021
2024
2022
2021
2019
2021
2023
2021
2021
2019
2017
2018
2017
2021
2019
2017
2018
2019
2018
2017
2017
2015
2022
2018
2017
2019
2016
2018
2015
2015
2017
2017
2016
2020
2015
2017
2018
2018
2015
2015
2017
2015
2016
2015
2015
2015
2015
2015
2013
2018
2014
2015
2015
2011
2015
2014
2013
2015
2015
2013
2013
2013
2013
2011
2013
2011
2015
2009
2011
2012
2011
2014
2012
2012
2009
2013
2007
2009
2011
2011
2011
2012
2011
2013
2011
2006
2011
2009
2013
2007
2010
2011
2009
2009
2007
2007
2009
2010
2003
2007
2007
2003
2005
2005
2007
2005
2010
2007
2006
2009
2010
2006
2010
2007
2005
2006
2005
2005
2006
2004
2007
2005
2003
2006
2005
2003
2006
2006
2003
2003
2007
2007
2003
2002
2005
2003
2007
2003
2003
2002
2002
2003
2001
2005
2003
2002
2001
2000
2000
2002
2001
2000
2001
2000
2000
2002
2001
2000
2000
2001
2001
2000
2001
2000
2001
2002
2002
2001
2001
2000
2000
2001
2000
2001
2000
2001
1999
2001
2000
2000
2002
2000
2001
2000
2000
2000
2000
1997
1997
1999
2000
2000
1998
1998
2000
2000
1999
1998
2000
1997
1995
1999
1999
1994
1997
1998
1997
1999
1997
2000
1996
1995
1991
1995
1993
1999
1998
1997
1998
1994
1996
1998
1994
1993
1995
1996
1994
1993
1995
1999
1996
1995
1995
1995
1996
1997
1996
1994
1995
1994
1993
1991
1993
1995
1995
1991
1995
1991
1994
1991
1993
1994
1995
1989
1991
1989
1991
1993
1993
1994
1989
1990
1990
1991
1989
1991
1993
1988
1991
1990
1990
1994
1994
1989
1989
1987
1991
1990
1989
1990
1986
1989
1990
1987
1990
1988
1989
1987
1987
1989
1988
1988
1986
1985
1990
1988
1987
1987
1989
1986
1984
1986
1987
1987
1986
1986
1989
1987
1985
1989
1987
1985
1987
1988
1988
1986
1984
1986
1984
1984
1987
1984
1986
1985
1987
1985
1985
1986
1987
1984
1985
1983
1984
1985
1984
1984
1986
1985
1983
1984
1983
1984
1983
1987
1985
1984
1983
1983
1984
1983
1984
1982
1983
1983
1982
1979
1982
1983
1981
1984
1983
1981
1981
1982
1983
1982
1977
1981
1984
1980
1979
1982
1983
1981
1981
1981
1983
1982
1979
1981
1981
1979
1979
1982
1984
1983
1981
1979
1982
1979
1979
1981
1977
1982
1982
1981
1979
1980
1981
1978
1980
1983
1977
1978
1977
1978
1981
1974
1981
1975
1974
1979
1979
1978
1974
1980
1974
1971
1979
1979
1978
1973
1974
1975
1980
1978
1978
1979
1977
1977
1978
1973
1973
1974
1978
1977
1974
1973
1977
1972
1974
1971
1973
1973
1974
1973
1970
1971
1973
1972
1971
1971
1971
1972
1970
1975
1971
1973
1973
1971
1973
1970
1971
1971
1970
1972
1969
1969
1971
1973
1972
1973
1971
1968
1973
1970
1974
1970
1972
1970
1968
1970
1970
1968
1969
1972
1968
1971
1972
1971
1969
1969
1970
1970
1971
1971
1968
1968
1971
1969
1969
1970
1969
1969
1968
1970
1969
1968
1968
1968
1969
1971
1969
1969
1970
1968
1968
1970
1971
1968
1968
1968
1968
1968
1968
1968
1968
1967
1968
1968
1967
1968
1968
1968
1966
1969
1968
1969
1967
1965
1967
1965
1968
1968
1965
1967
1967
1964
1967
1968
1968
1966
1968
1967
1968
1967
1968
1967
1966
1967
1969
1967
1967
1967
1968
1968
1967
1967
1967
1963
1965
1966
1967
1963
1966
1965
1965
1963
1962
1966
1966
1968
1966
1965
1965
1965
1965
1968
1965
1965
1965
1965
1965
1967
1966
1967
1966
1966
1965
1962
1965
1963
1967
1963
1962
1963
1963
1966
1962
1962
1962
1962
1959
1961
1962
1963
1963
1963
1961
1959
1962
1958
1963
1959
1958
1962
1965
1961
1963
1964
1961
1961
1958
1963
1959
1961
1959
1967
1962
1961
1958
1958
1957
1963
1961
1961
1961
1959
1959
1962
1959
1957
1962
1956
1957
1959
1959
1959
1962
1958
1959
1957
1957
1956
1957
1954
1959
1958
1959
1959
1962
1955
1958
1959
1958
1959
1959
1956
1954
1958
1955
1959
1957
1959
1958
1955
1953
1955
1957
1955
1955
1954
1958
1956
1957
1956
1957
1957
1955
1957
1954
1955
1957
1952
1955
1957
1957
1955
1955
1955
1954
1953
1953
1954
1957
1954
1951
1955
1954
1955
1953
1957
1954
1952
1953
1955
1952
1952
1954
1954
1953
1956
1951
1955
1953
1951
1952
1950
1953
1951
1953
1955
1954
1954
1953
1951
1950
1951
1950
1954
1951
1951
1951
1953
1947
1951
1955
1955
1951
1951
1951
1951
1949
1951
1951
1952
1951
1952
1949
1954
1954
1949
1949
1950
1953
1947
1950
1950
1948
1952
1948
1949
1947
1947
1951
1951
1951
1948
1951
1949
1950
1950
1951
1950
1951
1949
1951
1952
1951
1949
1948
1950
1949
1947
1947
1946
1951
1950
1949
1950
1950
1947
1945
1947
1948
1950
1941
1946
1951
1947
1945
1946
1951
1944
1946
1948
1948
1947
1949
1949
1947
1947
1949
1948
1943
1946
1945
1946
1946
1945
1948
1943
1947
1943
1946
1945
1942
1945
1945
1949
1947
1943
1943
1943
1947
1943
1943
1947
1940
1946
1946
1941
1945
1943
1943
1941
1942
1942
1943
1942
1943
1943
1945
1946
1943
1942
1942
1943
1945
1941
1945
1941
1943
1941
1942
1939
1945
1944
1938
1939
1943
1937
1939
1942
1941
1941
1941
1942
1943
1943
1937
1942
1940
1940
1941
1945
1941
1940
1940
1939
1940
1942
1941
1945
1941
1940
1941
1941
1942
1939
1937
1938
1941
1942
1940
1941
1942
1938
1938
1941
1941
1939
1939
1937
1937
1939
1939
1939
1940
1941
1938
1940
1941
1939
1942
1937
1938
1940
1937
1939
1937
1941
1938
1939
1938
1939
1938
1939
1939
1938
1937
1939
1937
1936
1938
1939
1937
1937
1939
1936
1939
1936
1937
1936
1937
1937
1936
1936
1941
1936
1936
1936
1936
1936
1937
1939
1937
1939
1941
1939
1939
1937
1936
1937
1937
1936
1937
1936
1937
1937
1940
1936
1937
1936
1936
1935
1936
1936
1936
1936
1936
1936
1936
1936
1934
1935
1936
1936
1936
1936
1936
1935
1936
1936
1934
1936
1936
1936
1936
1938
1936
1936
1936
1936
1936
1938
1936
1936
1936
1936
1935
1936
1936
1936
1935
1936
1935
1935
1935
1935
1935
1936
1935
1935
1936
1934
1933
1935
1932
1935
1936
1935
1935
1935
1936
1936
1934
1935
1936
1936
1934
1934
1932
1934
1934
1933
1934
1933
1934
1934
1934
1934
1931
1934
1936
1936
1932
1935
1936
1936
1935
1936
1931
1936
1931
1931
1935
1934
1931
1934
1936
1933
1935
1934
1934
1933
1932
1936
1935
1931
1931
1933
1933
1934
1934
1933
1930
1932
1929
1934
1930
1933
1927
1931
1932
1931
1935
1931
1927
1933
1932
1931
1930
1935
1933
1935
1932
1933
1931
1931
1933
1931
1931
1929
1933
1930
1933
1931
1927
1931
1931
1931
1931
1930
1933
1929
1927
1932
1931
1931
1927
1933
1927
1930
1930
1934
1929
1931
1929
1926
1933
1934
1926
1936
1929
1925
1929
1929
1930
1932
1930
1934
1927
1929
1931
1927
1931
1930
1931
1929
1928
1929
1925
1930
1927
1929
1926
1929
1929
1926
1926
1926
1925
1930
1930
1926
1930
1931
1934
1930
1929
1926
1927
1926
1930
1929
1930
1930
1927
1929
1930
1926
1927
1930
1925
1925
1927
1925
1927
1927
1927
1923
1924
1925
1925
1925
1925
1921
1927
1923
1929
1921
1923
1925
1926
1924
1925
1926
1923
1921
1921
1923
1926
1924
1922
1925
1925
1925
1926
1921
1920
1925
1925
1925
1924
1923
1923
1926
1926
1922
1923
1925
1922
1922
1921
1922
1927
1925
1923
1925
1921
1928
1923
1926
1922
1925
1925
1923
1924
1923
1926
1922
1921
1924
1925
1920
1926
1922
1922
1923
1921
1923
1923
1924
1921
1922
1923
1925
1921
1919
1925
1926
1923
1922
1923
1921
1923
1923
1923
2123
2127
2125
2126
2124
2121
2125
2123
2122
2125
2118
2121
2122
2125
2121
2122
2122
2122
2118
2116
2118
2123
2119
2122
2119
2120
2117
2117
2118
2118
2117
2114
2118
2117
2118
2115
2114
2115
2114
2117
2112
2114
2115
2114
2112
2113
2114
2115
2112
2113
2112
2114
2112
2114
2112
2112
2113
2112
2112
2115
2112
2112
2110
2112
2112
2112
2112
2110
2112
2112
2111
2112
2107
2110
2112
2111
2111
2110
2106
2107
2110
2107
2109
2108
2107
2112
2107
2106
2107
2107
2105
2106
2103
2108
2105
2105
2107
2105
2106
2105
2102
2101
2102
2101
2103
2101
2102
2102
2103
2100
2098
2097
2101
2101
2101
2101
2102
2099
2101
2101
2101
2096
2101
2096
2097
2099
2098
2096
2096
2096
2096
2096
2096
2095
2096
2097
2096
2096
2096
2097
2096
2096
2095
2096
2096
2093
2096
2094
2096
2096
2094
2095
2096
2096
2095
2091
2096
2096
2094
2093
2096
2094
2096
2094
2095
2096
2094
2090
2090
2092
2094
2090
2094
2094
2091
2093
2086
2091
2087
2087
2089
2089
2087
2090
2086
2089
2087
2092
2089
2087
2087
2087
2086
2088
2084
2085
2083
2084
2085
2082
2086
2083
2086
2083
2086
2083
2083
2086
2083
2082
2082
2083
2080
2085
2083
2080
2083
2083
2084
2082
2082
2079
2079
2077
2083
2080
2076
2084
2081
2079
2079
2078
2082
2080
2080
2081
2079
2077
2080
2079
2077
2077
2078
2079
2076
2078
2079
2075
2077
2076
2077
2077
2076
2074
2075
2078
2073
2071
2073
2077
2073
2078
2071
2074
2073
2070
2070
2074
2071
2074
2071
2070
2067
2069
2067
2070
2071
2069
2070
2065
2069
2069
2071
2066
2066
2067
2066
2065
2069
2069
2069
2065
2067
2065
2066
2065
2066
2065
2066
2064
2065
2067
2067
2065
2067
2069
2067
2068
2064
2065
2064
2065
2065
2067
2063
2064
2066
2064
2065
2064
2064
2065
2064
2064
2064
2064
2064
2064
2065
2064
2064
2062
2063
2062
2063
2063
2062
2063
2060
2061
2064
2063
2061
2064
2059
2063
2059
2059
2063
2061
2062
2063
2060
2060
2062
2054
2058
2058
2058
2059
2056
2055
2056
2055
2060
2057
2057
2055
2057
2055
2054
2059
2055
2054
2057
2055
2056
2047
2047
2053
2055
2045
2054
2047
2054
2047
2054
2054
2053
2057
2047
2047
2047
2047
2047
2054
2054
2047
2047
2054
2047
2046
2047
2043
2047
2046
2047
2043
2053
2046
2045
2042
2045
2043
2047
2044
2046
2045
2046
2043
2043
2045
2039
2047
2043
2041
2042
2041
2043
2047
2042
2043
2039
2038
2043
2041
2041
2041
2040
2039
2041
2043
2039
2042
2038
2039
2036
2039
2039
2038
2037
2039
2037
2038
2039
2037
2037
2037
2037
2034
2036
2033
2033
2033
2037
2033
2032
2035
2034
2035
2034
2035
2035
2032
2032
2033
2032
2035
2032
2033
2034
2034
2033
2034
2032
2033
2032
2032
2032
2034
2032
2032
2032
2032
2034
2032
2032
2032
2035
2031
2032
2030
2032
2032
2031
2032
2032
2032
2031
2030
2031
2030
2031
2029
2030
2031
2031
2028
2031
2032
2031
2031
2027
2027
2032
2029
2029
2029
2031
2030
2029
2027
2029
2027
2027
2029
2029
2028
2027
2026
2027
2021
2027
2030
2027
2027
2025
2022
2027
2023
2027
2023
2023
2025
2026
2022
2025
2022
2028
2022
2025
2026
2021
2023
2023
2025
2026
2022
2027
2023
2027
2023
2027
2019
2025
2027
2023
2017
2022
2022
2020
2021
2021
2019
2023
2023
2022
2019
2017
2017
2019
2018
2020
2017
2019
2019
2018
2019
2019
2021
2019
2022
2015
2017
2017
2018
2017
2018
2018
2019
2015
2013
2015
2013
2018
2015
2018
2016
2017
2017
2015
2015
2016
2017
2014
2016
2018
2015
2014
2017
2017
2015
2013
2015
2015
2014
2016
2015
2016
2018
2014
2011
2013
2014
2016
2015
2011
2013
2013
2013
2011
2016
2010
2010
2009
2010
2010
2010
2011
2011
2011
2006
2009
2012
2007
2013
2010
2010
2006
2009
2011
2010
2007
2010
2009
2010
2003
2011
2006
2009
2013
2002
2009
2007
2006
2006
2007
2009
2006
2007
2007
2006
2005
2003
2007
2009
2004
2005
2007
2006
2006
2005
2004
2002
2007
2002
2003
2006
2003
2001
2002
2005
2004
2007
2006
2001
2002
2003
2003
2001
2002
2003
2002
2003
2001
2003
2007
2005
2001
2000
2000
2001
2005
2003
2000
2003
2000
2003
2001
2000
2001
2000
2000
2000
2000
2000
2000
2001
2000
2000
2000
2000
2000
2000
2000
2000
2000
2001
2000
2000
1999
2000
1998
1999
1999
1999
2000
1997
2001
2000
1995
2000
2000
1999
2000
1996
1997
1999
1999
1997
2000
1997
1997
1999
1997
1999
1997
1997
1999
1995
1997
1996
1998
1999
1998
1998
2000
1997
1998
1998
1996
1993
1994
1997
1997
1994
1994
1994
1995
1993
1995
1994
1991
1991
1996
1994
1998
1990
1993
1990
1993
1995
1995
1996
1991
1996
1991
1995
1991
1990
1991
1990
1990
1988
1994
1993
1997
1989
1988
1993
1991
1990
1989
1992
1989
1990
1987
1994
1989
1990
1987
1987
1989
1994
1991
1990
1988
1991
1990
1991
1989
1989
1989
1989
1987
1986
1990
1987
1989
1989
1989
1986
1987
1987
1984
1984
1988
1988
1987
1985
1988
1989
1986
1987
1989
1986
1986
1984
1985
1987
1986
1985
1987
1985
1983
1983
1985
1985
1985
1985
1984
1985
1985
1986
1985
1986
1984
1984
1984
1986
1984
1979
1984
1983
1982
1984
1986
1983
1983
1984
1983
1984
1983
1984
1985
1982
1982
1980
1982
1982
1979
1984
1979
1983
1983
1981
1982
1978
1981
1980
1982
1984
1982
1981
1983
1981
1982
1984
1983
1982
1979
1979
1980
1981
1983
1981
1981
1977
1976
1979
1981
1981
1979
1982
1981
1981
1983
1983
1979
1979
1979
1977
1979
1977
1975
1977
1978
1974
1979
1978
1977
1979
1979
1979
1978
1979
1979
1977
1978
1976
1977
1975
1975
1975
1975
1974
1974
1972
1977
1974
1974
1972
1971
1975
1971
1974
1973
1974
1977
1973
1974
1977
1975
1975
1973
1971
1978
1973
1973
1977
1973
1974
1974
1973
1974
1972
1973
1973
1974
1975
1975
1972
1979
1974
1972
1973
1973
1968
1972
1971
1971
1971
1971
1973
1973
1974
1970
1970
1969
1968
1970
1969
1970
1968
1970
1972
1972
1969
1971
1968
1971
1970
1971
1969
1969
1971
1973
1968
1969
1968
1969
1969
1968
1970
1969
1968
1968
1968
1968
1968
1969
1968
1972
1968
1968
1968
1968
1969
1968
1968
1970
1968
1968
1968
1968
1970
1967
1968
1967
1968
1968
1969
1966
1968
1966
1968
1967
1968
1966
1968
1968
1971
1968
1967
1967
1968
1968
1967
1968
1968
1967
1968
1968
1966
1968
1969
1967
1968
1968
1965
1964
1965
1967
1968
1968
1967
1967
1965
1965
1966
1966
1964
1965
1966
1964
1964
1967
1966
1966
1968
1965
1965
1963
1965
1959
1966
1966
1963
1965
1965
1966
1965
1963
1966
1967
1963
1965
1959
1965
1965
1965
1959
1963
1961
1963
1965
1965
1962
1967
1962
1964
1965
1963
1962
1961
1958
1961
1963
1962
1964
1965
1963
1965
1963
1961
1962
1961
1962
1961
1964
1962
1959
1961
1959
1962
1961
1961
1961
1961
1957
1955
1962
1957
1960
1959
1958
1961
1961
1957
1955
1958
1963
1964
1959
1957
1956
1962
1959
1963
1959
1957
1959
1961
1957
1957
1954
1954
1958
1959
1959
1963
1953
1957
1957
1961
1958
1959
1961
1957
1957
1958
1955
1959
1955
1958
1958
1956
1955
1954
1955
1958
1957
1953
1954
1955
1956
1958
1953
1958
1956
1959
1957
1957
1955
1954
1958
1954
1957
1956
1953
1956
1956
1953
1955
1954
1955
1959
1951
1951
1955
1952
1954
1955
1956
1953
1954
1954
1950
1951
1953
1952
1954
1955
1954
1951
1953
1953
1954
1951
1952
1954
1954
1955
1954
1954
1955
1952
1947
1952
1952
1949
1953
1953
1951
1950
1948
1951
1951
1950
1949
1952
1953
1951
1952
1955
1952
1949
1951
1951
1949
1953
1950
1952
1950
1949
1951
1951
1950
1950
1950
1947
1951
1951
1953
1950
1950
1951
1950
1949
1948
1951
1951
1949
1953
1948
1947
1950
1946
1949
1949
1950
1947
1947
1948
1946
1951
1947
1946
1948
1946
1950
1948
1947
1947
1950
1949
1946
1946
1950
1949
1949
1948
1946
1946
1943
1947
1949
1950
1949
1946
1945
1947
1946
1947
1943
1947
1943
1946
1945
1950
1945
1947
1947
1943
1943
1949
1947
1949
1947
1945
1947
1942
1943
1947
1946
1946
1946
1947
1945
1943
1946
1943
1944
1941
1948
1945
1942
1943
1943
1943
1943
1946
1946
1946
1942
1948
1943
1942
1946
1942
1941
1945
1945
1941
1943
1940
1941
1946
1942
1946
1944
1938
1939
1939
1942
1942
1943
1938
1943
1942
1939
1936
1942
1939
1943
1941
1943
1939
1939
1943
1941
1942
1943
1941
1938
1939
1941
1942
1943
1941
1939
1937
1942
1941
1938
1938
1939
1942
1941
1941
1939
1940
1941
1938
1937
1937
1939
1938
1937
1940
1939
1937
1940
1936
1938
1936
1941
1939
1938
1938
1939
1938
1942
1936
1940
1936
1936
1939
1937
1936
1938
1938
1940
1937
1937
1936
1936
1938
1937
1937
1937
1936
1938
1936
1938
1937
1936
1939
1938
1936
1937
1938
1938
1937
1936
1937
1936
1937
1936
1936
1939
1936
1936
1939
1936
1936
1936
1936
1936
1936
1938
1936
1935
1936
1936
1936
1936
1935
1938
1935
1936
1937
1936
1936
1936
1936
1936
1937
1936
1936
1936
1934
1937
1936
1936
1936
1934
1936
1936
1936
1935
1936
1933
1936
1936
1936
1936
1934
1934
1935
1936
1936
1936
1935
1936
1934
1936
1936
1936
1936
1934
1936
1936
1935
1936
1934
1935
1932
1936
1935
1936
1935
1936
1933
1935
1935
1936
1931
1936
1936
1935
1932
1936
1936
1934
1933
1935
1935
1934
1936
1935
1931
1935
1935
1935
1935
1932
1934
1933
1932
1933
1934
1934
1931
1933
1936
1933
1936
1931
1935
1936
1931
1933
1934
1933
1931
1932
1931
1935
1933
1931
1931
1930
1931
1933
1935
1934
1935
1933
1929
1933
1931
1936
1934
1935
1931
1936
1934
1931
1931
1931
1934
1931
1935
1930
1931
1931
1929
1931
1930
1932
1930
1934
1929
1930
1934
1934
1931
1930
1931
1929
1930
1932
1928
1927
1933
1929
1934
1929
1926
1927
1934
1929
1933
1931
1930
1929
1932
1930
1927
1929
1929
1931
1926
1929
1931
1927
1931
1932
1933
1929
1933
1929
1930
1929
1925
1929
1932
1926
1926
1930
1929
1930
1929
1927
1925
1929
1927
1927
1931
1931
1927
1925
1927
1930
1926
1925
1930
1927
1930
1927
1926
1925
1923
1927
1930
1929
1929
1926
1930
1923
1926
1926
1929
1925
1926
1926
1927
1927
1929
1923
1926
1923
1931
1926
1930
1926
1925
1927
1924
1930
1923
1929
1925
1925
1926
1925
1922
1925
1922
1925
1927
1925
1928
1929
1926
1925
1923
1925
1925
1925
1925
1927
1923
1923
1925
1924
1925
1923
1925
1927
1923
1923
1923
1927
1922
1923
1924
1923
1923
1925
1921
1923
1923
1922
1926
1923
1926
1924
1922
1927
1923
1924
1923
1924
1924
1923
1921
1920
1924
1927
1925
1922
1922
1925
1923
1920
1921
1922
1921
1922
1925
1923
1925
1925
1922
1923
1920
1922
1921
1923
1921
1927
1921
1923
1923
1920
1923
1923
1922
1925
1921
1921
1921
1920
1920
1923
1921
1923
1921
1921
1920
1922
1920
1921
1920
1919
1922
1920
1919
1923
1921
1923
1922
1920
1921
1918
1920
1920
1920
1921
1917
1921
1921
1918
1921
1919
1920
1921
1920
1922
1925
1921
1920
1920
1919
1920
1918
1922
1920
1918
1921
1920
1919
1921
1920
1920
1919
1919
1920
1920
1919
1920
1919
1922
1920
1921
1920
1919
1918
1919
1919
1920
1920
1919
1920
1919
1918
1919
1919
1921
1921
1918
1917
1919
1919
1920
1920
1919
1920
1919
1921
1918
1918
1918
1916
1920
1919
1919
1920
2140
2143
2143
2142
2142
2135
2139
2135
2135
2139
2138
2141
2138
2139
2133
2138
2137
2137
2135
2133
2133
2136
2131
2138
2135
2134
2132
2133
2135
2132
2131
2135
2130
2130
2130
2131
2130
2131
2129
2129
2128
2129
2130
2129
2129
2128
2128
2130
2128
2128
2127
2127
2128
2128
2126
2128
2125
2128
2128
2129
2128
2128
2127
2125
2126
2127
2127
2126
2125
2127
2126
2125
2125
2125
2124
2125
2124
2122
2127
2125
2122
2124
2121
2125
2123
2121
2122
2119
2119
2126
2119
2119
2123
2117
2118
2115
2114
2122
2119
2116
2113
2117
2114
2112
2117
2115
2112
2114
2112
2113
2115
2113
2112
2112
2113
2112
2114
2113
2112
2117
2113
2118
2112
2112
2109
2112
2112
2114
2112
2113
2113
2112
2112
2110
2112
2109
2109
2110
2110
2112
2112
2110
2109
2110
2109
2107
2109
2111
2105
2106
2106
2106
2107
2109
2107
2108
2105
2109
2105
2103
2105
2105
2106
2103
2102
2107
2103
2101
2105
2102
2102
2102
2101
2098
2102
2100
2100
2101
2102
2102
2102
2101
2102
2100
2097
2097
2101
2099
2097
2098
2099
2098
2097
2097
2096
2097
2096
2101
2096
2096
2096
2096
2096
2096
2095
2096
2094
2096
2094
2096
2095
2096
2095
2098
2096
2097
2095
2093
2094
2095
2096
2094
2096
2093
2096
2093
2094
2095
2095
2091
2093
2091
2089
2093
2092
2087
2090
2091
2087
2093
2089
2086
2091
2090
2092
2090
2087
2089
2087
2091
2087
2090
2087
2090
2089
2084
2086
2085
2086
2085
2084
2090
2085
2085
2087
2085
2083
2085
2083
2082
2081
2083
2085
2082
2083
2083
2082
2081
2080
2081
2080
2079
2079
2082
2080
2083
2083
2084
2081
2081
2079
2081
2081
2081
2080
2078
2080
2079
2079
2079
2079
2081
2079
2075
2080
2077
2077
2077
2078
2075
2079
2075
2080
2075
2074
2074
2075
2074
2075
2075
2076
2073
2074
2071
2069
2077
2075
2069
2070
2073
2071
2069
2072
2068
2074
2073
2069
2071
2071
2071
2071
2073
2067
2074
2067
2066
2070
2066
2067
2070
2071
2068
2067
2070
2069
2066
2065
2066
2065
2069
2065
2069
2066
2066
2066
2064
2067
2067
2066
2067
2067
2065
2064
2064
2066
2066
2064
2064
2064
2066
2064
2064
2065
2065
2064
2064
2060
2064
2064
2064
2064
2062
2064
2060
2062
2064
2064
2063
2064
2064
2064
2063
2062
2062
2062
2062
2064
2064
2063
2063
2062
2062
2062
2059
2059
2062
2060
2063
2061
2059
2058
2062
2060
2060
2057
2059
2055
2059
2060
2057
2057
2055
2055
2059
2055
2061
2057
2047
2057
2058
2055
2057
2055
2055
2047
2047
2047
2055
2054
2045
2047
2055
2054
2047
2046
2047
2047
2047
2053
2047
2046
2055
2047
2044
2047
2042
2044
2047
2047
2046
2046
2046
2043
2046
2044
2047
2046
2043
2047
2042
2044
2042
2045
2043
2044
2044
2039
2042
2045
2043
2043
2046
2041
2039
2039
2041
2039
2041
2043
2045
2046
2038
2042
2039
2038
2037
2043
2041
2039
2041
2038
2037
2038
2038
2037
2039
2037
2035
2038
2038
2037
2039
2038
2039
2037
2037
2035
2035
2037
2033
2037
2036
2037
2038
2032
2035
2033
2033
2039
2034
2035
2035
2033
2032
2032
2032
2034
2032
2033
2033
2032
2034
2032
2035
2032
2032
2032
2033
2032
2033
2032
2033
2034
2032
2032
2030
2032
2032
2032
2032
2032
2032
2031
2032
2032
2031
2031
2032
2032
2029
2029
2032
2032
2030
2031
2032
2030
2031
2030
2029
2032
2030
2031
2032
2030
2027
2030
2029
2030
2028
2029
2029
2029
2026
2026
2031
2030
2025
2027
2031
2028
2026
2026
2026
2023
2026
2029
2023
2027
2027
2026
2025
2023
2027
2025
2023
2023
2027
2022
2025
2021
2019
2023
2019
2025
2022
2023
2025
2023
2022
2025
2022
2020
2022
2021
2019
2021
2021
2023
2019
2020
2021
2026
2021
2019
2022
2018
2019
2017
2015
2018
2015
2015
2020
2017
2021
2020
2018
2020
2019
2019
2017
2017
2018
2018
2019
2016
2019
2017
2016
2015
2017
2014
2015
2016
2014
2017
2017
2015
2014
2018
2015
2016
2017
2015
2015
2014
2017
2013
2015
2016
2015
2013
2017
2017
2015
2013
2012
2017
2014
2013
2013
2017
2015
2014
2012
2009
2011
2015
2014
2014
2011
2011
2011
2011
2011
2007
2009
2010
2009
2007
2012
2013
2011
2007
2014
2009
2009
2011
2007
2004
2006
2006
2010
2010
2005
2005
2005
2005
2007
2007
2004
2007
2006
2007
2009
2010
2005
2007
2007
2006
2009
2003
2005
2006
2003
2005
2006
2003
2003
2003
2003
2005
2005
2007
2003
2002
2002
2005
2002
2002
2006
2004
2004
2000
2003
2003
2000
2002
2003
2002
2005
2001
2000
2003
2000
2000
2002
2000
2000
2002
2000
2001
2002
2002
2002
2003
2002
2001
2000
2000
2000
2000
2000
2000
2000
2001
2000
2000
1999
2000
2000
2000
2000
1999
2001
2000
1999
2000
2001
1998
1998
1999
2000
2000
2000
2000
2000
2000
1999
2000
1997
2000
2000
1997
2000
1999
1999
1999
1999
2000
1999
1998
1997
1998
1994
1994
1994
1994
1994
1995
1997
1998
2000
1996
1995
1994
1997
1995
1997
1998
1997
1998
2000
1999
1997
1995
1994
1996
1999
1997
1997
1997
1991
1994
1995
1990
1994
1991
1993
1993
1995
1990
1991
1993
1991
1995
1991
1996
1995
1991
1991
1991
1991
1993
1990
1991
1990
1994
1990
1991
1993
1995
1989
1991
1989
1991
1990
1988
1990
1990
1990
1984
1990
1987
1994
1991
1990
1987
1990
1989
1989
1993
1989
1987
1989
1985
1986
1990
1991
1987
1988
1985
1989
1987
1986
1989
1989
1985
1989
1987
1985
1987
1986
1986
1988
1985
1988
1985
1987
1989
1984
1986
1986
1984
1985
1986
1986
1983
1984
1985
1985
1984
1986
1986
1985
1985
1988
1984
1987
1985
1986
1983
1981
1986
1984
1983
1983
1985
1981
1984
1982
1983
1984
1984
1985
1984
1983
1981
1984
1984
1983
1983
1984
1983
1982
1979
1981
1983
1980
1981
1982
1981
1980
1983
1984
1982
1979
1982
1979
1983
1985
1981
1981
1982
1979
1978
1979
1979
1975
1979
1981
1981
1973
1977
1977
1978
1979
1977
1975
1978
1978
1978
1974
1979
1983
1980
1976
1978
1974
1979
1979
1979
1975
1978
1973
1977
1977
1980
1973
1977
1975
1980
1978
1981
1974
1974
1975
1974
1974
1979
1975
1977
1975
1979
1975
1975
1974
1975
1975
1973
1977
1975
1971
1971
1974
1974
1973
1973
1974
1973
1977
1974
1977
1972
1972
1971
1971
1970
1972
1978
1973
1973
1973
1975
1974
1971
1974
1973
1974
1970
1969
1973
1971
1972
1970
1971
1970
1973
1969
1970
1971
1971
1975
1969
1970
1969
1969
1969
1971
1973
1968
1968
1971
1970
1971
1968
1968
1969
1968
1968
1968
1968
1970
1969
1968
1968
1968
1969
1968
1968
1968
1968
1968
1969
1969
1968
1968
1968
1968
1970
1968
1967
1968
1968
1968
1969
1968
1968
1968
1968
1965
1968
1968
1969
1969
1968
1969
1968
1968
1967
1968
1968
1968
1968
1965
1968
1968
1967
1966
1968
1966
1967
1968
1968
1966
1963
1965
1968
1966
1967
1967
1966
1967
1967
1968
1966
1968
1968
1967
1968
1967
1967
1966
1967
1967
1966
1964
1965
1967
1967
1964
1967
1965
1968
1966
1967
1967
1961
1967
1966
1966
1966
1966
1961
1967
1963
1967
1966
1963
1965
1968
1964
1965
1968
1958
1966
1961
1964
1965
1963
1963
1961
1961
1963
1963
1963
1963
1963
1965
1962
1962
1961
1959
1961
1963
1959
1958
1958
1959
1962
1963
1961
1957
1961
1956
1955
1958
1959
1961
1959
1961
1962
1959
1958
1959
1961
1965
1961
1962
1958
1957
1958
1957
1960
1959
1959
1966
1959
1955
1957
1959
1956
1957
1959
1955
1959
1956
1959
1957
1959
1957
1957
1957
1958
1957
1957
1958
1959
1957
1957
1958
1957
1958
1957
1958
1954
1957
1955
1955
1957
1953
1953
1956
1957
1955
1958
1956
1955
1953
1953
1957
1955
1954
1953
1957
1952
1955
1955
1957
1955
1951
1953
1955
1953
1952
1954
1953
1951
1954
1953
1952
1954
1951
1955
1951
1951
1951
1951
1951
1953
1952
1954
1951
1951
1955
1955
1951
1952
1953
1952
1953
1954
1950
1949
1952
1953
1952
1950
1952
1952
1953
1953
1954
1953
1953
1953
1952
1950
1950
1948
1946
1953
1951
1952
1951
1953
1949
1953
1949
1951
1951
1953
1952
1951
1949
1950
1946
1951
1951
1951
1949
1949
1949
1949
1949
1949
1950
1949
1950
1949
1951
1951
1948
1949
1946
1947
1953
1950
1950
1948
1950
1946
1949
1950
1947
1952
1946
1949
1947
1949
1948
1950
1949
1951
1943
1946
1949
1947
1948
1949
1950
1942
1947
1947
1947
1947
1945
1946
1949
1946
1943
1949
1946
1947
1949
1945
1943
1946
1941
1948
1947
1949
1946
1943
1947
1946
1943
1947
1943
1947
1943
1943
1946
1941
1947
1943
1943
1943
1941
1943
1943
1946
1947
1948
1947
1941
1943
1945
1945
# end
