# waiting 600 s for thermal settle - press any key to skip
# warm 0 s
# ----------------------------------------------------------
# label,C1_short_run2
# mode,sweep_single
# n,32768
# fs_hz,1999.9390
# span_s,16.384000
# mean_code,1880.2994
# sd_code,985.0055
# min_code,39
# max_code,3422
# NOTE sd_code above is the WHOLE-RECORD spread and is
#      dominated by the staircase, not by noise. The
#      measurement is the spread WITHIN each step, which
#      analyse_sweep.py computes.
# adc,12bit_default_11dB_attenuation
# conv,linear_3.3_over_4095
# ----------------------------------------------------------
1423
1422
1424
1422
1425
1424
1424
1425
1429
1425
1426
1431
1426
1425
1425
1427
1427
1430
1431
1427
1430
1433
1430
1431
1431
1431
1434
1437
1436
1435
1431
1436
1436
1437
1657
1654
1654
1654
1654
1651
1654
1655
1651
1655
1653
1653
1654
1655
1655
1655
1653
1654
1655
1654
1655
1657
1659
1655
1655
1656
1658
1659
1658
1655
1658
1658
1658
1662
1657
1658
1659
1661
1659
1658
1659
1660
1662
1661
1661
1662
1663
1664
1663
1663
1874
1874
1874
1875
1875
1875
1875
1874
1875
1872
1874
1875
1876
1873
1873
1872
1872
1874
1872
1875
1874
1874
1874
1872
1877
1872
1872
1872
1876
1872
1873
1872
1873
1872
1875
1874
1872
1872
1872
1872
1873
1872
1873
1873
1872
1872
1872
1872
1872
1872
2069
2071
2070
2072
2070
2067
2071
2067
2069
2068
2067
2069
2065
2071
2066
2069
2066
2065
2067
2070
2065
2066
2065
2066
2065
2064
2064
2064
2065
2064
2065
2064
2065
2064
2065
2064
2064
2063
2064
2064
2064
2062
2065
2064
2064
2064
2063
2059
2063
2061
2277
2278
2273
2273
2273
2274
2273
2271
2271
2270
2269
2268
2268
2269
2267
2269
2265
2267
2268
2265
2265
2265
2261
2261
2261
2261
2260
2263
2259
2263
2259
2262
2261
2257
2256
2257
2258
2258
2259
2256
2256
2257
2256
2255
2256
2256
2256
2256
2256
2255
2464
2465
2460
2463
2461
2458
2459
2459
2459
2454
2455
2454
2455
2452
2451
2453
2455
2453
2449
2448
2448
2448
2448
2447
2446
2446
2449
2447
2447
2448
2446
2446
2441
2446
2445
2439
2442
2437
2441
2443
2439
2436
2435
2435
2438
2434
2432
2437
2433
2433
2654
2655
2651
2653
2652
2651
2649
2649
2647
2643
2643
2642
2641
2641
2640
2640
2640
2639
2639
2638
2637
2635
2635
2635
2634
2631
2633
2633
2631
2627
2629
2627
2629
2625
2624
2625
2625
2624
2624
2623
2624
2622
2621
2618
2620
2621
2617
2618
2614
2611
2838
2838
2837
2837
2835
2838
2837
2833
2832
2832
2832
2829
2830
2831
2829
2827
2825
2821
2822
2820
2818
2820
2817
2816
2814
2815
2815
2813
2813
2814
2812
2807
2811
2810
2806
2805
2803
2803
2801
2803
2802
2799
2799
2800
2799
2798
2797
2798
2791
2796
3024
3024
3024
3019
3021
3018
3014
3015
3015
3015
3009
3013
3008
3007
3006
3004
3003
2998
3001
2999
2998
2995
2995
2994
2992
2991
2990
2992
2992
2989
2987
2991
2987
2986
2985
2981
2979
2978
2976
2977
2974
2973
2974
2973
2972
2970
2967
2967
2963
2962
3212
3215
3209
3210
3206
3205
3200
3199
3197
3195
3198
3195
3190
3190
3189
3188
3185
3187
3184
3183
3184
3179
3180
3178
3173
3173
3171
3170
3169
3168
3167
3163
3163
3162
3158
3163
3157
3157
3152
3152
3152
3152
3152
3151
3147
3147
3146
3143
3139
3140
3418
3414
3411
3413
3408
3407
3404
3405
3405
3399
3395
3395
3392
3394
3391
3385
3387
3383
3379
3382
3378
3376
3374
3375
3369
3366
3370
3363
3363
3365
3357
3359
3357
3351
3352
3351
3350
3349
3346
3346
3345
3341
3338
3338
3335
3334
3328
3330
3327
3329
3232
2275
1580
976
471
73
42
44
46
48
51
53
55
58
63
61
64
66
65
67
72
77
79
80
80
81
80
84
85
86
89
94
95
96
101
102
103
103
109
110
107
112
112
113
113
114
119
123
121
122
340
338
341
341
347
350
351
351
351
356
357
355
358
361
364
362
363
367
366
367
368
371
369
372
373
370
379
374
382
382
384
386
386
390
392
393
391
394
393
397
398
400
400
400
400
405
405
407
410
410
624
628
627
626
630
629
634
633
631
638
638
639
636
640
639
642
645
642
646
649
649
651
651
654
656
654
655
655
656
656
659
658
661
657
666
661
669
661
667
669
672
673
673
674
675
673
677
678
682
681
900
898
900
901
901
905
903
903
910
906
909
908
912
907
911
910
912
912
912
912
917
914
918
917
919
922
923
923
923
922
924
923
925
924
925
927
931
930
934
931
935
934
937
933
935
939
939
940
944
940
1168
1169
1170
1170
1171
1173
1170
1170
1171
1173
1170
1175
1177
1173
1177
1177
1183
1174
1177
1181
1179
1183
1182
1182
1185
1184
1189
1184
1189
1187
1185
1186
1191
1191
1189
1191
1189
1191
1190
1195
1197
1195
1196
1200
1198
1199
1197
1198
1199
1200
1423
1420
1419
1418
1421
1423
1422
1421
1417
1421
1422
1424
1420
1423
1424
1423
1423
1424
1424
1424
1424
1424
1424
1424
1427
1424
1424
1425
1431
1427
1427
1430
1431
1428
1433
1429
1431
1429
1430
1431
1430
1431
1435
1436
1433
1438
1437
1437
1434
1435
1653
1651
1652
1653
1655
1653
1650
1651
1653
1653
1651
1651
1657
1657
1654
1651
1653
1653
1653
1655
1655
1655
1651
1657
1657
1658
1653
1655
1658
1655
1654
1658
1655
1658
1657
1657
1659
1658
1661
1658
1659
1659
1659
1659
1662
1660
1659
1663
1661
1664
1875
1875
1874
1875
1876
1873
1873
1872
1875
1875
1872
1873
1873
1873
1873
1873
1873
1873
1872
1872
1873
1874
1872
1873
1872
1872
1874
1871
1872
1872
1872
1873
1873
1872
1873
1873
1874
1872
1872
1872
1871
1872
1871
1876
1873
1872
1874
1871
1873
1872
2074
2071
2074
2073
2071
2073
2071
2068
2064
2067
2067
2069
2067
2067
2067
2064
2065
2065
2065
2064
2070
2064
2064
2065
2064
2065
2064
2064
2065
2064
2062
2064
2064
2064
2064
2064
2064
2064
2064
2063
2064
2064
2064
2064
2062
2060
2061
2064
2062
2061
2276
2277
2274
2275
2273
2270
2272
2272
2267
2270
2266
2268
2269
2268
2270
2268
2267
2266
2263
2265
2263
2261
2265
2263
2260
2261
2259
2259
2259
2259
2259
2259
2258
2261
2256
2259
2259
2256
2257
2259
2256
2255
2256
2256
2257
2254
2254
2255
2255
2253
2462
2465
2462
2461
2459
2459
2459
2458
2458
2457
2453
2452
2454
2455
2455
2454
2448
2449
2449
2448
2450
2449
2449
2448
2448
2448
2447
2444
2448
2445
2446
2446
2443
2443
2445
2447
2443
2439
2438
2439
2438
2438
2437
2434
2435
2435
2436
2435
2434
2435
2654
2655
2655
2653
2654
2646
2647
2650
2642
2646
2642
2645
2643
2641
2641
2640
2640
2641
2640
2640
2639
2639
2637
2636
2637
2635
2635
2634
2634
2629
2629
2628
2627
2626
2625
2626
2623
2624
2624
2624
2624
2623
2623
2618
2619
2619
2618
2619
2621
2614
2839
2839
2834
2838
2833
2833
2832
2833
2830
2832
2831
2831
2831
2830
2826
2829
2825
2823
2819
2822
2818
2819
2817
2817
2819
2816
2816
2814
2815
2812
2807
2810
2811
2807
2807
2803
2803
2803
2804
2800
2802
2800
2800
2798
2799
2800
2798
2794
2797
2796
3023
3023
3023
3022
3015
3018
3017
3019
3015
3011
3010
3009
3008
3008
3006
3006
3005
3001
2999
2999
2998
2997
2995
2995
2992
2991
2992
2992
2991
2989
2982
2982
2982
2983
2982
2978
2977
2976
2976
2978
2976
2975
2971
2966
2975
2970
2970
2966
2967
2962
3214
3211
3210
3206
3205
3201
3204
3200
3199
3193
3195
3194
3192
3195
3187
3190
3186
3184
3184
3184
3185
3179
3181
3173
3175
3172
3173
3172
3168
3164
3167
3164
3163
3157
3159
3156
3158
3154
3157
3152
3152
3152
3152
3152
3150
3144
3142
3140
3143
3139
3413
3416
3411
3411
3408
3408
3408
3402
3403
3399
3402
3395
3393
3390
3387
3381
3386
3381
3380
3379
3377
3377
3376
3376
3370
3367
3372
3367
3361
3365
3359
3362
3358
3353
3349
3349
3349
3344
3344
3344
3344
3342
3335
3337
3334
3333
3331
3329
3329
3328
3234
2281
1581
979
480
71
42
47
48
48
49
51
59
55
63
63
66
65
67
70
77
75
80
78
80
85
80
85
86
86
89
92
95
97
99
96
99
102
105
105
107
111
111
112
115
116
119
119
119
123
340
344
341
347
342
349
349
349
348
356
354
357
359
359
365
365
364
366
368
366
368
369
369
372
374
373
378
382
382
384
384
386
388
386
389
387
391
391
396
393
400
399
400
400
400
403
405
406
407
407
629
624
626
628
626
635
631
634
636
637
635
637
639
642
640
641
641
644
647
647
650
650
651
655
656
656
653
656
658
657
661
659
662
662
659
665
664
665
671
668
671
668
673
673
675
678
674
677
681
685
899
898
898
901
902
903
901
902
908
910
910
907
905
910
908
909
912
913
912
917
913
914
915
919
917
919
923
922
922
923
921
924
927
928
927
929
927
930
931
933
934
935
935
942
937
939
938
942
941
944
1169
1169
1170
1170
1168
1173
1173
1171
1171
1171
1174
1175
1179
1172
1177
1177
1175
1174
1179
1183
1178
1183
1183
1181
1182
1185
1186
1185
1188
1184
1187
1187
1190
1189
1190
1189
1195
1191
1191
1194
1194
1195
1199
1199
1197
1199
1197
1199
1199
1200
1419
1422
1422
1417
1421
1422
1423
1422
1422
1420
1424
1424
1424
1421
1424
1425
1424
1424
1426
1424
1424
1423
1424
1424
1426
1424
1426
1427
1426
1427
1427
1429
1428
1426
1427
1430
1427
1433
1430
1431
1431
1431
1431
1429
1433
1430
1435
1433
1435
1438
1651
1653
1655
1652
1653
1650
1655
1652
1653
1653
1654
1653
1653
1655
1654
1655
1653
1653
1654
1654
1654
1652
1654
1658
1653
1655
1655
1658
1658
1656
1657
1661
1659
1658
1659
1661
1657
1657
1655
1659
1658
1660
1659
1655
1663
1659
1661
1659
1660
1664
1876
1873
1875
1873
1875
1874
1872
1873
1875
1872
1873
1872
1872
1873
1873
1872
1873
1873
1872
1874
1872
1872
1873
1873
1873
1872
1874
1872
1872
1872
1872
1872
1877
1872
1875
1872
1872
1874
1872
1873
1872
1874
1872
1874
1873
1872
1872
1872
1872
1873
2076
2071
2070
2068
2070
2070
2071
2067
2069
2069
2071
2070
2068
2067
2066
2064
2066
2066
2067
2067
2065
2067
2065
2064
2069
2064
2064
2064
2064
2066
2064
2064
2065
2064
2065
2064
2065
2064
2062
2064
2063
2064
2063
2064
2064
2062
2063
2064
2064
2063
2275
2273
2275
2274
2273
2272
2269
2271
2269
2272
2269
2267
2269
2264
2265
2267
2267
2269
2267
2268
2263
2265
2262
2267
2263
2259
2259
2258
2261
2261
2259
2257
2261
2257
2259
2257
2257
2256
2258
2256
2256
2256
2257
2256
2256
2255
2256
2256
2256
2255
2465
2463
2463
2462
2463
2458
2462
2455
2458
2455
2458
2453
2451
2451
2454
2450
2453
2450
2449
2453
2448
2448
2446
2448
2448
2447
2447
2445
2447
2445
2446
2443
2443
2441
2443
2438
2441
2439
2442
2435
2435
2437
2438
2434
2434
2434
2436
2432
2432
2434
2656
2654
2654
2650
2650
2650
2648
2647
2646
2647
2647
2641
2645
2638
2640
2640
2638
2639
2639
2639
2638
2640
2637
2635
2635
2633
2635
2631
2635
2630
2629
2625
2626
2628
2631
2627
2628
2625
2624
2624
2624
2624
2619
2621
2620
2618
2615
2620
2619
2614
2839
2841
2837
2835
2835
2835
2833
2832
2832
2831
2832
2833
2830
2830
2828
2828
2826
2825
2819
2822
2822
2819
2817
2820
2816
2815
2816
2815
2814
2810
2810
2809
2814
2809
2809
2802
2805
2805
2800
2801
2800
2802
2800
2800
2799
2799
2799
2799
2796
2798
3023
3022
3023
3023
3022
3018
3018
3014
3014
3009
3010
3008
3009
3006
3005
3005
3005
3003
2998
2997
2998
2994
2992
2992
2992
2994
2991
2991
2991
2991
2990
2987
2987
2986
2982
2979
2975
2985
2982
2975
2975
2973
2975
2972
2967
2973
2965
2967
2966
2963
3215
3213
3207
3206
3206
3202
3201
3202
3199
3199
3196
3194
3189
3187
3189
3187
3186
3184
3184
3183
3182
3182
3178
3179
3173
3174
3170
3170
3170
3164
3166
3162
3166
3165
3163
3156
3157
3152
3152
3152
3150
3151
3151
3149
3152
3143
3145
3143
3140
3136
3414
3415
3414
3409
3408
3408
3408
3403
3405
3399
3397
3394
3397
3392
3390
3386
3389
3386
3383
3382
3381
3377
3373
3369
3373
3367
3367
3365
3369
3359
3359
3363
3361
3351
3351
3351
3346
3344
3344
3343
3344
3342
3341
3334
3339
3331
3329
3331
3329
3327
3237
2282
1580
976
478
71
39
47
48
49
49
55
53
61
58
64
64
66
68
70
73
75
74
80
79
82
82
84
83
89
91
95
97
92
95
98
101
105
103
107
109
109
113
113
113
118
117
122
123
125
339
341
343
345
345
347
349
350
353
355
353
358
357
357
361
361
365
368
368
368
368
368
369
373
375
372
375
378
379
381
381
386
385
390
387
393
391
395
399
398
400
399
400
401
400
403
405
406
405
407
624
627
631
625
630
631
630
634
634
638
639
635
639
640
639
639
643
641
642
646
647
649
651
653
652
655
655
656
657
657
656
660
657
660
661
668
666
668
668
669
670
672
675
675
675
677
678
681
683
682
898
905
897
900
898
899
902
903
908
906
909
907
911
911
910
911
914
912
914
912
913
915
919
916
919
919
923
921
923
919
927
926
928
926
929
927
929
929
929
930
932
938
938
935
935
938
938
935
941
944
1168
1171
1171
1170
1169
1171
1169
1173
1173
1173
1173
1177
1177
1175
1175
1175
1178
1180
1178
1179
1182
1181
1182
1182
1184
1183
1184
1187
1185
1187
1189
1189
1187
1196
1193
1194
1196
1193
1194
1194
1196
1197
1197
1199
1198
1200
1200
1200
1200
1199
1419
1419
1421
1420
1418
1418
1418
1423
1424
1421
1422
1419
1424
1421
1424
1423
1423
1424
1423
1422
1424
1424
1424
1425
1425
1425
1424
1427
1426
1427
1429
1430
1427
1427
1428
1427
1429
1431
1430
1430
1433
1434
1431
1435
1433
1435
1437
1433
1433
1435
1658
1650
1651
1651
1654
1654
1655
1655
1651
1648
1651
1658
1652
1651
1655
1653
1654
1653
1657
1654
1652
1659
1655
1657
1659
1653
1655
1657
1654
1655
1657
1658
1655
1660
1658
1657
1659
1662
1655
1658
1659
1657
1662
1658
1661
1662
1661
1662
1662
1659
1873
1875
1875
1874
1872
1877
1872
1875
1872
1873
1873
1875
1874
1872
1874
1874
1873
1873
1876
1875
1872
1873
1874
1875
1873
1875
1872
1872
1872
1876
1872
1875
1874
1874
1874
1876
1874
1872
1872
1872
1872
1872
1872
1872
1872
1872
1872
1873
1872
1872
2071
2069
2071
2073
2073
2069
2070
2067
2071
2069
2068
2067
2066
2065
2070
2066
2067
2066
2069
2064
2064
2064
2064
2064
2067
2064
2067
2063
2064
2063
2064
2064
2063
2064
2064
2063
2066
2064
2064
2064
2062
2063
2064
2062
2063
2064
2064
2063
2064
2060
2275
2275
2273
2271
2273
2272
2269
2267
2269
2269
2267
2267
2272
2269
2270
2271
2267
2266
2265
2263
2265
2262
2262
2259
2264
2262
2263
2258
2259
2259
2259
2259
2258
2257
2261
2259
2256
2257
2256
2258
2256
2254
2256
2256
2254
2254
2255
2256
2256
2254
2463
2462
2459
2459
2461
2460
2459
2459
2453
2455
2453
2454
2455
2451
2451
2449
2448
2449
2450
2448
2449
2448
2448
2448
2448
2448
2447
2445
2448
2444
2443
2442
2442
2443
2443
2439
2439
2442
2437
2441
2437
2437
2434
2438
2432
2435
2436
2435
2434
2434
2656
2655
2657
2653
2649
2647
2647
2646
2647
2645
2646
2640
2640
2642
2640
2640
2640
2640
2639
2637
2639
2639
2635
2635
2639
2634
2630
2633
2633
2631
2631
2627
2629
2626
2626
2625
2623
2624
2625
2624
2623
2621
2621
2619
2618
2615
2620
2615
2620
2615
2838
2838
2843
2837
2834
2832
2833
2832
2832
2832
2830
2827
2828
2827
2830
2826
2826
2823
2820
2820
2818
2822
2817
2817
2817
2817
2816
2815
2811
2812
2809
2810
2810
2810
2810
2806
2803
2801
2802
2800
2801
2800
2800
2798
2799
2798
2797
2798
2799
2795
3023
3023
3023
3020
3021
3018
3017
3012
3013
3011
3009
3008
3007
3006
3003
3005
3003
3001
2997
2998
2995
2995
2997
2993
2992
2993
2992
2991
2991
2988
2989
2989
2987
2987
2985
2981
2978
2981
2978
2978
2975
2976
2974
2973
2969
2971
2963
2970
2967
2963
3213
3213
3209
3212
3205
3202
3199
3199
3197
3200
3193
3193
3195
3189
3187
3185
3188
3189
3184
3184
3180
3180
3182
3177
3175
3173
3174
3167
3173
3167
3165
3162
3161
3159
3159
3157
3157
3159
3152
3152
3152
3151
3152
3149
3145
3145
3140
3140
3141
3136
3417
3416
3417
3410
3410
3408
3407
3402
3403
3399
3401
3392
3392
3394
3386
3389
3386
3388
3379
3381
3376
3377
3375
3376
3366
3369
3371
3366
3365
3364
3359
3359
3360
3353
3350
3354
3349
3345
3344
3346
3343
3344
3337
3334
3330
3331
3332
3328
3328
3327
3241
2284
1582
980
480
73
42
47
46
49
51
53
53
54
61
59
63
64
65
74
72
74
78
77
80
82
81
81
86
86
91
93
94
91
100
101
101
107
108
107
110
109
111
114
113
115
117
118
122
123
339
343
343
347
348
345
351
351
352
350
354
355
357
361
357
363
367
363
367
368
368
368
371
371
374
378
376
380
383
380
385
384
387
388
394
390
390
394
395
399
398
400
400
401
402
403
401
410
405
414
629
626
627
627
629
631
629
629
634
637
637
642
637
639
640
640
645
643
647
647
647
647
651
652
656
656
655
655
657
656
657
658
658
661
663
669
663
666
669
671
673
674
674
673
677
679
674
679
682
686
901
896
899
903
906
905
906
906
905
907
909
910
911
911
913
912
912
913
912
912
912
914
914
917
916
917
918
923
921
923
919
924
925
927
929
927
931
931
927
934
934
933
937
941
935
939
939
943
941
944
1170
1168
1168
1172
1170
1173
1170
1170
1175
1174
1172
1172
1176
1173
1178
1179
1181
1179
1182
1182
1182
1182
1183
1186
1181
1185
1185
1185
1188
1185
1187
1191
1189
1193
1190
1191
1191
1193
1195
1194
1197
1195
1197
1197
1198
1196
1200
1200
1200
1200
1419
1419
1421
1420
1422
1423
1418
1422
1423
1421
1422
1424
1423
1422
1424
1423
1425
1424
1422
1424
1424
1425
1424
1425
1425
1424
1424
1425
1424
1425
1426
1429
1427
1430
1428
1430
1428
1429
1433
1433
1436
1430
1430
1436
1434
1436
1435
1438
1430
1435
1651
1651
1652
1648
1651
1653
1658
1652
1655
1654
1651
1651
1654
1651
1654
1654
1653
1655
1654
1654
1655
1655
1659
1656
1653
1653
1657
1662
1655
1655
1658
1659
1655
1657
1658
1662
1658
1661
1657
1658
1655
1658
1658
1660
1659
1664
1661
1658
1659
1663
1878
1877
1877
1872
1873
1877
1877
1875
1873
1876
1873
1872
1875
1872
1875
1875
1872
1874
1872
1872
1875
1872
1874
1872
1872
1872
1875
1873
1872
1873
1876
1872
1874
1872
1872
1873
1872
1874
1873
1872
1875
1872
1874
1872
1872
1873
1873
1872
1872
1873
2074
2075
2073
2070
2074
2069
2069
2070
2068
2066
2069
2070
2068
2069
2067
2069
2066
2069
2067
2070
2066
2065
2064
2067
2067
2065
2064
2064
2066
2065
2066
2067
2064
2063
2064
2064
2064
2063
2064
2064
2064
2064
2064
2062
2063
2064
2061
2061
2064
2062
2273
2275
2271
2274
2273
2277
2273
2273
2271
2268
2269
2267
2269
2266
2270
2267
2266
2267
2263
2265
2263
2261
2266
2263
2259
2263
2262
2258
2260
2259
2258
2261
2261
2259
2256
2258
2259
2257
2257
2256
2257
2256
2256
2256
2256
2256
2255
2254
2256
2255
2464
2463
2465
2463
2462
2461
2459
2457
2462
2453
2455
2453
2455
2453
2454
2454
2450
2450
2448
2448
2448
2449
2449
2448
2448
2448
2447
2443
2447
2446
2447
2444
2443
2443
2443
2441
2438
2439
2439
2439
2437
2437
2436
2435
2437
2436
2433
2433
2433
2432
2655
2655
2651
2650
2650
2651
2651
2645
2643
2647
2645
2642
2640
2642
2640
2640
2641
2640
2640
2639
2639
2634
2631
2635
2634
2634
2630
2626
2627
2629
2630
2629
2629
2628
2630
2625
2624
2624
2624
2624
2621
2624
2623
2623
2622
2622
2618
2617
2620
2615
2840
2838
2842
2833
2835
2833
2833
2834
2832
2832
2831
2832
2827
2826
2822
2823
2825
2822
2822
2817
2819
2818
2815
2816
2815
2815
2815
2811
2814
2811
2813
2807
2807
2805
2805
2803
2803
2800
2800
2800
2803
2800
2800
2799
2799
2799
2797
2795
2791
2793
3024
3022
3018
3019
3014
3014
3013
3018
3010
3008
3010
3008
3009
3007
3006
3003
3007
3003
2999
2999
2994
2995
2995
2992
2991
2991
2993
2989
2990
2988
2985
2986
2979
2985
2977
2980
2977
2977
2973
2974
2970
2973
2971
2971
2966
2966
2965
2967
2962
2961
3209
3211
3208
3207
3210
3202
3201
3199
3198
3198
3195
3194
3187
3189
3184
3185
3185
3184
3185
3184
3181
3175
3179
3182
3171
3177
3169
3170
3170
3167
3165
3167
3165
3161
3158
3162
3157
3158
3153
3152
3152
3152
3151
3152
3147
3147
3143
3139
3140
3139
3413
3415
3418
3411
3410
3411
3405
3402
3401
3402
3393
3395
3392
3392
3389
3382
3386
3383
3383
3383
3379
3373
3375
3373
3376
3370
3370
3364
3370
3356
3358
3358
3351
3353
3349
3353
3346
3345
3344
3344
3343
3341
3337
3341
3334
3337
3330
3329
3330
3328
3246
2288
1584
979
482
75
42
45
48
48
54
50
55
58
58
66
65
65
64
68
75
74
76
79
80
80
84
85
86
86
87
94
96
95
97
96
99
105
103
110
111
110
112
114
113
116
120
121
121
122
341
342
341
343
349
346
352
352
352
355
357
355
355
359
362
366
365
366
366
368
368
371
374
374
375
374
377
377
382
382
382
384
389
384
390
387
388
396
391
399
400
398
400
403
400
400
403
405
405
414
625
628
626
631
630
630
631
634
636
632
640
639
637
641
641
641
643
645
645
647
650
650
650
653
654
655
655
654
656
656
659
659
659
663
662
663
667
666
668
671
668
672
667
669
678
673
677
679
681
682
899
898
899
899
905
903
904
907
906
907
908
909
910
912
912
912
912
912
912
914
914
914
915
915
917
919
917
921
925
926
925
926
929
928
929
928
933
932
932
935
937
935
937
934
938
939
939
944
943
944
1168
1168
1169
1170
1168
1172
1171
1168
1175
1174
1175
1173
1177
1179
1178
1177
1178
1178
1179
1181
1184
1182
1181
1182
1183
1182
1185
1189
1184
1191
1185
1189
1193
1190
1189
1195
1195
1194
1199
1195
1196
1194
1194
1200
1200
1199
1197
1199
1197
1200
1418
1421
1414
1420
1422
1423
1421
1421
1424
1421
1423
1425
1424
1424
1423
1424
1420
1423
1424
1424
1424
1426
1424
1424
1424
1424
1428
1426
1425
1428
1427
1431
1427
1429
1429
1431
1430
1430
1429
1430
1433
1435
1431
1435
1431
1437
1433
1435
1436
1436
1654
1653
1654
1655
1653
1656
1654
1654
1650
1653
1652
1654
1655
1653
1654
1650
1654
1653
1653
1658
1657
1653
1655
1655
1655
1655
1659
1657
1652
1655
1660
1663
1663
1658
1655
1655
1659
1663
1659
1657
1659
1659
1663
1658
1659
1661
1662
1660
1661
1659
1876
1879
1875
1879
1876
1875
1872
1873
1872
1875
1873
1873
1876
1873
1873
1874
1873
1873
1872
1872
1872
1873
1874
1872
1875
1872
1873
1872
1873
1873
1873
1872
1872
1872
1873
1872
1874
1874
1872
1872
1874
1873
1874
1874
1875
1875
1872
1872
1872
1872
2075
2075
2074
2073
2074
2069
2075
2075
2069
2070
2068
2071
2067
2067
2067
2067
2066
2066
2066
2064
2066
2066
2065
2066
2064
2064
2064
2064
2064
2064
2064
2064
2066
2064
2064
2064
2064
2064
2064
2062
2062
2064
2063
2064
2064
2062
2064
2059
2061
2064
2276
2274
2273
2273
2272
2270
2273
2270
2271
2271
2269
2270
2267
2269
2266
2266
2268
2266
2267
2266
2266
2266
2259
2262
2261
2262
2262
2258
2261
2259
2259
2260
2259
2258
2256
2256
2259
2256
2258
2257
2257
2256
2256
2256
2256
2254
2256
2256
2256
2255
2461
2464
2458
2464
2458
2461
2458
2455
2461
2455
2458
2454
2455
2454
2450
2449
2451
2448
2448
2451
2448
2449
2448
2448
2448
2448
2448
2447
2448
2448
2446
2443
2443
2443
2445
2441
2441
2441
2437
2443
2439
2436
2437
2434
2435
2435
2435
2437
2433
2433
2655
2655
2654
2651
2651
2645
2647
2646
2647
2645
2641
2641
2640
2647
2640
2639
2640
2640
2639
2640
2637
2639
2637
2635
2633
2630
2634
2629
2630
2630
2628
2629
2627
2625
2627
2624
2624
2624
2624
2623
2622
2622
2620
2615
2620
2617
2619
2615
2611
2613
2839
2838
2839
2834
2837
2834
2832
2835
2832
2832
2827
2829
2830
2831
2826
2826
2826
2823
2822
2819
2821
2822
2821
2816
2817
2814
2816
2815
2812
2811
2811
2811
2813
2811
2807
2801
2801
2803
2802
2801
2801
2800
2800
2800
2799
2796
2794
2795
2795
2794
3024
3024
3021
3018
3022
3015
3013
3018
3013
3009
3008
3010
3010
3005
3009
3005
2999
3003
3001
2997
2996
2994
2992
2994
2993
2992
2990
2992
2992
2989
2988
2986
2986
2986
2982
2981
2979
2975
2975
2975
2974
2973
2972
2974
2967
2969
2966
2965
2962
2963
3215
3213
3209
3205
3201
3202
3203
3200
3200
3195
3194
3198
3195
3188
3187
3186
3185
3184
3185
3184
3180
3183
3179
3179
3175
3172
3170
3167
3171
3164
3171
3166
3165
3162
3162
3154
3162
3152
3153
3152
3152
3152
3150
3150
3149
3143
3141
3142
3136
3139
3414
3418
3415
3409
3410
3408
3407
3408
3402
3404
3403
3397
3394
3392
3391
3387
3385
3385
3379
3379
3376
3376
3375
3376
3372
3373
3371
3368
3367
3362
3362
3359
3355
3355
3350
3347
3344
3344
3344
3343
3343
3338
3339
3335
3335
3330
3329
3330
3329
3326
3248
2286
1584
977
477
74
45
43
47
50
50
51
54
60
61
62
64
64
66
68
70
75
79
78
80
80
81
83
83
89
83
90
89
95
95
98
102
103
106
107
108
112
112
114
115
116
117
118
122
122
342
342
339
344
346
349
349
347
354
355
351
355
357
359
362
362
365
366
367
368
368
369
371
373
375
377
379
379
381
382
383
381
387
388
389
389
390
393
397
396
396
400
401
400
403
405
403
405
408
406
627
627
626
629
630
631
629
631
637
634
635
640
637
642
640
643
646
643
644
647
647
653
650
654
654
655
656
654
655
659
656
658
660
659
667
665
666
670
668
670
670
668
672
672
674
678
678
680
687
679
899
899
898
900
898
903
903
905
906
906
903
904
910
910
911
912
912
912
912
917
913
916
916
919
917
915
919
923
919
925
923
926
926
926
929
930
931
929
935
932
933
938
935
933
940
939
939
942
943
943
1168
1168
1170
1168
1169
1169
1172
1173
1176
1175
1177
1177
1178
1181
1175
1179
1178
1182
1178
1179
1181
1182
1184
1182
1181
1183
1183
1184
1185
1186
1186
1185
1189
1186
1191
1190
1191
1194
1195
1193
1196
1196
1200
1196
1198
1196
1199
1198
1200
1200
1424
1421
1421
1417
1421
1421
1420
1422
1422
1420
1424
1421
1422
1422
1423
1424
1422
1423
1424
1423
1424
1424
1422
1424
1424
1424
1424
1425
1427
1428
1425
1427
1429
1427
1430
1431
1431
1429
1429
1438
1430
1432
1434
1434
1431
1431
1433
1434
1433
1435
1654
1653
1651
1650
1650
1653
1651
1653
1653
1653
1651
1655
1653
1654
1650
1651
1652
1654
1653
1653
1654
1654
1657
1659
1655
1658
1655
1657
1654
1655
1659
1657
1659
1657
1659
1657
1658
1655
1659
1659
1662
1658
1660
1657
1661
1655
1657
1661
1660
1663
1877
1874
1873
1874
1875
1872
1873
1874
1876
1874
1874
1872
1875
1875
1873
1872
1873
1873
1876
1872
1872
1873
1872
1872
1872
1872
1872
1872
1872
1871
1874
1872
1873
1873
1874
1872
1872
1872
1872
1873
1872
1872
1872
1873
1874
1874
1872
1872
1873
1872
2073
2073
2069
2070
2074
2070
2069
2074
2071
2066
2067
2069
2064
2069
2071
2067
2065
2065
2065
2065
2066
2064
2065
2065
2064
2064
2064
2064
2064
2063
2064
2064
2065
2064
2064
2064
2063
2064
2064
2063
2063
2064
2064
2058
2061
2064
2062
2064
2064
2064
2274
2275
2272
2277
2271
2273
2271
2273
2270
2270
2270
2265
2270
2266
2265
2268
2266
2265
2265
2267
2266
2261
2263
2262
2261
2261
2265
2265
2261
2258
2261
2261
2257
2266
2259
2258
2257
2256
2257
2258
2258
2257
2256
2255
2254
2256
2256
2256
2254
2255
2464
2466
2464
2460
2461
2460
2457
2455
2457
2457
2451
2453
2454
2451
2453
2451
2451
2448
2453
2448
2448
2448
2448
2448
2447
2443
2445
2447
2447
2447
2446
2442
2442
2443
2441
2443
2439
2444
2441
2439
2437
2437
2436
2435
2435
2438
2435
2433
2433
2432
2655
2653
2654
2653
2649
2647
2646
2649
2646
2641
2643
2644
2644
2640
2642
2641
2640
2640
2638
2638
2639
2637
2635
2637
2636
2635
2634
2631
2633
2631
2630
2627
2626
2626
2626
2626
2624
2624
2622
2622
2622
2621
2618
2619
2617
2616
2619
2617
2609
2613
2841
2839
2837
2835
2834
2834
2832
2832
2831
2832
2829
2832
2829
2829
2828
2826
2823
2824
2825
2819
2821
2817
2818
2815
2817
2815
2814
2813
2814
2813
2813
2809
2806
2807
2803
2805
2805
2807
2801
2805
2801
2800
2800
2800
2799
2795
2797
2795
2791
2794
3024
3023
3023
3021
3020
3014
3013
3013
3011
3014
3009
3014
3008
3008
3006
3005
3003
3003
2999
3001
2997
2994
2993
2992
2992
2992
2989
2990
2990
2989
2987
2987
2989
2982
2977
2981
2978
2975
2975
2977
2976
2973
2973
2971
2970
2969
2964
2963
2963
2960
3211
3210
3210
3209
3207
3203
3201
3201
3202
3197
3197
3195
3193
3189
3187
3184
3184
3184
3182
3179
3179
3183
3179
3173
3175
3173
3170
3175
3170
3166
3166
3163
3163
3162
3158
3155
3154
3155
3152
3153
3151
3150
3150
3147
3140
3145
3143
3143
3143
3138
3411
3422
3413
3411
3412
3407
3407
3406
3403
3399
3399
3394
3393
3391
3393
3387
3388
3387
3382
3377
3374
3375
3376
3371
3372
3370
3373
3366
3365
3360
3361
3360
3354
3350
3353
3351
3349
3347
3344
3344
3343
3339
3337
3333
3331
3333
3330
3329
3327
3326
3248
2288
1584
979
479
74
41
47
48
49
50
51
61
54
64
65
61
64
66
68
70
74
78
80
80
81
81
82
81
86
92
94
97
98
99
99
100
103
104
109
109
110
112
115
118
117
117
119
120
119
337
339
343
343
347
349
349
353
351
353
357
358
356
358
359
359
363
363
368
369
369
371
368
373
375
374
375
375
383
378
383
387
384
385
389
391
394
396
393
397
398
399
401
400
401
405
402
407
406
407
625
626
625
630
629
629
630
630
630
633
635
635
640
640
641
641
642
646
647
646
643
645
654
653
653
654
656
656
656
658
656
661
661
661
666
661
667
670
667
669
670
671
674
671
674
677
679
677
678
677
898
898
901
903
901
906
904
902
905
903
901
907
907
912
912
912
912
916
912
913
915
915
918
917
917
919
921
923
919
923
925
922
922
925
927
929
929
927
932
935
934
933
939
938
941
942
939
943
944
943
1170
1170
1168
1168
1172
1169
1173
1174
1175
1173
1170
1179
1177
1179
1175
1178
1179
1183
1175
1182
1183
1184
1183
1181
1185
1184
1184
1185
1187
1186
1190
1191
1191
1189
1191
1194
1189
1191
1193
1195
1198
1197
1198
1197
1198
1199
1195
1198
1200
1199
1422
1418
1418
1413
1421
1422
1419
1420
1420
1421
1421
1424
1422
1423
1423
1424
1424
1424
1424
1424
1424
1426
1424
1426
1425
1427
1424
1424
1424
1429
1434
1429
1426
1427
1430
1427
1430
1429
1431
1430
1431
1431
1431
1437
1433
1431
1437
1431
1437
1435
1652
1651
1653
1652
1653
1649
1653
1654
1650
1650
1652
1654
1655
1654
1653
1653
1653
1655
1653
1654
1653
1657
1654
1655
1658
1654
1658
1655
1659
1654
1655
1659
1654
1657
1658
1660
1659
1655
1658
1657
1661
1657
1663
1655
1657
1659
1663
1663
1664
1661
1882
1876
1873
1875
1873
1873
1872
1874
1876
1873
1873
1872
1873
1872
1874
1874
1872
1873
1872
1873
1874
1874
1873
1874
1872
1873
1872
1872
1872
1872
1872
1873
1872
1872
1876
1872
1872
1872
1874
1872
1872
1875
1872
1875
1874
1875
1874
1875
1872
1873
2070
2071
2070
2070
2071
2070
2070
2069
2069
2070
2070
2070
2068
2066
2069
2067
2065
2066
2066
2066
2069
2066
2066
2065
2064
2064
2064
2064
2063
2064
2064
2066
2065
2064
2063
2063
2062
2061
2062
2063
2064
2063
2064
2064
2061
2064
2060
2063
2064
2062
2277
2272
2273
2271
2274
2272
2271
2270
2271
2267
2269
2268
2269
2269
2269
2266
2268
2269
2263
2267
2265
2262
2263
2266
2262
2261
2263
2262
2259
2262
2256
2259
2260
2257
2258
2257
2260
2258
2256
2255
2256
2257
2256
2256
2256
2255
2256
2256
2254
2254
2463
2465
2462
2463
2463
2459
2459
2454
2459
2455
2455
2455
2451
2455
2453
2452
2449
2450
2450
2449
2451
2448
2447
2447
2448
2447
2447
2446
2448
2446
2446
2444
2442
2437
2438
2442
2439
2441
2439
2438
2437
2439
2441
2435
2437
2437
2433
2432
2434
2435
2655
2657
2650
2651
2651
2647
2653
2649
2647
2644
2643
2641
2641
2642
2641
2643
2639
2640
2638
2639
2640
2635
2637
2635
2635
2631
2631
2634
2627
2629
2626
2627
2628
2624
2625
2624
2624
2625
2623
2622
2622
2620
2623
2624
2621
2616
2615
2619
2615
2613
2843
2841
2835
2834
2834
2835
2832
2832
2834
2832
2831
2831
2830
2831
2829
2827
2826
2827
2818
2820
2821
2821
2819
2816
2816
2820
2813
2813
2813
2810
2814
2807
2805
2805
2804
2805
2803
2804
2803
2800
2800
2801
2800
2800
2799
2800
2797
2795
2795
2794
3023
3027
3021
3019
3018
3018
3015
3018
3013
3011
3009
3008
3008
3008
3009
3007
3007
3006
3002
3001
2999
2997
2995
2993
2994
2992
2992
2991
2990
2989
2990
2987
2987
2982
2982
2982
2979
2979
2978
2976
2975
2973
2973
2970
2971
2966
2968
2965
2966
2962
3211
3214
3210
3209
3202
3203
3203
3200
3200
3195
3193
3187
3191
3191
3190
3188
3184
3187
3186
3184
3181
3182
3179
3174
3172
3174
3171
3169
3167
3167
3167
3163
3161
3161
3155
3157
3159
3154
3152
3152
3152
3152
3151
3149
3149
3147
3142
3145
3141
3139
3414
3414
3412
3414
3410
3408
3407
3405
3405
3398
3399
3398
3392
3394
3393
3386
3383
3381
3381
3379
3376
3376
3374
3376
3373
3368
3371
3363
3363
3360
3361
3359
3359
3349
3355
3349
3346
3347
3344
3344
3343
3340
3339
3335
3332
3333
3328
3332
3329
3328
3250
2288
1589
985
485
77
44
43
48
49
48
51
55
59
57
61
62
66
65
67
71
74
74
78
78
80
81
83
84
87
91
91
95
94
94
99
102
99
102
106
109
112
112
112
112
115
118
121
121
127
341
339
342
343
346
343
349
350
352
350
354
357
357
359
362
365
361
367
368
368
368
369
375
371
371
375
373
384
384
380
384
385
385
384
389
391
395
389
397
397
400
400
400
400
401
406
404
406
409
411
626
628
627
629
631
629
631
630
637
637
639
637
640
641
640
642
645
643
645
642
649
649
651
649
655
656
655
655
656
656
656
659
660
662
663
662
666
663
669
671
671
670
673
672
673
674
674
677
679
679
899
899
901
901
901
907
905
907
909
909
907
907
912
910
909
911
912
912
913
913
913
913
912
917
921
918
922
923
926
923
927
923
926
925
929
929
933
932
929
933
937
933
933
937
936
941
938
939
942
938
1170
1168
1168
1171
1170
1170
1174
1171
1173
1172
1173
1174
1178
1179
1174
1178
1178
1178
1181
1179
1180
1180
1185
1182
1183
1186
1183
1185
1182
1185
1185
1189
1187
1189
1190
1195
1190
1187
1191
1190
1194
1198
1195
1196
1195
1195
1198
1197
1198
1200
1419
1418
1419
1417
1419
1420
1419
1423
1419
1423
1422
1424
1423
1423
1424
1424
1423
1423
1425
1423
1424
1424
1424
1428
1425
1424
1424
1427
1424
1427
1426
1431
1427
1430
1434
1431
1431
1428
1434
1430
1431
1431
1430
1437
1430
1434
1431
1434
1441
1437
1654
1651
1650
1654
1653
1653
1653
1655
1653
1654
1653
1653
1655
1654
1654
1654
1658
1654
1655
1655
1657
1658
1654
1655
1655
1658
1659
1655
1654
1657
1654
1659
1657
1658
1662
1655
1657
1663
1660
1658
1661
1658
1659
1660
1660
1659
1661
1663
1661
1661
1877
1875
1875
1875
1877
1874
1874
1874
1875
1874
1872
1874
1875
1873
1875
1872
1872
1873
1872
1872
1875
1873
1872
1872
1873
1872
1874
1874
1873
1872
1872
1876
1874
1873
1878
1872
1872
1873
1873
1871
1872
1874
1872
1872
1872
1872
1872
1872
1872
1872
2074
2071
2070
2073
2069
2069
2070
2068
2070
2070
2066
2071
2065
2068
2066
2067
2066
2066
2065
2067
2070
2065
2067
2065
2067
2067
2066
2064
2065
2064
2065
2065
2064
2064
2064
2064
2064
2064
2064
2063
2064
2064
2064
2061
2063
2060
2061
2063
2064
2060
2275
2274
2271
2275
2273
2275
2271
2271
2274
2270
2268
2269
2269
2268
2267
2267
2265
2265
2267
2260
2265
2262
2263
2263
2261
2262
2257
2261
2259
2258
2261
2259
2261
2261
2256
2256
2256
2256
2259
2256
2257
2256
2256
2255
2256
2256
2255
2254
2251
2256
2461
2464
2461
2457
2459
2459
2459
2459
2455
2453
2453
2451
2454
2453
2453
2455
2453
2450
2448
2450
2449
2448
2451
2448
2448
2448
2446
2446
2447
2443
2442
2445
2444
2438
2443
2441
2443
2436
2439
2438
2442
2436
2437
2438
2436
2434
2434
2433
2432
2432
2655
2654
2651
2651
2650
2647
2646
2646
2642
2646
2645
2644
2643
2644
2640
2640
2640
2640
2641
2636
2638
2637
2637
2634
2634
2635
2633
2627
2631
2625
2626
2631
2627
2625
2624
2627
2624
2624
2623
2622
2624
2621
2622
2623
2619
2621
2615
2615
2614
2613
2837
2841
2839
2836
2835
2832
2834
2832
2832
2832
2829
2832
2823
2827
2830
2828
2822
2825
2823
2819
2818
2815
2817
2816
2816
2815
2814
2811
2814
2815
2812
2811
2811
2808
2806
2805
2803
2803
2800
2802
2800
2800
2800
2800
2800
2798
2795
2798
2793
2794
3023
3024
3019
3019
3014
3015
3015
3015
3009
3009
3007
3009
3006
3004
3003
2999
3003
3001
3002
2998
2999
2998
2995
2994
2995
2992
2992
2990
2992
2991
2983
2983
2986
2983
2978
2979
2981
2978
2977
2976
2970
2973
2977
2971
2972
2967
2969
2965
2962
2961
3214
3211
3205
3211
3206
3203
3202
3202
3197
3195
3197
3195
3196
3191
3191
3187
3185
3187
3185
3182
3184
3177
3175
3177
3173
3173
3172
3168
3167
3166
3163
3166
3163
3162
3159
3157
3158
3155
3153
3154
3152
3150
3151
3147
3148
3146
3145
3141
3139
3139
3413
3418
3413
3411
3407
3410
3407
3407
3406
3403
3399
3398
3393
3393
3388
3387
3386
3382
3383
3381
3377
3376
3376
3371
3371
3369
3371
3367
3361
3361
3359
3357
3354
3353
3349
3350
3349
3345
3346
3344
3344
3342
3338
3335
3335
3333
3330
3334
3326
3327
3252
2288
1587
989
484
80
41
41
48
49
53
55
55
58
59
61
64
64
67
71
77
74
73
77
79
81
80
85
85
87
91
91
96
95
99
97
101
102
105
106
111
112
113
112
112
118
115
119
121
124
339
343
345
345
347
345
350
352
350
354
354
352
355
357
363
364
365
367
364
368
368
369
375
371
375
374
381
379
379
385
384
384
387
386
389
391
390
396
394
399
400
400
400
400
401
402
405
405
406
413
627
625
624
629
627
630
630
632
635
638
640
638
639
641
640
646
645
646
646
643
646
651
651
651
656
654
656
656
656
658
658
658
658
665
665
667
668
666
671
670
671
674
672
677
671
674
676
679
681
684
899
901
898
899
899
903
904
907
907
908
909
909
910
909
910
912
913
912
912
914
913
916
918
917
919
919
919
919
922
924
926
925
923
923
928
926
931
933
933
935
932
933
938
935
943
939
937
938
942
941
1168
1169
1170
1172
1171
1170
1171
1174
1173
1173
1175
1173
1179
1172
1177
1177
1175
1178
1181
1178
1181
1179
1183
1182
1185
1185
1183
1188
1189
1186
1186
1189
1189
1187
1189
1191
1197
1191
1195
1196
1197
1195
1197
1198
1197
1198
1200
1199
1198
1198
1422
1419
1423
1421
1419
1423
1422
1422
1422
1424
1424
1421
1421
1421
1423
1422
1425
1424
1427
1424
1424
1424
1423
1424
1425
1425
1427
1424
1426
1426
1426
1429
1427
1427
1427
1430
1429
1429
1431
1427
1435
1431
1430
1435
1433
1434
1434
1435
1438
1435
1657
1653
1654
1653
1651
1655
1648
1651
1653
1654
1652
1653
1654
1653
1651
1655
1651
1654
1653
1658
1656
1655
1652
1654
1655
1653
1657
1654
1658
1655
1655
1657
1657
1657
1658
1661
1659
1654
1655
1659
1661
1661
1659
1660
1659
1662
1660
1660
1661
1660
1877
1873
1873
1872
1872
1879
1873
1874
1873
1873
1872
1873
1873
1875
1872
1872
1872
1872
1874
1872
1872
1871
1872
1872
1871
1872
1872
1872
1872
1872
1873
1872
1872
1872
1875
1872
1872
1876
1872
1873
1873
1872
1875
1872
1873
1871
1873
1874
1872
1874
2076
2070
2074
2073
2070
2070
2070
2070
2066
2065
2067
2066
2069
2068
2068
2067
2069
2066
2067
2066
2064
2068
2065
2066
2064
2064
2066
2064
2064
2064
2064
2064
2064
2066
2064
2064
2064
2064
2062
2064
2064
2064
2063
2062
2064
2064
2064
2063
2061
2059
2276
2276
2275
2270
2274
2270
2270
2268
2272
2270
2272
2269
2269
2267
2263
2268
2267
2265
2263
2267
2262
2266
2266
2262
2263
2259
2262
2261
2262
2260
2259
2262
2259
2262
2258
2259
2257
2256
2256
2257
2256
2257
2256
2256
2255
2255
2256
2253
2256
2254
2463
2464
2462
2458
2463
2461
2459
2456
2455
2459
2455
2452
2453
2451
2450
2453
2450
2450
2451
2449
2449
2448
2448
2448
2447
2446
2448
2448
2447
2445
2444
2444
2444
2441
2442
2442
2440
2435
2435
2438
2435
2438
2437
2433
2432
2432
2432
2432
2431
2431
2653
2649
2654
2655
2646
2646
2651
2645
2645
2641
2641
2640
2646
2640
2642
2640
2641
2640
2640
2639
2638
2640
2635
2636
2633
2635
2630
2634
2633
2634
2625
2629
2628
2626
2625
2624
2624
2624
2624
2623
2621
2621
2623
2617
2619
2619
2618
2619
2618
2614
2843
2843
2838
2835
2837
2832
2835
2833
2832
2833
2832
2830
2830
2823
2825
2823
2826
2826
2822
2822
2818
2818
2821
2818
2815
2814
2813
2815
2813
2813
2811
2810
2813
2807
2807
2805
2804
2804
2802
2800
2800
2800
2797
2799
2799
2795
2794
2798
2796
2791
3023
3024
3022
3022
3020
3018
3022
3014
3013
3015
3009
3007
3007
3005
3004
3005
3002
2999
3002
2998
2995
2998
2995
2995
2994
2989
2992
2992
2988
2989
2988
2986
2981
2979
2981
2977
2979
2981
2977
2976
2975
2973
2971
2969
2971
2967
2966
2963
2961
2960
3214
3211
3209
3210
3207
3206
3203
3200
3200
3197
3198
3194
3195
3190
3187
3185
3186
3184
3186
3181
3177
3179
3181
3177
3173
3173
3171
3168
3170
3171
3167
3162
3162
3157
3157
3161
3159
3153
3157
3153
3151
3151
3149
3150
3149
3151
3145
3141
3137
3140
3419
3413
3413
3414
3408
3408
3408
3405
3405
3399
3399
3393
3394
3391
3392
3387
3388
3383
3379
3377
3376
3376
3376
3380
3371
3367
3369
3364
3363
3357
3360
3357
3354
3350
3352
3350
3347
3347
3344
3349
3344
3342
3337
3335
3340
3331
3334
3328
3327
3327
3258
2289
1590
989
481
75
41
43
48
48
52
54
57
57
64
60
64
66
67
70
71
72
73
75
80
80
83
83
85
88
89
94
91
95
100
100
102
105
107
103
109
112
112
114
113
117
115
121
122
119
338
340
340
346
342
343
349
348
350
353
356
358
357
357
358
364
364
367
365
368
368
373
369
371
375
374
379
381
382
381
384
385
387
386
389
391
393
393
397
397
399
398
400
400
400
405
405
402
407
407
625
624
627
626
629
631
630
631
635
634
637
640
639
637
640
640
645
642
646
648
647
651
652
648
656
653
654
657
656
657
659
658
657
660
661
665
662
663
671
670
672
671
672
675
673
679
675
675
678
679
896
899
901
900
899
901
901
901
906
907
910
907
910
912
912
912
912
915
913
913
915
917
917
919
917
919
922
922
925
921
925
926
928
927
925
927
929
931
933
933
938
930
933
933
941
939
939
943
944
939
1173
1171
1170
1169
1170
1171
1171
1173
1174
1171
1175
1173
1175
1174
1174
1178
1178
1178
1179
1181
1178
1181
1184
1183
1183
1183
1184
1181
1186
1187
1186
1189
1189
1187
1190
1190
1190
1195
1191
1198
1194
1195
1199
1198
1197
1197
1198
1200
1200
1199
1421
1424
1422
1422
1420
1419
1419
1423
1421
1424
1421
1421
1421
1421
1424
1422
1423
1423
1424
1423
1424
1424
1424
1424
1425
1424
1426
1427
1430
1426
1427
1429
1428
1428
1427
1431
1431
1429
1433
1430
1431
1431
1431
1431
1433
1429
1434
1436
1435
1437
1655
1651
1655
1654
1653
1650
1651
1649
1653
1656
1653
1651
1657
1652
1653
1654
1654
1661
1653
1654
1656
1657
1655
1655
1655
1658
1655
1661
1655
1657
1655
1652
1657
1661
1659
1655
1659
1655
1657
1654
1657
1658
1661
1662
1661
1661
1659
1663
1663
1662
1876
1875
1876
1873
1872
1874
1874
1873
1872
1873
1873
1873
1873
1872
1874
1872
1872
1872
1872
1874
1872
1873
1872
1873
1872
1873
1872
1873
1872
1872
1873
1872
1872
1872
1871
1871
1873
1872
1872
1872
1872
1872
1871
1871
1872
1870
1872
1873
1872
1871
2074
2069
2075
2071
2069
2070
2067
2069
2069
2069
2067
2067
2067
2066
2069
2067
2067
2066
2065
2066
2066
2065
2064
2065
2064
2064
2066
2064
2065
2064
2064
2064
2064
2064
2065
2061
2064
2064
2063
2063
2063
2064
2064
2064
2062
2064
2064
2061
2064
2062
2273
2272
2274
2271
2274
2272
2272
2271
2271
2268
2267
2268
2268
2266
2271
2269
2268
2267
2262
2261
2262
2258
2263
2265
2260
2261
2258
2257
2263
2256
2257
2257
2257
2258
2257
2257
2256
2257
2256
2256
2256
2256
2255
2256
2256
2255
2253
2253
2256
2253
2465
2463
2463
2462
2461
2458
2461
2459
2454
2457
2459
2457
2451
2454
2453
2453
2448
2449
2448
2448
2449
2448
2448
2448
2449
2448
2446
2448
2448
2443
2444
2448
2445
2441
2442
2443
2445
2443
2442
2438
2439
2434
2437
2437
2434
2434
2433
2434
2431
2431
2654
2652
2651
2650
2647
2649
2647
2646
2646
2645
2645
2642
2644
2640
2641
2640
2640
2640
2635
2637
2635
2636
2638
2635
2633
2635
2637
2633
2627
2629
2629
2627
2626
2626
2626
2625
2624
2626
2623
2625
2623
2622
2623
2620
2618
2621
2618
2618
2618
2613
2839
2846
2837
2835
2836
2835
2832
2830
2832
2830
2832
2832
2829
2829
2829
2826
2829
2822
2821
2821
2822
2817
2818
2821
2819
2817
2813
2816
2813
2809
2812
2811
2811
2809
2810
2803
2803
2801
2800
2800
2800
2800
2800
2800
2799
2797
2795
2796
2795
2793
3024
3025
3019
3019
3019
3017
3011
3013
3014
3013
3008
3009
3012
3006
3006
3003
3002
3003
2999
2999
2997
2999
2997
2992
2992
2992
2992
2992
2989
2989
2987
2985
2986
2986
2983
2983
2979
2982
2977
2975
2975
2975
2975
2967
2967
2969
2967
2965
2962
2961
3211
3213
3214
3207
3202
3200
3202
3201
3200
3198
3195
3197
3197
3187
3190
3185
3184
3184
3184
3182
3181
3178
3175
3178
3178
3175
3170
3169
3170
3167
3166
3168
3167
3162
3162
3159
3159
3155
3152
3152
3152
3152
3149
3150
3147
3146
3145
3143
3141
3142
3415
3415
3409
3411
3414
3408
3403
3403
3399
3402
3397
3393
3393
3392
3391
3389
3390
3385
3378
3379
3379
3376
3374
3371
3373
3371
3369
3367
3361
3362
3360
3359
3358
3357
3353
3349
3347
3344
3344
3345
3340
3344
3342
3333
3338
3334
3331
3332
3328
3327
3258
2295
1591
988
482
80
42
48
48
49
53
52
55
59
61
61
64
67
69
67
74
74
77
80
78
80
82
82
88
89
92
92
95
96
97
98
100
102
106
110
109
109
112
112
112
114
119
123
126
125
339
341
342
343
345
346
349
349
353
354
353
355
359
363
363
361
366
366
368
368
369
370
374
368
374
379
377
379
381
380
385
381
391
384
389
391
393
394
396
397
399
399
398
400
400
404
406
407
407
410
626
624
626
630
629
626
633
633
631
635
637
635
637
640
642
643
642
643
647
645
652
651
653
654
653
656
656
656
656
657
659
660
659
663
663
662
665
666
665
669
670
671
671
673
679
676
683
679
679
685
902
898
900
903
900
903
900
905
910
909
909
910
910
910
911
912
913
913
914
913
914
912
915
918
915
917
919
922
918
924
925
926
927
928
929
927
929
930
930
935
935
938
937
935
933
941
943
942
943
939
1169
1170
1171
1171
1169
1170
1171
1174
1171
1173
1175
1171
1173
1173
1178
1176
1177
1179
1180
1181
1182
1180
1183
1183
1183
1186
1185
1185
1185
1187
1190
1187
1187
1189
1189
1195
1191
1194
1190
1192
1191
1198
1198
1198
1198
1198
1199
1198
1200
1199
1418
1419
1420
1417
1418
1424
1420
1421
1420
1421
1424
1424
1424
1424
1423
1423
1424
1423
1424
1423
1424
1426
1425
1424
1425
1427
1425
1427
1424
1429
1426
1430
1430
1425
1427
1430
1430
1433
1433
1433
1435
1431
1433
1431
1434
1436
1433
1435
1431
1437
1655
1655
1651
1653
1652
1654
1649
1653
1654
1653
1654
1653
1651
1654
1657
1655
1655
1655
1653
1653
1655
1655
1657
1657
1654
1658
1655
1655
1659
1661
1658
1655
1657
1662
1657
1658
1654
1657
1658
1659
1659
1661
1662
1658
1661
1660
1662
1659
1658
1662
1877
1877
1875
1877
1879
1875
1874
1872
1874
1874
1873
1873
1873
1874
1875
1873
1872
1874
1872
1873
1873
1874
1875
1872
1874
1872
1872
1872
1872
1873
1871
1872
1871
1872
1873
1872
1874
1872
1873
1872
1873
1873
1872
1873
1875
1872
1875
1872
1872
1872
2074
2075
2074
2070
2068
2066
2069
2069
2069
2067
2067
2069
2066
2068
2066
2066
2069
2067
2067
2065
2066
2067
2064
2064
2066
2066
2067
2064
2066
2064
2064
2066
2065
2064
2064
2064
2064
2064
2064
2064
2064
2062
2064
2064
2063
2063
2061
2064
2059
2062
2279
2274
2275
2271
2270
2272
2272
2271
2271
2267
2269
2263
2271
2263
2269
2261
2263
2263
2265
2266
2263
2261
2262
2266
2263
2261
2261
2258
2261
2257
2263
2258
2256
2258
2261
2258
2257
2259
2257
2256
2256
2255
2256
2256
2256
2255
2257
2256
2255
2255
2464
2463
2463
2461
2459
2462
2459
2459
2457
2455
2451
2454
2451
2452
2453
2448
2448
2450
2449
2450
2448
2448
2448
2448
2448
2448
2447
2446
2446
2444
2445
2443
2445
2443
2439
2439
2438
2439
2437
2442
2439
2439
2437
2437
2435
2433
2432
2432
2433
2435
2654
2654
2652
2650
2649
2647
2643
2649
2646
2647
2645
2645
2641
2642
2640
2639
2640
2639
2640
2640
2640
2639
2639
2638
2633
2635
2634
2635
2631
2630
2629
2625
2628
2626
2627
2627
2625
2624
2623
2624
2624
2623
2621
2619
2618
2618
2618
2613
2611
2612
2843
2841
2838
2835
2834
2835
2832
2832
2832
2831
2832
2831
2831
2831
2828
2825
2823
2826
2823
2819
2821
2818
2817
2816
2817
2816
2815
2815
2811
2810
2813
2807
2805
2810
2809
2805
2801
2803
2801
2803
2800
2800
2800
2799
2798
2799
2795
2798
2794
2795
3024
3023
3021
3023
3019
3018
3018
3014
3015
3014
3012
3007
3008
3007
3008
3007
3003
3001
2997
2998
2998
2992
2992
2997
2992
2991
2993
2991
2989
2991
2988
2989
2989
2985
2981
2977
2980
2981
2979
2976
2973
2976
2972
2970
2971
2969
2966
2967
2962
2963
3211
3210
3206
3207
3209
3205
3201
3199
3200
3199
3195
3191
3194
3193
3193
3184
3182
3184
3184
3184
3185
3182
3179
3178
3175
3173
3173
3170
3170
3165
3165
3165
3157
3159
3155
3153
3154
3155
3154
3154
3152
3148
3149
3150
3149
3145
3147
3141
3139
3138
3419
3421
3410
3414
3408
3408
3406
3401
3403
3397
3403
3393
3394
3391
3389
3389
3390
3381
3384
3380
3376
3376
3374
3375
3373
3371
3370
3369
3360
3360
3361
3355
3354
3354
3353
3347
3346
3347
3343
3344
3343
3339
3338
3338
3335
3334
3331
3329
3329
3326
3265
2296
1589
990
487
78
42
47
48
48
50
51
52
59
60
64
64
64
64
70
71
71
71
80
79
81
81
83
85
87
87
93
94
94
98
101
102
99
103
108
108
109
112
112
116
115
118
115
122
126
344
339
343
342
345
349
350
349
351
352
355
359
358
360
364
359
359
366
368
368
366
368
370
372
370
374
379
378
379
382
384
386
388
385
390
390
389
398
394
398
400
400
399
403
402
403
403
406
407
407
627
625
624
626
627
630
631
635
634
633
635
636
638
641
643
644
647
643
643
647
646
650
651
651
654
654
656
657
656
656
657
657
663
661
662
663
662
665
663
667
669
673
672
675
677
676
677
682
678
679
897
898
900
902
900
901
903
903
903
910
907
911
910
912
912
912
912
912
912
913
914
915
913
917
919
922
919
921
925
925
927
925
926
926
929
928
927
929
933
933
930
934
938
938
939
937
940
941
940
940
1168
1169
1168
1168
1169
1170
1171
1174
1172
1174
1175
1177
1179
1175
1179
1179
1178
1182
1180
1182
1182
1182
1183
1179
1186
1186
1186
1183
1185
1185
1186
1190
1189
1189
1190
1189
1189
1188
1193
1199
1193
1197
1196
1195
1198
1198
1195
1197
1198
1200
1419
1424
1422
1417
1421
1421
1419
1421
1423
1424
1422
1423
1420
1424
1422
1420
1425
1423
1423
1424
1424
1424
1424
1424
1424
1425
1424
1425
1427
1426
1426
1428
1434
1432
1430
1430
1431
1428
1431
1431
1431
1430
1431
1435
1437
1431
1433
1435
1435
1434
1651
1650
1654
1654
1651
1654
1655
1653
1651
1651
1651
1650
1653
1653
1654
1654
1654
1655
1651
1654
1654
1657
1655
1653
1657
1654
1655
1655
1655
1655
1654
1658
1657
1657
1659
1659
1658
1662
1659
1655
1657
1659
1659
1661
1659
1658
1661
1659
1658
1663
1875
1875
1877
1875
1877
1872
1873
1874
1872
1873
1872
1873
1873
1872
1874
1872
1872
1872
1872
1873
1872
1872
1874
1872
1872
1873
1872
1872
1872
1870
1873
1872
1875
1872
1872
1872
1872
1872
1872
1873
1872
1872
1875
1872
1871
1872
1872
1872
1871
1874
2073
2074
2070
2071
2069
2068
2070
2067
2069
2067
2069
2066
2069
2066
2068
2068
2065
2064
2067
2064
2067
2066
2066
2064
2064
2064
2064
2064
2064
2064
2064
2064
2064
2064
2061
2062
2064
2064
2064
2063
2062
2064
2063
2063
2062
2064
2063
2061
2062
2062
2273
2274
2271
2272
2273
2271
2270
2271
2271
2272
2271
2269
2270
2268
2269
2269
2268
2263
2265
2268
2267
2263
2267
2260
2259
2259
2261
2263
2262
2261
2260
2259
2260
2262
2257
2256
2258
2258
2256
2257
2255
2256
2257
2255
2253
2255
2255
2255
2255
2254
2463
2463
2462
2461
2460
2463
2457
2458
2457
2454
2455
2455
2451
2451
2454
2450
2449
2450
2450
2450
2449
2448
2448
2448
2448
2448
2445
2445
2446
2445
2446
2447
2446
2439
2439
2443
2444
2443
2441
2439
2441
2434
2438
2432
2434
2434
2432
2433
2429
2432
2652
2654
2654
2651
2653
2651
2651
2646
2645
2645
2644
2643
2643
2642
2640
2640
2640
2640
2640
2640
2640
2637
2637
2633
2635
2634
2635
2633
2629
2629
2624
2631
2627
2629
2629
2624
2625
2623
2623
2624
2622
2621
2619
2621
2622
2619
2617
2619
2615
2615
2839
2842
2841
2836
2833
2834
2832
2835
2832
2832
2831
2829
2828
2832
2823
2823
2823
2819
2822
2819
2817
2815
2823
2818
2816
2816
2816
2810
2813
2806
2811
2811
2809
2807
2809
2801
2805
2803
2805
2800
2801
2800
2800
2799
2797
2798
2797
2794
2797
2795
3024
3024
3024
3020
3019
3018
3014
3014
3010
3009
3008
3008
3007
3008
3007
3005
3005
3003
3002
3002
2997
2995
2997
2993
2991
2992
2989
2989
2991
2983
2987
2987
2986
2982
2979
2979
2978
2977
2976
2975
2973
2973
2971
2973
2970
2971
2969
2963
2963
2961
3211
3211
3212
3206
3204
3203
3201
3199
3198
3201
3198
3197
3191
3190
3191
3189
3184
3185
3184
3183
3184
3175
3181
3178
3175
3175
3175
3170
3167
3168
3165
3168
3163
3159
3157
3159
3158
3155
3150
3154
3154
3152
3152
3149
3146
3142
3149
3143
3141
3139
3415
3418
3415
3409
3408
3408
3408
3406
3405
3398
3395
3397
3397
3392
3390
3389
3382
3385
3382
3376
3380
3376
3376
3375
3372
3371
3370
3363
3363
3366
3358
3356
3359
3349
3355
3351
3347
3349
3349
3344
3344
3344
3343
3338
3335
3335
3331
3331
3331
3331
3270
2301
1600
992
487
82
44
46
48
49
51
57
58
57
61
64
64
65
67
71
71
74
75
79
80
80
83
84
84
85
86
93
96
95
98
102
102
101
104
108
109
112
112
112
114
118
119
119
123
125
343
341
341
346
341
348
349
351
351
353
355
354
359
362
363
364
365
367
367
366
373
368
369
373
375
378
378
378
378
383
383
384
386
385
386
389
395
394
399
394
396
400
400
399
400
402
407
405
406
410
626
627
625
630
630
629
634
634
635
636
635
637
640
642
640
641
643
644
645
650
650
646
653
653
654
655
655
656
656
657
656
662
661
661
663
665
667
666
667
674
671
671
673
674
677
674
679
676
679
681
900
899
901
901
900
900
900
906
906
906
905
907
909
907
912
912
911
913
912
916
917
915
919
917
917
919
923
923
923
923
926
926
926
928
929
926
928
927
932
939
931
933
934
939
934
941
941
942
939
943
1170
1170
1169
1168
1169
1170
1171
1171
1173
1171
1177
1173
1175
1177
1178
1180
1181
1180
1182
1179
1182
1180
1182
1183
1183
1184
1183
1189
1185
1189
1187
1188
1187
1186
1192
1187
1190
1193
1191
1194
1195
1195
1194
1197
1200
1196
1198
1200
1200
1199
1421
1422
1421
1419
1424
1422
1419
1420
1421
1424
1420
1421
1423
1424
1423
1424
1424
1424
1424
1425
1424
1424
1424
1424
1424
1425
1424
1429
1425
1425
1427
1427
1426
1433
1429
1429
1435
1427
1431
1437
1434
1431
1431
1435
1430
1435
1436
1434
1437
1435
1651
1650
1651
1651
1657
1654
1653
1653
1652
1650
1651
1651
1653
1654
1650
1651
1651
1651
1654
1655
1658
1657
1654
1655
1655
1659
1654
1655
1653
1658
1657
1654
1659
1659
1653
1659
1653
1659
1659
1660
1661
1660
1655
1659
1661
1657
1659
1663
1663
1658
1873
1879
1875
1875
1875
1871
1873
1875
1873
1874
1875
1874
1873
1874
1874
1872
1872
1872
1874
1872
1874
1871
1873
1872
1874
1873
1872
1875
1872
1875
1872
1875
1872
1872
1874
1873
1873
1872
1872
1872
1872
1872
1871
1872
1873
1873
1872
1872
1872
1873
2074
2071
2068
2075
2066
2066
2070
2066
2071
2069
2069
2066
2069
2068
2069
2066
2065
2066
2067
2068
2068
2065
2068
2067
2066
2064
2065
2065
2064
2064
2064
2064
2064
2064
2064
2064
2064
2064
2063
2063
2064
2061
2063
2064
2064
2063
2064
2062
2061
2059
2271
2270
2273
2271
2274
2272
2271
2271
2271
2267
2270
2269
2271
2267
2269
2271
2269
2263
2263
2267
2267
2266
2260
2261
2263
2263
2262
2258
2261
2257
2258
2258
2262
2259
2257
2257
2260
2256
2256
2258
2256
2256
2256
2255
2255
2255
2256
2255
2256
2254
2464
2464
2462
2457
2462
2459
2460
2454
2455
2461
2454
2453
2453
2451
2454
2449
2448
2450
2449
2448
2449
2448
2449
2448
2446
2446
2445
2448
2445
2442
2441
2446
2445
2441
2445
2437
2443
2442
2438
2441
2439
2438
2439
2437
2433
2433
2434
2432
2433
2432
2653
2651
2651
2650
2647
2651
2649
2646
2646
2645
2642
2641
2645
2640
2640
2641
2640
2640
2640
2639
2635
2637
2634
2633
2631
2634
2634
2631
2629
2630
2624
2625
2628
2627
2624
2624
2624
2622
2625
2623
2622
2618
2619
2621
2620
2618
2614
2618
2615
2615
2839
2839
2837
2837
2834
2834
2833
2832
2831
2832
2830
2831
2830
2826
2823
2829
2825
2821
2821
2822
2822
2816
2817
2816
2816
2818
2815
2814
2813
2809
2811
2807
2806
2810
2805
2805
2805
2803
2800
2800
2800
2800
2800
2800
2798
2797
2795
2797
2795
2792
3023
3024
3023
3022
3019
3014
3012
3012
3008
3013
3007
3007
3009
3010
3008
3001
3002
2999
2999
2997
2999
2994
2995
2992
2994
2992
2991
2992
2990
2987
2989
2987
2983
2985
2982
2983
2981
2978
2977
2975
2976
2974
2973
2970
2966
2967
2969
2963
2963
2964
3213
3211
3213
3204
3207
3202
3200
3202
3200
3195
3198
3194
3189
3188
3188
3186
3186
3189
3184
3183
3183
3181
3179
3174
3177
3171
3174
3167
3171
3168
3163
3163
3162
3157
3162
3159
3156
3155
3152
3152
3152
3148
3148
3150
3147
3147
3143
3143
3141
3140
3415
3415
3414
3413
3408
3408
3407
3403
3402
3401
3399
3394
3392
3394
3392
3389
3383
3383
3376
3378
3376
3376
3376
3374
3373
3373
3365
3361
3363
3363
3363
3355
3353
3351
3348
3345
3348
3347
3344
3344
3344
3344
3339
3338
3338
3333
3332
3330
3332
3329
3272
2301
1599
993
486
80
43
46
48
50
51
51
54
61
61
65
64
64
67
70
71
76
74
78
80
80
82
83
84
85
91
95
90
98
102
99
101
104
106
106
111
111
112
112
117
117
118
119
123
122
339
337
339
343
345
342
348
347
349
356
356
357
358
357
362
365
365
368
367
368
368
370
371
370
373
375
375
379
381
383
381
385
385
388
387
391
394
392
397
399
400
400
402
400
403
402
402
404
407
411
626
625
624
626
630
633
633
633
633
635
638
639
640
639
640
643
643
642
645
647
646
650
654
651
655
653
656
656
654
656
661
662
661
661
664
663
667
664
667
668
668
670
675
675
678
678
676
678
682
682
900
899
899
899
900
901
908
903
909
907
907
909
910
911
912
912
912
912
912
912
913
914
915
918
919
922
919
922
921
927
926
927
925
928
930
931
935
929
928
930
934
932
935
940
938
937
942
943
939
944
1172
1168
1169
1168
1170
1171
1170
1174
1171
1171
1174
1174
1175
1177
1178
1177
1179
1179
1178
1179
1183
1182
1181
1181
1184
1185
1181
1185
1186
1186
1187
1185
1189
1189
1194
1193
1198
1191
1194
1196
1194
1200
1197
1195
1198
1196
1200
1197
1198
1199
1418
1423
1418
1423
1419
1420
1422
1421
1422
1422
1423
1424
1424
1421
1423
1425
1424
1424
1424
1423
1425
1422
1425
1424
1424
1426
1427
1426
1430
1424
1427
1426
1425
1430
1429
1433
1429
1434
1430
1430
1433
1427
1429
1433
1429
1439
1434
1437
1438
1438
1653
1650
1654
1655
1655
1650
1652
1654
1653
1654
1654
1653
1658
1651
1650
1653
1653
1655
1653
1657
1655
1655
1655
1655
1654
1653
1654
1658
1655
1654
1653
1657
1658
1655
1658
1658
1658
1658
1655
1661
1657
1658
1655
1661
1663
1660
1659
1661
1659
1661
1876
1873
1871
1872
1873
1872
1873
1873
1872
1872
1872
1873
1872
1872
1875
1874
1872
1872
1872
1872
1872
1872
1872
1872
1872
1873
1875
1872
1873
1873
1872
1872
1872
1873
1872
1872
1874
1873
1874
1872
1873
1873
1872
1873
1872
1872
1872
1872
1872
1872
2073
2074
2072
2070
2070
2073
2069
2068
2071
2070
2065
2066
2065
2064
2067
2067
2069
2065
2067
2064
2066
2064
2064
2066
2064
2066
2064
2064
2064
2064
2065
2064
2060
2064
2064
2063
2064
2064
2063
2062
2064
2064
2064
2064
2064
2062
2062
2062
2063
2062
2274
2275
2275
2273
2272
2274
2275
2272
2270
2269
2266
2267
2265
2263
2267
2265
2266
2267
2267
2265
2262
2261
2263
2266
2262
2259
2261
2262
2260
2260
2259
2259
2256
2259
2256
2257
2256
2258
2256
2256
2256
2256
2256
2256
2256
2255
2255
2256
2251
2255
2463
2464
2461
2461
2458
2462
2457
2454
2455
2454
2454
2452
2451
2451
2452
2452
2450
2448
2448
2448
2451
2448
2450
2448
2448
2448
2446
2447
2447
2443
2442
2443
2442
2439
2441
2439
2442
2437
2441
2437
2436
2435
2435
2433
2433
2434
2434
2432
2430
2432
2651
2653
2652
2649
2651
2645
2649
2649
2644
2644
2642
2643
2643
2640
2640
2642
2638
2639
2638
2638
2637
2640
2638
2638
2630
2631
2633
2635
2627
2627
2631
2625
2625
2627
2624
2625
2624
2624
2621
2624
2623
2619
2619
2618
2619
2619
2618
2615
2615
2614
2837
2846
2837
2834
2836
2833
2832
2832
2832
2832
2829
2829
2827
2821
2823
2823
2820
2820
2820
2817
2815
2819
2818
2816
2817
2816
2814
2815
2811
2810
2810
2813
2806
2807
2807
2802
2807
2803
2800
2800
2801
2800
2800
2800
2800
2795
2794
2795
2797
2794
3024
3024
3024
3022
3017
3010
3015
3012
3011
3009
3009
3007
3007
3008
3002
3005
3002
3002
2995
2999
2995
2996
2997
2992
2992
2992
2992
2992
2992
2990
2989
2987
2987
2986
2981
2982
2981
2978
2977
2974
2974
2976
2973
2969
2967
2966
2967
2971
2969
2963
3214
3214
3207
3207
3206
3207
3202
3201
3199
3197
3194
3195
3194
3191
3194
3185
3184
3186
3184
3184
3184
3179
3177
3179
3174
3175
3173
3169
3167
3166
3168
3163
3167
3161
3159
3159
3159
3155
3152
3151
3152
3152
3152
3152
3143
3148
3141
3137
3139
3142
3415
3417
3415
3413
3408
3409
3406
3404
3404
3401
3399
3395
3389
3392
3391
3385
3385
3382
3380
3380
3376
3376
3375
3374
3375
3371
3367
3367
3367
3363
3359
3359
3357
3357
3351
3349
3345
3347
3345
3344
3344
3344
3335
3341
3334
3333
3328
3330
3334
3328
3274
2301
1599
997
491
81
48
47
48
48
50
52
57
60
57
61
62
64
67
68
71
75
76
77
80
81
80
81
82
87
86
93
93
95
100
97
101
103
107
106
111
112
113
115
115
118
117
123
122
125
340
339
342
342
348
347
350
351
353
352
355
361
357
362
364
361
363
365
366
370
368
369
370
374
372
377
377
378
379
384
384
387
386
387
387
389
389
394
399
394
400
400
400
400
401
401
405
407
409
409
625
627
624
629
630
627
629
635
635
633
635
639
638
638
643
640
642
641
645
646
649
645
650
651
653
655
655
656
656
656
657
659
657
662
665
661
667
665
665
674
670
674
673
673
675
675
677
679
678
679
897
900
899
898
901
902
903
905
903
903
912
909
909
911
913
912
911
913
914
914
913
916
917
915
922
917
924
919
923
924
919
925
926
928
927
931
927
927
935
935
934
934
934
934
943
937
941
939
944
943
1168
1168
1171
1171
1171
1169
1169
1174
1172
1171
1175
1174
1174
1179
1175
1178
1178
1179
1179
1182
1184
1179
1183
1183
1183
1183
1185
1183
1189
1190
1187
1189
1190
1191
1190
1193
1189
1191
1194
1194
1194
1194
1194
1197
1195
1197
1200
1200
1200
1199
1419
1421
1421
1424
1421
1419
1422
1419
1419
1424
1422
1422
1424
1424
1424
1424
1424
1423
1425
1425
1424
1424
1424
1425
1424
1424
1425
1426
1429
1427
1425
1431
1427
1425
1429
1431
1435
1431
1431
1431
1431
1434
1434
1430
1431
1431
1434
1434
1435
1435
1653
1654
1650
1651
1650
1651
1653
1653
1654
1654
1654
1653
1655
1650
1654
1658
1652
1654
1655
1656
1653
1654
1658
1656
1655
1654
1657
1656
1654
1655
1654
1655
1659
1658
1657
1657
1657
1659
1661
1659
1659
1658
1658
1661
1657
1659
1661
1662
1659
1658
1875
1879
1878
1872
1873
1874
1877
1875
1874
1873
1872
1876
1874
1875
1872
1873
1874
1873
1875
1872
1871
1874
1873
1872
1874
1872
1871
1873
1873
1873
1874
1872
1872
1875
1874
1873
1872
1872
1873
1873
1874
1875
1872
1872
1873
1871
1874
1872
1874
1874
2077
2074
2070
2071
2071
2069
2074
2070
2067
2068
2069
2067
2069
2065
2065
2065
2064
2064
2064
2068
2069
2067
2065
2063
2064
2064
2065
2065
2065
2064
2064
2064
2064
2064
2064
2062
2064
2064
2062
2062
2064
2064
2064
2064
2064
2061
2064
2064
2063
2063
2276
2274
2273
2273
2269
2270
2269
2271
2271
2269
2266
2267
2274
2271
2268
2266
2263
2266
2266
2261
2266
2268
2266
2266
2262
2263
2259
2259
2262
2263
2260
2262
2260
2261
2256
2258
2256
2256
2256
2257
2256
2257
2256
2256
2256
2255
2253
2254
2254
2252
2461
2462
2464
2459
2462
2457
2455
2455
2461
2454
2455
2455
2449
2452
2450
2448
2451
2453
2451
2448
2449
2449
2448
2448
2448
2448
2448
2447
2448
2443
2445
2445
2443
2439
2443
2440
2439
2438
2442
2439
2437
2439
2437
2435
2435
2434
2433
2432
2435
2434
2653
2656
2649
2649
2647
2646
2647
2649
2643
2643
2645
2642
2641
2643
2640
2641
2641
2639
2639
2638
2635
2635
2637
2631
2632
2635
2634
2631
2632
2627
2627
2629
2628
2626
2625
2628
2624
2626
2624
2623
2622
2624
2623
2622
2618
2621
2617
2617
2618
2618
2842
2842
2842
2835
2833
2835
2834
2833
2832
2832
2831
2831
2831
2829
2829
2829
2825
2827
2823
2823
2820
2818
2819
2816
2815
2818
2816
2815
2811
2811
2815
2810
2809
2811
2804
2803
2801
2803
2803
2800
2802
2800
2800
2800
2800
2797
2795
2798
2798
2795
3024
3021
3019
3019
3021
3019
3015
3015
3015
3009
3011
3008
3008
3011
3006
3001
3003
3003
2999
2996
2998
2993
2995
2995
2995
2992
2991
2992
2992
2986
2989
2986
2987
2983
2978
2982
2979
2979
2978
2977
2974
2977
2974
2971
2967
2967
2966
2967
2966
2962
3213
3209
3211
3206
3204
3202
3200
3201
3199
3195
3197
3193
3197
3190
3193
3184
3186
3187
3184
3185
3184
3178
3181
3177
3175
3181
3171
3171
3170
3166
3164
3163
3165
3162
3153
3154
3155
3154
3152
3152
3152
3148
3151
3150
3147
3143
3147
3145
3143
3142
3421
3415
3414
3412
3408
3408
3407
3403
3404
3397
3397
3396
3394
3389
3387
3391
3385
3382
3382
3379
3376
3376
3376
3373
3376
3371
3371
3366
3361
3360
3360
3357
3357
3357
3354
3350
3347
3344
3346
3344
3343
3341
3339
3335
3335
3333
3329
3329
3327
3323
3280
2305
1597
993
491
80
44
45
48
52
49
54
56
57
63
64
64
64
68
70
75
75
77
78
80
81
80
82
86
89
87
91
92
96
96
98
101
104
102
108
109
110
113
112
112
114
116
122
123
126
341
339
341
347
347
348
349
350
351
353
354
355
357
359
363
363
366
368
368
368
369
368
371
371
375
378
375
378
381
383
387
384
384
386
389
388
391
393
396
399
399
398
400
400
400
405
407
409
403
410
625
624
627
629
630
629
635
636
637
634
635
640
640
640
639
643
641
645
645
649
645
648
651
653
653
650
655
656
657
659
661
659
660
661
661
663
665
667
667
673
671
670
671
673
674
671
679
678
682
678
900
897
898
900
902
901
904
907
906
907
908
907
910
912
911
912
912
912
912
916
915
916
916
919
919
919
925
922
925
927
927
925
929
927
928
929
930
932
934
935
933
933
934
935
939
941
943
944
943
943
1169
1168
1168
1171
1171
1172
1171
1172
1172
1174
1173
1174
1173
1174
1177
1175
1179
1179
1183
1180
1183
1179
1186
1179
1183
1181
1186
1183
1185
1184
1188
1190
1190
1187
1189
1194
1193
1193
1193
1194
1195
1196
1195
1200
1198
1197
1197
1200
1197
1201
1415
1421
1422
1421
1421
1423
1420
1421
1419
1422
1424
1423
1424
1424
1424
1422
1423
1424
1424
1424
1424
1424
1426
1427
1426
1426
1430
1424
1425
1430
1426
1430
1426
1429
1427
1429
1431
1433
1427
1433
1433
1430
1434
1433
1435
1435
1435
1437
1437
1435
1657
1654
1655
1653
1654
1651
1653
1653
1657
1654
1654
1655
1653
1655
1655
1653
1651
1657
1654
1658
1660
1658
1651
1655
1657
1653
1657
1658
1655
1661
1656
1657
1658
1661
1659
1654
1658
1655
1659
1657
1660
1658
1659
1659
1658
1662
1662
1663
1662
1661
1874
1874
1872
1875
1875
1877
1872
1872
1874
1874
1875
1875
1873
1873
1872
1872
1872
1872
1873
1871
1873
1872
1872
1872
1873
1873
1872
1872
1872
1874
1872
1874
1873
1872
1872
1872
1872
1873
1872
1872
1875
1875
1872
1872
1874
1872
1873
1872
1872
1872
2070
2071
2069
2070
2071
2069
2067
2069
2069
2067
2067
2070
2065
2065
2067
2064
2065
2067
2066
2069
2064
2064
2064
2065
2066
2066
2064
2065
2065
2066
2064
2064
2064
2064
2064
2064
2063
2064
2063
2064
2062
2064
2063
2064
2063
2062
2062
2062
2064
2064
2277
2274
2276
2275
2271
2273
2272
2268
2270
2271
2271
2269
2273
2267
2265
2270
2269
2268
2266
2266
2267
2261
2263
2263
2261
2262
2262
2259
2261
2258
2259
2264
2258
2258
2259
2258
2257
2259
2257
2256
2256
2256
2256
2256
2256
2256
2255
2254
2255
2253
2461
2463
2464
2463
2459
2462
2459
2459
2459
2455
2452
2455
2453
2451
2451
2449
2454
2449
2448
2448
2448
2450
2448
2447
2448
2446
2448
2446
2448
2442
2446
2444
2442
2442
2443
2447
2437
2439
2441
2437
2434
2441
2439
2436
2436
2436
2436
2432
2431
2433
2654
2653
2656
2646
2651
2651
2647
2649
2647
2643
2642
2643
2642
2642
2641
2640
2637
2639
2638
2639
2637
2633
2633
2634
2634
2633
2631
2627
2629
2628
2631
2629
2625
2624
2624
2626
2624
2626
2624
2621
2624
2624
2621
2621
2622
2618
2619
2615
2611
2611
2837
2838
2837
2835
2832
2833
2833
2832
2830
2832
2829
2827
2830
2829
2826
2830
2822
2827
2822
2822
2819
2818
2818
2815
2817
2816
2814
2811
2811
2813
2810
2811
2809
2802
2801
2804
2802
2801
2801
2801
2800
2800
2799
2800
2797
2796
2793
2795
2794
2797
3023
3022
3023
3022
3021
3014
3013
3011
3017
3010
3010
3008
3007
3007
3001
3001
3006
3002
2998
2998
2997
2998
2995
2993
2996
2992
2992
2992
2986
2990
2987
2989
2987
2988
2983
2980
2981
2979
2977
2975
2975
2973
2973
2971
2966
2967
2969
2963
2961
2963
3214
3212
3210
3201
3203
3206
3201
3200
3195
3195
3194
3191
3187
3191
3189
3187
3186
3183
3184
3184
3179
3178
3180
3181
3171
3172
3169
3171
3168
3169
3168
3162
3165
3163
3159
3157
3152
3157
3152
3152
3152
3152
3146
3147
3149
3143
3147
3141
3141
3136
3415
3415
3413
3409
3409
3410
3405
3407
3403
3398
3402
3393
3394
3389
3389
3389
3391
3387
3382
3381
3377
3376
3376
3371
3376
3371
3364
3367
3362
3358
3363
3357
3357
3353
3347
3347
3348
3345
3344
3344
3342
3341
3337
3339
3339
3334
3327
3326
3328
3327
3280
2305
1601
995
491
83
46
48
48
49
56
53
55
60
56
64
61
65
66
68
71
74
79
80
79
80
80
85
85
86
85
90
95
95
97
98
100
102
101
110
110
109
112
112
117
115
119
119
124
125
338
341
341
344
346
348
350
350
351
358
353
354
360
361
363
366
366
366
367
368
368
368
373
372
374
378
375
379
378
381
382
385
385
387
388
386
389
396
394
400
398
400
402
401
400
401
400
405
413
411
625
625
629
626
627
631
625
634
631
638
638
637
639
638
642
640
641
644
649
646
649
649
646
651
653
655
656
656
657
657
657
660
658
662
662
663
665
669
670
671
675
672
671
673
674
676
674
677
680
682
896
899
902
899
902
902
905
906
906
909
909
911
906
907
912
912
912
912
912
915
917
913
916
916
915
923
918
917
923
920
922
927
925
927
928
928
930
929
931
931
935
935
938
937
934
942
938
941
939
942
1169
1168
1168
1168
1171
1171
1172
1171
1174
1171
1175
1175
1178
1179
1175
1181
1173
1180
1181
1179
1180
1182
1183
1187
1183
1184
1186
1183
1183
1185
1187
1188
1191
1186
1189
1191
1191
1190
1196
1197
1195
1197
1197
1196
1195
1198
1199
1200
1200
1199
1419
1419
1419
1423
1424
1419
1423
1422
1421
1421
1419
1419
1424
1423
1423
1424
1424
1423
1424
1424
1424
1424
1427
1427
1425
1424
1424
1427
1425
1429
1424
1429
1429
1427
1426
1433
1431
1433
1434
1430
1431
1433
1433
1433
1434
1435
1434
1434
1433
1435
1657
1653
1658
1649
1651
1653
1655
1653
1655
1653
1654
1651
1650
1654
1653
1651
1654
1655
1657
1655
1653
1655
1653
1655
1660
1657
1654
1658
1659
1659
1658
1657
1657
1655
1654
1659
1655
1661
1660
1658
1659
1658
1655
1659
1659
1658
1662
1658
1661
1662
1878
1874
1874
1874
1874
1873
1874
1877
1873
1873
1875
1873
1873
1872
1872
1873
1873
1872
1872
1874
1873
1872
1872
1872
1872
1872
1873
1872
1872
1872
1873
1874
1872
1872
1874
1872
1872
1872
1872
1873
1872
1873
1872
1872
1872
1872
1872
1870
1872
1872
2069
2071
2068
2069
2067
2069
2069
2072
2070
2071
2069
2069
2070
2067
2066
2067
2066
2069
2067
2066
2066
2065
2064
2064
2065
2065
2064
2064
2064
2065
2064
2063
2065
2064
2064
2064
2064
2064
2064
2064
2064
2061
2063
2059
2063
2063
2061
2060
2064
2061
2274
2276
2273
2270
2270
2269
2271
2269
2270
2270
2271
2269
2271
2270
2269
2268
2269
2266
2263
2266
2266
2266
2263
2262
2262
2259
2259
2258
2265
2262
2261
2261
2259
2259
2259
2257
2259
2256
2257
2256
2256
2256
2256
2256
2256
2256
2256
2256
2252
2256
2461
2463
2462
2459
2462
2463
2457
2459
2453
2455
2453
2460
2453
2450
2448
2451
2451
2451
2449
2448
2448
2448
2448
2448
2448
2448
2447
2447
2446
2446
2447
2445
2445
2443
2438
2444
2437
2439
2443
2437
2438
2437
2437
2432
2438
2435
2435
2433
2432
2435
2653
2653
2653
2652
2653
2643
2647
2647
2647
2645
2641
2641
2641
2643
2641
2640
2638
2640
2639
2638
2636
2638
2635
2634
2631
2635
2630
2631
2629
2634
2629
2629
2625
2625
2625
2626
2624
2625
2624
2624
2622
2621
2621
2619
2621
2619
2619
2618
2618
2614
2839
2839
2841
2837
2833
2834
2833
2832
2832
2832
2832
2831
2829
2826
2829
2826
2821
2822
2825
2822
2821
2821
2816
2819
2820
2818
2814
2813
2811
2813
2810
2810
2807
2809
2807
2805
2801
2803
2805
2800
2800
2799
2799
2800
2799
2798
2799
2799
2795
2792
3023
3022
3019
3019
3019
3018
3017
3013
3013
3010
3013
3008
3009
3008
3003
3006
3003
3003
2997
2997
2994
2993
2992
2992
2991
2991
2992
2991
2991
2987
2985
2988
2985
2983
2986
2981
2982
2978
2974
2974
2975
2974
2972
2969
2970
2965
2967
2965
2963
2965
3213
3211
3211
3204
3207
3204
3200
3200
3196
3195
3199
3194
3190
3188
3190
3184
3185
3184
3185
3184
3183
3182
3181
3174
3176
3173
3171
3171
3170
3165
3162
3163
3165
3160
3163
3157
3157
3156
3153
3152
3152
3150
3152
3149
3146
3147
3141
3142
3139
3134
3413
3414
3413
3409
3408
3406
3408
3399
3399
3408
3399
3398
3393
3389
3389
3391
3382
3382
3382
3379
3378
3376
3371
3371
3367
3371
3369
3363
3369
3359
3361
3359
3353
3357
3354
3350
3347
3344
3348
3342
3342
3341
3339
3337
3337
3333
3330
3331
3327
3327
3283
2305
1600
999
493
81
45
46
48
49
54
52
55
58
64
63
64
66
67
67
73
77
76
77
80
80
84
83
83
85
92
92
93
97
102
98
103
102
106
105
112
112
110
114
116
118
118
118
118
126
340
341
342
346
347
347
349
349
352
355
355
354
355
359
362
359
361
367
366
369
369
368
372
371
374
375
378
378
383
381
383
384
385
387
389
390
391
391
397
395
399
400
400
400
400
401
402
406
410
407
624
627
626
626
628
631
631
632
631
633
635
637
637
638
640
642
640
644
647
646
646
647
650
650
654
653
653
656
656
659
658
658
657
658
661
665
666
669
668
670
668
673
673
675
674
675
678
676
678
681
901
897
896
901
899
899
902
902
907
905
907
908
911
912
912
912
912
912
914
917
913
914
915
916
914
921
923
923
922
919
923
925
927
929
930
929
927
929
931
933
934
933
937
937
935
942
939
939
942
943
1168
1170
1168
1171
1172
1168
1170
1171
1174
1170
1174
1174
1175
1174
1175
1178
1177
1177
1183
1178
1181
1181
1181
1183
1185
1179
1182
1185
1189
1183
1184
1184
1188
1190
1189
1193
1191
1193
1193
1193
1199
1193
1196
1195
1195
1199
1196
1197
1199
1197
1415
1421
1419
1417
1414
1423
1419
1421
1421
1419
1422
1418
1423
1423
1423
1424
1422
1423
1426
1423
1424
1424
1424
1425
1425
1426
1427
1424
1427
1426
1426
1429
1431
1428
1428
1428
1427
1431
1428
1430
1430
1431
1435
1433
1435
1435
1435
1435
1435
1438
1655
1655
1654
1651
1654
1651
1652
1654
1649
1651
1653
1651
1655
1650
1652
1653
1653
1656
1650
1659
1659
1655
1655
1654
1654
1653
1659
1657
1655
1658
1655
1658
1654
1654
1655
1655
1658
1658
1661
1662
1661
1660
1661
1659
1661
1662
1665
1661
1663
1661
1876
1874
1877
1876
1874
1873
1874
1873
1877
1874
1872
1873
1873
1872
1873
1873
1872
1872
1873
1871
1872
1872
1873
1872
1872
1872
1874
1872
1872
1872
1873
1870
1872
1872
1872
1872
1872
1873
1874
1872
1872
1872
1875
1873
1872
1872
1872
1872
1872
1871
2071
2069
2069
2069
2070
2071
2069
2068
2069
2067
2066
2068
2067
2066
2068
2065
2066
2067
2064
2066
2064
2064
2064
2066
2066
2064
2064
2065
2065
2065
2064
2064
2065
2065
2064
2063
2063
2064
2064
2061
2061
2060
2064
2059
2062
2062
2062
2064
2059
2063
2272
2275
2277
2271
2274
2270
2273
2270
2270
2270
2271
2267
2269
2269
2267
2263
2269
2266
2263
2267
2267
2266
2263
2259
2263
2260
2267
2259
2262
2258
2258
2262
2257
2257
2257
2256
2257
2256
2257
2256
2259
2257
2256
2254
2256
2256
2254
2254
2256
2252
2463
2462
2464
2460
2461
2460
2458
2455
2457
2459
2457
2453
2454
2453
2451
2453
2452
2450
2451
2448
2448
2448
2448
2448
2448
2448
2447
2449
2446
2447
2442
2443
2441
2442
2439
2437
2441
2442
2443
2439
2436
2435
2435
2433
2437
2435
2433
2432
2433
2432
2655
2654
2651
2648
2646
2647
2645
2647
2645
2642
2640
2645
2643
2645
2640
2639
2639
2637
2637
2640
2638
2639
2636
2638
2633
2630
2634
2630
2631
2629
2630
2626
2629
2627
2624
2624
2624
2625
2622
2621
2624
2619
2617
2623
2621
2619
2619
2620
2617
2615
2839
2843
2837
2835
2834
2834
2832
2835
2832
2831
2830
2827
2828
2831
2829
2829
2826
2825
2820
2819
2825
2817
2818
2816
2817
2815
2815
2814
2815
2810
2810
2809
2805
2806
2804
2805
2802
2802
2800
2800
2799
2800
2798
2797
2797
2799
2798
2798
2793
2790
3022
3017
3019
3015
3015
3015
3013
3014
3013
3009
3009
3008
3004
3005
3007
3005
3003
3001
3002
2998
2995
2997
2992
2992
2993
2992
2990
2983
2989
2989
2986
2982
2982
2979
2981
2979
2977
2975
2975
2974
2971
2971
2973
2971
2971
2971
2967
2965
2962
2962
3210
3211
3211
3210
3209
3203
3201
3198
3199
3197
3193
3193
3191
3191
3184
3187
3184
3186
3183
3180
3179
3181
3179
3177
3171
3174
3172
3172
3171
3167
3166
3164
3164
3159
3161
3157
3154
3152
3155
3158
3152
3151
3149
3147
3149
3145
3143
3142
3141
3137
3413
3417
3410
3408
3408
3408
3407
3398
3402
3397
3395
3392
3393
3391
3387
3387
3381
3383
3383
3383
3378
3378
3371
3374
3370
3369
3371
3366
3361
3359
3355
3355
3361
3353
3350
3348
3349
3345
3344
3344
3343
3344
3338
3339
3337
3334
3333
3329
3329
3325
3286
2307
1602
1002
499
85
46
47
48
51
51
52
54
59
62
64
61
64
67
67
70
70
74
76
77
79
80
83
85
84
91
91
95
97
95
102
99
101
104
107
109
110
112
112
116
116
122
122
121
126
342
341
341
341
347
346
348
349
351
354
357
355
359
359
359
363
362
365
366
367
368
370
368
373
373
374
377
380
379
383
381
384
387
386
388
391
390
393
396
395
399
400
400
400
400
404
403
404
406
413
624
625
627
628
627
630
631
636
634
636
638
637
639
639
640
641
645
642
647
649
647
645
649
648
655
656
656
655
657
662
659
658
657
661
661
663
663
666
666
669
669
671
671
677
675
675
676
678
677
679
898
897
899
903
902
901
906
901
905
905
910
911
911
910
912
910
912
913
914
912
912
912
917
917
917
917
919
922
924
924
927
924
928
927
930
928
929
931
934
932
935
933
934
934
934
938
942
940
944
939
1168
1169
1169
1168
1170
1172
1175
1170
1171
1174
1175
1173
1174
1173
1176
1173
1179
1179
1178
1181
1183
1179
1179
1179
1179
1181
1187
1183
1187
1185
1190
1184
1189
1189
1188
1191
1195
1195
1191
1197
1195
1195
1195
1195
1198
1197
1196
1200
1200
1200
1420
1417
1423
1419
1417
1418
1422
1418
1420
1424
1421
1417
1422
1424
1421
1424
1424
1424
1425
1424
1422
1424
1424
1425
1426
1424
1425
1424
1429
1425
1424
1425
1426
1426
1427
1428
1428
1434
1431
1429
1435
1434
1429
1431
1433
1434
1437
1435
1434
1435
1654
1651
1650
1658
1655
1650
1649
1649
1651
1653
1653
1651
1653
1653
1654
1652
1654
1651
1655
1655
1653
1657
1651
1657
1659
1658
1654
1658
1659
1656
1658
1655
1654
1659
1663
1658
1659
1663
1658
1655
1658
1657
1662
1660
1658
1662
1659
1660
1660
1658
1873
1874
1872
1874
1873
1872
1872
1872
1875
1878
1873
1874
1873
1875
1873
1872
1872
1872
1872
1872
1872
1872
1873
1872
1875
1876
1874
1872
1872
1873
1872
1874
1873
1872
1872
1873
1872
1872
1872
1873
1872
1872
1872
1873
1873
1872
1873
1872
1872
1872
2071
2070
2073
2071
2071
2071
2069
2070
2071
2069
2070
2069
2067
2068
2069
2067
2067
2064
2064
2065
2066
2064
2067
2064
2064
2064
2064
2064
2064
2064
2064
2065
2064
2064
2064
2064
2064
2064
2061
2064
2062
2064
2063
2061
2060
2064
2062
2064
2064
2060
2276
2273
2274
2271
2272
2273
2270
2272
2267
2273
2271
2269
2269
2268
2269
2269
2269
2269
2263
2261
2267
2265
2263
2263
2264
2258
2259
2257
2261
2259
2259
2258
2256
2258
2259
2256
2257
2256
2257
2256
2257
2256
2256
2256
2254
2254
2256
2251
2252
2256
2463
2462
2460
2459
2455
2459
2460
2454
2458
2456
2459
2453
2452
2451
2453
2451
2451
2448
2448
2448
2448
2448
2448
2448
2446
2447
2448
2444
2446
2446
2443
2443
2443
2443
2443
2439
2443
2438
2439
2437
2440
2435
2437
2438
2435
2432
2436
2434
2433
2432
2653
2651
2653
2652
2650
2651
2647
2645
2646
2647
2642
2643
2641
2640
2640
2640
2640
2639
2640
2639
2637
2634
2639
2636
2635
2629
2634
2630
2627
2629
2629
2627
2630
2627
2624
2625
2622
2624
2622
2624
2624
2621
2617
2619
2618
2615
2619
2617
2615
2614
2842
2838
2838
2837
2837
2836
2832
2832
2832
2832
2831
2829
2827
2823
2823
2823
2826
2821
2822
2822
2819
2818
2817
2813
2815
2814
2813
2814
2813
2811
2809
2811
2807
2806
2809
2805
2801
2803
2801
2800
2800
2800
2796
2798
2797
2795
2793
2797
2797
2797
3022
3023
3023
3021
3021
3013
3012
3013
3009
3009
3009
3005
3007
3007
3005
3003
3002
2999
2994
2998
2994
2994
2994
2992
2993
2992
2992
2990
2989
2992
2988
2985
2987
2985
2982
2982
2979
2978
2975
2975
2973
2970
2973
2973
2970
2967
2965
2969
2966
2962
3213
3213
3207
3207
3202
3202
3201
3200
3197
3195
3193
3193
3187
3189
3187
3186
3186
3184
3184
3183
3179
3178
3179
3177
3177
3174
3172
3171
3171
3168
3165
3163
3163
3159
3154
3157
3157
3153
3152
3152
3152
3152
3150
3149
3151
3147
3147
3142
3137
3141
3417
3414
3413
3408
3409
3408
3403
3401
3399
3399
3394
3393
3392
3391
3387
3387
3390
3377
3379
3380
3376
3375
3376
3371
3372
3366
3372
3364
3359
3362
3359
3359
3359
3350
3354
3351
3345
3345
3344
3344
3347
3344
3337
3334
3335
3333
3327
3329
3326
3325
3290
2309
1601
1003
496
86
44
48
48
49
52
55
55
54
59
60
61
62
65
67
73
74
79
78
80
80
86
84
84
90
92
88
87
93
99
98
102
105
107
107
110
112
111
112
118
117
119
117
128
123
339
341
342
346
346
345
349
349
353
351
353
356
356
358
362
361
366
366
366
369
368
368
371
375
370
376
378
381
381
382
382
386
387
389
385
389
393
396
393
396
400
399
400
401
400
400
406
407
411
406
627
625
625
629
629
631
635
631
637
635
638
637
639
639
638
643
641
642
647
642
645
646
652
652
655
651
656
654
658
656
659
659
660
659
661
663
665
666
663
669
671
673
669
676
677
676
682
679
682
682
899
902
899
902
902
906
903
908
906
907
907
907
907
908
911
912
912
912
912
912
913
913
917
915
917
923
919
924
921
922
927
923
927
925
928
926
929
928
931
931
931
937
934
938
938
939
937
940
942
943
1169
1170
1169
1168
1169
1169
1169
1173
1175
1172
1178
1171
1175
1175
1174
1175
1175
1178
1179
1178
1179
1181
1183
1181
1185
1181
1182
1185
1185
1185
1188
1191
1191
1189
1190
1187
1191
1189
1196
1197
1194
1198
1195
1195
1196
1198
1200
1199
1197
1200
1418
1415
1418
1419
1417
1421
1419
1419
1420
1420
1423
1424
1422
1423
1424
1422
1421
1424
1424
1424
1424
1427
1424
1423
1425
1425
1424
1427
1426
1424
1425
1429
1430
1426
1430
1427
1432
1429
1436
1435
1431
1434
1433
1436
1434
1431
1435
1434
1433
1433
1651
1652
1650
1651
1653
1651
1653
1653
1653
1653
1650
1654
1651
1654
1651
1651
1655
1652
1657
1655
1654
1654
1658
1655
1654
1657
1657
1655
1658
1657
1659
1658
1659
1657
1657
1655
1659
1659
1655
1653
1660
1659
1661
1655
1659
1658
1662
1663
1659
1659
1878
1874
1875
1875
1872
1874
1875
1873
1873
1874
1872
1872
1874
1873
1872
1872
1873
1874
1873
1874
1873
1873
1874
1871
1873
1872
1873
1872
1874
1873
1873
1872
1873
1872
1872
1872
1872
1872
1872
1873
1871
1872
1873
1872
1872
1872
1874
1872
1873
1872
2077
2068
2069
2068
2071
2074
2069
2070
2071
2067
2067
2067
2067
2070
2064
2065
2065
2067
2066
2067
2064
2064
2069
2064
2065
2065
2068
2064
2064
2064
2064
2066
2064
2063
2064
2064
2064
2064
2064
2063
2064
2064
2064
2062
2064
2064
2061
2062
2060
2062
2272
2275
2275
2271
2272
2271
2272
2273
2272
2271
2269
2271
2266
2269
2268
2269
2267
2266
2263
2263
2260
2266
2261
2259
2260
2260
2263
2256
2258
2260
2258
2258
2257
2257
2257
2256
2258
2256
2256
2256
2257
2257
2256
2257
2258
2256
2255
2254
2256
2255
2463
2464
2463
2459
2460
2459
2459
2454
2457
2454
2455
2452
2455
2448
2452
2450
2451
2448
2451
2449
2449
2448
2448
2448
2447
2448
2447
2448
2445
2448
2442
2442
2441
2439
2441
2439
2443
2438
2438
2443
2436
2437
2434
2435
2434
2435
2434
2433
2433
2433
2653
2651
2654
2649
2645
2649
2647
2649
2649
2645
2643
2640
2641
2640
2642
2640
2640
2638
2640
2637
2639
2635
2635
2634
2635
2630
2635
2634
2626
2629
2629
2625
2624
2623
2625
2625
2624
2624
2625
2623
2624
2621
2618
2621
2619
2615
2615
2618
2618
2615
2839
2838
2835
2837
2834
2833
2832
2833
2832
2831
2831
2830
2829
2823
2829
2827
2825
2820
2819
2819
2820
2815
2818
2820
2817
2815
2815
2814
2810
2810
2813
2805
2809
2807
2801
2802
2803
2805
2800
2801
2800
2803
2798
2797
2798
2800
2797
2796
2795
2794
3024
3023
3024
3017
3021
3016
3015
3013
3012
3009
3009
3008
3008
3008
3008
3004
3002
3003
3001
2995
2995
2994
2995
2992
2992
2992
2992
2991
2988
2987
2990
2987
2987
2981
2983
2979
2979
2975
2975
2976
2977
2973
2974
2969
2971
2970
2966
2964
2964
2964
3213
3211
3207
3207
3206
3206
3203
3201
3200
3198
3196
3194
3193
3187
3184
3187
3190
3184
3185
3184
3183
3181
3183
3179
3173
3175
3174
3167
3169
3166
3166
3163
3162
3159
3159
3159
3154
3155
3153
3152
3153
3152
3151
3149
3143
3146
3143
3143
3142
3141
3411
3413
3411
3410
3410
3406
3404
3406
3403
3400
3399
3395
3394
3387
3389
3392
3387
3383
3388
3380
3379
3377
3374
3373
3375
3369
3369
3367
3362
3360
3360
3359
3351
3355
3353
3349
3345
3344
3344
3344
3344
3339
3341
3337
3334
3335
3329
3333
3328
3324
3291
2313
1606
1001
496
85
46
44
48
48
51
54
55
60
64
62
64
67
65
70
69
72
78
79
79
82
81
83
86
87
90
90
91
95
95
101
103
101
106
110
110
112
113
112
115
118
117
117
119
122
338
341
340
342
341
347
347
351
353
353
356
362
356
359
358
357
367
366
367
368
368
368
371
372
373
374
377
378
379
383
385
387
386
395
389
390
390
393
398
394
395
399
400
401
401
400
403
405
407
409
627
625
629
626
628
629
633
630
633
633
636
638
640
638
643
642
642
645
644
649
648
653
647
651
654
654
656
656
655
656
659
658
662
661
662
662
665
662
665
669
671
673
673
672
673
679
679
682
681
682
898
899
895
897
902
901
901
906
907
909
907
909
910
910
912
910
912
912
912
913
913
915
919
917
918
921
919
919
922
925
926
926
926
925
929
929
929
929
934
931
930
934
934
934
935
939
941
941
942
940
1168
1168
1170
1170
1169
1173
1171
1171
1170
1173
1173
1173
1174
1174
1177
1173
1175
1179
1179
1179
1182
1182
1182
1181
1185
1185
1183
1183
1186
1185
1186
1190
1190
1189
1187
1190
1190
1190
1191
1193
1195
1195
1199
1197
1198
1198
1197
1200
1200
1200
1421
1420
1420
1421
1423
1420
1419
1424
1422
1418
1423
1422
1422
1421
1422
1421
1423
1424
1421
1424
1424
1424
1425
1424
1426
1425
1425
1429
1426
1427
1428
1427
1429
1429
1427
1427
1427
1427
1434
1433
1430
1434
1434
1433
1430
1433
1437
1435
1437
1435
1655
1654
1655
1655
1655
1653
1655
1654
1655
1652
1655
1653
1653
1650
1653
1653
1655
1654
1654
1653
1654
1655
1654
1652
1658
1654
1659
1655
1662
1658
1659
1656
1659
1659
1658
1659
1658
1661
1658
1658
1657
1658
1658
1659
1661
1662
1661
1662
1664
1659
1874
1875
1873
1874
1874
1872
1872
1873
1875
1878
1874
1873
1873
1873
1872
1872
1874
1873
1872
1872
1875
1872
1875
1872
1873
1872
1873
1872
1872
1872
1871
1874
1872
1872
1873
1872
1872
1872
1872
1873
1873
1872
1872
1872
1873
1872
1872
1872
1873
1872
2071
2071
2070
2069
2070
2069
2069
2066
2071
2071
2067
2069
2069
2066
2065
2067
2065
2069
2067
2065
2064
2065
2066
2065
2064
2066
2064
2064
2061
2064
2065
2064
2064
2062
2064
2062
2064
2064
2062
2063
2064
2061
2062
2064
2061
2058
2062
2059
2063
2060
2270
2278
2277
2274
2274
2271
2271
2270
2273
2269
2271
2267
2269
2268
2267
2267
2269
2266
2263
2267
2266
2265
2262
2262
2264
2261
2261
2261
2261
2256
2259
2257
2259
2256
2257
2258
2257
2256
2256
2257
2255
2256
2257
2256
2254
2255
2253
2251
2251
2256
2465
2464
2461
2462
2462
2455
2460
2459
2457
2455
2455
2453
2455
2453
2451
2449
2451
2448
2448
2448
2450
2448
2445
2447
2447
2447
2447
2445
2446
2444
2446
2443
2443
2440
2440
2439
2439
2437
2436
2438
2436
2436
2439
2434
2435
2436
2434
2435
2432
2437
2651
2655
2656
2651
2651
2650
2651
2646
2647
2646
2642
2646
2642
2640
2640
2640
2640
2640
2638
2640
2639
2638
2638
2635
2635
2635
2630
2633
2631
2627
2630
2626
2628
2627
2626
2625
2624
2624
2623
2624
2622
2624
2622
2621
2621
2615
2614
2615
2614
2615
2839
2842
2837
2833
2835
2832
2835
2834
2832
2831
2830
2831
2831
2829
2827
2829
2825
2821
2827
2818
2818
2817
2815
2814
2816
2815
2811
2814
2811
2810
2807
2809
2807
2810
2807
2807
2806
2805
2807
2800
2801
2799
2798
2799
2800
2800
2794
2800
2795
2794
3023
3024
3021
3018
3015
3017
3015
3009
3012
3012
3008
3008
3009
3008
3007
3007
3005
3002
2999
2999
2997
2997
2996
2993
2992
2993
2992
2991
2992
2987
2990
2987
2988
2987
2986
2978
2980
2979
2974
2974
2971
2975
2973
2965
2967
2967
2973
2967
2963
2963
3213
3209
3209
3207
3204
3207
3202
3199
3200
3199
3198
3191
3197
3189
3184
3188
3185
3181
3183
3180
3182
3174
3179
3178
3173
3173
3171
3171
3170
3167
3168
3167
3163
3164
3162
3161
3155
3156
3156
3152
3152
3152
3149
3147
3143
3147
3143
3139
3138
3147
3417
3413
3414
3412
3409
3407
3407
3401
3405
3398
3393
3396
3393
3392
3386
3391
3387
3380
3380
3379
3376
3376
3375
3375
3375
3367
3366
3362
3365
3360
3359
3360
3357
3354
3353
3347
3351
3344
3347
3344
3343
3337
3341
3337
3335
3335
3333
3328
3328
3324
3301
2318
1607
1006
498
86
45
48
48
48
54
52
55
59
58
65
64
64
67
66
71
77
78
78
78
80
82
85
85
85
89
94
95
94
97
101
98
100
106
110
110
112
111
113
115
118
115
117
126
123
337
339
339
343
343
347
346
352
355
351
351
356
354
361
360
364
367
363
365
368
369
369
371
371
375
379
379
380
379
382
384
384
384
384
384
387
391
393
395
399
399
399
400
403
401
400
404
403
410
410
626
625
626
629
627
628
631
635
638
635
637
638
641
642
641
639
641
645
645
647
645
650
651
649
651
656
655
657
656
658
659
658
659
658
663
665
665
666
669
667
667
672
671
672
671
674
675
677
678
679
897
901
899
902
906
899
902
902
907
904
906
910
909
910
911
911
911
912
913
912
913
914
915
916
918
920
921
917
925
921
926
925
927
927
928
930
929
932
933
933
932
939
934
938
936
941
937
939
941
943
1168
1169
1168
1168
1169
1168
1169
1173
1172
1175
1173
1174
1175
1177
1173
1175
1174
1181
1180
1180
1180
1180
1183
1184
1184
1187
1185
1187
1185
1186
1189
1185
1186
1190
1191
1194
1194
1196
1193
1196
1195
1195
1195
1197
1198
1197
1200
1199
1200
1200
1419
1417
1418
1415
1419
1418
1421
1419
1419
1418
1422
1424
1419
1421
1423
1423
1424
1424
1424
1424
1423
1424
1424
1424
1426
1426
1425
1425
1426
1426
1429
1426
1425
1430
1429
1427
1432
1429
1429
1430
1434
1430
1431
1435
1433
1433
1434
1435
1433
1433
1651
1651
1654
1655
1652
1654
1651
1651
1650
1650
1651
1649
1654
1658
1653
1655
1652
1654
1652
1654
1655
1654
1654
1652
1655
1655
1654
1651
1655
1654
1654
1657
1658
1658
1657
1654
1654
1657
1657
1658
1659
1659
1659
1661
1661
1661
1655
1659
1658
1658
1873
1873
1872
1873
1874
1872
1874
1874
1872
1874
1873
1872
1874
1874
1872
1872
1874
1873
1873
1873
1872
1872
1872
1872
1872
1873
1873
1872
1877
1875
1874
1872
1872
1872
1872
1872
1871
1872
1873
1874
1871
1871
1872
1873
1874
1872
1873
1871
1873
1872
2069
2069
2068
2071
2067
2064
2069
2067
2070
2069
2070
2066
2067
2066
2070
2068
2065
2064
2064
2066
2064
2066
2066
2064
2064
2064
2065
2064
2065
2063
2064
2064
2063
2064
2064
2064
2064
2064
2063
2064
2065
2063
2064
2061
2064
2064
2061
2064
2061
2064
2273
2273
2274
2272
2271
2271
2269
2271
2269
2267
2267
2266
2267
2268
2262
2263
2266
2267
2265
2263
2265
2265
2261
2264
2262
2263
2261
2259
2257
2261
2259
2256
2259
2257
2256
2257
2256
2258
2257
2258
2256
2256
2256
2254
2257
2256
2256
2256
2254
2256
2464
2463
2462
2461
2459
2461
2461
2458
2455
2458
2453
2451
2454
2449
2453
2451
2454
2449
2448
2449
2448
2449
2448
2448
2447
2445
2448
2448
2448
2445
2446
2445
2447
2443
2439
2438
2442
2439
2435
2439
2439
2438
2435
2435
2435
2436
2434
2436
2432
2432
2654
2655
2653
2647
2651
2646
2647
2643
2646
2647
2643
2642
2643
2643
2640
2640
2640
2640
2639
2637
2636
2639
2635
2636
2637
2634
2629
2629
2627
2629
2631
2630
2629
2625
2624
2624
2624
2624
2624
2622
2619
2618
2618
2621
2621
2618
2623
2613
2619
2613
2837
2838
2836
2836
2836
2832
2832
2832
2831
2832
2831
2831
2827
2829
2831
2827
2826
2823
2817
2819
2818
2816
2817
2815
2815
2815
2811
2813
2811
2808
2811
2813
2805
2803
2806
2803
2805
2800
2800
2800
2801
2800
2800
2798
2800
2794
2799
2797
2795
2796
3023
3023
3023
3020
3018
3015
3017
3011
3011
3009
3010
3008
3008
3004
3008
3005
3005
3003
3003
2995
2998
2995
2995
2993
2992
2992
2990
2990
2992
2983
2988
2983
2986
2986
2979
2979
2983
2975
2976
2975
2976
2973
2974
2971
2967
2969
2964
2966
2965
2961
3209
3211
3210
3213
3206
3200
3197
3200
3198
3197
3197
3191
3191
3189
3187
3185
3184
3183
3182
3183
3178
3179
3177
3178
3173
3175
3173
3170
3169
3169
3161
3165
3163
3159
3161
3158
3154
3157
3153
3153
3152
3152
3151
3148
3146
3142
3142
3140
3137
3137
3418
3414
3410
3410
3408
3405
3405
3406
3399
3399
3399
3397
3393
3389
3382
3387
3386
3380
3379
3376
3379
3376
3376
3370
3370
3366
3367
3363
3362
3362
3360
3356
3360
3352
3351
3349
3349
3342
3347
3343
3342
3339
3335
3338
3337
3335
3334
3327
3328
3325
3296
2317
1609
1006
494
82
44
47
48
48
49
51
54
59
59
64
64
66
67
66
71
79
74
77
80
80
81
87
88
87
91
91
97
98
95
100
99
102
105
107
110
112
112
112
112
112
118
121
120
124
340
341
340
341
346
347
350
351
354
352
353
355
359
359
363
361
361
367
369
368
368
369
373
373
373
378
374
378
380
379
382
383
387
389
389
387
393
395
395
397
397
400
400
400
402
401
404
406
406
407
623
627
630
626
627
630
631
636
635
634
640
638
640
639
643
640
640
643
645
645
646
651
648
650
651
655
656
656
657
657
659
657
662
662
665
661
663
665
665
669
670
671
671
675
678
675
676
678
679
682
903
901
902
898
902
901
901
905
910
907
907
910
910
906
913
910
913
912
913
913
914
912
916
917
919
917
918
922
922
919
923
925
926
927
929
929
930
934
935
933
931
934
929
935
938
935
939
939
944
943
1168
1168
1168
1173
1170
1171
1172
1170
1169
1170
1177
1173
1173
1173
1177
1174
1179
1175
1176
1181
1181
1184
1182
1184
1183
1183
1187
1186
1191
1190
1187
1188
1185
1189
1190
1190
1194
1197
1193
1194
1195
1194
1194
1198
1197
1199
1200
1198
1199
1200
1420
1417
1420
1418
1418
1420
1419
1421
1421
1420
1421
1423
1420
1419
1421
1424
1419
1424
1424
1424
1424
1424
1425
1424
1424
1424
1426
1424
1427
1426
1429
1425
1430
1427
1430
1427
1430
1429
1427
1430
1430
1429
1435
1435
1436
1435
1430
1435
1436
1434
1653
1653
1654
1651
1651
1649
1650
1651
1657
1651
1651
1654
1651
1657
1655
1651
1654
1653
1650
1654
1653
1654
1653
1653
1650
1652
1654
1656
1658
1655
1655
1655
1661
1655
1663
1661
1657
1661
1661
1660
1659
1658
1658
1654
1661
1663
1659
1659
1659
1659
1872
1876
1873
1874
1874
1873
1874
1872
1874
1874
1873
1874
1872
1872
1872
1872
1873
1874
1872
1874
1873
1872
1872
1872
1874
1872
1872
1872
1873
1872
1872
1875
1874
1872
1872
1872
1872
1872
1873
1872
1874
1873
1872
1872
1872
1872
1872
1872
1872
1872
2070
2069
2071
2068
2070
2073
2069
2067
2069
2069
2069
2067
2067
2067
2066
2067
2066
2066
2064
2067
2065
2068
2066
2064
2066
2064
2065
2064
2064
2064
2064
2064
2064
2064
2064
2064
2064
2061
2062
2064
2064
2059
2064
2063
2063
2064
2062
2063
2063
2062
2270
2274
2272
2270
2273
2272
2272
2272
2271
2268
2270
2270
2267
2270
2267
2267
2267
2267
2267
2263
2268
2261
2263
2262
2261
2259
2261
2259
2259
2258
2259
2257
2256
2256
2256
2256
2256
2256
2254
2255
2256
2256
2256
2256
2256
2256
2255
2254
2251
2255
2464
2461
2455
2462
2462
2459
2458
2457
2457
2457
2458
2453
2453
2453
2451
2452
2451
2448
2449
2448
2449
2449
2450
2448
2448
2446
2448
2446
2448
2447
2443
2441
2445
2446
2437
2439
2441
2438
2437
2434
2437
2438
2432
2434
2433
2435
2435
2432
2432
2433
2653
2651
2653
2653
2649
2651
2645
2645
2643
2645
2644
2641
2640
2642
2640
2641
2640
2640
2640
2639
2638
2639
2636
2636
2634
2634
2636
2635
2630
2630
2629
2627
2629
2625
2625
2623
2625
2624
2625
2624
2623
2622
2624
2617
2618
2616
2618
2621
2614
2611
2837
2835
2838
2834
2835
2833
2832
2832
2831
2830
2832
2830
2823
2827
2827
2822
2822
2822
2821
2820
2823
2821
2816
2817
2817
2814
2816
2813
2813
2811
2806
2806
2811
2805
2805
2803
2800
2801
2800
2801
2800
2798
2800
2799
2797
2797
2795
2796
2795
2795
3022
3024
3017
3020
3015
3015
3011
3009
3010
3010
3008
3010
3008
3006
3006
3005
2999
3001
2999
2995
2996
2997
2993
2995
2992
2991
2992
2990
2991
2991
2988
2986
2985
2983
2980
2980
2979
2978
2974
2975
2974
2971
2969
2966
2970
2966
2963
2965
2962
2961
3213
3205
3207
3205
3206
3203
3200
3200
3197
3195
3195
3196
3189
3191
3189
3186
3184
3184
3181
3179
3179
3179
3178
3179
3173
3171
3167
3168
3167
3164
3167
3165
3165
3159
3161
3158
3157
3158
3153
3153
3152
3149
3149
3147
3149
3141
3146
3139
3140
3138
3413
3412
3413
3410
3410
3405
3407
3401
3402
3401
3395
3394
3394
3391
3392
3382
3387
3379
3383
3379
3378
3376
3373
3374
3369
3370
3365
3366
3364
3359
3358
3357
3357
3351
3349
3349
3351
3347
3348
3339
3341
3343
3343
3334
3336
3331
3328
3331
3327
3327
3310
2318
1608
1007
499
92
41
45
46
48
53
53
54
58
64
63
64
64
66
73
69
73
75
78
79
81
80
82
83
87
85
93
93
100
96
100
101
101
110
105
109
110
112
112
114
119
118
123
123
123
338
341
338
342
347
351
347
347
351
354
352
358
357
359
364
360
364
368
366
368
368
369
371
373
375
378
377
378
383
384
384
385
385
389
385
388
391
397
398
399
399
400
401
401
402
402
406
405
411
409
624
627
628
626
629
628
631
631
638
635
636
637
641
637
639
644
640
643
649
645
646
649
650
654
653
656
656
654
656
656
658
659
656
659
659
661
666
666
671
667
672
671
673
670
675
673
677
682
678
679
897
899
898
898
902
901
904
906
905
903
910
909
906
911
912
911
913
912
912
913
916
915
915
915
918
914
919
923
922
921
924
925
927
927
928
929
932
934
930
931
932
933
937
936
936
937
941
939
941
944
1169
1169
1167
1168
1170
1171
1175
1171
1172
1179
1173
1173
1178
1177
1177
1173
1180
1179
1179
1181
1183
1181
1183
1182
1185
1185
1185
1183
1185
1187
1191
1189
1187
1187
1189
1193
1190
1194
1194
1198
1195
1196
1195
1195
1196
1198
1197
1199
1198
1199
1419
1422
1417
1420
1421
1419
1419
1422
1419
1419
1423
1421
1421
1421
1424
1421
1424
1424
1424
1424
1425
1423
1425
1424
1425
1425
1426
1425
1426
1429
1427
1427
1425
1427
1429
1431
1430
1429
1432
1434
1431
1427
1431
1431
1435
1429
1434
1438
1437
1433
1651
1653
1651
1651
1653
1654
1653
1653
1656
1651
1653
1652
1659
1653
1654
1658
1655
1654
1655
1653
1654
1654
1655
1655
1654
1655
1654
1653
1658
1658
1655
1654
1653
1655
1658
1657
1659
1657
1661
1662
1658
1660
1657
1655
1662
1662
1659
1660
1662
1662
1872
1874
1875
1872
1874
1872
1875
1873
1873
1874
1872
1873
1872
1872
1872
1873
1873
1873
1872
1872
1873
1873
1873
1873
1872
1872
1872
1872
1872
1872
1874
1872
1873
1872
1872
1872
1873
1872
1872
1872
1872
1873
1872
1875
1871
1872
1872
1872
1872
1873
2073
2074
2074
2067
2069
2069
2069
2065
2071
2067
2067
2068
2065
2066
2069
2070
2067
2069
2066
2069
2065
2064
2066
2065
2066
2066
2064
2064
2064
2064
2063
2066
2064
2063
2064
2064
2064
2066
2063
2064
2064
2063
2064
2061
2063
2064
2059
2062
2062
2061
2273
2273
2275
2273
2271
2271
2270
2271
2272
2269
2270
2265
2273
2269
2269
2265
2263
2261
2263
2266
2263
2266
2262
2260
2263
2263
2263
2259
2259
2260
2258
2260
2258
2258
2256
2261
2256
2257
2256
2256
2256
2256
2257
2255
2255
2253
2255
2255
2255
2256
2459
2459
2459
2460
2461
2458
2462
2457
2457
2457
2455
2451
2452
2455
2451
2449
2451
2448
2450
2448
2448
2448
2448
2448
2448
2447
2448
2445
2445
2444
2446
2437
2442
2442
2437
2441
2443
2439
2440
2438
2441
2435
2433
2435
2433
2435
2434
2432
2431
2432
2651
2654
2651
2653
2650
2647
2649
2647
2645
2642
2645
2641
2646
2640
2640
2640
2640
2639
2639
2635
2639
2636
2637
2635
2638
2637
2632
2627
2633
2627
2631
2625
2627
2624
2624
2625
2625
2624
2621
2623
2622
2620
2622
2619
2621
2620
2621
2618
2617
2618
2841
2838
2836
2837
2832
2833
2832
2832
2829
2832
2826
2831
2827
2825
2825
2827
2820
2821
2819
2819
2819
2823
2816
2819
2816
2817
2816
2812
2815
2810
2808
2811
2806
2805
2803
2805
2803
2802
2803
2801
2800
2800
2800
2797
2798
2797
2799
2795
2795
2794
3022
3024
3023
3015
3020
3015
3015
3012
3017
3008
3010
3009
3008
3007
3008
3008
3006
3001
3002
2997
2995
2994
2992
2993
2992
2992
2992
2987
2988
2986
2986
2985
2985
2981
2983
2979
2982
2982
2979
2976
2975
2975
2974
2973
2971
2971
2965
2967
2966
2963
3207
3210
3213
3207
3205
3206
3200
3203
3198
3193
3197
3191
3195
3186
3193
3188
3187
3183
3185
3182
3183
3181
3179
3178
3175
3173
3170
3165
3170
3167
3164
3162
3161
3161
3158
3156
3153
3152
3152
3152
3152
3151
3150
3149
3146
3147
3141
3141
3139
3139
3414
3411
3409
3408
3408
3408
3410
3408
3405
3400
3397
3394
3395
3393
3390
3388
3382
3387
3381
3381
3377
3376
3374
3373
3374
3370
3367
3369
3361
3359
3359
3354
3356
3351
3352
3351
3347
3345
3344
3345
3343
3339
3340
3338
3333
3332
3331
3333
3326
3328
3311
2320
1611
1008
499
89
43
45
48
48
48
58
59
62
62
62
64
65
65
66
69
74
74
80
80
80
83
84
83
88
89
94
95
94
96
100
100
103
107
111
109
109
112
112
115
117
116
121
122
125
336
337
342
342
345
349
347
349
352
355
355
357
357
358
357
363
365
367
366
368
368
368
371
373
374
378
381
381
381
384
384
384
385
387
389
389
392
394
395
394
397
400
400
403
402
404
403
403
407
409
625
625
629
629
626
629
634
631
637
636
634
639
640
640
639
643
643
641
643
643
650
648
652
651
656
654
655
656
657
657
657
659
661
660
662
662
667
670
670
672
674
669
673
674
675
678
675
679
678
683
898
898
902
902
905
902
903
903
905
903
907
908
908
907
911
910
913
910
912
912
915
913
917
917
917
917
921
919
921
924
925
927
928
925
929
930
928
929
931
933
933
933
933
933
938
943
939
941
941
944
1168
1168
1169
1170
1171
1169
1171
1170
1173
1177
1173
1177
1177
1174
1175
1177
1179
1182
1181
1182
1182
1180
1183
1184
1183
1183
1186
1188
1186
1186
1187
1186
1189
1184
1191
1191
1191
1190
1193
1195
1192
1190
1195
1196
1195
1195
1199
1199
1200
1200
1418
1420
1421
1422
1419
1421
1423
1419
1424
1424
1424
1421
1424
1424
1424
1421
1422
1424
1425
1424
1424
1424
1424
1424
1424
1426
1427
1429
1426
1426
1428
1427
1430
1428
1426
1425
1427
1431
1431
1430
1430
1431
1435
1431
1434
1434
1433
1431
1437
1435
1653
1651
1651
1651
1653
1653
1651
1654
1651
1650
1655
1650
1651
1655
1653
1651
1655
1653
1654
1658
1653
1651
1648
1655
1653
1653
1658
1655
1659
1655
1659
1657
1655
1657
1659
1659
1659
1661
1659
1659
1657
1661
1659
1658
1659
1658
1659
1660
1663
1659
1873
1874
1875
1875
1874
1872
1872
1872
1879
1874
1873
1872
1874
1872
1874
1872
1873
1872
1873
1872
1872
1871
1872
1872
1872
1876
1872
1872
1871
1872
1873
1872
1872
1872
1872
1872
1872
1873
1872
1873
1873
1874
1872
1874
1872
1872
1874
1872
1874
1872
2069
2074
2072
2069
2075
2071
2074
2071
2071
2069
2069
2069
2068
2066
2069
2067
2067
2065
2064
2064
2066
2065
2065
2064
2065
2064
2064
2065
2064
2064
2064
2063
2063
2063
2064
2064
2064
2064
2063
2064
2062
2061
2063
2063
2063
2062
2062
2061
2062
2059
2274
2271
2275
2274
2271
2276
2273
2272
2269
2269
2269
2267
2266
2267
2268
2267
2266
2263
2265
2263
2266
2266
2261
2261
2263
2262
2259
2266
2256
2257
2261
2259
2259
2261
2258
2257
2258
2259
2259
2257
2256
2256
2256
2256
2256
2255
2255
2255
2255
2255
2463
2462
2461
2459
2460
2458
2457
2458
2459
2454
2453
2454
2450
2453
2453
2450
2450
2453
2451
2450
2448
2448
2446
2448
2448
2446
2445
2445
2442
2446
2444
2446
2448
2443
2442
2443
2439
2440
2439
2439
2435
2435
2435
2435
2438
2437
2435
2433
2433
2432
2653
2655
2650
2651
2654
2648
2647
2650
2645
2646
2640
2643
2641
2642
2640
2640
2640
2639
2640
2639
2638
2640
2637
2637
2636
2636
2634
2631
2631
2629
2631
2630
2629
2628
2627
2625
2625
2623
2624
2625
2623
2622
2622
2619
2621
2613
2615
2615
2619
2615
2841
2839
2838
2835
2834
2833
2835
2833
2832
2831
2830
2832
2829
2827
2828
2827
2826
2825
2822
2822
2819
2820
2818
2816
2817
2816
2815
2815
2809
2811
2813
2807
2807
2810
2806
2803
2806
2807
2803
2800
2800
2800
2799
2799
2797
2799
2798
2796
2793
2797
3019
3022
3021
3021
3018
3014
3014
3013
3014
3008
3009
3010
3008
3008
3003
3005
3003
3003
2999
3001
2996
2997
2993
2993
2994
2992
2992
2991
2992
2989
2991
2987
2985
2986
2987
2980
2977
2981
2975
2980
2972
2973
2973
2974
2973
2970
2967
2966
2967
2962
3211
3212
3211
3205
3207
3203
3200
3202
3199
3196
3198
3192
3195
3190
3184
3187
3183
3182
3184
3184
3181
3178
3177
3177
3177
3175
3174
3171
3166
3167
3167
3167
3161
3161
3159
3155
3161
3153
3154
3152
3152
3151
3149
3151
3147
3149
3147
3146
3137
3139
3414
3412
3415
3408
3411
3408
3406
3405
3403
3401
3399
3398
3393
3390
3388
3389
3383
3381
3386
3377
3382
3375
3375
3371
3369
3375
3367
3367
3364
3366
3353
3355
3355
3353
3351
3347
3346
3350
3345
3344
3340
3343
3342
3338
3337
3338
3329
3330
3328
3326
3313
2320
1616
1008
498
92
45
44
48
49
48
53
54
61
59
62
64
66
70
67
73
70
76
79
79
80
85
84
86
85
90
95
93
93
95
98
100
105
103
108
109
109
112
112
115
113
119
121
118
119
337
339
341
343
344
347
351
352
354
353
355
354
357
359
360
363
362
365
367
369
370
373
378
372
377
378
379
381
383
381
384
384
386
386
390
394
391
395
397
394
400
400
400
400
403
405
405
405
409
405
624
625
627
625
631
630
631
630
637
631
636
637
638
639
641
640
646
643
646
647
647
651
651
653
655
655
654
656
656
657
658
662
657
659
659
665
667
666
663
671
671
672
674
673
672
675
676
679
682
681
895
897
899
906
901
903
899
903
905
906
906
910
910
911
912
911
913
912
915
912
917
914
917
917
917
913
918
918
923
926
923
926
926
927
927
930
931
930
931
930
930
937
937
937
940
938
938
939
944
941
1168
1169
1168
1169
1169
1168
1169
1170
1171
1174
1173
1175
1173
1176
1177
1174
1175
1183
1176
1179
1181
1181
1179
1181
1183
1182
1186
1183
1184
1186
1187
1191
1186
1189
1194
1194
1193
1189
1193
1191
1192
1195
1197
1195
1198
1199
1200
1199
1199
1200
1420
1419
1419
1419
1420
1421
1422
1421
1423
1421
1423
1423
1422
1423
1424
1420
1423
1424
1424
1424
1424
1425
1426
1427
1424
1428
1426
1426
1426
1425
1429
1430
1429
1427
1429
1428
1431
1428
1431
1429
1431
1430
1435
1431
1434
1435
1435
1434
1438
1436
1651
1653
1653
1651
1658
1653
1652
1649
1654
1653
1650
1652
1650
1656
1657
1654
1655
1651
1655
1653
1653
1656
1655
1658
1657
1654
1661
1655
1659
1654
1654
1654
1657
1661
1655
1653
1658
1658
1657
1659
1657
1657
1658
1660
1659
1659
1661
1659
1658
1661
1875
1877
1875
1875
1872
1875
1874
1876
1872
1872
1874
1874
1872
1873
1873
1872
1873
1872
1872
1875
1872
1873
1872
1869
1872
1870
1875
1872
1872
1872
1872
1874
1872
1872
1874
1872
1872
1872
1872
1872
1873
1872
1872
1872
1872
1872
1872
1871
1869
1871
2070
2073
2075
2072
2071
2071
2069
2067
2069
2067
2064
2067
2069
2066
2069
2066
2066
2067
2068
2066
2066
2065
2065
2065
2065
2064
2065
2065
2064
2064
2064
2062
2064
2064
2064
2064
2063
2062
2064
2063
2064
2064
2063
2062
2064
2062
2061
2062
2060
2061
2273
2275
2274
2271
2273
2271
2272
2272
2271
2269
2271
2270
2267
2266
2267
2269
2265
2263
2266
2267
2263
2261
2263
2259
2261
2261
2261
2261
2259
2259
2260
2259
2261
2257
2257
2259
2256
2257
2256
2256
2256
2256
2255
2255
2256
2256
2256
2255
2253
2250
2466
2463
2464
2459
2459
2461
2459
2460
2453
2457
2451
2450
2449
2452
2454
2450
2451
2451
2454
2448
2449
2448
2449
2448
2448
2448
2442
2445
2447
2442
2443
2443
2439
2438
2441
2445
2439
2439
2441
2436
2439
2437
2435
2436
2435
2435
2433
2434
2432
2435
2650
2653
2653
2651
2650
2647
2649
2648
2647
2645
2645
2641
2642
2640
2640
2640
2640
2640
2639
2635
2639
2637
2634
2635
2633
2635
2633
2630
2631
2631
2627
2630
2629
2625
2627
2624
2624
2623
2624
2624
2624
2621
2619
2623
2621
2617
2615
2615
2617
2616
2834
2838
2839
2838
2835
2834
2838
2833
2832
2832
2832
2831
2830
2832
2830
2826
2823
2826
2821
2825
2818
2818
2817
2817
2818
2813
2816
2815
2812
2813
2815
2810
2807
2807
2802
2803
2803
2806
2801
2800
2800
2800
2800
2800
2797
2798
2797
2796
2795
2793
3019
3022
3023
3019
3019
3016
3018
3014
3010
3009
3009
3005
3008
3008
3005
3007
3003
3006
3001
2999
3003
2996
2997
2992
2992
2991
2990
2991
2992
2990
2986
2983
2983
2979
2983
2981
2976
2980
2975
2975
2975
2975
2975
2968
2967
2965
2967
2967
2961
2963
3209
3211
3206
3204
3205
3203
3202
3200
3200
3197
3197
3194
3195
3195
3186
3185
3185
3186
3184
3181
3183
3181
3183
3175
3172
3173
3172
3171
3167
3167
3165
3165
3166
3158
3159
3155
3157
3152
3152
3154
3154
3150
3152
3149
3147
3145
3147
3142
3139
3141
3408
3409
3408
3411
3410
3407
3406
3407
3405
3398
3402
3395
3393
3389
3389
3383
3388
3386
3381
3379
3381
3377
3375
3372
3374
3373
3370
3361
3363
3362
3362
3361
3357
3357
3351
3355
3349
3347
3344
3344
3343
3343
3338
3340
3334
3334
3331
3335
3333
3328
3313
2320
1613
1009
506
92
43
43
48
48
53
51
55
59
61
63
64
63
69
70
74
73
76
80
79
78
82
83
87
86
92
93
92
94
95
97
99
109
105
109
109
112
110
112
115
118
123
123
122
123
345
338
341
343
347
346
351
346
353
353
356
356
360
361
361
365
367
365
368
368
368
370
371
374
373
374
376
380
382
381
387
384
384
385
389
389
389
396
394
398
398
400
401
400
403
403
405
410
407
407
627
627
624
627
629
626
635
630
634
631
635
639
640
639
641
640
641
647
645
647
646
647
651
653
656
656
656
656
656
656
658
656
662
661
663
661
669
669
669
669
669
673
675
676
674
675
679
679
679
679
896
897
901
898
902
903
906
906
903
905
910
912
911
911
911
912
912
913
912
914
914
916
915
915
918
914
921
919
923
920
922
925
927
928
927
927
929
929
930
930
934
935
935
935
939
940
941
939
939
942
1170
1173
1171
1168
1169
1171
1171
1171
1174
1173
1175
1175
1173
1174
1175
1178
1178
1178
1180
1183
1177
1179
1184
1182
1185
1183
1179
1183
1183
1187
1187
1187
1189
1188
1189
1191
1194
1191
1191
1198
1194
1197
1197
1199
1196
1196
1199
1200
1200
1200
1419
1421
1419
1420
1419
1419
1423
1421
1423
1424
1423
1423
1423
1424
1423
1421
1422
1424
1424
1423
1424
1424
1424
1425
1425
1424
1425
1426
1427
1429
1430
1425
1428
1426
1427
1431
1431
1430
1430
1426
1429
1434
1429
1431
1431
1435
1435
1435
1431
1433
1653
1653
1654
1653
1651
1651
1653
1650
1653
1653
1653
1652
1657
1651
1654
1653
1655
1653
1654
1654
1655
1657
1655
1654
1654
1657
1654
1655
1657
1659
1657
1652
1654
1658
1655
1654
1659
1657
1657
1660
1655
1658
1659
1658
1663
1659
1657
1662
1659
1662
1873
1877
1874
1877
1877
1874
1875
1872
1872
1875
1872
1873
1875
1874
1873
1874
1872
1872
1873
1874
1874
1873
1872
1874
1872
1873
1872
1872
1872
1872
1873
1871
1873
1872
1872
1872
1872
1872
1872
1874
1873
1872
1872
1873
1872
1873
1872
1872
1874
1873
2073
2073
2070
2069
2068
2071
2069
2065
2071
2066
2070
2067
2067
2069
2069
2066
2066
2065
2065
2066
2067
2064
2065
2064
2064
2066
2064
2064
2065
2064
2064
2064
2064
2064
2064
2063
2063
2062
2064
2062
2063
2063
2064
2064
2061
2061
2064
2061
2063
2062
2271
2273
2274
2270
2272
2271
2271
2269
2270
2270
2266
2271
2269
2267
2267
2270
2263
2264
2263
2263
2265
2266
2261
2263
2263
2263
2263
2261
2262
2258
2262
2257
2259
2256
2256
2261
2256
2258
2257
2256
2257
2256
2256
2257
2253
2256
2251
2256
2251
2255
2463
2463
2463
2463
2461
2460
2458
2457
2455
2455
2453
2454
2453
2452
2450
2451
2451
2449
2448
2449
2448
2448
2448
2447
2447
2447
2447
2443
2443
2443
2445
2442
2439
2439
2435
2441
2438
2439
2438
2437
2438
2435
2434
2434
2437
2434
2433
2434
2432
2430
2652
2653
2653
2647
2649
2645
2648
2649
2646
2645
2640
2642
2640
2640
2640
2642
2640
2640
2639
2639
2637
2638
2638
2633
2633
2636
2631
2631
2630
2627
2626
2626
2624
2625
2624
2624
2622
2624
2624
2623
2624
2623
2619
2621
2618
2621
2620
2619
2617
2617
2838
2838
2838
2833
2835
2832
2832
2832
2832
2831
2832
2831
2827
2829
2825
2825
2823
2822
2819
2817
2818
2817
2817
2818
2815
2816
2814
2813
2809
2807
2803
2807
2807
2806
2806
2805
2803
2803
2801
2799
2801
2800
2800
2800
2800
2799
2797
2794
2797
2794
3019
3024
3021
3019
3019
3015
3015
3013
3011
3008
3008
3008
3008
3005
3005
3002
2999
2999
2999
2999
2997
2997
2993
2993
2992
2994
2991
2987
2987
2987
2985
2981
2979
2979
2983
2981
2979
2973
2976
2974
2973
2976
2970
2973
2969
2969
2967
2965
2962
2963
3167
3213
3212
3211
3203
3204
3200
3200
3199
3197
3194
3196
3189
3189
3185
3184
3185
3184
3181
3183
3183
3181
3177
3177
3177
3174
3173
3169
3167
3164
3167
3167
3159
3159
3157
3158
3154
3155
3154
3153
3151
3152
3147
3148
3147
3143
3140
3140
3138
3137
3313
3418
3411
3408
3408
3403
3403
3403
3403
3398
3398
3393
3392
3389
3391
3389
3383
3385
3378
3380
3376
3376
3374
3374
3374
3367
3366
3365
3363
3360
3362
3357
3355
3357
3353
3351
3350
3344
3344
3343
3343
3341
3338
3339
3331
3333
3328
3332
3327
3326
3319
2321
1613
1008
501
89
44
48
48
48
50
55
55
56
59
64
64
67
70
69
73
75
78
78
78
80
82
81
87
88
94
91
95
94
99
98
100
102
103
107
108
112
112
113
117
118
117
121
121
124
278
342
342
343
348
347
348
348
351
352
354
357
357
359
363
365
365
364
368
367
370
368
372
370
374
373
378
377
381
380
386
384
385
387
389
386
391
394
394
393
398
399
400
400
404
401
405
404
407
411
592
626
624
628
626
631
634
629
633
631
635
640
638
640
642
641
645
643
646
643
647
646
650
650
653
655
656
656
659
656
662
660
661
661
662
663
666
665
667
668
669
673
673
672
677
676
677
679
683
684
838
899
901
899
899
901
905
903
909
909
911
909
910
910
910
912
914
912
913
912
914
914
918
918
921
919
919
919
921
922
928
928
925
929
926
929
931
930
929
933
932
935
936
934
938
939
939
944
944
943
1113
1169
1168
1171
1170
1170
1171
1170
1173
1175
1174
1175
1177
1177
1177
1180
1175
1179
1181
1183
1183
1180
1182
1186
1184
1183
1185
1183
1185
1189
1187
1189
1189
1190
1190
1189
1194
1190
1191
1191
1191
1195
1198
1197
1200
1197
1197
1200
1199
1200
1290
1418
1421
1421
1418
1420
1422
1420
1423
1423
1422
1422
1423
1423
1422
1424
1424
1424
1424
1424
1424
1424
1424
1426
1424
1427
1424
1425
1430
1428
1425
1429
1425
1427
1431
1427
1429
1430
1430
1429
1430
1430
1433
1431
1433
1432
1435
1433
1436
1436
1557
1652
1648
1649
1651
1651
1649
1651
1654
1650
1654
1654
1653
1659
1652
1653
1655
1655
1658
1654
1655
1655
1655
1657
1651
1657
1659
1658
1657
1657
1658
1658
1657
1657
1658
1655
1659
1663
1657
1659
1657
1657
1659
1659
1658
1659
1663
1661
1662
1661
1760
1875
1874
1874
1873
1874
1872
1872
1874
1875
1873
1872
1873
1873
1872
1872
1872
1873
1872
1874
1872
1874
1872
1873
1873
1874
1872
1874
1874
1873
1873
1874
1874
1872
1872
1871
1874
1872
1873
1874
1873
1872
1871
1872
1872
1872
1872
1875
1874
1872
1926
2071
2067
2071
2070
2071
2071
2071
2067
2067
2068
2066
2066
2068
2066
2067
2064
2068
2066
2071
2066
2064
2068
2064
2062
2064
2066
2064
2066
2064
2064
2064
2064
2063
2064
2064
2061
2064
2063
2064
2063
2064
2063
2061
2063
2061
2062
2063
2062
2062
2087
2276
2274
2276
2272
2271
2270
2271
2271
2266
2271
2268
2270
2269
2271
2267
2269
2266
2269
2266
2267
2263
2262
2261
2261
2261
2261
2259
2263
2258
2261
2258
2257
2258
2258
2256
2256
2258
2255
2255
2255
2256
2254
2256
2256
2256
2256
2255
2255
2254
2311
2462
2459
2463
2461
2459
2454
2459
2457
2459
2453
2451
2454
2449
2449
2450
2453
2450
2449
2448
2449
2448
2448
2448
2448
2448
2445
2448
2444
2444
2443
2445
2443
2444
2443
2441
2438
2437
2438
2433
2438
2437
2434
2435
2436
2437
2432
2432
2432
2434
2442
2653
2653
2647
2650
2649
2646
2646
2643
2642
2643
2640
2642
2640
2640
2640
2640
2636
2638
2640
2639
2638
2635
2631
2637
2633
2634
2629
2631
2629
2626
2626
2625
2625
2627
2624
2623
2624
2625
2624
2623
2620
2617
2618
2620
2617
2615
2615
2618
2614
2625
2839
2836
2841
2835
2836
2833
2834
2832
2832
2831
2831
2829
2827
2826
2822
2821
2823
2819
2820
2819
2815
2819
2816
2817
2816
2812
2811
2810
2810
2810
2809
2807
2806
2809
2803
2803
2806
2800
2801
2800
2802
2800
2800
2799
2798
2800
2797
2797
2794
2800
3024
3023
3022
3018
3014
3014
3012
3012
3012
3008
3008
3007
3007
3005
3001
3005
2999
2998
2996
2995
2994
2997
2992
2992
2992
2992
2991
2990
2991
2986
2982
2989
2983
2978
2980
2976
2978
2977
2973
2971
2973
2971
2975
2971
2971
2967
2965
2960
2960
2971
3213
3210
3206
3205
3201
3199
3198
3198
3197
3194
3193
3193
3189
3188
3187
3185
3184
3183
3182
3179
3174
3173
3177
3175
3171
3170
3167
3167
3164
3162
3162
3159
3158
3157
3157
3155
3155
3154
3153
3152
3150
3149
3147
3149
3143
3145
3142
3136
3138
3137
3413
3408
3408
3408
3408
3407
3402
3402
3405
3395
3393
3394
3394
3387
3383
3389
3381
3381
3379
3376
3376
3371
3372
3371
3367
3367
3365
3363
3363
3359
3356
3357
3355
3350
3354
3349
3346
3343
3339
3342
3341
3338
3340
3330
3333
3331
3328
3328
3323
3319
2327
1616
1010
505
94
42
46
48
48
52
53
54
59
61
64
64
64
67
67
71
77
79
76
78
80
82
83
85
83
88
92
97
94
97
97
100
103
109
107
109
112
112
113
113
115
117
120
124
123
129
337
340
343
345
343
348
353
351
353
352
357
356
357
358
363
367
367
367
368
368
371
370
369
370
374
375
378
381
384
384
386
385
385
389
391
393
397
393
399
399
398
401
400
401
402
402
407
405
408
411
627
625
627
627
631
630
631
634
637
638
639
638
640
640
642
641
645
648
649
649
649
651
654
654
653
656
657
656
658
656
657
661
658
662
665
662
667
665
667
670
671
673
671
674
678
679
678
682
683
687
901
898
896
899
901
901
903
909
908
907
911
907
912
910
912
912
913
912
912
912
914
914
917
919
919
917
922
921
929
925
925
925
929
930
934
929
932
933
933
937
935
933
935
934
938
942
941
943
943
944
1168
1169
1169
1171
1169
1169
1171
1174
1170
1173
1177
1173
1174
1175
1175
1174
1179
1178
1179
1183
1181
1181
1182
1183
1181
1183
1184
1189
1185
1187
1188
1186
1188
1190
1190
1192
1190
1189
1191
1191
1195
1196
1196
1198
1200
1199
1200
1200
1200
1200
1422
1418
1419
1421
1421
1418
1419
1423
1422
1419
1422
1422
1423
1422
1423
1424
1423
1423
1424
1422
1425
1424
1424
1426
1424
1424
1424
1425
1427
1426
1429
1427
1427
1425
1425
1429
1430
1430
1428
1429
1431
1431
1429
1429
1436
1435
1439
1434
1435
1435
1651
1655
1654
1653
1654
1654
1657
1654
1655
1653
1651
1654
1655
1653
1653
1653
1655
1654
1653
1651
1654
1650
1657
1651
1659
1655
1658
1658
1651
1655
1655
1659
1651
1654
1661
1657
1658
1661
1661
1659
1655
1660
1659
1658
1661
1659
1658
1659
1660
1661
1875
1872
1874
1875
1874
1872
1873
1874
1874
1872
1873
1870
1872
1872
1872
1872
1874
1873
1874
1873
1872
1872
1872
1872
1872
1875
1872
1873
1872
1872
1874
1872
1872
1872
1874
1871
1874
1873
1872
1872
1872
1873
1872
1873
1871
1873
1872
1872
1872
1871
2073
2071
2070
2069
2070
2068
2069
2069
2069
2069
2065
2067
2069
2069
2065
2066
2065
2066
2064
2064
2066
2064
2064
2064
2064
2064
2064
2064
2064
2064
2064
2066
2064
2063
2064
2059
2062
2064
2061
2063
2060
2063
2062
2060
2063
2061
2059
2063
2062
2062
2274
2271
2273
2267
2271
2271
2269
2272
2271
2270
2266
2269
2263
2266
2263
2266
2266
2263
2263
2260
2261
2262
2262
2257
2257
2258
2258
2259
2259
2258
2258
2256
2259
2256
2257
2256
2256
2256
2255
2256
2256
2254
2256
2255
2255
2255
2253
2256
2250
2255
2463
2460
2462
2459
2458
2455
2455
2451
2455
2453
2453
2453
2453
2449
2448
2451
2449
2448
2449
2447
2450
2448
2448
2448
2447
2447
2446
2447
2443
2445
2444
2443
2443
2444
2442
2438
2437
2437
2442
2434
2439
2434
2437
2433
2433
2432
2432
2433
2433
2430
2651
2649
2652
2644
2649
2647
2645
2643
2646
2643
2641
2641
2643
2640
2640
2639
2640
2639
2640
2635
2635
2634
2637
2634
2629
2634
2634
2629
2627
2626
2630
2627
2629
2627
2625
2624
2624
2624
2624
2624
2621
2618
2621
2615
2622
2615
2619
2615
2618
2615
2839
2835
2833
2832
2832
2832
2833
2832
2832
2832
2831
2827
2829
2829
2829
2823
2823
2820
2822
2819
2818
2819
2821
2815
2815
2813
2813
2807
2806
2806
2806
2807
2806
2806
2802
2804
2805
2800
2800
2800
2802
2800
2801
2799
2800
2797
2797
2796
2791
2791
3024
3019
3022
3015
3017
3012
3013
3007
3009
3008
3008
3005
3006
3005
3001
2999
2999
2997
2997
2998
2993
2993
2992
2992
2992
2992
2991
2987
2990
2981
2986
2979
2979
2981
2977
2979
2979
2973
2976
2973
2971
2971
2973
2967
2972
2966
2965
2970
2964
2961
3212
3206
3207
3203
3202
3200
3199
3197
3195
3196
3195
3191
3191
3188
3189
3184
3184
3182
3179
3177
3179
3178
3175
3173
3174
3169
3168
3166
3166
3167
3164
3159
3162
3157
3157
3154
3153
3152
3153
3150
3152
3149
3150
3145
3145
3141
3142
3139
3139
3136
3413
3408
3415
3409
3409
3405
3403
3401
3399
3399
3398
3389
3392
3385
3387
3386
3379
3377
3376
3376
3376
3376
3371
3373
3370
3362
3361
3364
3362
3360
3354
3350
3353
3346
3351
3344
3343
3344
3341
3339
3339
3335
3337
3329
3338
3329
3329
3325
3325
3319
2329
1618
1015
503
94
43
47
48
51
51
51
55
54
60
64
64
64
69
68
69
75
76
77
80
81
80
83
87
87
87
91
98
97
97
99
103
106
102
104
109
110
112
112
118
118
119
121
123
123
126
346
343
345
349
351
349
349
353
354
354
355
357
361
363
364
367
368
368
368
368
369
371
375
374
375
377
377
378
383
382
386
386
387
390
394
388
396
396
396
400
400
400
401
406
403
403
405
407
410
409
629
627
627
625
630
630
631
635
637
638
638
638
644
643
642
642
645
643
645
645
651
653
655
654
656
656
656
655
656
658
663
659
661
667
666
663
667
674
668
671
670
674
672
678
675
675
679
679
678
682
898
900
902
901
901
906
907
907
907
907
906
911
912
911
912
912
912
913
914
914
915
912
917
919
917
917
923
924
923
927
926
926
926
926
928
930
930
934
931
933
933
937
938
940
940
937
943
943
943
943
1171
1168
1172
1169
1168
1171
1172
1170
1174
1171
1177
1177
1179
1175
1177
1179
1179
1179
1180
1184
1183
1183
1186
1184
1187
1184
1186
1185
1185
1186
1185
1191
1187
1186
1189
1190
1189
1193
1193
1197
1198
1197
1191
1198
1197
1199
1195
1199
1200
1198
1421
1419
1418
1419
1419
1419
1422
1421
1423
1423
1422
1423
1423
1423
1424
1424
1424
1424
1424
1423
1425
1424
1424
1425
1426
1426
1425
1424
1427
1427
1427
1427
1427
1430
1428
1427
1429
1430
1431
1429
1435
1429
1433
1434
1435
1431
1437
1431
1435
1434
1653
1650
1653
1651
1654
1654
1653
1652
1653
1651
1654
1655
1654
1653
1654
1653
1656
1658
1652
1658
1655
1654
1655
1657
1653
1654
1655
1655
1657
1657
1658
1654
1657
1657
1660
1655
1661
1659
1655
1653
1655
1661
1654
1658
1659
1659
1657
1659
1659
1661
1873
1872
1872
1872
1872
1875
1872
1873
1873
1875
1873
1872
1874
1873
1876
1874
1874
1873
1872
1872
1873
1872
1872
1872
1872
1872
1874
1872
1875
1872
1872
1873
1872
1872
1872
1873
1872
1872
1872
1872
1872
1873
1873
1872
1872
1872
1872
1873
1873
1872
2075
2073
2074
2069
2070
2071
2069
2069
2067
2065
2070
2068
2067
2065
2066
2065
2065
2064
2065
2064
2064
2065
2065
2064
2064
2064
2064
2063
2066
2064
2064
2064
2064
2062
2060
2062
2059
2062
2064
2063
2063
2062
2064
2062
2062
2064
2062
2061
2062
2058
2274
2273
2275
2271
2272
2272
2270
2265
2269
2265
2270
2267
2268
2264
2267
2266
2263
2263
2261
2263
2266
2262
2266
2260
2263
2261
2258
2260
2258
2256
2256
2256
2256
2256
2256
2258
2256
2256
2256
2255
2256
2253
2256
2256
2256
2255
2256
2255
2255
2253
2465
2459
2462
2460
2459
2459
2461
2458
2455
2453
2454
2454
2451
2450
2451
2450
2448
2448
2450
2448
2448
2448
2448
2447
2447
2443
2446
2445
2447
2441
2443
2438
2444
2438
2444
2442
2437
2439
2438
2439
2437
2433
2433
2436
2437
2432
2434
2433
2433
2432
2654
2652
2651
2649
2645
2645
2647
2645
2645
2641
2641
2640
2641
2639
2640
2639
2640
2635
2637
2636
2635
2637
2637
2634
2631
2629
2631
2629
2627
2630
2628
2627
2628
2627
2624
2624
2619
2623
2624
2623
2618
2619
2623
2618
2617
2613
2619
2614
2618
2617
2839
2837
2837
2832
2832
2832
2832
2831
2831
2830
2832
2827
2825
2823
2823
2823
2827
2821
2822
2818
2821
2815
2818
2815
2816
2811
2814
2813
2814
2810
2809
2804
2802
2805
2803
2803
2800
2800
2800
2799
2800
2797
2798
2795
2799
2791
2795
2791
2795
2785
3021
3019
3022
3019
3022
3012
3015
3011
3015
3008
3003
3004
3008
3004
3003
3003
3001
2997
2998
2994
2995
2993
2993
2991
2992
2988
2991
2983
2986
2989
2985
2981
2986
2978
2978
2978
2976
2975
2973
2974
2973
2972
2971
2966
2966
2967
2966
2963
2966
2961
3211
3205
3207
3202
3203
3200
3198
3195
3198
3191
3197
3190
3190
3187
3187
3182
3185
3184
3184
3182
3181
3171
3179
3169
3170
3167
3173
3167
3168
3159
3165
3162
3158
3157
3159
3153
3153
3152
3152
3150
3149
3145
3148
3141
3147
3138
3143
3138
3139
3137
3415
3411
3410
3405
3406
3401
3403
3397
3405
3393
3405
3390
3392
3383
3383
3380
3385
3379
3377
3376
3377
3369
3376
3367
3367
3367
3361
3358
3362
3355
3359
3352
3351
3349
3351
3344
3347
3341
3344
3339
3340
3337
3339
3328
3335
3329
3328
3326
3326
3319
2327
1618
1015
506
94
46
45
48
48
49
51
57
57
64
64
65
66
67
73
74
74
79
75
79
81
81
82
84
85
90
91
96
97
96
97
99
103
103
104
109
112
112
112
114
114
118
121
121
124
127
341
346
342
345
347
349
350
353
353
355
354
361
360
363
361
364
368
367
368
368
369
369
371
373
379
379
375
382
384
384
384
387
388
387
390
391
393
394
395
397
395
400
402
400
401
404
405
405
410
413
629
625
626
629
630
630
633
634
636
635
639
639
639
642
641
641
645
645
651
647
649
649
650
654
655
655
656
657
656
656
656
658
662
663
663
663
670
669
672
671
670
672
675
675
677
677
679
681
684
682
899
899
902
905
903
905
905
906
902
902
909
911
910
912
909
909
912
914
913
914
917
914
919
917
919
918
921
923
919
925
926
925
930
929
930
931
929
931
933
934
933
935
935
939
938
943
942
942
944
943
1171
1168
1168
1170
1174
1170
1171
1173
1175
1173
1171
1177
1173
1174
1178
1178
1176
1178
1177
1182
1182
1187
1181
1184
1186
1181
1185
1185
1189
1187
1189
1187
1188
1190
1191
1191
1189
1197
1191
1195
1198
1195
1197
1198
1199
1197
1200
1197
1200
1199
1418
1419
1417
1419
1422
1421
1419
1418
1424
1418
1424
1421
1421
1422
1423
1423
1424
1424
1424
1424
1424
1425
1424
1424
1424
1424
1425
1425
1429
1429
1427
1425
1432
1428
1427
1429
1429
1430
1434
1429
1431
1431
1431
1434
1434
1435
1438
1433
1435
1435
1654
1650
1656
1650
1651
1650
1649
1649
1652
1651
1650
1653
1653
1652
1651
1651
1652
1650
1653
1654
1657
1653
1654
1655
1653
1653
1654
1658
1660
1654
1658
1658
1660
1655
1661
1657
1654
1658
1659
1660
1659
1657
1660
1662
1661
1658
1660
1662
1660
1659
1876
1876
1875
1874
1873
1874
1873
1875
1874
1872
1875
1872
1872
1872
1874
1872
1872
1872
1873
1872
1875
1873
1872
1871
1872
1873
1875
1872
1879
1873
1874
1872
1872
1874
1874
1871
1874
1872
1872
1871
1873
1872
1872
1872
1872
1872
1872
1872
1872
1876
2070
2069
2069
2070
2073
2067
2069
2071
2070
2067
2071
2066
2068
2065
2069
2066
2068
2066
2070
2064
2066
2064
2065
2065
2064
2064
2064
2063
2064
2064
2064
2064
2064
2064
2064
2063
2064
2063
2063
2062
2061
2062
2064
2063
2064
2058
2062
2063
2059
2058
2273
2271
2269
2271
2272
2271
2267
2269
2270
2268
2271
2265
2269
2269
2269
2263
2265
2265
2262
2259
2263
2262
2263
2260
2261
2260
2263
2258
2263
2257
2258
2257
2257
2256
2259
2256
2257
2256
2256
2256
2256
2254
2256
2256
2254
2256
2254
2254
2255
2253
2464
2461
2461
2459
2458
2453
2459
2453
2457
2457
2458
2453
2455
2449
2451
2448
2451
2448
2451
2448
2448
2448
2448
2448
2447
2443
2446
2443
2447
2442
2445
2439
2439
2439
2445
2442
2444
2437
2442
2437
2437
2435
2435
2433
2435
2432
2434
2431
2432
2431
2654
2651
2651
2645
2647
2645
2642
2643
2643
2640
2641
2640
2642
2640
2641
2640
2640
2637
2640
2639
2637
2634
2636
2634
2633
2630
2631
2627
2629
2625
2627
2627
2629
2623
2627
2622
2625
2622
2623
2622
2621
2621
2615
2617
2619
2614
2619
2615
2615
2611
2837
2834
2837
2832
2832
2832
2832
2830
2831
2827
2829
2829
2827
2827
2825
2819
2817
2816
2822
2815
2817
2815
2815
2813
2815
2812
2815
2807
2813
2807
2811
2803
2807
2803
2802
2800
2804
2800
2801
2800
2800
2795
2800
2795
2798
2793
2797
2790
2789
2789
3022
3021
3020
3015
3018
3008
3015
3009
3011
3007
3007
3008
3005
3001
3003
3003
3001
2996
3003
2997
2992
2992
2992
2991
2992
2991
2991
2989
2992
2987
2983
2979
2983
2975
2978
2973
2977
2974
2975
2973
2967
2966
2969
2970
2965
2965
2964
2960
2961
2959
3211
3203
3205
3205
3202
3200
3198
3195
3195
3191
3195
3189
3186
3184
3189
3184
3185
3184
3183
3174
3180
3173
3177
3173
3176
3167
3169
3165
3168
3165
3163
3157
3162
3158
3155
3152
3152
3150
3151
3147
3151
3143
3151
3142
3145
3140
3139
3136
3139
3135
3417
3413
3413
3408
3405
3402
3401
3394
3395
3393
3397
3389
3392
3382
3389
3382
3384
3376
3378
3376
3376
3372
3374
3367
3372
3361
3361
3363
3362
3355
3359
3350
3351
3347
3354
3344
3351
3341
3344
3342
3337
3334
3335
3329
3333
3328
3327
3324
3328
3327
2330
1620
1014
507
96
46
46
48
49
48
50
59
59
58
64
64
65
67
67
73
73
74
80
80
81
81
86
87
86
93
87
95
96
96
102
101
105
107
109
109
110
111
112
115
117
119
118
123
122
128
343
342
346
344
346
347
348
353
353
354
357
358
356
358
362
362
365
367
367
368
369
369
369
375
371
380
378
383
381
384
385
385
387
387
387
392
396
392
399
397
400
400
402
402
401
404
407
407
411
415
626
625
629
629
631
633
638
630
635
638
640
636
641
640
643
642
641
643
641
646
653
653
652
654
654
656
656
656
656
657
656
656
661
660
663
663
668
671
670
670
674
674
675
675
674
673
676
675
676
682
899
897
901
899
902
906
908
906
911
909
908
909
911
909
910
910
912
912
913
914
913
917
917
915
922
917
922
924
925
923
923
925
926
928
927
927
935
929
930
932
934
937
934
938
942
940
942
943
941
941
1170
1171
1169
1168
1168
1168
1171
1171
1172
1171
1178
1174
1174
1175
1176
1175
1181
1180
1178
1178
1178
1182
1184
1184
1183
1185
1188
1182
1184
1185
1188
1189
1190
1188
1191
1189
1189
1193
1194
1195
1198
1193
1197
1197
1195
1197
1199
1198
1200
1200
1417
1416
1422
1419
1421
1418
1419
1421
1423
1421
1423
1421
1424
1424
1422
1422
1423
1422
1424
1424
1423
1424
1424
1424
1425
1424
1426
1426
1426
1428
1425
1425
1426
1425
1430
1428
1434
1431
1431
1427
1431
1429
1434
1431
1436
1433
1439
1435
1435
1436
1652
1652
1654
1650
1653
1650
1653
1654
1651
1651
1653
1651
1655
1653
1654
1652
1651
1654
1654
1652
1657
1653
1658
1653
1657
1655
1651
1657
1657
1657
1662
1657
1658
1654
1659
1654
1658
1653
1657
1658
1661
1659
1661
1654
1655
1658
1661
1658
1661
1663
1873
1874
1874
1872
1872
1872
1872
1875
1872
1873
1873
1876
1877
1872
1874
1875
1872
1873
1872
1872
1872
1874
1876
1872
1875
1872
1872
1871
1872
1872
1875
1871
1872
1872
1872
1872
1872
1872
1872
1870
1872
1874
1872
1873
1873
1872
1873
1872
1874
1871
2074
2071
2070
2073
2074
2068
2069
2068
2068
2066
2071
2064
2065
2065
2067
2064
2069
2066
2064
2064
2064
2064
2064
2064
2064
2064
2064
2064
2064
2064
2064
2064
2064
2064
2064
2061
2064
2064
2064
2062
2062
2062
2061
2060
2061
2059
2061
2062
2061
2059
2272
2272
2270
2272
2271
2270
2271
2267
2270
2265
2269
2270
2267
2263
2267
2263
2263
2261
2263
2263
2263
2261
2262
2259
2263
2261
2259
2261
2258
2257
2260
2256
2258
2256
2256
2256
2257
2256
2255
2256
2257
2254
2256
2251
2253
2255
2256
2253
2251
2252
2463
2462
2461
2459
2458
2453
2458
2457
2457
2457
2455
2454
2453
2451
2450
2450
2448
2448
2448
2447
2448
2448
2448
2447
2446
2443
2447
2447
2443
2445
2445
2441
2445
2439
2442
2439
2439
2435
2439
2434
2436
2432
2439
2437
2434
2432
2435
2430
2432
2431
2653
2649
2651
2647
2646
2643
2649
2642
2640
2642
2642
2639
2640
2638
2639
2639
2640
2638
2637
2638
2639
2636
2634
2633
2636
2632
2634
2634
2631
2626
2630
2629
2627
2624
2624
2624
2625
2624
2623
2615
2622
2622
2620
2615
2619
2611
2615
2614
2616
2617
2838
2836
2838
2835
2832
2831
2832
2830
2832
2831
2828
2829
2830
2828
2826
2821
2824
2821
2821
2816
2819
2814
2818
2815
2814
2811
2814
2813
2814
2813
2807
2805
2809
2805
2806
2802
2805
2801
2801
2800
2800
2797
2800
2795
2797
2794
2791
2794
2790
2789
3023
3023
3022
3013
3017
3009
3015
3010
3007
3006
3010
3003
3007
3005
3001
3001
3003
2997
2994
2994
2997
2992
2992
2992
2993
2992
2992
2989
2987
2983
2986
2980
2987
2977
2978
2977
2977
2974
2977
2974
2972
2967
2970
2966
2967
2962
2963
2963
2961
2961
3213
3205
3206
3204
3202
3198
3198
3197
3201
3193
3195
3189
3187
3184
3189
3184
3183
3182
3183
3178
3181
3173
3177
3173
3174
3168
3167
3167
3166
3165
3165
3157
3159
3156
3157
3152
3153
3152
3152
3151
3151
3146
3149
3143
3145
3139
3139
3138
3137
3136
3418
3408
3411
3408
3408
3402
3405
3398
3399
3395
3395
3392
3393
3389
3387
3382
3387
3381
3378
3376
3376
3369
3376
3365
3371
3363
3365
3360
3362
3356
3357
3351
3355
3349
3344
3344
3347
3343
3344
3338
3342
3338
3333
3331
3340
3329
3329
3326
3330
3318
2335
1626
1019
511
97
45
45
48
51
51
54
55
58
61
64
62
66
69
69
70
75
75
78
80
80
80
82
83
86
91
91
97
98
99
99
99
105
106
109
111
112
112
112
114
117
117
122
127
125
127
339
349
342
345
350
349
350
353
353
358
355
361
357
364
359
359
367
366
368
371
370
370
371
372
378
379
379
381
384
385
384
387
389
390
391
394
394
395
398
397
400
400
400
401
400
403
405
406
406
410
624
627
627
627
627
631
635
633
638
635
636
640
639
640
642
643
645
645
646
647
650
650
653
653
652
654
656
656
656
657
659
662
661
661
663
668
665
670
671
672
670
670
674
673
681
677
679
681
679
682
899
899
899
903
908
906
908
906
907
908
910
911
910
912
910
912
913
912
916
917
915
915
918
918
918
918
922
919
928
927
927
927
926
929
928
927
930
933
935
932
930
935
939
939
941
942
943
939
940
944
1168
1169
1171
1169
1170
1167
1175
1173
1173
1173
1172
1171
1174
1178
1173
1179
1181
1179
1183
1181
1185
1183
1182
1184
1188
1184
1186
1187
1183
1185
1185
1186
1192
1194
1188
1191
1194
1193
1199
1195
1196
1195
1197
1198
1198
1196
1199
1197
1198
1199
1420
1414
1421
1421
1421
1420
1421
1422
1421
1421
1421
1424
1424
1424
1424
1423
1424
1419
1424
1424
1423
1425
1424
1424
1425
1424
1425
1425
1425
1430
1426
1427
1427
1427
1427
1427
1430
1427
1427
1427
1430
1431
1433
1430
1437
1431
1434
1434
1433
1434
1652
1654
1654
1652
1653
1651
1652
1652
1658
1651
1654
1657
1653
1653
1651
1653
1652
1653
1654
1653
1654
1658
1658
1652
1659
1654
1655
1658
1657
1654
1653
1656
1659
1655
1659
1655
1655
1658
1661
1658
1660
1659
1658
1657
1663
1658
1664
1657
1659
1662
1878
1873
1874
1874
1872
1872
1877
1873
1873
1874
1874
1872
1872
1872
1873
1873
1872
1871
1872
1874
1872
1872
1874
1872
1872
1872
1872
1872
1875
1872
1873
1872
1874
1872
1872
1872
1874
1875
1873
1872
1873
1872
1874
1872
1872
1873
1873
1872
1874
1872
2074
2071
2070
2071
2071
2069
2068
2068
2074
2066
2067
2064
2065
2066
2070
2066
2065
2065
2069
2064
2064
2064
2065
2064
2064
2061
2063
2064
2064
2063
2064
2064
2064
2063
2062
2064
2063
2063
2064
2062
2060
2061
2064
2058
2063
2061
2063
2062
2064
2061
2275
2275
2272
2272
2270
2271
2271
2269
2266
2266
2269
2267
2262
2265
2267
2266
2267
2263
2268
2266
2266
2263
2262
2259
2261
2261
2261
2262
2262
2257
2258
2258
2256
2258
2256
2256
2256
2257
2256
2256
2256
2255
2256
2254
2258
2254
2252
2255
2255
2254
2463
2461
2462
2461
2459
2461
2459
2455
2457
2450
2459
2451
2452
2448
2451
2449
2449
2448
2451
2448
2448
2448
2448
2446
2448
2445
2446
2442
2446
2444
2446
2443
2445
2443
2441
2438
2442
2442
2441
2437
2437
2435
2437
2432
2434
2432
2437
2432
2429
2427
2651
2654
2655
2651
2653
2647
2646
2647
2643
2641
2642
2640
2642
2640
2640
2640
2640
2639
2640
2636
2639
2635
2634
2632
2629
2626
2630
2631
2626
2625
2628
2624
2625
2623
2626
2624
2624
2623
2623
2621
2622
2618
2617
2614
2615
2617
2614
2609
2615
2610
2837
2834
2835
2835
2834
2832
2832
2830
2829
2827
2828
2825
2829
2820
2826
2821
2823
2818
2819
2818
2819
2816
2817
2814
2815
2813
2816
2812
2815
2809
2811
2806
2805
2805
2803
2801
2802
2802
2800
2800
2800
2799
2800
2797
2798
2794
2797
2788
2796
2787
3022
3023
3019
3015
3019
3013
3012
3009
3011
3007
3009
3006
3007
3005
3003
3002
3002
2997
2997
2993
2998
2992
2993
2992
2992
2990
2990
2991
2986
2987
2985
2982
2983
2977
2980
2973
2975
2976
2975
2971
2977
2972
2971
2967
2969
2966
2966
2960
2964
2960
3207
3203
3203
3202
3202
3200
3198
3194
3197
3195
3194
3186
3187
3184
3186
3184
3186
3182
3182
3180
3179
3174
3175
3172
3174
3168
3174
3167
3165
3162
3165
3158
3164
3153
3158
3153
3156
3150
3153
3148
3152
3147
3152
3143
3146
3143
3142
3142
3142
3137
3417
3413
3408
3409
3408
3407
3403
3402
3403
3392
3395
3389
3394
3386
3391
3383
3386
3382
3380
3375
3374
3374
3371
3370
3365
3360
3362
3359
3362
3357
3359
3353
3356
3348
3349
3344
3345
3341
3344
3339
3339
3337
3337
3331
3333
3329
3331
3327
3329
3323
2335
1625
1023
511
97
45
46
48
48
48
54
54
55
62
64
63
64
67
73
75
71
78
78
77
80
82
83
85
87
87
92
92
95
95
100
102
102
106
107
111
108
113
113
112
117
116
114
122
128
126
339
343
342
343
343
349
350
353
353
358
355
359
356
361
365
361
365
368
368
368
370
369
371
374
379
378
382
379
381
384
384
384
388
389
389
391
393
397
399
398
400
400
401
400
407
407
405
406
411
415
626
625
629
626
631
630
631
635
637
637
639
638
640
640
641
640
646
647
649
647
650
652
651
651
655
656
655
656
656
656
659
660
661
661
663
663
667
667
670
672
670
674
677
673
674
677
678
681
683
686
899
896
901
899
902
903
901
908
906
909
907
910
909
912
911
912
912
912
913
916
914
917
919
922
915
917
918
922
922
926
925
927
925
928
927
930
930
931
930
934
932
937
938
938
939
935
942
938
944
944
1169
1168
1168
1171
1174
1173
1171
1171
1173
1174
1171
1174
1173
1177
1177
1174
1178
1178
1182
1181
1182
1181
1184
1183
1182
1183
1186
1184
1190
1189
1187
1190
1191
1189
1196
1189
1190
1189
1198
1195
1193
1198
1197
1193
1200
1198
1199
1200
1198
1200
1419
1419
1423
1418
1419
1419
1421
1422
1424
1419
1420
1421
1423
1422
1424
1424
1424
1424
1424
1424
1425
1425
1424
1424
1424
1426
1425
1424
1428
1425
1425
1428
1426
1426
1428
1427
1426
1431
1432
1431
1429
1430
1434
1433
1435
1436
1435
1436
1434
1437
1654
1649
1652
1650
1651
1653
1652
1649
1653
1654
1655
1649
1652
1651
1651
1653
1651
1651
1655
1654
1658
1655
1655
1653
1657
1658
1653
1652
1658
1657
1657
1658
1658
1658
1654
1659
1655
1655
1657
1660
1656
1660
1657
1662
1661
1659
1659
1659
1662
1662
1873
1875
1875
1877
1873
1873
1875
1872
1874
1872
1874
1873
1872
1872
1873
1872
1872
1872
1873
1873
1873
1871
1873
1870
1872
1872
1872
1869
1875
1874
1872
1872
1870
1872
1872
1873
1874
1873
1872
1872
1874
1872
1873
1872
1874
1872
1872
1872
1873
1872
2070
2071
2069
2067
2069
2070
2070
2066
2070
2067
2070
2066
2068
2065
2067
2066
2070
2066
2064
2065
2065
2067
2064
2064
2067
2064
2069
2064
2068
2064
2064
2064
2064
2059
2064
2064
2063
2066
2063
2063
2064
2060
2064
2064
2062
2061
2057
2063
2063
2062
2278
2270
2271
2271
2269
2270
2273
2270
2269
2269
2271
2266
2266
2263
2266
2267
2267
2263
2267
2262
2263
2260
2262
2259
2263
2256
2261
2258
2259
2258
2257
2257
2257
2256
2257
2256
2257
2256
2256
2253
2256
2255
2256
2253
2253
2251
2256
2250
2253
2251
2464
2459
2459
2458
2455
2454
2458
2455
2459
2453
2454
2450
2449
2448
2451
2448
2448
2449
2448
2448
2448
2447
2447
2445
2447
2448
2448
2443
2445
2445
2444
2443
2442
2438
2443
2439
2442
2433
2442
2435
2439
2433
2435
2433
2435
2437
2437
2433
2431
2432
2656
2649
2651
2645
2650
2647
2647
2644
2643
2642
2643
2641
2642
2640
2640
2639
2638
2639
2639
2631
2637
2635
2635
2633
2635
2631
2633
2630
2629
2626
2629
2624
2627
2625
2626
2623
2627
2619
2620
2621
2618
2617
2621
2615
2618
2615
2618
2613
2615
2611
2839
2839
2841
2833
2834
2832
2833
2831
2832
2829
2832
2827
2830
2825
2829
2823
2825
2819
2820
2818
2819
2814
2816
2815
2812
2813
2815
2812
2813
2811
2807
2806
2805
2801
2803
2805
2801
2799
2800
2799
2800
2798
2800
2796
2800
2794
2799
2795
2797
2790
3022
3019
3017
3011
3013
3009
3014
3008
3011
3007
3007
3002
3003
3003
3006
2999
2998
2999
2998
2995
2998
2991
2995
2991
2992
2987
2993
2987
2987
2982
2986
2981
2984
2981
2981
2978
2977
2975
2976
2971
2975
2969
2971
2967
2971
2962
2966
2959
2963
2961
3210
3207
3205
3200
3203
3199
3200
3197
3199
3195
3191
3189
3189
3186
3185
3184
3187
3179
3184
3175
3181
3174
3179
3171
3175
3171
3173
3165
3168
3163
3159
3161
3165
3154
3162
3153
3155
3151
3151
3152
3152
3150
3147
3143
3145
3138
3141
3137
3139
3135
3419
3408
3414
3407
3411
3404
3404
3401
3402
3395
3399
3391
3391
3385
3388
3382
3386
3376
3385
3377
3374
3375
3373
3365
3373
3359
3366
3359
3367
3358
3355
3354
3354
3345
3348
3343
3344
3343
3344
3341
3341
3337
3335
3330
3332
3328
3326
3323
3326
3321
2336
1629
1021
511
101
44
43
47
49
50
51
57
59
59
62
64
64
69
70
71
76
76
76
78
82
80
82
90
84
88
94
97
96
95
101
101
102
104
109
111
109
112
113
113
115
113
118
123
126
125
341
339
343
343
345
351
350
350
352
358
356
356
361
361
365
366
366
365
368
371
372
369
371
374
375
379
378
379
379
384
385
382
390
388
389
393
395
391
391
395
399
401
401
401
405
405
409
411
411
412
628
627
626
629
631
631
630
633
636
637
639
638
640
641
645
642
645
644
644
648
647
647
653
654
655
654
655
658
656
656
658
659
665
663
666
666
666
667
668
674
673
673
672
675
675
677
681
678
681
685
897
898
901
901
901
899
904
908
907
908
907
909
911
909
911
912
913
913
912
912
915
917
921
918
918
914
923
921
923
919
926
927
925
927
925
929
933
931
931
933
935
935
931
935
937
937
940
939
944
944
1168
1168
1172
1169
1172
1170
1173
1173
1174
1175
1174
1175
1175
1174
1180
1177
1177
1178
1176
1179
1182
1182
1185
1182
1183
1189
1183
1184
1188
1189
1187
1191
1191
1190
1191
1186
1192
1191
1190
1197
1195
1197
1195
1198
1199
1195
1198
1198
1199
1198
1417
1419
1420
1416
1421
1419
1420
1421
1422
1422
1422
1419
1424
1423
1424
1424
1424
1424
1424
1424
1424
1424
1426
1424
1424
1424
1424
1427
1425
1426
1427
1425
1424
1428
1430
1430
1430
1427
1429
1431
1434
1435
1431
1434
1431
1435
1437
1433
1437
1438
1653
1651
1655
1651
1654
1648
1654
1655
1653
1651
1651
1649
1655
1652
1654
1653
1655
1653
1659
1653
1658
1655
1659
1655
1655
1651
1655
1651
1659
1655
1658
1655
1654
1654
1658
1659
1661
1657
1659
1657
1658
1659
1658
1656
1660
1659
1660
1657
1664
1659
1873
1872
1872
1873
1873
1872
1872
1872
1874
1874
1872
1872
1872
1872
1878
1872
1873
1873
1872
1873
1872
1873
1873
1871
1873
1872
1872
1872
1871
1871
1874
1872
1872
1872
1872
1871
1872
1871
1872
1873
1872
1872
1872
1872
1872
1872
1872
1872
1872
1872
2070
2067
2072
2067
2071
2069
2070
2066
2070
2070
2065
2065
2067
2065
2067
2065
2065
2065
2068
2067
2067
2065
2062
2064
2064
2065
2066
2064
2064
2064
2064
2064
2065
2064
2063
2064
2064
2064
2063
2062
2063
2063
2058
2062
2064
2060
2064
2059
2061
2060
2277
2273
2271
2272
2269
2267
2269
2268
2270
2267
2271
2267
2265
2263
2266
2260
2262
2264
2262
2259
2266
2261
2263
2260
2261
2256
2258
2257
2258
2258
2261
2257
2258
2256
2256
2256
2256
2256
2256
2256
2256
2256
2256
2256
2253
2255
2255
2253
2255
2250
2461
2460
2459
2455
2463
2457
2459
2455
2455
2450
2454
2452
2453
2449
2449
2448
2449
2448
2448
2445
2447
2448
2448
2445
2445
2445
2448
2443
2444
2443
2443
2440
2441
2439
2438
2437
2439
2439
2437
2434
2442
2432
2435
2433
2433
2433
2434
2433
2434
2432
2657
2653
2650
2649
2649
2644
2644
2643
2645
2641
2645
2640
2640
2640
2640
2641
2640
2639
2638
2637
2634
2635
2634
2631
2633
2630
2631
2627
2630
2627
2629
2626
2627
2624
2630
2624
2626
2624
2624
2624
2623
2619
2624
2618
2623
2617
2619
2612
2614
2613
2843
2833
2837
2835
2834
2832
2834
2832
2831
2830
2827
2830
2829
2824
2826
2821
2826
2821
2819
2818
2818
2818
2816
2811
2815
2811
2812
2809
2812
2806
2813
2805
2811
2803
2803
2802
2801
2800
2802
2800
2801
2800
2800
2799
2797
2797
2798
2795
2791
2789
3024
3019
3017
3021
3014
3012
3013
3015
3010
3010
3009
3005
3005
3005
3001
2997
3001
2995
2997
2993
2997
2992
2992
2992
2992
2992
2989
2989
2985
2985
2986
2979
2981
2978
2977
2976
2979
2975
2975
2975
2975
2970
2972
2967
2969
2967
2965
2962
2960
2960
3210
3205
3207
3203
3203
3199
3200
3191
3195
3190
3195
3189
3186
3185
3189
3185
3184
3182
3183
3179
3183
3175
3173
3175
3170
3169
3171
3165
3171
3162
3165
3159
3163
3157
3157
3158
3156
3153
3152
3152
3151
3150
3147
3144
3148
3141
3143
3136
3141
3136
3414
3411
3408
3408
3408
3401
3408
3399
3405
3392
3398
3392
3390
3388
3383
3379
3383
3381
3377
3377
3376
3370
3370
3371
3366
3369
3367
3361
3359
3359
3361
3355
3355
3345
3349
3345
3346
3344
3344
3341
3341
3335
3335
3331
3337
3327
3332
3324
3328
3326
2342
1626
1023
511
98
39
46
48
48
51
51
57
58
60
62
64
64
68
67
75
74
75
79
80
80
80
82
87
83
89
91
94
96
95
97
101
102
102
107
109
111
112
113
115
117
117
119
122
128
122
341
345
342
342
343
349
351
353
351
358
357
358
359
362
364
363
368
368
368
368
370
370
369
374
373
384
378
382
379
382
385
385
385
388
385
390
393
394
399
400
398
400
403
401
402
402
405
406
407
407
627
626
627
630
631
631
632
631
637
639
638
640
641
639
641
641
642
646
643
650
649
653
649
649
654
655
655
656
656
657
656
659
661
665
665
668
670
670
668
670
671
670
672
675
677
682
678
678
685
679
902
897
902
899
902
903
903
907
908
907
910
907
909
910
909
911
915
912
915
914
913
913
918
919
919
918
925
921
922
926
925
927
926
927
929
928
924
929
931
930
934
935
936
939
937
943
940
939
944
944
1168
1168
1169
1170
1171
1171
1171
1172
1173
1173
1171
1174
1175
1177
1177
1178
1174
1178
1178
1179
1179
1182
1182
1184
1183
1182
1185
1186
1184
1186
1186
1188
1186
1191
1187
1193
1190
1197
1193
1190
1193
1198
1196
1196
1194
1197
1197
1199
1198
1200
1417
1415
1420
1419
1422
1422
1423
1419
1423
1420
1422
1423
1423
1423
1423
1424
1423
1424
1422
1424
1424
1424
1424
1424
1427
1427
1427
1425
1427
1425
1425
1427
1429
1427
1429
1431
1429
1428
1434
1427
1434
1430
1434
1433
1437
1433
1435
1428
1434
1435
1654
1653
1654
1649
1650
1653
1651
1652
1652
1652
1651
1653
1653
1653
1657
1651
1653
1653
1655
1657
1657
1658
1655
1657
1655
1655
1659
1657
1655
1654
1659
1659
1657
1658
1655
1657
1659
1659
1658
1657
1660
1657
1658
1658
1661
1661
1661
1657
1659
1655
1876
1873
1873
1873
1875
1874
1875
1874
1872
1874
1875
1872
1873
1872
1873
1872
1874
1873
1872
1872
1872
1872
1872
1872
1872
1872
1872
1872
1874
1872
1872
1873
1872
1872
1872
1874
1872
1872
1872
1872
1872
1872
1872
1873
1871
1871
1873
1872
1872
1872
2069
2071
2070
2070
2070
2067
2069
2064
2068
2069
2071
2069
2069
2069
2073
2066
2068
2064
2064
2065
2066
2064
2067
2066
2065
2064
2066
2065
2062
2064
2064
2062
2066
2064
2064
2064
2064
2063
2063
2064
2064
2063
2063
2062
2059
2061
2061
2063
2064
2062
2277
2272
2272
2271
2271
2271
2269
2271
2271
2267
2271
2271
2271
2266
2267
2265
2267
2263
2265
2263
2263
2262
2261
2259
2262
2261
2260
2257
2261
2256
2262
2256
2259
2256
2257
2257
2256
2256
2256
2256
2256
2256
2256
2256
2255
2254
2256
2253
2251
2253
2463
2462
2459
2462
2459
2459
2455
2457
2457
2455
2453
2455
2453
2450
2450
2450
2451
2449
2450
2449
2448
2448
2449
2446
2448
2444
2448
2442
2447
2442
2441
2443
2442
2439
2441
2438
2439
2437
2439
2441
2441
2438
2436
2434
2436
2432
2434
2435
2434
2429
2654
2653
2656
2651
2651
2646
2651
2645
2643
2644
2642
2641
2640
2641
2640
2640
2637
2637
2638
2631
2637
2634
2635
2633
2634
2632
2631
2631
2626
2631
2626
2624
2624
2624
2624
2623
2624
2623
2623
2620
2623
2619
2624
2619
2617
2618
2618
2617
2622
2614
2839
2834
2835
2833
2832
2832
2832
2831
2830
2828
2831
2828
2826
2822
2829
2820
2823
2821
2822
2818
2819
2817
2815
2817
2814
2813
2815
2807
2815
2809
2810
2805
2811
2806
2805
2800
2803
2800
2801
2800
2804
2800
2799
2795
2798
2795
2797
2794
2794
2794
3025
3021
3018
3020
3015
3014
3013
3011
3009
3013
3009
3008
3008
3005
3005
2999
3006
2999
3002
2995
2996
2992
2992
2992
2992
2991
2989
2989
2989
2986
2987
2987
2979
2981
2981
2975
2978
2975
2977
2974
2975
2969
2970
2969
2965
2965
2966
2961
2963
2960
3214
3203
3206
3206
3200
3200
3200
3198
3198
3191
3196
3189
3186
3185
3185
3184
3185
3183
3184
3181
3179
3177
3175
3175
3173
3170
3170
3167
3168
3163
3164
3156
3165
3161
3159
3152
3155
3153
3152
3152
3154
3148
3149
3146
3148
3143
3138
3139
3136
3136
3419
3413
3409
3408
3407
3405
3402
3403
3401
3395
3394
3389
3391
3385
3388
3383
3381
3378
3377
3375
3376
3375
3375
3374
3371
3365
3365
3363
3364
3358
3360
3354
3355
3355
3354
3346
3344
3345
3341
3343
3343
3337
3335
3338
3333
3333
3330
3328
3328
3319
2337
1629
1023
511
99
45
47
47
49
50
55
53
55
59
61
64
67
64
67
71
70
74
78
80
82
82
82
86
90
90
91
91
96
98
100
98
103
107
107
109
111
112
113
114
116
116
124
124
126
129
340
343
346
343
346
344
352
350
352
356
356
355
356
358
364
368
368
368
367
371
371
370
375
374
373
377
379
380
383
384
384
385
385
391
388
390
396
396
398
395
400
400
400
400
402
403
407
409
410
411
626
628
628
626
626
631
633
635
635
638
637
639
641
639
640
643
646
645
647
647
649
649
651
652
653
655
656
656
656
658
656
659
661
663
663
663
666
667
670
671
670
671
675
674
674
678
679
683
683
683
898
899
898
901
903
905
907
907
907
906
910
908
911
912
912
912
912
913
915
914
915
913
916
919
922
919
918
922
923
925
924
925
927
929
929
933
929
928
930
937
936
938
934
935
938
938
941
943
944
942
1168
1168
1173
1169
1173
1171
1175
1169
1174
1173
1176
1173
1175
1176
1173
1176
1178
1179
1177
1181
1182
1181
1183
1181
1184
1182
1185
1186
1183
1187
1188
1186
1188
1191
1191
1189
1191
1191
1192
1194
1197
1195
1195
1192
1199
1196
1197
1197
1200
1200
1419
1418
1421
1421
1423
1420
1418
1422
1422
1420
1423
1421
1421
1424
1424
1425
1423
1424
1424
1423
1425
1425
1424
1426
1425
1424
1424
1426
1433
1424
1426
1429
1425
1426
1429
1429
1427
1430
1429
1431
1431
1429
1430
1436
1435
1433
1434
1438
1436
1434
1652
1655
1653
1649
1655
1651
1653
1653
1652
1654
1654
1651
1654
1654
1653
1654
1653
1653
1654
1654
1655
1655
1658
1655
1655
1661
1659
1655
1655
1658
1654
1658
1655
1658
1657
1661
1659
1659
1661
1659
1657
1659
1658
1658
1659
1663
1663
1661
1663
1659
1876
1875
1874
1872
1874
1874
1874
1872
1877
1874
1872
1874
1877
1873
1873
1874
1873
1872
1874
1875
1873
1872
1873
1873
1872
1872
1877
1872
1872
1872
1872
1872
1872
1872
1872
1872
1872
1872
1872
1872
1872
1873
1874
1872
1872
1872
1872
1872
1873
1873
2071
2067
2069
2066
2070
2071
2074
2068
2069
2070
2069
2069
2067
2065
2068
2065
2064
2064
2066
2064
2064
2064
2064
2064
2065
2064
2064
2064
2064
2066
2064
2064
2065
2064
2063
2064
2064
2063
2064
2059
2064
2063
2062
2061
2063
2062
2060
2062
2061
2062
2275
2274
2272
2270
2273
2271
2267
2269
2270
2267
2269
2267
2269
2267
2267
2267
2267
2266
2263
2265
2262
2263
2261
2260
2262
2259
2262
2259
2259
2261
2260
2258
2258
2258
2256
2257
2256
2257
2256
2256
2256
2256
2256
2255
2256
2256
2255
2256
2252
2255
2463
2463
2462
2461
2459
2457
2454
2454
2455
2453
2454
2455
2452
2450
2451
2451
2451
2452
2451
2449
2448
2448
2448
2446
2447
2443
2447
2447
2446
2445
2445
2439
2443
2438
2442
2442
2443
2437
2439
2436
2435
2433
2435
2433
2433
2434
2434
2435
2432
2430
2655
2651
2652
2651
2649
2647
2645
2646
2647
2645
2641
2641
2640
2640
2640
2638
2640
2639
2640
2637
2638
2633
2637
2637
2633
2633
2634
2630
2630
2631
2628
2625
2626
2625
2625
2622
2624
2624
2622
2619
2620
2618
2622
2619
2617
2615
2619
2614
2615
2611
2839
2837
2838
2835
2834
2833
2833
2832
2832
2831
2832
2830
2827
2827
2825
2822
2823
2820
2822
2822
2821
2816
2818
2814
2816
2813
2815
2810
2814
2807
2811
2810
2804
2805
2802
2803
2803
2800
2800
2800
2800
2797
2800
2797
2793
2799
2791
2795
2793
2796
3021
3022
3022
3019
3016
3015
3018
3010
3010
3010
3009
3008
3007
3003
3004
3002
2999
3003
2998
2996
2995
2994
2992
2992
2991
2989
2992
2987
2990
2983
2987
2983
2987
2977
2976
2975
2978
2976
2975
2973
2974
2971
2971
2966
2964
2969
2961
2962
2962
2962
3209
3209
3204
3204
3200
3199
3202
3197
3199
3191
3190
3185
3187
3184
3184
3183
3186
3181
3181
3179
3178
3177
3176
3173
3173
3171
3168
3168
3165
3162
3166
3159
3159
3158
3157
3156
3155
3154
3152
3152
3152
3149
3146
3148
3143
3141
3142
3138
3141
3137
3415
3409
3411
3409
3408
3406
3404
3402
3399
3395
3394
3393
3389
3386
3391
3383
3382
3376
3376
3373
3376
3375
3373
3374
3367
3367
3364
3360
3358
3360
3359
3356
3358
3349
3351
3344
3349
3343
3344
3338
3341
3343
3334
3331
3332
3330
3330
3323
3327
3319
2345
1633
1023
511
98
44
48
49
49
51
50
58
59
59
60
67
65
65
70
74
75
74
77
80
80
80
83
84
89
91
92
95
94
95
100
102
102
108
110
112
112
112
112
112
113
117
122
124
123
127
338
342
345
347
347
352
351
353
354
354
356
359
359
361
364
362
367
367
368
368
371
373
374
374
375
377
378
384
380
381
386
385
389
388
388
390
395
394
395
398
400
400
400
402
402
405
407
408
412
410
624
631
626
630
632
631
635
632
635
637
637
637
641
641
643
644
642
647
650
651
646
651
652
655
655
656
656
656
658
656
662
656
659
661
665
663
668
668
670
668
671
673
672
675
678
679
677
678
678
679
897
903
901
902
899
906
906
907
902
909
911
911
910
912
912
912
912
914
918
914
915
914
915
918
923
924
926
922
922
927
927
925
927
929
929
931
931
930
931
934
933
935
932
941
939
939
939
943
943
942
1170
1170
1168
1175
1173
1171
1172
1171
1172
1171
1175
1174
1173
1179
1177
1181
1175
1180
1181
1181
1179
1184
1179
1182
1185
1186
1184
1186
1185
1185
1189
1191
1189
1189
1191
1191
1193
1196
1191
1198
1195
1193
1197
1194
1198
1198
1197
1200
1200
1200
1418
1419
1417
1415
1419
1424
1419
1423
1423
1422
1424
1421
1422
1423
1424
1424
1424
1425
1424
1424
1424
1424
1424
1424
1424
1426
1424
1424
1424
1426
1426
1424
1426
1426
1427
1430
1429
1428
1427
1425
1431
1431
1430
1434
1431
1434
1435
1435
1431
1431
1654
1651
1653
1651
1652
1655
1652
1652
1653
1653
1654
1654
1654
1653
1659
1655
1651
1651
1651
1651
1655
1651
1655
1655
1655
1655
1654
1654
1658
1656
1654
1659
1655
1658
1657
1658
1656
1659
1659
1658
1658
1655
1659
1657
1659
1662
1661
1663
1659
1661
1873
1874
1872
1874
1873
1879
1872
1873
1878
1872
1872
1874
1875
1872
1877
1872
1874
1872
1872
1873
1872
1875
1872
1875
1872
1875
1873
1873
1872
1872
1875
1872
1872
1872
1872
1872
1873
1873
1872
1872
1872
1872
1874
1872
1872
1873
1871
1873
1872
1872
2071
2070
2069
2066
2073
2070
2068
2070
2071
2069
2067
2066
2065
2064
2068
2064
2067
2070
2066
2067
2067
2066
2065
2068
2064
2064
2066
2064
2064
2064
2063
2064
2064
2064
2064
2064
2063
2064
2064
2061
2064
2061
2064
2063
2064
2063
2064
2059
2062
2062
2274
2274
2271
2271
2271
2271
2272
2271
2267
2266
2268
2271
2263
2265
2267
2265
2269
2268
2265
2263
2266
2262
2261
2261
2261
2259
2259
2258
2258
2258
2257
2256
2258
2257
2256
2256
2259
2256
2256
2256
2257
2256
2256
2253
2256
2256
2256
2255
2256
2255
2465
2460
2459
2463
2462
2458
2459
2459
2454
2457
2456
2452
2454
2450
2453
2449
2451
2449
2449
2448
2448
2447
2448
2449
2448
2448
2447
2446
2445
2443
2445
2443
2445
2446
2440
2443
2435
2437
2438
2434
2437
2437
2438
2432
2435
2435
2434
2434
2432
2432
2655
2655
2651
2646
2647
2642
2647
2643
2643
2642
2645
2643
2642
2640
2639
2638
2637
2639
2639
2638
2637
2639
2634
2636
2633
2635
2635
2631
2633
2631
2626
2629
2627
2627
2627
2624
2624
2623
2624
2618
2621
2618
2619
2615
2613
2619
2615
2618
2616
2614
2837
2836
2839
2838
2833
2835
2835
2832
2832
2829
2832
2829
2828
2826
2823
2826
2822
2822
2819
2818
2819
2817
2817
2818
2813
2815
2814
2815
2811
2810
2810
2807
2805
2807
2805
2803
2800
2800
2800
2801
2800
2796
2799
2799
2800
2796
2794
2794
2797
2793
3021
3018
3018
3019
3011
3015
3014
3009
3010
3009
3008
3006
3007
3009
3005
3003
3001
3002
2999
2996
2995
2994
2992
2996
2993
2992
2991
2989
2991
2989
2986
2985
2982
2982
2983
2982
2979
2978
2975
2972
2973
2975
2967
2970
2966
2967
2967
2967
2965
2961
3213
3213
3207
3205
3201
3201
3200
3198
3194
3198
3195
3190
3193
3189
3187
3184
3184
3184
3184
3182
3182
3179
3182
3180
3171
3175
3170
3168
3168
3166
3165
3165
3158
3159
3155
3157
3154
3154
3152
3152
3152
3152
3149
3145
3146
3143
3139
3145
3142
3143
3420
3411
3409
3408
3403
3407
3407
3403
3394
3397
3392
3394
3387
3391
3386
3387
3379
3382
3375
3376
3375
3373
3376
3374
3369
3366
3365
3361
3360
3359
3353
3358
3355
3352
3351
3347
3347
3344
3345
3340
3344
3341
3340
3337
3335
3334
3329
3330
3325
3328
2346
1632
1023
511
101
42
45
48
50
52
59
53
57
60
61
64
68
65
70
74
74
78
80
80
82
84
83
85
87
89
94
93
97
99
98
105
106
103
106
108
112
112
112
112
117
119
118
121
123
128
340
343
343
348
347
350
349
352
349
355
353
357
359
361
367
363
365
368
367
367
370
369
375
373
372
377
378
384
383
384
387
387
384
385
389
390
388
393
394
399
398
400
402
401
403
405
404
407
409
411
625
629
626
627
634
633
630
631
635
636
638
640
639
640
641
645
643
646
646
648
654
650
652
651
654
655
656
657
658
658
659
662
660
661
666
667
669
669
666
671
671
671
673
676
674
680
677
678
680
683
899
900
903
899
906
903
902
907
905
906
907
911
912
912
912
910
912
912
913
915
916
918
916
919
917
918
922
925
925
925
923
927
926
929
929
930
928
931
930
936
933
935
934
935
938
940
942
943
944
944
1171
1169
1170
1169
1171
1171
1172
1174
1174
1177
1172
1174
1173
1175
1178
1173
1178
1182
1183
1181
1179
1183
1182
1185
1187
1183
1185
1185
1186
1187
1187
1190
1193
1189
1190
1189
1195
1190
1195
1194
1198
1199
1197
1199
1197
1200
1200
1200
1200
1199
1418
1416
1418
1421
1419
1420
1423
1421
1423
1424
1422
1424
1422
1423
1421
1421
1424
1424
1423
1424
1424
1424
1424
1425
1424
1425
1426
1424
1427
1426
1427
1431
1430
1427
1427
1429
1431
1429
1429
1437
1431
1430
1431
1433
1437
1435
1436
1437
1436
1435
1653
1651
1654
1651
1653
1654
1654
1652
1651
1654
1653
1651
1649
1653
1655
1651
1658
1653
1655
1658
1651
1658
1655
1655
1655
1658
1657
1655
1654
1657
1658
1658
1655
1659
1657
1655
1660
1661
1661
1658
1655
1659
1653
1659
1658
1661
1661
1662
1660
1658
1876
1876
1873
1873
1875
1872
1875
1875
1877
1874
1873
1872
1877
1872
1874
1877
1872
1873
1873
1872
1873
1873
1872
1872
1872
1874
1873
1874
1872
1872
1875
1872
1872
1872
1872
1872
1872
1871
1874
1872
1873
1874
1872
1873
1872
1872
1873
1871
1872
1872
2069
2074
2070
2069
2066
2071
2065
2065
2069
2069
2065
2065
2065
2068
2064
2064
2064
2064
2065
2065
2070
2064
2065
2064
2067
2065
2066
2063
2064
2064
2064
2064
2066
2064
2063
2064
2064
2064
2063
2065
2064
2064
2065
2063
2063
2061
2064
2061
2061
2064
2272
2273
2274
2274
2271
2274
2272
2270
2270
2269
2269
2270
2270
2267
2265
2267
2266
2267
2261
2266
2262
2262
2261
2261
2261
2263
2263
2263
2261
2257
2256
2259
2261
2256
2256
2256
2256
2257
2256
2256
2256
2256
2256
2256
2255
2254
2253
2254
2253
2256
2459
2462
2460
2460
2460
2457
2455
2455
2455
2459
2455
2453
2453
2452
2452
2458
2449
2451
2450
2448
2450
2448
2448
2446
2448
2448
2445
2447
2446
2446
2442
2444
2442
2443
2442
2441
2437
2437
2435
2439
2439
2435
2439
2435
2435
2433
2432
2432
2434
2433
2650
2650
2651
2650
2644
2645
2644
2645
2642
2647
2641
2641
2640
2640
2639
2640
2640
2640
2640
2638
2639
2639
2634
2634
2634
2633
2631
2631
2630
2624
2627
2626
2629
2624
2624
2624
2625
2624
2625
2624
2623
2618
2621
2619
2620
2617
2615
2614
2614
2615
2841
2839
2836
2835
2832
2834
2834
2832
2832
2830
2832
2831
2831
2827
2823
2825
2822
2821
2822
2818
2818
2816
2818
2815
2816
2813
2814
2814
2811
2811
2809
2806
2807
2807
2803
2805
2802
2800
2801
2800
2800
2800
2798
2797
2798
2797
2795
2795
2795
2789
3024
3021
3019
3021
3020
3017
3013
3011
3010
3010
3008
3009
3006
3003
3006
3005
3003
3001
2998
2999
2993
2992
2993
2994
2992
2992
2990
2990
2985
2987
2986
2986
2986
2979
2981
2986
2978
2978
2975
2974
2971
2972
2970
2969
2971
2963
2962
2963
2960
2961
3207
3205
3206
3203
3207
3200
3200
3199
3196
3193
3191
3191
3193
3187
3185
3184
3183
3184
3184
3181
3179
3178
3171
3174
3177
3173
3176
3167
3168
3167
3163
3164
3162
3159
3157
3157
3153
3152
3152
3152
3152
3152
3143
3145
3142
3142
3140
3143
3141
3136
3419
3414
3409
3408
3408
3408
3401
3401
3403
3396
3395
3392
3397
3393
3386
3387
3383
3383
3377
3377
3375
3376
3375
3373
3373
3373
3366
3365
3361
3359
3358
3355
3357
3351
3350
3345
3344
3343
3344
3340
3342
3335
3335
3337
3332
3337
3328
3329
3329
3323
2349
1633
1034
526
102
44
44
48
48
50
57
54
56
62
62
64
69
65
69
71
72
78
78
77
80
81
83
87
85
87
90
93
93
97
101
103
102
105
109
107
111
112
113
113
113
117
119
119
122
125
339
341
342
345
351
351
348
353
352
351
354
357
358
362
365
366
365
367
368
368
368
369
370
372
376
375
378
379
382
383
386
384
388
388
390
390
393
396
398
397
399
400
401
405
400
404
406
406
409
410
626
625
627
631
633
633
635
632
633
637
640
640
643
640
641
642
643
643
646
646
647
650
651
654
655
654
655
656
657
658
659
656
658
660
663
666
666
669
670
669
670
671
674
675
681
678
678
681
678
684
897
897
901
899
907
902
905
902
908
905
907
909
910
911
911
911
912
915
912
915
917
917
918
918
919
921
922
919
921
927
925
926
927
929
927
930
929
931
932
931
935
936
935
938
939
939
943
944
944
944
1168
1170
1170
1170
1169
1170
1170
1172
1170
1172
1175
1174
1179
1175
1175
1178
1178
1178
1181
1182
1182
1181
1181
1184
1184
1182
1187
1186
1185
1187
1190
1185
1190
1191
1190
1190
1189
1191
1199
1195
1193
1197
1194
1197
1199
1199
1199
1198
1200
1200
1420
1419
1419
1421
1423
1419
1417
1417
1419
1419
1422
1423
1424
1421
1422
1424
1424
1424
1424
1422
1424
1424
1424
1424
1424
1424
1427
1425
1425
1425
1425
1426
1427
1428
1424
1429
1430
1430
1433
1431
1433
1431
1432
1435
1434
1436
1433
1431
1436
1437
1658
1652
1653
1652
1652
1653
1653
1653
1651
1654
1650
1653
1655
1653
1650
1650
1654
1654
1654
1653
1654
1657
1654
1657
1655
1659
1653
1659
1655
1658
1657
1658
1659
1659
1658
1659
1660
1655
1659
1659
1658
1662
1659
1662
1660
1657
1663
1661
1662
1658
1877
1872
1875
1873
1873
1873
1875
1873
1874
1877
1872
1875
1877
1872
1873
1874
1872
1874
1872
1872
1872
1875
1875
1875
1878
1872
1874
1875
1876
1874
1873
1872
1874
1873
1872
1872
1872
1871
1872
1872
1872
1872
1872
1872
1872
1872
1873
1872
1872
1872
2069
2073
2073
2069
2070
2069
2070
2070
2071
2070
2065
2071
2068
2067
2065
2065
2068
2067
2065
2064
2064
2064
2066
2067
2065
2064
2064
2064
2064
2064
2064
2067
2064
2064
2064
2064
2064
2062
2064
2062
2062
2061
2062
2062
2063
2060
2061
2062
2062
2062
2274
2272
2270
2272
2271
2268
2269
2269
2269
2271
2269
2271
2269
2267
2267
2263
2267
2263
2263
2262
2261
2263
2262
2258
2261
2261
2263
2261
2257
2258
2259
2262
2257
2258
2261
2258
2258
2256
2257
2256
2256
2256
2256
2256
2256
2256
2256
2255
2255
2252
2462
2462
2463
2460
2455
2459
2462
2459
2458
2458
2453
2451
2451
2455
2451
2451
2448
2448
2448
2447
2448
2448
2448
2448
2447
2447
2446
2443
2445
2443
2444
2442
2443
2441
2442
2439
2438
2441
2438
2438
2437
2435
2434
2432
2433
2434
2433
2433
2435
2433
2655
2651
2649
2651
2649
2646
2647
2642
2647
2647
2646
2644
2641
2642
2640
2640
2640
2639
2636
2637
2638
2639
2637
2631
2634
2634
2635
2633
2627
2629
2625
2626
2629
2627
2625
2624
2624
2624
2624
2623
2621
2621
2617
2622
2618
2618
2618
2614
2617
2613
2838
2839
2837
2834
2833
2833
2832
2832
2832
2832
2831
2829
2826
2827
2822
2826
2823
2822
2819
2819
2817
2816
2818
2814
2815
2813
2813
2815
2813
2811
2807
2807
2805
2803
2805
2807
2802
2800
2802
2800
2800
2800
2800
2799
2800
2799
2795
2795
2798
2795
3024
3021
3019
3024
3016
3014
3014
3013
3015
3009
3007
3009
3009
3005
3005
3003
3002
3001
2995
2999
2999
2995
2998
2993
2993
2992
2991
2988
2991
2988
2983
2983
2983
2986
2979
2978
2978
2981
2976
2976
2970
2971
2969
2972
2971
2970
2965
2967
2963
2966
3210
3209
3210
3206
3203
3200
3201
3198
3196
3191
3195
3191
3190
3184
3186
3184
3185
3184
3184
3184
3179
3178
3179
3175
3175
3170
3171
3169
3167
3166
3158
3165
3162
3162
3157
3155
3156
3155
3152
3152
3151
3147
3150
3151
3145
3147
3143
3143
3136
3139
3415
3408
3408
3408
3408
3402
3405
3404
3403
3397
3396
3393
3393
3389
3389
3385
3383
3381
3376
3376
3376
3374
3374
3376
3363
3366
3362
3362
3363
3359
3359
3354
3356
3351
3351
3346
3346
3344
3344
3342
3342
3339
3339
3337
3331
3331
3328
3328
3328
3327
2352
1635
1033
528
100
43
46
49
48
48
53
55
55
59
63
64
66
67
71
68
73
74
79
77
80
81
84
83
90
90
91
91
97
98
101
99
102
106
107
110
109
112
112
114
113
114
118
122
125
128
340
346
343
346
347
348
350
352
348
354
355
355
358
362
365
363
365
368
368
371
368
373
370
373
373
374
381
382
381
382
385
385
385
388
389
395
391
391
397
398
399
400
400
401
402
406
405
404
407
412
626
626
626
629
629
635
631
635
637
637
641
639
638
642
641
641
642
648
647
647
650
649
651
653
655
656
656
656
659
656
656
661
664
659
666
663
667
671
671
672
670
672
675
672
675
677
680
679
675
682
898
900
902
898
903
902
905
903
906
910
910
912
910
912
911
912
913
917
915
912
913
915
916
919
915
921
917
923
919
927
927
926
927
927
927
933
934
933
935
934
935
936
937
938
942
938
941
941
944
943
1168
1169
1168
1170
1174
1169
1175
1169
1175
1172
1175
1175
1179
1174
1175
1179
1180
1182
1180
1184
1179
1183
1184
1182
1185
1184
1183
1187
1184
1189
1191
1189
1191
# end
