# waiting 600 s for thermal settle - press any key to skip
# warm 0 s
# ----------------------------------------------------------
# label,C1_short_run3
# mode,sweep_single
# n,32768
# fs_hz,1999.9390
# span_s,16.384000
# mean_code,1879.2684
# sd_code,983.3317
# min_code,37
# max_code,3421
# NOTE sd_code above is the WHOLE-RECORD spread and is
#      dominated by the staircase, not by noise. The
#      measurement is the spread WITHIN each step, which
#      analyse_sweep.py computes.
# adc,12bit_default_11dB_attenuation
# conv,linear_3.3_over_4095
# ----------------------------------------------------------
117
119
119
124
126
340
342
343
346
346
351
350
353
354
354
354
361
362
363
365
363
365
368
368
368
371
370
371
371
372
375
381
382
380
384
385
389
384
391
390
394
391
396
397
400
400
400
400
400
405
406
405
407
407
410
625
627
625
627
631
631
631
631
638
635
636
640
639
639
642
642
643
646
648
647
650
646
652
651
654
656
657
656
657
656
659
657
661
662
661
662
668
667
667
670
671
673
672
675
678
679
675
681
682
682
896
899
899
898
902
905
902
907
905
910
907
909
909
911
911
911
912
912
914
914
915
915
918
919
915
922
925
917
924
926
925
925
924
927
926
927
929
933
934
932
935
940
937
934
942
941
944
941
943
942
1168
1168
1169
1173
1171
1173
1173
1169
1173
1172
1172
1177
1175
1175
1174
1175
1177
1183
1180
1178
1183
1182
1182
1185
1184
1183
1182
1187
1185
1189
1189
1187
1191
1190
1190
1191
1195
1191
1194
1190
1197
1193
1198
1199
1195
1195
1199
1200
1199
1200
1422
1419
1421
1421
1423
1423
1422
1422
1422
1423
1424
1424
1423
1422
1424
1422
1424
1424
1424
1425
1426
1423
1425
1423
1424
1425
1429
1426
1425
1426
1429
1429
1431
1431
1429
1434
1430
1430
1431
1435
1433
1434
1431
1429
1435
1431
1434
1431
1439
1435
1651
1655
1653
1653
1652
1648
1650
1651
1650
1653
1654
1655
1657
1655
1654
1655
1653
1653
1656
1657
1655
1653
1658
1655
1658
1658
1659
1657
1655
1657
1658
1658
1656
1659
1661
1657
1655
1659
1657
1657
1661
1657
1658
1659
1664
1657
1663
1662
1657
1662
1873
1874
1873
1875
1872
1872
1875
1873
1872
1872
1873
1873
1874
1874
1873
1872
1873
1872
1872
1872
1872
1872
1874
1873
1873
1872
1872
1875
1873
1873
1872
1872
1872
1875
1872
1872
1872
1873
1873
1872
1874
1872
1872
1872
1872
1872
1872
1873
1872
1873
2073
2071
2068
2071
2071
2069
2069
2070
2067
2067
2069
2067
2069
2067
2066
2067
2067
2064
2068
2064
2067
2065
2067
2065
2066
2064
2064
2064
2065
2066
2064
2064
2063
2064
2064
2064
2064
2065
2064
2064
2064
2064
2064
2061
2064
2064
2063
2059
2062
2060
2275
2274
2272
2271
2273
2273
2269
2267
2270
2263
2272
2269
2268
2270
2268
2267
2263
2263
2267
2263
2265
2258
2261
2261
2260
2263
2260
2261
2261
2261
2257
2257
2256
2257
2259
2257
2256
2256
2256
2256
2256
2255
2254
2255
2256
2256
2253
2256
2251
2255
2461
2459
2461
2459
2458
2458
2459
2457
2455
2453
2453
2455
2451
2453
2453
2449
2452
2451
2451
2449
2448
2448
2448
2448
2448
2448
2445
2446
2445
2441
2443
2439
2441
2444
2438
2443
2439
2438
2437
2437
2435
2435
2432
2434
2436
2434
2433
2433
2432
2435
2653
2653
2650
2650
2651
2643
2646
2643
2640
2643
2640
2642
2643
2640
2639
2640
2640
2640
2640
2639
2639
2635
2634
2631
2629
2634
2627
2631
2629
2631
2629
2626
2627
2627
2623
2623
2624
2623
2624
2621
2621
2622
2621
2619
2620
2619
2614
2613
2617
2611
2837
2838
2835
2832
2832
2832
2831
2832
2831
2832
2828
2829
2829
2829
2825
2824
2826
2819
2822
2821
2816
2818
2816
2815
2816
2813
2812
2815
2811
2810
2810
2806
2806
2804
2803
2802
2804
2803
2801
2801
2800
2800
2798
2800
2797
2799
2796
2795
2795
2793
3024
3022
3018
3018
3015
3018
3011
3014
3011
3009
3008
3006
3005
3006
3003
3003
3001
2999
2999
2999
2995
2994
2994
2994
2992
2992
2991
2989
2989
2986
2983
2983
2983
2979
2978
2980
2973
2976
2971
2971
2976
2970
2969
2966
2964
2966
2970
2962
2960
2963
3213
3214
3206
3205
3202
3202
3200
3198
3194
3194
3195
3195
3189
3186
3184
3184
3183
3183
3179
3184
3183
3182
3181
3174
3175
3175
3170
3169
3171
3168
3167
3165
3163
3158
3155
3154
3152
3154
3154
3149
3152
3151
3150
3148
3141
3146
3142
3142
3139
3141
3415
3411
3410
3408
3407
3405
3408
3405
3400
3395
3394
3393
3391
3389
3384
3387
3381
3379
3380
3380
3376
3374
3374
3375
3371
3369
3367
3366
3361
3359
3358
3356
3353
3353
3347
3346
3345
3344
3344
3343
3334
3337
3329
3335
3333
3330
3325
3328
3328
3322
2448
1719
1107
586
150
40
47
48
49
48
51
58
59
59
62
64
66
67
69
70
76
77
77
79
80
80
82
83
87
90
90
89
97
97
98
98
105
106
108
110
110
111
113
112
117
118
115
119
125
126
338
339
343
345
348
347
349
351
352
353
352
358
359
362
364
363
364
366
368
368
369
368
370
374
378
374
381
377
382
382
385
386
387
389
391
390
398
396
394
398
399
400
402
402
401
400
405
405
412
411
624
626
626
629
627
629
630
635
637
636
637
638
640
640
640
640
642
645
643
644
648
650
649
650
652
654
654
655
657
656
659
657
659
661
663
662
669
667
667
670
670
673
673
676
675
676
675
680
682
683
900
899
904
904
902
902
903
905
907
908
908
911
910
911
912
912
912
914
912
912
912
917
915
915
919
915
919
922
926
921
922
926
925
928
929
930
929
933
930
930
933
935
934
935
936
940
939
943
944
943
1169
1167
1172
1170
1168
1171
1173
1173
1173
1173
1175
1175
1171
1174
1178
1179
1179
1181
1177
1178
1181
1179
1183
1179
1183
1184
1185
1183
1183
1183
1189
1190
1188
1189
1191
1189
1190
1191
1192
1190
1192
1194
1195
1195
1198
1200
1199
1200
1198
1197
1421
1414
1420
1418
1418
1418
1418
1423
1419
1419
1422
1423
1424
1424
1422
1423
1422
1424
1424
1424
1424
1424
1424
1425
1425
1426
1427
1425
1426
1426
1427
1426
1429
1429
1429
1427
1431
1429
1430
1434
1430
1434
1433
1434
1433
1435
1436
1436
1434
1437
1652
1648
1649
1650
1650
1649
1650
1654
1653
1651
1651
1651
1655
1654
1652
1653
1653
1653
1653
1655
1653
1651
1654
1651
1655
1654
1655
1655
1659
1657
1659
1659
1658
1659
1660
1655
1654
1655
1655
1657
1655
1661
1657
1658
1662
1661
1661
1661
1659
1659
1874
1875
1872
1875
1872
1873
1874
1873
1874
1872
1872
1873
1873
1872
1875
1873
1875
1874
1872
1872
1872
1875
1872
1872
1872
1872
1872
1872
1873
1873
1872
1872
1872
1873
1871
1872
1872
1872
1872
1872
1872
1872
1873
1872
1872
1870
1873
1872
1872
1872
2072
2069
2073
2067
2068
2066
2068
2068
2066
2065
2069
2067
2065
2068
2067
2065
2064
2065
2065
2065
2067
2064
2067
2063
2066
2064
2064
2065
2066
2064
2064
2065
2064
2065
2064
2064
2063
2063
2063
2064
2064
2061
2063
2063
2062
2063
2061
2063
2059
2063
2275
2274
2274
2271
2276
2271
2270
2269
2269
2266
2267
2270
2266
2263
2266
2267
2267
2262
2261
2262
2263
2259
2263
2261
2258
2261
2257
2258
2262
2256
2256
2256
2256
2256
2256
2256
2255
2256
2256
2256
2256
2256
2255
2256
2255
2255
2255
2253
2253
2252
2461
2463
2459
2459
2460
2455
2455
2455
2455
2453
2453
2454
2451
2451
2452
2451
2448
2448
2449
2448
2449
2447
2448
2447
2446
2447
2444
2445
2443
2442
2443
2443
2441
2439
2436
2438
2441
2440
2442
2438
2438
2437
2437
2437
2435
2434
2434
2434
2431
2430
2652
2652
2647
2650
2651
2644
2641
2644
2643
2643
2645
2641
2640
2641
2642
2640
2638
2639
2635
2637
2635
2631
2636
2633
2634
2630
2631
2628
2625
2627
2626
2627
2625
2627
2626
2627
2626
2625
2624
2622
2623
2620
2621
2621
2615
2615
2618
2615
2618
2611
2843
2838
2833
2834
2837
2832
2832
2831
2832
2830
2828
2826
2827
2827
2825
2823
2825
2819
2821
2819
2818
2816
2815
2816
2816
2815
2814
2813
2807
2811
2807
2804
2801
2804
2802
2801
2802
2800
2799
2800
2800
2800
2800
2798
2795
2794
2794
2794
2794
2791
3019
3017
3015
3015
3017
3014
3011
3011
3009
3008
3007
3005
3003
3005
3001
3001
2999
2997
2997
2998
2998
2997
2995
2992
2992
2991
2990
2991
2989
2985
2981
2985
2980
2981
2981
2981
2975
2978
2977
2976
2971
2970
2967
2967
2970
2965
2966
2961
2963
2962
3211
3207
3205
3206
3202
3200
3201
3199
3200
3198
3193
3195
3188
3186
3186
3184
3184
3184
3183
3183
3175
3178
3174
3176
3171
3171
3173
3167
3166
3162
3162
3162
3163
3154
3155
3154
3152
3152
3152
3152
3149
3147
3149
3143
3145
3140
3143
3142
3139
3138
3414
3408
3409
3408
3406
3405
3405
3402
3399
3394
3393
3391
3391
3391
3384
3387
3383
3377
3383
3377
3378
3376
3374
3367
3369
3366
3369
3364
3361
3358
3359
3353
3350
3354
3347
3350
3344
3344
3344
3342
3341
3337
3338
3333
3333
3328
3326
3327
3326
3325
2455
1727
1105
582
154
42
42
48
48
51
53
52
58
57
59
63
64
66
68
70
75
75
75
80
80
83
82
86
85
88
94
91
95
98
100
103
102
101
106
109
110
112
112
115
117
118
118
125
123
126
341
341
340
346
348
351
350
349
352
352
355
355
358
363
362
365
365
363
368
368
369
373
375
373
375
376
380
384
384
386
384
385
387
388
390
390
395
398
398
398
398
400
400
404
403
405
404
407
407
413
625
625
626
626
628
631
633
634
631
637
633
637
640
638
641
642
642
642
647
647
646
651
654
650
654
654
656
655
656
659
657
662
659
659
662
663
665
666
667
671
672
672
672
673
676
677
677
678
682
679
899
898
900
899
905
906
907
904
906
907
907
909
910
912
911
910
912
912
915
913
917
919
918
916
917
922
922
925
923
926
928
928
926
926
931
930
931
930
934
931
936
938
937
938
940
940
939
939
942
944
1168
1168
1168
1170
1171
1171
1173
1173
1173
1173
1178
1174
1174
1175
1179
1180
1175
1179
1177
1179
1184
1181
1181
1183
1183
1186
1184
1188
1184
1187
1187
1188
1189
1188
1191
1191
1193
1193
1193
1194
1198
1191
1194
1196
1198
1200
1198
1200
1200
1200
1415
1418
1419
1419
1421
1422
1422
1421
1421
1421
1421
1423
1424
1424
1423
1423
1423
1423
1424
1424
1424
1423
1423
1424
1425
1428
1427
1424
1427
1434
1430
1428
1429
1428
1427
1429
1430
1430
1433
1435
1431
1429
1434
1434
1433
1430
1432
1434
1434
1435
1653
1651
1653
1649
1653
1653
1651
1650
1651
1654
1655
1653
1651
1655
1651
1650
1653
1658
1654
1654
1655
1654
1652
1650
1655
1653
1651
1653
1659
1654
1653
1655
1659
1657
1657
1657
1661
1659
1655
1660
1658
1659
1658
1659
1658
1662
1657
1660
1659
1662
1873
1873
1874
1873
1874
1874
1874
1877
1874
1873
1872
1875
1872
1872
1872
1877
1872
1874
1872
1872
1872
1871
1873
1873
1872
1872
1871
1872
1872
1873
1873
1872
1872
1872
1872
1873
1872
1873
1872
1873
1872
1872
1872
1871
1872
1872
1873
1872
1872
1870
2073
2069
2070
2069
2067
2064
2068
2071
2066
2066
2068
2064
2063
2066
2067
2064
2065
2065
2064
2066
2064
2067
2064
2064
2064
2064
2067
2064
2064
2064
2064
2062
2063
2064
2064
2064
2064
2064
2063
2062
2063
2063
2064
2061
2061
2061
2061
2063
2062
2062
2271
2273
2275
2270
2269
2271
2268
2270
2269
2269
2267
2265
2266
2267
2265
2269
2269
2263
2263
2263
2262
2260
2262
2261
2259
2259
2261
2259
2258
2259
2257
2258
2258
2256
2258
2256
2256
2256
2256
2256
2256
2256
2254
2256
2256
2253
2256
2253
2255
2254
2460
2464
2461
2458
2458
2455
2458
2455
2451
2454
2455
2453
2454
2455
2450
2449
2452
2449
2452
2448
2448
2448
2448
2448
2448
2446
2446
2448
2446
2443
2441
2439
2441
2443
2438
2437
2439
2439
2435
2436
2433
2434
2436
2437
2432
2433
2432
2432
2433
2430
2651
2653
2653
2650
2647
2647
2644
2645
2642
2643
2641
2641
2640
2640
2640
2638
2637
2640
2637
2638
2637
2634
2631
2635
2634
2631
2630
2628
2625
2625
2627
2624
2626
2627
2625
2624
2625
2626
2623
2621
2621
2620
2617
2621
2621
2615
2614
2618
2618
2615
2839
2839
2834
2839
2832
2834
2832
2832
2831
2832
2832
2827
2829
2825
2825
2829
2821
2819
2818
2817
2815
2816
2816
2817
2815
2814
2809
2813
2809
2809
2811
2802
2805
2804
2801
2800
2801
2803
2800
2799
2800
2800
2799
2799
2798
2799
2793
2794
2794
2793
3022
3019
3018
3015
3014
3015
3011
3009
3008
3008
3008
3010
3007
3003
3001
3001
2999
3001
2997
2995
2997
2995
2993
2993
2992
2992
2991
2989
2985
2987
2982
2981
2981
2982
2977
2975
2978
2975
2978
2973
2971
2972
2972
2965
2966
2967
2966
2965
2962
2960
3214
3208
3210
3205
3201
3200
3198
3193
3198
3193
3191
3191
3191
3191
3191
3187
3184
3184
3182
3179
3181
3178
3175
3169
3170
3171
3166
3167
3168
3169
3163
3161
3163
3161
3157
3159
3155
3155
3155
3151
3151
3149
3145
3146
3147
3143
3141
3142
3138
3137
3413
3412
3410
3408
3408
3406
3406
3403
3393
3399
3394
3391
3391
3391
3386
3387
3388
3387
3381
3378
3376
3375
3372
3370
3371
3367
3362
3366
3363
3360
3358
3354
3350
3346
3349
3351
3345
3341
3342
3344
3339
3344
3337
3334
3331
3326
3329
3328
3328
3326
2461
1727
1111
588
154
39
44
48
48
51
54
55
58
62
64
61
65
65
67
67
74
77
80
74
80
80
83
86
89
90
91
91
91
95
97
101
102
105
110
106
109
112
112
112
114
117
118
122
125
128
338
343
345
346
345
345
352
348
351
355
359
361
360
358
360
366
367
368
368
368
369
368
371
372
373
375
381
383
381
384
384
385
386
393
391
391
394
394
397
396
397
400
399
401
400
406
402
405
410
407
626
628
630
626
626
633
633
634
639
639
640
639
641
638
641
646
642
643
644
651
649
650
652
653
654
651
655
655
656
661
657
659
661
665
662
666
663
669
667
669
672
670
671
672
677
677
679
680
682
685
898
898
904
900
901
903
903
907
909
907
907
912
912
910
911
912
912
912
913
915
914
917
916
919
919
923
924
919
922
926
927
925
924
925
927
927
932
931
934
932
935
933
939
934
941
938
941
940
942
943
1168
1168
1168
1169
1171
1173
1171
1168
1171
1174
1173
1173
1177
1179
1175
1178
1182
1179
1179
1181
1179
1182
1181
1183
1183
1184
1182
1186
1185
1186
1188
1186
1187
1190
1190
1190
1192
1194
1194
1194
1193
1194
1198
1195
1200
1197
1200
1198
1201
1199
1419
1417
1421
1420
1420
1419
1421
1421
1424
1423
1423
1421
1424
1424
1424
1424
1424
1424
1424
1425
1425
1423
1424
1428
1425
1425
1425
1425
1424
1426
1426
1426
1427
1426
1430
1427
1431
1430
1429
1433
1431
1430
1431
1429
1433
1433
1431
1437
1432
1435
1650
1654
1653
1652
1650
1651
1651
1653
1651
1654
1652
1655
1653
1651
1650
1655
1653
1654
1655
1653
1658
1653
1655
1653
1657
1655
1653
1654
1654
1653
1655
1657
1658
1658
1657
1659
1657
1659
1655
1655
1659
1660
1660
1659
1661
1661
1654
1660
1664
1660
1874
1873
1875
1874
1873
1875
1875
1873
1872
1872
1872
1874
1873
1872
1872
1872
1873
1872
1872
1872
1873
1872
1872
1873
1872
1872
1873
1872
1872
1872
1874
1872
1873
1872
1873
1875
1872
1874
1872
1872
1873
1872
1872
1872
1872
1872
1872
1873
1872
1872
2075
2071
2067
2069
2066
2067
2067
2069
2066
2069
2064
2065
2065
2067
2066
2066
2065
2064
2065
2066
2064
2064
2064
2064
2065
2064
2065
2064
2064
2064
2064
2063
2064
2064
2064
2064
2063
2064
2064
2063
2063
2063
2064
2064
2062
2063
2063
2062
2063
2064
2275
2273
2273
2272
2273
2271
2270
2273
2266
2268
2271
2270
2263
2268
2269
2263
2268
2263
2265
2265
2263
2259
2261
2262
2261
2262
2261
2258
2259
2258
2256
2259
2257
2257
2256
2256
2258
2256
2256
2256
2256
2256
2256
2253
2255
2256
2254
2250
2251
2256
2460
2461
2457
2458
2455
2460
2458
2459
2455
2454
2454
2454
2453
2450
2450
2452
2448
2451
2448
2448
2450
2447
2448
2446
2447
2447
2443
2448
2447
2442
2443
2442
2438
2441
2439
2438
2435
2437
2438
2435
2435
2437
2432
2433
2434
2434
2434
2432
2431
2433
2654
2651
2654
2646
2645
2646
2649
2645
2644
2642
2643
2643
2641
2639
2640
2639
2640
2640
2639
2635
2637
2635
2634
2637
2634
2629
2633
2634
2627
2633
2626
2627
2625
2624
2624
2624
2621
2619
2623
2622
2623
2617
2618
2620
2621
2617
2614
2615
2614
2613
2838
2839
2836
2837
2835
2833
2833
2832
2831
2829
2830
2830
2826
2823
2827
2826
2823
2819
2817
2819
2817
2817
2818
2815
2814
2813
2815
2813
2813
2807
2807
2810
2807
2804
2803
2800
2802
2801
2800
2801
2800
2800
2798
2795
2797
2795
2795
2796
2794
2789
3024
3015
3022
3019
3015
3014
3010
3010
3013
3008
3008
3007
3005
3007
3004
3002
2999
2999
2999
2995
2996
2992
2992
2992
2992
2991
2992
2987
2987
2989
2987
2983
2983
2980
2978
2978
2978
2977
2974
2975
2971
2974
2970
2972
2969
2967
2962
2964
2961
2962
3209
3210
3203
3202
3202
3201
3201
3195
3195
3194
3194
3190
3188
3186
3187
3184
3183
3184
3183
3180
3178
3174
3179
3171
3173
3174
3170
3167
3166
3163
3165
3165
3154
3158
3158
3157
3157
3153
3152
3152
3152
3149
3147
3149
3147
3145
3142
3142
3141
3136
3417
3414
3411
3408
3408
3407
3403
3397
3395
3397
3395
3390
3391
3392
3386
3382
3381
3377
3381
3375
3379
3377
3375
3373
3371
3365
3363
3360
3362
3361
3357
3355
3351
3354
3349
3345
3344
3345
3344
3344
3344
3341
3340
3337
3335
3334
3332
3328
3326
3326
2459
1729
1115
590
157
41
43
47
50
50
50
58
60
61
64
65
64
65
67
69
75
77
79
80
80
81
81
85
91
87
93
89
95
97
96
100
101
102
110
111
107
112
112
114
116
117
119
119
125
127
339
342
344
345
345
350
350
349
353
352
357
354
359
364
359
365
368
368
368
369
368
371
369
375
373
377
378
379
379
384
381
386
386
389
389
391
395
397
399
396
399
400
400
405
401
403
407
406
409
407
624
625
625
627
631
631
630
635
638
637
633
640
644
640
645
641
644
646
646
645
650
647
654
656
653
652
656
656
656
656
656
657
659
661
662
662
666
667
669
671
674
673
671
675
677
677
677
679
682
682
899
901
899
902
903
908
906
905
906
907
907
907
909
912
911
912
915
912
912
913
914
915
914
917
916
918
919
921
919
919
926
926
927
925
927
930
929
935
931
935
931
933
933
932
939
937
939
941
943
943
1168
1168
1170
1172
1169
1168
1168
1169
1174
1171
1170
1173
1178
1175
1179
1178
1178
1174
1179
1179
1181
1184
1179
1183
1183
1184
1187
1183
1185
1185
1186
1187
1195
1187
1187
1191
1194
1191
1191
1194
1193
1196
1196
1196
1196
1195
1200
1199
1200
1200
1422
1419
1418
1419
1421
1419
1422
1422
1420
1420
1421
1417
1422
1423
1424
1424
1424
1424
1424
1424
1425
1424
1424
1424
1426
1424
1426
1426
1429
1426
1426
1425
1424
1425
1429
1428
1430
1431
1431
1429
1431
1431
1427
1431
1435
1436
1434
1437
1435
1436
1653
1649
1653
1651
1653
1653
1651
1655
1654
1654
1654
1653
1654
1657
1652
1653
1653
1653
1651
1653
1658
1654
1656
1653
1658
1652
1657
1658
1655
1654
1653
1659
1655
1658
1660
1655
1659
1659
1658
1661
1659
1657
1661
1658
1655
1661
1661
1663
1663
1662
1875
1874
1873
1872
1872
1874
1874
1872
1872
1872
1877
1873
1873
1873
1873
1875
1874
1872
1872
1872
1874
1873
1872
1872
1872
1872
1872
1872
1872
1872
1873
1872
1872
1872
1872
1872
1872
1872
1872
1872
1872
1870
1872
1871
1872
1872
1873
1875
1872
1872
2074
2074
2071
2071
2069
2074
2071
2070
2068
2067
2070
2066
2065
2067
2067
2066
2066
2064
2069
2064
2064
2065
2064
2064
2064
2064
2064
2064
2064
2064
2065
2064
2064
2063
2064
2064
2064
2064
2062
2064
2063
2063
2064
2062
2063
2064
2065
2064
2057
2062
2273
2275
2275
2274
2274
2273
2269
2269
2269
2266
2270
2267
2269
2266
2263
2266
2263
2267
2263
2265
2261
2261
2258
2263
2262
2261
2257
2258
2260
2259
2259
2259
2256
2257
2256
2257
2256
2259
2256
2254
2255
2256
2256
2255
2255
2256
2256
2255
2254
2254
2463
2462
2463
2459
2461
2459
2454
2460
2455
2457
2454
2454
2453
2453
2452
2449
2449
2451
2449
2448
2449
2448
2448
2446
2447
2448
2447
2443
2443
2446
2443
2442
2442
2444
2443
2437
2442
2440
2437
2437
2439
2437
2437
2435
2434
2437
2438
2433
2432
2431
2655
2652
2649
2647
2651
2647
2649
2644
2646
2643
2643
2643
2646
2640
2640
2640
2640
2640
2637
2639
2639
2634
2631
2634
2635
2631
2631
2631
2630
2627
2629
2625
2629
2626
2625
2624
2623
2624
2624
2622
2624
2622
2619
2619
2619
2618
2618
2618
2614
2617
2842
2841
2837
2835
2837
2833
2832
2832
2832
2832
2831
2829
2828
2827
2827
2827
2821
2821
2819
2816
2817
2817
2818
2815
2815
2815
2812
2813
2813
2813
2810
2811
2808
2806
2807
2801
2803
2803
2800
2800
2800
2800
2800
2798
2796
2795
2795
2794
2790
2790
3021
3021
3018
3019
3018
3018
3014
3011
3012
3011
3009
3008
3006
3003
3007
3003
3001
3002
2996
2994
2992
2992
2994
2993
2992
2992
2991
2988
2990
2987
2982
2982
2982
2983
2981
2980
2979
2975
2975
2973
2973
2973
2968
2972
2966
2966
2967
2964
2965
2962
3215
3213
3209
3203
3209
3200
3200
3195
3190
3193
3194
3194
3190
3190
3189
3185
3188
3184
3184
3182
3183
3181
3175
3174
3171
3171
3169
3165
3170
3167
3163
3162
3158
3159
3157
3153
3154
3154
3152
3152
3152
3150
3149
3149
3145
3145
3142
3142
3139
3140
3419
3418
3415
3411
3408
3408
3408
3406
3403
3401
3395
3392
3391
3392
3387
3386
3389
3383
3379
3379
3375
3376
3376
3375
3373
3371
3363
3359
3362
3360
3356
3355
3354
3354
3350
3350
3346
3344
3344
3345
3341
3343
3338
3335
3333
3332
3328
3326
3325
3322
2462
1733
1113
591
157
46
45
45
48
50
51
58
59
63
64
64
64
66
67
67
75
73
76
79
82
80
82
82
86
90
92
94
97
96
100
101
103
102
111
109
110
112
112
114
118
117
122
121
126
127
343
342
342
343
346
348
349
351
353
354
357
358
357
358
361
364
369
367
368
368
369
369
371
375
377
377
378
379
381
384
384
384
388
386
390
395
390
394
395
397
399
399
400
402
405
403
407
406
407
411
625
624
626
627
635
627
633
633
634
636
639
639
640
641
642
643
643
646
647
648
649
650
650
653
655
655
655
656
657
657
659
659
661
661
663
663
667
669
669
671
670
672
671
673
675
677
675
674
679
682
899
898
902
902
902
903
906
909
909
910
909
909
912
911
912
910
912
912
912
915
918
919
917
914
917
926
921
919
922
925
918
927
928
927
928
927
928
931
932
934
934
935
935
937
937
940
941
942
944
944
1169
1168
1170
1172
1172
1171
1171
1173
1170
1172
1174
1172
1175
1175
1174
1180
1178
1181
1178
1181
1178
1182
1184
1185
1185
1183
1183
1185
1184
1187
1187
1189
1189
1190
1187
1193
1194
1194
1188
1194
1195
1193
1195
1197
1197
1199
1197
1198
1197
1200
1417
1420
1419
1421
1421
1422
1419
1418
1419
1421
1421
1422
1421
1424
1422
1424
1424
1424
1425
1423
1424
1424
1424
1424
1425
1425
1425
1425
1427
1426
1428
1429
1425
1427
1428
1431
1431
1428
1431
1431
1429
1431
1431
1434
1431
1436
1433
1435
1437
1433
1653
1653
1653
1653
1654
1655
1653
1654
1654
1654
1653
1651
1654
1651
1655
1653
1655
1655
1654
1650
1655
1654
1655
1657
1653
1657
1653
1655
1655
1657
1657
1658
1659
1654
1658
1658
1655
1658
1655
1657
1659
1658
1661
1662
1657
1657
1659
1660
1659
1662
1874
1874
1875
1875
1873
1872
1874
1872
1873
1873
1877
1876
1873
1872
1873
1872
1872
1873
1872
1873
1872
1873
1873
1872
1873
1872
1872
1872
1872
1875
1873
1872
1875
1873
1872
1872
1872
1873
1872
1872
1870
1874
1872
1874
1872
1872
1871
1873
1872
1872
2071
2069
2071
2070
2069
2071
2071
2071
2067
2070
2069
2067
2070
2067
2066
2067
2064
2066
2067
2064
2064
2064
2064
2064
2064
2064
2064
2064
2064
2064
2064
2064
2064
2065
2064
2064
2064
2064
2064
2063
2064
2063
2059
2063
2064
2063
2059
2061
2064
2064
2278
2271
2271
2267
2274
2271
2268
2269
2270
2267
2268
2267
2267
2265
2269
2266
2268
2265
2267
2263
2262
2263
2262
2258
2259
2261
2262
2262
2257
2256
2259
2257
2256
2259
2261
2257
2256
2258
2255
2256
2256
2256
2254
2254
2255
2253
2256
2254
2256
2256
2463
2462
2463
2457
2459
2455
2456
2458
2453
2459
2454
2450
2453
2450
2449
2449
2450
2449
2447
2448
2448
2451
2448
2447
2448
2448
2447
2445
2446
2446
2444
2441
2443
2437
2439
2438
2439
2439
2438
2439
2437
2436
2438
2433
2436
2436
2433
2434
2432
2431
2654
2651
2649
2646
2643
2647
2645
2643
2643
2645
2642
2641
2640
2640
2642
2640
2640
2639
2638
2635
2637
2637
2634
2631
2634
2634
2630
2630
2628
2630
2626
2626
2625
2624
2624
2625
2624
2625
2624
2621
2619
2617
2621
2618
2618
2617
2619
2615
2614
2611
2839
2839
2837
2835
2832
2833
2836
2832
2832
2830
2832
2827
2824
2825
2825
2818
2818
2820
2821
2823
2816
2819
2816
2815
2815
2813
2812
2811
2809
2814
2807
2811
2807
2806
2805
2809
2803
2803
2802
2801
2800
2800
2800
2800
2796
2795
2798
2796
2795
2795
3024
3021
3017
3019
3015
3015
3012
3010
3008
3008
3007
3005
3004
3003
3004
3003
2999
2999
2999
2996
2995
2995
2993
2991
2992
2989
2990
2989
2990
2991
2985
2986
2985
2981
2982
2975
2979
2976
2979
2975
2975
2975
2970
2973
2966
2969
2962
2965
2961
2965
3214
3211
3205
3204
3201
3203
3200
3199
3199
3195
3193
3194
3186
3189
3187
3184
3184
3183
3184
3183
3179
3178
3178
3173
3173
3171
3170
3170
3162
3165
3164
3163
3163
3159
3162
3157
3155
3155
3152
3152
3151
3151
3151
3146
3146
3142
3140
3145
3140
3136
3415
3411
3411
3410
3409
3406
3403
3403
3397
3396
3395
3393
3392
3392
3386
3381
3383
3381
3382
3380
3376
3373
3376
3374
3367
3364
3363
3366
3363
3361
3357
3355
3350
3351
3349
3347
3347
3348
3344
3343
3338
3342
3334
3338
3335
3331
3331
3330
3327
3325
2465
1730
1115
592
158
42
46
48
48
48
54
54
60
58
61
64
64
64
67
70
74
74
77
77
79
80
83
83
88
87
93
91
94
97
98
100
106
107
105
112
110
112
113
114
115
119
117
123
124
123
340
340
345
340
349
350
349
350
353
352
353
357
361
362
366
368
368
363
368
368
371
372
371
373
374
375
377
379
381
384
383
386
387
389
393
391
394
395
397
397
400
400
400
401
400
403
403
410
407
413
626
627
626
629
629
631
631
635
636
635
636
640
638
640
644
642
640
644
645
649
646
648
651
650
655
654
656
656
656
657
660
656
661
663
666
663
662
668
667
673
672
670
677
674
679
674
676
677
678
683
902
898
901
901
898
905
903
905
905
909
909
909
906
911
912
911
912
912
912
912
912
915
919
919
921
919
919
922
921
923
925
925
927
927
925
926
931
930
933
933
935
931
936
939
941
939
942
939
943
941
1168
1169
1173
1169
1169
1170
1170
1172
1170
1171
1178
1175
1174
1175
1175
1178
1181
1179
1180
1181
1183
1181
1183
1183
1185
1183
1187
1183
1186
1185
1188
1189
1188
1190
1191
1188
1191
1193
1192
1189
1195
1193
1197
1199
1198
1197
1200
1200
1198
1198
1424
1421
1419
1418
1418
1419
1421
1422
1423
1421
1424
1424
1423
1421
1424
1424
1424
1422
1424
1423
1426
1426
1424
1424
1424
1425
1424
1424
1426
1424
1424
1425
1427
1430
1427
1429
1429
1427
1429
1428
1430
1435
1431
1434
1434
1437
1434
1431
1435
1435
1655
1650
1649
1653
1652
1653
1651
1654
1650
1653
1655
1653
1655
1655
1653
1653
1653
1655
1655
1653
1654
1655
1654
1653
1658
1655
1654
1658
1657
1653
1654
1655
1658
1659
1659
1657
1658
1659
1655
1659
1658
1653
1661
1661
1663
1661
1659
1659
1661
1661
1873
1872
1875
1872
1873
1878
1875
1872
1873
1875
1873
1875
1874
1874
1872
1873
1875
1873
1873
1872
1872
1872
1872
1871
1873
1872
1874
1873
1873
1872
1872
1872
1872
1873
1872
1872
1872
1874
1872
1872
1872
1873
1872
1873
1872
1874
1872
1875
1872
1871
2073
2075
2067
2070
2070
2067
2069
2070
2066
2065
2065
2067
2065
2068
2066
2066
2070
2065
2067
2065
2067
2066
2064
2068
2065
2067
2064
2064
2061
2064
2063
2064
2064
2064
2064
2063
2064
2064
2064
2064
2064
2061
2064
2061
2064
2059
2058
2059
2061
2062
2273
2273
2274
2275
2272
2272
2271
2270
2271
2269
2269
2270
2267
2271
2271
2267
2267
2263
2269
2267
2263
2265
2260
2259
2262
2261
2259
2261
2258
2257
2258
2256
2256
2259
2257
2256
2256
2257
2256
2256
2255
2256
2256
2256
2256
2253
2255
2256
2251
2255
2462
2462
2459
2459
2459
2455
2455
2458
2455
2455
2451
2455
2452
2448
2449
2448
2451
2448
2449
2449
2448
2449
2447
2447
2448
2446
2445
2448
2445
2443
2441
2447
2442
2443
2439
2443
2438
2438
2434
2438
2434
2432
2434
2432
2437
2435
2432
2432
2432
2433
2653
2650
2652
2649
2649
2644
2646
2647
2643
2647
2640
2643
2642
2642
2639
2640
2640
2638
2639
2636
2635
2636
2635
2635
2634
2634
2630
2631
2629
2627
2626
2625
2624
2624
2625
2624
2624
2623
2623
2621
2623
2622
2620
2620
2619
2617
2619
2619
2614
2615
2839
2838
2836
2837
2834
2833
2833
2832
2832
2831
2828
2827
2830
2826
2827
2822
2822
2821
2821
2817
2816
2816
2818
2815
2817
2815
2813
2813
2810
2811
2807
2809
2806
2803
2803
2803
2800
2802
2802
2800
2800
2799
2800
2800
2797
2799
2798
2794
2793
2791
3023
3019
3019
3017
3015
3014
3013
3011
3011
3009
3007
3008
3008
3008
3006
3003
3002
2998
2998
2993
2997
2994
2994
2993
2993
2992
2990
2989
2988
2983
2985
2987
2983
2981
2981
2976
2974
2977
2975
2975
2973
2971
2969
2967
2967
2971
2966
2964
2965
2963
3211
3213
3210
3205
3204
3203
3200
3196
3197
3191
3191
3190
3186
3184
3184
3183
3184
3182
3178
3180
3181
3175
3173
3177
3178
3168
3173
3167
3166
3163
3165
3165
3162
3157
3154
3155
3152
3154
3152
3152
3149
3149
3151
3149
3143
3141
3141
3141
3138
3137
3419
3411
3413
3408
3405
3406
3405
3401
3397
3398
3395
3397
3390
3391
3388
3383
3386
3378
3376
3376
3376
3375
3376
3375
3368
3363
3364
3367
3363
3363
3357
3351
3353
3351
3347
3346
3346
3344
3343
3344
3341
3342
3333
3335
3334
3333
3331
3329
3327
3325
2467
1732
1117
590
155
42
42
48
48
48
54
52
58
63
59
64
64
69
68
69
71
77
75
79
80
81
89
86
90
88
91
91
96
100
96
98
100
105
107
110
110
112
112
113
115
119
118
123
126
126
339
336
345
347
347
346
351
354
351
353
358
355
358
361
362
368
366
366
368
368
369
372
374
372
373
375
378
380
379
382
384
387
387
388
390
393
393
394
398
398
399
400
400
402
400
401
405
406
410
409
625
626
627
627
631
632
631
634
637
635
639
640
639
640
640
644
640
642
644
646
647
651
652
653
653
656
656
656
656
659
657
659
661
661
662
663
667
669
667
671
671
672
677
678
674
679
679
679
681
683
897
901
901
902
899
902
903
910
909
906
907
908
910
910
912
912
910
912
913
917
913
917
916
916
921
919
923
924
924
919
926
926
925
924
927
928
929
933
933
934
934
937
937
938
935
939
940
938
943
941
1168
1170
1170
1169
1172
1173
1170
1171
1174
1171
1174
1172
1174
1174
1177
1177
1174
1179
1182
1181
1180
1183
1183
1183
1184
1186
1185
1186
1181
1183
1189
1187
1188
1189
1189
1190
1191
1191
1190
1193
1194
1195
1196
1194
1195
1195
1198
1200
1200
1200
1419
1419
1417
1419
1419
1419
1423
1418
1423
1421
1421
1422
1423
1420
1424
1424
1424
1423
1421
1424
1424
1426
1427
1425
1425
1427
1426
1427
1423
1428
1427
1425
1430
1428
1427
1431
1431
1428
1429
1431
1428
1429
1434
1434
1429
1431
1434
1437
1437
1433
1655
1652
1649
1651
1652
1652
1653
1653
1653
1653
1654
1652
1654
1650
1654
1654
1653
1650
1653
1653
1654
1653
1653
1653
1658
1657
1655
1659
1659
1658
1659
1655
1655
1659
1658
1658
1663
1660
1662
1659
1658
1659
1660
1661
1659
1662
1659
1662
1659
1661
1878
1874
1873
1873
1872
1873
1872
1874
1872
1872
1875
1872
1875
1872
1872
1872
1872
1872
1872
1872
1872
1873
1872
1872
1872
1872
1876
1872
1872
1872
1871
1874
1874
1873
1872
1872
1872
1872
1871
1874
1872
1872
1870
1875
1873
1873
1872
1873
1872
1872
2074
2071
2071
2070
2070
2071
2067
2067
2071
2067
2067
2067
2064
2069
2064
2065
2065
2064
2067
2064
2064
2067
2065
2064
2064
2064
2064
2065
2065
2064
2065
2063
2064
2064
2064
2064
2064
2063
2064
2062
2064
2063
2061
2061
2062
2064
2063
2060
2059
2063
2275
2273
2273
2273
2271
2271
2271
2271
2269
2269
2271
2267
2263
2268
2265
2269
2268
2266
2267
2269
2264
2263
2266
2268
2262
2259
2262
2261
2261
2260
2258
2258
2258
2257
2256
2256
2256
2256
2257
2256
2255
2256
2256
2256
2251
2251
2253
2255
2253
2252
2462
2459
2461
2463
2459
2458
2458
2458
2458
2454
2455
2453
2455
2449
2455
2451
2451
2452
2448
2448
2448
2448
2448
2446
2448
2448
2447
2446
2446
2445
2448
2443
2440
2437
2441
2439
2443
2443
2439
2433
2432
2435
2437
2434
2433
2434
2433
2435
2434
2431
2655
2651
2651
2648
2650
2647
2645
2642
2642
2643
2646
2642
2644
2641
2640
2640
2640
2640
2641
2634
2637
2638
2637
2637
2633
2634
2630
2630
2628
2630
2626
2627
2627
2625
2624
2624
2624
2622
2622
2622
2621
2619
2615
2622
2614
2615
2617
2613
2614
2614
2841
2839
2836
2834
2839
2832
2832
2832
2832
2831
2831
2832
2825
2826
2825
2827
2823
2825
2827
2820
2821
2817
2816
2815
2811
2815
2814
2810
2811
2810
2811
2810
2807
2805
2809
2805
2803
2803
2800
2800
2802
2799
2797
2799
2797
2797
2797
2797
2791
2791
3019
3022
3022
3018
3018
3013
3011
3010
3012
3010
3009
3008
3005
3007
3007
3005
2998
2997
2998
2997
2995
2993
2994
2995
2989
2991
2988
2991
2988
2985
2986
2985
2982
2982
2980
2977
2977
2979
2974
2974
2974
2972
2970
2969
2971
2966
2967
2960
2963
2966
3213
3211
3205
3205
3199
3201
3200
3197
3199
3198
3194
3195
3187
3186
3187
3184
3185
3183
3184
3179
3184
3182
3174
3178
3175
3171
3169
3167
3168
3166
3162
3161
3159
3159
3155
3158
3154
3152
3152
3152
3151
3152
3151
3147
3146
3149
3142
3139
3138
3136
3413
3410
3412
3409
3408
3399
3403
3407
3400
3397
3396
3392
3391
3391
3390
3387
3386
3385
3379
3378
3376
3376
3373
3371
3365
3369
3365
3363
3361
3362
3357
3351
3354
3351
3350
3346
3344
3346
3341
3344
3338
3339
3334
3335
3331
3330
3329
3323
3326
3324
2467
1735
1117
592
156
39
47
48
49
49
53
56
58
60
58
62
65
67
66
70
74
76
78
80
80
82
82
83
87
87
90
94
93
95
101
98
99
105
106
110
112
112
112
113
114
114
117
123
123
123
338
342
342
346
345
347
350
350
351
356
354
354
358
361
362
366
368
366
366
368
369
372
373
371
375
378
374
378
383
379
384
384
388
388
387
391
397
397
395
397
399
400
400
401
400
405
409
409
411
413
626
626
627
630
629
630
636
635
631
635
638
638
637
643
640
642
643
649
642
646
647
651
651
653
653
655
651
656
658
656
661
659
660
663
665
661
666
665
670
670
669
673
674
677
677
676
679
680
681
679
900
897
902
906
903
901
903
904
907
907
906
912
909
912
912
912
912
912
911
912
915
916
917
918
918
918
918
922
925
923
927
926
926
929
928
928
929
929
933
929
935
934
939
938
937
938
944
939
943
944
1170
1168
1168
1171
1168
1169
1169
1170
1174
1173
1172
1174
1172
1174
1177
1177
1177
1177
1177
1183
1183
1181
1187
1183
1185
1185
1184
1186
1185
1187
1188
1190
1186
1190
1191
1188
1191
1191
1194
1195
1193
1197
1197
1197
1199
1199
1200
1200
1200
1201
1419
1422
1419
1419
1423
1420
1422
1418
1422
1419
1421
1423
1423
1422
1424
1424
1424
1424
1424
1424
1424
1424
1424
1424
1424
1424
1425
1425
1425
1425
1427
1427
1424
1429
1428
1427
1430
1429
1429
1433
1429
1430
1429
1433
1433
1435
1434
1434
1434
1436
1654
1653
1652
1652
1651
1648
1651
1653
1653
1653
1653
1654
1653
1654
1658
1655
1649
1655
1655
1657
1655
1655
1655
1653
1657
1657
1655
1657
1655
1660
1653
1662
1657
1655
1655
1658
1663
1659
1661
1661
1659
1658
1663
1662
1657
1661
1660
1658
1658
1659
1874
1873
1875
1873
1874
1872
1875
1874
1873
1872
1872
1873
1874
1872
1871
1872
1874
1872
1872
1872
1874
1872
1872
1872
1872
1874
1873
1872
1875
1872
1872
1875
1872
1872
1872
1872
1870
1873
1872
1872
1872
1872
1872
1872
1872
1872
1873
1872
1872
1872
2074
2069
2071
2070
2069
2069
2068
2064
2064
2067
2065
2065
2067
2067
2066
2065
2065
2064
2064
2064
2064
2065
2064
2064
2064
2065
2065
2064
2064
2065
2064
2064
2063
2064
2064
2063
2064
2064
2064
2063
2064
2062
2064
2062
2063
2062
2062
2061
2060
2062
2274
2273
2270
2269
2271
2269
2269
2271
2270
2266
2268
2269
2269
2267
2263
2264
2266
2266
2267
2262
2259
2259
2266
2260
2261
2262
2259
2263
2259
2261
2257
2257
2256
2256
2257
2256
2256
2257
2256
2256
2256
2255
2256
2256
2255
2255
2249
2255
2255
2252
2463
2461
2458
2463
2462
2457
2458
2457
2457
2455
2454
2453
2450
2451
2450
2453
2451
2452
2448
2448
2447
2448
2447
2448
2448
2444
2448
2447
2445
2447
2445
2442
2440
2439
2440
2443
2438
2438
2439
2438
2437
2436
2437
2433
2433
2434
2433
2432
2431
2431
2656
2654
2653
2650
2647
2645
2649
2646
2643
2642
2645
2640
2642
2640
2640
2640
2640
2639
2639
2635
2640
2639
2634
2637
2637
2629
2631
2629
2626
2627
2629
2629
2624
2627
2625
2627
2625
2624
2623
2623
2619
2621
2617
2619
2618
2619
2615
2613
2615
2611
2842
2839
2833
2836
2833
2832
2835
2832
2831
2829
2825
2830
2829
2826
2826
2827
2822
2821
2826
2821
2821
2816
2817
2814
2815
2814
2815
2814
2815
2810
2806
2812
2803
2807
2806
2805
2800
2801
2801
2800
2800
2800
2800
2799
2797
2799
2795
2795
2794
2790
3024
3021
3020
3019
3017
3017
3015
3007
3012
3008
3007
3011
3008
3006
3008
2999
2998
2999
2994
2993
2994
2993
2992
2992
2992
2992
2992
2990
2990
2985
2985
2983
2982
2982
2979
2977
2979
2977
2975
2974
2974
2971
2969
2969
2973
2970
2965
2966
2963
2960
3206
3207
3205
3203
3202
3203
3203
3199
3198
3195
3195
3190
3190
3188
3187
3184
3183
3184
3184
3179
3178
3181
3179
3177
3173
3176
3170
3167
3166
3165
3161
3162
3162
3158
3155
3157
3152
3152
3152
3152
3150
3147
3146
3145
3141
3145
3143
3141
3139
3141
3413
3413
3415
3411
3409
3407
3405
3402
3399
3398
3395
3393
3391
3394
3392
3386
3382
3380
3382
3377
3378
3375
3376
3375
3372
3367
3362
3366
3360
3362
3357
3361
3354
3347
3351
3346
3349
3347
3344
3343
3339
3341
3335
3330
3334
3331
3329
3327
3329
3325
2470
1734
1118
592
157
41
43
46
48
48
51
54
58
61
62
63
64
64
69
69
76
76
77
79
80
82
83
84
85
87
91
95
96
99
98
100
105
104
108
109
112
112
112
112
112
115
118
122
122
125
342
341
341
345
348
346
348
351
353
354
355
355
358
358
365
365
363
367
368
368
370
372
371
377
375
378
375
379
380
383
384
384
385
387
387
390
395
391
396
399
400
398
399
401
405
403
404
410
410
413
624
625
626
627
630
631
634
631
634
638
638
640
638
639
642
643
640
645
643
645
649
647
651
653
655
654
656
657
656
658
659
660
661
661
661
667
666
669
671
670
670
671
675
674
677
679
675
675
679
683
899
901
899
901
901
902
903
909
904
903
909
906
912
912
909
911
912
912
913
912
916
915
913
917
919
921
921
923
923
926
925
926
930
927
929
929
929
930
931
933
933
931
934
938
938
943
939
943
941
941
1171
1168
1168
1172
1168
1170
1175
1172
1170
1174
1178
1173
1175
1175
1174
1178
1178
1178
1179
1179
1182
1181
1182
1183
1182
1187
1184
1186
1186
1186
1190
1186
1191
1186
1190
1191
1191
1194
1195
1193
1195
1195
1196
1199
1200
1198
1198
1200
1200
1200
1421
1417
1419
1418
1414
1418
1419
1418
1423
1424
1419
1424
1420
1420
1422
1423
1424
1424
1424
1424
1424
1424
1425
1425
1425
1424
1425
1426
1429
1428
1426
1427
1430
1430
1426
1428
1429
1429
1431
1428
1431
1431
1429
1433
1434
1434
1433
1434
1435
1433
1653
1653
1650
1652
1653
1652
1653
1651
1651
1657
1653
1654
1651
1654
1652
1655
1653
1651
1658
1654
1653
1654
1655
1654
1654
1661
1658
1653
1655
1655
1657
1657
1657
1659
1658
1660
1657
1663
1659
1662
1659
1662
1659
1658
1661
1659
1659
1660
1662
1658
1875
1874
1874
1872
1875
1876
1872
1873
1874
1875
1872
1872
1875
1873
1873
1872
1875
1872
1875
1874
1872
1873
1872
1875
1872
1873
1873
1871
1876
1872
1872
1872
1873
1872
1872
1872
1875
1872
1873
1873
1871
1872
1872
1873
1872
1872
1872
1872
1872
1872
2077
2070
2073
2069
2071
2066
2067
2067
2069
2069
2066
2069
2065
2070
2069
2064
2068
2065
2065
2066
2064
2064
2065
2065
2065
2065
2064
2065
2064
2064
2064
2064
2065
2064
2064
2064
2064
2064
2061
2064
2062
2061
2064
2064
2061
2064
2062
2060
2061
2060
2276
2273
2274
2270
2271
2271
2269
2273
2269
2273
2271
2269
2268
2269
2266
2267
2265
2265
2266
2265
2262
2262
2263
2263
2262
2262
2263
2261
2259
2257
2261
2260
2261
2259
2258
2259
2259
2256
2256
2256
2255
2255
2256
2256
2256
2255
2255
2255
2256
2255
2462
2462
2459
2463
2461
2457
2451
2455
2458
2454
2455
2454
2451
2448
2451
2453
2450
2451
2448
2450
2448
2446
2445
2448
2447
2446
2447
2443
2445
2444
2443
2443
2446
2445
2442
2442
2437
2439
2440
2438
2437
2435
2439
2434
2435
2435
2432
2433
2431
2432
2649
2650
2651
2652
2649
2645
2644
2645
2642
2642
2642
2641
2643
2642
2640
2640
2640
2639
2636
2637
2637
2637
2631
2635
2635
2631
2631
2631
2630
2631
2626
2625
2624
2624
2627
2623
2624
2624
2623
2622
2622
2619
2619
2621
2619
2622
2618
2614
2618
2609
2838
2839
2832
2834
2833
2834
2833
2832
2832
2830
2830
2827
2827
2829
2829
2830
2823
2822
2820
2821
2817
2819
2818
2819
2815
2814
2815
2813
2810
2810
2811
2809
2806
2805
2803
2809
2803
2803
2802
2800
2800
2800
2798
2798
2797
2796
2797
2793
2790
2797
3024
3020
3023
3013
3015
3013
3017
3010
3012
3009
3009
3008
3008
3003
3007
3001
3001
2998
2999
2999
2994
2992
2993
2992
2989
2992
2990
2989
2986
2985
2986
2987
2980
2979
2977
2981
2979
2978
2975
2978
2975
2973
2967
2972
2967
2967
2965
2970
2965
2961
3210
3211
3207
3206
3203
3201
3201
3198
3198
3198
3191
3194
3190
3189
3185
3185
3187
3184
3182
3182
3182
3177
3181
3175
3175
3170
3172
3170
3167
3165
3164
3166
3163
3158
3158
3158
3154
3157
3152
3152
3152
3150
3151
3150
3142
3140
3139
3140
3137
3136
3414
3421
3410
3409
3408
3407
3406
3398
3397
3394
3398
3393
3392
3392
3387
3385
3383
3378
3379
3378
3376
3377
3376
3371
3367
3364
3366
3363
3365
3357
3360
3356
3357
3354
3351
3345
3347
3344
3344
3344
3342
3339
3338
3334
3331
3330
3331
3327
3328
3325
2475
1737
1119
598
162
43
45
45
48
52
50
55
59
58
64
64
64
64
67
71
75
77
77
79
81
81
85
86
90
86
86
95
95
94
102
98
103
106
108
107
111
112
115
112
114
119
122
119
125
123
339
339
345
341
349
346
347
351
350
355
357
359
359
362
363
368
368
367
367
368
370
373
373
370
374
379
381
383
381
382
383
385
390
385
394
390
393
395
395
395
400
400
399
405
405
402
404
407
410
413
624
625
629
626
629
634
632
631
633
632
635
635
641
642
640
642
645
644
643
646
647
650
654
654
651
655
653
656
656
658
659
661
663
661
659
666
663
665
669
672
671
673
671
678
678
677
677
679
681
681
901
899
899
901
903
903
905
902
909
906
909
909
911
912
911
912
912
912
914
913
912
919
917
915
921
918
922
922
927
921
925
928
927
928
927
929
929
929
931
933
934
934
938
935
942
939
944
941
941
944
1169
1168
1169
1168
1171
1172
1168
1171
1174
1173
1178
1173
1179
1177
1175
1179
1177
1181
1179
1181
1180
1183
1183
1185
1185
1183
1185
1184
1187
1186
1189
1188
1189
1191
1189
1190
1189
1193
1196
1194
1195
1194
1195
1200
1199
1197
1200
1200
1200
1199
1419
1418
1418
1420
1419
1419
1419
1422
1422
1421
1421
1424
1423
1423
1424
1424
1423
1424
1423
1424
1424
1424
1424
1426
1424
1424
1425
1425
1431
1425
1426
1427
1425
1429
1427
1427
1430
1429
1431
1431
1429
1431
1431
1433
1435
1436
1434
1436
1438
1435
1653
1654
1654
1649
1649
1650
1651
1653
1655
1653
1653
1653
1653
1653
1653
1651
1651
1653
1653
1650
1656
1652
1653
1654
1657
1652
1655
1654
1657
1657
1655
1656
1658
1659
1659
1659
1658
1661
1658
1659
1661
1659
1661
1655
1655
1661
1661
1655
1659
1659
1876
1876
1873
1874
1873
1872
1873
1872
1873
1872
1872
1872
1872
1873
1873
1873
1874
1872
1872
1873
1872
1872
1872
1871
1873
1873
1875
1874
1872
1872
1872
1872
1872
1872
1873
1872
1872
1872
1872
1873
1872
1872
1872
1872
1872
1872
1871
1872
1872
1872
2070
2070
2069
2071
2070
2069
2069
2066
2069
2070
2068
2066
2065
2065
2066
2066
2066
2064
2067
2065
2064
2069
2064
2065
2064
2065
2064
2064
2064
2064
2062
2064
2064
2064
2064
2064
2062
2064
2063
2065
2063
2063
2061
2063
2061
2063
2063
2061
2063
2059
2275
2273
2273
2270
2272
2272
2268
2269
2269
2268
2267
2267
2265
2265
2261
2262
2263
2262
2263
2263
2263
2262
2260
2261
2261
2263
2258
2262
2260
2261
2258
2262
2256
2257
2258
2256
2257
2258
2256
2256
2257
2255
2256
2254
2254
2255
2256
2253
2253
2255
2463
2461
2459
2460
2459
2459
2455
2458
2452
2456
2453
2450
2452
2451
2449
2451
2451
2448
2448
2450
2448
2448
2447
2448
2447
2448
2448
2443
2445
2445
2443
2443
2439
2441
2441
2442
2439
2442
2438
2436
2436
2433
2437
2432
2433
2432
2434
2430
2432
2431
2653
2650
2651
2646
2647
2645
2643
2644
2642
2642
2643
2641
2641
2640
2640
2640
2640
2638
2638
2639
2636
2638
2631
2633
2630
2634
2629
2630
2631
2629
2626
2627
2627
2628
2624
2624
2623
2624
2624
2620
2622
2622
2620
2618
2619
2620
2617
2618
2613
2613
2838
2834
2833
2832
2834
2833
2832
2832
2831
2831
2827
2827
2827
2827
2822
2827
2825
2821
2819
2817
2816
2817
2816
2815
2815
2815
2813
2810
2812
2806
2809
2805
2806
2803
2801
2802
2801
2800
2800
2800
2800
2800
2797
2800
2799
2795
2796
2794
2793
2797
3024
3024
3019
3017
3019
3017
3015
3009
3010
3011
3008
3009
3003
3004
3006
3003
3004
2998
2999
2997
2994
2993
2992
2994
2992
2992
2989
2987
2987
2986
2985
2986
2981
2980
2980
2977
2974
2975
2975
2971
2969
2971
2970
2965
2965
2964
2961
2963
2961
2960
3209
3206
3206
3205
3200
3201
3200
3199
3197
3196
3194
3193
3190
3185
3187
3185
3184
3184
3181
3184
3178
3178
3179
3173
3174
3167
3169
3166
3165
3165
3163
3159
3156
3159
3155
3155
3152
3152
3152
3151
3149
3150
3150
3146
3147
3141
3138
3142
3139
3137
3421
3410
3409
3410
3408
3406
3406
3404
3402
3395
3394
3394
3390
3389
3388
3386
3386
3380
3379
3379
3376
3376
3373
3376
3371
3366
3363
3365
3359
3359
3358
3355
3355
3351
3351
3345
3345
3344
3344
3344
3339
3340
3339
3338
3335
3332
3333
3329
3325
3326
2478
1744
1121
598
163
43
45
48
48
54
54
54
58
57
62
63
65
65
67
73
73
74
78
78
79
80
80
83
86
90
90
97
93
96
98
101
102
107
106
107
111
109
112
114
113
116
119
118
126
125
341
341
345
345
346
347
351
351
353
356
355
357
357
359
365
365
366
366
367
368
368
369
371
374
374
379
379
379
382
384
384
387
386
390
389
389
393
394
398
399
400
399
401
401
405
403
411
406
410
414
625
625
625
627
627
631
629
633
632
635
640
640
643
641
638
643
645
645
651
647
647
651
647
655
651
656
655
657
656
657
659
659
661
662
666
663
666
665
669
671
671
672
674
673
675
675
678
677
681
685
901
898
896
898
905
903
906
903
908
905
908
910
910
908
912
912
910
912
914
914
914
917
918
918
918
919
917
922
921
919
926
928
927
928
930
931
931
930
933
935
931
935
937
939
941
941
939
938
942
942
1168
1168
1169
1169
1173
1170
1169
1170
1177
1173
1178
1174
1175
1179
1177
1177
1179
1181
1179
1179
1181
1182
1179
1182
1184
1186
1184
1181
1183
1188
1185
1186
1186
1187
1189
1193
1189
1194
1189
1193
1191
1194
1193
1196
1194
1200
1198
1200
1200
1200
1420
1420
1424
1417
1420
1417
1419
1421
1421
1422
1422
1422
1424
1423
1425
1424
1424
1424
1425
1424
1424
1424
1424
1424
1427
1429
1428
1426
1425
1426
1427
1426
1429
1427
1429
1427
1430
1429
1433
1430
1433
1435
1429
1433
1429
1434
1431
1434
1433
1436
1655
1653
1651
1653
1651
1653
1651
1651
1653
1654
1651
1653
1655
1655
1653
1654
1652
1654
1653
1655
1655
1655
1658
1654
1657
1654
1655
1657
1653
1659
1658
1655
1653
1658
1657
1657
1659
1661
1659
1655
1660
1662
1658
1660
1659
1659
1661
1659
1659
1663
1877
1875
1873
1873
1873
1875
1874
1874
1872
1873
1873
1872
1877
1873
1872
1872
1874
1873
1873
1872
1875
1872
1873
1872
1872
1872
1872
1872
1872
1872
1872
1872
1875
1871
1872
1872
1872
1872
1873
1873
1873
1873
1872
1872
1873
1874
1871
1872
1872
1872
2070
2070
2074
2071
2071
2069
2069
2069
2070
2065
2066
2069
2066
2065
2066
2066
2067
2067
2064
2065
2063
2065
2064
2064
2065
2064
2064
2064
2065
2065
2064
2063
2064
2064
2065
2064
2064
2064
2064
2064
2066
2063
2062
2062
2061
2062
2059
2063
2064
2061
2275
2273
2274
2274
2273
2270
2271
2271
2270
2269
2271
2270
2269
2267
2265
2267
2263
2265
2265
2263
2261
2261
2263
2259
2260
2262
2263
2259
2258
2262
2258
2259
2259
2256
2256
2256
2256
2257
2256
2256
2256
2256
2256
2256
2257
2256
2256
2255
2255
2255
2459
2463
2458
2459
2458
2460
2458
2455
2453
2454
2454
2451
2450
2451
2450
2448
2449
2449
2447
2449
2448
2446
2448
2447
2448
2447
2447
2448
2447
2446
2445
2443
2443
2443
2442
2439
2442
2437
2434
2439
2436
2441
2435
2438
2435
2435
2435
2431
2432
2432
2656
2653
2650
2653
2649
2646
2644
2643
2643
2641
2647
2641
2641
2640
2640
2640
2640
2640
2637
2637
2635
2638
2637
2635
2635
2634
2629
2631
2626
2628
2630
2627
2631
2624
2625
2625
2624
2624
2622
2623
2623
2619
2621
2621
2623
2618
2619
2617
2614
2612
2838
2834
2837
2833
2834
2832
2832
2832
2832
2828
2828
2829
2823
2823
2822
2823
2823
2821
2820
2819
2818
2818
2817
2817
2814
2815
2815
2811
2811
2811
2803
2809
2807
2806
2807
2803
2804
2801
2800
2800
2800
2800
2799
2795
2798
2795
2794
2793
2793
2794
3024
3023
3021
3020
3015
3012
3013
3011
3013
3013
3009
3005
3007
3005
3005
3002
3003
3002
2999
2997
2996
2996
2993
2992
2994
2992
2992
2992
2989
2989
2982
2983
2983
2982
2983
2979
2980
2979
2978
2974
2975
2973
2971
2970
2970
2966
2964
2966
2960
2964
3211
3209
3209
3205
3202
3201
3201
3202
3197
3196
3195
3195
3193
3189
3185
3184
3185
3184
3182
3183
3177
3175
3175
3174
3171
3170
3170
3165
3167
3166
3167
3161
3157
3159
3156
3155
3154
3154
3153
3152
3147
3146
3148
3143
3142
3142
3140
3137
3140
3137
3419
3411
3410
3408
3408
3407
3401
3402
3401
3399
3394
3395
3391
3389
3388
3381
3386
3378
3377
3376
3376
3373
3374
3373
3372
3371
3365
3363
3359
3363
3357
3359
3356
3351
3347
3349
3348
3344
3344
3344
3344
3338
3339
3335
3335
3335
3330
3326
3325
3327
2480
1741
1124
597
161
37
45
45
48
49
55
58
58
63
64
62
66
66
68
71
74
77
76
80
79
81
81
82
86
93
91
96
94
98
97
97
101
106
105
108
112
112
112
114
118
117
122
122
121
123
342
339
343
349
347
346
347
353
354
355
354
357
359
362
363
363
367
368
368
368
368
371
371
372
375
377
379
378
379
380
383
384
387
387
389
389
394
396
398
399
399
400
400
400
401
403
406
407
407
407
626
627
626
630
634
628
634
635
634
634
639
640
640
641
641
642
643
645
644
648
649
647
655
653
655
654
656
656
657
659
658
656
661
661
662
662
667
667
669
669
670
673
673
673
675
677
675
681
679
682
897
901
898
901
899
901
901
906
906
907
905
909
909
912
911
912
912
912
913
912
915
915
916
917
921
919
925
919
923
925
925
927
927
929
929
930
931
931
929
935
938
934
938
939
939
939
937
941
938
943
1169
1170
1168
1170
1169
1172
1169
1171
1175
1173
1174
1171
1174
1171
1175
1177
1179
1181
1181
1183
1183
1181
1181
1179
1185
1185
1184
1185
1185
1186
1189
1187
1189
1188
1191
1191
1189
1194
1191
1193
1195
1192
1198
1199
1199
1198
1196
1200
1200
1199
1421
1422
1419
1419
1421
1419
1418
1419
1419
1420
1424
1424
1421
1424
1424
1423
1424
1424
1424
1424
1424
1423
1424
1425
1425
1427
1426
1424
1426
1426
1428
1428
1426
1425
1427
1426
1431
1427
1431
1434
1429
1428
1431
1433
1434
1433
1435
1436
1435
1435
1651
1653
1655
1653
1654
1654
1651
1651
1653
1655
1650
1651
1653
1654
1653
1651
1653
1651
1650
1654
1653
1653
1653
1654
1658
1659
1655
1653
1651
1659
1655
1654
1658
1655
1657
1658
1659
1663
1659
1658
1658
1657
1659
1660
1654
1661
1662
1661
1661
1663
1874
1875
1875
1874
1874
1874
1873
1875
1874
1875
1877
1872
1872
1873
1874
1874
1873
1878
1872
1872
1873
1873
1873
1872
1872
1872
1873
1872
1872
1875
1872
1873
1873
1872
1872
1873
1872
1872
1872
1873
1872
1872
1872
1872
1872
1873
1872
1872
1873
1873
2073
2073
2069
2071
2070
2071
2066
2067
2069
2069
2066
2067
2067
2068
2065
2064
2069
2066
2065
2065
2065
2067
2065
2065
2064
2064
2064
2065
2064
2064
2064
2064
2064
2065
2063
2063
2064
2063
2064
2061
2064
2062
2063
2063
2061
2063
2064
2059
2062
2061
2274
2278
2271
2271
2273
2272
2269
2268
2269
2268
2269
2267
2269
2267
2268
2267
2265
2268
2266
2264
2262
2260
2261
2258
2260
2262
2258
2263
2260
2260
2261
2258
2256
2256
2257
2257
2257
2256
2256
2254
2256
2256
2256
2256
2256
2253
2256
2256
2254
2255
2463
2459
2460
2459
2459
2458
2458
2455
2458
2455
2454
2453
2451
2454
2451
2450
2450
2448
2448
2448
2448
2449
2448
2448
2448
2446
2445
2446
2447
2445
2441
2444
2443
2441
2443
2447
2441
2438
2441
2436
2437
2433
2432
2432
2434
2434
2435
2434
2432
2432
2654
2651
2653
2651
2651
2650
2647
2645
2642
2643
2641
2640
2643
2642
2640
2640
2638
2638
2638
2638
2639
2636
2637
2634
2634
2634
2630
2635
2633
2628
2624
2625
2624
2625
2627
2624
2624
2623
2624
2623
2624
2622
2621
2622
2619
2618
2615
2618
2619
2614
2837
2838
2837
2832
2835
2834
2832
2833
2830
2832
2827
2829
2827
2826
2823
2821
2827
2819
2821
2819
2821
2817
2815
2816
2816
2814
2811
2811
2813
2813
2813
2806
2807
2807
2807
2801
2804
2800
2802
2801
2800
2800
2800
2797
2796
2795
2797
2799
2794
2791
3024
3023
3022
3018
3019
3013
3011
3011
3011
3010
3013
3009
3007
3006
3001
3003
3001
3001
2996
2995
2994
2992
2992
2992
2992
2992
2991
2989
2987
2988
2983
2986
2985
2983
2981
2978
2978
2978
2976
2973
2973
2971
2970
2965
2964
2970
2962
2966
2961
2960
3211
3205
3207
3206
3202
3202
3195
3199
3195
3197
3191
3194
3187
3185
3189
3184
3182
3184
3182
3184
3178
3179
3181
3180
3171
3169
3169
3171
3166
3162
3163
3163
3158
3160
3158
3156
3153
3153
3152
3152
3151
3152
3149
3149
3148
3145
3145
3142
3145
3139
3414
3413
3408
3409
3407
3408
3405
3402
3403
3396
3397
3401
3395
3391
3391
3385
3390
3382
3377
3377
3376
3375
3369
3371
3370
3367
3367
3364
3361
3362
3359
3355
3359
3358
3349
3350
3347
3347
3344
3343
3344
3337
3338
3335
3330
3331
3330
3329
3326
3326
2480
1744
1122
599
167
42
45
46
48
48
51
53
59
59
62
65
64
65
71
71
71
74
77
80
79
81
85
85
91
90
92
94
95
93
99
100
101
105
107
112
111
112
112
114
114
116
118
121
122
126
340
342
344
348
349
351
352
351
352
352
355
355
361
362
359
361
368
368
368
368
369
369
370
369
375
378
382
382
381
381
386
384
389
391
390
388
391
390
394
399
400
400
400
402
402
403
404
407
412
413
624
627
624
626
634
633
634
634
634
637
637
636
640
641
645
649
643
644
646
649
647
651
653
651
653
654
656
656
656
658
656
661
662
660
662
665
667
669
667
673
673
675
675
673
675
679
679
677
679
681
900
899
901
903
902
900
903
905
907
908
905
909
910
909
911
912
912
912
913
914
914
917
914
917
919
916
923
922
923
923
923
926
927
928
929
929
931
934
935
930
935
936
938
936
938
935
939
942
941
943
1168
1168
1168
1168
1170
1169
1173
1171
1173
1173
1173
1174
1174
1177
1177
1175
1179
1182
1179
1180
1178
1182
1178
1183
1185
1182
1183
1188
1185
1186
1191
1187
1191
1186
1190
1197
1191
1193
1194
1195
1194
1194
1199
1195
1198
1200
1200
1200
1200
1200
1419
1418
1421
1419
1421
1420
1421
1421
1422
1423
1419
1422
1422
1424
1424
1423
1424
1424
1424
1424
1423
1424
1424
1427
1424
1425
1426
1424
1427
1427
1426
1427
1430
1426
1429
1433
1429
1431
1430
1435
1430
1431
1433
1429
1430
1429
1434
1433
1435
1437
1655
1651
1653
1653
1653
1650
1652
1655
1654
1654
1653
1653
1653
1653
1651
1654
1653
1654
1653
1653
1655
1657
1654
1653
1655
1653
1655
1657
1655
1658
1653
1653
1653
1655
1655
1659
1658
1657
1655
1657
1660
1659
1658
1657
1658
1655
1661
1662
1662
1661
1873
1875
1875
1872
1873
1872
1875
1872
1875
1874
1872
1873
1872
1875
1875
1872
1872
1874
1872
1873
1872
1872
1872
1872
1872
1873
1872
1872
1872
1872
1873
1872
1872
1872
1872
1871
1872
1872
1872
1872
1873
1872
1872
1872
1873
1872
1872
1872
1872
1872
2073
2069
2071
2069
2069
2070
2072
2067
2071
2067
2066
2068
2064
2065
2066
2066
2065
2064
2067
2064
2065
2064
2065
2067
2065
2065
2064
2064
2064
2064
2064
2064
2064
2063
2063
2063
2062
2063
2064
2064
2062
2063
2059
2064
2064
2064
2063
2062
2059
2060
2273
2274
2272
2275
2269
2272
2270
2269
2267
2267
2266
2266
2267
2267
2266
2267
2261
2263
2262
2263
2259
2262
2262
2259
2260
2261
2261
2259
2257
2260
2259
2261
2258
2257
2258
2256
2256
2256
2256
2259
2255
2256
2256
2256
2255
2255
2255
2255
2253
2255
2464
2459
2459
2461
2455
2461
2455
2455
2457
2454
2454
2452
2454
2453
2454
2450
2451
2448
2448
2449
2448
2449
2448
2448
2447
2446
2447
2443
2445
2443
2445
2447
2442
2439
2439
2438
2437
2437
2441
2437
2437
2442
2435
2434
2433
2433
2434
2431
2432
2431
2651
2651
2649
2649
2647
2651
2646
2646
2645
2643
2642
2641
2640
2640
2640
2640
2639
2639
2640
2639
2636
2637
2633
2635
2635
2629
2633
2629
2627
2627
2626
2626
2625
2627
2625
2624
2622
2623
2624
2622
2621
2619
2618
2618
2614
2615
2618
2615
2614
2613
2838
2838
2833
2832
2832
2833
2832
2830
2827
2832
2831
2829
2828
2827
2823
2822
2821
2819
2820
2818
2817
2815
2816
2813
2814
2815
2813
2810
2813
2807
2810
2807
2809
2809
2803
2804
2803
2801
2801
2801
2800
2797
2798
2799
2797
2796
2795
2797
2795
2793
3022
3021
3019
3021
3015
3013
3011
3009
3011
3009
3007
3007
3005
3003
3005
3003
3001
3001
2997
2997
2998
2993
2992
2992
2992
2991
2992
2991
2986
2987
2986
2983
2979
2981
2976
2977
2976
2975
2972
2975
2973
2975
2971
2967
2970
2969
2965
2963
2962
2960
3213
3207
3205
3204
3202
3200
3200
3197
3199
3193
3193
3189
3189
3185
3184
3184
3184
3184
3182
3182
3180
3181
3177
3174
3174
3171
3167
3169
3164
3166
3165
3158
3159
3155
3156
3152
3153
3152
3152
3152
3151
3150
3146
3147
3144
3141
3141
3142
3139
3138
3414
3414
3409
3408
3405
3406
3407
3401
3397
3394
3394
3394
3395
3387
3389
3383
3383
3377
3376
3379
3375
3374
3376
3373
3369
3365
3367
3366
3358
3359
3362
3357
3355
3351
3345
3347
3344
3344
3344
3342
3340
3337
3333
3332
3329
3333
3328
3328
3326
3327
2481
1744
1125
601
162
40
47
48
48
49
55
51
58
60
61
64
65
66
66
69
73
74
77
80
79
80
85
81
87
88
92
91
93
98
98
100
101
106
111
111
111
110
112
115
113
117
119
125
123
128
341
341
341
341
345
345
347
349
352
351
353
358
357
358
362
365
366
367
368
368
370
370
371
370
375
375
378
380
381
385
383
387
387
391
390
393
391
398
396
400
400
400
400
400
404
403
409
410
410
413
624
626
625
631
627
633
630
634
631
638
637
640
640
641
641
641
642
642
645
646
653
653
656
651
654
655
654
654
656
658
657
663
663
662
662
666
667
668
669
669
670
671
673
675
675
678
679
681
683
683
901
900
901
901
906
903
906
907
906
906
907
906
910
909
913
912
912
915
912
912
915
918
916
919
918
922
917
921
923
928
923
927
927
926
928
930
929
931
934
933
934
935
935
938
934
938
937
941
942
941
1169
1170
1169
1169
1167
1168
1168
1171
1168
1171
1175
1177
1174
1178
1177
1178
1180
1181
1183
1178
1182
1181
1181
1182
1182
1184
1185
1184
1187
1186
1189
1188
1189
1188
1189
1190
1189
1193
1194
1197
1194
1197
1197
1195
1199
1195
1199
1200
1200
1200
1417
1419
1417
1419
1421
1417
1421
1422
1421
1421
1422
1422
1423
1422
1424
1422
1423
1424
1424
1424
1424
1424
1424
1424
1423
1424
1425
1425
1427
1428
1430
1424
1428
1429
1429
1430
1430
1431
1431
1430
1435
1431
1431
1434
1434
1431
1431
1437
1434
1435
1655
1650
1652
1655
1653
1653
1650
1651
1654
1654
1654
1654
1651
1649
1655
1655
1654
1653
1653
1655
1657
1657
1653
1651
1655
1655
1655
1654
1658
1655
1660
1658
1659
1661
1655
1659
1662
1657
1655
1660
1661
1659
1658
1659
1657
1662
1663
1659
1659
1659
1878
1873
1875
1872
1877
1875
1872
1875
1875
1873
1873
1872
1872
1872
1874
1873
1871
1873
1874
1872
1875
1877
1873
1872
1875
1872
1872
1873
1874
1870
1874
1873
1875
1873
1873
1872
1872
1872
1872
1872
1872
1873
1872
1872
1872
1875
1872
1874
1873
1872
2075
2069
2070
2070
2067
2067
2070
2071
2067
2071
2069
2066
2066
2067
2069
2064
2066
2065
2064
2064
2066
2067
2067
2065
2064
2063
2064
2065
2064
2064
2064
2064
2064
2064
2064
2062
2064
2064
2063
2064
2061
2063
2061
2061
2060
2061
2063
2063
2058
2061
2272
2272
2270
2272
2273
2271
2269
2268
2270
2269
2271
2269
2270
2267
2269
2265
2267
2263
2263
2262
2268
2266
2263
2261
2263
2258
2257
2260
2258
2259
2257
2258
2257
2257
2257
2256
2256
2256
2256
2256
2256
2256
2256
2256
2255
2256
2256
2256
2256
2253
2459
2461
2459
2455
2459
2454
2455
2458
2453
2458
2451
2454
2448
2451
2449
2448
2450
2450
2449
2449
2447
2448
2445
2446
2446
2448
2443
2443
2446
2438
2438
2441
2438
2438
2437
2439
2437
2436
2435
2436
2434
2435
2437
2434
2432
2433
2432
2432
2433
2431
2651
2653
2651
2650
2650
2642
2645
2645
2645
2644
2645
2641
2641
2640
2640
2640
2639
2639
2635
2634
2638
2637
2634
2633
2635
2631
2633
2630
2629
2630
2627
2625
2625
2625
2623
2624
2624
2624
2622
2623
2621
2619
2617
2619
2620
2618
2618
2618
2615
2611
2839
2837
2837
2833
2835
2832
2832
2832
2831
2832
2828
2825
2827
2827
2823
2821
2825
2819
2819
2822
2816
2816
2815
2816
2814
2815
2812
2809
2812
2806
2809
2807
2806
2803
2806
2803
2803
2800
2800
2800
2800
2799
2799
2798
2794
2796
2793
2796
2794
2791
3023
3021
3022
3018
3014
3013
3010
3009
3009
3009
3006
3007
3008
3007
3006
3001
2999
3001
2997
2998
2994
2995
2993
2992
2991
2991
2991
2987
2989
2985
2985
2982
2983
2979
2977
2976
2978
2974
2977
2970
2971
2975
2974
2967
2963
2965
2966
2966
2963
2962
3211
3213
3207
3204
3200
3203
3201
3198
3199
3191
3190
3189
3185
3186
3184
3186
3184
3184
3181
3181
3175
3172
3173
3174
3175
3175
3168
3169
3168
3165
3161
3159
3158
3159
3156
3157
3156
3152
3150
3146
3149
3151
3147
3145
3143
3145
3137
3138
3139
3138
3417
3415
3411
3408
3408
3403
3404
3403
3397
3397
3395
3393
3387
3391
3387
3383
3385
3383
3377
3382
3376
3373
3375
3374
3370
3367
3365
3367
3359
3361
3358
3353
3351
3353
3346
3351
3347
3343
3344
3344
3338
3339
3338
3339
3334
3333
3327
3328
3327
3325
2480
1744
1126
599
163
39
42
46
48
49
51
55
55
62
61
64
64
64
64
69
73
74
80
77
81
83
83
83
84
91
87
94
95
95
98
101
101
102
106
105
109
112
112
114
114
115
118
118
122
126
341
339
342
343
347
347
349
351
351
355
358
359
355
361
365
362
365
368
366
368
368
371
371
373
375
375
379
378
383
382
384
386
386
389
390
394
393
397
394
397
399
400
400
402
401
402
405
407
415
410
624
627
627
627
636
631
634
633
635
633
637
641
640
642
643
641
643
645
645
647
646
647
654
654
655
657
656
655
656
656
657
659
662
661
665
665
669
667
670
671
667
673
676
675
677
675
679
679
681
678
900
897
898
901
899
903
906
906
908
910
910
911
909
909
912
912
912
913
913
913
912
912
916
917
915
919
922
923
923
926
926
927
930
926
925
930
931
933
931
935
932
935
935
937
942
940
939
939
944
943
1170
1168
1171
1169
1168
1172
1169
1171
1169
1172
1174
1174
1172
1178
1178
1177
1179
1177
1183
1181
1182
1181
1183
1178
1185
1185
1185
1185
1185
1187
1186
1187
1186
1188
1186
1190
1193
1191
1191
1195
1195
1197
1197
1195
1200
1199
1198
1199
1201
1200
1419
1414
1419
1421
1422
1420
1414
1419
1419
1422
1422
1423
1424
1421
1423
1424
1423
1421
1423
1424
1424
1424
1425
1424
1425
1427
1426
1425
1424
1424
1429
1427
1427
1430
1429
1425
1430
1429
1427
1431
1434
1430
1433
1431
1431
1435
1433
1434
1436
1435
1654
1661
1653
1650
1651
1653
1652
1655
1659
1654
1651
1652
1655
1649
1655
1651
1651
1651
1654
1657
1654
1655
1651
1655
1655
1653
1654
1658
1651
1657
1659
1657
1657
1656
1658
1659
1658
1657
1657
1659
1660
1659
1661
1659
1662
1661
1659
1661
1661
1660
1875
1875
1872
1877
1874
1874
1872
1872
1872
1872
1872
1874
1874
1872
1873
1874
1875
1873
1872
1873
1872
1872
1872
1872
1872
1872
1871
1872
1872
1873
1875
1874
1871
1872
1872
1873
1873
1873
1873
1872
1873
1875
1872
1872
1872
1872
1872
1872
1872
1872
2070
2074
2073
2068
2066
2070
2065
2073
2068
2067
2069
2066
2066
2069
2064
2064
2067
2064
2064
2066
2069
2064
2066
2064
2065
2064
2064
2064
2062
2064
2064
2064
2064
2062
2064
2064
2063
2063
2061
2062
2063
2063
2064
2064
2062
2063
2063
2064
2062
2062
2275
2275
2271
2273
2271
2271
2269
2267
2270
2268
2266
2266
2268
2270
2268
2262
2267
2263
2266
2263
2262
2263
2267
2263
2261
2259
2261
2256
2259
2258
2259
2260
2261
2256
2259
2256
2256
2256
2256
2256
2256
2253
2256
2257
2255
2256
2256
2256
2255
2252
2461
2463
2463
2462
2459
2458
2458
2458
2453
2455
2453
2451
2453
2451
2449
2455
2448
2448
2449
2448
2449
2448
2447
2447
2448
2447
2445
2446
2446
2439
2445
2445
2442
2445
2440
2439
2440
2437
2435
2437
2433
2439
2438
2434
2435
2434
2435
2432
2432
2433
2653
2653
2651
2650
2647
2646
2647
2642
2642
2642
2643
2641
2642
2640
2641
2640
2639
2640
2636
2637
2634
2634
2636
2635
2633
2635
2629
2628
2630
2627
2628
2625
2626
2626
2624
2624
2623
2623
2619
2622
2618
2621
2623
2615
2621
2618
2614
2615
2614
2608
2839
2838
2837
2832
2833
2832
2832
2833
2832
2829
2831
2830
2822
2823
2826
2827
2823
2821
2825
2820
2822
2817
2817
2813
2816
2813
2810
2813
2814
2809
2808
2806
2806
2809
2805
2801
2803
2800
2801
2800
2800
2799
2798
2798
2799
2794
2795
2793
2795
2790
3024
3022
3019
3017
3017
3014
3013
3013
3009
3008
3009
3006
3004
3007
3003
3002
3002
2997
2998
2994
2994
2992
2993
2993
2992
2990
2990
2991
2985
2989
2989
2983
2986
2978
2980
2978
2976
2975
2975
2973
2974
2969
2970
2968
2970
2967
2962
2967
2963
2963
3211
3207
3205
3206
3202
3202
3199
3199
3195
3197
3193
3189
3190
3187
3187
3185
3184
3184
3183
3181
3181
3177
3179
3173
3176
3171
3169
3169
3169
3167
3166
3162
3157
3159
3159
3157
3153
3152
3152
3152
3151
3149
3150
3147
3147
3146
3143
3143
3139
3136
3418
3419
3413
3408
3405
3406
3408
3401
3397
3394
3394
3396
3393
3389
3390
3386
3383
3382
3383
3377
3379
3376
3374
3375
3367
3370
3363
3359
3360
3357
3360
3361
3357
3350
3347
3349
3347
3344
3344
3344
3341
3343
3338
3337
3330
3332
3330
3327
3328
3324
2481
1745
1127
602
163
39
48
48
48
48
51
55
59
59
61
64
66
64
67
74
75
77
79
80
81
81
83
86
89
90
88
94
91
99
97
99
100
106
110
109
108
113
112
112
115
114
116
122
125
125
343
339
342
346
345
351
347
348
352
353
354
357
364
363
364
362
367
365
367
368
368
369
374
374
376
375
381
381
381
381
384
388
388
385
391
391
391
391
397
396
397
400
401
400
403
403
405
407
407
410
625
629
627
627
628
626
631
632
637
637
639
637
640
641
640
641
643
644
645
649
651
649
651
647
652
656
657
656
656
658
661
662
659
661
661
667
663
665
668
671
673
673
671
673
679
678
678
680
683
680
897
900
899
902
902
900
903
905
907
907
910
907
909
911
910
912
912
912
913
914
912
915
915
918
915
922
922
919
922
922
923
922
926
929
925
929
931
928
930
933
933
935
937
938
935
938
941
939
942
941
1168
1168
1169
1169
1173
1171
1170
1168
1175
1172
1169
1173
1175
1177
1174
1179
1183
1177
1182
1178
1179
1182
1183
1185
1183
1185
1184
1186
1183
1187
1189
1190
1189
1194
1191
1190
1190
1192
1195
1194
1191
1195
1197
1198
1198
1200
1198
1199
1200
1199
1418
1419
1418
1420
1414
1422
1422
1421
1421
1421
1422
1421
1423
1423
1422
1422
1424
1424
1424
1424
1424
1424
1424
1424
1425
1426
1424
1426
1425
1425
1425
1428
1426
1429
1431
1435
1426
1430
1431
1431
1431
1433
1431
1431
1430
1435
1435
1435
1437
1435
1649
1650
1652
1653
1653
1653
1651
1654
1651
1650
1651
1651
1650
1653
1652
1655
1654
1655
1654
1655
1654
1650
1654
1657
1655
1658
1658
1653
1652
1654
1659
1658
1660
1654
1653
1655
1657
1657
1659
1655
1658
1657
1659
1661
1660
1659
1659
1660
1661
1661
1874
1873
1874
1873
1872
1874
1875
1875
1874
1874
1872
1873
1873
1875
1872
1873
1874
1872
1872
1873
1874
1872
1872
1875
1872
1872
1872
1872
1873
1872
1872
1872
1872
1872
1872
1872
1872
1872
1872
1872
1872
1872
1872
1873
1872
1873
1872
1872
1872
1872
2071
2069
2069
2071
2074
2069
2069
2065
2067
2067
2066
2067
2066
2069
2065
2064
2066
2066
2064
2064
2065
2064
2066
2065
2065
2065
2064
2066
2064
2063
2064
2065
2064
2064
2064
2064
2062
2063
2064
2059
2062
2063
2063
2059
2063
2062
2063
2061
2063
2063
2274
2274
2272
2272
2271
2273
2272
2270
2269
2270
2269
2263
2267
2266
2266
2266
2265
2262
2261
2262
2262
2263
2259
2259
2261
2257
2259
2258
2260
2258
2256
2256
2258
2258
2256
2256
2256
2256
2255
2255
2256
2255
2256
2256
2254
2251
2251
2251
2253
2256
2462
2458
2459
2456
2458
2458
2454
2454
2453
2451
2453
2453
2451
2449
2453
2451
2451
2450
2448
2449
2448
2448
2448
2448
2445
2448
2447
2445
2443
2444
2442
2443
2444
2443
2437
2437
2439
2437
2434
2435
2438
2433
2437
2438
2434
2432
2432
2431
2433
2431
2650
2650
2647
2643
2647
2647
2643
2644
2641
2641
2643
2643
2642
2640
2640
2639
2639
2637
2638
2639
2637
2633
2633
2633
2634
2636
2630
2633
2629
2629
2626
2627
2629
2627
2624
2625
2624
2624
2623
2624
2624
2621
2621
2619
2621
2615
2617
2614
2612
2615
2838
2838
2837
2833
2837
2833
2831
2832
2832
2831
2828
2831
2826
2826
2825
2826
2828
2821
2819
2819
2817
2817
2815
2813
2815
2815
2814
2810
2813
2806
2807
2805
2804
2805
2802
2803
2802
2801
2799
2799
2800
2800
2797
2798
2799
2795
2796
2796
2793
2793
3021
3021
3022
3019
3019
3018
3014
3011
3009
3008
3009
3005
3007
3002
3001
3003
2999
3001
2994
2998
2994
2997
2992
2989
2992
2990
2989
2987
2989
2987
2982
2987
2979
2981
2977
2980
2978
2977
2974
2976
2971
2970
2969
2971
2967
2965
2966
2965
2961
2963
3211
3210
3206
3201
3201
3201
3199
3195
3194
3195
3193
3190
3190
3185
3187
3186
3184
3183
3184
3182
3181
3178
3174
3173
3171
3170
3169
3170
3170
3167
3166
3161
3159
3159
3156
3157
3153
3154
3152
3152
3149
3151
3147
3149
3146
3146
3141
3139
3138
3136
3413
3412
3413
3408
3408
3407
3406
3398
3402
3398
3398
3395
3396
3392
3389
3383
3383
3381
3379
3378
3375
3377
3376
3376
3370
3370
3363
3360
3361
3360
3357
3351
3350
3350
3351
3347
3349
3344
3344
3343
3341
3339
3339
3330
3330
3329
3331
3328
3326
3325
2485
1744
1130
603
162
45
44
47
48
50
49
54
55
58
63
63
70
64
66
69
75
74
78
78
80
80
81
89
86
88
86
91
95
99
98
100
101
105
107
109
110
109
111
113
116
113
120
118
121
128
341
339
342
346
346
349
346
348
353
352
356
358
358
359
362
364
365
366
368
368
368
370
374
373
375
378
378
378
382
385
384
384
386
386
387
390
390
395
394
400
400
399
400
401
403
404
405
407
405
413
625
624
624
628
633
633
632
631
631
637
637
640
639
641
645
640
641
643
647
649
644
651
655
650
653
654
656
654
656
657
656
660
663
661
665
661
667
667
668
671
671
672
671
677
677
675
678
679
679
681
897
896
900
902
901
905
901
906
906
907
905
909
908
912
912
912
912
912
913
914
915
914
914
915
916
917
921
925
921
925
925
925
926
927
927
930
929
929
935
931
934
933
932
938
938
939
941
938
942
942
1170
1168
1168
1168
1171
1170
1173
1169
1173
1174
1174
1175
1177
1175
1179
1180
1180
1181
1180
1179
1178
1183
1182
1180
1183
1181
1184
1184
1183
1185
1187
1187
1186
1189
1190
1189
1190
1191
1194
1194
1194
1197
1195
1194
1196
1199
1200
1198
1200
1200
1418
1421
1422
1422
1420
1419
1422
1419
1418
1423
1422
1421
1424
1424
1423
1423
1423
1424
1424
1424
1424
1425
1423
1425
1425
1426
1426
1426
1426
1426
1425
1428
1425
1425
1428
1424
1429
1434
1433
1428
1431
1431
1427
1434
1434
1430
1435
1434
1435
1434
1651
1651
1653
1651
1653
1649
1652
1651
1655
1655
1653
1653
1652
1653
1653
1654
1653
1655
1655
1655
1651
1654
1653
1653
1657
1655
1655
1658
1658
1658
1657
1653
1655
1657
1660
1658
1659
1659
1658
1657
1658
1658
1659
1662
1658
1659
1661
1662
1662
1659
1875
1877
1875
1875
1874
1875
1875
1872
1875
1873
1873
1874
1872
1873
1872
1874
1873
1873
1875
1872
1873
1874
1874
1872
1874
1872
1872
1872
1872
1872
1873
1872
1876
1873
1872
1872
1874
1872
1872
1872
1872
1872
1873
1872
1873
1872
1872
1872
1872
1872
2071
2068
2070
2073
2069
2066
2064
2069
2067
2064
2067
2067
2069
2066
2067
2067
2070
2065
2064
2064
2065
2065
2064
2064
2064
2064
2066
2064
2065
2063
2064
2064
2064
2062
2064
2064
2063
2064
2064
2063
2064
2064
2064
2063
2063
2064
2063
2062
2059
2059
2277
2273
2272
2272
2272
2270
2266
2269
2271
2270
2269
2267
2269
2268
2266
2265
2262
2263
2262
2263
2261
2265
2262
2262
2261
2260
2262
2263
2257
2259
2259
2256
2259
2257
2256
2256
2256
2257
2256
2256
2256
2256
2256
2256
2253
2256
2255
2256
2251
2254
2463
2462
2457
2461
2457
2457
2457
2454
2453
2454
2453
2452
2458
2453
2448
2450
2451
2450
2449
2451
2448
2448
2448
2448
2448
2448
2448
2445
2447
2442
2444
2446
2443
2441
2442
2444
2439
2436
2437
2437
2437
2437
2433
2432
2433
2433
2432
2432
2433
2432
2650
2653
2650
2650
2649
2647
2646
2643
2643
2645
2641
2640
2642
2640
2640
2640
2640
2639
2638
2638
2636
2634
2635
2635
2635
2633
2631
2630
2631
2635
2629
2625
2625
2624
2623
2624
2624
2624
2623
2619
2620
2619
2614
2622
2615
2619
2618
2615
2613
2618
2838
2837
2835
2833
2834
2832
2832
2831
2833
2831
2829
2827
2828
2823
2823
2823
2820
2821
2818
2822
2817
2816
2818
2814
2817
2814
2810
2813
2813
2811
2805
2805
2810
2806
2805
2802
2801
2800
2802
2800
2802
2800
2799
2797
2797
2795
2795
2798
2794
2795
3021
3019
3021
3018
3018
3013
3015
3013
3011
3011
3007
3006
3005
3006
3003
2999
3001
2998
2997
2995
2996
2995
2995
2992
2992
2992
2992
2990
2987
2985
2987
2987
2981
2983
2981
2974
2975
2978
2977
2973
2981
2967
2973
2972
2966
2970
2963
2965
2963
2961
3207
3206
3203
3206
3203
3200
3197
3199
3194
3195
3193
3189
3190
3187
3185
3185
3185
3184
3184
3181
3179
3176
3179
3177
3174
3171
3167
3168
3170
3170
3165
3163
3162
3159
3158
3155
3157
3157
3154
3151
3150
3151
3146
3147
3146
3145
3139
3141
3136
3139
3419
3413
3408
3408
3408
3401
3403
3407
3398
3399
3398
3392
3392
3390
3385
3386
3385
3381
3376
3377
3376
3375
3374
3371
3369
3363
3362
3363
3362
3359
3359
3356
3350
3349
3348
3345
3344
3347
3344
3338
3341
3335
3337
3334
3337
3336
3330
3329
3325
3326
2483
1751
1131
606
167
39
42
48
48
49
53
57
57
55
60
64
64
65
71
73
71
77
80
79
80
81
82
83
85
87
91
93
96
94
96
99
100
106
106
112
109
112
112
115
114
121
122
123
122
123
339
341
342
345
346
347
351
351
353
351
351
356
359
362
363
365
367
365
367
370
368
371
373
378
379
377
381
383
383
384
385
387
385
391
389
392
391
399
394
398
396
399
400
402
400
405
404
406
410
409
625
627
626
629
630
630
632
634
634
637
638
636
639
641
643
642
643
643
651
647
649
650
653
651
655
656
656
656
657
658
656
658
659
661
668
662
665
666
670
670
673
675
671
673
677
677
677
679
681
681
898
899
899
899
901
900
905
902
906
907
911
910
907
912
912
912
912
914
914
914
914
915
917
919
916
921
918
924
919
923
925
925
926
927
930
929
927
933
929
932
939
934
935
935
939
941
938
940
944
943
1168
1172
1170
1170
1170
1172
1172
1173
1171
1171
1173
1174
1175
1179
1175
1178
1177
1178
1182
1181
1179
1182
1181
1182
1185
1183
1185
1184
1186
1183
1185
1189
1191
1190
1189
1189
1194
1193
1196
1195
1195
1195
1194
1196
1196
1195
1196
1199
1200
1200
1421
1419
1418
1419
1419
1421
1421
1418
1423
1423
1423
1421
1424
1424
1424
1424
1424
1423
1424
1425
1424
1424
1424
1424
1423
1426
1425
1426
1425
1427
1428
1428
1427
1427
1427
1431
1431
1430
1426
1429
1434
1431
1431
1429
1430
1434
1435
1434
1439
1436
1653
1651
1653
1652
1653
1650
1650
1654
1653
1655
1651
1652
1659
1655
1653
1655
1654
1654
1655
1651
1653
1659
1654
1655
1657
1655
1654
1654
1658
1658
1659
1661
1658
1655
1655
1657
1656
1655
1661
1655
1658
1659
1655
1662
1661
1661
1661
1661
1659
1661
1873
1875
1875
1873
1879
1873
1873
1872
1872
1872
1872
1872
1874
1873
1874
1872
1872
1875
1872
1872
1872
1873
1872
1873
1873
1874
1872
1872
1872
1872
1872
1872
1872
1872
1872
1872
1872
1872
1872
1874
1872
1872
1872
1872
1872
1872
1871
1872
1872
1872
2074
2071
2069
2069
2068
2071
2065
2069
2068
2067
2068
2066
2067
2065
2067
2067
2065
2068
2064
2066
2066
2065
2064
2064
2064
2065
2064
2064
2064
2064
2064
2064
2063
2064
2064
2063
2063
2065
2062
2062
2064
2064
2063
2061
2064
2064
2062
2064
2063
2063
2273
2275
2273
2271
2271
2269
2270
2267
2267
2269
2267
2271
2268
2268
2269
2267
2266
2266
2263
2259
2261
2263
2263
2263
2262
2263
2262
2256
2263
2258
2257
2258
2259
2257
2256
2258
2256
2260
2256
2256
2256
2257
2253
2252
2256
2255
2256
2255
2251
2251
2463
2461
2461
2459
2460
2459
2458
2455
2454
2452
2450
2455
2448
2449
2451
2453
2448
2446
2448
2448
2448
2447
2446
2448
2447
2446
2446
2447
2443
2445
2445
2442
2439
2442
2438
2443
2442
2439
2439
2436
2438
2437
2435
2435
2435
2435
2434
2433
2433
2431
2654
2651
2646
2651
2646
2645
2646
2644
2643
2641
2640
2643
2642
2640
2640
2639
2639
2639
2638
2637
2637
2636
2634
2636
2635
2633
2629
2631
2629
2630
2630
2627
2626
2628
2623
2625
2624
2624
2623
2622
2623
2619
2621
2622
2618
2619
2618
2618
2614
2611
2839
2839
2832
2834
2832
2832
2832
2832
2831
2832
2832
2831
2828
2827
2827
2828
2821
2819
2821
2819
2820
2818
2817
2819
2816
2815
2813
2811
2814
2814
2810
2807
2807
2804
2805
2804
2806
2801
2802
2800
2800
2801
2799
2800
2799
2799
2795
2795
2794
2794
3024
3021
3018
3020
3022
3015
3014
3011
3009
3007
3008
3008
3007
3005
3005
3003
2996
2999
2999
2996
2995
2997
2994
2992
2991
2992
2992
2989
2989
2991
2985
2982
2985
2981
2979
2977
2978
2982
2975
2977
2975
2971
2973
2973
2965
2967
2965
2961
2962
2961
3211
3212
3206
3206
3201
3202
3199
3201
3195
3195
3195
3193
3186
3187
3188
3185
3187
3183
3180
3184
3179
3179
3175
3175
3173
3173
3169
3171
3169
3165
3164
3165
3162
3159
3156
3158
3157
3152
3154
3153
3152
3150
3148
3146
3147
3141
3142
3142
3141
3141
3411
3411
3410
3412
3408
3406
3405
3401
3403
3402
3397
3392
3389
3391
3391
3383
3389
3382
3376
3376
3377
3375
3377
3371
3373
3369
3369
3366
3361
3361
3353
3359
3355
3350
3355
3347
3346
3346
3344
3344
3342
3337
3335
3333
3333
3331
3329
3329
3331
3328
2490
1749
1133
602
167
44
43
47
48
49
53
57
61
61
63
65
69
66
71
69
73
75
79
79
79
80
86
86
85
87
90
92
98
98
98
97
102
105
108
107
112
112
114
113
121
114
117
119
125
125
339
341
338
343
347
346
351
353
353
353
353
359
356
359
363
366
365
367
370
368
368
369
370
372
376
378
379
381
382
383
385
384
386
389
391
390
393
392
400
398
397
400
400
400
405
409
405
403
410
410
626
627
627
628
631
632
631
635
634
634
640
640
635
641
642
645
643
643
644
646
650
650
649
655
655
655
656
656
656
656
658
657
656
659
663
663
663
668
669
670
670
671
669
675
681
678
677
681
679
682
896
900
901
901
902
901
906
903
909
907
910
909
911
910
912
911
912
915
912
913
917
914
917
917
914
919
922
919
924
926
922
929
927
923
929
928
931
932
932
935
935
935
935
939
941
941
942
941
943
943
1168
1169
1169
1170
1171
1168
1175
1175
1170
1173
1171
1175
1175
1175
1178
1178
1179
1179
1179
1178
1181
1180
1179
1183
1183
1186
1184
1183
1187
1186
1186
1189
1185
1191
1191
1190
1191
1190
1193
1194
1195
1195
1193
1194
1197
1199
1198
1197
1198
1200
1422
1419
1421
1415
1419
1421
1420
1419
1422
1422
1423
1424
1420
1423
1424
1424
1424
1423
1424
1424
1425
1424
1424
1424
1424
1424
1426
1425
1427
1426
1427
1428
1429
1427
1433
1430
1431
1428
1429
1428
1435
1430
1430
1433
1434
1432
1435
1431
1435
1437
1651
1650
1650
1652
1653
1650
1650
1652
1652
1652
1653
1651
1655
1650
1651
1654
1655
1651
1655
1653
1653
1653
1653
1653
1652
1655
1658
1657
1658
1658
1659
1653
1659
1658
1661
1655
1658
1657
1659
1659
1658
1661
1658
1663
1658
1661
1659
1658
1661
1659
1878
1873
1874
1874
1872
1876
1875
1876
1873
1872
1872
1877
1876
1872
1872
1874
1875
1874
1873
1872
1872
1873
1873
1874
1872
1875
1873
1877
1872
1872
1873
1872
1873
1872
1872
1873
1873
1875
1872
1871
1872
1872
1872
1872
1873
1872
1872
1872
1872
1872
2073
2075
2068
2073
2070
2070
2069
2065
2069
2069
2069
2067
2069
2067
2066
2065
2067
2066
2068
2065
2066
2066
2065
2065
2065
2064
2065
2064
2065
2064
2064
2064
2064
2064
2064
2064
2064
2064
2064
2064
2063
2063
2059
2059
2062
2057
2061
2061
2062
2058
2278
2272
2273
2273
2270
2273
2271
2267
2265
2269
2266
2269
2269
2269
2263
2265
2263
2265
2263
2266
2263
2263
2259
2265
2259
2260
2259
2258
2261
2260
2257
2258
2257
2257
2256
2258
2256
2257
2256
2256
2256
2254
2252
2256
2253
2256
2255
2254
2254
2256
2462
2464
2460
2459
2459
2455
2457
2454
2457
2450
2453
2448
2454
2454
2453
2451
2453
2449
2448
2447
2449
2448
2448
2448
2448
2448
2448
2447
2445
2441
2443
2445
2441
2441
2436
2443
2441
2441
2439
2441
2437
2434
2436
2435
2432
2433
2432
2433
2433
2431
2654
2653
2653
2651
2649
2646
2647
2643
2642
2643
2641
2640
2640
2640
2640
2637
2640
2640
2638
2639
2639
2637
2633
2634
2631
2631
2631
2629
2627
2631
2631
2630
2625
2626
2625
2622
2624
2625
2623
2620
2621
2620
2618
2617
2618
2615
2617
2614
2614
2614
2842
2837
2839
2834
2833
2832
2832
2832
2832
2832
2825
2824
2829
2826
2822
2825
2823
2822
2822
2817
2818
2819
2817
2817
2817
2815
2813
2814
2809
2811
2811
2810
2805
2807
2805
2801
2801
2802
2800
2799
2800
2800
2800
2800
2798
2799
2797
2797
2794
2791
3024
3019
3021
3018
3018
3017
3017
3013
3008
3013
3008
3009
3006
3008
3003
3007
3005
2999
3002
2998
2993
2996
2995
2992
2992
2992
2991
2992
2990
2986
2985
2985
2982
2981
2980
2979
2976
2977
2975
2977
2974
2971
2971
2973
2966
2967
2966
2964
2963
2960
3213
3207
3209
3205
3201
3207
3203
3200
3199
3195
3195
3195
3191
3187
3189
3185
3184
3186
3184
3184
3179
3181
3182
3174
3174
3174
3173
3169
3168
3167
3163
3161
3165
3159
3157
3154
3154
3155
3152
3151
3152
3150
3147
3147
3146
3143
3136
3139
3139
3139
3419
3410
3414
3408
3408
3407
3403
3403
3398
3399
3395
3398
3392
3387
3385
3385
3381
3377
3376
3376
3376
3373
3371
3371
3369
3367
3367
3363
3360
3362
3359
3359
3354
3346
3346
3345
3344
3347
3342
3346
3339
3338
3337
3337
3332
3329
3331
3328
3328
3327
2493
1750
1135
607
166
41
42
47
48
48
51
54
58
62
62
64
66
69
67
73
71
76
77
77
80
80
81
87
88
87
91
93
96
95
99
102
101
103
105
106
112
112
115
114
115
117
124
122
123
125
341
342
347
346
346
347
349
354
349
354
357
359
359
361
364
363
363
368
368
367
369
368
370
375
374
379
382
381
380
380
383
382
386
386
389
390
390
394
398
394
399
400
400
400
403
405
405
407
409
411
624
624
626
626
626
631
633
635
635
633
639
638
640
641
641
644
643
646
647
647
649
651
653
653
656
654
655
656
657
658
660
657
661
658
665
666
665
663
671
671
672
672
671
676
674
677
676
679
685
681
897
900
899
899
903
902
906
905
907
906
907
905
911
910
911
912
912
912
912
914
912
918
913
918
922
917
923
923
920
926
925
924
926
930
928
933
929
930
931
937
930
935
933
933
934
940
939
938
941
943
1169
1169
1168
1169
1168
1170
1170
1170
1169
1172
1172
1171
1173
1174
1175
1179
1180
1177
1179
1180
1183
1183
1184
1182
1183
1184
1188
1186
1186
1186
1187
1186
1189
1188
1190
1189
1194
1190
1193
1190
1195
1195
1195
1195
1197
1198
1199
1195
1200
1200
1422
1418
1421
1417
1419
1422
1422
1421
1423
1419
1424
1422
1422
1421
1424
1422
1424
1424
1424
1424
1424
1424
1424
1426
1424
1424
1425
1425
1427
1426
1428
1431
1426
1429
1430
1427
1430
1427
1430
1436
1429
1433
1430
1434
1430
1435
1431
1435
1436
1436
1654
1651
1651
1653
1649
1653
1654
1650
1655
1654
1652
1651
1654
1654
1655
1659
1654
1653
1652
1652
1655
1654
1657
1655
1658
1658
1655
1655
1655
1661
1655
1659
1655
1656
1657
1659
1657
1661
1659
1655
1655
1661
1664
1661
1661
1659
1656
1657
1663
1662
1875
1875
1873
1875
1872
1873
1872
1875
1872
1872
1873
1876
1874
1873
1873
1872
1872
1874
1872
1872
1872
1873
1872
1872
1873
1872
1872
1872
1873
1873
1873
1874
1872
1873
1872
1873
1875
1872
1872
1873
1873
1872
1872
1871
1872
1872
1875
1870
1871
1872
2070
2070
2073
2069
2067
2071
2069
2067
2070
2070
2067
2067
2068
2069
2065
2067
2064
2069
2064
2066
2067
2065
2064
2064
2064
2065
2065
2064
2065
2064
2067
2064
2064
2064
2064
2064
2063
2064
2063
2063
2062
2064
2062
2064
2061
2064
2064
2062
2062
2064
2273
2274
2271
2272
2272
2271
2269
2270
2271
2271
2269
2269
2270
2266
2266
2269
2266
2261
2263
2261
2262
2259
2261
2263
2260
2263
2259
2259
2259
2258
2256
2257
2260
2259
2256
2256
2258
2257
2256
2256
2256
2256
2253
2256
2256
2255
2254
2255
2255
2254
2463
2461
2461
2461
2458
2458
2455
2455
2457
2451
2454
2453
2451
2455
2455
2453
2449
2449
2448
2448
2449
2448
2448
2448
2447
2447
2446
2445
2445
2443
2439
2442
2439
2438
2439
2438
2437
2441
2437
2438
2434
2434
2434
2436
2433
2435
2433
2432
2433
2433
2657
2652
2654
2651
2649
2650
2644
2644
2643
2644
2642
2640
2641
2639
2640
2640
2640
2639
2635
2639
2639
2639
2631
2635
2631
2630
2627
2628
2629
2627
2628
2627
2628
2625
2626
2623
2625
2625
2625
2622
2621
2621
2623
2617
2619
2618
2618
2615
2617
2612
2837
2835
2835
2835
2833
2832
2833
2832
2832
2831
2832
2827
2830
2826
2823
2823
2818
2823
2818
2816
2815
2820
2816
2815
2815
2817
2812
2813
2813
2809
2806
2809
2802
2806
2805
2802
2801
2805
2803
2800
2800
2800
2799
2800
2799
2795
2798
2797
2795
2797
3022
3020
3021
3023
3017
3013
3013
3011
3010
3009
3009
3007
3005
3004
3002
3003
3003
2995
2999
2999
2995
2993
2994
2993
2992
2992
2992
2987
2986
2989
2985
2987
2980
2982
2979
2979
2977
2975
2976
2975
2974
2970
2971
2970
2967
2966
2963
2965
2960
2963
3214
3210
3207
3205
3201
3200
3200
3200
3199
3197
3198
3191
3186
3187
3187
3185
3184
3184
3179
3184
3183
3179
3178
3173
3171
3170
3167
3167
3165
3165
3166
3163
3162
3161
3158
3157
3154
3152
3152
3152
3152
3147
3151
3147
3146
3142
3142
3141
3137
3137
3417
3415
3411
3409
3405
3403
3399
3403
3399
3393
3392
3393
3393
3393
3389
3385
3381
3385
3378
3377
3376
3376
3372
3371
3367
3370
3369
3361
3363
3360
3360
3353
3351
3354
3351
3346
3346
3344
3344
3342
3344
3343
3332
3334
3334
3331
3334
3327
3326
3319
2492
1755
1136
606
171
42
46
48
48
49
51
53
55
58
64
65
64
64
70
70
71
77
79
80
80
82
81
83
83
89
92
91
96
95
100
98
103
103
107
111
110
112
112
114
117
117
117
121
123
125
341
340
345
343
346
349
348
351
349
356
357
359
362
359
363
363
367
368
368
369
369
369
373
373
371
374
379
382
383
382
384
386
384
387
390
391
393
396
399
399
398
400
402
401
403
403
406
407
407
411
626
628
626
628
630
629
630
632
635
635
638
640
642
641
642
641
643
642
646
648
649
651
651
655
653
654
656
656
656
657
661
661
659
658
663
663
662
667
667
670
672
670
671
674
673
675
677
681
678
682
897
899
902
901
902
901
902
905
908
907
909
909
907
911
912
914
912
912
912
912
915
917
916
916
919
918
918
919
919
922
923
926
926
930
925
929
928
929
933
933
935
934
931
935
942
939
939
940
941
944
1168
1169
1168
1170
1170
1171
1173
1169
1173
1173
1175
1173
1171
1178
1179
1178
1179
1179
1178
1178
1181
1183
1178
1183
1183
1183
1185
1185
1187
1186
1187
1188
1189
1189
1190
1187
1190
1195
1191
1193
1197
1197
1195
1196
1197
1197
1197
1199
1200
1200
1419
1419
1418
1419
1422
1422
1419
1424
1416
1422
1422
1420
1422
1422
1421
1423
1424
1425
1424
1424
1424
1424
1424
1424
1425
1424
1424
1425
1425
1428
1429
1425
1427
1430
1426
1433
1429
1431
1429
1437
1431
1430
1433
1434
1435
1433
1433
1435
1436
1438
1653
1653
1656
1655
1651
1652
1654
1654
1654
1657
1654
1651
1650
1653
1651
1654
1650
1655
1657
1658
1657
1651
1654
1654
1657
1657
1652
1654
1658
1653
1655
1657
1654
1659
1658
1655
1661
1658
1657
1659
1655
1662
1660
1660
1654
1661
1659
1658
1664
1661
1874
1876
1872
1873
1872
1872
1874
1876
1872
1872
1875
1873
1873
1872
1873
1873
1872
1872
1872
1872
1873
1874
1876
1872
1872
1872
1872
1872
1873
1872
1872
1872
1872
1872
1875
1872
1870
1873
1872
1872
1873
1873
1872
1872
1872
1873
1874
1872
1871
1872
2071
2071
2069
2071
2071
2071
2067
2070
2069
2066
2068
2068
2069
2069
2069
2067
2068
2069
2065
2065
2066
2066
2064
2067
2064
2064
2064
2064
2065
2064
2064
2064
2064
2064
2064
2062
2064
2064
2062
2064
2060
2063
2064
2063
2062
2061
2062
2059
2061
2062
2274
2274
2271
2274
2271
2270
2269
2269
2270
2272
2267
2269
2268
2271
2267
2269
2265
2267
2263
2265
2262
2264
2262
2261
2264
2262
2265
2261
2261
2257
2259
2259
2257
2256
2256
2256
2256
2256
2256
2256
2256
2251
2254
2255
2255
2255
2256
2255
2254
2253
2461
2461
2459
2460
2457
2458
2455
2455
2457
2456
2457
2450
2453
2449
2453
2448
2449
2450
2449
2449
2449
2448
2448
2448
2448
2446
2447
2446
2445
2445
2441
2445
2442
2443
2441
2439
2437
2439
2439
2438
2435
2435
2435
2438
2432
2433
2433
2433
2429
2431
2656
2655
2650
2652
2650
2647
2649
2645
2647
2643
2640
2643
2640
2642
2640
2638
2637
2637
2640
2637
2636
2636
2635
2633
2634
2631
2630
2628
2629
2629
2631
2627
2625
2626
2624
2624
2624
2624
2625
2624
2619
2623
2614
2618
2615
2617
2618
2618
2615
2615
2839
2839
2834
2833
2833
2832
2832
2830
2831
2829
2829
2831
2832
2828
2826
2825
2826
2822
2820
2817
2818
2815
2815
2816
2815
2811
2810
2815
2810
2807
2810
2808
2806
2805
2805
2803
2800
2801
2799
2800
2801
2797
2798
2799
2800
2798
2794
2795
2794
2795
3024
3019
3018
3018
3014
3013
3014
3012
3009
3009
3009
3007
3007
3005
3005
3003
3000
2999
2997
2997
2992
2994
2996
2992
2990
2992
2986
2987
2985
2989
2986
2983
2987
2981
2979
2977
2977
2979
2975
2977
2971
2974
2970
2973
2970
2967
2964
2963
2963
2962
3216
3211
3205
3206
3203
3200
3197
3199
3196
3199
3193
3190
3189
3189
3188
3187
3188
3182
3184
3179
3182
3177
3180
3179
3173
3174
3170
3169
3167
3165
3166
3162
3163
3159
3156
3155
3158
3152
3155
3152
3150
3152
3146
3145
3145
3146
3141
3141
3140
3139
3412
3413
3412
3410
3408
3406
3405
3398
3403
3395
3391
3396
3392
3387
3387
3389
3387
3381
3379
3376
3376
3375
3376
3373
3371
3370
3368
3364
3362
3359
3355
3354
3348
3351
3350
3349
3344
3344
3344
3343
3335
3338
3338
3335
3331
3327
3330
3329
3327
3326
2496
1757
1136
607
174
39
43
46
48
49
51
55
60
59
57
64
64
66
70
77
70
79
79
80
78
82
81
86
89
91
91
93
98
97
95
100
100
106
110
109
109
112
112
112
113
115
119
124
124
123
340
343
346
345
347
346
352
353
354
354
354
355
359
359
362
366
367
367
368
368
369
372
375
374
373
378
377
384
380
384
386
383
382
389
392
389
394
395
393
400
399
400
399
400
400
405
406
405
410
414
625
627
627
627
628
630
629
634
637
637
635
636
638
642
641
643
646
642
641
647
649
649
651
653
654
652
656
656
656
656
657
661
661
659
662
665
666
671
669
671
672
671
673
675
675
675
678
678
678
683
898
900
902
898
900
906
897
906
906
906
906
908
910
911
909
912
912
913
912
914
914
915
917
919
919
922
921
919
921
922
921
930
927
926
930
930
929
930
930
934
932
936
936
934
942
939
941
939
944
942
1168
1170
1168
1168
1172
1168
1171
1178
1172
1178
1175
1175
1175
1175
1175
1177
1178
1178
1178
1180
1177
1181
1185
1182
1183
1185
1186
1184
1186
1185
1186
1187
1189
1191
1191
1193
1191
1192
1193
1194
1198
1194
1194
1194
1198
1198
1197
1200
1200
1200
1419
1421
1423
1419
1417
1420
1418
1424
1423
1421
1424
1424
1422
1422
1420
1421
1423
1424
1423
1424
1423
1424
1424
1425
1424
1424
1424
1424
1425
1427
1426
1430
1429
1430
1430
1429
1429
1433
1431
1431
1435
1430
1434
1431
1433
1431
1434
1434
1430
1433
1651
1650
1651
1651
1651
1651
1654
1653
1649
1651
1649
1654
1651
1651
1653
1653
1654
1652
1653
1655
1655
1655
1658
1655
1655
1652
1654
1659
1656
1659
1658
1655
1658
1659
1658
1659
1655
1661
1660
1659
1660
1658
1661
1655
1658
1662
1658
1658
1659
1660
1875
1872
1876
1876
1874
1874
1873
1872
1874
1872
1872
1872
1871
1873
1872
1873
1876
1874
1873
1872
1872
1873
1874
1872
1873
1872
1874
1872
1872
1872
1872
1874
1872
1874
1872
1873
1872
1872
1872
1874
1872
1872
1872
1872
1872
1872
1872
1872
1872
1872
2073
2071
2071
2068
2069
2069
2065
2070
2068
2067
2066
2066
2066
2070
2066
2066
2068
2067
2064
2065
2064
2069
2064
2064
2064
2064
2064
2064
2066
2063
2064
2064
2064
2065
2064
2064
2061
2062
2064
2064
2064
2063
2064
2061
2062
2061
2059
2061
2061
2062
2275
2277
2273
2274
2272
2271
2271
2270
2271
2267
2269
2269
2270
2267
2263
2262
2266
2266
2265
2261
2259
2257
2260
2261
2261
2261
2263
2258
2262
2263
2257
2260
2259
2257
2257
2262
2257
2256
2256
2256
2254
2256
2255
2255
2256
2255
2254
2255
2255
2255
2463
2460
2459
2459
2459
2459
2457
2461
2455
2452
2450
2453
2451
2451
2451
2448
2448
2448
2448
2451
2448
2447
2448
2447
2448
2448
2448
2448
2445
2444
2444
2446
2441
2444
2443
2441
2445
2435
2439
2434
2437
2435
2437
2439
2434
2434
2436
2432
2432
2430
2651
2653
2653
2650
2650
2649
2645
2646
2647
2647
2643
2641
2642
2640
2639
2642
2640
2638
2635
2638
2636
2640
2637
2636
2633
2633
2631
2629
2628
2630
2627
2626
2623
2625
2624
2625
2625
2624
2622
2623
2621
2621
2621
2618
2620
2617
2619
2619
2619
2615
2838
2842
2835
2835
2835
2832
2832
2832
2832
2832
2832
2827
2828
2827
2826
2826
2820
2821
2821
2815
2816
2815
2818
2815
2815
2815
2811
2812
2811
2813
2807
2808
2809
2805
2805
2801
2805
2800
2800
2800
2800
2800
2800
2799
2797
2797
2795
2794
2791
2790
3023
3022
3020
3017
3014
3014
3011
3011
3012
3008
3011
3008
3008
3003
3003
3003
3001
2999
2997
2994
2995
2992
2992
2992
2990
2992
2990
2986
2989
2986
2982
2986
2979
2982
2979
2982
2976
2978
2975
2975
2971
2974
2966
2975
2971
2967
2966
2961
2964
2961
3207
3212
3207
3201
3204
3202
3203
3198
3200
3196
3195
3191
3191
3188
3186
3184
3184
3183
3182
3184
3177
3179
3175
3174
3174
3170
3171
3168
3167
3166
3164
3162
3162
3159
3158
3155
3152
3154
3152
3152
3151
3151
3147
3142
3146
3146
3137
3141
3138
3138
3417
3414
3410
3405
3407
3407
3406
3402
3403
3393
3395
3392
3390
3391
3387
3383
3382
3376
3377
3376
3375
3377
3367
3367
3369
3369
3367
3365
3362
3366
3362
3351
3355
3351
3347
3348
3347
3344
3342
3344
3343
3338
3339
3340
3333
3331
3333
3328
3323
3326
2502
1758
1136
609
173
39
45
47
48
51
50
54
61
62
59
65
64
65
70
68
72
77
80
79
80
83
81
83
86
91
92
96
97
96
101
103
103
107
109
109
112
112
114
114
117
115
120
121
125
122
341
341
342
340
346
345
349
353
350
353
353
359
359
357
363
367
366
366
368
368
369
371
370
378
378
382
381
384
385
383
385
383
388
388
393
391
392
394
395
397
399
400
401
402
402
400
406
406
409
410
624
627
625
628
628
633
633
631
635
636
635
639
640
641
641
642
645
647
646
649
647
654
650
654
653
655
655
656
656
657
658
662
657
662
663
663
666
667
665
674
671
675
675
678
679
674
678
681
683
683
899
899
902
901
902
901
901
902
905
907
909
911
909
908
912
913
912
912
912
915
912
915
917
918
917
921
917
922
921
925
925
926
924
926
928
928
930
931
933
932
935
932
935
938
939
939
934
940
939
941
1169
1168
1171
1171
1170
1178
1175
1172
1177
1173
1173
1177
1178
1175
1174
1178
1178
1177
1181
1182
1181
1179
1179
1183
1185
1185
1182
1193
1189
1186
1187
1188
1190
1194
1191
1192
1191
1191
1193
1189
1191
1194
1197
1200
1200
1200
1199
1198
1198
1200
1415
1417
1422
1422
1420
1422
1420
1419
1415
1419
1424
1424
1422
1422
1423
1425
1423
1424
1424
1425
1424
1424
1424
1424
1424
1425
1427
1424
1426
1426
1424
1427
1431
1430
1429
1431
1427
1428
1429
1429
1429
1429
1429
1433
1434
1435
1430
1435
1436
1435
1654
1651
1651
1650
1650
1653
1649
1650
1651
1650
1650
1651
1654
1654
1654
1654
1652
1653
1655
1651
1654
1655
1655
1657
1655
1657
1655
1654
1652
1655
1658
1654
1659
1652
1660
1654
1655
1661
1659
1653
1662
1657
1654
1661
1659
1658
1658
1658
1658
1661
1875
1872
1873
1872
1872
1873
1872
1874
1872
1874
1874
1872
1873
1872
1873
1873
1873
1872
1873
1873
1875
1874
1872
1872
1873
1872
1874
1872
1872
1872
1872
1872
1872
1873
1872
1872
1872
1872
1875
1872
1872
1872
1872
1872
1872
1872
1872
1872
1873
1873
2074
2074
2071
2074
2070
2069
2070
2070
2067
2069
2066
2069
2070
2070
2069
2065
2066
2065
2070
2065
2064
2064
2064
2065
2064
2064
2065
2064
2064
2064
2065
2065
2063
2064
2064
2064
2064
2062
2061
2063
2063
2062
2061
2064
2061
2060
2059
2061
2062
2061
2273
2272
2271
2271
2271
2269
2270
2270
2271
2267
2269
2269
2266
2268
2263
2263
2267
2259
2263
2260
2263
2263
2261
2259
2259
2260
2258
2257
2259
2258
2258
2261
2256
2259
2258
2256
2259
2256
2256
2257
2256
2256
2256
2256
2256
2253
2255
2254
2254
2253
2463
2461
2463
2460
2455
2458
2458
2454
2453
2451
2455
2453
2450
2453
2454
2451
2449
2449
2450
2448
2448
2448
2449
2447
2448
2444
2448
2445
2445
2445
2443
2443
2446
2442
2445
2443
2442
2441
2441
2437
2437
2434
2434
2437
2437
2432
2432
2433
2432
2431
2651
2647
2653
2647
2650
2650
2651
2645
2643
2646
2642
2643
2640
2640
2643
2640
2640
2640
2637
2640
2637
2635
2637
2633
2634
2634
2629
2631
2624
2629
2625
2627
2625
2627
2624
2627
2625
2627
2621
2624
2624
2623
2624
2620
2619
2618
2617
2615
2615
2614
2838
2839
2838
2833
2836
2833
2832
2832
2832
2831
2827
2829
2827
2827
2826
2825
2822
2820
2819
2822
2817
2817
2815
2815
2813
2815
2813
2814
2814
2813
2810
2805
2806
2806
2807
2802
2802
2803
2805
2800
2799
2800
2799
2797
2797
2797
2793
2791
2795
2793
3023
3023
3020
3018
3015
3015
3015
3014
3010
3010
3007
3008
3009
3005
3003
2999
2999
2999
2994
2994
2995
2992
2992
2995
2992
2992
2992
2992
2987
2987
2987
2983
2982
2987
2982
2979
2978
2977
2975
2975
2973
2971
2967
2969
2966
2966
2967
2967
2963
2964
3211
3211
3207
3206
3203
3200
3199
3201
3198
3199
3194
3194
3190
3188
3187
3187
3185
3184
3184
3178
3183
3179
3175
3181
3174
3173
3169
3169
3168
3167
3165
3163
3163
3162
3163
3161
3156
3152
3152
3152
3152
3149
3149
3147
3145
3147
3138
3137
3136
3138
3415
3413
3411
3408
3407
3408
3408
3402
3397
3399
3395
3398
3393
3389
3383
3383
3386
3377
3379
3376
3375
3375
3374
3374
3373
3371
3366
3362
3360
3359
3357
3351
3351
3350
3350
3347
3346
3345
3345
3345
3340
3339
3338
3336
3333
3330
3328
3328
3328
3323
2499
1760
1138
608
173
43
45
48
48
50
53
53
61
63
64
64
66
64
69
66
74
75
78
79
80
82
83
82
85
90
91
93
93
97
101
97
105
105
109
109
112
109
110
112
115
117
118
122
126
123
337
341
343
343
348
347
349
351
350
354
354
359
359
359
363
362
366
368
368
369
368
369
371
375
375
375
380
381
385
385
386
385
385
389
394
389
394
395
394
398
399
400
400
400
401
405
405
406
414
412
625
626
626
628
627
634
631
636
636
638
640
638
639
641
641
645
643
647
647
647
651
650
652
653
653
656
656
656
656
660
657
658
661
663
663
662
667
668
670
669
672
675
675
675
677
674
678
676
682
685
901
897
897
901
899
903
905
907
909
906
911
907
911
910
912
912
914
912
912
914
915
912
917
921
918
918
919
918
923
925
927
924
927
929
929
931
933
933
931
931
937
938
935
941
938
937
941
941
940
942
1170
1168
1167
1168
1170
1173
1172
1174
1173
1175
1173
1174
1171
1173
1176
1175
1175
1181
1179
1180
1180
1179
1183
1181
1182
1183
1186
1184
1184
1183
1187
1190
1190
1191
1190
1191
1189
1193
1197
1195
1197
1194
1196
1198
1198
1194
1198
1200
1197
1199
1418
1420
1419
1422
1421
1420
1421
1421
1419
1421
1421
1421
1422
1424
1424
1424
1424
1424
1423
1424
1424
1424
1425
1424
1424
1425
1429
1424
1424
1426
1426
1426
1428
1430
1427
1427
1430
1429
1431
1430
1433
1430
1430
1429
1430
1434
1435
1435
1430
1432
1651
1653
1648
1650
1652
1654
1650
1652
1653
1650
1655
1652
1653
1657
1652
1658
1654
1651
1655
1657
1658
1655
1654
1653
1655
1657
1653
1654
1654
1655
1658
1654
1658
1658
1657
1658
1659
1655
1662
1658
1657
1659
1658
1659
1662
1657
1662
1662
1659
1659
1878
1874
1874
1874
1873
1872
1872
1873
1874
1872
1874
1874
1872
1872
1872
1873
1872
1874
1874
1872
1872
1873
1872
1872
1873
1872
1872
1873
1872
1873
1876
1872
1872
1872
1872
1872
1872
1873
1872
1872
1872
1872
1872
1873
1872
1873
1872
1872
1872
1872
2069
2071
2071
2071
2071
2069
2067
2073
2069
2069
2065
2066
2065
2069
2068
2066
2064
2064
2064
2065
2064
2064
2067
2064
2064
2064
2064
2064
2064
2064
2063
2064
2063
2063
2064
2063
2063
2063
2063
2064
2062
2062
2064
2061
2061
2063
2061
2064
2062
2059
2273
2275
2271
2271
2269
2271
2272
2269
2269
2270
2263
2267
2268
2270
2267
2265
2268
2263
2267
2263
2262
2261
2261
2263
2260
2261
2262
2263
2259
2258
2257
2258
2257
2256
2256
2258
2256
2257
2256
2256
2256
2256
2256
2255
2256
2254
2252
2253
2253
2256
2462
2461
2459
2459
2457
2457
2455
2454
2457
2456
2452
2452
2449
2453
2451
2451
2451
2449
2450
2448
2447
2448
2448
2448
2448
2446
2448
2447
2447
2443
2444
2442
2439
2439
2438
2441
2439
2439
2438
2441
2437
2437
2435
2435
2433
2433
2434
2432
2431
2431
2651
2653
2651
2652
2645
2647
2646
2647
2642
2642
2641
2642
2639
2642
2640
2638
2639
2637
2637
2637
2635
2636
2631
2634
2630
2631
2631
2630
2631
2630
2626
2627
2625
2627
2625
2625
2621
2621
2624
2622
2622
2618
2621
2618
2620
2615
2616
2611
2615
2613
2839
2843
2835
2835
2835
2835
2833
2831
2831
2830
2831
2826
2827
2827
2819
2826
2822
2822
2821
2817
2817
2818
2816
2813
2817
2813
2815
2811
2810
2812
2810
2807
2806
2809
2807
2803
2806
2801
2800
2800
2800
2799
2800
2799
2798
2797
2795
2793
2790
2793
3021
3021
3019
3021
3018
3012
3015
3012
3010
3011
3011
3009
3007
3007
3007
3005
3001
2998
2999
2996
2997
2996
2993
2993
2993
2992
2990
2987
2990
2987
2987
2987
2982
2985
2979
2979
2978
2976
2978
2974
2972
2973
2971
2970
2967
2966
2965
2964
2965
2962
3209
3207
3203
3202
3203
3202
3201
3199
3199
3198
3193
3192
3193
3191
3185
3184
3185
3183
3180
3181
3182
3179
3175
3182
3169
3174
3169
3168
3166
3169
3163
3157
3158
3158
3155
3156
3152
3152
3154
3153
3150
3150
3152
3147
3139
3143
3141
3143
3136
3137
3417
3411
3414
3409
3407
3406
3404
3401
3404
3394
3398
3392
3392
3391
3386
3390
3386
3382
3382
3377
3378
3375
3375
3370
3369
3371
3363
3366
3363
3359
3358
3357
3355
3355
3349
3353
3345
3344
3344
3343
3339
3339
3334
3334
3329
3328
3333
3325
3327
3327
2499
1759
1136
607
174
42
42
45
48
50
53
54
55
58
62
64
64
68
65
73
69
71
80
80
80
81
81
82
87
90
91
95
95
97
98
99
101
105
108
111
109
112
112
114
115
119
116
120
124
125
342
342
346
342
347
345
351
352
354
356
354
359
356
361
361
367
366
365
368
367
368
369
372
372
373
378
379
383
382
385
385
384
386
387
390
393
391
393
394
398
400
400
400
404
401
401
402
406
410
410
625
624
630
627
630
634
634
633
632
635
637
640
640
640
640
641
641
644
643
647
647
651
647
655
654
654
655
656
659
659
659
661
659
662
661
667
663
666
668
670
666
670
675
672
675
678
678
678
682
681
899
902
897
903
906
903
906
903
906
905
908
908
911
912
910
912
912
912
913
913
914
915
915
917
921
923
918
921
923
925
922
922
925
923
929
931
931
929
933
934
931
932
937
935
934
939
940
940
943
944
1169
1169
1168
1169
1168
1174
1172
1171
1172
1171
1170
1175
1172
1174
1178
1175
1181
1174
1181
1181
1179
1183
1181
1185
1183
1183
1186
1184
1184
1184
1189
1185
1193
1188
1190
1195
1188
1193
1194
1194
1195
1199
1191
1194
1195
1197
1198
1200
1197
1200
1419
1415
1419
1422
1421
1419
1420
1419
1421
1421
1424
1420
1421
1424
1421
1423
1424
1424
1424
1425
1426
1424
1426
1426
1424
1424
1427
1427
1425
1427
1427
1428
1424
1429
1429
1429
1431
1427
1427
1431
1430
1436
1429
1434
1431
1434
1434
1438
1435
1438
1654
1653
1655
1654
1653
1651
1650
1651
1653
1650
1651
1650
1651
1654
1654
1653
1655
1651
1655
1654
1654
1653
1657
1651
1654
1657
1650
1655
1661
1654
1655
1655
1659
1654
1657
1659
1657
1658
1659
1658
1659
1659
1654
1655
1662
1661
1662
1663
1661
1663
1873
1874
1872
1874
1873
1875
1874
1872
1873
1873
1874
1873
1872
1875
1872
1874
1872
1874
1872
1872
1872
1872
1871
1872
1872
1872
1873
1875
1873
1872
1874
1872
1872
1872
1871
1873
1872
1872
1872
1872
1874
1873
1872
1872
1872
1872
1871
1873
1873
1872
2075
2073
2073
2068
2068
2067
2069
2067
2067
2067
2067
2071
2067
2067
2064
2066
2065
2067
2066
2064
2064
2064
2064
2066
2067
2064
2064
2065
2064
2064
2064
2064
2064
2064
2064
2063
2063
2064
2063
2064
2062
2062
2063
2062
2063
2061
2060
2062
2062
2064
2272
2272
2274
2273
2271
2272
2269
2268
2271
2267
2269
2271
2266
2266
2269
2263
2266
2263
2262
2269
2266
2261
2258
2262
2261
2260
2262
2256
2261
2259
2256
2256
2259
2256
2256
2257
2256
2256
2257
2258
2256
2256
2255
2256
2254
2255
2256
2251
2255
2251
2462
2461
2459
2455
2457
2459
2458
2458
2457
2453
2451
2453
2454
2454
2454
2450
2449
2450
2448
2448
2447
2448
2448
2448
2448
2446
2447
2443
2445
2440
2445
2444
2443
2439
2442
2441
2441
2442
2437
2442
2436
2441
2439
2433
2434
2432
2432
2433
2433
2433
2654
2654
2651
2647
2650
2647
2649
2647
2643
2644
2641
2642
2641
2640
2640
2640
2640
2638
2640
2634
2636
2635
2634
2633
2637
2631
2629
2630
2631
2631
2627
2626
2626
2626
2625
2625
2623
2624
2624
2623
2621
2624
2619
2619
2617
2618
2620
2615
2611
2615
2838
2836
2838
2832
2832
2835
2832
2831
2830
2829
2829
2826
2826
2827
2824
2825
2827
2821
2823
2823
2819
2817
2819
2818
2815
2815
2815
2813
2810
2811
2809
2807
2809
2805
2804
2803
2805
2800
2800
2800
2800
2800
2799
2797
2800
2799
2795
2794
2794
2793
3024
3023
3018
3019
3018
3017
3011
3010
3015
3009
3010
3007
3007
3007
3003
3004
2998
2999
2997
2999
2994
2993
2995
2991
2992
2991
2989
2992
2989
2987
2985
2983
2988
2981
2979
2978
2977
2977
2976
2975
2974
2971
2967
2967
2966
2966
2963
2965
2964
2962
3214
3207
3207
3203
3204
3201
3199
3200
3199
3197
3197
3194
3189
3186
3184
3186
3183
3184
3183
3184
3184
3181
3178
3175
3172
3168
3170
3170
3167
3166
3163
3163
3158
3159
3156
3154
3153
3153
3152
3152
3152
3149
3152
3145
3149
3146
3140
3139
3137
3138
3418
3415
3409
3408
3409
3408
3399
3406
3397
3399
3397
3393
3395
3390
3388
3386
3387
3382
3379
3379
3376
3376
3371
3375
3371
3366
3366
3361
3358
3363
3360
3358
3358
3349
3350
3346
3345
3347
3344
3344
3341
3341
3341
3334
3333
3330
3333
3328
3329
3327
2503
1766
1139
611
174
39
48
46
48
52
52
54
58
58
61
62
64
68
67
67
74
75
77
77
80
81
82
82
86
86
87
93
96
97
98
100
101
107
110
106
112
111
112
113
118
114
119
121
124
124
341
340
343
342
347
350
350
350
352
354
356
357
359
360
366
365
367
368
368
368
369
369
370
373
373
379
378
379
380
384
384
385
389
390
389
395
389
392
396
397
400
400
400
402
405
400
406
409
410
412
624
624
627
627
629
633
631
634
635
638
638
640
638
640
639
644
644
650
651
650
648
650
651
653
656
655
656
655
656
659
656
659
661
662
666
666
666
667
666
669
672
668
671
677
675
677
678
677
685
683
901
899
899
901
901
899
902
905
907
907
906
911
909
909
912
912
912
914
914
915
912
919
917
917
918
918
924
919
923
923
926
929
927
929
929
930
930
932
932
937
937
939
935
935
938
942
940
943
944
942
1168
1169
1169
1169
1172
1168
1173
1174
1173
1171
1171
1178
1173
1170
1179
1174
1179
1174
1179
1175
1181
1182
1179
1182
1184
1185
1185
1186
1187
1188
1186
1189
1187
1187
1189
1191
1187
1195
1191
1194
1196
1195
1197
1196
1199
1197
1200
1199
1200
1200
1420
1421
1419
1423
1421
1422
1421
1417
1419
1424
1421
1424
1424
1424
1424
1422
1422
1424
1423
1424
1424
1424
1424
1425
1425
1427
1427
1426
1424
1426
1425
1429
1427
1425
1427
1427
1429
1429
1430
1427
1426
1430
1429
1431
1437
1436
1434
1434
1435
1434
1655
1650
1653
1651
1651
1653
1653
1651
1651
1654
1653
1651
1655
1651
1652
1654
1653
1655
1651
1656
1654
1654
1655
1654
1657
1657
1653
1655
1653
1655
1659
1655
1658
1655
1660
1658
1657
1658
1655
1659
1661
1658
1661
1659
1658
1661
1659
1659
1658
1660
1877
1873
1875
1873
1874
1873
1873
1874
1873
1872
1872
1872
1872
1875
1874
1872
1871
1872
1875
1872
1872
1873
1873
1873
1872
1872
1872
1872
1874
1872
1872
1872
1872
1872
1875
1872
1872
1872
1872
1872
1872
1872
1872
1872
1872
1872
1872
1872
1872
1872
2074
2074
2070
2070
2068
2071
2067
2069
2070
2070
2066
2066
2066
2067
2064
2064
2066
2066
2067
2065
2065
2065
2066
2065
2065
2063
2064
2064
2064
2064
2064
2064
2064
2064
2064
2063
2064
2064
2063
2064
2064
2063
2063
2062
2060
2063
2063
2060
2062
2061
2277
2273
2272
2273
2270
2272
2273
2269
2273
2269
2266
2269
2269
2263
2271
2263
2266
2265
2265
2265
2263
2262
2263
2263
2260
2257
2257
2259
2262
2258
2258
2258
2256
2257
2257
2256
2255
2256
2257
2257
2256
2255
2254
2255
2254
2256
2255
2255
2255
2255
2463
2459
2459
2458
2461
2458
2458
2458
2457
2457
2451
2453
2454
2451
2450
2450
2449
2449
2448
2448
2448
2448
2450
2446
2448
2448
2447
2443
2441
2445
2443
2443
2444
2443
2443
2439
2439
2439
2435
2438
2434
2434
2435
2435
2438
2432
2433
2434
2432
2431
2653
2651
2651
2646
2644
2647
2646
2643
2645
2646
2640
2640
2640
2641
2640
2640
2636
2638
2637
2635
2638
2638
2635
2631
2635
2631
2631
2633
2630
2631
2626
2627
2626
2625
2624
2624
2624
2623
2621
2624
2619
2622
2620
2617
2615
2613
2618
2617
2615
2611
2841
2834
2838
2837
2832
2832
2834
2832
2832
2831
2829
2831
2828
2827
2827
2823
2825
2827
2823
2821
2819
2821
2819
2815
2815
2814
2814
2810
2809
2807
2811
2810
2807
2802
2803
2800
2801
2800
2801
2801
2799
2800
2800
2798
2799
2799
2796
2795
2794
2795
3023
3021
3021
3020
3019
3015
3013
3011
3009
3010
3007
3007
3008
3005
3005
3001
3002
2999
2998
2994
2994
2992
2992
2994
2993
2992
2992
2991
2990
2987
2986
2982
2985
2980
2980
2978
2977
2977
2977
2974
2973
2975
2967
2966
2970
2965
2965
2963
2963
2960
3211
3207
3210
3204
3205
3201
3201
3201
3202
3195
3195
3190
3189
3194
3186
3185
3184
3184
3183
3181
3180
3182
3179
3176
3171
3170
3174
3167
3168
3166
3163
3163
3163
3161
3157
3155
3155
3152
3152
3152
3150
3150
3147
3147
3145
3141
3141
3138
3137
3136
3419
3413
3411
3409
3408
3408
3406
3409
3399
3404
3396
3398
3391
3387
3387
3389
3379
3379
3376
3375
3376
3376
3376
3373
3371
3367
3365
3365
3357
3354
3357
3357
3350
3349
3347
3349
3344
3345
3344
3344
3339
3338
3338
3335
3330
3328
3329
3328
3325
3327
2511
1765
1141
614
175
42
48
46
50
50
55
55
58
59
59
63
65
68
70
71
75
73
80
80
80
80
81
87
87
87
89
93
94
96
100
102
102
107
109
112
112
111
112
113
114
117
119
121
121
127
341
339
344
346
346
350
350
350
351
354
354
357
359
359
362
363
362
366
368
371
371
371
373
374
374
376
379
381
382
385
384
385
384
387
391
391
395
390
397
398
399
400
400
398
405
405
402
406
409
411
625
627
625
627
628
628
633
633
636
639
640
639
641
640
643
642
645
647
645
647
649
650
652
652
654
652
657
656
656
659
659
661
659
662
661
663
668
663
669
670
672
671
672
675
676
679
679
681
685
686
899
899
900
902
902
907
906
905
906
907
907
910
912
912
909
912
912
912
912
913
914
915
918
919
918
918
923
919
923
927
927
927
930
926
929
930
930
935
929
933
934
937
932
938
941
937
943
943
944
941
1169
1169
1168
1170
1168
1171
1171
1174
1171
1174
1175
1175
1178
1179
1175
1178
1179
1183
1179
1179
1182
1184
1183
1184
1186
1184
1185
1187
1191
1189
1190
1189
1189
1190
1189
1197
1191
1196
1197
1193
1197
1197
1193
1196
1197
1199
1200
1200
1200
1202
1419
1418
1422
1421
1423
1417
1418
1419
1418
1423
1422
1421
1424
1424
1424
1424
1422
1424
1424
1424
1424
1424
1423
1424
1424
1425
1424
1428
1425
1425
1425
1427
1426
1430
1428
1429
1428
1431
1428
1429
1430
1433
1434
1433
1435
1435
1430
1437
1437
1438
1654
1651
1651
1653
1650
1648
1651
1650
1653
1655
1654
1651
1650
1655
1655
1655
1655
1654
1651
1651
1653
1655
1653
1655
1654
1654
1658
1655
1655
1654
1655
1658
1660
1654
1656
1659
1658
1658
1658
1659
1657
1659
1661
1658
1661
1658
1658
1663
1662
1659
1877
1874
1873
1874
1875
1877
1872
1873
1873
1873
1872
1872
1872
1873
1874
1872
1872
1872
1872
1872
1872
1874
1875
1872
1872
1877
1872
1875
1874
1872
1872
1872
1872
1872
1872
1872
1873
1873
1872
1872
1872
1872
1872
1873
1872
1872
1872
1872
1872
1873
2077
2073
2071
2069
2069
2069
2067
2069
2070
2066
2069
2066
2067
2067
2067
2070
2067
2069
2066
2066
2066
2066
2067
2065
2064
2065
2064
2064
2065
2064
2066
2065
2064
2064
2064
2063
2064
2063
2062
2063
2062
2063
2064
2060
2061
2062
2063
2059
2062
2060
2272
2275
2271
2271
2271
2270
2270
2269
2269
2269
2270
2268
2272
2263
2267
2265
2266
2266
2266
2266
2266
2265
2263
2262
2262
2265
2260
2261
2262
2258
2259
2256
2256
2257
2256
2257
2257
2256
2256
2256
2256
2255
2256
2257
2256
2253
2254
2254
2250
2253
2463
2462
2459
2459
2459
2453
2452
2453
2457
2450
2451
2452
2456
2454
2454
2451
2448
2448
2448
2448
2448
2448
2449
2448
2446
2446
2447
2447
2445
2443
2446
2445
2442
2445
2439
2442
2439
2441
2439
2438
2435
2438
2437
2433
2433
2433
2434
2435
2432
2429
2651
2653
2655
2650
2645
2651
2646
2645
2643
2646
2641
2642
2641
2643
2640
2640
2640
2640
2639
2638
2638
2635
2635
2637
2634
2635
2632
2631
2629
2634
2630
2630
2629
2624
2625
2624
2623
2624
2624
2624
2623
2619
2622
2621
2618
2618
2617
2615
2617
2613
2843
2838
2836
2838
2832
2832
2832
2832
2832
2831
2831
2830
2830
2825
2827
2823
2823
2823
2821
2822
2819
2819
2819
2816
2817
2815
2814
2815
2811
2813
2815
2811
2803
2807
2810
2803
2805
2803
2800
2800
2800
2800
2799
2798
2795
2799
2794
2795
2794
2794
3023
3021
3021
3019
3015
3016
3012
3015
3008
3008
3009
3008
3008
3008
3004
2999
2998
2999
2998
2997
2993
2993
2992
2992
2991
2991
2991
2991
2989
2990
2986
2986
2982
2979
2982
2980
2977
2977
2976
2975
2975
2974
2971
2969
2969
2966
2965
2967
2962
2964
3216
3209
3205
3206
3201
3201
3202
3201
3197
3199
3191
3189
3189
3187
3186
3184
3186
3184
3184
3184
3183
3181
3177
3175
3175
3173
3171
3170
3166
3163
3167
3164
3161
3155
3159
3156
3155
3153
3152
3149
3152
3150
3145
3149
3145
3143
3142
3139
3138
3138
3417
3416
3414
3409
3408
3407
3405
3401
3399
3395
3395
3391
3397
3391
3389
3391
3381
3385
3379
3379
3376
3374
3376
3373
3370
3366
3367
3363
3363
3360
3357
3358
3351
3349
3349
3346
3344
3349
3344
3344
3340
3343
3341
3334
3337
3329
3329
3330
3327
3327
2505
1767
1147
617
177
40
46
48
48
51
53
56
58
61
61
62
65
64
70
67
71
77
77
81
80
82
82
85
83
87
93
94
97
100
98
102
101
108
109
109
112
111
113
112
115
120
121
119
125
125
337
342
341
342
347
347
350
352
352
352
356
358
357
357
364
366
368
368
368
367
369
368
374
375
371
377
378
380
386
385
385
385
385
389
391
393
395
393
398
399
401
400
400
401
403
405
405
407
409
412
626
626
627
625
625
630
626
636
640
633
640
640
639
640
639
641
643
646
647
647
645
650
656
654
656
656
656
656
658
659
657
658
660
665
662
667
667
669
671
670
671
673
671
675
676
677
676
675
679
682
897
899
901
901
905
901
905
905
906
907
912
911
910
907
912
912
913
912
912
913
912
912
918
915
923
917
919
922
922
927
925
927
925
930
927
929
931
932
933
933
933
934
935
935
937
941
943
943
942
943
1170
1174
1169
1168
1171
1171
1173
1171
1170
1175
1175
1173
1178
1175
1174
1175
1177
1174
1183
1181
1182
1182
1178
1179
1184
1184
1186
1185
1187
1186
1185
1190
1187
1188
1189
1191
1193
1193
1193
1197
1194
1197
1199
1199
1195
1200
1195
1199
1199
1200
1419
1419
1421
1424
1418
1422
1419
1421
1421
1423
1421
1422
1422
1424
1423
1424
1421
1424
1422
1424
1424
1424
1424
1424
1424
1426
1426
1426
1424
1425
1428
1426
1427
1430
1428
1431
1434
1431
1434
1432
1431
1433
1437
1431
1434
1431
1434
1439
1435
1435
1651
1652
1654
1649
1650
1651
1654
1654
1652
1653
1651
1654
1651
1655
1655
1653
1654
1655
1658
1655
1655
1657
1658
1656
1654
1655
1658
1651
1658
1655
1654
1660
1656
1656
1657
1659
1659
1658
1659
1658
1658
1655
1660
1661
1658
1661
1659
1658
1662
1662
1874
1875
1875
1872
1876
1873
1874
1873
1872
1875
1873
1873
1873
1875
1872
1874
1877
1873
1872
1873
1875
1874
1872
1873
1872
1872
1872
1873
1872
1875
1875
1872
1872
1872
1875
1873
1873
1873
1873
1872
1872
1874
1873
1874
1873
1873
1871
1872
1872
1873
2067
2068
2070
2070
2068
2071
2068
2065
2067
2066
2069
2067
2068
2071
2068
2068
2065
2069
2064
2066
2065
2064
2068
2065
2064
2066
2064
2064
2065
2064
2064
2064
2063
2063
2064
2064
2062
2064
2064
2063
2063
2064
2062
2064
2064
2062
2059
2064
2063
2061
2276
2276
2274
2271
2272
2271
2269
2270
2268
2269
2267
2267
2267
2265
2267
2263
2264
2263
2266
2267
2265
2263
2263
2262
2261
2261
2262
2262
2259
2262
2261
2261
2259
2257
2257
2256
2260
2256
2258
2256
2256
2256
2255
2256
2254
2254
2256
2254
2253
2250
2459
2461
2458
2458
2459
2458
2459
2458
2453
2458
2456
2454
2451
2450
2450
2451
2450
2451
2448
2448
2448
2448
2447
2448
2448
2446
2447
2446
2442
2443
2438
2442
2441
2439
2442
2441
2441
2438
2443
2435
2439
2435
2437
2435
2438
2437
2433
2433
2431
2430
2652
2651
2647
2647
2648
2644
2646
2643
2645
2641
2641
2640
2644
2640
2640
2640
2640
2639
2638
2638
2635
2633
2633
2630
2632
2635
2633
2629
2630
2627
2627
2626
2624
2626
2624
2624
2624
2623
2624
2621
2621
2622
2618
2620
2624
2619
2613
2612
2615
2611
2839
2839
2837
2833
2836
2835
2832
2832
2832
2829
2827
2828
2826
2823
2825
2822
2821
2819
2822
2818
2818
2817
2815
2817
2814
2815
2813
2813
2810
2809
2807
2806
2802
2806
2803
2802
2800
2802
2801
2802
2800
2800
2800
2800
2798
2798
2797
2791
2793
2796
3022
3021
3023
3021
3021
3015
3017
3014
3012
3010
3009
3008
3005
3005
3005
3003
3003
2997
2999
2997
2997
2994
2995
2992
2991
2991
2991
2992
2989
2992
2982
2982
2981
2981
2983
2982
2979
2975
2977
2974
2973
2970
2971
2970
2970
2966
2965
2967
2961
2963
3213
3207
3207
3209
3206
3202
3199
3197
3196
3197
3193
3190
3193
3187
3187
3187
3184
3184
3184
3184
3181
3177
3175
3174
3172
3170
3171
3173
3167
3164
3163
3167
3157
3157
3159
3153
3153
3151
3153
3152
3152
3151
3147
3146
3140
3145
3138
3142
3139
3136
3416
3413
3413
3410
3408
3408
3403
3403
3395
3394
3395
3393
3393
3391
3389
3383
3383
3379
3378
3376
3376
3376
3376
3373
3375
3370
3366
3364
3360
3360
3359
3357
3347
3350
3349
3347
3345
3346
3344
3342
3339
3337
3338
3333
3334
3334
3329
3329
3328
3328
2512
1767
1141
619
177
43
45
46
48
48
51
55
58
59
61
64
67
67
66
73
74
77
79
77
80
81
84
82
83
88
90
91
95
96
97
105
102
105
106
105
110
112
113
113
114
117
121
123
124
128
341
341
343
345
347
349
351
346
355
355
354
352
359
359
362
364
366
368
367
368
368
371
372
374
375
379
373
378
381
384
382
384
385
388
389
390
395
395
399
399
400
400
400
401
403
405
406
406
409
411
624
629
629
625
629
627
631
635
635
635
640
638
640
642
640
640
644
644
649
644
647
652
650
656
655
656
656
656
656
657
658
658
659
659
663
666
667
667
668
667
667
670
672
673
673
677
679
681
685
681
899
901
899
901
901
903
901
903
907
912
906
912
910
912
910
911
912
912
913
913
915
916
915
918
917
924
922
919
919
926
922
926
927
926
927
930
928
933
933
931
935
937
938
940
937
940
941
942
941
940
1168
1168
1171
1169
1169
1168
1168
1171
1172
1173
1174
1177
1174
1177
1175
1179
1175
1175
1181
1178
1182
1182
1184
1184
1184
1183
1184
1183
1187
1184
1186
1189
1191
1189
1188
1190
1188
1191
1193
1195
1194
1197
1195
1200
1197
1194
1195
1199
1198
1201
1420
1423
1419
1421
1419
1421
1420
1418
1422
1422
1423
1423
1424
1422
1423
1421
1421
1422
1424
1425
1424
1425
1424
1426
1424
1425
1427
1426
1427
1429
1425
1431
1429
1430
1430
1430
1427
1430
1435
1429
1431
1431
1430
1433
1433
1433
1435
1438
1435
1437
1650
1653
1653
1650
1653
1651
1653
1651
1653
1651
1653
1652
1653
1651
1654
1652
1653
1655
1653
1654
1657
1655
1653
1655
1655
1653
1657
1654
1651
1654
1657
1655
1655
1655
1661
1655
1659
1654
1657
1658
1659
1658
1659
1659
1658
1660
1659
1662
1658
1660
1876
1877
1878
1873
1873
1873
1873
1872
1873
1873
1872
1872
1872
1873
1872
1872
1873
1872
1872
1872
1872
1872
1874
1872
1872
1873
1872
1872
1871
1872
1872
1873
1872
1871
1873
1872
1872
1872
1873
1872
1874
1873
1872
1872
1872
1873
1872
1872
1872
1872
2074
2072
2070
2067
2071
2067
2071
2070
2067
2073
2069
2067
2070
2067
2069
2068
2068
2066
2067
2065
2064
2064
2066
2064
2065
2066
2064
2065
2064
2064
2064
2064
2061
2063
2065
2064
2064
2064
2062
2062
2063
2063
2063
2064
2064
2063
2064
2061
2061
2064
2277
2272
2273
2272
2273
2270
2268
2266
2267
2269
2266
2270
2269
2269
2267
2269
2268
2269
2262
2266
2262
2263
2262
2262
2261
2259
2261
2263
2261
2259
2258
2265
2258
2259
2259
2257
2257
2256
2256
2256
2256
2257
2254
2256
2255
2255
2256
2254
2255
2251
2458
2462
2457
2459
2455
2454
2459
2458
2457
2455
2454
2455
2454
2453
2451
2453
2450
2450
2451
2449
2448
2448
2448
2448
2448
2447
2443
2447
2443
2442
2442
2445
2445
2445
2440
2438
2441
2438
2438
2441
2439
2435
2437
2435
2437
2434
2434
2435
2435
2432
2654
2653
2651
2652
2647
2647
2646
2646
2644
2645
2643
2645
2641
2640
2641
2640
2639
2640
2638
2636
2637
2636
2635
2631
2634
2631
2631
2631
2630
2627
2629
2627
2625
2624
2630
2627
2624
2623
2623
2622
2623
2621
2622
2618
2617
2617
2618
2614
2617
2615
2839
2837
2838
2836
2834
2833
2832
2831
2833
2832
2832
2831
2827
2828
2825
2821
2822
2825
2821
2822
2820
2820
2817
2814
2814
2815
2813
2814
2810
2810
2807
2803
2807
2803
2802
2805
2806
2801
2800
2800
2800
2800
2796
2798
2797
2795
2796
2797
2795
2790
3023
3022
3019
3017
3017
3014
3011
3008
3007
3009
3009
3007
3010
3007
3003
2998
3002
2998
2995
2997
2995
2995
2995
2993
2992
2988
2992
2992
2989
2989
2986
2983
2986
2981
2979
2977
2978
2975
2975
2975
2971
2973
2969
2972
2967
2964
2966
2964
2961
2963
3209
3210
3205
3203
3203
3201
3202
3198
3197
3197
3194
3189
3190
3186
3185
3184
3184
3184
3183
3180
3179
3181
3179
3171
3175
3176
3171
3169
3168
3162
3166
3163
3162
3157
3158
3155
3156
3153
3152
3149
3150
3149
3147
3148
3145
3146
3139
3142
3136
3138
3415
3411
3410
3408
3407
3408
3405
3401
3399
3400
3395
3395
3392
3392
3383
3382
3387
3382
3382
3377
3373
3376
3374
3371
3367
3366
3366
3365
3365
3359
3355
3355
3355
3354
3350
3345
3344
3344
3343
3340
3342
3341
3338
3332
3335
3329
3330
3329
3323
3323
2512
1770
1142
619
177
42
45
46
50
48
51
51
58
58
62
64
65
67
67
70
74
73
77
79
80
81
83
85
86
92
89
93
98
94
96
99
102
111
107
109
108
110
115
113
114
116
119
119
126
127
339
340
343
345
348
351
346
354
355
355
354
358
358
363
362
362
367
367
368
368
368
371
369
373
378
377
375
380
381
383
385
386
385
387
389
393
391
397
395
397
400
400
400
400
404
403
405
405
407
411
625
626
625
629
630
631
631
632
637
634
635
640
639
638
645
646
641
645
645
647
651
649
654
652
651
656
656
655
656
657
659
658
663
662
663
665
665
668
667
671
672
674
673
674
676
678
678
677
683
679
901
898
899
902
903
907
903
907
901
907
906
912
908
912
912
912
912
913
914
914
916
915
914
921
918
921
919
925
922
926
923
927
927
927
928
930
932
930
935
931
933
933
934
935
935
939
938
939
942
943
1169
1168
1168
1172
1171
1168
1173
1174
1169
1172
1172
1174
1175
1181
1178
1183
1178
1177
1179
1179
1183
1182
1181
1184
1185
1185
1187
1186
1186
1185
1189
1187
1185
1191
1191
1189
1194
1193
1194
1196
1194
1197
1196
1193
1199
1194
1198
1199
1200
1199
1421
1419
1418
1417
1419
1423
1419
1424
1423
1422
1423
1422
1419
1424
1424
1424
1424
1424
1425
1425
1424
1427
1424
1424
1425
1427
1426
1424
1426
1429
1426
1430
1431
1431
1427
1427
1426
1435
1431
1429
1430
1429
1435
1434
1437
1434
1437
1436
1438
1433
1652
1653
1650
1652
1651
1654
1651
1654
1651
1654
1654
1653
1657
1651
1654
1653
1654
1653
1653
1651
1654
1652
1655
1657
1654
1657
1655
1655
1659
1654
1654
1655
1658
1655
1658
1659
1658
1658
1662
1658
1655
1658
1659
1661
1663
1661
1662
1661
1659
1660
1875
1875
1874
1874
1875
1877
1876
1873
1873
1872
1872
1872
1873
1873
1872
1873
1872
1872
1874
1872
1875
1872
1872
1872
1874
1873
1872
1872
1873
1872
1872
1872
1873
1873
1872
1871
1872
1873
1873
1872
1873
1873
1872
1873
1874
1872
1873
1873
1873
1872
2074
2071
2071
2069
2069
2069
2073
2070
2067
2071
2067
2067
2065
2066
2067
2066
2066
2064
2065
2066
2064
2066
2065
2065
2066
2067
2064
2065
2064
2066
2066
2064
2065
2064
2063
2064
2061
2064
2064
2062
2064
2064
2064
2061
2064
2062
2063
2063
2063
2061
2276
2271
2271
2272
2271
2272
2273
2268
2271
2271
2267
2269
2270
2268
2267
2269
2265
2263
2263
2266
2266
2262
2262
2261
2261
2261
2261
2262
2259
2261
2261
2257
2258
2259
2259
2256
2256
2256
2256
2255
2255
2255
2254
2255
2256
2255
2255
2256
2255
2251
2464
2463
2462
2462
2460
2458
2457
2457
2453
2453
2451
2451
2455
2449
2450
2450
2452
2451
2449
2448
2448
2449
2448
2449
2448
2447
2446
2447
2447
2444
2445
2442
2443
2442
2441
2437
2445
2442
2438
2434
2435
2436
2436
2433
2435
2437
2433
2433
2434
2432
2653
2653
2650
2647
2649
2646
2647
2645
2645
2646
2641
2646
2640
2642
2640
2639
2640
2640
2640
2638
2637
2638
2635
2635
2633
2633
2630
2634
2626
2629
2629
2629
2625
2627
2626
2623
2625
2624
2623
2622
2622
2618
2622
2624
2615
2619
2617
2615
2615
2613
2842
2836
2837
2838
2837
2832
2832
2832
2832
2832
2830
2827
2828
2829
2819
2823
2821
2823
2823
2819
2819
2818
2818
2816
2815
2812
2815
2815
2810
2809
2809
2803
2802
2803
2802
2802
2804
2800
2801
2800
2797
2800
2800
2799
2793
2798
2798
2800
2795
2789
3023
3023
3021
3015
3017
3015
3013
3014
3013
3008
3008
3010
3007
3006
3006
3006
3003
2997
2995
2995
2995
2992
2993
2992
2991
2991
2987
2992
2987
2987
2986
2986
2985
2983
2979
2977
2976
2975
2977
2975
2975
2971
2971
2969
2967
2967
2965
2963
2960
2960
3214
3209
3207
3204
3204
3202
3201
3198
3193
3190
3193
3191
3194
3189
3187
3185
3187
3184
3184
3184
3179
3178
3175
3179
3171
3172
3172
3169
3168
3167
3165
3159
3161
3161
3158
3154
3152
3152
3152
3152
3152
3150
3149
3149
3146
3143
3143
3138
3138
3139
3418
3417
3409
3405
3409
3408
3404
3399
3405
3397
3396
3396
3391
3389
3385
3386
3383
3387
3378
3377
3380
3373
3375
3371
3373
3367
3365
3366
3365
3359
3355
3357
3351
3355
3346
3346
3344
3345
3343
3344
3344
3342
3342
3337
3329
3330
3329
3330
3328
3326
2512
1773
1150
618
179
42
47
45
48
51
50
59
56
59
61
64
67
65
67
71
76
76
78
79
80
80
83
83
85
86
90
94
96
96
98
102
101
104
106
108
112
111
112
113
115
117
119
122
122
126
342
341
343
343
349
347
349
351
352
352
357
358
358
358
358
362
368
367
366
368
368
369
372
371
378
378
380
381
384
383
385
385
385
388
388
389
394
395
395
395
400
401
400
400
402
405
401
405
408
411
624
626
628
633
630
633
631
637
634
635
637
639
641
640
640
643
642
643
646
647
651
650
651
653
656
656
654
658
657
656
658
661
661
662
666
667
666
668
665
669
671
676
674
673
674
682
676
681
681
683
903
901
903
901
903
903
903
906
906
908
907
907
912
911
912
912
912
912
913
912
917
915
918
915
918
919
917
923
924
926
925
925
926
928
929
929
931
933
931
933
937
934
942
933
939
941
942
940
943
943
1168
1168
1168
1168
1173
1173
1171
1174
1173
1172
1171
1175
1175
1175
1174
1178
1181
1179
1176
1182
1179
1182
1183
1184
1184
1186
1185
1184
1185
1185
1189
1189
1187
1187
1191
1193
1192
1190
1193
1191
1195
1191
1195
1199
1198
1199
1198
1197
1199
1199
1418
1422
1420
1418
1422
1420
1419
1419
1421
1423
1422
1423
1424
1423
1423
1423
1424
1425
1423
1424
1424
1424
1424
1424
1425
1424
1424
1425
1426
1425
1426
1427
1426
1425
1431
1429
1431
1430
1430
1433
1431
1432
1434
1435
1437
1431
1433
1435
1438
1435
1653
1649
1654
1651
1651
1651
1648
1650
1653
1653
1654
1653
1654
1653
1653
1655
1655
1655
1655
1657
1652
1654
1651
1655
1655
1655
1655
1657
1654
1659
1659
1655
1657
1655
1657
1657
1655
1655
1658
1661
1661
1657
1658
1659
1659
1657
1659
1662
1664
1655
1875
1874
1872
1872
1872
1872
1875
1874
1874
1872
1873
1875
1874
1873
1872
1872
1875
1873
1873
1873
1872
1872
1875
1874
1872
1872
1873
1875
1872
1874
1872
1873
1872
1872
1874
1873
1872
1872
1872
1872
1872
1872
1872
1872
1872
1872
1872
1872
1873
1872
2069
2073
2067
2068
2070
2071
2065
2068
2068
2067
2069
2068
2068
2066
2066
2063
2067
2066
2067
2067
2065
2067
2065
2066
2064
2064
2064
2064
2066
2064
2064
2064
2063
2062
2063
2063
2060
2062
2063
2062
2063
2061
2064
2062
2062
2061
2064
2064
2064
2063
2274
2276
2273
2273
2271
2269
2272
2270
2269
2268
2272
2269
2265
2267
2267
2270
2263
2263
2267
2266
2264
2267
2269
2263
2262
2261
2259
2256
2260
2257
2256
2258
2256
2262
2256
2258
2256
2256
2257
2256
2256
2256
2256
2256
2254
2254
2256
2251
2253
2253
2459
2459
2459
2457
2459
2458
2457
2458
2457
2458
2459
2450
2452
2454
2448
2451
2451
2451
2448
2448
2448
2449
2447
2448
2448
2447
2445
2446
2445
2445
2443
2445
2442
2441
2443
2439
2442
2441
2438
2436
2435
2439
2432
2438
2434
2435
2435
2433
2431
2432
2654
2651
2653
2650
2649
2647
2647
2646
2645
2644
2643
2642
2640
2640
2640
2640
2640
2639
2640
2637
2636
2635
2633
2636
2629
2632
2634
2629
2630
2627
2627
2627
2629
2629
2624
2624
2624
2623
2624
2619
2623
2619
2618
2615
2621
2622
2618
2614
2618
2615
2839
2838
2837
2834
2838
2834
2831
2832
2831
2830
2832
2830
2827
2829
2827
2823
2823
2821
2823
2822
2819
2816
2817
2815
2815
2818
2814
2814
2813
2812
2811
2805
2807
2809
2803
2804
2803
2803
2803
2800
2802
2800
2800
2798
2800
2790
2795
2791
2790
2795
3024
3023
3019
3017
3018
3014
3014
3009
3014
3008
3007
3008
3007
3004
3007
3005
3003
2999
3003
2999
2995
2994
2995
2994
2995
2991
2992
2992
2991
2987
2986
2981
2982
2983
2979
2980
2977
2974
2976
2977
2973
2975
2969
2967
2965
2965
2963
2963
2962
2961
3213
3210
3207
3200
3204
3201
3200
3198
3194
3193
3193
3195
3191
3186
3185
3185
3184
3184
3180
3182
3181
3176
3175
3177
3175
3171
3169
3170
3167
3166
3164
3162
3163
3163
3159
3154
3152
3153
3152
3151
3148
3151
3146
3145
3145
3146
3139
3146
3141
3139
3413
3411
3409
3408
3405
3406
3398
3401
3399
3392
3393
3392
3392
3387
3387
3385
3386
3384
3380
3377
3376
3375
3374
3371
3370
3366
3364
3363
3363
3359
3358
3357
3350
3349
3348
3353
3347
3347
3344
3343
3343
3341
3337
3337
3337
3334
3333
3331
3330
3327
2512
1774
1148
619
177
41
42
48
48
50
51
52
59
57
61
64
64
66
67
73
73
75
76
80
80
80
82
82
89
92
92
94
98
95
103
102
103
108
105
111
112
110
113
112
114
117
123
122
123
125
336
339
342
343
347
352
350
351
352
351
353
355
361
357
362
364
364
368
369
369
369
373
378
369
373
374
378
380
381
384
385
388
384
386
391
390
395
397
397
398
395
399
400
401
403
404
402
409
406
410
627
625
629
629
627
628
635
634
639
638
638
640
640
638
641
642
638
646
644
649
652
651
653
651
653
655
655
657
656
657
657
658
666
666
663
663
667
670
668
671
672
674
671
674
675
677
679
679
685
679
901
897
902
903
901
906
902
907
906
908
907
906
911
911
912
912
914
914
912
914
917
916
917
919
919
919
922
922
921
925
925
927
927
928
928
930
929
931
931
933
934
935
935
935
935
940
938
941
944
944
1169
1169
1170
1171
1170
1172
1174
1170
1172
1172
1175
1173
1174
1176
1179
1179
1175
1184
1182
1175
1182
1181
1183
1182
1185
1183
1183
1184
1190
1191
1186
1186
1187
1190
1189
1191
1187
1194
1195
1194
1197
1195
1198
1199
1200
1199
1201
1199
1200
1200
1422
1422
1419
1421
1421
1421
1421
1420
1422
1422
1422
1424
1423
1424
1423
1423
1424
1424
1424
1424
1424
1424
1425
1425
1425
1425
1427
1424
1427
1427
1428
1424
1429
1427
1427
1427
1431
1430
1430
1429
1431
1431
1435
1430
1429
1435
1435
1435
1435
1434
1655
1653
1653
1650
1651
1653
1651
1655
1654
1652
1655
1654
1657
1653
1651
1655
1655
1655
1654
1655
1654
1655
1654
1653
1653
1653
1654
1654
1659
1655
1658
1659
1655
1659
1657
1655
1660
1659
1655
1657
1654
1660
1659
1660
1659
1658
1658
1660
1662
1663
1877
1875
1872
1873
1874
1872
1874
1874
1873
1872
1874
1873
1873
1872
1873
1874
1873
1874
1873
1872
1872
1872
1872
1873
1873
1871
1872
1874
1872
1872
1872
1874
1874
1872
1874
1872
1873
1872
1872
1872
1872
1874
1874
1872
1873
1872
1872
1872
1872
1873
2070
2071
2069
2070
2069
2070
2070
2066
2069
2065
2069
2066
2066
2070
2065
2064
2064
2064
2065
2066
2064
2064
2064
2065
2064
2064
2064
2067
2064
2065
2063
2064
2063
2067
2064
2064
2063
2063
2064
2059
2063
2061
2063
2063
2060
2062
2059
2061
2063
2062
2277
2274
2273
2273
2275
2273
2271
2270
2271
2273
2269
2266
2266
2266
2263
2266
2267
2263
2261
2263
2267
2263
2263
2266
2262
2262
2261
2258
2259
2261
2261
2262
2259
2256
2257
2256
2256
2256
2256
2256
2256
2256
2255
2256
2256
2252
2255
2254
2254
2255
2463
2461
2461
2462
2461
2460
2458
2455
2454
2453
2454
2453
2455
2453
2451
2450
2448
2450
2448
2448
2447
2447
2448
2448
2448
2447
2447
2444
2445
2445
2443
2444
2438
2445
2439
2438
2441
2439
2438
2437
2438
2442
2440
2435
2432
2436
2432
2432
2430
2430
2655
2652
2652
2649
2647
2647
2647
2646
2644
2643
2642
2643
2642
2642
2640
2640
2640
2640
2639
2636
2637
2634
2633
2635
2634
2631
2631
2633
2626
2628
2627
2627
2627
2625
2624
2624
2622
2624
2625
2624
2621
2622
2621
2619
2617
2615
2614
2613
2614
2615
2841
2839
2838
2837
2837
2833
2832
2832
2833
2832
2832
2827
2827
2826
2825
2826
2825
2821
2820
2819
2819
2821
2818
2817
2814
2819
2815
2813
2813
2810
2806
2805
2807
2813
2806
2805
2803
2800
2802
2800
2802
2800
2799
2800
2799
2796
2797
2795
2795
2791
3023
3023
3021
3018
3015
3017
3012
3011
3011
3010
3009
3007
3010
3008
3006
3005
2996
3003
2998
3001
2994
2992
2994
2992
2993
2992
2992
2991
2989
2989
2988
2985
2984
2983
2979
2979
2977
2976
2970
2974
2971
2971
2970
2970
2971
2965
2969
2966
2963
2963
3212
3209
3207
3206
3200
3205
3200
3201
3195
3193
3194
3187
3190
3189
3187
3184
3184
3183
3183
3182
3180
3175
3175
3178
3170
3171
3173
3169
3170
3163
3166
3167
3162
3158
3156
3157
3154
3158
3152
3152
3146
3147
3149
3150
3145
3146
3141
3143
3138
3138
3419
3417
3414
3409
3408
3404
3405
3402
3398
3398
3398
3395
3391
3388
3389
3383
3379
3382
3381
3376
3376
3376
3376
3375
3367
3371
3369
3367
3363
3363
3357
3357
3359
3353
3349
3351
3344
3344
3344
3338
3343
3344
3338
3337
3338
3334
3329
3331
3327
3326
2516
1774
1154
621
181
43
43
45
48
55
51
55
57
60
62
64
64
64
73
71
73
74
78
80
81
80
85
83
83
89
90
93
95
94
98
99
103
104
108
109
111
112
112
112
118
121
117
122
125
127
345
343
340
347
349
348
349
351
353
358
356
356
359
361
363
362
364
366
368
368
368
368
372
373
375
377
379
382
381
383
384
386
386
389
392
393
391
395
394
400
399
400
401
401
405
402
403
409
411
411
625
627
627
631
631
630
628
637
630
635
640
640
639
643
640
643
641
646
644
641
653
654
653
653
655
656
656
656
656
657
658
659
659
659
665
667
665
670
668
671
672
671
676
679
677
677
681
682
684
683
901
898
900
903
903
903
904
910
906
907
903
909
909
911
912
912
912
912
913
912
912
914
916
918
915
922
922
921
923
923
926
925
925
929
930
929
928
931
933
931
933
935
934
938
939
938
940
943
940
942
1168
1168
1171
1171
1170
1169
1171
1173
1173
1170
1171
1175
1173
1172
1178
1175
1179
1181
1181
1179
1180
1178
1182
1184
1184
1182
1185
1187
1187
1186
1184
1190
1190
1191
1191
1189
1194
1194
1193
1190
1197
1197
1198
1198
1197
1199
1200
1199
1200
1199
1420
1421
1422
1421
1420
1419
1419
1422
1422
1422
1423
1419
1423
1423
1423
1424
1422
1424
1424
1424
1424
1427
1425
1426
1425
1424
1427
1425
1429
1425
1428
1429
1429
1426
1431
1429
1433
1430
1433
1433
1435
1431
1430
1435
1434
1435
1439
1437
1435
1436
1652
1653
1651
1648
1653
1651
1649
1651
1651
1655
1653
1654
1653
1653
1652
1655
1655
1653
1655
1655
1657
1657
1655
1654
1657
1650
1655
1654
1659
1655
1653
1660
1659
1658
1657
1658
1662
1659
1659
1659
1659
1660
1660
1659
1657
1662
1662
1661
1660
1657
1879
1877
1873
1873
1876
1873
1873
1872
1873
1875
1877
1872
1872
1873
1872
1874
1873
1874
1873
1872
1872
1873
1872
1873
1872
1873
1872
1873
1873
1872
1874
1875
1872
1872
1875
1874
1872
1872
1872
1872
1872
1871
1871
1872
1873
1872
1871
1872
1873
1874
2076
2070
2071
2069
2068
2071
2069
2067
2069
2067
2067
2067
2064
2067
2069
2064
2065
2067
2064
2064
2064
2064
2064
2065
2064
2064
2063
2064
2064
2064
2066
2064
2064
2064
2064
2064
2064
2064
2064
2063
2064
2063
2059
2063
2062
2061
2060
2062
2063
2063
2276
2276
2271
2271
2270
2269
2270
2265
2269
2269
2267
2268
2269
2267
2269
2267
2266
2268
2268
2265
2261
2262
2261
2260
2259
2261
2263
2263
2259
2256
2257
2258
2261
2256
2257
2257
2256
2256
2256
2256
2256
2256
2256
2255
2256
2256
2254
2255
2255
2253
2461
2458
2461
2461
2459
2458
2454
2455
2455
2457
2453
2455
2455
2450
2453
2448
2453
2449
2449
2453
2448
2448
2448
2448
2446
2448
2447
2445
2441
2446
2445
2441
2439
2442
2442
2439
2439
2436
2435
2438
2434
2435
2437
2435
2434
2434
2436
2434
2431
2431
2656
2650
2651
2652
2646
2647
2645
2646
2646
2647
2643
2641
2642
2640
2642
2640
2640
2640
2640
2640
2637
2637
2634
2634
2631
2636
2631
2630
2629
2629
2627
2630
2627
2628
2629
2624
2625
2624
2624
2623
2622
2620
2619
2619
2619
2620
2621
2615
2612
2613
2843
2838
2835
2839
2833
2835
2832
2833
2832
2832
2828
2830
2830
2826
2822
2829
2823
2823
2822
2821
2819
2817
2816
2815
2816
2811
2815
2813
2813
2813
2811
2810
2807
2806
2805
2803
2802
2803
2802
2802
2801
2800
2800
2799
2795
2797
2797
2797
2794
2794
3025
3023
3023
3021
3019
3011
3015
3013
3011
3014
3008
3010
3007
3006
3007
2999
3002
2999
2997
2992
2993
2995
2994
2993
2994
2992
2992
2990
2989
2989
2985
2985
2982
2983
2982
2981
2981
2979
2975
2972
2976
2971
2973
2965
2970
2963
2963
2963
2961
2962
3211
3211
3210
3207
3205
3201
3199
3195
3200
3197
3194
3194
3191
3190
3187
3188
3184
3187
3183
3184
3179
3179
3174
3179
3169
3172
3171
3169
3169
3165
3163
3161
3163
3162
3156
3158
3157
3155
3154
3150
3152
3150
3149
3149
3146
3139
3141
3143
3138
3139
3417
3412
3412
3408
3406
3407
3404
3401
3401
3399
3393
3393
3392
3390
3389
3383
3385
3381
3383
3378
3377
3376
3374
3376
3371
3367
3364
3365
3364
3359
3360
3357
3357
3347
3351
3347
3344
3344
3344
3342
3342
3340
3339
3337
3333
3330
3329
3329
3328
3324
2519
1776
1152
622
178
39
46
47
48
49
50
54
55
61
63
64
65
65
69
70
74
75
76
78
82
81
81
85
85
94
92
93
96
98
98
98
101
106
107
109
112
112
112
112
117
119
119
123
121
123
339
346
342
346
343
349
352
352
352
354
356
355
358
365
361
362
367
365
368
369
368
370
369
373
374
375
379
382
379
384
384
384
386
386
388
391
391
388
395
400
399
400
401
401
405
403
405
410
407
409
624
625
625
630
629
633
632
632
634
635
637
638
640
639
642
641
642
646
647
646
650
651
654
653
651
649
656
653
656
658
657
661
659
662
665
665
669
669
668
671
675
677
674
675
674
676
675
678
684
685
901
899
901
900
901
902
901
906
908
909
908
909
910
903
911
912
913
912
912
912
913
913
917
922
917
922
919
920
923
923
925
923
927
930
929
931
932
931
931
934
931
933
935
935
940
938
937
942
944
944
1168
1170
1170
1169
1170
1172
1174
1171
1174
1170
1172
1179
1172
1174
1180
1178
1176
1181
1175
1182
1179
1180
1181
1183
1181
1183
1190
1186
1185
1183
1186
1187
1187
1190
1190
1190
1194
1195
1197
1195
1197
1198
1197
1197
1197
1197
1199
1200
1199
1200
1423
1419
1419
1418
1421
1421
1419
1423
1420
1420
1423
1424
1423
1423
1424
1423
1423
1424
1424
1424
1422
1424
1424
1424
1424
1424
1427
1426
1424
1427
1427
1428
1427
1428
1428
1433
1429
1431
1429
1428
1431
1430
1429
1437
1431
1430
1435
1434
1437
1437
1653
1648
1650
1650
1649
1651
1652
1654
1650
1651
1653
1655
1651
1652
1650
1655
1653
1655
1655
1653
1654
1655
1655
1654
1658
1659
1657
1657
1657
1655
1658
1656
1654
1658
1661
1657
1658
1658
1657
1658
1655
1658
1660
1659
1662
1664
1657
1661
1659
1659
1876
1873
1874
1874
1872
1875
1873
1872
1873
1877
1875
1873
1872
1872
1872
1875
1872
1873
1873
1872
1873
1875
1872
1873
1872
1872
1873
1873
1873
1872
1874
1872
1873
1872
1873
1872
1872
1872
1872
1872
1871
1872
1872
1874
1872
1873
1872
1871
1872
1872
2071
2071
2070
2071
2066
2068
2073
2067
2070
2066
2067
2070
2069
2068
2064
2066
2067
2066
2064
2066
2065
2067
2069
2065
2065
2065
2064
2066
2064
2065
2064
2064
2063
2064
2064
2064
2064
2063
2064
2062
2061
2063
2063
2062
2063
2064
2063
2059
2061
2060
2273
2275
2273
2270
2271
2273
2271
2269
2266
2269
2270
2271
2267
2262
2265
2263
2261
2262
2263
2266
2261
2261
2263
2259
2263
2263
2259
2261
2261
2259
2259
2261
2259
2261
2257
2256
2256
2256
2256
2256
2256
2256
2256
2256
2256
2253
2256
2256
2254
2252
2465
2462
2459
2462
2461
2455
2459
2458
2457
2458
2455
2453
2451
2453
2450
2454
2450
2454
2450
2451
2449
2447
2448
2448
2446
2448
2446
2447
2447
2446
2443
2439
2439
2441
2441
2439
2439
2437
2438
2439
2439
2439
2437
2432
2434
2438
2435
2432
2432
2432
2654
2655
2650
2652
2651
2649
2645
2647
2645
2647
2643
2640
2642
2640
2641
2641
2640
2640
2638
2639
2637
2637
2633
2637
2635
2629
2633
2631
2627
2633
2631
2629
2627
2624
2625
2625
2624
2624
2624
2624
2621
2623
2619
2619
2618
2618
2617
2615
2618
2615
2836
2836
2834
2837
2836
2832
2832
2832
2831
2830
2833
2830
2825
2826
2823
2823
2819
2821
2823
2820
2820
2819
2818
2817
2815
2815
2809
2815
2811
2813
2810
2809
2811
2805
2809
2803
2803
2802
2803
2802
2799
2799
2800
2800
2798
2796
2797
2796
2794
2789
3023
3024
3021
3015
3021
3018
3014
3011
3009
3008
3009
3008
3007
3005
3006
3002
2997
2998
2998
2997
2995
2997
2994
2994
2993
2992
2992
2991
2989
2987
2987
2986
2985
2982
2985
2983
2980
2978
2977
2975
2975
2974
2970
2971
2967
2969
2967
2961
2961
2960
3210
3205
3205
3206
3200
3201
3201
3197
3195
3198
3191
3194
3188
3187
3187
3185
3187
3185
3184
3183
3184
3180
3177
3177
3171
3173
3173
3169
3171
3164
3165
3164
3158
3162
3161
3155
3159
3157
3154
3152
3149
3146
3149
3149
3146
3143
3142
3141
3141
3138
3418
3415
3413
3408
3407
3409
3407
3401
3399
3398
3394
3395
3391
3392
3386
3385
3381
3377
3381
3379
3376
3373
3375
3371
3373
3371
3366
3362
3365
3360
3357
3357
3357
3351
3351
3346
3344
3346
3345
3344
3344
3343
3338
3338
3333
3331
3329
3329
3327
3322
2518
1776
1151
624
182
45
43
48
48
52
53
53
55
63
64
64
64
64
66
69
76
77
75
79
81
83
85
84
86
89
93
93
93
99
98
105
99
102
107
110
112
113
112
113
116
115
118
121
128
126
339
339
343
347
346
349
350
352
351
353
357
359
357
365
362
365
366
367
368
368
369
369
371
377
373
375
378
382
382
382
385
385
387
388
394
395
396
395
397
397
397
400
400
400
402
403
406
409
409
412
624
625
627
627
631
630
635
637
635
635
635
638
639
640
639
642
644
646
648
647
649
651
652
655
656
654
655
656
658
659
658
661
656
662
663
668
666
667
671
672
670
669
673
674
674
678
677
683
680
682
898
902
902
903
902
903
907
910
902
909
910
912
910
909
912
912
912
912
913
917
913
915
918
917
917
922
918
921
923
924
927
925
927
928
929
928
932
933
931
934
930
935
939
938
940
941
940
940
942
942
1171
1171
1168
1170
1169
1171
1171
1172
1170
1174
1172
1175
1175
1173
1178
1180
1179
1179
1174
1182
1181
1182
1181
1189
1183
1184
1185
1183
1188
1187
1185
1186
1190
1186
1190
1191
1195
1196
1194
1195
1195
1195
1195
1198
1200
1197
1195
1198
1199
1200
1417
1419
1419
1418
1420
1419
1422
1423
1424
1421
1424
1421
1423
1424
1424
1424
1425
1424
1424
1424
1424
1424
1424
1424
1426
1424
1426
1425
1424
1425
1426
1432
1429
1429
1434
1426
1430
1430
1431
1430
1433
1430
1434
1431
1436
1431
1433
1437
1434
1435
1656
1653
1652
1653
1655
1651
1655
1653
1653
1655
1653
1653
1653
1655
1655
1652
1653
1658
1650
1655
1655
1657
1653
1658
1657
1654
1655
1658
1658
1657
1658
1658
1658
1661
1659
1658
1661
1655
1658
1659
1659
1661
1662
1658
1659
1663
1661
1661
1660
1661
1875
1873
1877
1873
1874
1873
1873
1872
1872
1872
1873
1873
1874
1874
1872
1875
1872
1872
1875
1873
1872
1875
1874
1873
1873
1874
1874
1873
1872
1870
1874
1872
1872
1874
1873
1872
1872
1873
1872
1875
1874
1872
1872
1873
1874
1874
1872
1871
1872
1875
2074
2069
2073
2074
2068
2067
2066
2069
2070
2070
2067
2067
2070
2069
2066
2064
2065
2065
2065
2071
2064
2070
2064
2065
2065
2064
2062
2064
2064
2070
2064
2063
2063
2064
2064
2063
2062
2064
2064
2064
2063
2063
2063
2062
2061
2062
2063
2064
2064
2063
2277
2277
2274
2273
2273
2274
2272
2271
2270
2269
2269
2272
2269
2266
2267
2266
2265
2263
2262
2261
2263
2267
2267
2262
2262
2259
2262
2260
2256
2257
2259
2260
2257
2256
2257
2258
2256
2257
2257
2256
2257
2256
2256
2255
2255
2254
2255
2256
2256
2254
2463
2464
2459
2460
2462
2458
2456
2458
2455
2454
2454
2455
2450
2451
2452
2451
2451
2449
2448
2448
2451
2448
2448
2448
2449
2448
2447
2444
2448
2446
2443
2445
2443
2439
2439
2442
2438
2441
2442
2439
2436
2437
2435
2435
2435
2434
2434
2432
2432
2432
2653
2653
2653
2652
2647
2646
2650
2643
2643
2643
2642
2640
2640
2640
2641
2640
2638
2639
2640
2640
2640
2637
2633
2636
2634
2634
2631
2628
2630
2631
2630
2630
2626
2624
2623
2625
2624
2624
2623
2623
2622
2621
2623
2618
2619
2618
2617
2615
2615
2613
2839
2837
2834
2834
2832
2833
2832
2835
2832
2832
2830
2832
2826
2829
2826
2823
2822
2821
2819
2821
2818
2819
2816
2817
2816
2815
2814
2813
2811
2813
2810
2807
2806
2809
2801
2805
2805
2800
2801
2800
2801
2797
2799
2800
2799
2797
2796
2791
2791
2793
3023
3020
3024
3017
3017
3016
3014
3013
3009
3009
3009
3008
3007
3007
3004
3003
3002
3001
2997
2999
2994
2995
2992
2992
2991
2991
2988
2991
2987
2987
2988
2983
2980
2978
2982
2979
2977
2975
2974
2974
2971
2971
2970
2967
2970
2970
2962
2965
2960
2963
3215
3210
3207
3207
3207
3201
3200
3203
3200
3199
3195
3190
3191
3188
3185
3184
3187
3184
3183
3184
3178
3183
3178
3179
3175
3171
3169
3170
3167
3163
3165
3163
3162
3159
3158
3157
3156
3152
3152
3151
3152
3151
3147
3142
3145
3143
3145
3143
3139
3137
3420
3414
3414
3408
3408
3408
3402
3402
3401
3397
3394
3392
3389
3394
3390
3386
3382
3383
3379
3383
3377
3376
3373
3373
3371
3369
3369
3365
3359
3361
3363
3355
3355
3349
3351
3351
3344
3345
3344
3339
3342
3344
3341
3335
3335
3334
3329
3326
3330
3323
2522
1776
1154
624
181
39
44
48
48
50
52
53
60
58
62
61
65
66
69
74
75
73
78
80
80
80
81
81
83
86
90
91
96
97
96
102
102
105
109
106
112
112
117
117
114
118
118
123
126
123
338
340
346
345
348
349
351
352
351
354
352
359
358
359
363
365
368
365
368
368
368
371
368
374
377
378
379
381
382
383
384
385
385
390
391
390
395
398
399
397
397
400
400
403
402
405
402
410
406
410
627
624
628
627
630
632
631
633
637
638
640
637
637
638
640
641
642
643
649
647
646
650
651
654
654
656
656
654
656
658
661
661
663
662
663
666
666
666
669
671
672
674
672
672
671
675
679
682
683
682
897
897
901
900
903
900
905
905
907
909
906
909
912
911
909
911
912
912
914
914
912
918
916
919
917
922
921
922
924
926
924
926
928
927
929
929
930
934
932
930
934
935
937
935
939
938
942
944
943
941
1170
1169
1171
1170
1172
1171
1172
1171
1173
1174
1175
1177
1179
1176
1178
1175
1179
1178
1176
1181
1178
1178
1183
1185
1184
1185
1183
1187
1186
1186
1189
1186
1189
1187
1190
1191
1190
1191
1196
1197
1194
1200
1196
1195
1198
1199
1200
1198
1199
1200
1418
1415
1419
1419
1419
1420
1421
1422
1422
1424
1419
1422
1424
1422
1421
1423
1424
1422
1424
1424
1423
1424
1424
1424
1424
1424
1424
1427
1425
1427
1428
1426
1431
1430
1427
1431
1431
1429
1429
1433
1431
1430
1432
1434
1431
1433
1431
1435
1435
1434
1652
1651
1653
1649
1651
1653
1652
1651
1653
1651
1651
1654
1655
1653
1651
1651
1653
1648
1654
1653
1652
1654
1655
1653
1659
1651
1657
1653
1657
1657
1657
1659
1658
1654
1659
1659
1654
1654
1655
1660
1658
1657
1657
1658
1661
1661
1657
1659
1661
1661
1877
1874
1875
1874
1874
1874
1873
1875
1873
1873
1873
1876
1875
1873
1874
1872
1872
1872
1873
1872
1872
1874
1875
1872
1872
1871
1874
1872
1872
1872
1872
1872
1872
1872
1874
1872
1872
1872
1872
1871
1872
1872
1872
1873
1872
1872
1872
1872
1872
1872
2070
2070
2074
2073
2073
2067
2071
2068
2068
2067
2067
2065
2065
2067
2067
2066
2066
2067
2064
2066
2069
2067
2067
2064
2066
2068
2064
2065
2064
2065
2064
2064
2064
2063
2064
2064
2064
2064
2063
2064
2063
2059
2059
2063
2062
2063
2061
2061
2060
2061
2274
2273
2271
2269
2271
2270
2269
2271
2270
2271
2267
2266
2263
2267
2267
2262
2260
2265
2265
2262
2263
2265
2261
2264
2259
2258
2257
2263
2259
2256
2259
2258
2256
2257
2258
2256
2256
2255
2256
2255
2256
2256
2256
2255
2254
2256
2256
2253
2251
2255
2459
2459
2459
2458
2456
2455
2457
2457
2454
2455
2453
2454
2453
2454
2451
2451
2449
2448
2448
2449
2448
2446
2445
2448
2447
2448
2448
2445
2443
2445
2439
2447
2443
2439
2443
2440
2440
2439
2438
2434
2437
2437
2437
2437
2437
2435
2433
2432
2431
2431
2658
2654
2647
2651
2647
2647
2646
2647
2642
2640
2641
2643
2643
2642
2640
2640
2640
2639
2637
2638
2637
2635
2633
2633
2631
2635
2630
2630
2629
2626
2626
2626
2626
2629
2624
2624
2625
2624
2622
2623
2621
2622
2622
2619
2622
2614
2618
2618
2612
2614
2839
2836
2838
2832
2834
2832
2832
2830
2829
2832
2828
2827
2829
2826
2828
2825
2821
2819
2822
2819
2820
2815
2815
2816
2815
2816
2814
2814
2811
2813
2807
2805
2806
2803
2806
2802
2800
2800
2800
2800
2800
2797
2800
2797
2799
2797
2795
2795
2793
2790
3023
3020
3019
3019
3015
3014
3013
3008
3009
3008
3006
3006
3006
3002
3003
3001
2997
2999
2993
2992
2992
2992
2995
2992
2991
2988
2990
2991
2986
2983
2982
2979
2982
2979
2979
2975
2977
2975
2976
2975
2972
2971
2971
2971
2966
2964
2966
2960
2961
2963
3211
3207
3205
3211
3200
3200
3199
3199
3195
3193
3190
3194
3188
3185
3185
3186
3184
3181
3184
3178
3178
3182
3174
3173
3171
3170
3171
3169
3167
3167
3163
3163
3162
3159
3154
3157
3152
3155
3153
3152
3151
3150
3143
3145
3143
3142
3143
3137
3136
3139
3415
3410
3409
3409
3407
3405
3404
3403
3401
3399
3394
3394
3392
3392
3383
3385
3383
3381
3378
3376
3376
3376
3374
3374
3370
3363
3361
3361
3364
3358
3359
3354
3350
3351
3346
3345
3344
3345
3343
3343
3341
3334
3337
3333
3329
3327
3325
3328
3323
3323
2523
1776
1153
624
186
41
45
47
47
53
50
54
58
59
64
63
66
65
70
68
75
70
71
79
80
80
81
83
87
86
87
92
96
97
96
100
101
103
107
106
109
112
112
113
112
117
118
117
123
121
340
340
341
346
341
349
347
348
351
351
356
356
360
359
366
364
363
365
367
368
368
371
371
373
374
378
378
382
381
383
382
384
388
384
390
391
390
393
399
400
399
399
400
400
402
403
404
406
405
411
627
624
629
627
628
626
631
629
635
638
637
638
640
640
644
641
642
646
647
646
649
653
650
652
653
652
656
656
657
656
657
661
661
661
662
660
666
667
667
671
669
670
671
675
677
677
675
679
685
682
898
897
899
901
901
903
906
903
910
906
901
910
905
910
912
912
912
912
913
912
914
913
913
919
919
921
919
925
921
925
926
925
922
929
931
929
927
931
931
933
933
930
934
939
939
939
941
944
939
944
1168
1168
1171
1168
1169
1170
1171
1171
1176
1173
1173
1173
1175
1179
1173
1174
1181
1181
1175
1179
1181
1181
1183
1181
1181
1183
1183
1184
1185
1185
1186
1186
1184
1186
1191
1190
1191
1195
1193
1189
1191
1193
1197
1195
1194
1195
1199
1200
1198
1201
1415
1415
1419
1420
1419
1418
1418
1422
1423
1422
1424
1424
1423
1424
1423
1422
1423
1424
1426
1424
1424
1424
1424
1424
1425
1427
1426
1425
1425
1425
1426
1429
1426
1429
1428
1427
1429
1427
1427
1429
1431
1432
1434
1431
1435
1434
1433
1433
1430
1437
1653
1651
1650
1651
1651
1649
1649
1648
1653
1651
1652
1653
1649
1655
1655
1655
1651
1649
1652
1655
1654
1653
1652
1654
1651
1655
1658
1657
1656
1658
1657
1655
1659
1657
1659
1658
1658
1655
1657
1658
1659
1661
1657
1661
1657
1659
1661
1659
1662
1662
1877
1875
1875
1874
1872
1876
1872
1874
1873
1873
1873
1872
1872
1875
1872
1873
1872
1873
1872
1871
1873
1873
1872
1872
1873
1872
1872
1872
1874
1872
1873
1870
1872
1872
1873
1871
1872
1869
1872
1872
1872
1872
1871
1872
1872
1872
1875
1872
1872
1872
2073
2074
2067
2070
2067
2070
2069
2065
2066
2064
2069
2065
2068
2067
2067
2066
2067
2064
2064
2067
2064
2065
2064
2066
2064
2066
2065
2064
2064
2064
2065
2064
2064
2062
2067
2064
2064
2064
2063
2064
2063
2064
2061
2064
2063
2062
2061
2062
2062
2061
2277
2275
2273
2269
2270
2269
2272
2272
2269
2271
2267
2267
2269
2266
2269
2261
2265
2259
2267
2263
2260
2262
2262
2261
2261
2262
2261
2260
2262
2261
2259
2257
2258
2256
2256
2256
2256
2256
2259
2257
2256
2256
2256
2255
2253
2251
2256
2253
2254
2256
2464
2459
2459
2463
2457
2460
2457
2455
2452
2455
2454
2452
2452
2451
2451
2449
2453
2448
2451
2448
2448
2449
2448
2448
2447
2446
2445
2445
2446
2446
2442
2443
2443
2438
2441
2439
2442
2437
2437
2437
2435
2435
2435
2437
2434
2434
2433
2432
2432
2434
2653
2655
2647
2647
2651
2643
2645
2645
2642
2642
2643
2642
2642
2640
2640
2639
2640
2639
2637
2640
2639
2638
2637
2631
2638
2631
2630
2631
2633
2631
2627
2625
2624
2627
2627
2624
2624
2624
2622
2623
2623
2622
2622
2618
2619
2619
2620
2613
2618
2611
2839
2841
2834
2834
2833
2833
2832
2831
2829
2827
2827
2829
2827
2823
2826
2823
2822
2823
2821
2817
2823
2819
2817
2814
2813
2814
2814
2816
2810
2811
2805
2807
2805
2803
2805
2801
2800
2802
2800
2800
2800
2799
2798
2799
2797
2798
2795
2798
2793
2793
3024
3023
3018
3021
3015
3017
3011
3011
3010
3009
3008
3006
3008
3005
3002
3003
3002
2999
2999
2999
2992
2995
2992
2993
2993
2992
2991
2990
2987
2986
2989
2989
2980
2981
2980
2979
2979
2976
2977
2973
2971
2971
2973
2971
2972
2963
2962
2963
2962
2963
3211
3214
3209
3205
3207
3202
3200
3199
3197
3196
3194
3193
3189
3186
3184
3188
3186
3184
3183
3182
3179
3179
3179
3175
3172
3173
3169
3171
3165
3162
3166
3162
3164
3159
3156
3156
3152
3153
3154
3153
3152
3152
3152
3147
3149
3142
3141
3140
3139
3136
3415
3410
3409
3409
3407
3408
3407
3402
3403
3397
3396
3391
3395
3391
3387
3385
3383
3382
3381
3376
3379
3376
3374
3373
3373
3366
3364
3362
3367
3360
3357
3355
3357
3350
3347
3347
3344
3344
3344
3343
3341
3341
3339
3337
3331
3328
3330
3331
3327
3325
2526
1781
1158
624
180
38
45
47
48
49
51
58
55
64
62
64
65
68
71
70
73
75
78
80
80
80
84
85
87
90
91
94
96
96
96
103
105
103
105
110
111
112
112
114
114
119
117
122
123
125
342
343
341
349
347
347
352
349
352
356
356
356
354
363
362
364
368
368
368
368
370
373
369
375
376
373
375
382
381
382
382
385
386
391
389
390
390
392
397
398
397
399
400
400
401
403
407
410
407
413
624
624
625
629
633
630
631
633
634
635
637
635
640
640
640
643
647
646
649
645
650
653
650
652
655
655
654
655
659
658
658
660
661
661
665
666
666
666
669
668
671
674
677
675
674
677
679
677
682
685
895
901
899
901
902
907
901
903
906
909
909
907
911
911
911
912
912
912
912
912
916
917
918
919
919
922
922
923
923
924
926
922
927
928
928
930
927
928
927
933
934
935
934
937
941
940
938
943
941
944
1169
1168
1169
1168
1169
1169
1170
1169
1174
1172
1176
1174
1175
1178
1174
1174
1175
1179
1184
1184
1179
1183
1184
1182
1181
1183
1184
1187
1186
1185
1189
1189
1190
1188
1193
1193
1189
1195
1193
1198
1195
1191
1195
1198
1194
1199
1199
1199
1200
1200
1420
1418
1422
1419
1422
1421
1419
1421
1422
1417
1424
1419
1419
1423
1424
1423
1424
1424
1421
1424
1425
1425
1425
1426
1426
1425
1425
1425
1425
1427
1429
1430
1429
1425
1430
1429
1431
1429
1433
1430
1431
1431
1427
1429
1434
1435
1435
1435
1434
1439
1653
1653
1654
1653
1651
1650
1653
1653
1649
1650
1649
1650
1654
1651
1655
1653
1654
1656
1653
1655
1653
1657
1657
1655
1655
1659
1653
1658
1655
1654
1655
1655
1657
1658
1661
1655
1658
1658
1655
1658
1658
1658
1659
1663
1661
1662
1660
1661
1660
1659
1877
1875
1877
1875
1876
1877
1873
1874
1873
1875
1874
1875
1873
1875
1875
1873
1873
1875
1872
1874
1873
1873
1872
1874
1873
1874
1874
1872
1872
1872
1873
1872
1872
1873
1879
1872
1873
1874
1873
1872
1872
1872
1872
1872
1872
1872
1872
1872
1872
1872
2071
2074
2067
2070
2071
2065
2070
2068
2070
2068
2069
2066
2067
2065
2067
2064
2066
2066
2065
2068
2064
2064
2067
2064
2064
2064
2065
2064
2064
2064
2063
2064
2066
2064
2064
2064
2062
2063
2065
2064
2064
2064
2061
2064
2063
2062
2064
2059
2063
2063
2274
2275
2273
2273
2272
2272
2271
2271
2269
2270
2271
2266
2267
2265
2267
2266
2262
2263
2266
2266
2265
2267
2259
2265
2265
2259
2260
2259
2259
2258
2259
2257
2258
2257
2257
2256
2257
2256
2256
2255
2256
2256
2257
2255
2251
2254
2251
2255
2255
2254
2463
2463
2460
2459
2457
2461
2457
2459
2458
2453
2453
2455
2451
2451
2450
2448
2447
2448
2450
2448
2450
2448
2448
2448
2447
2448
2447
2446
2447
2446
2442
2443
2445
2443
2444
2439
2437
2438
2439
2435
2438
2437
2435
2435
2433
2434
2433
2433
2432
2430
2655
2651
2649
2651
2647
2645
2647
2647
2647
2643
2642
2642
2642
2640
2640
2640
2639
2640
2637
2637
2640
2635
2636
2630
2630
2634
2630
2629
2630
2625
2628
2630
2627
2624
2624
2625
2625
2620
2623
2622
2624
2621
2621
2619
2618
2618
2615
2615
2619
2611
2837
2837
2835
2835
2833
2832
2832
2833
2830
2828
2829
2829
2826
2825
2823
2823
2826
2821
2821
2819
2816
2814
2813
2816
2813
2812
2812
2814
2811
2811
2807
2807
2805
2806
2805
2803
2802
2803
2800
2804
2801
2800
2796
2798
2797
2798
2795
2792
2793
2791
3024
3024
3018
3015
3018
3011
3014
3013
3012
3011
3007
3007
3005
3005
2999
3001
3002
3001
2997
2996
2997
2994
2992
2992
2992
2993
2991
2991
2985
2987
2989
2983
2989
2982
2977
2979
2978
2975
2975
2975
2977
2970
2970
2970
2967
2966
2966
2967
2961
2961
3211
3212
3206
3204
3203
3200
3201
3197
3197
3198
3195
3191
3195
3186
3189
3184
3187
3184
3184
3182
3180
3178
3176
3172
3173
3173
3171
3168
3167
3168
3161
3161
3162
3159
3156
3155
3154
3152
3153
3152
3151
3150
3150
3143
3141
3142
3143
3141
3138
3136
3414
3415
3408
3408
3408
3406
3405
3402
3395
3402
3392
3391
3393
3390
3389
3382
3378
3380
3379
3380
3376
3375
3376
3370
3371
3368
3367
3363
3360
3357
3356
3356
3353
3350
3351
3346
3347
3344
3344
3344
3343
3338
3339
3334
3333
3329
3334
3328
3323
3321
2527
1782
1157
624
179
37
42
48
49
52
50
57
59
58
63
64
65
64
67
70
75
75
77
79
80
81
83
85
87
91
91
90
94
98
99
99
102
103
102
112
106
112
112
115
116
119
118
119
123
126
340
343
343
345
347
350
349
353
352
353
356
359
363
360
362
362
363
365
367
368
369
369
375
376
374
377
375
379
380
384
384
384
387
391
391
395
393
395
398
398
398
400
402
400
401
402
405
406
407
411
625
626
629
627
627
631
634
631
631
637
639
637
641
640
641
642
643
647
644
649
650
649
653
652
656
654
654
655
656
659
657
661
661
662
663
665
669
669
671
670
671
673
675
673
677
672
677
681
682
683
897
899
901
897
904
903
903
903
911
910
907
909
906
910
911
912
913
913
912
913
912
915
916
918
919
921
923
921
922
922
927
925
927
930
926
929
930
929
931
931
933
935
938
938
939
942
942
940
944
943
1169
1172
1171
1169
1168
1173
1173
1171
1169
1174
1173
1175
1175
1170
1177
1178
1179
1175
1181
1181
1179
1181
1180
1179
1183
1184
1185
1184
1186
1187
1187
1187
1186
1190
1189
1191
1191
1189
1194
1194
1195
1194
1196
1195
1194
1199
1199
1198
1200
1200
1419
1418
1419
1418
1419
1420
1415
1421
1419
1420
1422
1422
1421
1424
1424
1424
1423
1424
1425
1425
1425
1424
1425
1424
1425
1426
1424
1424
1427
1424
1426
1427
1427
1427
1429
1427
1430
1431
1431
1430
1433
1429
1435
1431
1434
1435
1431
1431
1437
1438
1651
1651
1652
1653
1650
1653
1649
1650
1655
1650
1655
1653
1651
1652
1654
1653
1653
1650
1654
1656
1653
1653
1655
1655
1655
1658
1655
1653
1655
1657
1658
1654
1657
1658
1655
1657
1659
1661
1655
1659
1655
1661
1662
1660
1664
1661
1662
1660
1664
1663
1875
1875
1872
1874
1874
1873
1872
1875
1873
1872
1874
1872
1875
1872
1872
1875
1873
1872
1872
1873
1875
1873
1873
1872
1875
1872
1872
1873
1872
1872
1871
1872
1875
1874
1872
1872
1872
1872
1872
1873
1873
1872
1872
1871
1872
1872
1873
1872
1872
1872
2074
2073
2069
2069
2069
2070
2069
2067
2067
2067
2066
2067
2067
2069
2065
2066
2064
2065
2068
2064
2064
2064
2067
2065
2064
2064
2064
2065
2065
2064
2064
2064
2061
2064
2064
2064
2064
2064
2064
2064
2062
2061
2062
2059
2060
2064
2065
2061
2063
2064
2273
2272
2272
2270
2269
2267
2271
2273
2269
2271
2270
2267
2267
2268
2265
2263
2265
2265
2262
2261
2263
2263
2263
2260
2261
2265
2259
2261
2256
2260
2259
2257
2258
2257
2259
2258
2257
2255
2256
2256
2255
2254
2256
2256
2253
2256
2251
2253
2250
2252
2463
2460
2461
2464
2462
2459
2461
2455
2457
2453
2453
2454
2452
2451
2450
2448
2448
2448
2449
2449
2448
2448
2447
2447
2448
2444
2447
2446
2447
2443
2445
2445
2443
2443
2442
2440
2439
2437
2438
2432
2438
2438
2434
2434
2438
2435
2433
2432
2431
2432
2653
2649
2650
2651
2647
2647
2643
2643
2644
2645
2644
2641
2640
2640
2641
2640
2640
2639
2635
2639
2639
2634
2635
2631
2634
2631
2629
2631
2631
2629
2629
2626
2624
2626
2624
2624
2624
2624
2622
2623
2622
2621
2619
2621
2615
2617
2614
2618
2614
2618
2843
2838
2837
2835
2832
2833
2832
2832
2828
2829
2829
2825
2825
2825
2827
2823
2821
2821
2819
2821
2815
2818
2815
2815
2814
2815
2814
2815
2811
2807
2813
2807
2810
2807
2802
2802
2802
2800
2803
2803
2800
2800
2800
2799
2797
2798
2797
2790
2791
2790
3024
3022
3020
3015
3014
3015
3010
3011
3012
3008
3009
3006
3006
3002
3005
3002
3002
3002
2996
2996
2994
2997
2999
2992
2992
2992
2992
2990
2989
2986
2983
2982
2983
2979
2979
2982
2978
2979
2973
2973
2973
2971
2969
2973
2966
2965
2964
2963
2963
2960
3213
3208
3207
3205
3201
3200
3201
3199
3198
3197
3191
3187
3188
3188
3186
3185
3185
3184
3183
3184
3175
3179
3175
3171
3174
3170
3172
3166
3167
3163
3162
3162
3159
3159
3157
3154
3155
3154
3152
3152
3149
3150
3150
3149
3141
3142
3142
3142
3136
3141
3417
3410
3410
3408
3405
3407
3404
3405
3399
3398
3391
3393
3389
3390
3389
3386
3381
3382
3379
3377
3376
3376
3373
3376
3370
3366
3363
3360
3360
3359
3358
3360
3356
3354
3349
3346
3347
3343
3344
3344
3339
3342
3332
3333
3330
3333
3329
3327
3325
3323
2530
1781
1156
625
183
41
43
48
48
48
52
56
62
57
61
64
64
66
68
74
76
80
75
80
80
82
84
82
87
87
88
90
95
96
97
99
102
101
106
110
112
111
113
112
114
118
120
123
123
126
342
338
339
349
348
349
349
351
353
351
354
355
356
361
362
362
367
368
367
368
370
372
370
375
373
374
381
383
384
386
386
387
385
391
390
390
394
396
393
398
398
400
400
400
400
400
409
406
409
411
626
625
625
627
633
631
631
638
635
635
635
640
640
640
641
642
640
643
643
646
650
650
649
651
654
654
655
656
656
656
656
661
659
660
666
667
667
663
669
669
670
671
674
675
675
677
678
681
682
681
899
901
898
901
902
906
902
905
905
907
907
909
910
912
909
911
913
912
912
914
913
917
919
915
919
923
919
924
923
923
927
927
926
928
929
927
930
929
933
933
931
934
937
937
939
939
944
940
942
943
1168
1170
1168
1171
1170
1171
1169
1170
1171
1173
1170
1169
1175
1174
1181
1179
1179
1182
1179
1179
1179
1181
1184
1183
1184
1187
1184
1185
1183
1189
1186
1187
1189
1189
1186
1194
1193
1193
1194
1195
1190
1195
1199
1198
1200
1200
1199
1201
1200
1200
1419
1418
1423
1419
1418
1421
1419
1418
1417
1423
1420
1421
1424
1424
1422
1424
1423
1424
1424
1424
1423
1424
1427
1425
1425
1424
1427
1424
1429
1426
1425
1427
1427
1426
1429
1431
1433
1429
1432
1434
1433
1434
1431
1435
1434
1433
1434
1433
1432
1434
1650
1653
1651
1651
1649
1654
1653
1653
1651
1653
1654
1654
1651
1658
1655
1655
1654
1657
1653
1653
1651
1654
1651
1653
1652
1659
1654
1657
1654
1654
1655
1655
1658
1659
1655
1659
1658
1657
1658
1659
1659
1660
1659
1659
1655
1662
1658
1655
1658
1661
1872
1873
1874
1873
1877
1874
1873
1872
1872
1872
1875
1874
1873
1872
1877
1872
1873
1874
1872
1873
1872
1871
1872
1872
1872
1872
1874
1872
1872
1872
1873
1872
1874
1871
1873
1872
1872
1872
1872
1872
1875
1872
1872
1871
1872
1872
1872
1871
1872
1872
2072
2074
2071
2074
2070
2069
2067
2069
2070
2069
2069
2066
2067
2069
2067
2065
2065
2064
2067
2067
2065
2067
2064
2065
2064
2064
2066
2064
2064
2064
2063
2064
2064
2063
2064
2064
2063
2061
2064
2059
2064
2061
2064
2061
2061
2059
2062
2061
2062
2058
2270
2271
2271
2271
2271
2270
2270
2271
2271
2273
2268
2266
2268
2266
2265
2263
2263
2262
2259
2261
2262
2261
2262
2259
2258
2259
2258
2261
2257
2261
2256
2257
2256
2261
2260
2256
2257
2256
2258
2256
2256
2256
2256
2256
2256
2255
2253
2255
2253
2252
2461
2459
2455
2461
2460
2459
2454
2457
2454
2451
2453
2453
2454
2451
2450
2448
2451
2448
2448
2448
2448
2448
2448
2445
2447
2443
2446
2446
2442
2442
2443
2442
2442
2445
2442
2439
2435
2438
2439
2435
2438
2442
2435
2435
2438
2431
2432
2432
2431
2431
2651
2655
2651
2651
2647
2647
2643
2646
2646
2642
2640
2640
2642
2641
2640
2640
2638
2640
2639
2638
2638
2637
2635
2635
2633
2630
2628
2627
2627
2635
2629
2627
2624
2628
2624
2623
2624
2622
2624
2623
2621
2621
2619
2621
2618
2615
2617
2615
2616
2613
2839
2839
2835
2834
2833
2832
2831
2832
2833
2832
2831
2832
2829
2826
2826
2826
2821
2822
2818
2819
2817
2816
2816
2815
2817
2815
2815
2812
2814
2807
2809
2807
2806
2803
2805
2801
2805
2801
2804
2803
2800
2799
2800
2797
2795
2795
2795
2797
2795
2793
3024
3022
3021
3019
3013
3009
3014
3013
3008
3010
3008
3007
3006
3009
3005
3006
3002
2996
2999
2997
2993
2993
2994
2992
2992
2987
2989
2988
2986
2990
2986
2987
2984
2979
2983
2977
2979
2975
2975
2973
2972
2972
2971
2971
2967
2971
2966
2965
2964
2961
3206
3207
3205
3202
3201
3203
3199
3199
3194
3198
3191
3191
3187
3187
3187
3185
3184
3179
3180
3183
3182
3178
3173
3174
3172
3171
3173
3167
3166
3164
3166
3161
3157
3155
3158
3157
3154
3153
3155
3153
3150
3152
3150
3147
3146
3141
3142
3143
3136
3139
3418
3416
3409
3410
3408
3408
3403
3403
3402
3396
3398
3392
3391
3392
3388
3383
3385
3381
3381
3379
3376
3374
3373
3371
3370
3370
3369
3364
3361
3360
3359
3357
3353
3355
3351
3347
3345
3344
3344
3340
3339
3336
3335
3334
3331
3333
3330
3325
3328
3326
2534
1783
1162
630
187
42
45
47
48
53
53
55
58
# end
