# waiting 600 s for thermal settle - press any key to skip
# warm 0 s
# ----------------------------------------------------------
# label,C1_sweep_16step_run2
# mode,sweep_single
# n,32768
# fs_hz,1999.9390
# span_s,16.384000
# mean_code,1896.0382
# sd_code,351.8331
# min_code,0
# max_code,2157
# NOTE sd_code above is the WHOLE-RECORD spread and is
#      dominated by the staircase, not by noise. The
#      measurement is the spread WITHIN each step, which
#      analyse_sweep.py computes.
# adc,12bit_default_11dB_attenuation
# conv,linear_3.3_over_4095
# ----------------------------------------------------------
1958
1953
1954
1953
1954
1953
1956
1957
1951
1953
1953
1953
1952
1951
1954
1954
1954
1953
1953
1953
1953
1951
1954
1954
1952
1955
1953
1952
1950
1953
1953
1954
1952
1954
1953
1953
1955
1951
1951
1952
1952
1954
1953
1952
1951
1948
1948
1954
1953
1951
1949
1951
1951
1950
1949
1953
1948
1951
1949
1947
1951
1950
1950
1950
1954
1950
1953
1950
1952
1953
1950
1951
1950
1946
1948
1951
1950
1951
1951
1952
1946
1945
1945
1951
1949
1949
1949
1949
1950
1947
1949
1948
1946
1948
1947
1949
1945
1950
1951
1949
1948
1947
1947
1946
1949
1949
1946
1950
1948
1947
1948
1949
1947
1943
1951
1946
1949
1946
1952
1947
1951
1949
1947
1946
1945
1945
1947
1947
1949
1947
1950
1949
1947
1947
1941
1943
1947
1947
1943
1947
1945
1946
1943
1943
1944
1943
1942
1943
1943
1942
1941
1941
1947
1946
1943
1946
1943
1940
1943
1945
1945
1945
1940
1942
1944
1941
1946
1939
1947
1941
1943
1942
1946
1942
1942
1946
1943
1941
1940
1944
1942
1943
1945
1941
1943
1941
1943
1948
1941
1943
1943
1941
1945
1937
1943
1938
1946
1942
1946
1942
1941
1941
1941
1939
1938
1941
1943
1943
1938
1941
1940
1938
1941
1942
1941
1941
1942
1941
1942
1943
1942
1940
1940
1938
1943
1940
1939
1939
1940
1939
1941
1939
1939
1941
1940
1942
1938
1941
1938
1939
1940
1938
1937
1939
1939
1939
1939
1939
1938
1937
1938
1939
1940
1938
1936
1938
1939
1938
1938
1937
1937
1936
1939
1940
1940
1938
1938
1937
1936
1937
1937
1938
1936
1939
1937
1940
1939
1939
1936
1936
1938
1937
1936
1937
1939
1938
1936
1936
1936
1936
1937
1939
1936
1936
1937
1938
1936
1936
1937
1936
1935
1936
1936
1936
1936
1936
1935
1936
1936
1936
1936
1936
1935
1938
1936
1936
1936
1936
1936
1936
1936
1936
1936
1936
1936
1937
1936
1935
1937
1936
1937
1936
1936
1937
1936
1935
1935
1936
1936
1935
1936
1936
1935
1936
1936
1932
1934
1936
1936
1936
1936
1936
1935
1936
1933
1935
1935
1936
1933
1935
1935
1932
1933
1936
1936
1936
1936
1934
1935
1935
1933
1935
1933
1936
1935
1935
1936
1933
1936
1933
1935
1933
1936
1936
1934
1934
1933
1936
1933
1933
1931
1933
1936
1935
1934
1934
1936
1934
1934
1934
1935
1934
1934
1934
1935
1935
1933
1933
1933
1934
1931
1934
1933
1931
1931
1934
1935
1929
1931
1932
1931
1930
1933
1936
1931
1933
1931
1934
1929
1929
1930
1930
1931
1930
1932
1931
1930
1933
1931
1931
1931
1935
1932
1934
1927
1933
1931
1930
1930
1929
1932
1930
1933
1929
1934
1933
1927
1929
1933
1931
1931
1931
1930
1929
1927
1930
1931
1930
1931
1927
1929
1931
1932
1931
1927
1928
1931
1931
2148
2147
2146
2147
2147
2144
2145
2147
2148
2144
2141
2143
2147
2143
2143
2146
2143
2143
2144
2146
2144
2144
2144
2144
2142
2139
2141
2138
2139
2143
2139
2140
2137
2140
2137
2138
2135
2139
2139
2135
2139
2133
2138
2134
2133
2137
2135
2134
2134
2135
2137
2131
2133
2135
2133
2133
2130
2130
2135
2133
2131
2130
2133
2131
2133
2133
2133
2132
2131
2131
2133
2133
2131
2131
2129
2129
2132
2129
2128
2128
2128
2128
2128
2128
2128
2127
2128
2127
2128
2128
2128
2128
2127
2127
2128
2128
2127
2128
2128
2125
2127
2125
2127
2125
2123
2125
2125
2122
2126
2122
2123
2125
2122
2123
2123
2125
2123
2119
2122
2121
2119
2126
2123
2119
2123
2119
2121
2121
2118
2118
2118
2118
2121
2119
2119
2117
2118
2117
2119
2115
2115
2117
2114
2118
2117
2118
2117
2113
2114
2117
2115
2114
2114
2113
2115
2113
2115
2113
2112
2112
2114
2112
2112
2112
2111
2112
2114
2113
2112
2113
2112
2112
2111
2112
2111
2111
2109
2109
2111
2109
2112
2106
2112
2112
2109
2111
2109
2110
2112
2111
2107
2109
2107
2106
2102
2107
2109
2106
2103
2105
2103
2103
2106
2103
2107
2106
2106
2106
2108
2107
2102
2102
2101
2100
2102
2106
2102
2103
2103
2101
2099
2099
2101
2102
2098
2102
2101
2099
2099
2099
2100
2099
2100
2100
2101
2098
2098
2098
2097
2098
2096
2096
2097
2096
2098
2096
2096
2096
2097
2098
2098
2098
2096
2096
2095
2096
2096
2096
2096
2096
2096
2096
2095
2096
2096
2098
2096
2095
2096
2095
2094
2095
2094
2096
2095
2096
2096
2091
2095
2095
2094
2091
2088
2094
2093
2094
2090
2086
2092
2090
2087
2092
2091
2093
2092
2091
2092
2086
2087
2090
2087
2089
2091
2086
2090
2090
2089
2087
2087
2087
2090
2090
2085
2089
2086
2085
2085
2083
2086
2087
2087
2082
2085
2086
2081
2083
2085
2086
2082
2086
2084
2086
2085
2084
2085
2084
2083
2082
2082
2081
2079
2080
2083
2081
2079
2080
2080
2080
2079
2081
2078
2080
2082
2078
2081
2079
2077
2078
2081
2074
2076
2078
2074
2077
2076
2076
2074
2078
2077
2078
2072
2077
2077
2077
2071
2071
2077
2076
2074
2073
2077
2073
2075
2077
2075
2073
2074
2077
2074
2073
2075
2072
2074
2069
2073
2074
2070
2069
2071
2071
2069
2069
2067
2070
2069
2073
2071
2070
2069
2069
2069
2069
2065
2075
2068
2066
2067
2067
2067
2065
2069
2065
2066
2067
2069
2069
2065
2066
2065
2069
2064
2064
2064
2066
2067
2065
2064
2067
2064
2064
2064
2065
2066
2064
2065
2064
2064
2064
2064
2064
2064
2063
2064
2063
2064
2064
2063
2064
2063
2063
2064
2063
2064
2064
2063
2064
2062
2064
2063
2063
2059
2059
2064
2063
2063
2063
2064
2062
2059
2064
2064
2059
2063
2059
2062
2058
2060
2058
2057
2063
2062
2059
2058
2059
2057
2063
2059
2057
2059
2060
2059
2058
2054
2062
2059
2057
2055
2057
2055
2054
2056
2054
2058
2057
2055
2058
2055
2057
2053
2054
2055
2053
2054
2047
2053
2047
2054
2055
2047
2047
2054
2047
2047
2055
2047
2046
2046
2047
2047
2047
2046
2047
2047
2047
2053
2047
2044
2047
2047
2047
2042
2045
2044
2041
2046
2044
2043
2045
2045
2043
2045
2045
2043
2045
2039
2046
2046
2042
2044
2039
2042
2043
2041
2043
2039
2043
2041
2039
2041
2038
2041
2042
2042
2042
2038
2039
2037
2038
2039
2036
2039
2038
2037
2037
2042
2035
2035
2037
2038
2039
2037
2039
2036
2035
2039
2037
2035
2034
2036
2036
2039
2035
2034
2035
2035
2035
2036
2039
2036
2033
2033
2033
2033
2033
2036
2033
2033
2032
2034
2033
2032
2032
2032
2037
2032
2033
2032
2034
2033
2033
2032
2032
2032
2032
2033
2032
2032
2034
2032
2033
2032
2032
2032
2032
2032
2031
2032
2031
2030
2032
2031
2033
2030
2031
2031
2032
2032
2032
2032
2029
2031
2030
2031
2032
2030
2032
2023
2031
2029
2031
2031
2030
2030
2031
2029
2030
2029
2027
2026
2029
2029
2027
2029
2027
2025
2027
2025
2022
2025
2027
2023
2028
2025
2026
2025
2030
2022
2023
2025
2027
2023
2025
2023
2022
2023
2027
2022
2021
2023
2022
2027
2027
2025
2025
2025
2027
2023
2026
2022
2023
2022
2020
2020
2020
2019
2023
2020
2027
2017
2021
2023
2021
2019
2019
2019
2018
2018
2018
2017
2018
2016
2019
2021
2018
2022
2017
2019
2018
2018
2019
2015
2017
2017
2015
2019
2017
2019
2015
2015
2018
2019
2015
2015
2015
2017
2015
2014
2016
2018
2017
2014
2011
2017
2015
2011
2014
2014
2015
2017
2011
2017
2013
2015
2014
2015
2013
2015
2017
2016
2013
2014
2014
2014
2013
2013
2011
2016
2016
2013
2011
2014
2015
2011
2013
2010
2010
2014
2011
2010
2010
2011
2010
2011
2011
2015
2009
2015
2013
2009
2011
2011
2010
2009
2011
2006
2014
2013
2009
2009
2008
2007
2005
2005
2006
2007
2007
2005
2004
2003
2005
2005
2009
2010
2005
2007
2006
2005
2005
2007
2006
2006
2004
2005
2007
2004
2007
2004
2005
2004
2010
2004
2005
2009
2006
2002
2001
2007
2006
2001
2003
2006
2006
2003
2002
2002
2003
2003
2004
2005
2000
2001
2002
2005
2005
2001
2001
2005
2000
2000
2001
2000
2001
1999
2000
2001
2002
2000
2000
2001
2000
2000
2000
2002
2000
2003
2000
2000
2000
1999
2000
2000
2000
2000
2000
2000
2000
1998
2000
1999
2000
2000
2000
2002
2000
2000
1999
2000
2000
1999
1999
2000
1999
2000
2000
2000
1999
2000
2000
1998
2000
2000
2000
1999
2000
1999
1999
2000
1998
2000
1998
1999
1998
2000
1999
1999
1998
1996
1998
1995
1998
1998
1999
1994
1994
1998
1995
1998
1995
1995
1997
1998
1995
1997
1996
1994
1994
1996
1995
1991
1994
1998
1995
1993
1993
1991
1991
1991
1991
1995
1995
1995
1991
1995
1991
1993
1991
1994
1991
1991
1991
1989
1990
1990
1989
1990
1988
1989
1994
1990
1989
1990
1989
1994
1986
1990
1991
1991
1994
1990
1990
1990
1989
1989
1989
1987
1987
1987
1987
1991
1990
1987
1990
1989
1994
1989
1986
1985
1989
1987
1990
1991
1989
1989
1986
1986
1987
1985
1989
1987
1989
1990
1986
1987
1989
1989
1984
1986
1986
1988
1986
1990
1985
1985
1985
1984
1987
1987
1985
1985
1986
1987
1987
1984
1984
1986
1984
1987
1984
1985
1984
1985
1986
1987
1986
1986
1984
1983
1983
1987
1984
1983
1983
1984
1983
1986
1983
1983
1982
1983
1981
1986
1983
1979
1984
1983
1982
1984
1985
1982
1982
1983
1981
1984
1985
1981
1983
1983
1983
1982
1981
1981
1983
1982
1983
1983
1981
1984
1981
1981
1980
1982
1982
1981
1981
1980
1984
1981
1982
1982
1981
1979
1983
1979
1980
1981
1980
1983
1981
1977
1981
1980
1979
1979
1981
1979
1979
1977
1976
1975
1978
1981
1980
1974
1978
1980
1981
1978
1979
1981
1977
1978
1975
1981
1978
1974
1979
1979
1974
1975
1975
1975
1979
1979
1979
1980
1975
1979
1977
1975
1977
1975
1979
1979
1974
1975
1977
1975
1972
1976
1972
1973
1971
1975
1974
1975
1973
1973
1975
1978
1975
1975
1973
1971
1971
1972
1973
1973
1973
1973
1973
1971
1975
1974
1973
1974
1975
1973
1975
1975
1974
1972
1971
1975
1970
1969
1968
1973
1970
1973
1971
1969
1968
1969
1968
1970
1969
1971
1971
1977
1968
1971
1969
1968
1973
1970
1969
1969
1968
1972
1971
1972
1969
1969
1968
1968
1970
1968
1970
1968
1969
1969
1968
1968
1969
1969
1975
1971
1970
1968
1968
1970
1968
1968
1969
1968
1968
1968
1968
1968
1968
1968
1969
1965
1968
1969
1968
1968
1968
1968
1967
1968
1969
1968
1967
1968
1968
1966
1968
1968
1968
1968
1966
1968
1968
1966
1967
1968
1967
1965
1967
1967
1968
1968
1968
1968
1968
1967
1968
1967
1968
1968
1966
1968
1965
1965
1968
1967
1968
1965
1968
1965
1967
1968
1966
1965
1965
1966
1966
1965
1966
1968
1965
1961
1963
1967
1965
1965
1966
1966
1964
1963
1967
1961
1963
1962
1965
1967
1965
1965
1966
1962
1967
1959
1961
1964
1965
1963
1963
1962
1963
1959
1963
1965
1959
1963
1961
1963
1966
1963
1959
1961
1961
1966
1963
1964
1963
1966
1961
1963
1962
1963
1961
1961
1959
1959
1961
1964
1961
1964
1967
1958
1960
1959
1961
1962
1964
1963
1963
1966
1961
1959
1961
1957
1959
1957
1962
1959
1959
1959
1958
1955
1958
1961
1959
1959
1959
1957
1957
1963
1959
1959
1959
1959
1961
1958
1959
1957
1957
1959
1956
1955
1961
1959
1958
1959
1958
1962
1956
1956
1958
1951
1958
1953
1956
1958
1961
1956
1956
1956
1958
1957
1957
1956
1958
1955
1956
1956
1952
1956
1958
1955
1955
1954
1956
1952
1955
1952
1953
1957
1957
1957
1958
1955
1957
1953
1954
1951
1954
1953
1953
1955
1954
1955
1952
1957
1953
1953
1953
1953
1955
1956
1955
1954
1957
1953
1950
1953
1953
1958
1955
1954
1955
1953
1954
1952
1954
1954
1955
1954
1953
1954
1954
1954
1955
1957
1952
1952
1954
1954
1955
1952
1950
1951
1951
1952
1951
1951
1957
1953
1952
1950
1953
1952
1951
1951
1951
1949
1953
1947
1950
1949
1951
1951
1950
1953
1950
1949
1952
1949
1951
1953
1950
1954
1952
1949
1949
1951
1951
1951
1951
1952
1947
1946
1947
1947
1951
1947
1948
1952
1945
1951
1947
1947
1950
1949
1951
1951
1950
1951
1947
1949
1945
1950
1946
1953
1952
1951
1947
1946
1943
1947
1946
1947
1948
1945
1949
1947
1946
1946
1950
1949
1947
1947
1945
1947
1949
1947
1946
1946
1951
1949
1948
1947
1946
1947
1949
1948
1942
1943
1945
1942
1946
1946
1946
1943
1947
1946
1943
1946
1945
1946
1947
1945
1942
1941
1943
1943
1947
1943
1941
1939
1943
1946
1943
1942
1942
1943
1945
1949
1943
1942
1943
1941
1941
1942
1943
1945
1942
1945
1945
1943
1940
1943
1943
1946
1942
1942
1945
1942
1941
1942
1943
1943
1943
1942
1945
1946
1941
1942
1942
1945
1941
1942
1943
1941
1946
1945
1946
1943
1938
1941
1941
1939
1941
1939
1942
1941
1942
1937
1941
1943
1941
1938
1939
1941
1941
1939
1938
1939
1941
1938
1941
1941
1939
1942
1941
1943
1939
1943
1942
1939
1938
1938
1936
1936
1938
1942
1941
1942
1942
1940
1939
1936
1941
1936
1937
1937
1937
1937
1936
1936
1939
1939
1937
1938
1939
1939
1939
1936
1941
1941
1937
1937
1937
1938
1939
1938
1939
1937
1937
1941
1938
1939
1939
1936
1936
1939
1940
1937
1936
1939
1937
1939
1936
1937
1936
1936
1936
1936
1936
1936
1936
1936
1937
1936
1936
1937
1936
1938
1936
1936
1937
1937
1937
1938
1936
1937
1936
1936
1936
1936
1936
1936
1936
1936
1937
1936
1936
1936
1937
1936
1936
1937
1936
1938
1936
1939
1936
1936
1937
1935
1936
1935
1936
1936
1935
1936
1937
1936
1938
1937
1937
1936
1934
1936
1938
1936
1935
1936
1935
1936
1935
1936
1933
1935
1936
1935
1936
1936
1934
1934
1935
1931
1935
1935
1935
1936
1935
1936
1936
1935
1935
1936
1934
1934
1935
1932
1936
1935
1932
1934
1935
1935
1930
1935
1935
1934
1934
1933
1934
1933
1933
1936
1936
1933
1935
1934
1933
1935
1933
1933
1933
1936
1933
1935
1936
1934
1931
1933
1931
1936
1933
1933
1935
1932
1933
1935
1935
1934
1933
1934
1932
1929
1933
1935
1934
1934
1935
1932
1932
1931
1931
1934
1936
1931
1934
1932
1935
1933
1934
1933
1935
1934
1932
1935
1934
1934
1933
1934
1930
1935
1934
1935
1933
1933
1933
1929
1934
1934
1931
1927
1935
1934
1935
1930
1930
1933
1931
1932
1930
1930
1931
1929
1930
1935
1929
1931
1929
1931
1931
2154
2157
2151
2155
2154
2157
2150
2150
2155
2149
2154
2147
2147
2149
2150
2149
2147
2149
2151
2147
2150
2146
2144
2143
2149
2150
2145
2147
2147
2147
2146
2147
2149
2148
2145
2143
2143
2143
2142
2141
2143
2146
2138
2141
2142
2141
2139
2139
2141
2138
2141
2143
2138
2142
2138
2139
2139
2142
2137
2139
2138
2138
2139
2141
2135
2137
2133
2138
2138
2135
2138
2135
2134
2137
2134
2134
2131
2135
2134
2137
2133
2133
2131
2132
2130
2134
2133
2131
2134
2131
2129
2128
2131
2130
2129
2130
2129
2129
2129
2129
2128
2128
2128
2128
2128
2128
2128
2129
2128
2127
2128
2127
2128
2127
2128
2127
2128
2127
2128
2125
2127
2125
2127
2127
2124
2123
2126
2123
2123
2127
2123
2124
2124
2125
2122
2121
2122
2125
2123
2119
2119
2122
2119
2121
2117
2119
2119
2119
2121
2119
2118
2121
2119
2119
2118
2118
2116
2120
2119
2114
2117
2117
2113
2118
2119
2116
2116
2116
2118
2116
2114
2115
2113
2115
2112
2113
2113
2114
2113
2113
2110
2112
2112
2112
2112
2115
2113
2114
2113
2112
2111
2112
2111
2110
2114
2112
2107
2111
2110
2109
2111
2111
2110
2110
2110
2112
2110
2110
2107
2112
2108
2112
2111
2108
2108
2110
2105
2106
2103
2105
2103
2105
2109
2108
2103
2107
2105
2103
2105
2106
2106
2105
2103
2105
2108
2103
2103
2102
2103
2103
2098
2105
2103
2100
2101
2101
2103
2103
2102
2103
2100
2101
2098
2101
2101
2099
2098
2101
2097
2100
2101
2099
2098
2096
2099
2099
2099
2098
2096
2098
2096
2096
2096
2099
2097
2096
2096
2096
2097
2096
2096
2096
2095
2096
2096
2095
2094
2095
2096
2096
2096
2096
2094
2095
2095
2095
2093
2093
2093
2095
2094
2093
2091
2095
2093
2096
2090
2095
2091
2091
2094
2093
2089
2093
2095
2092
2090
2093
2089
2090
2090
2093
2090
2089
2089
2089
2086
2087
2086
2085
2087
2086
2090
2083
2090
2086
2087
2087
2083
2086
2090
2089
2090
2087
2087
2085
2085
2087
2085
2081
2085
2085
2085
2083
2083
2083
2086
2085
2086
2082
2081
2083
2082
2083
2081
2085
2080
2079
2081
2079
2079
2082
2081
2081
2080
2080
2078
2079
2077
2079
2079
2079
2081
2079
2078
2076
2079
2078
2079
2075
2077
2082
2077
2077
2078
2077
2077
2076
2077
2078
2077
2075
2073
2077
2075
2075
2075
2071
2077
2075
2075
2074
2070
2073
2073
2071
2076
2075
2071
2071
2071
2071
2070
2071
2071
2071
2074
2070
2069
2067
2071
2067
2070
2067
2066
2070
2073
2068
2071
2069
2070
2067
2068
2067
2065
2067
2067
2069
2067
2065
2069
2066
2065
2069
2068
2067
2066
2066
2069
2064
2066
2066
2064
2065
2064
2065
2064
2065
2064
2065
2064
2064
2065
2064
2064
2065
2064
2065
2063
2064
2064
2063
2064
2064
2063
2064
2062
2064
2064
2062
2062
2063
2061
2062
2064
2063
2064
2064
2063
2060
2064
2064
2061
2064
2063
2062
2063
2061
2061
2058
2059
2061
2057
2061
2059
2059
2059
2061
2056
2056
2059
2059
2059
2057
2056
2062
2058
2062
2058
2058
2059
2054
2058
2054
2057
2058
2058
2058
2055
2047
2047
2058
2055
2047
2054
2054
2054
2055
2055
2055
2058
2047
2054
2057
2047
2046
2056
2055
2058
2047
2047
2047
2053
2047
2045
2046
2045
2047
2047
2045
2047
2044
2045
2045
2043
2046
2045
2042
2042
2041
2043
2045
2044
2041
2045
2043
2045
2043
2045
2046
2042
2038
2040
2043
2038
2042
2042
2045
2042
2041
2038
2042
2043
2042
2041
2043
2041
2042
2045
2042
2043
2037
2039
2042
2041
2041
2035
2039
2039
2043
2036
2039
2037
2039
2037
2039
2038
2039
2035
2033
2039
2035
2035
2037
2036
2038
2034
2037
2037
2039
2038
2034
2035
2035
2034
2033
2036
2034
2036
2033
2033
2034
2034
2035
2035
2033
2033
2032
2032
2032
2032
2034
2032
2032
2034
2032
2033
2032
2032
2033
2032
2032
2032
2031
2033
2032
2032
2033
2032
2032
2034
2032
2032
2032
2032
2033
2033
2031
2032
2032
2032
2030
2031
2032
2032
2031
2031
2032
2032
2031
2029
2031
2032
2031
2026
2030
2031
2030
2027
2029
2030
2027
2027
2027
2027
2029
2029
2027
2029
2026
2029
2027
2030
2026
2027
2030
2027
2028
2026
2025
2027
2025
2025
2023
2026
2028
2026
2023
2021
2022
2022
2022
2025
2026
2026
2025
2026
2019
2022
2022
2021
2023
2028
2022
2022
2023
2019
2019
2027
2021
2026
2021
2023
2022
2022
2021
2020
2022
2022
2023
2022
2018
2019
2019
2019
2021
2021
2022
2019
2022
2021
2023
2019
2017
2018
2016
2018
2017
2017
2017
2019
2017
2019
2015
2017
2019
2016
2016
2021
2015
2017
2016
2014
2017
2014
2018
2017
2016
2017
2014
2017
2017
2016
2015
2015
2015
2015
2015
2017
2011
2014
2015
2015
2013
2010
2015
2015
2013
2013
2015
2011
2014
2011
2014
2013
2013
2011
2015
2011
2011
2011
2013
2011
2011
2014
2007
2010
2009
2011
2011
2007
2010
2012
2007
2011
2010
2009
2010
2010
2011
2007
2011
2010
2012
2009
2007
2010
2011
2011
2006
2007
2011
2010
2010
2010
2005
2012
2006
2007
2006
2005
2005
2007
2005
2007
2011
2004
2010
2005
2007
2005
2010
2011
2011
2006
2006
2003
2003
2009
2005
2004
2004
2003
2002
2004
2011
2002
2005
2002
2002
2006
2002
2003
2003
2001
2004
2006
2000
2003
2003
2005
2004
2002
2001
2000
2001
2003
2000
2002
2001
2000
2003
2001
2004
2003
2004
2000
2001
2001
2001
2000
2000
2005
2000
2000
2001
2002
2000
2000
2000
2000
2000
2000
2000
2001
2001
2000
2002
2000
2000
2000
2000
2000
1999
1999
2000
1999
2000
2000
2000
2000
2000
2001
2000
2000
2000
2000
1999
2000
1998
1997
1998
2000
1997
1996
1997
1997
2000
1999
1997
1999
1999
1999
1996
1999
1997
1999
1998
1995
1997
1998
1999
1998
1991
1997
1995
1994
1995
2000
1997
1998
1994
1995
1997
1995
1995
1991
1998
1995
1996
1998
1995
1997
1995
1998
1998
1996
1994
1996
1994
1994
1994
1995
1994
1995
1996
1994
1991
1990
1990
1991
1990
1995
1991
1991
1997
1990
1991
1995
1993
1989
1994
1989
1988
1991
1991
1989
1987
1994
1989
1993
1993
1992
1991
1991
1991
1990
1991
1989
1991
1991
1989
1990
1990
1988
1986
1989
1989
1988
1989
1989
1989
1987
1989
1989
1994
1990
1991
1991
1986
1987
1990
1986
1988
1990
1985
1989
1985
1985
1986
1984
1987
1987
1986
1987
1985
1987
1989
1986
1990
1990
1985
1987
1985
1986
1984
1986
1985
1984
1989
1985
1985
1987
1983
1985
1986
1986
1985
1984
1987
1987
1985
1983
1985
1988
1988
1982
1984
1983
1985
1982
1984
1984
1979
1985
1983
1985
1983
1983
1981
1985
1984
1984
1984
1984
1984
1982
1981
1982
1984
1985
1984
1983
1984
1979
1982
1984
1979
1984
1983
1979
1983
1984
1981
1982
1979
1982
1983
1982
1981
1984
1981
1982
1977
1981
1984
1983
1977
1979
1978
1980
1983
1981
1981
1979
1983
1978
1983
1980
1979
1979
1983
1979
1979
1982
1979
1979
1980
1983
1978
1981
1981
1975
1975
1979
1980
1973
1979
1978
1978
1976
1981
1974
1981
1979
1977
1977
1973
1978
1977
1974
1975
1974
1972
1975
1975
1972
1975
1971
1977
1975
1971
1975
1972
1973
1974
1975
1974
1975
1975
1978
1972
1977
1973
1974
1979
1974
1972
1974
1973
1971
1973
1977
1971
1975
1975
1973
1972
1970
1973
1974
1975
1971
1973
1971
1971
1971
1970
1971
1973
1971
1973
1971
1973
1971
1970
1969
1969
1968
1972
1974
1970
1969
1974
1973
1968
1969
1971
1975
1971
1971
1969
1970
1967
1968
1968
1970
1968
1970
1968
1969
1968
1968
1967
1968
1969
1971
1969
1969
1969
1968
1969
1970
1969
1968
1968
1970
1968
1968
1968
1968
1968
1969
1968
1968
1969
1968
1968
1968
1967
1968
1970
1968
1969
1968
1969
1968
1968
1968
1968
1970
1968
1968
1968
1968
1968
1968
1968
1968
1967
1971
1967
1968
1968
1968
1968
1968
1968
1968
1966
1967
1966
1965
1968
1967
1966
1967
1963
1968
1965
1968
1967
1968
1967
1967
1966
1968
1968
1966
1966
1966
1966
1967
1965
1967
1967
1965
1966
1965
1967
1968
1967
1966
1968
1963
1967
1964
1965
1966
1965
1965
1966
1966
1966
1965
1965
1964
1963
1963
1966
1965
1967
1963
1964
1965
1965
1959
1963
1963
1963
1967
1963
1962
1964
1965
1964
1965
1962
1964
1959
1964
1967
1965
1964
1962
1962
1957
1962
1965
1962
1962
1962
1963
1962
1962
1963
1961
1958
1959
1962
1959
1961
1961
1965
1962
1961
1959
1963
1961
1961
1966
1962
1959
1959
1962
1963
1961
1961
1963
1961
1959
1957
1959
1962
1959
1958
1959
1961
1958
1961
1961
1963
1959
1962
1958
1958
1957
1962
1958
1958
1958
1959
1954
1959
1957
1959
1958
1959
1957
1959
1956
1958
1957
1961
1957
1956
1957
1955
1958
1956
1955
1955
1959
1955
1958
1955
1959
1953
1956
1955
1955
1954
1954
1958
1952
1957
1954
1955
1956
1955
1953
1955
1956
1952
1955
1954
1949
1953
1954
1954
1953
1953
1958
1958
1957
1956
1954
1955
1954
1957
1957
1953
1952
1953
1953
1953
1953
1951
1950
1955
1954
1953
1954
1951
1953
1954
1952
1952
1954
1953
1953
1953
1954
1954
1951
1949
1949
1953
1955
1954
1949
1951
1955
1950
1950
1952
1954
1953
1950
1952
1950
1953
1953
1949
1948
1950
1949
1954
1951
1952
1951
1951
1956
1953
1951
1952
1953
1951
1947
1950
1947
1949
1950
1948
1950
1951
1947
1951
1950
1947
1951
1949
1953
1947
1951
1953
1950
1951
1947
1951
1949
1947
1952
1952
1948
1950
1949
1951
1953
1950
1949
1950
1950
1952
1947
1949
1943
1947
1946
1950
1947
1950
1949
1947
1947
1951
1951
1945
1943
1946
1948
1946
1950
1945
1947
1947
1948
1948
1949
1946
1945
1949
1942
1946
1947
1947
1945
1947
1947
1943
1948
1950
1947
1946
1946
1947
1948
1945
1948
1943
1947
1943
1945
1943
1946
1946
1950
1941
1943
1939
1943
1944
1947
1951
1945
1947
1943
1941
1945
1947
1945
1945
1941
1942
1942
1946
1942
1942
1942
1949
1944
1946
1944
1942
1945
1943
1941
1945
1943
1947
1939
1941
1943
1943
1943
1946
1944
1942
1945
1942
1941
1946
1943
1943
1941
1942
1943
1941
1940
1941
1945
1943
1940
1942
1942
1938
1943
1942
1938
1941
1941
1942
1941
1940
1942
1939
1943
1938
1941
1942
1941
1939
1943
1942
1941
1941
1940
1940
1941
1941
1938
1942
1938
1939
1939
1939
1941
1939
1939
1939
1941
1943
1941
1938
1941
1943
1939
1940
1941
1937
1941
1938
1939
1939
1940
1939
1938
1938
1941
1939
1938
1941
1939
1937
1938
1939
1940
1938
1937
1936
1938
1938
1942
1938
1939
1936
1941
1938
1937
1938
1939
1939
1936
1937
1936
1936
1938
1936
1937
1937
1939
1937
1938
1936
1936
1937
1936
1938
1936
1936
1935
1937
1936
1938
1936
1936
1936
1935
1936
1936
1937
1937
1938
1937
1936
1936
1937
1936
1936
1939
1937
1936
1936
1935
1937
1936
1936
1935
1936
1936
1935
1937
1935
1936
1936
1936
1936
1937
1936
1936
1936
1936
1936
1935
1936
1936
1935
1936
1936
1936
1936
1936
1936
1937
1936
1934
1936
1935
1935
1935
1936
1933
1933
1936
1936
1933
1935
1936
1935
1935
1934
1933
1933
1936
1936
1935
1936
1935
1935
1936
1935
1936
1935
1936
1935
1936
1933
1936
1936
1936
1934
1934
1933
1936
1936
1936
1935
1933
1934
1936
1935
1936
1935
1935
1934
1935
1933
1936
1936
1936
1932
1933
1933
1932
1931
1931
1936
1931
1933
1933
1931
1934
1933
1935
1934
1935
1935
1931
1933
1931
1933
1931
1933
1936
1933
1932
1931
1932
1933
1931
1063
378
0
0
0
0
0
0
0
0
0
0
0
0
0
0
0
0
0
0
0
0
0
0
0
0
0
0
0
0
0
0
0
0
0
0
0
0
0
0
0
0
0
0
0
0
0
0
0
0
0
0
0
0
0
0
0
0
0
0
0
0
0
0
0
0
0
0
0
0
0
0
0
0
0
0
0
0
0
0
0
0
0
0
0
0
0
0
0
0
0
0
0
0
0
0
0
0
0
0
0
0
0
0
0
0
0
0
0
0
0
0
0
0
0
0
0
0
0
0
0
0
0
0
0
0
0
0
0
0
0
0
0
0
0
0
0
0
0
0
0
0
0
0
0
0
0
0
0
0
0
0
0
0
0
0
0
0
0
0
0
0
0
0
0
0
0
0
0
0
0
0
0
0
0
0
0
0
0
0
0
0
0
0
0
0
0
0
0
0
0
0
0
0
0
0
0
0
0
0
0
0
0
0
0
0
0
0
0
0
0
0
0
0
0
0
0
0
0
0
0
0
0
0
0
0
0
0
0
0
0
0
0
0
0
0
0
0
0
0
0
0
0
0
0
0
0
0
0
0
0
0
0
0
0
0
0
0
0
0
0
0
0
0
0
0
0
0
0
0
0
0
0
0
0
0
0
0
0
0
0
0
0
0
0
0
0
0
0
0
0
0
0
0
0
0
0
0
0
0
0
0
0
0
0
0
0
0
0
0
0
0
0
0
0
0
0
0
0
0
0
0
0
0
0
0
0
0
0
0
0
0
0
0
0
0
0
0
0
0
0
0
0
0
0
0
0
0
0
0
0
0
0
0
0
0
0
0
0
0
0
0
0
0
0
0
0
0
0
0
0
0
0
0
0
0
0
0
0
0
0
0
0
0
0
0
0
0
0
0
0
0
0
0
0
0
0
0
0
0
0
0
0
0
0
0
0
0
0
0
0
0
0
0
0
0
0
0
0
0
0
0
0
0
0
0
0
1
0
4
5
7
9
11
12
16
15
16
16
16
18
19
25
24
31
28
33
32
34
36
38
41
41
45
45
47
48
48
48
50
53
55
53
58
61
61
64
65
64
64
66
69
68
71
75
77
76
80
80
82
80
82
81
81
86
90
89
87
96
94
96
99
101
105
104
105
108
111
112
112
112
113
115
115
117
117
119
121
125
128
128
129
129
132
131
135
135
135
139
140
144
144
144
148
144
146
147
151
154
150
156
155
161
162
161
162
166
170
167
169
175
174
176
175
179
177
183
179
177
181
185
182
186
187
191
189
194
195
198
195
198
198
202
208
208
209
208
205
208
210
209
214
215
219
219
221
224
224
225
225
229
233
233
229
231
236
236
240
240
240
240
242
240
249
244
250
247
249
255
256
255
255
256
257
259
263
265
262
266
267
270
271
271
272
272
272
278
277
279
279
281
283
286
287
285
289
287
289
292
295
294
294
298
298
303
304
304
306
305
304
307
306
314
311
313
315
313
316
318
319
319
321
323
322
332
331
330
330
332
333
334
336
336
336
339
339
342
343
342
345
346
347
346
345
349
349
353
353
357
365
361
361
362
363
367
366
368
368
368
370
369
371
374
376
374
378
381
381
379
382
385
386
384
384
389
390
391
394
395
395
393
397
397
400
400
403
400
402
405
407
405
410
410
410
414
414
415
410
415
419
419
421
423
424
423
425
429
429
431
432
434
431
433
436
437
438
438
435
442
442
443
443
447
446
448
448
452
450
449
453
454
454
458
455
461
463
462
464
464
464
466
468
467
469
469
469
470
473
474
474
476
481
481
483
480
479
483
485
487
488
485
491
490
494
493
496
494
496
498
498
497
500
503
500
507
504
502
507
509
511
511
511
511
511
511
522
525
524
528
525
528
528
528
528
529
530
533
538
537
538
541
541
538
537
543
545
545
543
547
550
547
553
551
547
555
557
559
557
558
560
559
560
560
563
565
561
566
567
568
573
574
571
576
575
575
575
576
580
578
577
581
581
583
583
586
587
581
586
587
590
590
592
592
593
592
593
593
597
599
597
603
599
602
605
603
606
606
606
611
613
611
609
616
614
614
617
620
619
618
620
623
624
624
624
627
624
627
625
628
627
630
627
637
634
636
634
637
638
640
640
642
643
643
644
642
646
647
646
650
650
651
653
656
653
655
656
656
656
659
657
658
658
661
659
662
663
667
666
667
668
670
667
672
673
674
673
673
677
677
679
683
681
682
685
686
687
688
687
687
688
688
688
691
693
695
694
690
696
697
699
698
699
701
703
699
702
704
704
705
706
709
708
710
707
713
714
717
714
717
720
717
720
719
720
720
722
722
722
723
725
729
724
727
729
730
731
731
731
733
732
733
738
738
739
738
738
741
743
743
743
747
747
746
750
748
750
752
752
753
752
752
755
756
755
755
756
759
762
761
765
763
763
764
763
767
769
769
769
772
771
769
771
774
772
778
775
774
779
778
784
783
782
784
783
784
785
785
790
786
784
787
789
790
790
788
791
793
794
795
794
796
800
801
799
799
801
802
805
807
805
811
812
811
813
810
812
811
811
813
816
815
815
817
817
816
817
818
822
821
821
821
823
827
822
823
824
832
830
830
830
829
830
833
833
835
837
837
835
838
836
839
841
842
844
845
842
846
848
848
848
848
848
849
849
848
850
851
855
851
850
859
854
861
861
862
862
860
863
863
860
863
866
864
869
869
867
870
873
871
871
874
875
871
877
877
877
879
880
880
880
880
880
880
880
886
882
886
884
887
889
889
888
890
891
892
890
893
893
895
895
896
895
895
896
897
899
901
899
903
906
907
909
911
909
909
910
908
907
910
912
911
911
915
912
915
916
916
914
915
918
919
919
918
918
924
923
921
923
923
926
928
927
928
932
929
931
934
929
933
935
935
934
938
939
938
942
941
942
942
944
944
945
943
945
945
946
944
947
946
949
947
949
949
955
955
956
951
951
957
956
956
959
959
959
959
960
960
962
959
966
964
965
963
967
965
966
967
967
972
970
972
973
974
971
976
973
974
976
975
976
978
976
982
978
982
978
980
981
982
982
984
987
990
983
987
987
987
990
987
990
990
991
991
994
993
993
995
995
997
999
995
1004
998
1000
1001
1002
1007
1005
1006
1007
1008
1005
1008
1008
1008
1008
1008
1010
1011
1015
1009
1012
1013
1012
1014
1015
1014
1019
1021
1018
1023
1018
1020
1022
1021
1021
1017
1022
1023
1023
1031
1023
1035
1035
1034
1036
1036
1037
1038
1038
1039
1039
1039
1040
1040
1040
1040
1040
1043
1043
1041
1047
1040
1043
1046
1047
1050
1050
1049
1052
1054
1054
1053
1050
1057
1053
1053
1054
1054
1059
1055
1057
1059
1057
1057
1061
1061
1063
1065
1063
1067
1069
1066
1069
1067
1067
1067
1070
1070
1071
1072
1072
1072
1072
1072
1073
1076
1076
1075
1075
1074
1073
1078
1078
1077
1079
1078
1082
1082
1081
1086
1081
1085
1085
1086
1088
1085
1088
1088
1087
1091
1091
1091
1093
1094
1094
1091
1095
1092
1095
1093
1093
1099
1097
1099
1099
1099
1098
1099
1101
1099
1103
1103
1104
1104
1104
1104
1104
1104
1105
1105
1107
1113
1106
1107
1106
1110
1110
1110
1111
1113
1110
1117
1114
1111
1117
1119
1117
1118
1117
1117
1122
1116
1121
1120
1123
1123
1123
1123
1122
1127
1123
1124
1125
1126
1129
1129
1129
1127
1131
1130
1134
1134
1135
1135
1133
1136
1136
1136
1136
1136
1136
1136
1141
1137
1140
1140
1143
1143
1140
1139
1139
1142
1146
1146
1145
1147
1146
1152
1147
1149
1147
1150
1147
1149
1151
1152
1153
1152
1155
1156
1157
1152
1156
1157
1153
1159
1157
1157
1159
1157
1161
1159
1164
1163
1163
1165
1163
1163
1166
1164
1168
1168
1167
1168
1168
1167
1168
1167
1168
1168
1173
1170
1173
1170
1171
1170
1171
1172
1175
1173
1178
1175
1178
1181
1174
1177
1179
1177
1177
1182
1181
1183
1182
1186
1184
1182
1187
1185
1185
1186
1188
1189
1189
1189
1187
1190
1191
1195
1190
1194
1192
1195
1193
1195
1197
1200
1195
1194
1200
1200
1199
1200
1200
1200
1200
1203
1200
1201
1205
1200
1201
1205
1205
1206
1203
1206
1207
1206
1211
1209
1211
1206
1211
1208
1209
1213
1211
1213
1214
1212
1214
1213
1216
1215
1217
1219
1216
1217
1217
1217
1221
1218
1219
1221
1221
1223
1219
1219
1226
1223
1225
1221
1223
1227
1229
1227
1226
1225
1229
1227
1232
1229
1231
1232
1232
1230
1232
1232
1232
1232
1232
1235
1237
1233
1232
1234
1234
1238
1238
1236
1240
1237
1238
1243
1241
1243
1245
1243
1244
1246
1243
1243
1247
1243
1248
1245
1246
1243
1247
1250
1247
1249
1248
1250
1251
1252
1251
1250
1254
1254
1255
1251
1258
1251
1257
1257
1255
1258
1259
1260
1259
1259
1259
1259
1261
1264
1263
1264
1264
1264
1264
1267
1264
1264
1265
1264
1265
1269
1266
1266
1269
1267
1270
1271
1267
1271
1271
1269
1274
1271
1275
1277
1271
1275
1275
1275
1275
1278
1271
1280
1277
1279
1276
1279
1280
1282
1277
1280
1280
1280
1283
1281
1283
1281
1281
1283
1282
1283
1287
1289
1291
1287
1286
1286
1292
1290
1289
1290
1290
1294
1291
1293
1296
1295
1296
1296
1291
1294
1296
1296
1295
1295
1296
1296
1297
1296
1298
1299
1298
1298
1297
1301
1299
1299
1300
1306
1306
1305
1305
1299
1302
1301
1307
1305
1309
1308
1307
1309
1308
1310
1311
1312
1309
1311
1313
1311
1312
1312
1315
1314
1313
1314
1315
1317
1314
1313
1317
1315
1319
1323
1317
1321
1319
1319
1319
1319
1322
1323
1323
1325
1322
1322
1322
1327
1326
1323
1325
1328
1323
1328
1325
1328
1326
1328
1328
1328
1328
1328
1329
1331
1328
1334
1331
1330
1331
1333
1333
1331
1335
1334
1335
1338
1335
1336
1335
1337
1334
1339
1341
1342
1342
1341
1341
1343
1344
1342
1344
1343
1344
1343
1342
1342
1344
1344
1344
1347
1343
1346
1350
1570
1572
1571
1571
1573
1569
1570
1571
1567
1573
1569
1572
1571
1570
1572
1571
1575
1571
1573
1572
1575
1574
1574
1571
1570
1574
1574
1575
1575
1575
1574
1575
1575
1575
1578
1578
1579
1577
1576
1577
1581
1575
1579
1579
1578
1580
1581
1578
1582
1578
1582
1580
1575
1578
1582
1579
1584
1581
1581
1584
1581
1581
1584
1582
1584
1583
1580
1584
1584
1582
1584
1584
1584
1584
1584
1583
1584
1584
1584
1585
1585
1584
1584
1585
1585
1585
1584
1586
1584
1585
1585
1587
1585
1589
1586
1584
1585
1587
1589
1591
1590
1586
1587
1590
1589
1590
1590
1589
1594
1590
1589
1590
1593
1593
1593
1592
1594
1595
1595
1594
1595
1595
1595
1599
1594
1594
1599
1597
1591
1595
1597
1594
1597
1598
1595
1594
1595
1597
1600
1595
1598
1597
1599
1598
1600
1600
1600
1599
1600
1600
1600
1600
1600
1600
1599
1599
1601
1601
1601
1601
1600
1599
1601
1601
1604
1601
1605
1601
1600
1600
1601
1602
1603
1605
1602
1602
1600
1603
1605
1601
1605
1605
1600
1603
1603
1603
1605
1607
1605
1605
1607
1605
1606
1607
1610
1607
1607
1609
1606
1610
1606
1613
1611
1611
1613
1610
1611
1610
1613
1610
1609
1615
1611
1611
1611
1615
1615
1615
1613
1612
1613
1616
1615
1615
1616
1613
1615
1615
1616
1616
1616
1615
1616
1616
1615
1616
1617
1616
1616
1616
1616
1617
1617
1616
1616
1615
1619
1620
1616
1616
1619
1619
1617
1618
1617
1619
1616
1618
1619
1617
1616
1618
1619
1617
1618
1618
1620
1618
1619
1621
1618
1622
1620
1625
1626
1622
1625
1621
1618
1626
1623
1622
1621
1621
1621
1622
1622
1628
1622
1623
1623
1626
1628
1622
1623
1628
1625
1627
1627
1628
1625
1628
1629
1629
1627
1629
1629
1627
1627
1628
1628
1627
1631
1629
1631
1632
1631
1628
1628
1631
1632
1631
1630
1631
1634
1632
1631
1631
1633
1635
1633
1633
1637
1635
1632
1633
1631
1635
1635
1634
1638
1634
1632
1633
1632
1636
1634
1634
1635
1637
1637
1638
1638
1637
1635
1641
1637
1637
1637
1639
1638
1639
1638
1642
1638
1639
1639
1639
1642
1642
1641
1639
1643
1642
1640
1639
1643
1643
1643
1642
1645
1641
1646
1647
1645
1643
1643
1645
1646
1648
1647
1643
1641
1645
1647
1645
1646
1648
1647
1648
1648
1648
1648
1647
1646
1647
1646
1648
1647
1647
1648
1648
1648
1648
1648
1647
1650
1648
1648
1648
1649
1648
1649
1650
1649
1651
1648
1649
1649
1648
1649
1648
1650
1651
1649
1653
1651
1648
1649
1651
1648
1648
1650
1651
1653
1651
1651
1653
1651
1654
1650
1649
1653
1654
1654
1653
1655
1652
1654
1655
1653
1653
1656
1654
1656
1655
1653
1657
1656
1655
1655
1661
1655
1654
1657
1661
1657
1661
1653
1657
1659
1655
1659
1655
1658
1659
1660
1659
1661
1660
1661
1663
1664
1663
1661
1659
1663
1662
1660
1664
1662
1662
1660
1664
1663
1662
1660
1662
1665
1662
1663
1662
1664
1664
1664
1665
1665
1664
1667
1666
1664
1665
1665
1665
1665
1664
1666
1666
1666
1667
1667
1665
1664
1666
1664
1669
1665
1669
1667
1665
1667
1667
1665
1670
1671
1665
1665
1666
1667
1671
1667
1666
1669
1668
1667
1669
1670
1667
1671
1670
1670
1669
1671
1668
1672
1670
1674
1671
1671
1669
1677
1674
1673
1671
1671
1675
1674
1671
1671
1674
1674
1677
1677
1676
1674
1673
1675
1675
1674
1676
1677
1680
1675
1679
1677
1677
1675
1675
1675
1678
1679
1675
1675
1679
1678
1680
1679
1679
1680
1678
1678
1680
1680
1680
1679
1679
1679
1679
1678
1678
1680
1680
1680
1681
1680
1680
1680
1681
1680
1681
1679
1680
1681
1680
1680
1680
1681
1680
1681
1682
1682
1682
1680
1681
1680
1681
1682
1680
1683
1684
1682
1683
1681
1684
1683
1680
1683
1683
1680
1682
1680
1683
1681
1681
1684
1683
1686
1682
1687
1686
1686
1685
1685
1685
1689
1687
1687
1686
1690
1685
1691
1689
1690
1687
1685
1685
1687
1687
1685
1684
1691
1687
1685
1690
1686
1686
1691
1691
1687
1693
1690
1691
1691
1692
1693
1691
1694
1687
1693
1689
1689
1692
1694
1695
1691
1696
1693
1694
1695
1693
1691
1691
1695
1695
1691
1694
1697
1693
1697
1693
1697
1695
1697
1697
1696
1696
1694
1699
1694
1696
1695
1694
1695
1697
1695
1698
1694
1698
1696
1695
1697
1696
1695
1695
1693
1695
1700
1699
1699
1697
1700
1700
1699
1698
1699
1698
1700
1702
1696
1700
1699
1699
1703
1702
1698
1702
1699
1699
1700
1701
1702
1701
1699
1702
1705
1703
1701
1702
1702
1706
1706
1702
1702
1701
1703
1705
1705
1702
1702
1702
1706
1707
1707
1705
1703
1706
1705
1703
1705
1702
1703
1705
1705
1703
1709
1707
1705
1704
1709
1706
1706
1707
1707
1710
1709
1706
1707
1709
1712
1707
1709
1712
1706
1710
1709
1712
1707
1710
1710
1711
1711
1707
1711
1709
1712
1708
1711
1711
1709
1711
1710
1710
1712
1711
1712
1711
1712
1712
1712
1711
1712
1712
1710
1714
1714
1713
1712
1711
1713
1712
1713
1713
1715
1711
1712
1711
1715
1712
1713
1712
1714
1712
1714
1713
1712
1714
1712
1713
1714
1713
1713
1714
1715
1716
1717
1714
1712
1714
1713
1713
1717
1714
1716
1717
1717
1715
1713
1713
1715
1717
1714
1719
1715
1715
1715
1714
1717
1714
1718
1719
1715
1718
1716
1718
1723
1715
1716
1715
1717
1717
1718
1714
1719
1722
1721
1721
1718
1718
1719
1719
1718
1723
1719
1717
1722
1718
1721
1719
1718
1718
1725
1720
1719
1727
1723
1723
1723
1722
1726
1723
1722
1721
1724
1721
1725
1724
1722
1719
1723
1725
1726
1724
1724
1725
1723
1725
1725
1722
1728
1726
1727
1724
1727
1726
1727
1725
1727
1724
1726
1726
1725
1727
1729
1727
1729
1727
1723
1726
1726
1725
1729
1728
1726
1725
1727
1729
1728
1728
1729
1727
1727
1727
1728
1728
1730
1728
1728
1728
1730
1729
1729
1728
1726
1728
1731
1728
1732
1731
1731
1730
1730
1729
1732
1729
1728
1730
1733
1728
1727
1729
1730
1730
1730
1731
1730
1728
1731
1731
1732
1732
1731
1735
1734
1731
1730
1733
1730
1733
1734
1733
1738
1733
1734
1733
1734
1735
1734
1731
1735
1732
1734
1734
1730
1737
1735
1734
1735
1735
1735
1734
1733
1735
1735
1734
1733
1735
1738
1735
1740
1738
1737
1735
1738
1739
1734
1734
1735
1737
1739
1742
1737
1734
1731
1737
1737
1739
1735
1734
1740
1739
1738
1739
1739
1740
1741
1741
1740
1739
1743
1740
1740
1739
1738
1744
1739
1739
1741
1740
1740
1742
1741
1739
1741
1742
1740
1741
1739
1741
1739
1739
1743
1742
1741
1740
1744
1744
1741
1744
1739
1744
1744
1743
1739
1744
1741
1743
1744
1744
1743
1744
1744
1743
1744
1744
1744
1743
1744
1744
1744
1744
1743
1744
1744
1744
1744
1746
1744
1744
1746
1744
1745
1744
1743
1744
1744
1744
1745
1745
1745
1744
1745
1747
1744
1744
1744
1744
1744
1744
1744
1745
1744
1744
1744
1745
1745
1746
1747
1745
1744
1748
1747
1749
1746
1744
1746
1746
1750
1747
1745
1746
1746
1748
1746
1749
1746
1746
1748
1746
1745
1749
1749
1749
1750
1747
1747
1747
1746
1750
1744
1746
1751
1753
1747
1748
1749
1747
1749
1747
1750
1750
1751
1749
1754
1751
1754
1755
1750
1749
1750
1749
1750
1755
1754
1754
1753
1749
1753
1753
1751
1749
1751
1751
1753
1751
1755
1748
1755
1751
1750
1754
1753
1755
1753
1750
1753
1753
1756
1749
1755
1756
1755
1753
1757
1755
1753
1754
1751
1754
1755
1755
1754
1750
1753
1754
1757
1755
1756
1755
1755
1758
1759
1757
1754
1755
1754
1759
1759
1759
1760
1756
1757
1759
1755
1755
1757
1755
1757
1756
1759
1758
1757
1758
1758
1758
1757
1757
1760
1759
1759
1760
1758
1758
1759
1758
1761
1761
1758
1761
1758
1762
1760
1764
1758
1760
1761
1761
1760
1760
1760
1759
1761
1761
1765
1759
1760
1761
1758
1760
1760
1760
1761
1759
1763
1760
1762
1762
1761
1761
1760
1766
1757
1761
1760
1762
1761
1767
1762
1765
1766
1767
1762
1761
1761
1762
1764
1766
1763
1762
1763
1764
1769
1763
1765
1765
1761
1763
1763
1763
1763
1765
1763
1763
1759
1764
1769
1767
1767
1763
1766
1767
1765
1767
1763
1766
1764
1765
1765
1766
1765
1766
1766
1766
1766
1763
1769
1766
1763
1769
1768
1765
1767
1765
1770
1769
1767
1769
1767
1767
1764
1767
1768
1770
1766
1768
1771
1770
1772
1771
1767
1767
1770
1771
1770
1770
1770
1767
1767
1766
1771
1770
1769
1769
1769
1769
1772
1770
1774
1773
1771
1773
1773
1773
1770
1772
1771
1769
1771
1770
1773
1771
1775
1773
1770
1775
1770
1775
1771
1776
1771
1772
1772
1774
1774
1774
1774
1774
1771
1774
1771
1774
1775
1774
1773
1774
1774
1775
1774
1774
1771
1776
1775
1775
1774
1775
1771
1775
1776
1773
1775
1775
1774
1771
1775
1774
1774
1773
1776
1776
1776
1775
1774
1775
1776
1775
1776
1775
1776
1774
1774
1774
1776
1775
1776
1776
1776
1775
1776
1776
1778
1776
1776
1775
1776
1775
1776
1776
1776
1777
1775
1775
1776
1776
1776
1776
1777
1778
1779
1776
1777
1777
1777
1776
1777
1778
1776
1778
1776
1776
1776
1779
1779
1777
1777
1779
1776
1777
1778
1776
1777
1776
1776
1777
1778
1777
1776
1777
1777
1777
1777
1776
1777
1777
1779
1779
1777
1781
1781
1776
1778
1781
1779
1778
1781
1781
1779
1779
1779
1777
1779
1777
1780
1781
1782
1779
1779
1782
1778
1777
1776
1777
1777
1781
1779
1777
1779
1777
1776
1777
1779
1782
1783
1780
1779
1780
1776
1781
1783
1781
1782
1781
1781
1782
1783
1781
1784
1778
1781
1782
1783
1778
1783
1778
1780
1781
1787
1782
1785
1783
1782
1783
1783
1783
1781
1786
1786
1779
1783
1783
1782
1783
1785
1783
1789
1786
1786
1785
1782
1785
1785
1783
1781
1787
1781
1785
1781
1785
1783
1788
1780
1785
1783
1786
1783
1783
1781
1782
1781
1786
1785
1785
1786
1782
1788
1787
1786
1785
1786
1783
1789
1783
1785
1786
1785
1787
1783
1787
1790
1788
1787
1787
1787
1787
1789
1791
1790
1789
1786
1788
1789
1786
1787
1791
1787
1791
1788
1790
1790
1789
1787
1790
1788
1791
1786
1789
1787
1789
1790
1787
1790
1791
1791
1791
1789
1790
1789
1789
1791
1789
1791
1791
1791
1791
1789
1790
1791
1787
1789
1789
1791
1791
1789
1791
1786
1789
1789
1791
1790
1791
1791
1787
1790
1791
1791
1790
1790
1791
1791
1793
1793
1792
1790
1790
1787
1793
1793
1791
1791
1789
1790
1791
1791
1791
1790
1792
1789
1791
1794
1791
1793
1792
1789
1790
1793
1789
1791
1793
1794
1792
1791
1792
1792
1793
1791
1794
1791
1793
1793
1792
1791
1793
1793
1792
1792
1792
1792
1792
1791
1795
1796
1795
1795
1796
1793
1795
1794
1793
1795
1792
1793
1793
1794
1795
1794
1792
1794
1795
1795
1792
1795
1793
1795
1795
1797
1795
1796
1795
1795
1794
1795
1796
1791
1795
1795
1795
1794
1793
1797
1795
1794
1798
1794
1796
1792
1795
1795
1794
1795
1793
1794
1795
1795
1798
1795
1793
1793
1797
1799
1795
1798
1800
1795
1793
1797
1798
1794
1796
1797
1795
1797
1799
1798
1803
1797
1798
1797
1801
1801
1801
1801
1803
1799
1798
1798
1798
1798
1797
1799
1798
1799
1799
1799
1796
1801
1802
1798
1799
1801
1802
1798
1799
1795
1797
1799
1797
1804
1803
1798
1799
1799
1798
1799
1802
1798
1803
1799
1798
1803
1800
1802
1802
1799
1801
1800
1801
1803
1798
1802
1803
1806
1797
1799
1795
1802
1802
1801
1802
1799
1803
1802
1799
2009
2010
2015
2011
2013
2011
2010
2007
2011
2009
2011
2012
2005
2010
2011
2012
2011
2007
2007
2007
2010
2007
2011
2006
2006
2010
2005
2009
2007
2010
2010
2007
2004
2006
2006
2005
2006
2006
2007
2005
2003
2001
2006
2005
2002
2005
2006
2003
2005
2003
2005
2002
2005
2003
2003
2005
2003
2004
2000
2002
2002
2000
2001
2001
2003
2001
2000
2000
2001
2000
2001
2000
2000
2000
2000
2000
2000
2002
2000
2001
2003
2000
2000
1999
2000
1999
2000
2000
2000
2000
2000
2000
1999
1999
1998
2000
2000
1999
1997
2000
1998
2000
1999
1997
1999
1994
1994
1998
1994
1999
2000
2000
1997
1993
2000
1997
1999
1997
1996
1996
1995
1997
1995
1999
1994
1997
1994
1994
1994
1991
1991
1994
1995
1993
1993
1995
1989
1989
1995
1991
1994
1993
1997
1991
1986
1991
1995
1995
1994
1995
1993
1991
1991
1990
1994
1990
1990
1989
1987
1986
1991
1987
1990
1990
1985
1991
1989
1990
1986
1989
1988
1988
1987
1989
1989
1990
1985
1987
1987
1986
1987
1986
1987
1985
1987
1987
1984
1989
1985
1986
1987
1985
1987
1984
1984
1984
1983
1986
1986
1985
1985
1987
1986
1984
1985
1983
1983
1985
1984
1984
1986
1981
1985
1989
1985
1983
1981
1983
1983
1982
1984
1981
1984
1984
1983
1983
1982
1983
1983
1981
1981
1983
1983
1983
1984
1982
1983
1983
1981
1979
1984
1979
1981
1984
1981
1979
1983
1981
1978
1981
1982
1979
1980
1981
1981
1983
1978
1980
1979
1977
1982
1978
1977
1981
1979
1981
1978
1975
1975
1980
1975
1977
1974
1975
1979
1975
1980
1981
1978
1974
1978
1977
1975
1977
1978
1977
1975
1975
1975
1975
1974
1971
1978
1979
1971
1973
1974
1971
1974
1977
1974
1975
1973
1978
1971
1972
1973
1975
1974
1973
1975
1973
1974
1969
1971
1975
1970
1975
1970
1971
1971
1970
1971
1971
1975
1971
1974
1971
1971
1969
1969
1971
1969
1970
1969
1970
1969
1970
1972
1969
1971
1972
1970
1968
1969
1968
1969
1968
1968
1971
1971
1968
1969
1969
1968
1968
1968
1968
1968
1968
1967
1968
1968
1967
1968
1968
1968
1969
1968
1968
1968
1968
1968
1968
1968
1968
1968
1967
1968
1968
1967
1968
1968
1968
1968
1967
1968
1967
1967
1967
1968
1966
1968
1966
1967
1965
1967
1968
1967
1968
1967
1967
1965
1968
1967
1967
1968
1967
1967
1966
1965
1968
1963
1965
1966
1961
1963
1965
1965
1967
1963
1968
1968
1967
1963
1966
1965
1961
1967
1963
1963
1963
1965
1965
1965
1962
1963
1962
1963
1963
1961
1961
1963
1962
1962
1963
1962
1959
1959
1959
1962
1963
1962
1962
1962
1959
1958
1961
1963
1963
1965
1961
1959
1959
1959
1961
1956
1958
1959
1960
1958
1959
1959
1962
1957
1958
1955
1956
1960
1958
1957
1958
1959
1961
1958
1959
1955
1959
1955
1956
1957
1953
1956
1961
1958
1961
1957
1955
1955
1957
1958
1958
1957
1956
1957
1958
1954
1954
1953
1954
1959
1953
1954
1957
1954
1959
1957
1955
1953
1955
1951
1953
1953
1954
1953
1956
1952
1953
1954
1954
1955
1955
1955
1953
1951
1953
1953
1958
1955
1953
1953
1955
1954
1953
1950
1952
1949
1955
1952
1952
1952
1955
1950
1957
1954
1957
1950
1952
1951
1949
1953
1951
1955
1954
1951
1951
1951
1948
1952
1953
1953
1950
1950
1954
1954
1954
1951
1950
1950
1950
1952
1952
1951
1950
1947
1943
1951
1950
1949
1949
1950
1952
1947
1951
1951
1951
1951
1948
1951
1950
1950
1947
1946
1948
1947
1945
1950
1948
1946
1949
1946
1947
1946
1947
1945
1947
1948
1947
1945
1942
1947
1947
1945
1947
1946
1943
1947
1943
1950
1947
1943
1946
1946
1941
1946
1945
1941
1943
1943
1943
1943
1946
1946
1943
1946
1939
1940
1941
1943
1946
1939
1943
1948
1950
1942
1945
1943
1939
1942
1945
1940
1945
1946
1942
1943
1943
1939
1944
1948
1945
1943
1941
1940
1941
1941
1942
1943
1940
1942
1943
1941
1941
1943
1941
1938
1942
1942
1942
1938
1938
1938
1938
1939
1942
1940
1943
1942
1938
1941
1938
1940
1938
1941
1939
1938
1937
1939
1937
1938
1937
1939
1942
1937
1939
1936
1939
1938
1943
1938
1939
1943
1937
1938
1937
1939
1938
1937
1936
1938
1939
1938
1937
1938
1939
1938
1938
1937
1936
1935
1941
1937
1937
1937
1936
1936
1938
1936
1940
1936
1938
1936
1940
1936
1936
1936
1936
1936
1942
1936
1936
1936
1938
1936
1937
1936
1935
1934
1936
1936
1937
1936
1935
1936
1937
1936
1935
1936
1935
1935
1936
1936
1935
1934
1936
1936
1936
1933
1936
1935
1936
1936
1936
1936
1936
1936
1935
1936
1935
1936
1936
1935
1935
1934
1934
1933
1933
1934
1935
1933
1936
1936
1935
1935
1936
1936
1933
1934
1936
1936
1935
1936
1936
1935
1938
1935
1935
1934
1935
1936
1935
1936
1936
1934
1934
1935
1936
1932
1932
1933
1933
1934
1929
1934
1932
1933
1930
1931
1927
1933
1931
1931
1933
1933
1933
1936
1931
1931
1933
1935
1934
1934
1934
1930
1932
1931
1934
1931
1933
1933
1935
1933
1931
1927
1933
1931
1931
1927
1933
1931
1931
1931
1929
1929
1928
1929
1930
1931
1929
1926
1926
1932
1931
1927
1927
1929
1930
1929
1931
1927
1927
1931
1927
1927
1930
1930
1931
1926
1926
1930
1931
1931
1931
1930
1930
1930
1927
1927
1929
1931
1928
1926
1927
1926
1927
1931
1927
1926
1926
1930
1932
1927
1927
1932
1929
1925
1929
1930
1929
1929
1926
1926
1927
1923
1926
1923
1923
1922
1926
1927
1926
1925
1927
1923
1927
1924
1925
1926
1926
1925
1927
1929
1927
1925
1923
1922
1926
1923
1925
1927
1929
1929
1922
1924
1925
1923
1923
1925
1921
1923
1925
1929
1928
1925
1925
1923
1921
1926
1927
1923
1923
1925
1922
1925
1922
1922
1921
1921
1929
1923
1926
1923
1925
1923
1922
1927
1925
1923
1920
1923
1923
1923
1921
1924
1922
1920
1923
1920
1923
1923
1920
1922
1923
1922
1920
1920
1923
1924
1921
1925
1920
1920
1920
1920
1920
1921
1921
1924
1921
1923
1919
1922
1923
1921
1922
1920
1923
1922
1921
1921
1921
1922
1921
1923
1920
1923
1920
1920
1918
1921
1925
1925
1922
1920
1920
1920
1920
1921
1920
1921
1919
1921
1918
1921
1920
1922
1919
1921
1920
1919
1919
1921
1919
1919
1920
1918
1921
1921
1920
1918
1921
1918
1920
1921
1920
1917
1920
1920
1919
1920
1917
1922
1920
1917
1919
1917
1915
1919
1917
1919
1918
1917
1917
1917
1917
1919
1919
1917
1917
1916
1915
1917
1915
1915
1915
1917
1915
1918
1917
1919
1915
1916
1919
1917
1919
1913
1918
1919
1918
1917
1919
1919
1916
1914
1917
1919
1919
1918
1918
1913
1915
1917
1918
1919
1918
1917
1920
1919
1918
1918
1918
1919
1916
1918
1915
1915
1919
1918
1913
1915
1915
1917
1916
1915
1914
1917
1914
1915
1914
1918
1917
1914
1915
1911
1916
1916
1915
1919
1913
1916
1914
1913
1917
1914
1911
1917
1911
1914
1915
1914
1915
1915
1917
1915
1913
1914
1913
1910
1914
1911
1914
1916
1915
1917
1911
1913
1915
1911
1913
1917
1912
1911
1915
1915
1910
1915
1914
1915
1914
1916
1915
1910
1911
1913
1913
1914
1911
1911
1916
1909
1913
1914
1910
1915
1911
1910
1914
1910
1911
1913
1909
1909
1912
1912
1913
1913
1910
1911
1909
1913
1911
1914
1909
1914
1910
1917
1911
1914
1911
1908
1909
1912
1914
1911
1915
1910
1910
1914
1907
1910
1914
1909
1911
1905
1910
1911
1909
1910
1908
1909
1911
1911
1910
1907
1914
1909
1909
1909
1910
1911
1909
1909
1910
1910
1909
1907
1910
1913
1908
1909
1911
1907
1910
1910
1909
1910
1910
1912
1907
1911
1913
1909
1905
1910
1910
1907
1909
1906
1909
1907
1909
1907
1909
1911
1909
1909
1906
1906
1909
1907
1907
1904
1910
1908
1909
1911
1907
1909
1907
1909
1909
1907
1905
1906
1905
1907
1907
1907
1907
1907
1908
1905
1905
1906
1906
1907
1905
1907
1909
1907
1905
1910
1913
1906
1907
1909
1909
1910
1908
1905
1906
1906
1907
1906
1904
1908
1907
1910
1906
1906
1906
1904
1906
1907
1906
1906
1904
1905
1905
1907
1904
1904
1905
1905
1904
1905
1904
1906
1908
1905
1904
1904
1906
1907
1907
1904
1904
1904
1906
1905
1904
1907
1904
1904
1904
1905
1905
1904
1904
1904
1909
1904
1904
1904
1905
1904
1906
1904
1906
1904
1905
1906
1905
1906
1904
1904
1904
1907
1904
1904
1904
1904
1905
1904
1905
1904
1904
1907
1904
1904
1904
1904
1906
1904
1904
1902
1904
1905
1904
1904
1905
1904
1903
1905
1908
1904
1904
1905
1904
1904
1906
1905
1905
1904
1905
1903
1904
1903
1904
1905
1904
1904
1904
1904
1904
1904
1903
1904
1904
1904
1904
1904
1905
1904
1904
1902
1904
1904
1904
1904
1903
1904
1904
1904
1901
1904
1903
1906
1904
1904
1904
1904
1904
1901
1904
1906
1904
1904
1904
1903
1904
1904
1904
1904
1904
1902
1904
1904
1904
1904
1904
1904
1901
1903
1902
1904
1903
1903
1903
1903
1902
1901
1904
1903
1904
1903
1903
1904
1904
1902
1899
1900
1904
1899
1903
1899
1902
1901
1901
1902
1904
1902
1901
1904
1904
1901
1904
1904
1901
1902
1902
1901
1904
1902
1899
1903
1900
1902
1901
1901
1904
1902
1903
1902
1901
1903
1904
1901
1897
1899
1903
1901
1899
1904
1903
1899
1902
1902
1902
1899
1901
1902
1902
1901
1902
1899
1899
1902
1903
1904
1901
1901
1899
1903
1902
1901
1902
1899
1902
1904
1901
1901
1901
1904
1901
1902
1903
1901
1902
1900
1903
1898
1902
1899
1895
1901
1901
1899
1901
1903
1899
1899
1897
1899
1899
1899
1901
1901
1899
1899
1898
1899
1903
1901
1901
1903
1898
1901
1899
1901
1899
1901
1898
1902
1899
1899
1898
1899
1901
1897
1900
1901
1898
1901
1897
1899
1899
1898
1898
1901
1898
1899
1899
1898
1903
1899
1899
1899
1899
1902
1899
1899
1899
1899
1901
1900
1898
1899
1897
1899
1899
1899
1901
1901
1903
1900
1897
1897
1898
1899
1899
1898
1895
1895
1898
1899
1898
1898
1897
1901
1894
1900
1899
1899
1897
1897
1897
1898
1902
1894
1893
1898
1893
1898
1895
1899
1897
1897
1898
1899
1900
1898
1895
1895
1898
1894
1898
1899
1902
1895
1899
1895
1898
1895
1899
1895
1898
1894
1897
1897
1895
1898
1894
1895
1901
1899
1898
1897
1897
1899
1897
1895
1899
1894
1895
1891
1898
1895
1893
1894
1898
1893
1897
1895
1897
1894
1890
1898
1895
1899
1894
1897
1892
1900
1895
1899
1895
1895
1897
1898
1895
1894
1897
1895
1893
1895
1895
1894
1894
1895
1898
1895
1897
1897
1892
1895
1894
1893
1897
1893
1895
1894
1897
1894
1895
1891
1894
1893
1899
1892
1894
1897
1893
1897
1893
1897
1897
1895
1891
1889
1898
1894
1895
1894
1894
1895
1895
1894
1891
1893
1894
1893
1897
1897
1894
1895
1895
1895
1891
1891
1895
1895
1893
1894
1892
1892
1893
1897
1893
1894
1894
1891
1894
1891
1893
1891
1894
1894
1893
1894
1894
1894
1893
1890
1895
1889
1895
1893
1894
1891
1890
1892
1888
1894
1893
1897
1893
1893
1891
1889
1893
1893
1894
1895
1895
1892
1890
1893
1894
1891
1894
1894
1893
1889
1890
1892
1890
1891
1889
1890
1894
1889
1891
1894
1892
1891
1890
1892
1893
1890
1890
1891
1890
1891
1890
1895
1893
1893
1891
1895
1890
1891
1893
1894
1892
1891
1890
1894
1894
1891
1890
1889
1891
1893
1891
1894
1889
1891
1890
1887
1891
1893
1888
1890
1889
1892
1889
1892
1889
1888
1892
1892
1890
1889
1889
1889
1891
1892
1891
1894
1889
1890
1890
1886
1891
1889
1890
1895
1891
1890
1889
2113
2114
2113
2112
2112
2112
2113
2110
2112
2111
2107
2112
2110
2112
2112
2109
2112
2111
2110
2109
2110
2107
2109
2106
2103
2107
2111
2108
2107
2107
2103
2103
2107
2105
2107
2106
2105
2101
2106
2101
2106
2106
2101
2102
2103
2100
2101
2101
2101
2099
2101
2103
2097
2103
2099
2102
2097
2096
2101
2097
2099
2098
2099
2101
2096
2098
2097
2096
2096
2096
2096
2097
2097
2097
2096
2096
2096
2096
2097
2096
2096
2096
2096
2095
2095
2096
2096
2095
2096
2095
2095
2096
2095
2093
2094
2092
2094
2091
2096
2095
2092
2093
2091
2090
2091
2091
2093
2093
2091
2090
2091
2091
2089
2091
2091
2093
2092
2089
2087
2090
2090
2086
2091
2086
2090
2086
2087
2085
2085
2083
2082
2085
2085
2087
2085
2087
2086
2087
2082
2083
2083
2085
2081
2086
2083
2084
2083
2081
2080
2083
2082
2079
2081
2082
2082
2087
2080
2077
2078
2081
2079
2081
2077
2080
2082
2080
2080
2079
2079
2079
2079
2079
2079
2080
2077
2078
2074
2079
2077
2077
2072
2075
2077
2074
2074
2076
2074
2074
2074
2074
2074
2073
2074
2071
2069
2071
2075
2072
2069
2074
2075
2071
2073
2070
2071
2071
2071
2071
2069
2071
2068
2070
2070
2071
2067
2066
2072
2069
2066
2065
2068
2067
2069
2067
2066
2066
2070
2069
2067
2069
2066
2065
2065
2064
2067
2063
2065
2066
2064
2064
2064
2064
2064
2064
2064
2065
2064
2064
2064
2064
2064
2064
2064
2062
2061
2064
2062
2065
2064
2064
2064
2062
2064
2064
2064
2064
2064
2062
2061
2057
2058
2058
2062
2061
2063
2058
2061
2060
2062
2057
2059
2060
2061
2060
2059
2061
2058
2056
2058
2059
2058
2063
2060
2055
2058
2055
2055
2056
2054
2055
2054
2055
2055
2047
2055
2059
2047
2047
2055
2054
2047
2047
2047
2055
2055
2054
2054
2054
2047
2045
2047
2047
2046
2047
2047
2047
2047
2045
2047
2046
2045
2046
2047
2045
2046
2041
2042
2046
2046
2042
2044
2046
2045
2043
2039
2042
2043
2043
2042
2039
2037
2041
2041
2039
2042
2042
2044
2041
2039
2043
2038
2042
2039
2038
2039
2039
2038
2038
2040
2039
2041
2039
2041
2039
2038
2037
2037
2039
2034
2035
2039
2038
2034
2033
2035
2033
2033
2034
2034
2038
2035
2035
2036
2035
2036
2032
2037
2038
2038
2035
2033
2033
2032
2037
2035
2034
2033
2033
2032
2032
2032
2032
2032
2033
2033
2032
2032
2032
2032
2031
2032
2030
2032
2031
2032
2032
2032
2030
2029
2032
2031
2030
2031
2032
2030
2032
2030
2032
2031
2030
2031
2032
2028
2032
2029
2030
2026
2029
2027
2028
2027
2032
2029
2029
2030
2031
2026
2029
2030
2029
2028
2025
2029
2026
2027
2032
2027
2023
2025
2026
2027
2023
2029
2026
2025
2023
2023
2019
2025
2023
2025
2022
2029
2023
2025
2021
2023
2022
2022
2025
2021
2022
2021
2025
2023
2026
2021
2022
2023
2021
2018
2020
2018
2022
2019
2019
2019
2019
2020
2019
2021
2022
2017
2017
2019
2019
2019
2020
2018
2016
2019
2016
2018
2016
2019
2018
2017
2017
2018
2021
2016
2015
2017
2014
2013
2016
2015
2015
2013
2016
2015
2016
2017
2017
2017
2015
2015
2013
2015
2011
2015
2011
2011
2011
2015
2015
2015
2014
2014
2013
2011
2012
2013
2015
2014
2012
2007
2009
2010
2009
2013
2008
2010
2011
2013
2013
2014
2013
2013
2007
2007
2010
2011
2010
2010
2007
2007
2010
2011
2009
2007
2011
2009
2006
2009
2010
2009
2013
2007
2005
2005
2005
2006
2005
2007
2011
2005
2003
2003
2004
2003
2007
2009
2005
2003
2006
2003
2005
2006
2000
2003
2001
2003
2001
2003
2003
2002
2003
2001
2002
2000
2003
2003
2003
2001
2003
2002
2002
2002
2000
2000
2000
2003
2002
2001
2000
2005
2003
2000
2000
2000
2000
2000
2000
1998
2000
2000
2000
2000
2000
2000
2000
2000
1999
2000
2000
1998
2000
2002
2000
1999
2001
2000
2000
1998
1999
1999
2000
1999
2000
2000
2000
1999
1997
2000
1998
1995
1997
1995
1998
2000
1998
1998
1996
1999
1996
1997
1997
1995
1995
1995
1996
1995
1994
1995
1996
1998
1998
1995
1991
1998
1997
1994
1995
1993
1997
1993
1997
1994
1993
1995
1991
1995
1996
1989
1987
1991
1991
1997
1993
1991
1994
1995
1989
1991
1990
1990
1993
1991
1989
1993
1994
1993
1995
1991
1990
1995
1990
1991
1990
1991
1991
1993
1994
1989
1990
1987
1987
1990
1991
1991
1988
1989
1989
1989
1990
1988
1990
1991
1991
1986
1991
1990
1987
1987
1987
1987
1985
1990
1987
1990
1986
1987
1987
1987
1987
1985
1987
1985
1988
1987
1986
1985
1985
1986
1985
1985
1984
1984
1985
1985
1984
1985
1984
1987
1986
1985
1987
1987
1985
1986
1985
1984
1984
1981
1984
1984
1984
1983
1984
1984
1981
1983
1984
1984
1984
1984
1989
1984
1981
1982
1981
1983
1983
1983
1983
1983
1979
1981
1982
1981
1982
1981
1984
1981
1983
1979
1983
1982
1979
1982
1981
1978
1983
1982
1982
1983
1983
1982
1984
1983
1982
1980
1979
1978
1982
1978
1981
1979
1979
1975
1978
1977
1975
1979
1977
1977
1975
1978
1975
1975
1975
1975
1975
1974
1977
1974
1976
1977
1975
1974
1978
1975
1978
1979
1975
1976
1973
1975
1977
1979
1975
1976
1973
1973
1974
1974
1971
1971
1975
1973
1974
1974
1971
1973
1973
1974
1970
1973
1969
1971
1971
1973
1973
1970
1973
1975
1974
1975
1973
1969
1974
1974
1968
1970
1975
1970
1970
1969
1971
1969
1971
1969
1968
1971
1974
1971
1969
1970
1970
1973
1969
1968
1968
1970
1971
1973
1971
1969
1971
1971
1971
1971
1969
1969
1970
1968
1968
1968
1969
1969
1968
1968
1968
1970
1968
1968
1968
1969
1968
1968
1967
1968
1967
1968
1969
1968
1968
1968
1968
1968
1968
1967
1967
1967
1968
1967
1968
1968
1968
1968
1967
1967
1966
1968
1968
1968
1966
1968
1963
1969
1967
1965
1968
1968
1966
1965
1968
1967
1968
1967
1967
1968
1966
1968
1967
1965
1968
1966
1966
1967
1963
1967
1965
1966
1963
1964
1967
1967
1965
1967
1963
1965
1967
1962
1967
1963
1963
1961
1965
1963
1965
1963
1958
1963
1965
1967
1965
1964
1965
1961
1966
1966
1963
1963
1966
1966
1963
1963
1961
1967
1962
1964
1962
1965
1965
1963
1961
1960
1962
1961
1959
1962
1961
1961
1958
1962
1963
1962
1965
1958
1962
1962
1962
1958
1959
1959
1968
1958
1959
1958
1959
1959
1959
1955
1957
1962
1958
1955
1958
1957
1956
1959
1959
1956
1959
1959
1958
1959
1955
1959
1957
1957
1958
1954
1956
1960
1955
1954
1957
1957
1958
1959
1955
1953
1956
1953
1953
1957
1957
1955
1959
1955
1955
1951
1953
1958
1959
1957
1955
1954
1959
1954
1954
1954
1954
1955
1954
1957
1955
1954
1951
1957
1955
1957
1953
1952
1952
1952
1954
1954
1954
1952
1951
1955
1955
1953
1953
1952
1955
1954
1957
1953
1955
1953
1953
1952
1953
1954
1951
1953
1950
1950
1951
1951
1951
1954
1951
1951
1955
1951
1954
1950
1951
1949
1954
1951
1946
1951
1951
1949
1952
1949
1949
1954
1949
1949
1950
1949
1952
1949
1951
1951
1951
1951
1951
1945
1949
1947
1949
1951
1947
1950
1949
1947
1951
1946
1946
1951
1947
1948
1948
1948
1950
1946
1947
1949
1951
1949
1951
1947
1947
1946
1948
1947
1947
1946
1946
1949
1947
1950
1949
1948
1950
1949
1943
1948
1947
1943
1947
1945
1945
1946
1948
1942
1947
1943
1943
1948
1947
1949
1947
1949
1943
1950
1943
1945
1949
1945
1943
1945
1943
1945
1948
1942
1943
1947
1945
1941
1943
1943
1947
1945
1946
1943
1942
1945
1947
1947
1941
1941
1941
1946
1940
1941
1947
1941
1943
1941
1946
1942
1941
1946
1941
1942
1941
1943
1940
1940
1941
1945
1942
1942
1942
1942
1940
1941
1940
1942
1939
1940
1941
1946
1942
1943
1942
1945
1938
1943
1941
1939
1939
1939
1942
1943
1941
1939
1940
1942
1938
1939
1940
1937
1937
1937
1938
1940
1941
1941
1939
1941
1940
1940
1942
1938
1938
1938
1939
1940
1939
1941
1938
1937
1939
1937
1939
1937
1938
1938
1940
1937
1938
1937
1936
1937
1938
1937
1939
1936
1937
1936
1937
1941
1942
1937
1936
1937
1936
1938
1939
1937
1939
1936
1936
1937
1938
1939
1936
1937
1937
1937
1936
1936
1937
1936
1937
1937
1937
1936
1936
1936
1936
1936
1936
1936
1936
1936
1936
1936
1936
1936
1936
1936
1935
1935
1936
1936
1936
1937
1935
1937
1936
1936
1936
1936
1935
1936
1936
1936
1935
1936
1936
1936
1936
1936
1935
1933
1936
1935
1936
1934
1934
1934
1934
1934
1936
1936
1936
1935
1934
1934
1936
1934
1936
1936
1936
1934
1936
1935
1933
1936
1934
1934
1936
1935
1930
1935
1934
1936
1936
1933
1933
1935
1933
1935
1934
1936
1935
1930
1936
1931
1931
1935
1934
1935
1934
1935
1932
1934
1935
1935
1934
1934
1929
1934
1933
1933
1933
1933
1935
1931
1930
1934
1935
1929
1934
1933
1936
1932
1931
1931
1931
1933
1931
1931
1934
1933
1931
1931
1931
1934
1931
1931
1932
1930
1930
1932
1930
1930
1932
1932
1929
1930
1927
1935
1929
1933
1933
1933
1935
1930
1929
1926
1931
1927
1935
1930
1927
1927
1931
1930
1927
1927
1931
1926
1927
1926
1931
1930
1929
1926
1925
1930
1931
1930
1929
1930
1923
1929
1927
1931
1931
1930
1928
1930
1932
1927
1927
1930
1926
1930
1926
1925
1927
1927
1921
1929
1923
1929
1928
1925
1925
1929
1929
1925
1925
1927
1929
1926
1930
1926
1927
1927
1926
1927
1926
1923
1927
1926
1924
1926
1927
1923
1923
1928
1921
1926
1924
1925
1923
1925
1927
1925
1926
1923
1921
1926
1924
1921
1925
1925
1923
1923
1922
1922
1922
1925
1925
1925
1926
1927
1925
1925
1922
1922
1925
1925
1924
1925
1925
1922
1923
1925
1926
1925
1924
1924
1922
1922
1923
1920
1920
1924
1923
1922
1920
1921
1918
1919
1920
1920
1920
1921
1923
1922
1922
1920
1926
1926
1920
1922
1920
1922
1925
1924
1920
1923
1926
1921
1919
1923
1921
1920
1921
1922
1922
1921
1925
1922
1920
1923
1926
1919
1925
1921
1919
1919
1920
1921
1920
1921
1920
1921
1921
1922
1921
1921
1923
1920
1919
1920
1921
1919
1921
1918
1920
1920
1919
1918
1919
1919
1919
1919
1917
1920
1921
1922
1923
1923
1920
1919
1919
1919
1919
1921
1923
1920
1921
1923
1919
1920
1923
1921
1920
1919
1918
1918
1919
1919
1920
1915
1919
1920
1913
1919
1917
1916
1918
1921
1919
1920
1919
1919
1918
1919
1917
1920
1918
1917
1919
1920
1918
1915
1920
1919
1920
1920
1918
1920
1917
1919
1920
1918
1920
1918
1918
1919
1917
1916
1920
1918
1918
1915
1915
1918
1915
1920
1918
1915
1914
1914
1919
1917
1917
1915
1915
1917
1917
1919
1919
1917
1919
1917
1911
1919
1919
1914
1919
1917
1917
1919
1918
1915
1916
1915
1914
1917
1916
1920
1915
1919
1916
1916
1914
1915
1911
1917
1916
1913
1917
1918
1915
1915
1913
1915
1915
1917
1917
1914
1915
1915
1917
1918
1919
1915
1915
1914
1914
1911
1915
1915
1914
1913
1918
1916
1915
1915
1910
1915
1915
1915
1915
1917
1911
1915
1917
1911
1915
1915
1915
1911
1909
1917
1915
1916
1913
1915
1910
1911
1915
1913
1915
1912
1910
1910
1914
1911
1911
1910
1914
1911
1910
1911
1913
1911
1911
1915
1911
1913
1911
1909
1914
1911
1914
1911
1917
1913
1909
1911
1914
1911
1910
1915
1912
1913
1907
1911
1912
1907
1910
1909
1911
1914
1916
1912
1910
1911
1915
1914
1911
1909
1916
1911
1910
1911
1911
1910
1914
1913
1910
1911
1918
1913
1911
1913
1909
1911
1915
1910
1911
2139
2139
2137
2135
2137
2140
2135
2134
2134
2133
2134
2135
2133
2131
2130
2128
2130
2130
2130
2128
2130
2133
2129
2128
2131
2131
2131
2128
2131
2130
2129
2128
2128
2129
2128
2128
2128
2127
2128
2128
2128
2129
2128
2128
2127
2128
2128
2128
2128
2126
2127
2125
2125
2126
2125
2128
2128
2127
2125
2126
2122
2127
2123
2123
2124
2122
2123
2122
2119
2122
2124
2125
2121
2122
2122
2124
2118
2118
2121
2119
2121
2117
2118
2121
2119
2114
2117
2119
2119
2117
2118
2115
2117
2117
2117
2119
2115
2118
2117
2115
2113
2116
2117
2112
2112
2113
2114
2112
2115
2112
2112
2112
2115
2112
2110
2109
2113
2112
2111
2113
2110
2112
2110
2112
2109
2109
2111
2111
2109
2109
2107
2109
2111
2110
2110
2111
2105
2106
2105
2107
2107
2111
2107
2107
2107
2108
2101
2108
2107
2107
2102
2102
2098
2105
2099
2105
2101
2103
2102
2105
2106
2103
2099
2099
2098
2101
2099
2098
2097
2099
2101
2099
2098
2098
2099
2101
2097
2099
2096
2098
2098
2101
2099
2096
2096
2097
2099
2096
2096
2098
2096
2096
2096
2096
2098
2096
2096
2096
2095
2095
2096
2096
2095
2096
2098
2095
2095
2094
2095
2096
2096
2095
2096
2094
2096
2093
2093
2095
2094
2095
2094
2093
2092
2090
2091
2092
2089
2093
2091
2087
2092
2089
2089
2089
2093
2090
2090
2085
2089
2086
2087
2090
2087
2089
2090
2085
2083
2085
2087
2087
2083
2085
2083
2087
2085
2086
2087
2086
2086
2083
2085
2082
2085
2086
2086
2082
2085
2082
2080
2084
2083
2079
2081
2079
2080
2080
2078
2078
2080
2081
2080
2078
2080
2080
2079
2079
2077
2081
2078
2079
2078
2076
2077
2077
2080
2076
2077
2078
2075
2074
2077
2077
2076
2078
2074
2078
2077
2075
2070
2074
2074
2073
2075
2074
2078
2075
2072
2074
2074
2070
2066
2071
2071
2071
2074
2071
2068
2069
2068
2068
2069
2071
2071
2067
2071
2071
2070
2068
2071
2068
2065
2070
2068
2069
2069
2071
2067
2067
2065
2069
2065
2066
2065
2065
2064
2064
2066
2065
2066
2067
2064
2065
2064
2064
2064
2064
2066
2064
2064
2064
2064
2064
2064
2065
2064
2064
2064
2065
2064
2064
2063
2060
2064
2064
2058
2063
2065
2063
2063
2063
2063
2058
2061
2063
2061
2062
2063
2063
2064
2064
2064
2061
2062
2061
2058
2061
2060
2062
2062
2059
2058
2061
2062
2055
2061
2057
2058
2057
2055
2059
2058
2060
2057
2059
2059
2055
2056
2055
2047
2054
2055
2058
2047
2060
2055
2047
2058
2054
2055
2058
2055
2047
2047
2047
2054
2047
2053
2055
2047
2047
2047
2054
2045
2045
2047
2045
2041
2046
2047
2045
2046
2047
2043
2046
2045
2044
2046
2047
2041
2043
2046
2047
2043
2043
2041
2046
2042
2045
2046
2039
2042
2039
2046
2043
2043
2039
2039
2037
2041
2041
2039
2044
2037
2039
2041
2036
2039
2041
2042
2039
2037
2038
2038
2039
2043
2038
2039
2037
2036
2039
2035
2035
2034
2035
2034
2036
2038
2036
2038
2039
2034
2034
2033
2034
2033
2036
2035
2033
2034
2037
2034
2035
2037
2036
2034
2034
2032
2034
2033
2032
2032
2033
2032
2032
2034
2034
2032
2032
2033
2032
2032
2032
2031
2032
2032
2032
2032
2035
2033
2031
2031
2031
2032
2032
2032
2032
2028
2029
2032
2032
2032
2028
2027
2032
2031
2030
2031
2032
2029
2030
2031
2030
2029
2028
2027
2027
2029
2029
2023
2027
2029
2023
2026
2027
2026
2027
2029
2025
2027
2026
2026
2027
2023
2023
2025
2024
2026
2026
2025
2027
2022
2028
2022
2027
2026
2022
2023
2025
2023
2023
2022
2026
2021
2021
2025
2021
2021
2021
2020
2023
2021
2021
2021
2019
2019
2020
2021
2022
2023
2020
2018
2022
2021
2018
2019
2020
2022
2019
2017
2020
2019
2018
2018
2020
2017
2019
2018
2016
2019
2018
2021
2019
2014
2017
2015
2018
2015
2019
2018
2017
2015
2017
2015
2018
2019
2017
2014
2016
2015
2012
2013
2014
2013
2013
2010
2015
2016
2013
2015
2013
2015
2010
2011
2013
2015
2011
2012
2013
2012
2011
2013
2011
2013
2013
2015
2010
2013
2011
2011
2010
2010
2013
2010
2007
2010
2009
2011
2007
2006
2007
2013
2007
2008
2007
2009
2009
2011
2011
2010
2011
2011
2009
2006
2007
2007
2007
2010
2009
2005
2007
2005
2004
2006
2007
2005
2002
2006
2005
2010
2003
2006
2002
2006
2005
2003
2005
2005
2001
2002
2002
2005
2007
2006
2003
2002
2001
2001
2000
2003
2000
2004
2003
2003
2004
2005
2000
2000
2001
2001
2001
2002
2001
2002
2001
2003
2001
2002
2002
2001
2000
2001
2000
2001
2000
2003
2000
2001
1999
2000
1999
2000
2000
1997
1999
2000
2000
2000
2000
2000
2000
2000
2000
1999
2000
2000
2001
1999
1999
2000
1998
2000
2000
1997
1999
1999
2000
2000
2000
1999
1998
1999
2000
1999
1997
1999
1998
2000
2000
1997
2000
1996
1998
1998
1999
1999
1997
1995
1997
1997
1997
1995
1997
1995
1997
1993
1996
1997
1994
1995
1994
1994
1995
1995
1996
1995
1997
1991
1997
1998
1995
1993
1995
1995
1995
1993
1994
1991
1996
1995
1991
1994
1992
1989
1991
1991
1991
1991
1993
1994
1994
1990
1989
1988
1994
1991
1993
1993
1989
1990
1990
1990
1987
1991
1991
1990
1991
1987
1990
1989
1989
1989
1987
1993
1987
1985
1990
1989
1988
1990
1987
1990
1990
1987
1989
1987
1986
1985
1985
1987
1987
1985
1987
1986
1985
1985
1984
1986
1985
1987
1989
1987
1986
1987
1984
1987
1984
1984
1985
1984
1984
1984
1985
1985
1987
1985
1985
1986
1985
1985
1984
1989
1983
1984
1983
1983
1985
1984
1983
1984
1981
1985
1982
1984
1983
1983
1983
1983
1981
1984
1984
1983
1984
1984
1983
1982
1978
1981
1983
1981
1981
1981
1982
1983
1983
1979
1978
1983
1981
1981
1981
1981
1978
1981
1979
1980
1983
1982
1978
1983
1979
1981
1980
1979
1981
1981
1978
1978
1982
1979
1979
1980
1979
1982
1983
1977
1975
1982
1978
1983
1979
1979
1977
1978
1976
1972
1975
1978
1977
1977
1978
1976
1973
1979
1974
1976
1975
1974
1975
1978
1974
1973
1975
1975
1977
1977
1978
1975
1978
1979
1978
1973
1975
1972
1978
1975
1979
1972
1978
1975
1975
1975
1972
1975
1971
1975
1975
1971
1973
1974
1973
1974
1975
1975
1977
1975
1975
1971
1973
1970
1973
1973
1973
1970
1971
1973
1972
1969
1973
1969
1970
1970
1971
1971
1970
1968
1969
1969
1973
1968
1971
1971
1970
1969
1972
1969
1971
1970
1971
1969
1968
1971
1968
1972
1969
1968
1970
1969
1968
1971
1970
1969
1968
1968
1969
1968
1971
1968
1968
1969
1968
1968
1969
1968
1968
1967
1968
1968
1967
1968
1968
1968
1966
1968
1968
1968
1966
1966
1966
1968
1969
1968
1968
1968
1968
1968
1968
1968
1968
1966
1966
1967
1967
1968
1968
1968
1968
1970
1968
1968
1968
1965
1967
1968
1965
1965
1966
1968
1965
1965
1966
1967
1966
1967
1968
1968
1965
1967
1965
1966
1963
1967
1965
1965
1963
1966
1967
1965
1963
1963
1961
1965
1967
1963
1967
1965
1966
1961
1962
1965
1962
1965
1967
1968
1965
1964
1963
1963
1959
1959
1963
1965
1962
1962
1961
1962
1959
1961
1959
1965
1962
1962
1962
1963
1961
1961
1960
1963
1963
1961
1961
1959
1963
1959
1957
1959
1963
1959
1962
1956
1963
1959
1958
1957
1958
1957
1958
1958
1959
1957
1958
1959
1961
1961
1958
1955
1959
1955
1957
1959
1962
1958
1958
1955
1959
1959
1962
1959
1959
1958
1961
1956
1955
1958
1959
1957
1955
1955
1958
1956
1957
1957
1955
1953
1957
1955
1955
1957
1957
1955
1955
1959
1956
1956
1954
1953
1955
1954
1957
1952
1954
1952
1953
1954
1955
1953
1951
1954
1955
1955
1954
1955
1956
1954
1953
1953
1955
1952
1954
1952
1951
1953
1956
1953
1952
1955
1957
1951
1950
1953
1951
1950
1951
1953
1951
1952
1953
1951
1952
1952
1951
1951
1955
1955
1953
1951
1951
1952
1951
1953
1951
1949
1947
1950
1953
1950
1953
1948
1949
1951
1950
1949
1951
1951
1951
1951
1949
1951
1946
1947
1949
1948
1952
1949
1951
1949
1950
1948
1948
1948
1948
1952
1945
1947
1947
1949
1949
1949
1946
1949
1948
1947
1949
1951
1948
1947
1950
1949
1949
1949
1947
1946
1949
1949
1948
1949
1951
1951
1949
1947
1949
1947
1947
1948
1945
1945
1946
1947
1947
1949
1943
1941
1947
1949
1945
1947
1945
1949
1945
1943
1943
1945
1947
1946
1947
1943
1943
1945
1943
1946
1945
1949
1943
1942
1947
1946
1943
1941
1945
1945
1945
1943
1941
1946
1945
1947
1942
1941
1943
1947
1944
1941
1944
1945
1943
1946
1943
1947
1941
1943
1943
1942
1943
1942
1946
1943
1943
1942
1942
1943
1947
1943
1941
1939
1941
1940
1943
1939
1939
1941
1938
1939
1942
1939
1946
1939
1939
1942
1939
1937
1939
1937
1940
1939
1940
1936
1939
1938
1937
1936
1938
1942
1941
1939
1941
1941
1939
1939
1939
1938
1940
1941
1939
1942
1937
1938
1942
1939
1939
1938
1942
1937
1942
1938
1936
1937
1938
1938
1939
1939
1938
1936
1937
1938
1940
1937
1940
1937
1939
1941
1938
1936
1937
1937
1937
1938
1939
1936
1936
1936
1936
1936
1936
1937
1936
1936
1936
1936
1936
1936
1936
1936
1938
1936
1936
1938
1936
1936
1936
1936
1936
1936
1937
1936
1937
1938
1936
1936
1933
1936
1936
1936
1936
1934
1936
1935
1939
1936
1936
1936
1936
1936
1936
1936
1935
1936
1936
1936
1937
1934
1936
1936
1936
1933
1936
1936
1936
1936
1936
1935
1936
1936
1935
1935
1937
1938
1935
1934
1936
1935
1935
1936
1934
1936
1936
1934
1933
1934
1936
1935
1936
1936
1934
1933
1935
1936
1936
1935
1931
1932
1934
1936
1935
1934
1931
1933
1933
1934
1933
1935
1935
1931
1936
1933
1935
1934
1933
1935
1934
1933
1935
1933
1935
1934
1934
1931
1936
1930
1936
1933
1932
1932
1933
1933
1933
1933
1932
1934
1931
1932
1932
1934
1935
1934
1935
1933
1934
1930
1933
1930
1930
1933
1933
1929
1934
1933
1929
1927
1931
1931
1930
1934
1931
1929
1927
1929
1931
1934
1931
1930
1932
1930
1931
1934
1933
1930
1931
1931
1933
1930
1928
1930
1931
1929
1930
1933
1930
1933
1927
1933
1931
1924
1929
1933
1929
1927
1930
1926
1930
1932
1931
1930
1929
1932
1931
1930
1926
1926
1927
1934
1931
1929
1930
1929
1927
1927
1930
1931
1926
1927
1927
1929
1927
1925
1926
1929
1926
1925
1926
1924
1929
1925
1927
1926
1924
1927
1929
1927
1925
1925
1926
1925
1931
1927
1927
1926
1927
1929
1926
1925
1927
1926
1924
1926
1926
1926
1926
1923
1925
1927
1924
1926
1926
1928
1926
1925
1927
1929
1926
1926
1925
1926
1926
1925
1922
1927
1926
1927
1922
1923
1923
1923
1923
1926
1923
1923
1925
1925
1926
1923
1923
1924
1925
1923
1925
1923
1924
1920
1926
1925
1925
1921
1925
1922
1929
1924
1926
1922
1926
1923
1922
1922
1920
1922
1921
1923
1921
1925
1922
1920
1927
1923
1921
1922
1923
1925
1929
1925
1923
1920
1921
1922
1925
1924
1922
1921
1922
1924
1921
1920
1920
1922
1923
1921
1920
1922
1921
1920
1923
1925
1923
1923
1921
1921
1920
1921
1922
1923
1919
1921
1922
1921
1923
1923
1921
1921
1921
1919
1920
1920
1919
1921
1920
1918
1921
1920
1920
1920
1921
1920
1921
1920
1923
1918
1921
1921
1920
1921
1921
1920
1919
1919
1922
1919
1921
1919
1920
1920
1920
1923
1921
1922
1920
1919
1921
1919
1919
1920
1920
1918
1919
1920
1919
1917
1919
1919
1922
1920
1920
1918
1920
1920
1918
1921
1919
1920
1919
1918
1919
1920
1919
2142
2137
2141
2142
2139
2135
2135
2137
2140
2135
2139
2140
2135
2138
2142
2141
2139
2138
2138
2137
2133
2134
2137
2135
2138
2134
2135
2133
2134
2135
2135
2133
2133
2130
2131
2133
2129
2129
2128
2131
2128
2130
2129
2129
2129
2131
2130
2128
2129
2128
2128
2129
2131
2128
2128
2128
2128
2127
2128
2128
2128
2127
2125
2125
2128
2127
2126
2126
2127
2127
2125
2125
2126
2123
2123
2125
2122
2124
2123
2125
2125
2121
2127
2122
2122
2123
2122
2119
2122
2118
2122
2118
2126
2121
2122
2120
2121
2124
2119
2119
2119
2117
2117
2121
2118
2122
2118
2114
2117
2117
2119
2117
2114
2114
2115
2114
2114
2114
2114
2114
2114
2115
2114
2114
2115
2112
2112
2112
2112
2112
2113
2112
2112
2111
2112
2111
2112
2110
2111
2112
2112
2111
2112
2110
2110
2109
2107
2112
2109
2111
2110
2109
2110
2109
2107
2109
2106
2106
2109
2106
2106
2109
2104
2107
2106
2103
2107
2103
2102
2109
2109
2103
2103
2102
2099
2102
2102
2100
2102
2101
2103
2098
2103
2098
2099
2099
2098
2098
2105
2099
2101
2097
2098
2099
2100
2098
2098
2101
2097
2098
2099
2097
2099
2097
2101
2096
2096
2097
2096
2097
2096
2097
2096
2096
2097
2096
2096
2095
2096
2096
2099
2093
2096
2096
2096
2096
2094
2095
2096
2093
2093
2095
2095
2096
2094
2095
2093
2095
2092
2094
2090
2090
2091
2093
2093
2094
2089
2093
2091
2091
2091
2091
2091
2091
2094
2090
2089
2092
2087
2086
2089
2085
2086
2087
2088
2085
2085
2086
2085
2085
2087
2086
2085
2084
2089
2083
2083
2085
2090
2083
2083
2083
2085
2084
2081
2087
2083
2083
2082
2081
2081
2083
2083
2082
2082
2083
2079
2082
2083
2078
2081
2081
2080
2080
2081
2079
2081
2081
2079
2078
2079
2080
2081
2079
2077
2075
2075
2075
2077
2076
2076
2077
2075
2079
2079
2075
2075
2076
2077
2079
2075
2075
2074
2074
2074
2074
2075
2078
2073
2075
2075
2074
2074
2071
2069
2072
2071
2070
2074
2071
2070
2068
2073
2070
2066
2067
2067
2074
2069
2070
2067
2070
2067
2069
2066
2067
2069
2066
2067
2068
2069
2067
2066
2065
2069
2066
2064
2065
2064
2066
2066
2064
2064
2064
2064
2065
2066
2064
2065
2065
2064
2067
2064
2065
2062
2065
2064
2064
2063
2063
2064
2061
2064
2061
2064
2063
2064
2062
2062
2062
2064
2064
2063
2059
2062
2059
2064
2063
2063
2057
2062
2059
2063
2059
2063
2059
2060
2059
2055
2059
2061
2059
2060
2055
2055
2061
2058
2061
2058
2055
2058
2058
2055
2059
2059
2054
2057
2057
2047
2058
2047
2055
2057
2058
2054
2062
2053
2058
2055
2047
2055
2054
2055
2053
2047
2047
2057
2047
2053
2047
2046
2047
2045
2051
2047
2047
2047
2046
2047
2053
2045
2045
2042
2047
2045
2047
2046
2046
2047
2044
2045
2045
2042
2044
2043
2047
2042
2045
2045
2043
2041
2045
2043
2043
2039
2039
2039
2045
2046
2043
2045
2042
2042
2042
2038
2040
2038
2042
2039
2041
2037
2039
2039
2039
2038
2038
2037
2035
2036
2035
2038
2036
2038
2039
2034
2038
2038
2037
2033
2034
2037
2037
2034
2036
2033
2034
2035
2035
2035
2038
2034
2035
2033
2032
2032
2033
2033
2035
2032
2033
2035
2034
2033
2033
2033
2035
2032
2032
2032
2033
2032
2032
2033
2032
2032
2032
2032
2032
2032
2032
2032
2032
2030
2032
2032
2032
2032
2031
2029
2030
2032
2032
2032
2031
2029
2031
2026
2027
2030
2030
2032
2032
2032
2028
2032
2028
2032
2030
2031
2031
2032
2028
2029
2029
2029
2027
2030
2028
2031
2029
2027
2028
2029
2026
2027
2030
2029
2023
2025
2023
2025
2022
2025
2031
2021
2031
2025
2023
2022
2025
2023
2022
2023
2021
2020
2027
2027
2023
2026
2021
2023
2020
2019
2021
2021
2016
2023
2021
2020
2019
2015
2018
2019
2023
2017
2019
2018
2019
2017
2018
2019
2022
2018
2019
2020
2017
2018
2017
2020
2016
2019
2017
2021
2017
2016
2017
2018
2016
2018
2017
2015
2018
2015
2015
2016
2019
2017
2014
2017
2013
2018
2013
2015
2017
2015
2015
2014
2014
2013
2015
2014
2018
2013
2014
2013
2014
2015
2014
2015
2013
2016
2014
2013
2014
2013
2014
2011
2011
2011
2013
2007
2011
2013
2014
2013
2014
2011
2009
2011
2011
2010
2011
2010
2007
2011
2013
2013
2011
2007
2010
2010
2010
2011
2006
2010
2005
2011
2007
2006
2003
2009
2005
2007
2005
2006
2007
2007
2006
2006
2005
2010
2010
2009
2010
2006
2007
2005
2010
2007
2005
2005
2005
2005
2006
2005
2003
2005
2005
2003
2004
2005
2003
2004
2003
2006
2005
2003
2007
2005
2003
2003
2002
2003
2002
2003
2002
2000
2003
2000
2000
2000
2002
2001
2001
2000
2000
2001
1999
2000
2000
2001
2000
2002
2001
2000
2000
2000
2002
2000
2000
2000
2002
2000
2000
1999
1999
2001
2000
2000
2000
2000
2000
1998
1999
2000
2000
2000
1999
2000
2000
1999
2000
2000
2000
1998
1999
2000
1999
1998
1999
1998
1998
2000
1999
2000
1995
1999
1999
2000
1998
1999
1994
2000
1995
1995
1997
1997
1999
1995
1998
1997
1995
1995
1993
1994
2000
1995
1993
1991
1999
1994
1994
1994
1995
1991
1994
1993
1995
1994
1993
1995
1989
1994
1991
1991
1994
1993
1992
1990
1991
1993
1990
1990
1994
1989
1991
1992
1991
1991
1991
1991
1993
1995
1993
1990
1991
1993
1989
1991
1991
1986
1990
1985
1990
1991
1989
1989
1987
1987
1989
1988
1985
1990
1988
1987
1989
1989
1987
1987
1989
1989
1985
1985
1985
1989
1987
1987
1989
1989
1986
1988
1986
1987
1990
1987
1986
1984
1985
1985
1985
1987
1986
1987
1987
1984
1983
1987
1985
1985
1986
1987
1984
1985
1985
1984
1987
1986
1986
1985
1986
1985
1984
1984
1982
1984
1984
1986
1984
1982
1984
1983
1984
1984
1984
1984
1986
1983
1983
1983
1984
1984
1982
1983
1984
1984
1981
1983
1983
1979
1983
1982
1984
1984
1983
1981
1981
1982
1981
1980
1983
1978
1982
1979
1980
1982
1981
1983
1981
1982
1982
1983
1979
1983
1980
1982
1979
1981
1982
1980
1981
1980
1978
1978
1979
1979
1977
1981
1977
1977
1979
1980
1977
1978
1974
1977
1979
1980
1978
1975
1979
1975
1978
1981
1978
1978
1977
1980
1975
1976
1975
1979
1977
1974
1975
1979
1974
1974
1975
1974
1975
1971
1975
1975
1977
1975
1973
1975
1973
1973
1977
1975
1976
1975
1974
1971
1974
1971
1973
1973
1973
1975
1971
1971
1971
1973
1973
1973
1975
1975
1971
1971
1970
1971
1972
1974
1973
1970
1971
1969
1969
1971
1969
1972
1968
1971
1971
1971
1968
1970
1970
1971
1971
1972
1971
1970
1968
1969
1970
1971
1970
1969
1969
1969
1971
1968
1968
1969
1971
1968
1969
1968
1968
1968
1968
1968
1969
1968
1971
1968
1970
1968
1968
1968
1968
1968
1969
1968
1968
1968
1970
1968
1968
1968
1968
1968
1968
1968
1969
1969
1968
1968
1968
1970
1968
1965
1967
1968
1967
1965
1967
1965
1968
1967
1968
1968
1967
1967
1968
1965
1967
1968
1968
1968
1967
1968
1966
1965
1965
1966
1968
1966
1966
1965
1966
1967
1963
1967
1967
1966
1965
1967
1966
1968
1965
1968
1965
1963
1967
1963
1963
1967
1967
1964
1963
1963
1965
1962
1961
1959
1963
1965
1963
1967
1965
1966
1964
1965
1962
1963
1963
1963
1963
1963
1962
1958
1963
1962
1961
1965
1965
1959
1965
1965
1964
1963
1963
1958
1959
1961
1959
1963
1962
1959
1958
1960
1959
1959
1962
1962
1959
1958
1961
1966
1959
1959
1961
1959
1961
1962
1956
1959
1960
1963
1961
1960
1957
1959
1961
1962
1962
1957
1957
1959
1959
1958
1958
1955
1958
1959
1957
1955
1958
1961
1957
1957
1958
1954
1961
1958
1956
1953
1959
1957
1957
1958
1955
1955
1957
1957
1958
1957
1953
1957
1954
1958
1955
1958
1955
1954
1956
1956
1954
1953
1953
1955
1955
1954
1954
1958
1957
1954
1957
1950
1953
1953
1954
1958
1958
1955
1954
1952
1952
1956
1955
1952
1951
1954
1952
1953
1956
1956
1951
1951
1954
1953
1953
1955
1953
1953
1954
1951
1951
1951
1952
1952
1951
1954
1951
1951
1950
1951
1951
1953
1951
1951
1952
1949
1956
1952
1952
1952
1951
1947
1954
1955
1949
1951
1951
1947
1948
1949
1952
1951
1951
1951
1950
1949
1951
1952
1951
1947
1950
1951
1950
1951
1950
1949
1948
1951
1946
1947
1949
1946
1947
1947
1950
1947
1950
1948
1950
1946
1950
1946
1946
1949
1947
1947
1949
1948
1949
1951
1951
1949
1948
1948
1947
1950
1949
1945
1942
1948
1949
1949
1948
1945
1943
1943
1943
1949
1948
1946
1949
1947
1949
1946
1947
1950
1947
1948
1947
1946
1946
1947
1941
1943
1943
1946
1943
1945
1942
1945
1946
1946
1946
1943
1943
1943
1943
1945
1943
1946
1945
1942
1943
1942
1941
1943
1940
1941
1943
1943
1939
1944
1940
1946
1942
1943
1943
1943
1943
1943
1946
1943
1945
1943
1944
1940
1939
1943
1943
1939
1941
1942
1946
1945
1938
1939
1941
1941
1942
1940
1940
1945
1943
1941
1941
1942
1941
1942
1942
1943
1942
1943
1940
1941
1938
1943
1943
1942
1942
1941
1941
1941
1941
1937
1941
1939
1938
1942
1941
1938
1939
1941
1937
1937
1939
1939
1939
1942
1939
1936
1941
1942
1938
1939
1938
1939
1939
1939
1939
1939
1937
1936
1942
1939
1937
1941
1938
1937
1937
1937
1937
1938
1937
1937
1936
1937
1937
1936
1936
1936
1935
1937
1938
1937
1937
1938
1937
1939
1938
1937
1937
1937
1936
1936
1936
1938
1936
1938
1937
1936
1937
1936
1938
1939
1936
1936
1937
1938
1936
1935
1936
1937
1936
1936
1936
1934
1939
1936
1936
1935
1936
1936
1935
1935
1936
1936
1936
1936
1935
1937
1935
1937
1936
1933
1936
1936
1936
1935
1936
1936
1936
1936
1936
1934
1935
1936
1936
1936
1935
1936
1936
1937
1936
1935
1936
1936
1934
1936
1936
1931
1936
1936
1936
1936
1936
1936
1935
1934
1936
1934
1933
1936
1933
1936
1936
1935
1934
1933
1936
1934
1934
1935
1935
1932
1936
1935
1931
1934
1933
1932
1933
1933
1936
1933
1931
1933
1933
1935
1934
1932
1933
1932
1933
1936
1934
1934
1936
1932
1934
1931
1933
1931
1935
1931
1930
1933
1934
1931
1932
1931
1933
1933
1930
1932
1930
1933
1931
1930
1931
1933
1934
1930
1934
1930
1933
1926
1927
1931
1931
1930
1933
1930
1931
1931
1931
1931
1930
1931
1931
1931
1932
1927
1929
1930
1927
1931
1926
1927
1930
1933
1927
1929
1927
1927
1927
1927
1929
1931
1928
1927
1930
1931
1931
1934
1930
1933
1927
1930
1931
1927
1929
1931
1926
1930
1931
1925
1926
1927
1927
1929
1927
1924
1930
1930
1928
1927
1926
1929
1930
1930
1926
1925
1926
1931
1929
1926
1930
1927
1924
1925
1927
1924
1927
1927
1926
1931
1923
1925
1927
1924
1929
1926
1925
1926
1930
1923
1927
1930
1923
1925
1927
1927
1928
1926
1924
1927
1923
1925
1923
1923
1923
1927
1929
1923
1927
1922
1929
1925
1926
1926
1929
1926
1929
1923
1925
1926
1927
1921
1924
1925
1922
1926
1926
1931
1926
1925
1925
1930
1923
1927
1925
1923
1925
1925
1925
1925
1922
1921
1922
1922
1927
1924
1925
1925
1924
1923
1927
1922
1920
1922
1925
1923
1921
1923
1920
1920
1923
1921
1923
1923
1923
1921
1923
1926
1921
1921
1921
1921
1921
1920
1921
1919
1924
1920
1919
1921
1925
1919
1921
1920
1925
1925
1925
1923
1921
1925
1923
1925
1920
1920
1922
1922
1921
1922
1919
1924
1920
1924
1920
1920
1920
1922
1920
1924
1921
1920
1920
1920
1921
1920
1920
1920
1921
1921
1920
1923
1920
1920
1918
2137
2135
2138
2138
2137
2138
2135
2139
2137
2134
2140
2135
2135
2135
2134
2131
2133
2134
2134
2133
2133
2135
2135
2131
2130
2135
2132
2132
2131
2132
2133
2133
2131
2130
2128
2129
2130
2128
2128
2128
2128
2129
2129
2128
2128
2128
2128
2128
2128
2129
2128
2128
2126
2123
2126
2127
2128
2128
2126
2128
2127
2127
2125
2128
2122
2122
2122
2128
2123
2123
2121
2122
2123
2123
2119
2122
2119
2122
2119
2122
2123
2122
2122
2118
2119
2124
2118
2119
2119
2119
2115
2119
2119
2121
2115
2120
2117
2121
2118
2114
2114
2114
2115
2118
2115
2114
2114
2114
2115
2113
2112
2115
2115
2115
2112
2113
2113
2113
2112
2112
2112
2110
2114
2112
2109
2112
2111
2112
2113
2109
2109
2111
2111
2109
2111
2107
2110
2110
2109
2109
2109
2108
2108
2111
2108
2106
2109
2107
2106
2110
2107
2103
2107
2107
2109
2102
2105
2105
2102
2103
2105
2105
2106
2101
2101
2098
2106
2103
2102
2099
2101
2102
2106
2099
2100
2103
2105
2098
2097
2099
2098
2099
2099
2099
2099
2097
2097
2099
2098
2096
2101
2100
2096
2098
2096
2097
2097
2096
2097
2096
2097
2096
2096
2096
2096
2099
2096
2096
2096
2096
2096
2096
2096
2095
2095
2096
2093
2096
2094
2095
2095
2093
2093
2091
2093
2092
2090
2094
2091
2091
2093
2093
2093
2087
2093
2094
2089
2093
2089
2087
2091
2091
2089
2087
2085
2090
2087
2086
2090
2090
2085
2087
2087
2087
2086
2085
2084
2087
2087
2086
2086
2086
2083
2082
2085
2085
2086
2083
2085
2085
2081
2085
2083
2085
2083
2080
2081
2083
2081
2081
2081
2082
2083
2080
2084
2079
2083
2083
2083
2081
2081
2082
2077
2082
2080
2079
2081
2080
2075
2077
2078
2075
2073
2076
2079
2078
2077
2075
2076
2077
2075
2075
2077
2077
2076
2073
2076
2077
2074
2074
2073
2077
2074
2075
2074
2073
2077
2070
2071
2069
2073
2071
2071
2074
2070
2075
2071
2069
2070
2074
2073
2071
2071
2067
2068
2071
2067
2067
2071
2069
2067
2070
2067
2066
2068
2068
2069
2065
2065
2067
2068
2070
2070
2066
2066
2065
2067
2064
2065
2064
2065
2064
2066
2064
2065
2065
2065
2066
2064
2064
2064
2065
2063
2064
2064
2064
2064
2063
2064
2064
2062
2064
2060
2063
2064
2060
2062
2063
2061
2064
2060
2062
2063
2062
2062
2063
2061
2061
2061
2063
2063
2062
2062
2064
2064
2061
2061
2058
2059
2059
2059
2056
2059
2060
2060
2055
2058
2059
2059
2059
2058
2055
2055
2057
2047
2057
2055
2059
2054
2055
2058
2057
2054
2054
2058
2054
2055
2047
2047
2053
2054
2047
2058
2054
2055
2046
2047
2046
2054
2047
2055
2047
2054
2047
2045
2047
2047
2044
2047
2046
2047
2047
2046
2043
2042
2045
2047
2045
2046
2043
2043
2043
2046
2043
2042
2044
2043
2042
2042
2043
2039
2043
2043
2041
2043
2045
2039
2039
2041
2039
2042
2039
2039
2043
2039
2039
2039
2039
2038
2041
2041
2039
2039
2035
2042
2038
2041
2037
2038
2038
2037
2037
2038
2035
2035
2041
2037
2038
2041
2039
2039
2036
2035
2034
2038
2037
2035
2037
2035
2032
2034
2032
2032
2036
2032
2035
2035
2032
2032
2033
2032
2032
2033
2032
2033
2032
2032
2033
2034
2034
2032
2033
2032
2032
2033
2034
2032
2032
2032
2032
2032
2032
2032
2033
2031
2032
2032
2031
2032
2032
2030
2031
2032
2030
2030
2032
2029
2031
2031
2032
2029
2030
2029
2031
2032
2027
2031
2030
2031
2031
2029
2030
2028
2025
2027
2031
2030
2023
2027
2026
2028
2029
2030
2028
2026
2027
2027
2025
2025
2027
2026
2026
2027
2027
2027
2027
2029
2023
2026
2025
2026
2026
2027
2027
2028
2027
2025
2023
2025
2021
2022
2022
2023
2018
2021
2027
2023
2021
2021
2019
2021
2018
2018
2024
2022
2020
2023
2019
2018
2022
2023
2020
2021
2019
2016
2018
2018
2018
2019
2017
2017
2019
2018
2017
2017
2018
2016
2019
2016
2014
2016
2022
2018
2019
2019
2016
2017
2018
2018
2017
2017
2017
2018
2013
2019
2019
2017
2012
2015
2014
2019
2017
2013
2013
2014
2014
2015
2015
2015
2013
2015
2011
2013
2016
2013
2014
2011
2014
2012
2014
2011
2014
2013
2017
2014
2013
2012
2014
2013
2013
2012
2009
2011
2011
2009
2012
2011
2015
2012
2010
2009
2007
2009
2010
2009
2006
2006
2009
2009
2009
2010
2010
2007
2007
2007
2007
2006
2005
2010
2008
2007
2007
2009
2010
2006
2006
2003
2004
2006
2009
2003
2006
2006
2003
2007
2004
2005
2006
2006
2005
2004
2004
2005
2005
2003
2004
2005
2003
2006
2003
2002
2004
2002
2003
2002
2006
2003
2000
2002
2001
2003
2003
2001
2004
2000
2000
2003
2002
2002
2001
2000
2000
2000
2000
2001
2001
2000
2000
2000
2000
2000
2000
2001
2003
1999
2000
2001
2000
2000
2000
2001
2000
2002
1999
2000
2000
2000
1999
2000
1999
2001
1999
1999
1999
1999
1999
1998
2000
2000
2000
1998
1999
1998
2000
1998
1999
2000
1999
1999
1998
1999
2000
1999
1997
1998
1997
1997
1999
1998
1998
1996
1997
1997
1996
1999
1999
1995
1999
1995
1997
1995
1997
1995
1997
1997
1994
1994
1995
1993
1999
1994
1995
1993
1991
1990
1999
1995
1994
1995
1990
1993
1994
1991
1991
1992
1990
1997
1994
1993
1994
1989
1991
1991
1991
1995
1990
1996
1991
1994
1990
1989
1986
1991
1991
1993
1989
1989
1989
1991
1995
1990
1991
1989
1990
1987
1988
1990
1989
1990
1992
1985
1986
1991
1985
1989
1989
1987
1986
1991
1988
1989
1988
1991
1986
1991
1986
1989
1984
1985
1986
1985
1986
1989
1985
1987
1987
1987
1985
1986
1986
1985
1987
1987
1984
1986
1984
1987
1985
1984
1985
1984
1984
1984
1983
1985
1984
1985
1986
1985
1984
1984
1984
1985
1984
1984
1983
1985
1984
1983
1984
1979
1985
1982
1983
1984
1983
1983
1982
1983
1983
1983
1984
1983
1979
1979
1983
1983
1984
1982
1981
1979
1981
1981
1981
1982
1983
1981
1982
1979
1980
1983
1982
1982
1979
1981
1983
1980
1979
1981
1983
1981
1983
1979
1977
1981
1979
1978
1978
1979
1980
1978
1978
1981
1979
1977
1978
1977
1981
1979
1983
1975
1975
1975
1979
1977
1979
1979
1975
1978
1979
1974
1978
1977
1974
1979
1979
1979
1978
1979
1974
1974
1979
1980
1973
1974
1978
1975
1973
1975
1976
1974
1978
1975
1978
1975
1973
1973
1973
1973
1974
1977
1973
1974
1974
1971
1974
1971
1973
1972
1977
1971
1971
1971
1977
1971
1975
1974
1973
1972
1971
1973
1974
1971
1973
1973
1973
1975
1973
1973
1971
1972
1971
1971
1971
1971
1971
1969
1971
1975
1969
1969
1969
1971
1968
1973
1971
1969
1970
1970
1968
1968
1970
1969
1969
1969
1971
1968
1971
1969
1969
1968
1968
1969
1969
1968
1968
1968
1968
1969
1968
1969
1968
1968
1968
1968
1968
1968
1967
1968
1968
1968
1968
1968
1969
1969
1969
1968
1968
1968
1969
1969
1968
1968
1968
1967
1967
1968
1969
1968
1967
1967
1965
1968
1967
1968
1967
1968
1967
1968
1967
1968
1968
1968
1969
1968
1968
1968
1968
1968
1968
1965
1968
1966
1966
1967
1967
1963
1965
1965
1968
1968
1965
1965
1965
1964
1966
1963
1964
1964
1966
1965
1963
1967
1968
1966
1962
1963
1964
1963
1967
1963
1961
1965
1963
1962
1967
1963
1965
1962
1967
1961
1962
1962
1963
1963
1965
1962
1961
1962
1965
1965
1961
1961
1964
1963
1965
1962
1962
1959
1961
1959
1959
1962
1959
1962
1959
1963
1959
1963
1958
1961
1959
1962
1964
1959
1959
1958
1959
1962
1955
1963
1961
1961
1959
1959
1957
1958
1956
1961
1958
1962
1957
1958
1959
1958
1955
1956
1954
1961
1958
1958
1955
1955
1958
1958
1958
1955
1956
1959
1955
1959
1955
1957
1955
1962
1958
1957
1957
1957
1959
1955
1956
1955
1957
1954
1956
1958
1954
1954
1957
1956
1955
1955
1955
1954
1954
1952
1954
1957
1950
1953
1955
1954
1953
1954
1953
1955
1956
1953
1953
1956
1953
1953
1954
1953
1953
1953
1953
1954
1951
1953
1955
1954
1952
1953
1955
1955
1950
1954
1952
1954
1953
1953
1952
1952
1954
1951
1953
1953
1955
1952
1953
1950
1955
1952
1953
1952
1951
1951
1952
1951
1951
1952
1954
1950
1953
1951
1950
1950
1952
1950
1953
1949
1949
1951
1953
1952
1950
1949
1950
1951
1951
1951
1951
1951
1951
1950
1949
1951
1951
1950
1947
1949
1946
1946
1951
1951
1949
1947
1951
1952
1950
1950
1948
1947
1949
1946
1949
1947
1952
1951
1950
1949
1949
1946
1951
1949
1949
1949
1948
1949
1946
1948
1945
1948
1946
1947
1948
1943
1947
1947
1946
1949
1946
1946
1947
1947
1947
1947
1942
1945
1946
1946
1945
1949
1946
1945
1945
1943
1941
1943
1942
1943
1943
1945
1943
1945
1947
1946
1946
1942
1943
1942
1943
1941
1942
1942
1942
1947
1942
1943
1945
1946
1943
1943
1943
1943
1943
1941
1948
1942
1941
1941
1941
1943
1941
1941
1942
1942
1941
1943
1941
1941
1939
1942
1945
1940
1943
1939
1941
1941
1942
1942
1946
1939
1942
1942
1942
1943
1941
1942
1939
1943
1941
1937
1941
1942
1940
1940
1942
1938
1939
1941
1940
1939
1939
1941
1938
1942
1940
1940
1939
1941
1939
1937
1937
1939
1939
1941
1939
1941
1941
1942
1939
1939
1941
1937
1942
1941
1938
1942
1939
1939
1942
1940
1938
1940
1937
1937
1939
1937
1939
1936
1937
1938
1937
1939
1937
1939
1938
1936
1939
1935
1937
1938
1938
1937
1936
1936
1936
1937
1936
1937
1937
1936
1936
1938
1936
1938
1938
1936
1936
1938
1937
1936
1936
1936
1936
1936
1936
1937
1936
1936
1937
1936
1936
1936
1936
1936
1936
1936
1935
1936
1936
1937
1936
1936
1934
1936
1936
1936
1936
1936
1936
1936
1937
1936
1936
1934
1935
1936
1936
1935
1936
1936
1936
1936
1935
1936
1936
1933
1934
1936
1936
1936
1936
1936
1935
1934
1934
1936
1937
1935
1935
1934
1933
1936
1935
1935
1936
1936
1935
1934
1931
1934
1936
1936
1936
1936
1936
1936
1936
1934
1935
1934
1935
1934
1934
1935
1934
1933
1933
1936
1933
1935
1933
1934
1935
1936
1935
1933
1935
1935
1933
1935
1933
1935
1935
1932
1933
1933
1930
1935
1934
1933
1930
1934
1930
1934
1931
1935
1931
1934
1930
1933
1934
1933
1932
1930
1931
1931
1930
1931
1930
1931
1932
1933
1931
1935
1933
1931
1930
1929
1931
1933
1927
1933
1932
1930
1931
1931
1931
1926
1927
1931
1931
1930
1934
1930
1931
1929
1930
1929
1931
1929
1927
1929
1927
1929
1931
1931
1933
1932
1931
1933
1929
1927
1926
1927
1926
1932
1923
1927
1927
1929
1925
1930
1927
1929
1923
1929
1927
1930
1927
1924
1927
1927
1925
1930
1929
1927
1931
1931
1926
1926
1929
1930
1929
1929
1926
1927
1927
1923
1927
1926
1927
1925
1926
1927
1925
1927
1927
1929
1925
1924
1925
1927
1931
1929
1926
1923
1925
1925
1925
1926
1921
1923
1927
1925
1922
1924
1923
1923
1925
1923
1923
1924
1926
1927
1927
1927
1925
1925
1928
1925
1933
1925
1925
1925
1926
1923
1923
1923
1924
1922
1923
1921
1924
1926
1927
1924
1926
1925
1926
1923
1923
1926
1925
1926
1924
1922
1920
1925
1922
1925
1929
1924
1922
1923
1924
1925
1924
1925
1922
1922
1923
1925
1923
1920
1922
1927
1923
1923
1923
1920
1923
1921
1923
1920
1925
1924
1920
1923
1922
1923
1923
1920
1925
1920
1922
1925
1925
1927
1921
1923
1923
1920
1921
1923
1921
1921
1920
1921
1921
1921
1927
1921
1923
1922
1920
1921
1922
1922
1920
1919
1922
1921
1922
1920
1921
1919
1920
1922
1920
1919
1921
1922
1929
1920
1921
2146
2146
2144
2143
2143
2145
2143
2142
2143
2141
2141
2142
2143
2139
2139
2144
2144
2135
2138
2135
2139
2138
2135
2139
2139
2135
2134
2137
2134
2134
2135
2133
2131
2135
2135
2130
2134
2133
2133
2132
2133
2129
2133
2131
2131
2134
2133
2131
2132
2130
2129
2129
2135
2131
2130
2132
2128
2129
2129
2131
2130
2129
2128
2128
2129
2128
2128
2128
2128
2128
2128
2128
2127
2128
2128
2128
2128
2127
2127
2127
2128
2125
2123
2127
2126
2127
2124
2121
2122
2126
2122
2125
2124
2127
2126
2126
2125
2122
2123
2123
2119
2123
2119
2118
2121
2116
2121
2123
2119
2117
2118
2116
2119
2117
2117
2118
2116
2115
2117
2114
2117
2117
2115
2112
2117
2117
2116
2115
2114
2115
2113
2112
2112
2112
2113
2114
2114
2112
2112
2113
2113
2112
2113
2113
2112
2112
2112
2112
2111
2112
2111
2109
2110
2110
2111
2109
2107
2105
2107
2105
2110
2109
2107
2111
2110
2107
2109
2105
2109
2106
2107
2109
2109
2103
2107
2103
2105
2111
2107
2105
2106
2106
2106
2103
2100
2103
2103
2099
2102
2106
2101
2102
2106
2103
2102
2100
2102
2102
2101
2100
2101
2101
2098
2096
2101
2099
2097
2098
2099
2099
2097
2098
2096
2098
2096
2097
2097
2097
2097
2098
2097
2096
2096
2096
2096
2096
2095
2096
2096
2096
2096
2095
2096
2096
2096
2093
2095
2095
2093
2094
2095
2095
2091
2093
2092
2090
2093
2095
2089
2090
2091
2094
2094
2093
2092
2089
2093
2091
2093
2091
2090
2091
2089
2095
2091
2086
2089
2092
2087
2091
2086
2086
2091
2087
2085
2087
2087
2089
2087
2089
2085
2089
2087
2081
2085
2086
2084
2090
2089
2087
2083
2089
2085
2084
2082
2084
2086
2086
2079
2085
2083
2085
2080
2081
2079
2083
2080
2078
2081
2079
2080
2078
2078
2080
2079
2082
2081
2077
2077
2082
2079
2076
2079
2080
2079
2080
2079
2081
2077
2077
2078
2071
2074
2079
2078
2075
2078
2071
2075
2074
2074
2077
2076
2071
2077
2075
2077
2071
2071
2075
2070
2078
2073
2073
2070
2071
2073
2069
2074
2066
2071
2069
2075
2068
2070
2066
2069
2069
2065
2067
2067
2070
2069
2069
2064
2069
2067
2068
2068
2069
2065
2067
2065
2064
2064
2064
2066
2065
2065
2065
2067
2064
2066
2065
2064
2066
2066
2067
2064
2066
2063
2064
2064
2064
2064
2064
2064
2064
2064
2064
2062
2061
2064
2062
2064
2063
2062
2064
2061
2062
2064
2061
2061
2060
2061
2062
2063
2058
2063
2061
2059
2060
2062
2059
2063
2061
2061
2059
2061
2058
2059
2063
2059
2059
2061
2058
2058
2063
2058
2058
2058
2060
2054
2057
2055
2059
2054
2055
2054
2055
2058
2058
2054
2057
2047
2047
2054
2055
2047
2054
2046
2047
2047
2053
2047
2047
2047
2054
2047
2047
2047
2053
2054
2047
2054
2047
2047
2046
2046
2047
2047
2046
2045
2047
2047
2047
2045
2046
2045
2045
2046
2045
2047
2043
2045
2046
2045
2047
2043
2043
2042
2039
2039
2042
2041
2042
2039
2043
2043
2042
2042
2037
2041
2045
2042
2039
2038
2038
2043
2043
2041
2037
2039
2038
2039
2039
2038
2037
2039
2038
2039
2037
2039
2039
2036
2038
2037
2037
2033
2037
2035
2035
2039
2035
2034
2036
2036
2032
2032
2039
2034
2033
2034
2032
2035
2037
2032
2033
2035
2032
2033
2033
2035
2034
2035
2033
2032
2033
2033
2032
2034
2035
2033
2033
2032
2034
2032
2032
2031
2031
2033
2032
2032
2030
2032
2032
2029
2029
2032
2031
2032
2029
2032
2032
2029
2031
2030
2031
2029
2031
2031
2032
2032
2029
2027
2029
2029
2027
2029
2030
2029
2027
2029
2026
2027
2027
2027
2026
2029
2026
2027
2026
2026
2026
2027
2023
2025
2029
2025
2028
2027
2025
2028
2029
2029
2027
2028
2023
2025
2025
2023
2026
2023
2023
2027
2021
2019
2026
2027
2023
2022
2022
2023
2022
2021
2022
2019
2026
2022
2023
2022
2022
2022
2024
2026
2020
2018
2021
2020
2020
2019
2017
2023
2016
2019
2017
2015
2017
2017
2017
2018
2017
2019
2017
2017
2020
2017
2017
2018
2018
2018
2018
2021
2015
2015
2018
2014
2016
2017
2016
2015
2016
2016
2016
2015
2016
2017
2014
2014
2017
2017
2015
2015
2015
2015
2014
2014
2015
2017
2014
2013
2013
2015
2013
2015
2015
2013
2016
2015
2014
2013
2013
2015
2015
2015
2014
2012
2009
2014
2013
2011
2013
2011
2011
2013
2009
2011
2007
2009
2006
2011
2011
2013
2010
2011
2009
2011
2010
2012
2010
2005
2006
2009
2011
2005
2006
2009
2010
2007
2009
2006
2007
2007
2005
2007
2006
2009
2005
2009
2004
2007
2005
2005
2005
2006
2001
2002
2005
2003
2005
2002
2006
2003
2003
2006
2002
2003
2002
2003
2000
2003
2001
2000
2003
2003
2007
2003
2007
2002
2005
2003
2005
2002
2003
2003
2002
2001
2003
2002
2000
2002
2002
2000
2001
2001
2000
2002
2001
2002
2001
2003
2000
2000
2000
2001
2000
2001
2000
2000
2000
2000
2000
2000
2000
2000
2001
2000
2001
1999
2000
2000
2000
2000
2001
2000
2000
1997
1998
2000
1998
1998
2000
1997
1999
1999
1999
1993
2000
2000
1997
1998
1997
1997
2000
1998
1999
1996
1999
1997
1996
1999
1992
1999
2000
1998
2000
1998
1994
1997
1998
1997
1994
1996
1996
1998
1997
1994
1997
1993
1995
1991
1995
1995
1997
1994
1996
1995
1991
1995
1993
1991
1995
1994
1991
1991
1993
1995
1995
1991
1994
1991
1990
1991
1991
1989
1991
1990
1991
1989
1991
1990
1995
1987
1989
1986
1990
1991
1988
1993
1993
1987
1993
1994
1989
1989
1990
1991
1991
1990
1987
1989
1987
1989
1988
1990
1989
1991
1989
1986
1988
1989
1990
1987
1989
1989
1987
1989
1989
1987
1986
1983
1987
1986
1987
1986
1986
1989
1990
1988
1987
1987
1988
1989
1988
1987
1986
1985
1987
1987
1985
1985
1985
1984
1988
1983
1984
1986
1983
1984
1984
1983
1984
1986
1984
1982
1982
1984
1983
1984
1983
1983
1984
1983
1982
1981
1983
1980
1981
1983
1983
1984
1982
1979
1982
1983
1983
1979
1983
1982
1982
1981
1980
1984
1981
1982
1984
1981
1982
1980
1984
1983
1983
1980
1981
1980
1981
1982
1980
1981
1981
1980
1979
1980
1983
1979
1979
1984
1981
1979
1977
1981
1981
1978
1979
1978
1978
1979
1977
1977
1978
1978
1980
1978
1975
1981
1978
1975
1977
1983
1975
1979
1973
1972
1975
1976
1975
1974
1975
1973
1976
1975
1977
1979
1978
1978
1979
1977
1976
1975
1973
1977
1977
1979
1974
1973
1971
1974
1971
1974
1978
1975
1974
1974
1971
1971
1973
1977
1973
1973
1970
1973
1974
1973
1975
1973
1972
1975
1975
1971
1971
1975
1970
1969
1971
1969
1971
1972
1968
1973
1969
1969
1972
1969
1972
1973
1970
1970
1969
1968
1969
1970
1969
1969
1968
1971
1970
1969
1968
1968
1971
1968
1969
1968
1969
1968
1968
1970
1969
1971
1970
1968
1969
1970
1972
1968
1968
1970
1969
1968
1968
1968
1969
1968
1970
1967
1968
1967
1968
1968
1968
1968
1967
1968
1968
1968
1967
1968
1969
1968
1968
1967
1967
1967
1968
1968
1968
1968
1965
1967
1968
1967
1965
1967
1966
1968
1968
1967
1967
1968
1967
1965
1966
1967
1968
1967
1967
1968
1966
1966
1966
1967
1968
1965
1968
1963
1965
1967
1965
1967
1963
1963
1965
1967
1963
1965
1967
1964
1967
1963
1962
1963
1964
1967
1967
1965
1964
1965
1962
1963
1963
1964
1959
1965
1966
1962
1961
1963
1968
1967
1963
1964
1959
1965
1964
1963
1963
1963
1963
1965
1959
1959
1963
1960
1963
1959
1963
1962
1962
1959
1963
1958
1965
1963
1963
1962
1959
1961
1962
1959
1957
1958
1958
1961
1963
1958
1961
1958
1959
1962
1959
1960
1962
1959
1957
1961
1958
1958
1959
1961
1959
1961
1957
1962
1959
1962
1961
1959
1958
1955
1957
1958
1960
1955
1958
1957
1955
1957
1955
1955
1956
1957
1958
1958
1957
1957
1958
1958
1956
1958
1957
1956
1957
1954
1953
1955
1961
1956
1955
1954
1955
1953
1953
1955
1953
1953
1957
1954
1957
1952
1954
1956
1953
1951
1955
1954
1953
1951
1955
1953
1954
1955
1955
1954
1951
1952
1953
1953
1955
1954
1951
1955
1953
1954
1953
1954
1955
1951
1954
1953
1952
1953
1954
1955
1952
1955
1953
1953
1955
1953
1955
1951
1951
1953
1952
1953
1951
1952
1951
1955
1955
1953
1953
1951
1951
1953
1951
1951
1955
1949
1951
1950
1952
1950
1950
1951
1950
1950
1951
1949
1949
1951
1949
1950
1948
1949
1947
1949
1950
1951
1949
1951
1953
1951
1951
1950
1951
1950
1948
1947
1949
1949
1947
1947
1948
1949
1947
1951
1944
1945
1948
1949
1946
1946
1952
1950
1951
1950
1946
1947
1950
1946
1946
1942
1947
1946
1949
1945
1951
1949
1948
1947
1942
1951
1949
1945
1949
1946
1947
1945
1946
1943
1947
1949
1945
1948
1945
1946
1946
1946
1946
1946
1947
1946
1943
1946
1947
1947
1946
1945
1949
1948
1947
1943
1946
1941
1947
1947
1947
1943
1943
1942
1946
1946
1945
1939
1942
1941
1943
1942
1943
1943
1945
1943
1945
1942
1939
1943
1940
1940
1943
1943
1941
1944
1946
1946
1941
1945
1945
1949
1947
1941
1943
1943
1943
1941
1942
1940
1941
1944
1938
1942
1941
1942
1941
1939
1941
1941
1943
1939
1943
1942
1942
1939
1942
1939
1938
1942
1939
1938
1942
1938
1939
1942
1939
1943
1939
1943
1943
1941
1939
1939
1937
1939
1942
1943
1940
1940
1943
1939
1941
1938
1943
1936
1936
1937
1937
1938
1938
1937
1937
1940
1938
1937
1936
1936
1942
1936
1938
1938
1938
1937
1937
1936
1937
1937
1937
1936
1939
1936
1936
1937
1939
1938
1936
1938
1936
1939
1938
1936
1936
1936
1936
1939
1936
1938
1940
1936
1936
1936
1936
1936
1936
1936
1936
1936
1936
1937
1937
1936
1936
1936
1936
1937
1936
1933
1936
1936
1937
1936
1936
1936
1936
1936
1936
1936
1936
1935
1935
1936
1935
1936
1934
1936
1936
1936
1933
1935
1936
1934
1936
1936
1935
1936
1936
1936
1936
1936
1936
1936
1935
1936
1935
1935
1935
1935
1935
1935
1935
1935
1936
1936
1935
1936
1933
1935
1936
1933
1936
1935
1936
1934
1935
1935
1934
1933
1934
1935
1933
1934
1936
1931
1936
1934
1935
1934
1935
1931
1933
1935
1934
1934
1933
1934
1935
1935
1931
1933
1934
1931
1934
1934
1933
1931
1934
1931
1933
1930
1933
1935
1934
1932
1933
1934
1935
1933
1931
1936
1934
1934
1933
1931
1930
1931
1931
1931
1931
1931
1931
1927
1933
1931
1936
1930
1929
1933
1928
1931
1934
1932
1931
1933
1933
1932
1928
1931
1930
1927
1931
1933
1931
1932
1930
1933
1931
1931
1932
1926
1930
1931
1931
1931
1933
1931
1931
1930
1933
1929
1931
1930
1927
1927
1934
1927
1931
1930
1930
1927
1931
1927
1927
1929
1929
1932
1930
1932
1931
1931
1927
1931
1929
1927
1930
1927
1926
1932
1925
1929
1925
1927
1930
1929
1932
1931
1925
1925
1927
1929
1927
1924
1930
1925
1927
1925
1925
1931
1930
1927
1929
1925
1930
1929
1927
1927
1931
1927
1927
1927
1927
1925
1929
1930
1925
1924
1926
1929
1922
1925
1925
1923
1927
1929
1926
1925
1923
1926
1926
1929
1926
1926
1926
1925
1925
1928
1927
1925
1924
1926
1922
1925
1925
1923
1930
1926
1926
1927
1925
1921
1923
1925
1924
1923
1923
1921
1925
1923
1924
1923
1927
1927
1923
1928
1923
1925
1925
1925
1923
1923
1924
1923
1921
1921
1924
1921
1920
1924
1922
1923
1924
1922
1926
1921
1923
1920
1921
1923
1921
1925
1924
1923
1921
1921
1920
1921
1920
1922
1925
1921
1922
1922
1922
1923
1921
1922
1923
1923
1925
1922
1922
1921
1921
2125
2125
2122
2128
2124
2126
2126
2122
2124
2121
2122
2123
2125
2121
2127
2123
2119
2122
2122
2119
2122
2122
2119
2122
2117
2118
2114
2119
2119
2115
2115
2115
2115
2118
2119
2115
2115
2113
2114
2115
2115
2113
2117
2112
2113
2111
2115
2114
2112
2112
2112
2112
2114
2112
2112
2112
2112
2111
2111
2112
2111
2110
2112
2112
2111
2110
2109
2112
2112
2109
2111
2110
2106
2111
2109
2106
2110
2107
2109
2106
2108
2107
2107
2106
2106
2107
2105
2106
2107
2102
2099
2103
2103
2107
2103
2101
2102
2102
2099
2105
2105
2103
2105
2103
2106
2099
2101
2101
2098
2099
2103
2100
2099
2101
2097
2099
2097
2098
2104
2097
2096
2097
2098
2096
2096
2096
2096
2098
2096
2096
2096
2096
2097
2096
2098
2097
2096
2093
2095
2096
2096
2096
2096
2095
2096
2095
2096
2093
2095
2095
2095
2095
2095
2091
2093
2090
2091
2090
2091
2094
2093
2090
2096
2090
2093
2091
2090
2089
2090
2091
2090
2090
2091
2091
2090
2091
2089
2089
2086
2089
2089
2086
2087
2089
2087
2087
2087
2083
2086
2085
2086
2084
2082
2083
2086
2085
2086
2083
2082
2085
2081
2084
2082
2083
2081
2086
2082
2082
2083
2081
2085
2081
2083
2082
2085
2080
2081
2081
2082
2079
2077
2079
2079
2080
2079
2080
2079
2079
2079
2081
2081
2075
2076
2077
2077
2075
2079
2080
2078
2075
2075
2079
2074
2077
2077
2077
2080
2077
2077
2076
2073
2074
2074
2077
2070
2075
2074
2074
2074
2075
2073
2074
2073
2070
2070
2074
2074
2074
2076
2069
2073
2071
2071
2073
2067
2071
2071
2070
2069
2070
2071
2071
2069
2074
2069
2071
2067
2068
2068
2064
2066
2067
2067
2065
2067
2065
2065
2068
2065
2066
2065
2067
2065
2067
2066
2064
2065
2065
2064
2062
2064
2065
2064
2064
2064
2064
2064
2064
2062
2064
2064
2065
2065
2062
2063
2063
2064
2064
2064
2064
2064
2064
2061
2064
2061
2063
2063
2065
2061
2058
2060
2063
2061
2061
2059
2064
2062
2063
2061
2059
2059
2059
2061
2059
2059
2059
2058
2061
2059
2058
2055
2053
2057
2057
2057
2054
2055
2047
2053
2055
2047
2057
2052
2058
2054
2057
2047
2054
2046
2054
2047
2054
2047
2055
2047
2047
2054
2055
2054
2055
2047
2055
2047
2054
2047
2047
2054
2053
2047
2053
2047
2045
2047
2047
2045
2046
2044
2045
2045
2046
2045
2045
2045
2039
2045
2043
2044
2043
2043
2042
2045
2041
2045
2046
2042
2045
2044
2042
2041
2041
2042
2037
2039
2037
2039
2039
2042
2041
2042
2042
2037
2038
2037
2035
2037
2039
2042
2042
2040
2036
2038
2035
2040
2037
2035
2035
2037
2036
2036
2036
2035
2035
2033
2038
2035
2038
2034
2032
2035
2032
2033
2036
2033
2032
2033
2033
2036
2035
2032
2032
2034
2037
2032
2033
2032
2032
2034
2032
2032
2034
2035
2032
2033
2032
2033
2033
2032
2032
2031
2032
2032
2031
2032
2032
2031
2032
2031
2030
2032
2031
2032
2031
2032
2032
2028
2031
2029
2029
2032
2032
2029
2029
2027
2029
2029
2029
2027
2028
2029
2030
2030
2027
2032
2027
2032
2029
2026
2031
2032
2026
2027
2027
2028
2026
2021
2026
2030
2026
2023
2025
2025
2022
2023
2023
2025
2022
2023
2022
2021
2023
2023
2023
2019
2023
2021
2022
2022
2023
2022
2021
2025
2021
2023
2019
2023
2019
2019
2023
2021
2018
2020
2022
2019
2018
2018
2019
2019
2021
2021
2021
2022
2021
2018
2018
2019
2019
2019
2015
2017
2015
2017
2015
2015
2016
2017
2016
2020
2018
2015
2015
2021
2015
2015
2015
2015
2015
2017
2015
2016
2016
2018
2016
2015
2017
2013
2017
2017
2013
2015
2017
2015
2014
2013
2013
2011
2014
2014
2015
2013
2015
2015
2013
2015
2011
2011
2011
2013
2011
2013
2013
2007
2012
2007
2009
2011
2013
2010
2013
2009
2010
2011
2010
2007
2012
2010
2010
2011
2010
2011
2010
2004
2007
2010
2010
2005
2011
2006
2009
2007
2009
2007
2010
2007
2012
2006
2006
2005
2011
2005
2006
2011
2007
2009
2009
2007
2006
2002
2004
2007
2005
2003
2005
2002
2003
2006
2009
2005
2001
2003
2002
2006
2001
2002
2002
2001
2001
2001
2003
2000
2003
2002
2003
2000
2001
2002
2004
2004
2003
2002
2002
2002
2002
2003
2004
2000
2000
2001
2000
2001
2001
2001
1999
2001
2000
2001
1999
2000
2000
2000
2002
2000
2000
2000
2000
2000
1998
2001
1999
2000
1999
2000
2000
1999
1999
2000
1995
1998
1997
2000
2000
2000
1999
1998
1997
1999
2000
1997
1999
1999
1998
1997
2000
1997
1998
1997
1997
1994
2000
1997
1999
1998
1994
1995
1997
1996
1999
1998
2000
1995
1995
1994
1994
1995
1991
1993
1994
1995
1994
1994
1996
1991
1995
1995
1991
1993
1991
1995
1991
1994
1994
1993
1993
1994
1993
1993
1995
1994
1997
1994
1991
1991
1995
1991
1990
1991
1995
1991
1993
1988
1991
1987
1989
1991
1994
1990
1989
1989
1989
1991
1991
1993
1988
1988
1988
1990
1987
1989
1989
1988
1987
1990
1986
1989
1990
1987
1990
1990
1987
1988
1987
1991
1987
1986
1989
1987
1985
1989
1987
1984
1985
1986
1986
1987
1986
1989
1987
1989
1989
1986
1986
1985
1985
1984
1989
1985
1983
1984
1984
1987
1983
1986
1986
1984
1984
1985
1984
1986
1982
1985
1986
1985
1985
1985
1984
1984
1985
1984
1984
1982
1984
1984
1984
1984
1984
1983
1984
1983
1983
1985
1984
1982
1984
1986
1983
1982
1984
1984
1983
1983
1981
1979
1981
1979
1982
1981
1982
1981
1983
1979
1981
1981
1984
1984
1983
1982
1983
1981
1982
1979
1979
1980
1979
1977
1974
1978
1981
1980
1983
1983
1979
1979
1978
1980
1975
1977
1979
1980
1980
1979
1978
1979
1978
1978
1973
1978
1977
1983
1974
1974
1974
1979
1978
1977
1975
1978
1981
1973
1975
1973
1979
1974
1975
1978
1971
1970
1975
1975
1975
1978
1977
1979
1974
1970
1975
1973
1974
1975
1974
1974
1973
1970
1974
1969
1973
1973
1975
1974
1974
1970
1971
1971
1971
1971
1972
1969
1971
1971
1973
1973
1975
1975
1969
1970
1971
1971
1971
1969
1969
1973
1970
1968
1969
1970
1970
1968
1969
1973
1971
1969
1973
1968
1970
1969
1970
1968
1968
1970
1971
1970
1970
1969
1973
1968
1968
1968
1969
1968
1968
1968
1969
1968
1968
1968
1969
1968
1972
1970
1969
1968
1967
1968
1967
1968
1968
1968
1967
1968
1968
1966
1967
1968
1967
1966
1968
1968
1968
1968
1968
1968
1968
1968
1968
1967
1968
1966
1969
1968
1968
1967
1968
1968
1966
1967
1968
1968
1966
1968
1967
1967
1968
1967
1967
1967
1966
1967
1966
1966
1965
1968
1968
1967
1965
1965
1964
1965
1967
1967
1964
1965
1967
1962
1966
1966
1964
1967
1962
1965
1965
1965
1968
1967
1964
1965
1963
1963
1966
1963
1963
1962
1962
1965
1965
1963
1966
1963
1966
1962
1966
1963
1962
1963
1964
1965
1962
1963
1962
1963
1962
1965
1961
1958
1959
1963
1963
1962
1962
1962
1963
1965
1962
1963
1961
1963
1959
1962
1961
1962
1963
1965
1959
1958
1959
1957
1963
1959
1959
1965
1958
1959
1958
1962
1963
1958
1957
1957
1959
1959
1957
1957
1961
1959
1958
1955
1959
1955
1960
1958
1955
1955
1954
1963
1958
1958
1958
1958
1960
1957
1955
1959
1957
1958
1955
1957
1957
1959
1954
1956
1954
1957
1958
1954
1955
1957
1958
1955
1958
1958
1957
1956
1957
1957
1956
1953
1952
1955
1953
1953
1954
1954
1953
1952
1955
1955
1954
1950
1957
1954
1953
1952
1952
1955
1951
1952
1951
1952
1955
1957
1957
1953
1953
1953
1955
1955
1950
1951
1952
1951
1951
1953
1954
1955
1952
1953
1951
1952
1953
1952
1951
1953
1950
1953
1954
1949
1954
1950
1953
1951
1952
1951
1954
1951
1951
1953
1949
1951
1950
1950
1950
1953
1951
1951
1949
1951
1949
1949
1949
1947
1951
1947
1951
1950
1947
1949
1950
1953
1950
1951
1949
1951
1950
1950
1950
1947
1951
1949
1949
1952
1952
1949
1951
1951
1946
1945
1948
1945
1947
1949
1948
1947
1947
1951
1945
1948
1947
1950
1952
1945
1949
1947
1945
1949
1946
1947
1942
1946
1951
1947
1949
1946
1949
1946
1947
1943
1947
1943
1945
1945
1950
1950
1945
1949
1942
1942
1949
1945
1949
1946
1947
1943
1943
1941
1943
1946
1943
1946
1943
1947
1945
1942
1942
1946
1947
1943
1945
1943
1945
1942
1943
1946
1945
1946
1939
1946
1943
1941
1941
1938
1941
1943
1943
1942
1942
1939
1942
1942
1941
1942
1946
1945
1939
1943
1943
1943
1946
1938
1939
1941
1939
1943
1943
1942
1941
1941
1941
1942
1939
1943
1942
1942
1943
1943
1939
1942
1946
1940
1941
1939
1942
1937
1939
1941
1939
1937
1939
1940
1941
1940
1941
1942
1939
1939
1943
1939
1938
1937
1940
1937
1938
1937
1939
1938
1939
1939
1938
1940
1937
1937
1937
1939
1942
1938
1938
1938
1939
1938
1937
1937
1937
1937
1937
1936
1939
1936
1937
1937
1938
1939
1936
1936
1939
1936
1937
1938
1936
1936
1936
1939
1936
1936
1939
1935
1937
1939
1937
1938
1937
1937
1939
1938
1936
1937
1939
1937
1939
1937
1936
1936
1937
1938
1936
1938
1938
1936
1936
1936
1935
1936
1938
1936
1936
1936
1936
1936
1936
1936
1936
1936
1935
1936
1935
1936
1936
1933
1936
1935
1936
1936
1936
1936
1936
1936
1935
1936
1937
1936
1936
1937
1935
1936
1935
1935
1934
1936
1935
1935
1933
1935
1934
1934
1934
1933
1935
1935
1935
1936
1935
1936
1937
1934
1936
1935
1935
1935
1936
1931
1935
1935
1933
1936
1934
1935
1936
1935
1935
1933
1936
1935
1934
1933
1935
1933
1934
1936
1934
1934
1933
1935
1933
1935
1933
1934
1933
1931
1930
1935
1932
1933
1935
1933
1933
1934
1934
1933
1933
1929
1933
1931
1935
1933
1933
1932
1934
1934
1930
1931
1929
1933
1931
1927
1932
1930
1930
1931
1930
1933
1932
1933
1933
1933
1933
1933
1933
1930
1930
1931
1930
1927
1931
1931
1931
1932
1932
1930
1929
1931
1933
1931
1929
1931
1931
1927
1931
1929
1933
1923
1929
1933
1927
1932
1927
1931
1931
1929
1929
1931
1929
1929
1929
1927
1930
1930
1928
1934
1926
1927
1924
1927
1928
1933
1929
1930
1929
1929
1931
1930
1927
1926
1931
1926
1926
1925
1929
1927
1924
1926
1926
1929
1923
1926
1926
1922
1929
1926
1929
1927
1927
1921
1927
1926
1932
1925
1929
1926
1925
1927
1923
1924
1924
1926
1927
1925
1925
1928
1930
1926
1927
1927
1925
1926
1926
1924
1923
1925
1927
1925
1926
1925
1927
1924
1925
1922
1922
1926
1923
1924
1926
1927
1929
1924
1921
1925
1925
1922
1927
1926
1922
1923
1923
1923
1926
1923
1923
1922
1923
1923
1923
1923
1920
1925
1925
1922
1925
1923
1923
1925
1922
1921
1921
1922
1922
1924
1923
1923
1922
1923
1924
1921
1923
1925
1926
1921
1920
1921
1925
1923
1922
1923
1922
1921
1923
1922
1925
1923
1920
1922
1921
1922
1920
1920
1920
1920
1923
1923
1921
1922
1921
1923
1922
1920
1920
1919
1923
1922
1921
1922
1921
1919
1921
1926
1922
1919
1920
1922
1919
1919
1920
1919
1923
1923
1921
1921
1921
1920
1921
1921
1921
1921
1922
1920
1920
1920
1924
1921
1921
1919
1921
1920
1920
1920
1920
1921
1919
1921
1923
1918
1922
1919
1919
1919
1919
1920
1921
1918
1919
1920
1919
1919
1919
1919
1919
1922
1917
1920
1919
1918
1919
1919
1920
1920
1920
1920
1922
1918
1918
1921
1920
1923
1920
1920
1919
1920
1919
1921
1918
1921
1917
1919
1916
1922
1919
1919
1920
1915
1918
1919
1917
1918
1918
1919
1920
1919
1918
1917
1917
1920
1917
1919
1919
1917
1917
2139
2139
2143
2141
2138
2140
2138
2138
2137
2138
2131
2135
2139
2138
2134
2139
2134
2134
2134
2133
2131
2134
2135
2132
2133
2132
2133
2132
2131
2132
2133
2131
2130
2130
2128
2129
2130
2129
2128
2128
2129
2129
2129
2128
2128
2128
2128
2127
2128
2125
2127
2128
2128
2128
2127
2128
2127
2127
2126
2128
2127
2128
2125
2123
2126
2125
2126
2127
2123
2126
2125
2124
2127
2123
2124
2127
2126
2126
2121
2122
2121
2118
2121
2119
2121
2117
2119
2118
2121
2119
2118
2121
2119
2121
2117
2117
2123
2117
2118
2115
2118
2115
2117
2114
2117
2114
2112
2112
2112
2114
2114
2115
2114
2115
2112
2112
2112
2115
2112
2113
2112
2112
2113
2112
2112
2110
2112
2112
2112
2112
2113
2112
2107
2110
2112
2112
2112
2108
2107
2111
2107
2107
2107
2107
2110
2110
2107
2109
2106
2107
2105
2103
2107
2103
2103
2106
2103
2107
2106
2101
2106
2103
2101
2102
2103
2105
2103
2103
2103
2100
2102
2103
2103
2105
2103
2102
2102
2101
2098
2098
2106
2099
2098
2102
2096
2099
2103
2101
2100
2098
2098
2096
2097
2097
2102
2096
2096
2096
2096
2097
2096
2096
2094
2097
2096
2096
2093
2095
2096
2096
2096
2095
2093
2092
2093
2096
2096
2092
2096
2095
2094
2094
2093
2093
2090
2095
2093
2093
2090
2091
2090
2092
2090
2091
2092
2091
2088
2086
2091
2089
2089
2090
2091
2087
2085
2089
2087
2084
2093
2091
2087
2086
2086
2087
2089
2087
2087
2087
2089
2087
2083
2083
2086
2084
2082
2086
2084
2079
2086
2082
2081
2082
2083
2087
2083
2083
2083
2083
2081
2081
2081
2080
2083
2081
2082
2081
2085
2079
2079
2078
2079
2077
2081
2080
2084
2078
2075
2080
2079
2079
2080
2078
2078
2079
2077
2078
2078
2075
2078
2081
2079
2077
2076
2071
2074
2074
2071
2075
2074
2078
2075
2076
2074
2079
2072
2073
2073
2071
2076
2071
2075
2074
2074
2071
2071
2073
2077
2070
2071
2073
2067
2068
2071
2070
2066
2066
2071
2069
2067
2067
2064
2070
2066
2066
2069
2066
2066
2064
2065
2065
2065
2066
2064
2064
2065
2064
2066
2064
2064
2065
2066
2064
2064
2064
2064
2064
2067
2065
2065
2064
2064
2064
2064
2064
2064
2062
2063
2064
2065
2063
2063
2063
2064
2064
2062
2064
2063
2063
2062
2062
2064
2059
2064
2063
2062
2062
2059
2064
2063
2059
2061
2061
2061
2062
2061
2060
2058
2059
2055
2059
2055
2062
2059
2059
2058
2059
2055
2057
2047
2059
2059
2054
2047
2054
2054
2054
2055
2047
2058
2055
2047
2054
2058
2054
2047
2053
2053
2047
2047
2055
2053
2047
2047
2053
2054
2054
2054
2046
2047
2047
2047
2046
2047
2047
2045
2047
2043
2046
2043
2043
2042
2043
2044
2045
2044
2043
2042
2042
2054
2045
2043
2044
2046
2047
2044
2045
2039
2043
2045
2041
2043
2042
2041
2042
2041
2043
2038
2042
2043
2043
2038
2038
2039
2041
2039
2037
2039
2038
2042
2042
2042
2038
2037
2039
2039
2038
2037
2034
2038
2035
2037
2035
2036
2034
2035
2035
2039
2038
2037
2036
2033
2034
2034
2033
2035
2033
2033
2032
2033
2032
2032
2033
2032
2035
2033
2032
2033
2033
2032
2032
2032
2032
2032
2032
2032
2032
2032
2032
2032
2032
2032
2032
2032
2032
2032
2033
2032
2033
2032
2032
2031
2032
2031
2032
2032
2031
2032
2031
2031
2030
2031
2031
2031
2029
2030
2029
2029
2030
2028
2030
2032
2029
2031
2031
2028
2031
2023
2028
2027
2026
2027
2027
2027
2025
2025
2027
2026
2027
2027
2026
2030
2027
2027
2027
2027
2023
2025
2023
2023
2027
2025
2025
2023
2025
2023
2023
2027
2023
2022
2022
2018
2022
2023
2021
2023
2026
2021
2023
2022
2021
2023
2025
2019
2023
2022
2019
2021
2019
2021
2019
2020
2021
2018
2022
2021
2018
2019
2020
2019
2018
2016
2019
2016
2018
2018
2015
2016
2017
2019
2018
2018
2015
2015
2018
2021
2017
2017
2016
2019
2015
2015
2012
2017
2014
2016
2015
2014
2015
2015
2016
2015
2015
2015
2014
2013
2014
2015
2016
2014
2015
2012
2012
2015
2014
2014
2015
2011
2012
2013
2015
2013
2011
2009
2013
2011
2012
2009
2013
2010
2011
2010
2007
2010
2010
2013
2006
2011
2011
2010
2014
2011
2010
2009
2006
2007
2007
2007
2007
2010
2010
2009
2007
2010
2007
2007
2010
2007
2007
2004
2006
2007
2007
2010
2006
2007
2007
2005
2003
2007
2005
2005
2010
2005
2007
2005
2007
2005
2007
2004
2005
2001
2006
2005
2003
2003
2005
2000
2005
2001
2003
2003
2004
2005
2004
2005
2003
2006
2002
1999
2003
2001
2000
2003
2000
2000
2000
1999
2001
2003
2001
2000
2000
2000
2000
2002
2000
2000
2000
2000
2000
1999
2000
2000
2000
2000
2001
2000
2000
2000
2003
1999
1999
2000
2000
2000
2000
2001
2000
2000
2000
1999
2000
1997
2000
1995
2001
1999
1999
2000
2000
2000
1998
2000
2000
1998
2000
2000
1999
2000
1997
2000
1999
1995
1999
2000
1997
1995
1998
1997
1995
1995
1995
1995
1999
1998
1995
1994
1997
1991
1995
1995
1995
1995
1995
1995
1995
1995
1991
1996
1995
1993
1996
1995
1994
1994
1995
1998
1991
1993
1994
1991
1995
1994
1993
1993
1991
1993
1993
1993
1993
1990
1991
1991
1990
1991
1995
1988
1989
1989
1991
1987
1991
1994
1989
1988
1989
1989
1991
1988
1990
1989
1988
1989
1987
1990
1990
1988
1989
1987
1991
1990
1987
1987
1987
1988
1991
1988
1986
1984
1986
1987
1990
1984
1987
1985
1986
1984
1990
1988
1986
1987
1985
1985
1987
1986
1985
1984
1984
1984
1985
1985
1985
1983
1984
1985
1985
1986
1984
1984
1981
1987
1983
1984
1984
1984
1981
1984
1984
1984
1984
1985
1984
1986
1983
1985
1983
1982
1983
1984
1982
1981
1982
1984
1982
1983
1982
1983
1981
1985
1979
1982
1983
1983
1983
1983
1982
1982
1984
1984
1983
1979
1981
1981
1984
1978
1980
1981
1979
1982
1979
1982
1983
1982
1980
1982
1982
1978
1981
1981
1981
1981
1979
1980
1982
1979
1982
1979
1981
1979
1979
1978
1977
1977
1974
1979
1975
1977
1979
1979
1977
1980
1978
1974
1977
1976
1978
1980
1974
1975
1979
1974
1977
1978
1975
1975
1977
1974
1974
1975
1974
1974
1974
1975
1973
1977
1975
1975
1978
1975
1975
1975
1977
1975
1974
1970
1975
1973
1971
1974
1973
1974
1971
1974
1975
1973
1975
1969
1971
1970
1975
1970
1975
1970
1971
1971
1972
1973
1971
1971
1973
1971
1971
1971
1971
1973
1970
1973
1971
1970
1970
1969
1968
1971
1970
1969
1970
1969
1969
1969
1968
1968
1968
1971
1969
1969
1969
1969
1970
1970
1968
1968
1968
1970
1968
1968
1968
1968
1968
1972
1968
1969
1968
1969
1968
1968
1970
1968
1968
1968
1969
1971
1968
1968
1968
1968
1968
1968
1968
1967
1968
1968
1968
1966
1968
1968
1968
1968
1968
1966
1966
1968
1968
1963
1968
1966
1967
1968
1968
1967
1967
1963
1968
1964
1967
1965
1968
1968
1966
1966
1966
1965
1967
1968
1967
1967
1966
1966
1968
1966
1969
1968
1965
1966
1965
1963
1965
1963
1968
1968
1965
1963
1966
1965
1964
1965
1965
1962
1962
1963
1962
1961
1964
1963
1962
1965
1962
1962
1961
1965
1958
1959
1962
1964
1965
1959
1962
1965
1959
1963
1962
1962
1959
1959
1963
1963
1961
1961
1962
1962
1961
1957
1961
1959
1959
1958
1959
1961
1961
1959
1963
1963
1959
1963
1961
1959
1960
1963
1957
1959
1956
1955
1957
1961
1956
1958
1959
1957
1962
1959
1957
1958
1961
1957
1957
1959
1959
1958
1959
1957
1958
1959
1957
1959
1955
1958
1955
1962
1957
1963
1957
1956
1955
1958
1957
1956
1955
1957
1957
1955
1957
1957
1955
1954
1955
1957
1958
1957
1956
1955
1955
1962
1958
1957
1953
1955
1953
1956
1955
1952
1953
1954
1956
1957
1956
1955
1953
1954
1954
1956
1951
1951
1955
1950
1954
1954
1952
1952
1951
1954
1953
1952
1952
1955
1953
1955
1953
1952
1953
1954
1953
1953
1951
1955
1955
1953
1954
1952
1950
1952
1951
1949
1953
1950
1952
1951
1951
1949
1951
1952
1950
1949
1954
1948
1950
1953
1953
1951
1949
1951
1951
1951
1953
1951
1950
1951
1947
1951
1947
1950
1947
1951
1949
1950
1950
1949
1949
1951
1950
1950
1947
1950
1947
1949
1951
1951
1946
1948
1947
1947
1949
1947
1948
1951
1951
1947
1946
1949
1950
1951
1950
1946
1945
1947
1947
1947
1946
1949
1946
1947
1946
1949
1946
1947
1949
1948
1950
1948
1945
1946
1947
1947
1945
1943
1946
1946
1943
1947
1945
1947
1945
1947
1950
1947
1946
1948
1943
1943
1943
1945
1945
1943
1947
1946
1946
1947
1943
1949
1943
1946
1943
1941
1943
1943
1943
1943
1942
1942
1946
1946
1947
1943
1943
1941
1948
1941
1942
1941
1945
1945
1942
1946
1943
1941
1943
1941
1945
1944
1942
1939
1947
1946
1943
1942
1945
1944
1941
1941
1941
1943
1945
1943
1942
1942
1942
1941
1942
1941
1942
1938
1940
1942
1943
1939
1938
1940
1941
1938
1943
1939
1939
1943
1939
1940
1940
1942
1941
1941
1942
1938
1940
1938
1941
1940
1942
1938
1939
1936
1937
1940
1939
1938
1939
1942
1942
1941
1938
1937
1937
1938
1936
1936
1937
1937
1939
1937
1936
1938
1937
1936
1937
1941
1936
1938
1938
1937
1938
1936
1938
1939
1936
1938
1936
1937
1936
1937
1936
1940
1938
1936
1937
1936
1938
1937
1936
1936
1937
1936
1937
1936
1936
1937
1938
1937
1936
1940
1936
1939
1938
1936
1936
1938
1936
1936
1936
1935
1937
1937
1935
1940
1933
1936
1936
1936
1934
1936
1936
1935
1936
1936
1936
1936
1936
1934
1936
1933
1936
1935
1935
1935
1935
1936
1935
1931
1936
1936
1936
1935
1936
1936
1935
1937
1935
1936
1933
1935
1934
1936
1936
1935
1936
1936
1936
1936
1933
1936
1934
1936
1933
1935
1933
1935
1936
1935
1931
1934
1933
1931
1933
1935
1936
1933
1935
1935
1935
1931
1935
1935
1935
1933
1933
1933
1936
1935
1934
1935
1933
1935
1935
1933
1933
1931
1934
1936
1934
1933
1935
1936
1935
1933
1933
1931
1935
1936
1933
1933
1934
1933
1932
1935
1933
1931
1931
1930
1931
1934
1933
1931
1935
1932
1931
1935
1935
1931
1929
1930
1931
1929
1933
1933
1934
1931
1931
1934
1931
1928
1930
1927
1931
1928
1929
1930
1930
1929
1933
1931
1929
1926
1929
1931
1934
1929
1931
1931
1929
1930
1927
1929
1930
1927
1929
1927
1930
1930
1931
1930
1933
1929
1930
1927
1926
1933
1927
1933
1929
1929
1927
1930
1931
1927
1930
1927
1927
1928
1930
1926
1930
1929
1929
1927
1926
1930
1929
1926
1927
1931
1931
1926
1926
1930
1928
1923
1930
1929
1927
1929
1929
1926
1926
1925
1925
1930
1925
1929
1923
1927
1925
1923
1929
1926
1930
1929
1927
1923
1927
1927
1930
1931
1925
1925
1923
1929
1925
1926
1925
1923
1925
1926
1927
1925
1925
1927
1924
1927
1922
1922
1926
1926
1926
1927
1923
1925
1924
1926
1926
1926
1925
1922
1923
1925
1929
1925
1922
1924
1927
1926
1927
1924
1923
1923
1929
1925
1926
1926
1923
1925
1924
1923
1922
1923
1929
1926
1923
1925
1923
1920
1925
1925
1925
1923
1922
1922
1921
1925
1927
1926
1924
1921
1923
1919
1923
1922
1922
1923
1922
1925
1923
1922
1920
1920
1922
1921
1921
1923
1923
1920
1922
1923
1923
1922
1924
1921
1921
1925
1922
1923
1922
1922
1921
1921
1921
1921
1920
1926
1921
1920
1922
1920
1920
1920
1920
1918
1921
1920
1921
1922
1921
1920
1921
1921
1921
1920
1920
1921
1922
1921
1919
1923
1921
1921
1921
1920
1922
1921
1920
1919
1920
1921
1921
1919
1920
2140
2139
2133
2135
2137
2134
2135
2131
2133
2139
2135
2134
2134
2138
2134
2132
2133
2131
2133
2133
2134
2138
2130
2134
2131
2131
2132
2129
2130
2130
2128
2129
2128
2129
2129
2129
2129
2128
2128
2128
2131
2128
2131
2128
2126
2128
2128
2127
2126
2128
2127
2127
2128
2128
2128
2128
2123
2127
2126
2124
2125
2124
2124
2121
2123
2123
2122
2121
2123
2126
2125
2122
2119
2125
2122
2119
2122
2121
2123
2123
2117
2115
2118
2124
2124
2123
2118
2118
2121
2115
2116
2120
2115
2115
2115
2114
2117
2118
2117
2117
2115
2115
2118
2114
2115
2114
2114
2114
2113
2112
2114
2114
2112
2111
2114
2113
2115
2111
2112
2110
2112
2112
2111
2112
2112
2111
2113
2111
2112
2111
2110
2107
2111
2111
2109
2109
2109
2110
2110
2110
2108
2109
2112
2108
2107
2107
2107
2107
2106
2107
2107
2106
2106
2105
2107
2106
2106
2102
2104
2103
2105
2101
2106
2101
2105
2102
2103
2099
2102
2103
2101
2099
2099
2099
2096
2101
2100
2099
2101
2099
2099
2098
2098
2099
2097
2097
2099
2096
2097
2097
2097
2096
2096
2096
2096
2097
2097
2096
2097
2097
2096
2095
2096
2096
2096
2096
2096
2095
2095
2095
2096
2096
2096
2093
2096
2091
2095
2093
2093
2094
2091
2091
2093
2092
2093
2095
2091
2091
2094
2095
2090
2091
2093
2091
2090
2089
2093
2085
2091
2090
2093
2089
2090
2090
2087
2089
2086
2087
2086
2087
2086
2087
2090
2089
2085
2087
2085
2083
2087
2087
2083
2087
2086
2083
2084
2082
2085
2084
2083
2083
2085
2084
2082
2082
2083
2085
2079
2086
2082
2085
2079
2082
2079
2080
2082
2084
2079
2080
2080
2080
2078
2079
2077
2077
2081
2077
2080
2080
2078
2079
2074
2077
2073
2079
2079
2078
2077
2078
2075
2077
2076
2071
2073
2075
2074
2075
2075
2072
2075
2071
2077
2073
2074
2074
2071
2075
2071
2078
2071
2071
2073
2070
2070
2071
2070
2073
2066
2070
2071
2067
2071
2070
2071
2070
2067
2069
2067
2067
2064
2066
2070
2065
2067
2067
2067
2067
2065
2066
2065
2065
2064
2065
2065
2066
2066
2064
2065
2064
2066
2063
2067
2065
2064
2064
2066
2064
2064
2065
2065
2064
2063
2064
2064
2063
2066
2065
2064
2064
2061
2064
2064
2064
2063
2064
2063
2064
2062
2064
2064
2061
2062
2062
2064
2062
2058
2062
2061
2059
2061
2058
2061
2061
2058
2061
2059
2058
2061
2059
2058
2057
2062
2057
2060
2058
2057
2063
2056
2059
2055
2058
2053
2059
2054
2057
2055
2057
2057
2053
2058
2047
2047
2053
2054
2055
2055
2047
2053
2055
2057
2047
2047
2053
2054
2046
2046
2047
2054
2045
2047
2046
2047
2047
2045
2047
2045
2047
2045
2045
2046
2044
2047
2045
2046
2047
2044
2044
2047
2047
2042
2042
2044
2045
2043
2041
2045
2043
2045
2041
2043
2044
2046
2043
2043
2045
2042
2037
2039
2039
2039
2038
2043
2034
2036
2038
2039
2037
2042
2038
2039
2039
2043
2041
2037
2041
2039
2035
2039
2045
2042
2037
2038
2038
2035
2038
2035
2039
2035
2037
2037
2038
2033
2035
2034
2035
2035
2037
2035
2037
2034
2035
2035
2035
2035
2034
2032
2034
2032
2034
2032
2032
2034
2032
2032
2033
2032
2032
2032
2032
2029
2031
2032
2032
2032
2032
2033
2032
2033
2031
2032
2032
2032
2032
2032
2030
2032
2031
2032
2032
2032
2031
2032
2032
2030
2028
2029
2031
2030
2026
2031
2031
2031
2031
2029
2029
2031
2031
2029
2027
2027
2030
2027
2029
2027
2026
2026
2027
2025
2026
2027
2023
2026
2028
2026
2025
2023
2027
2025
2028
2025
2023
2024
2022
2023
2025
2023
2023
2026
2022
2025
2025
2021
2025
2027
2026
2022
2019
2023
2022
2019
2022
2022
2022
2026
2019
2023
2025
2022
2019
2021
2023
2023
2023
2018
2019
2019
2018
2022
2026
2016
2017
2019
2020
2021
2023
2017
2018
2019
2019
2019
2017
2018
2019
2015
2018
2019
2019
2015
2016
2015
2019
2014
2017
2018
2015
2013
2012
2015
2021
2015
2017
2018
2017
2014
2016
2015
2017
2013
2013
2014
2017
2014
2013
2014
2015
2015
2015
2014
2016
2011
2014
2010
2015
2017
2015
2016
2015
2016
2016
2008
2013
2013
2013
2011
2014
2007
2011
2011
2010
2010
2013
2010
2007
2009
2011
2011
2012
2007
2011
2010
2009
2011
2007
2007
2013
2009
2012
2009
2007
2009
2006
2007
2007
2009
2009
2005
2006
2004
2010
2005
2004
2005
2005
2006
2003
2004
2007
2006
2005
2007
2002
2004
2005
2005
2005
2005
2006
2003
2006
2007
2007
2003
2001
2004
2005
2002
2005
2003
2002
2000
2003
2002
2001
2001
2005
2005
2001
2001
2003
2000
2004
2000
2001
2001
2001
2004
2003
2000
2002
2001
2000
2001
2000
2001
2000
1999
2001
2001
2000
2000
1999
2000
2000
1999
2000
2000
1999
2000
2000
2000
2000
2000
2000
2000
1998
2000
2000
2000
1998
1999
2000
1999
2000
2000
1998
1999
1997
1999
1999
2000
1998
2000
1997
1997
1998
1998
1998
1999
1997
1995
1999
1998
1998
1999
1997
1997
1999
2000
1998
1997
1997
1996
1995
1996
1995
2000
1998
1995
1999
1995
1998
1995
1995
1997
1996
1995
1994
1990
1996
1993
1993
1993
1991
1989
1994
1991
1995
1990
1989
1991
1994
1993
1991
1994
1990
1994
1989
1993
1991
1995
1988
1987
1993
1994
1991
1989
1990
1993
1994
1987
1994
1993
1995
1988
1991
1988
1995
1990
1990
1987
1987
1989
1987
1989
1989
1991
1990
1987
1987
1990
1986
1985
1987
1987
1990
1989
1990
1988
1985
1985
1986
1987
1989
1987
1987
1984
1988
1984
1986
1985
1986
1985
1986
1985
1985
1986
1984
1986
1985
1985
1986
1984
1986
1986
1983
1983
1985
1983
1985
1983
1984
1984
1984
1983
1984
1984
1984
1985
1984
1984
1983
1980
1979
1983
1984
1986
1984
1983
1986
1983
1983
1982
1983
1984
1984
1982
1984
1983
1984
1984
1981
1983
1982
1982
1983
1983
1982
1985
1983
1983
1981
1983
1981
1984
1982
1983
1982
1982
1980
1981
1981
1983
1982
1983
1981
1982
1981
1979
1979
1978
1978
1981
1978
1978
1981
1979
1980
1979
1980
1979
1982
1978
1979
1978
1978
1981
1982
1979
1982
1981
1975
1975
1977
1980
1979
1976
1977
1979
1979
1977
1975
1979
1973
1975
1977
1974
1977
1977
1974
1979
1977
1975
1978
1981
1980
1977
1977
1973
1971
1973
1972
1977
1973
1974
1974
1971
1973
1974
1975
1971
1974
1972
1978
1971
1974
1973
1970
1975
1973
1973
1976
1975
1973
1971
1974
1974
1973
1973
1970
1974
1970
1970
1971
1970
1969
1968
1968
1970
1969
1971
1971
1970
1970
1971
1970
1971
1970
1970
1970
1968
1972
1970
1968
1971
1968
1970
1968
1971
1968
1972
1969
1970
1968
1968
1970
1969
1972
1969
1971
1969
1969
1969
1968
1970
1969
1968
1967
1968
1968
1968
1970
1968
1970
1968
1969
1968
1968
1968
1968
1968
1968
1968
1968
1968
1968
1968
1968
1968
1968
1968
1968
1968
1968
1968
1967
1967
1968
1968
1967
1968
1966
1966
1967
1967
1967
1968
1968
1968
1966
1966
1967
1967
1966
1966
1967
1965
1967
1967
1963
1967
1966
1968
1965
1967
1968
1966
1965
1967
1966
1965
1965
1966
1966
1965
1965
1967
1967
1962
1965
1968
1962
1967
1968
1963
1965
1963
1965
1965
1963
1963
1966
1962
1963
1963
1967
1966
1964
1962
1965
1963
1966
1965
1963
1964
1961
1965
1966
1961
1965
1962
1962
1963
1959
1962
1965
1962
1961
1962
1964
1964
1958
1958
1962
1960
1962
1961
1956
1961
1960
1959
1962
1959
1959
1957
1958
1961
1961
1963
1957
1964
1959
1959
1959
1959
1959
1959
1959
1958
1959
1959
1955
1958
1956
1957
1957
1958
1957
1953
1959
1960
1958
1959
1957
1959
1955
1956
1954
1957
1955
1957
1961
1957
1954
1957
1959
1954
1952
1958
1957
1955
1958
1957
1958
1959
1959
1957
1955
1957
1956
1954
1955
1957
1955
1957
1954
1956
1953
1953
1958
1957
1955
1954
1958
1958
1954
1953
1953
1953
1955
1957
1954
1953
1955
1952
1955
1954
1953
1954
1954
1953
1953
1953
1952
1954
1954
1956
1954
1951
1953
1953
1951
1954
1952
1951
1950
1955
1951
1954
1952
1952
1950
1950
1952
1951
1953
1951
1950
1953
1952
1951
1948
1952
1951
1950
1952
1950
1952
1951
1947
1952
1953
1951
1951
1956
1951
1951
1953
1952
1951
1951
1953
1951
1952
1950
1951
1949
1952
1951
1949
1949
1950
1951
1950
1951
1951
1949
1952
1953
1951
1949
1951
1950
1948
1949
1947
1946
1946
1947
1946
1947
1949
1947
1945
1949
1948
1946
1949
1947
1947
1948
1947
1947
1948
1947
1947
1947
1946
1947
1950
1946
1950
1945
1951
1945
1946
1946
1947
1947
1945
1947
1947
1948
1947
1950
1946
1946
1945
1943
1945
1943
1946
1946
1946
1950
1943
1949
1946
1945
1951
1943
1945
1945
1943
1942
1946
1947
1942
1947
1943
1943
1946
1949
1943
1945
1943
1945
1947
1939
1942
1941
1945
1941
1941
1943
1942
1941
1945
1942
1943
1939
1939
1939
1943
1945
1941
1942
1945
1944
1942
1943
1941
1942
1941
1943
1942
1941
1942
1939
1942
1942
1942
1938
1942
1942
1943
1943
1943
1943
1937
1942
1943
1940
1943
1939
1940
1942
1943
1939
1941
1939
1942
1940
1942
1942
1939
1939
1942
1938
1937
1937
1938
1937
1936
1939
1939
1940
1941
1939
1939
1941
1936
1937
1936
1939
1939
1936
1936
1937
1936
1938
1936
1938
1937
1936
1938
1939
1937
1939
1938
1936
1936
1941
1936
1936
1936
1936
1938
1936
1939
1938
1938
1939
1935
1937
1939
1936
1937
1936
1936
1936
1939
1936
1937
1936
1936
1936
1938
1936
1939
1936
1938
1939
1936
1936
1937
1936
1938
1937
1936
1936
1936
1938
1936
1938
1939
1936
1936
1936
1937
1936
1936
1936
1937
1935
1936
1936
1936
1935
1935
1936
1936
1936
1933
1936
1936
1936
1936
1936
1935
1936
1935
1936
1933
1935
1936
1938
1936
1935
1937
1933
1936
1935
1935
1936
1933
1936
1934
1936
1935
1936
1935
1936
1936
1934
1934
1936
1934
1936
1934
1935
1935
1936
1937
1935
1935
1933
1935
1934
1936
1936
1935
1934
1932
1936
1935
1935
1933
1935
1934
1933
1933
1935
1935
1933
1933
1933
1931
1934
1935
1932
1934
1933
1936
1934
1934
1933
1931
1933
1936
1935
1934
1934
1935
1933
1931
1934
1934
1935
1936
1935
1934
1931
1932
1933
1935
1936
1934
1933
1935
1936
1931
1930
1933
1931
1929
1927
1930
1931
1935
1930
1933
1931
1933
1933
1931
1930
1933
1934
1934
1933
1932
1930
1930
1930
1933
1932
1930
1933
1929
1930
1931
1930
1931
1930
1927
1927
1927
1929
1933
1933
1929
1932
1931
1927
1927
1927
1931
1927
1933
1931
1927
1929
1930
1926
1927
1929
1928
1931
1935
1931
1931
1929
1931
1929
1927
1931
1927
1926
1927
1929
1926
1926
1929
1929
1929
1927
1930
1933
1927
1927
1930
1927
1932
1927
1930
1930
1926
1925
1929
1930
1925
1927
1931
1930
1927
1925
1929
1926
1927
1929
1924
1927
1929
1926
1930
1931
1930
1925
1926
1924
1927
1929
1923
1924
1924
1925
1925
1927
1927
1926
1925
1923
1927
1927
1925
1927
1927
1929
1925
1926
1926
1921
1925
1924
1923
1925
1924
1923
1925
1929
1925
1927
1929
1925
1923
1929
1926
1924
1927
1924
1923
1923
1929
1927
1925
1927
1926
1924
1924
1924
1921
1920
1922
1922
1923
1922
1923
1925
1925
1923
1925
1923
1923
1921
1929
1924
1923
1920
1921
1925
1923
1923
1924
1923
1921
1922
1926
1923
1926
1923
1925
1923
1920
1921
1921
1922
1923
1920
1922
1921
1923
1923
1923
1922
1920
1924
1922
1921
1921
1922
1921
1923
1922
1923
1922
1921
1921
1920
1920
1927
1921
2144
2143
2141
2140
2144
2144
2144
2143
2145
2143
2139
2143
2141
2139
2140
2143
2139
2141
2142
2141
2139
2139
2141
2139
2139
2140
2139
2138
2138
2133
2136
2136
2135
2133
2135
2135
2137
2139
2134
2133
2135
2133
2134
2133
2134
2137
2133
2132
2134
2135
2131
2131
2130
2133
2131
2130
2131
2131
2128
2131
2128
2131
2131
2129
2128
2129
2128
2128
2128
2129
2129
2128
2125
2128
2128
2128
2125
2128
2128
2128
2126
2128
2128
2125
2126
2127
2127
2125
2124
2127
2125
2125
2123
2126
2119
2125
2122
2124
2122
2122
2123
2119
2120
2123
2122
2125
2119
2118
2115
2121
2119
2118
2119
2118
2116
2121
2122
2117
2114
2117
2119
2118
2116
2117
2118
2117
2115
2114
2116
2116
2117
2114
2115
2113
2115
2112
2113
2114
2112
2113
2114
2111
2118
2112
2111
2112
2112
2112
2112
2111
2112
2112
2113
2112
2112
2111
2112
2111
2112
2112
2108
2112
2111
2108
2110
2111
2110
2109
2107
2106
2111
2112
2108
2103
2106
2109
2107
2109
2109
2107
2109
2108
2107
2105
2103
2101
2103
2106
2103
2102
2101
2106
2103
2103
2103
2099
2101
2106
2101
2101
2103
2103
2101
2098
2099
2099
2097
2103
2100
2097
2099
2099
2098
2099
2101
2099
2098
2096
2096
2096
2096
2097
2096
2097
2096
2096
2097
2097
2098
2096
2096
2096
2097
2096
2096
2096
2096
2095
2096
2096
2093
2095
2095
2095
2096
2096
2095
2093
2095
2096
2095
2095
2090
2091
2091
2091
2091
2093
2094
2094
2093
2090
2091
2090
2093
2093
2091
2090
2093
2093
2090
2092
2091
2093
2090
2089
2087
2089
2091
2087
2087
2087
2086
2091
2089
2087
2086
2087
2090
2089
2086
2086
2086
2085
2085
2085
2084
2085
2085
2085
2084
2083
2083
2084
2085
2086
2083
2085
2085
2080
2079
2082
2079
2082
2083
2082
2081
2082
2081
2083
2080
2083
2081
2081
2080
2083
2082
2080
2079
2079
2078
2079
2078
2075
2079
2078
2080
2077
2078
2076
2076
2078
2075
2078
2074
2075
2079
2077
2077
2077
2076
2075
2074
2075
2076
2070
2070
2071
2071
2074
2077
2075
2069
2070
2070
2073
2071
2075
2071
2071
2069
2071
2071
2070
2069
2068
2067
2073
2067
2071
2067
2069
2068
2067
2070
2069
2069
2069
2067
2065
2068
2068
2066
2064
2066
2064
2065
2068
2066
2064
2064
2064
2064
2066
2064
2064
2064
2064
2065
2064
2065
2063
2066
2064
2064
2064
2064
2064
2064
2062
2064
2064
2064
2064
2063
2063
2062
2064
2059
2063
2061
2064
2063
2063
2062
2064
2064
2059
2061
2061
2062
2062
2058
2062
2060
2061
2063
2061
2063
2062
2059
2059
2060
2060
2061
2061
2058
2062
2055
2059
2061
2058
2057
2047
2053
2059
2054
2059
2054
2053
2055
2054
2055
2057
2047
2054
2053
2053
2055
2053
2056
2047
2055
2054
2055
2045
2054
2056
2057
2055
2047
2054
2047
2057
2047
2046
2047
2047
2047
2047
2047
2046
2053
2045
2043
2047
2043
2044
2046
2047
2045
2045
2045
2043
2047
2044
2045
2042
2043
2044
2046
2047
2046
2043
2045
2045
2039
2047
2039
2039
2041
2039
2039
2045
2039
2041
2042
2042
2041
2042
2039
2043
2039
2038
2043
2037
2042
2039
2035
2042
2034
2035
2038
2039
2038
2038
2038
2038
2035
2035
2037
2039
2035
2037
2038
2034
2034
2037
2034
2036
2033
2035
2033
2035
2035
2041
2034
2034
2034
2037
2035
2035
2032
2036
2032
2033
2033
2032
2033
2032
2032
2033
2032
2035
2032
2034
2032
2035
2033
2033
2032
2032
2032
2033
2032
2033
2032
2032
2032
2031
2031
2032
2032
2031
2032
2032
2032
2032
2032
2031
2032
2028
2032
2032
2032
2029
2030
2031
2030
2032
2027
2032
2031
2029
2031
2031
2026
2026
2028
2029
2026
2026
2031
2030
2030
2030
2026
2027
2026
2030
2025
2027
2026
2026
2022
2026
2026
2029
2027
2025
2027
2028
2027
2027
2026
2023
2024
2023
2025
2027
2026
2023
2021
2021
2026
2022
2023
2021
2023
2020
2019
2021
2019
2020
2022
2023
2019
2022
2021
2022
2022
2023
2022
2022
2022
2021
2018
2018
2021
2018
2017
2019
2019
2019
2019
2021
2018
2021
2022
2017
2019
2019
2017
2017
2019
2015
2015
2017
2016
2018
2018
2017
2016
2017
2015
2018
2019
2019
2018
2017
2016
2017
2015
2019
2016
2014
2015
2017
2015
2016
2017
2014
2013
2014
2013
2015
2014
2014
2016
2013
2013
2016
2013
2011
2011
2015
2014
2015
2013
2007
2015
2015
2011
2011
2010
2014
2010
2013
2011
2011
2011
2010
2011
2010
2011
2015
2010
2010
2011
2009
2010
2013
2009
2007
2012
2010
2010
2009
2009
2011
2010
2007
2011
2010
2010
2007
2005
2007
2011
2006
2003
2005
2003
2009
2007
2005
2009
2005
2003
2003
2009
2001
2005
2006
2003
2005
2003
2003
2002
2006
2006
2005
2005
2003
2003
2002
2002
2004
2000
2003
2002
2005
2002
2002
2001
2003
2003
2002
2003
2001
2000
2000
2000
2004
2000
2003
2003
2000
2000
2003
2001
2001
2005
2000
2000
2001
2000
2000
2001
2000
2000
2000
2000
2000
2000
2003
2001
2000
2000
2000
2000
2000
2000
2000
1998
1999
2000
2000
1998
1999
2000
2000
2000
1998
1999
2001
1998
1999
1998
1997
1995
1998
2000
1998
1999
1999
1999
1997
1999
1997
1999
1999
1998
1993
1994
1997
1994
1995
1995
1997
1998
1999
1999
1995
1998
1997
1998
2000
1997
1996
1997
1997
1997
1994
1993
2000
1995
1999
1997
1998
1995
1997
1994
1993
1996
1997
1996
1995
1993
1993
1997
1994
1994
1996
1996
1995
1996
1991
1998
1995
1993
1988
1995
1994
1991
1991
1991
1994
1994
1993
1990
1990
1995
1990
1994
1991
1991
1993
1989
1995
1995
1988
1990
1987
1990
1990
1989
1989
1990
1986
1989
1989
1990
1987
1989
1989
1986
1988
1989
1989
1988
1987
1987
1987
1987
1987
1986
1991
1986
1990
1989
1987
1986
1988
1986
1985
1988
1984
1985
1984
1984
1984
1984
1987
1984
1986
1984
1984
1984
1986
1987
1985
1985
1986
1985
1989
1986
1987
1984
1985
1985
1985
1986
1984
1984
1984
1982
1984
1983
1983
1983
1983
1983
1984
1981
1983
1984
1985
1984
1984
1984
1979
1984
1982
1983
1984
1985
1981
1982
1983
1981
1980
1982
1981
1983
1981
1981
1984
1980
1983
1980
1982
1983
1981
1981
1978
1983
1980
1982
1983
1981
1981
1981
1980
1981
1984
1983
1982
1981
1979
1980
1979
1977
1977
1979
1978
1979
1979
1974
1982
1981
1978
1979
1978
1977
1979
1978
1979
1975
1979
1977
1979
1981
1978
1977
1979
1979
1975
1978
1974
1979
1975
1975
1978
1974
1974
1978
1975
1978
1975
1974
1979
1975
1975
1974
1978
1973
1975
1972
1974
1969
1977
1974
1977
1975
1974
1972
1977
1974
1973
1975
1975
1973
1973
1975
1971
1974
1975
1974
1971
1975
1974
1974
1973
1978
1972
1971
1974
1973
1971
1971
1972
1974
1972
1968
1968
1971
1970
1970
1971
1970
1970
1973
1973
1969
1968
1970
1971
1970
1971
1971
1970
1971
1970
1973
1971
1968
1968
1969
1970
1969
1970
1968
1968
1968
1970
1970
1970
1968
1969
1969
1971
1968
1968
1971
1968
1968
1967
1968
1968
1969
1969
1968
1969
1969
1970
1968
1968
1968
1968
1968
1967
1968
1968
1969
1965
1968
1968
1968
1968
1968
1967
1967
1968
1967
1968
1966
1965
1967
1967
1966
1967
1968
1966
1967
1966
1968
1965
1968
1968
1968
1967
1968
1968
1967
1968
1967
1968
1968
1967
1967
1965
1965
1963
1966
1963
1965
1966
1968
1967
1967
1967
1967
1965
1964
1968
1962
1968
1967
1963
1967
1966
1965
1967
1964
1965
1967
1963
1967
1963
1965
1963
1961
1966
1966
1967
1965
1966
1965
1963
1964
1962
1964
1963
1962
1963
1959
1964
1963
1965
1968
1963
1966
1962
1966
1965
1963
1964
1962
1963
1962
1963
1962
1962
1964
1965
1963
1965
1963
1963
1963
1964
1959
1957
1959
1961
1961
1957
1962
1962
1963
1959
1963
1962
1962
1961
1961
1957
1962
1962
1958
1957
1957
1963
1959
1957
1961
1955
1962
1959
1958
1962
1955
1955
1956
1959
1958
1957
1955
1954
1957
1957
1957
1958
1955
1955
1958
1957
1957
1958
1958
1958
1957
1958
1959
1953
1955
1955
1959
1956
1951
1951
1956
1955
1958
1956
1957
1955
1957
1954
1959
1955
1957
1953
1957
1957
1953
1955
1955
1953
1957
1957
1956
1953
1955
1953
1958
1956
1955
1956
1953
1954
1953
1955
1955
1955
1951
1952
1951
1951
1955
1954
1950
1953
1953
1951
1951
1951
1953
1955
1952
1951
1953
1953
1951
1951
1951
1948
1949
1954
1951
1953
1951
1953
1949
1950
1950
1953
1953
1954
1952
1950
1950
1950
1951
1952
1953
1949
1953
1951
1953
1952
1950
1952
1950
1949
1953
1951
1951
1950
1943
1948
1948
1949
1949
1949
1949
1949
1951
1949
1949
1947
1947
1951
1951
1947
1950
1949
1950
1949
1948
1951
1948
1943
1947
1950
1946
1949
1947
1950
1947
1949
1949
1945
1946
1946
1946
1946
1948
1946
1943
1951
1949
1947
1947
1944
1941
1945
1951
1951
1947
1945
1947
1950
1950
1945
1947
1951
1945
1947
1947
1946
1945
1948
1950
1945
1947
1945
1949
1942
1945
1943
1950
1943
1944
1947
1942
1942
1946
1945
1949
1946
1945
1951
1947
1946
1943
1942
1943
1946
1942
1945
1942
1941
1940
1943
1943
1943
1943
1944
1943
1942
1943
1946
1941
1943
1943
1942
1943
1942
1941
1942
1943
1939
1943
1941
1939
1939
1939
1948
1943
1946
1946
1941
1943
1943
1941
1942
1943
1941
1941
1939
1940
1941
1942
1943
1940
1943
1942
1938
1942
1939
1939
1937
1939
1943
1942
1943
1941
1941
1939
1941
1942
1939
1939
1940
1941
1941
1938
1941
1939
1940
1940
1941
1940
1939
1941
1938
1937
1940
1941
1942
1939
1939
1938
1939
1938
1943
1937
1938
1940
1937
1939
1938
1939
1936
1938
1936
1937
1937
1936
1936
1939
1937
1940
1939
1941
1936
1938
1938
1938
1936
1938
1936
1937
1937
1936
1937
1937
1938
1937
1936
1942
1937
1936
1937
1936
1937
1936
1936
1938
1936
1936
1937
1937
1936
1935
1937
1936
1936
1936
1936
1936
1937
1936
1937
1937
1937
1936
1936
1937
1936
1936
1939
1935
1937
1936
1937
1936
1939
1936
1935
1937
1936
1936
1936
1936
1937
1936
1936
1936
1936
1936
1936
1936
1936
1936
1935
1934
1936
1935
1934
1935
1935
1936
1933
1936
1933
1936
1936
1936
1936
1936
1935
1935
1936
1935
1936
1935
1936
1935
1937
1933
1936
1936
1936
1935
1936
1935
1935
1933
1935
1935
1935
1934
1935
1936
1933
1935
1934
1934
1932
1933
1933
1935
1936
1935
1934
1935
1931
1934
1935
1931
1934
1931
1930
1933
1935
1935
1936
1935
1933
1935
1933
1932
1933
1934
1933
1934
1933
1931
1935
1934
1934
1932
1934
1931
1930
1933
1933
1927
1934
1932
1930
1934
1929
1934
1935
1934
1933
1933
1933
1930
1933
1928
1932
1930
1926
1929
1933
1929
1931
1932
1932
1930
1933
1929
1933
1929
1933
1934
1931
1932
1927
1929
1929
1931
1930
1927
1930
1930
1932
1933
1930
1931
1931
1933
1931
1933
1933
1926
1931
1929
1928
1925
1931
1930
1932
1930
1926
1926
1930
1927
1927
1930
1930
1929
1927
1929
1930
1929
1932
1929
1930
1931
1933
1930
1929
1927
1931
1926
1930
1929
1927
1927
1929
1931
1929
1927
1934
1927
1924
1926
1927
1927
1926
1924
1927
1925
1927
1929
1925
1926
1925
1925
1926
1926
1927
1924
1924
1925
1926
1927
1927
1925
1923
1926
1927
1930
1927
1925
1926
1926
1923
1925
1922
1925
1922
1923
1927
1924
1929
1929
1927
1922
1926
1924
1923
1925
1925
1925
1924
1926
1925
1927
1923
1926
1923
1929
1926
1924
1925
1927
1923
1923
1923
1921
1925
1927
1923
2154
2151
2150
2146
2150
2153
2150
2151
2154
2153
2153
2154
2149
2147
2150
2149
2146
2146
2146
2144
2148
2147
2144
2143
2145
2144
2145
2143
2143
2145
2144
2143
2144
2144
2145
2146
2145
2142
2142
2143
2141
2143
2142
2141
2142
2142
2141
2138
2142
2138
2143
2138
2139
2139
2140
2137
2139
2142
2139
2137
2139
2135
2137
2137
2137
2138
2137
2137
2135
2131
2133
2134
2135
2134
2131
2132
2131
2133
2133
2131
2133
2130
2130
2129
2131
2131
2128
2130
2128
2128
2128
2129
2128
2131
2128
2128
2133
2128
2128
2127
2128
2127
2128
2127
2128
2128
2127
2129
2128
2126
2126
2125
2127
2127
2126
2126
2127
2126
2125
2125
2127
2125
2126
2125
2127
2127
2123
2124
2123
2123
2122
2122
2118
2121
2119
2122
2122
2123
2125
2117
2119
2124
2118
2121
2118
2123
2123
2119
2119
2117
2116
2121
2115
2121
2114
2116
2118
2115
2115
2121
2114
2115
2113
2114
2113
2115
2112
2113
2115
2117
2112
2112
2115
2114
2113
2112
2113
2111
2112
2113
2111
2111
2112
2112
2112
2112
2112
2113
2111
2112
2112
2110
2112
2112
2110
2111
2109
2109
2110
2110
2109
2110
2109
2111
2107
2106
2108
2111
2111
2107
2107
2106
2110
2103
2104
2105
2107
2103
2101
2101
2106
2103
2106
2106
2105
2107
2102
2103
2105
2101
2101
2103
2103
2106
2098
2102
2101
2103
2103
2098
2099
2098
2098
2101
2097
2098
2099
2096
2097
2100
2099
2096
2097
2097
2097
2097
2097
2097
2097
2096
2097
2096
2098
2096
2098
2096
2096
2096
2096
2095
2096
2096
2096
2096
2095
2096
2096
2096
2096
2096
2096
2096
2095
2094
2092
2095
2091
2093
2094
2092
2092
2095
2092
2091
2091
2093
2092
2090
2092
2093
2089
2094
2091
2093
2093
2090
2092
2092
2091
2091
2093
2092
2090
2092
2091
2085
2087
2090
2089
2085
2087
2083
2086
2090
2085
2087
2084
2086
2086
2084
2089
2083
2084
2083
2090
2081
2081
2081
2083
2086
2082
2087
2081
2083
2081
2082
2081
2082
2082
2081
2081
2080
2083
2085
2078
2081
2080
2077
2082
2084
2081
2079
2082
2080
2079
2081
2077
2079
2078
2079
2078
2075
2077
2077
2078
2078
2078
2076
2074
2075
2076
2077
2072
2075
2074
2076
2077
2076
2074
2071
2076
2077
2071
2075
2074
2076
2073
2070
2071
2070
2071
2070
2071
2071
2074
2070
2074
2069
2070
2070
2070
2069
2069
2068
2069
2071
2067
2067
2069
2064
2067
2071
2069
2067
2069
2070
2069
2068
2067
2069
2064
2067
2067
2067
2067
2066
2067
2069
2067
2066
2065
2064
2067
2065
2064
2064
2065
2064
2064
2063
2064
2064
2064
2065
2064
2062
2065
2064
2063
2064
2064
2064
2064
2064
2064
2063
2063
2064
2064
2064
2062
2063
2063
2063
2061
2064
2060
2064
2062
2059
2061
2062
2058
2062
2059
2059
2061
2062
2062
2060
2060
2059
2060
2058
2063
2061
2058
2058
2056
2062
2062
2057
2058
2057
2057
2057
2058
2053
2055
2059
2058
2058
2054
2057
2057
2057
2058
2057
2056
2054
2057
2053
2058
2057
2054
2047
2047
2055
2047
2054
2046
2053
2047
2054
2047
2047
2047
2047
2055
2047
2047
2047
2046
2047
2047
2047
2043
2053
2043
2045
2046
2045
2045
2046
2045
2043
2045
2041
2045
2045
2045
2045
2046
2046
2043
2043
2044
2043
2043
2043
2044
2045
2043
2042
2038
2043
2039
2039
2039
2041
2041
2045
2041
2042
2045
2042
2037
2037
2036
2039
2038
2041
2038
2037
2038
2038
2042
2042
2038
2039
2042
2035
2037
2034
2035
2034
2038
2036
2035
2033
2038
2034
2034
2037
2037
2035
2034
2037
2033
2035
2037
2035
2034
2034
2038
2033
2033
2032
2033
2036
2032
2034
2032
2035
2032
2032
2032
2032
2034
2032
2031
2030
2032
2032
2032
2031
2032
2032
2032
2032
2032
2031
2032
2032
2032
2032
2032
2032
2032
2032
2032
2031
2031
2032
2029
2031
2031
2031
2029
2028
2030
2029
2030
2029
2030
2029
2029
2031
2029
2031
2030
2029
2028
2030
2028
2031
2029
2029
2029
2027
2027
2027
2026
2031
2027
2026
2030
2027
2026
2027
2026
2027
2027
2027
2026
2023
2026
2026
2025
2023
2028
2028
2027
2023
2027
2022
2025
2026
2023
2023
2020
2022
2022
2022
2021
2023
2023
2021
2022
2023
2022
2025
2021
2019
2019
2019
2022
2023
2025
2025
2021
2022
2019
2019
2021
2019
2020
2019
2018
2021
2019
2021
2018
2017
2019
2021
2018
2020
2018
2017
2016
2018
2017
2016
2017
2018
2018
2017
2018
2018
2015
2017
2016
2017
2017
2015
2017
2015
2016
2017
2016
2017
2013
2014
2014
2015
2016
2018
2015
2017
2014
2018
2015
2014
2015
2017
2013
2015
2015
2013
2013
2015
2015
2011
2011
2013
2011
2015
2011
2011
2011
2016
2013
2011
2013
2009
2009
2013
2005
2010
2012
2010
2010
2010
2007
2011
2006
2006
2010
2012
2007
2006
2007
2007
2010
2007
2007
2006
2009
2007
2003
2005
2007
2007
2009
2010
2005
2006
2009
2009
2005
2006
2003
2007
2007
2007
2005
2007
2009
2002
2002
2006
2001
2003
2006
2004
2006
2003
2006
2003
2006
2002
2003
2004
2005
2001
2002
2001
2002
2000
2002
2003
2002
2001
2002
2003
2003
2001
2002
2003
2001
2000
2000
2002
2000
2000
2001
2000
2000
2000
2000
2000
2000
2000
2003
2000
2000
2000
2001
1999
2000
2000
2000
2000
2000
2000
2000
2000
2000
2000
1999
2000
2000
2000
1998
2000
2000
2001
2001
2000
2000
2000
1999
1999
1998
1997
2000
1999
2000
2000
1998
1997
1999
1998
2000
2000
1997
1997
1995
2000
1999
2000
1995
1999
1995
2000
1999
1998
1995
1998
1997
1997
1997
1997
1998
1995
1997
1997
1995
1999
1996
1998
1996
2000
1997
1994
1996
1993
1996
1995
1999
1994
1994
1994
1995
1995
1997
1994
1997
1994
1994
1991
1993
1994
1993
1993
1994
1995
1993
1997
1997
1991
1991
1993
1989
1991
1993
1989
1991
1994
1994
1990
1994
1991
1991
1988
1991
1991
1989
1991
1990
1989
1989
1990
1987
1989
1990
1988
1987
1990
1989
1989
1985
1989
1993
1989
1986
1990
1989
1986
1989
1989
1984
1987
1985
1988
1989
1987
1987
1987
1987
1987
1989
1986
1986
1986
1987
1990
1985
1987
1985
1985
1983
1987
1983
1985
1985
1987
1984
1985
1988
1984
1985
1984
1984
1987
1984
1985
1987
1984
1985
1984
1984
1984
1986
1984
1984
1986
1985
1984
1984
1984
1983
1984
1983
1983
1979
1983
1983
1983
1984
1981
1984
1982
1983
1984
1984
1982
1983
1983
1981
1983
1982
1984
1982
1983
1982
1983
1981
1983
1983
1983
1984
1982
1983
1981
1982
1984
1980
1978
1979
1983
1982
1983
1977
1981
1979
1981
1982
1981
1980
1982
1981
1974
1983
1979
1974
1979
1979
1978
1978
1979
1978
1977
1979
1981
1978
1980
1978
1978
1977
1977
1975
1978
1978
1977
1982
1975
1979
1978
1978
1978
1978
1981
1975
1975
1978
1973
1976
1977
1979
1975
1977
1975
1978
1975
1973
1975
1973
1977
1977
1979
1979
1978
1974
1973
1973
1974
1973
1973
1973
1971
1974
1973
1973
1978
1971
1975
1974
1971
1973
1974
1969
1971
1971
1974
1973
1973
1973
1971
1973
1971
1973
1972
1973
1971
1972
1971
1970
1973
1969
1969
1972
1974
1970
1971
1969
1968
1971
1971
1973
1968
1971
1968
1971
1968
1968
1969
1971
1968
1971
1970
1971
1968
1968
1968
1968
1971
1968
1968
1968
1968
1968
1970
1969
1970
1968
1968
1968
1968
1969
1970
1968
1967
1969
1968
1968
1968
1973
1968
1969
1968
1968
1968
1968
1968
1969
1968
1968
1971
1968
1968
1968
1969
1968
1968
1968
1970
1968
1969
1968
1968
1968
1967
1968
1968
1967
1966
1968
1969
1967
1968
1967
1967
1968
1966
1965
1968
1968
1965
1965
1965
1966
1968
1963
1966
1967
1966
1964
1965
1966
1968
1966
1966
1963
1968
1965
1967
1959
1966
1965
1964
1965
1966
1963
1967
1965
1967
1965
1959
1967
1966
1963
1963
1964
1963
1967
1965
1967
1962
1965
1959
1963
1966
1967
1963
1965
1959
1961
1963
1966
1963
1963
1961
1965
1962
1964
1961
1962
1963
1959
1963
1965
1961
1963
1963
1962
1963
1961
1961
1962
1962
1958
1964
1961
1958
1959
1965
1963
1957
1958
1958
1960
1961
1959
1959
1958
1958
1958
1959
1959
1959
1958
1959
1958
1962
1963
1959
1959
1957
1962
1959
1955
1958
1958
1958
1961
1954
1959
1954
1956
1958
1959
1955
1957
1958
1961
1957
1958
1959
1958
1957
1957
1958
1956
1957
1959
1953
1956
1957
1957
1959
1957
1956
1957
1954
1954
1957
1955
1956
1954
1956
1956
1958
1954
1954
1956
1959
1953
1953
1954
1957
1954
1954
1955
1955
1954
1952
1957
1955
1955
1953
1954
1957
1954
1954
1953
1955
1952
1955
1955
1952
1951
1957
1954
1954
1953
1953
1952
1951
1953
1951
1953
1952
1957
1951
1954
1955
1954
1951
1954
1951
1952
1952
1952
1951
1954
1952
1950
1951
1951
1953
1953
1952
1950
1951
1952
1951
1952
1950
1953
1955
1950
1953
1953
1951
1949
1949
1953
1951
1950
1949
1951
1950
1946
1952
1949
1950
1949
1954
1949
1950
1950
1950
1950
1952
1949
1951
1950
1951
1950
1951
1950
1951
1949
1950
1949
1951
1951
1948
1950
1953
1949
1951
1947
1948
1949
1946
1949
1947
1942
1947
1945
1947
1950
1945
1947
1949
1946
1945
1945
1946
1947
1949
1949
1942
1950
1949
1950
1946
1946
1949
1947
1948
1946
1949
1943
1946
1949
1945
1947
1946
1947
1946
1952
1943
1945
1945
1942
1947
1943
1946
1947
1947
1946
1942
1947
1945
1946
1945
1943
1941
1946
1945
1945
1942
1942
1943
1943
1942
1943
1941
1947
1947
1942
1943
1942
1947
1939
1946
1941
1945
1943
1943
1943
1943
1945
1942
1947
1941
1939
1942
1943
1943
1947
1943
1943
1947
1943
1941
1943
1941
1938
1946
1942
1942
1940
1940
1942
1941
1939
1946
1943
1941
1943
1943
1939
1939
1943
1942
1941
1941
1941
1943
1939
1941
1941
1943
1943
1939
1942
1943
1941
1943
1940
1940
1941
1938
1939
1941
1939
1940
1939
1941
1938
1942
1939
1936
1936
1938
1939
1941
1939
1937
1939
1939
1936
1938
1938
1938
1937
1937
1941
1936
1937
1941
1939
1939
1942
1938
1936
1938
1939
1938
1939
1939
1938
1938
1941
1936
1938
1936
1941
1937
1936
1937
1939
1936
1939
1937
1941
1937
1937
1937
1936
1936
1937
1937
1939
1936
1937
1936
1937
1936
1938
1937
1936
1936
1936
1935
1936
1936
1936
1935
1937
1937
1936
1935
1937
1938
1936
1936
1936
1936
1936
1940
1936
1936
1936
1938
1935
1936
1935
1937
1936
1936
1936
1935
1935
1937
1937
1936
1936
1936
1936
1937
1936
1936
1936
1936
1936
1936
1936
1936
1934
1936
1936
1935
1935
1936
1936
1936
1936
1936
1936
1935
1935
1934
1934
1936
1934
1936
1936
1936
1936
1936
1933
1934
1936
1934
1936
1936
1934
1936
1936
1934
1934
1935
1936
1936
1928
1936
1935
1936
1934
1936
1935
1936
1934
1936
1934
1936
1936
1933
1936
1935
1933
1933
1935
1933
1933
1936
1936
1930
1933
1931
1933
1934
1934
1934
1935
1933
1933
1934
1935
1936
1931
1936
1932
1933
1933
1935
1936
1931
1932
1933
1935
1932
1929
1933
1931
1931
1935
1933
1933
1933
1933
1932
1935
1935
1931
1933
1931
1935
1931
1934
1930
1927
1931
1932
1933
1934
1933
1931
1931
1927
1929
1930
1933
1931
1933
1929
1927
1931
1929
1933
1931
1934
1930
1927
1931
1931
1929
1930
1932
1930
1930
1930
1931
1931
1930
1929
1927
1929
1930
1927
1927
1927
1933
1929
1933
1930
1932
1930
1931
1931
1928
1931
1926
1930
1926
1930
1931
1929
1927
1929
1929
1931
1927
1930
1932
1925
1928
1927
1929
1930
1935
1927
1934
1928
2150
2155
2151
2149
2151
2150
2147
2147
2146
2147
2147
2151
2147
2147
2148
2147
2147
2143
2147
2146
2144
2147
2145
2149
2145
2144
2143
2144
2143
2144
2144
2138
2142
2143
2141
2141
2142
2139
2141
2140
2142
2139
2138
2139
2137
2139
2139
2142
2138
2138
2138
2140
2139
2138
2138
2135
2143
2138
2135
2138
2135
2139
2137
2135
2135
2137
2132
2132
2135
2135
2133
2131
2134
2131
2134
2129
2130
2129
2131
2129
2131
2133
2128
2130
2130
2131
2128
2129
2128
2128
2127
2128
2128
2128
2128
2129
2128
2129
2128
2128
2125
2128
2128
2128
2128
2126
2125
2128
2126
2127
2125
2127
2126
2128
2125
2126
2125
2123
2125
2125
2124
2127
2127
2125
2125
2125
2125
2122
2123
2124
2121
2124
2123
2122
2121
2123
2118
2118
2117
2119
2117
2118
2116
2124
2120
2118
2119
2115
2118
2119
2119
2117
2117
2118
2115
2119
2116
2116
2118
2118
2115
2113
2112
2113
2116
2117
2113
2114
2115
2114
2113
2114
2115
2114
2112
2112
2111
2112
2114
2112
2111
2111
2112
2112
2111
2112
2112
2111
2112
2111
2114
2111
2113
2110
2108
2112
2109
2110
2111
2106
2108
2110
2104
2108
2106
2107
2108
2105
2106
2107
2109
2109
2110
2102
2102
2103
2103
2108
2107
2110
2102
2103
2102
2105
2107
2099
2103
2105
2102
2103
2101
2101
2099
2100
2101
2101
2098
2100
2103
2098
2099
2099
2099
2103
2099
2096
2099
2098
2098
2099
2101
2099
2098
2098
2099
2096
2097
2096
2096
2096
2100
2096
2096
2096
2096
2096
2097
2095
2098
2096
2096
2095
2096
2096
2095
2096
2093
2094
2096
2096
2094
2093
2095
2096
2093
2095
2093
2096
2094
2093
2089
2093
2092
2093
2095
2089
2090
2093
2093
2090
2092
2089
2091
2091
2089
2091
2089
2086
2090
2087
2093
2090
2085
2086
2087
2085
2086
2087
2089
2087
2086
2083
2086
2086
2087
2085
2083
2083
2087
2086
2085
2085
2085
2086
2084
2082
2086
2083
2083
2083
2082
2079
2087
2080
2083
2083
2085
2078
2085
2080
2082
2079
2078
2079
2080
2078
2081
2080
2078
2078
2078
2079
2080
2081
2079
2078
2081
2078
2079
2079
2080
2078
2077
2079
2077
2077
2078
2076
2077
2075
2073
2078
2075
2075
2071
2075
2076
2073
2073
2077
2077
2075
2073
2078
2074
2075
2076
2073
2071
2071
2071
2076
2071
2069
2070
2071
2070
2074
2071
2070
2071
2070
2070
2069
2073
2070
2066
2067
2067
2070
2069
2065
2070
2069
2071
2066
2066
2070
2072
2066
2065
2064
2064
2069
2065
2067
2064
2066
2067
2065
2066
2064
2065
2064
2064
2064
2064
2064
2063
2065
2064
2064
2064
2064
2064
2064
2063
2064
2064
2064
2064
2063
2064
2064
2063
2063
2061
2064
2064
2061
2063
2063
2064
2061
2061
2062
2062
2059
2063
2062
2058
2061
2059
2062
2058
2058
2062
2059
2057
2057
2060
2061
2059
2056
2058
2058
2059
2059
2058
2058
2054
2053
2057
2054
2058
2062
2059
2054
2061
2058
2055
2057
2057
2056
2054
2054
2054
2054
2046
2057
2058
2055
2054
2054
2057
2047
2057
2047
2046
2046
2055
2047
2047
2046
2053
2047
2054
2044
2043
2053
2047
2054
2046
2046
2047
2046
2055
2047
2046
2044
2046
2043
2047
2046
2043
2044
2047
2045
2044
2042
2046
2043
2043
2044
2045
2042
2043
2043
2043
2043
2038
2041
2045
2045
2042
2039
2043
2043
2042
2039
2045
2043
2039
2043
2039
2041
2039
2042
2039
2041
2038
2036
2038
2041
2038
2039
2038
2037
2035
2037
2041
2037
2037
2034
2037
2037
2038
2036
2039
2038
2038
2035
2036
2037
2034
2032
2034
2033
2033
2035
2032
2034
2035
2032
2034
2035
2034
2032
2035
2034
2032
2032
2032
2032
2034
2032
2032
2032
2034
2033
2032
2033
2032
2032
2032
2032
2033
2032
2033
2032
2032
2032
2030
2032
2030
2030
2032
2032
2031
2031
2031
2032
2031
2031
2032
2031
2031
2030
2031
2031
2030
2031
2030
2030
2032
2030
2026
2027
2027
2027
2029
2030
2031
2027
2030
2030
2030
2032
2029
2023
2023
2029
2029
2029
2025
2022
2027
2027
2027
2027
2029
2023
2026
2023
2025
2023
2022
2025
2021
2026
2023
2023
2025
2026
2023
2022
2025
2026
2023
2027
2023
2023
2021
2026
2022
2022
2019
2021
2023
2025
2021
2025
2027
2023
2017
2021
2025
2022
2018
2023
2022
2020
2020
2024
2018
2022
2017
2017
2026
2021
2017
2019
2021
2019
2018
2018
2014
2017
2016
2016
2020
2021
2018
2017
2017
2018
2019
2018
2017
2019
2016
2019
2015
2018
2016
2017
2016
2015
2017
2017
2019
2017
2014
2015
2015
2017
2018
2016
2017
2017
2014
2013
2015
2013
2013
2011
2014
2017
2015
2013
2015
2012
2013
2017
2015
2013
2013
2013
2013
2011
2014
2013
2012
2010
2005
2013
2011
2014
2010
2011
2012
2011
2013
2011
2013
2011
2011
2005
2009
2010
2007
2009
2007
2010
2009
2007
2009
2007
2011
2011
2007
2008
2007
2009
2003
2011
2005
2009
2006
2006
2006
2007
2005
2006
2006
2005
2007
2003
2008
2005
2003
2005
2006
2004
2005
2005
2007
2007
2007
2006
2004
2006
2006
2005
2002
2003
2007
2006
2003
2004
2007
2005
2003
2003
2005
2005
2006
2005
2003
2003
2007
2002
2002
2007
2003
2003
2002
2001
2000
2000
2001
2002
2002
2003
2002
2001
2002
2002
2000
2000
2001
2002
2000
2001
2000
2001
2001
2001
2001
2002
2000
2002
2000
2000
2000
2002
2000
2000
2000
1999
2001
2000
2000
2000
1999
1999
2000
1997
1998
2000
2000
2000
1996
1997
1999
2000
2000
2000
1999
1997
2000
2000
2000
1999
1998
1998
2000
1999
1999
1998
2000
1999
1994
1996
1996
2000
1998
1997
1995
1998
1999
1997
1997
1995
1996
1999
1994
1995
1996
1995
1998
1995
1993
1995
1995
1997
1995
1994
1994
1994
1995
1994
1992
1990
1995
1994
1991
1995
1994
1995
1997
1990
1991
1994
1998
1995
1995
1993
1991
1993
1994
1991
1991
1991
1993
1990
1990
1991
1991
1994
1990
1990
1990
1991
1991
1994
1993
1989
1989
1989
1990
1991
1991
1990
1989
1991
1989
1990
1990
1987
1988
1990
1990
1989
1990
1989
1991
1986
1990
1988
1991
1989
1986
1987
1988
1989
1984
1987
1984
1991
1984
1987
1987
1986
1986
1991
1987
1986
1984
1986
1984
1984
1985
1985
1985
1984
1986
1985
1984
1985
1985
1986
1984
1987
1987
1986
1985
1984
1984
1987
1984
1984
1984
1984
1984
1985
1985
1987
1984
1984
1985
1984
1985
1983
1984
1984
1984
1984
1983
1984
1984
1984
1985
1984
1984
1982
1984
1982
1982
1985
1982
1981
1982
1982
1983
1981
1981
1980
1983
1981
1984
1982
1983
1981
1982
1982
1981
1983
1981
1983
1982
1981
1978
1981
1981
1983
1979
1980
1981
1981
1981
1980
1983
1983
1978
1979
1975
1979
1980
1978
1980
1979
1975
1978
1978
1978
1982
1978
1979
1979
1975
1978
1979
1978
1977
1979
1978
1978
1978
1979
1975
1983
1973
1978
1973
1979
1975
1974
1974
1975
1976
1974
1977
1979
1975
1973
1977
1973
1975
1977
1974
1975
1972
1975
1975
1975
1974
1974
1977
1975
1973
1972
1974
1971
1974
1973
1978
1976
1975
1974
1975
1972
1973
1971
1973
1971
1974
1973
1974
1974
1971
1968
1973
1969
1971
1971
1971
1970
1971
1973
1971
1970
1973
1973
1972
1970
1971
1969
1969
1969
1971
1973
1970
1973
1970
1970
1970
1972
1971
1973
1970
1972
1971
1973
1968
1969
1971
1969
1969
1971
1969
1968
1970
1970
1968
1970
1969
1970
1969
1968
1968
1968
1968
1968
1969
1969
1968
1968
1968
1968
1968
1968
1968
1968
1968
1968
1968
1968
1967
1967
1968
1968
1968
1968
1968
1969
1969
1967
1968
1968
1968
1968
1967
1968
1968
1968
1967
1968
1968
1968
1967
1967
1968
1968
1968
1967
1967
1967
1968
1968
1968
1968
1968
1968
1968
1965
1967
1967
1965
1968
1966
1968
1963
1968
1966
1966
1966
1965
1964
1967
1966
1965
1965
1966
1965
1966
1965
1964
1966
1965
1964
1961
1966
1963
1966
1965
1967
1962
1968
1965
1966
1963
1968
1965
1966
1963
1964
1966
1966
1962
1962
1967
1963
1962
1965
1966
1963
1968
1961
1967
1963
1966
1967
1965
1958
1963
1959
1959
1957
1962
1962
1962
1965
1962
1963
1961
1962
1959
1960
1958
1963
1959
1963
1961
1962
1959
1963
1963
1959
1962
1965
1961
1962
1961
1957
1959
1958
1957
1958
1958
1962
1962
1965
1957
1958
1957
1958
1959
1962
1961
1962
1959
1957
1958
1961
1961
1959
1959
1959
1955
1957
1961
1955
1959
1962
1956
1957
1959
1957
1961
1957
1959
1955
1955
1961
1959
1955
1957
1955
1961
1959
1960
1955
1954
1958
1957
1957
1954
1955
1954
1957
1955
1955
1952
1955
1954
1957
1954
1957
1953
1955
1957
1951
1952
1955
1953
1953
1954
1952
1953
1954
1951
1955
1954
1953
1954
1952
1956
1953
1954
1951
1954
1953
1955
1954
1953
1952
1955
1951
1955
1952
1953
1955
1953
1952
1952
1952
1953
1954
1952
1954
1951
1952
1955
1954
1952
1951
1949
1951
1951
1951
1953
1949
1955
1953
1954
1953
1954
1953
1951
1953
1953
1952
1951
1951
1954
1951
1950
1951
1950
1949
1951
1951
1951
1950
1953
1951
1953
1947
1951
1949
1952
1951
1949
1951
1949
1949
1952
1949
1949
1950
1949
1949
1951
1949
1946
1951
1949
1947
1950
1951
1947
1951
1949
1946
1949
1949
1946
1947
1947
1947
1946
1945
1946
1945
1951
1947
1947
1949
1949
1946
1944
1945
1950
1949
1946
1949
1946
1950
1947
1945
1946
1947
1947
1948
1949
1946
1947
1945
1950
1948
1946
1943
1945
1943
1945
1945
1946
1949
1947
1946
1945
1941
1945
1949
1945
1945
1943
1946
1946
1946
1946
1945
1942
1946
1941
1948
1945
1945
1940
1946
1946
1941
1943
1946
1941
1941
1945
1943
1945
1942
1939
1942
1941
1943
1945
1943
1943
1947
1943
1942
1943
1947
1945
1942
1938
1943
1938
1943
1947
1941
1942
1943
1942
1939
1943
1940
1943
1938
1939
1943
1941
1939
1938
1940
1940
1941
1941
1942
1943
1941
1942
1939
1938
1945
1943
1940
1940
1942
1941
1940
1943
1939
1941
1938
1939
1936
1938
1937
1939
1939
1941
1937
1939
1941
1938
1941
1937
1939
1941
1941
1939
1937
1939
1937
1937
1939
1939
1936
1939
1942
1939
1938
1939
1939
1937
1939
1939
1942
1937
1939
1942
1936
1938
1936
1941
1937
1938
1936
1938
1938
1937
1939
1938
1937
1936
1937
1943
1939
1939
1936
1939
1937
1938
1937
1936
1935
1939
1937
1936
1936
1936
1936
1937
1938
1936
1938
1937
1936
1939
1936
1936
1937
1936
1935
1936
1936
1937
1936
1938
1937
1936
1936
1936
1937
1937
1936
1936
1936
1936
1935
1935
1936
1935
1935
1936
1935
1936
1936
1936
1937
1936
1936
1935
1936
1936
1936
1937
1933
1936
1935
1935
1935
1935
1936
1936
1936
1936
1936
1936
1935
1934
1934
1937
1935
1936
1935
1936
1934
1936
1934
1936
1935
1934
1933
1935
1933
1935
1936
1936
1936
1936
1936
1936
1936
1933
1935
1935
1936
1933
1936
1936
1936
1936
1935
1935
1936
1935
1936
1936
1934
1934
1936
1934
1935
1935
1934
1936
1936
1933
1936
1934
1935
1935
1935
1936
1935
1935
1935
1935
1930
1934
1932
1932
1931
1933
1936
1933
1932
1931
1930
1933
1930
1936
1934
1935
1935
1934
1934
1933
1935
1936
1933
1935
1934
1934
1934
1933
1934
1935
1931
1930
1932
1935
1931
1933
1931
1931
1931
1931
1933
1927
1930
1929
1934
1929
1930
1929
1931
1929
1930
1932
1932
1927
1927
1934
1928
1929
1926
1933
1930
1934
1927
1934
1930
1933
1931
1931
1927
1929
1931
1929
1931
1929
1929
1933
1931
1927
1931
1931
1930
1929
1933
1932
1930
1931
1926
1927
1929
1925
2149
2154
2146
2145
2148
2144
2146
2147
2145
2145
2146
2146
2143
2142
2144
2143
2142
2142
2141
2144
2145
2143
2143
2142
2141
2139
2140
2142
2143
2138
2137
2141
2140
2140
2138
2139
2141
2138
2139
2134
2135
2135
2134
2135
2137
2135
2131
2135
2134
2138
2133
2137
2132
2131
2133
2129
2131
2131
2135
2132
2131
2133
2128
2129
2131
2131
2133
2129
2134
2130
2129
2129
2128
2129
2129
2128
2129
2128
2128
2128
2128
2128
2129
2129
2128
2128
2127
2127
2128
2127
2126
2125
2126
2126
2128
2128
2126
2126
2128
2128
2126
2124
2126
2128
2123
2125
2126
2125
2121
2125
2121
2125
2123
2119
2119
2122
2117
2123
2119
2123
2119
2121
2117
2121
2116
2117
2119
2117
2116
2121
2121
2117
2117
2121
2120
2119
2114
2116
2115
2118
2118
2112
2115
2115
2119
2113
2116
2115
2112
2112
2115
2112
2111
2112
2113
2113
2111
2112
2112
2112
2112
2113
2113
2112
2112
2109
2112
2110
2112
2112
2111
2112
2109
2110
2111
2110
2112
2112
2107
2107
2110
2109
2110
2109
2110
2111
2109
2109
2106
2105
2106
2107
2110
2107
2107
2107
2109
2107
2106
2103
2103
2103
2105
2107
2105
2105
2105
2105
2109
2102
2102
2102
2106
2101
2101
2100
2103
2099
2106
2098
2099
2099
2099
2097
2099
2096
2099
2097
2096
2099
2099
2098
2101
2097
2097
2097
2099
2098
2097
2097
2098
2098
2096
2096
2096
2097
2096
2097
2096
2096
2096
2095
2096
2096
2096
2097
2095
2096
2096
2096
2096
2096
2095
2096
2096
2096
2096
2095
2092
2096
2093
2094
2094
2093
2093
2095
2096
2095
2093
2090
2090
2091
2096
2094
2092
2087
2092
2093
2091
2090
# end
