# sketch,characterise_v2loop
# mode_number,2
# mode_name,2_freerun_ts_before
# label,C_b1
# ---- CHECK THE THREE LINES ABOVE BEFORE YOU KEEP THIS CAPTURE ----
# waiting 600 s for thermal settle - press any key to skip
# warm 0 s
# ----------------------------------------------------------
# n,16384
# fs_hz_window,1852.9969
# span_s,8.841353
# dt_mean_us,539.6332
# dt_sd_us,1.0244
# dt_min_us,539
# dt_max_us,545
# fs_hz_from_mean,1853.1105
# mean_code,1872.1348
# sd_code,0.9118
# min_code,1863
# max_code,1878
# mean_volts,1.508680
# sd_millivolts,0.7348
# adc,12bit_default_11dB_attenuation
# conv,linear_3.3_over_4095
# ----------------------------------------------------------
t_us,code
1,1873
542,1872
1081,1872
1621,1873
2161,1874
2700,1872
3240,1875
3779,1872
4318,1873
4857,1873
5401,1872
5940,1872
6479,1872
7018,1874
7557,1873
8096,1878
8636,1872
9176,1873
9716,1872
10256,1873
10795,1872
11334,1875
11874,1872
12414,1872
12953,1872
13492,1872
14032,1872
14571,1874
15112,1873
15651,1873
16191,1872
16731,1875
17270,1872
17809,1872
18348,1872
18888,1874
19427,1872
19966,1875
20506,1872
21046,1872
21585,1873
22125,1872
22664,1872
23205,1875
23744,1872
24284,1872
24823,1873
25367,1872
25908,1873
26447,1874
26987,1874
27526,1872
28066,1873
28605,1872
29145,1872
29684,1872
30226,1872
30766,1872
31306,1872
31845,1870
32388,1872
32928,1872
33467,1873
34006,1875
34545,1871
35086,1872
35625,1872
36165,1872
36704,1872
37245,1872
37785,1872
38324,1872
38866,1872
39406,1872
39946,1872
40485,1872
41024,1871
41563,1871
42103,1872
42642,1872
43181,1872
43721,1872
44260,1874
44799,1872
45338,1872
45877,1872
46416,1874
46955,1874
47495,1872
48034,1873
48573,1872
49113,1871
49653,1872
50193,1872
50732,1874
51272,1873
51812,1872
52351,1873
52890,1872
53429,1872
53970,1872
54509,1872
55049,1872
55588,1872
56128,1872
56667,1872
57206,1872
57746,1872
58285,1872
58824,1872
59368,1872
59909,1872
60448,1873
60987,1872
61527,1871
62067,1872
62606,1872
63146,1874
63685,1872
64226,1872
64766,1873
65305,1872
65844,1873
66387,1873
66926,1872
67465,1872
68005,1873
68545,1877
69084,1872
69623,1873
70162,1872
70702,1873
71243,1872
71782,1872
72322,1872
72865,1872
73405,1872
73944,1873
74483,1871
75022,1871
75562,1872
76101,1872
76641,1873
77180,1873
77720,1872
78259,1872
78798,1872
79338,1874
79877,1872
80416,1872
80955,1872
81495,1872
82034,1873
82574,1872
83114,1871
83653,1872
84192,1872
84732,1873
85271,1872
85810,1872
86349,1872
86890,1871
87429,1873
87969,1872
88508,1875
89048,1872
89587,1872
90126,1874
90665,1873
91204,1872
91743,1872
92283,1872
92822,1873
93365,1875
93905,1870
94444,1871
94983,1872
95522,1872
96063,1872
96602,1872
97142,1873
97681,1871
98224,1874
98763,1872
99303,1872
99842,1875
100385,1873
100924,1873
101463,1872
102002,1872
102541,1872
103080,1875
103620,1874
104159,1873
104699,1872
105239,1872
105778,1870
106318,1872
106857,1873
107401,1871
107941,1871
108480,1872
109019,1872
109558,1872
110098,1872
110637,1873
111176,1870
111717,1873
112256,1872
112796,1874
113336,1872
113875,1872
114414,1872
114954,1872
115494,1872
116033,1872
116573,1873
117112,1870
117651,1872
118191,1871
118730,1872
119270,1872
119810,1875
120349,1872
120889,1872
121428,1872
121968,1872
122507,1875
123047,1871
123586,1872
124125,1873
124665,1872
125205,1872
125745,1872
126284,1872
126823,1871
127368,1872
127908,1875
128447,1872
128986,1875
129526,1872
130066,1873
130605,1872
131144,1872
131684,1872
132225,1872
132764,1872
133303,1873
133842,1872
134385,1872
134925,1872
135464,1873
136003,1872
136542,1873
137081,1872
137621,1872
138161,1872
138700,1872
139241,1872
139780,1873
140319,1872
140858,1872
141403,1873
141943,1878
142482,1873
143022,1872
143561,1872
144100,1872
144639,1872
145179,1875
145720,1873
146259,1872
146799,1873
147339,1872
147879,1873
148418,1873
148957,1874
149496,1874
150037,1872
150576,1872
151115,1873
151655,1872
152194,1878
152733,1872
153273,1875
153812,1872
154352,1872
154891,1872
155431,1873
155971,1873
156510,1873
157050,1872
157589,1874
158128,1872
158668,1872
159207,1872
159747,1874
160286,1872
160825,1872
161368,1873
161908,1877
162447,1873
162986,1872
163526,1873
164065,1872
164604,1875
165143,1872
165683,1872
166226,1872
166766,1872
167305,1872
167844,1872
168388,1872
168928,1874
169467,1872
170006,1872
170546,1872
171086,1875
171625,1873
172165,1872
172704,1872
173245,1870
173784,1872
174324,1872
174866,1872
175405,1872
175944,1873
176484,1872
177024,1872
177563,1872
178103,1871
178642,1872
179181,1874
179721,1872
180260,1874
180799,1872
181338,1872
181878,1872
182417,1873
182957,1873
183496,1872
184035,1874
184574,1872
185114,1872
185654,1872
186193,1873
186732,1872
187271,1873
187810,1872
188350,1872
188889,1873
189428,1872
189967,1873
190507,1873
191046,1873
191586,1873
192126,1874
192665,1873
193205,1872
193744,1872
194284,1874
194824,1873
195367,1873
195907,1873
196446,1872
196985,1871
197524,1872
198064,1872
198604,1872
199144,1874
199683,1872
200225,1873
200764,1872
201303,1872
201843,1873
202387,1872
202926,1872
203466,1872
204005,1872
204545,1872
205085,1872
205624,1871
206164,1873
206703,1872
207243,1872
207782,1872
208321,1872
208860,1873
209404,1872
209943,1872
210482,1872
211022,1872
211561,1872
212101,1872
212640,1873
213180,1872
213719,1872
214259,1869
214799,1872
215338,1872
215877,1872
216417,1875
216956,1872
217496,1872
218035,1874
218575,1872
219114,1872
219654,1872
220193,1872
220732,1872
221271,1875
221810,1874
222350,1872
222889,1872
223429,1877
223969,1872
224508,1872
225048,1873
225587,1873
226126,1873
226665,1876
227204,1872
227743,1872
228283,1873
228822,1872
229365,1872
229905,1873
230444,1872
230984,1872
231523,1875
232063,1872
232602,1873
233142,1874
233681,1873
234224,1872
234763,1873
235303,1874
235842,1874
236385,1872
236924,1874
237463,1872
238003,1872
238542,1872
239081,1873
239621,1872
240160,1872
240700,1872
241241,1874
241780,1873
242319,1872
242858,1872
243402,1872
243943,1872
244482,1872
245021,1872
245561,1872
246101,1872
246640,1873
247179,1872
247720,1873
248259,1872
248799,1872
249338,1872
249877,1873
250417,1872
250957,1872
251496,1872
252036,1873
252575,1874
253114,1875
253654,1872
254194,1873
254733,1872
255272,1872
255811,1875
256351,1872
256890,1873
257430,1872
257970,1872
258509,1873
259048,1872
259588,1873
260127,1875
260667,1872
261207,1872
261747,1872
262287,1872
262826,1872
263370,1872
263909,1871
264448,1873
264988,1872
265527,1872
266066,1871
266606,1872
267146,1874
267685,1871
268227,1873
268767,1872
269306,1872
269846,1871
270389,1872
270929,1872
271469,1873
272009,1872
272548,1873
273087,1876
273627,1872
274167,1872
274706,1872
275246,1872
275786,1872
276325,1872
276866,1872
277405,1872
277945,1872
278485,1872
279024,1871
279563,1872
280104,1872
280643,1872
281183,1872
281723,1872
282263,1872
282802,1874
283341,1872
283881,1872
284420,1872
284959,1875
285499,1873
286038,1872
286577,1874
287116,1872
287655,1877
288195,1872
288734,1872
289274,1871
289813,1872
290353,1874
290893,1873
291432,1872
291971,1873
292510,1870
293051,1872
293590,1873
294129,1873
294668,1872
295209,1872
295748,1872
296288,1872
296827,1872
297370,1875
297910,1874
298449,1872
298989,1872
299528,1872
300067,1872
300607,1872
301146,1872
301686,1871
302227,1872
302767,1872
303307,1872
303846,1874
304389,1872
304928,1869
305468,1872
306008,1872
306547,1872
307086,1872
307625,1872
308165,1871
308704,1871
309245,1874
309785,1872
310324,1873
310866,1872
311405,1875
311944,1872
312484,1873
313024,1872
313563,1874
314103,1872
314642,1872
315181,1872
315721,1871
316260,1872
316799,1872
317339,1872
317878,1871
318417,1872
318957,1872
319496,1872
320036,1874
320575,1870
321114,1874
321654,1872
322194,1871
322733,1872
323272,1874
323811,1872
324351,1872
324890,1872
325429,1871
325968,1872
326508,1871
327048,1872
327587,1872
328126,1872
328665,1872
329206,1872
329745,1872
330284,1874
330823,1872
331367,1872
331908,1873
332447,1872
332987,1872
333526,1871
334066,1873
334605,1872
335145,1872
335684,1872
336225,1872
336765,1872
337304,1872
337843,1872
338387,1873
338927,1871
339466,1872
340005,1872
340545,1872
341085,1873
341624,1873
342163,1872
342703,1873
343243,1873
343782,1874
344322,1873
344865,1873
345405,1872
345945,1873
346484,1875
347024,1872
347563,1872
348103,1872
348642,1872
349181,1873
349721,1872
350261,1872
350800,1872
351339,1873
351880,1874
352419,1872
352958,1873
353498,1872
354037,1872
354576,1872
355116,1872
355655,1872
356195,1875
356734,1872
357274,1871
357813,1873
358353,1872
358893,1873
359432,1872
359971,1872
360510,1872
361051,1871
361590,1873
362130,1873
362669,1872
363208,1874
363747,1872
364287,1872
364826,1872
365370,1873
365910,1872
366449,1874
366988,1872
367528,1874
368067,1872
368607,1872
369146,1877
369686,1869
370226,1873
370765,1872
371304,1872
371843,1872
372386,1872
372925,1872
373465,1872
374004,1875
374543,1876
375084,1872
375623,1872
376162,1872
376702,1871
377241,1874
377781,1872
378320,1873
378859,1873
379403,1872
379942,1872
380482,1872
381022,1872
381561,1872
382100,1873
382639,1873
383180,1873
383719,1871
384259,1873
384798,1871
385337,1872
385877,1872
386416,1873
386957,1872
387496,1873
388036,1873
388575,1872
389114,1872
389654,1872
390194,1872
390733,1872
391272,1875
391813,1870
392353,1872
392892,1873
393431,1872
393971,1872
394511,1875
395050,1871
395589,1872
396128,1872
396668,1872
397208,1872
397747,1875
398287,1873
398826,1872
399370,1872
399910,1872
400449,1875
400989,1873
401528,1873
402067,1871
402606,1872
403146,1874
403685,1872
404226,1873
404765,1873
405306,1872
405845,1872
406389,1874
406929,1874
407468,1873
408007,1876
408547,1872
409086,1872
409626,1873
410166,1872
410705,1872
411246,1874
411786,1872
412325,1872
412866,1872
413406,1871
413945,1871
414485,1871
415024,1871
415563,1872
416102,1872
416641,1870
417180,1872
417720,1872
418259,1872
418798,1874
419337,1872
419877,1873
420416,1873
420955,1873
421495,1872
422034,1872
422574,1872
423113,1872
423653,1872
424193,1872
424732,1872
425271,1874
425810,1872
426350,1872
426890,1872
427429,1873
427968,1872
428507,1872
429046,1872
429585,1872
430126,1872
430665,1872
431205,1873
431744,1872
432284,1872
432823,1872
433368,1872
433908,1873
434447,1873
434986,1872
435525,1873
436065,1872
436605,1872
437145,1872
437684,1870
438225,1872
438764,1872
439304,1874
439843,1873
440387,1875
440926,1874
441465,1872
442005,1870
442544,1870
443084,1873
443623,1872
444162,1872
444701,1873
445242,1872
445781,1874
446320,1872
446859,1873
447402,1872
447941,1872
448480,1873
449019,1873
449559,1872
450099,1872
450638,1873
451178,1873
451718,1875
452258,1873
452797,1875
453337,1872
453877,1871
454416,1874
454957,1872
455496,1872
456036,1872
456575,1872
457114,1873
457653,1873
458192,1872
458731,1873
459272,1872
459811,1873
460351,1872
460890,1872
461430,1872
461969,1872
462508,1873
463049,1872
463588,1873
464127,1872
464666,1873
465206,1873
465746,1872
466285,1873
466824,1872
467368,1872
467908,1873
468447,1872
468987,1872
469526,1874
470065,1872
470604,1873
471145,1872
471684,1873
472226,1872
472766,1873
473306,1872
473846,1872
474389,1872
474929,1872
475468,1873
476007,1872
476547,1872
477087,1873
477626,1872
478165,1872
478704,1872
479245,1872
479785,1872
480324,1872
480866,1872
481405,1872
481944,1873
482483,1875
483024,1873
483563,1873
484102,1872
484641,1873
485180,1873
485720,1873
486259,1873
486798,1872
487338,1874
487878,1871
488417,1872
488956,1873
489495,1872
490034,1874
490573,1872
491112,1872
491651,1872
492191,1872
492730,1871
493269,1872
493808,1872
494348,1871
494888,1872
495427,1872
495966,1872
496505,1871
497045,1872
497584,1873
498124,1872
498663,1872
499202,1873
499741,1872
500281,1875
500821,1873
501361,1871
501901,1872
502440,1873
502979,1872
503519,1872
504059,1872
504598,1873
505138,1872
505677,1872
506217,1871
506757,1873
507297,1874
507836,1872
508380,1872
508920,1872
509459,1872
509998,1875
510537,1872
511078,1873
511617,1872
512157,1873
512696,1869
513236,1872
513775,1872
514315,1874
514855,1873
515398,1873
515937,1872
516476,1872
517016,1875
517555,1872
518094,1872
518633,1872
519173,1872
519712,1872
520256,1872
520795,1872
521335,1872
521875,1872
522414,1872
522954,1872
523493,1875
524032,1872
524571,1874
525112,1870
525651,1873
526191,1872
526731,1875
527270,1873
527809,1872
528348,1873
528887,1874
529427,1874
529967,1872
530506,1872
531045,1872
531584,1872
532125,1874
532664,1872
533203,1872
533742,1872
534281,1872
534821,1872
535362,1873
535902,1872
536441,1872
536981,1875
537520,1872
538059,1873
538598,1872
539137,1872
539677,1872
540218,1872
540758,1874
541297,1872
541836,1872
542379,1872
542920,1872
543459,1872
543999,1872
544538,1872
545077,1872
545616,1872
546155,1872
546694,1872
547234,1875
547774,1871
548315,1872
548854,1872
549397,1873
549936,1872
550475,1871
551015,1876
551554,1872
552093,1872
552633,1872
553173,1872
553713,1872
554256,1870
554795,1872
555335,1872
555875,1872
556414,1872
556954,1872
557493,1873
558032,1873
558571,1872
559112,1870
559651,1874
560190,1872
560730,1872
561270,1872
561810,1874
562349,1873
562889,1871
563428,1872
563969,1873
564508,1873
565048,1872
565587,1870
566126,1873
566665,1874
567204,1872
567745,1872
568285,1872
568824,1872
569369,1871
569909,1872
570448,1872
570988,1872
571527,1873
572066,1872
572605,1872
573145,1872
573684,1872
574226,1871
574765,1872
575304,1874
575843,1872
576386,1872
576925,1872
577464,1871
578004,1872
578543,1872
579082,1872
579622,1872
580161,1872
580701,1872
581241,1871
581781,1872
582320,1877
582860,1872
583403,1872
583943,1872
584482,1872
585021,1872
585561,1872
586101,1872
586640,1872
587179,1872
587720,1872
588259,1872
588798,1875
589337,1872
589877,1872
590416,1872
590956,1873
591495,1872
592035,1873
592575,1872
593114,1872
593653,1872
594194,1872
594734,1873
595273,1872
595812,1872
596351,1872
596890,1872
597429,1874
597969,1872
598508,1872
599047,1871
599587,1876
600126,1872
600665,1872
601206,1872
601745,1873
602284,1872
602824,1873
603368,1872
603907,1872
604447,1871
604986,1872
605526,1872
606066,1872
606605,1872
607145,1874
607684,1873
608226,1872
608765,1869
609306,1872
609846,1869
610389,1872
610929,1872
611468,1872
612009,1874
612548,1872
613087,1871
613627,1872
614167,1873
614706,1874
615247,1874
615786,1872
616327,1872
616867,1875
617406,1872
617945,1872
618485,1873
619024,1876
619563,1872
620104,1872
620643,1872
621183,1874
621722,1873
622262,1871
622801,1873
623340,1872
623880,1872
624419,1873
624958,1873
625497,1875
626037,1872
626576,1872
627115,1874
627655,1873
628194,1872
628733,1872
629272,1874
629811,1872
630351,1874
630890,1870
631430,1872
631970,1873
632509,1873
633048,1872
633587,1873
634127,1875
634667,1872
635207,1872
635746,1874
636285,1872
636824,1873
637369,1872
637909,1872
638448,1873
638987,1875
639526,1872
640066,1872
640606,1872
641146,1873
641685,1872
642227,1873
642767,1872
643306,1873
643846,1871
644390,1874
644930,1872
645469,1872
646009,1873
646548,1875
647087,1872
647627,1873
648167,1872
648706,1872
649247,1872
649787,1872
650327,1873
650866,1872
651406,1872
651945,1871
652484,1872
653025,1872
653564,1872
654103,1872
654643,1872
655183,1872
655722,1872
656261,1872
656801,1870
657341,1871
657881,1871
658420,1873
658959,1874
659498,1874
660038,1872
660577,1874
661118,1872
661657,1872
662196,1872
662736,1872
663277,1874
663816,1872
664356,1872
664896,1872
665435,1872
665975,1872
666514,1870
667053,1872
667593,1872
668133,1872
668672,1872
669212,1872
669752,1874
670291,1874
670830,1872
671374,1872
671914,1872
672453,1871
672993,1871
673532,1872
674071,1871
674610,1872
675149,1872
675689,1871
676230,1872
676770,1872
677309,1872
677848,1872
678391,1872
678930,1873
679469,1872
680008,1873
680547,1872
681087,1872
681627,1875
682166,1872
682706,1873
683246,1872
683786,1872
684326,1872
684866,1872
685405,1872
685945,1871
686484,1872
687023,1872
687562,1872
688103,1872
688642,1872
689181,1872
689721,1872
690261,1873
690800,1872
691339,1872
691878,1873
692418,1872
692958,1872
693497,1873
694037,1873
694576,1875
695115,1872
695654,1872
696194,1872
696734,1872
697273,1872
697813,1873
698353,1872
698893,1873
699432,1875
699972,1873
700511,1872
701050,1872
701589,1872
702128,1872
702667,1872
703207,1872
703746,1872
704285,1872
704825,1872
705368,1872
705908,1873
706447,1872
706987,1872
707526,1872
708065,1873
708604,1872
709143,1872
709682,1872
710225,1872
710765,1872
711304,1872
711844,1872
712387,1872
712927,1872
713466,1872
714005,1872
714544,1873
715084,1873
715623,1872
716163,1872
716702,1871
717242,1872
717781,1872
718320,1873
718860,1872
719403,1874
719942,1871
720481,1873
721021,1872
721560,1872
722099,1872
722638,1872
723178,1872
723717,1874
724257,1871
724796,1872
725335,1873
725875,1873
726414,1872
726953,1872
727493,1873
728032,1872
728572,1872
729111,1871
729650,1875
730191,1873
730730,1872
731270,1871
731809,1872
732349,1874
732889,1872
733428,1873
733967,1872
734506,1872
735046,1872
735585,1871
736126,1872
736665,1870
737205,1873
737745,1873
738284,1872
738823,1872
739367,1874
739906,1873
740446,1872
740986,1872
741525,1872
742064,1872
742603,1871
743142,1872
743681,1873
744225,1873
744764,1872
745303,1873
745842,1872
746385,1872
746924,1872
747464,1873
748003,1872
748542,1873
749081,1871
749621,1872
750160,1872
750700,1871
751239,1872
751779,1872
752318,1872
752857,1872
753401,1872
753941,1872
754480,1872
755019,1872
755558,1873
756098,1872
756637,1872
757176,1872
757715,1872
758256,1872
758795,1872
759334,1873
759873,1872
760412,1872
760952,1872
761492,1872
762031,1873
762570,1872
763109,1872
763649,1872
764188,1872
764727,1872
765266,1872
765806,1873
766345,1871
766884,1872
767423,1872
767962,1872
768501,1872
769040,1872
769579,1872
770118,1870
770657,1872
771198,1872
771737,1872
772276,1872
772815,1871
773354,1872
773894,1872
774433,1870
774972,1872
775511,1872
776050,1872
776589,1872
777128,1872
777668,1871
778208,1872
778747,1872
779286,1872
779826,1873
780369,1872
780908,1872
781447,1872
781986,1873
782526,1873
783065,1871
783605,1872
784145,1872
784684,1872
785226,1872
785765,1872
786305,1872
786844,1872
787387,1872
787926,1872
788465,1872
789005,1872
789544,1872
790085,1875
790624,1873
791164,1872
791703,1872
792244,1873
792784,1872
793323,1872
793866,1872
794406,1873
794945,1872
795485,1872
796024,1872
796564,1872
797104,1870
797643,1872
798183,1872
798723,1872
799262,1872
799802,1871
800342,1872
800882,1873
801421,1871
801960,1871
802500,1872
803039,1872
803579,1875
804119,1872
804658,1872
805198,1873
805737,1871
806277,1872
806816,1871
807356,1872
807896,1874
808435,1872
808974,1872
809514,1872
810053,1872
810593,1872
811133,1872
811672,1872
812213,1870
812752,1873
813293,1874
813833,1874
814376,1872
814916,1872
815455,1872
815994,1871
816533,1872
817072,1871
817611,1872
818150,1870
818689,1871
819229,1872
819768,1872
820307,1872
820846,1872
821389,1872
821929,1872
822468,1871
823009,1872
823548,1872
824087,1872
824626,1872
825166,1872
825705,1871
826246,1873
826785,1872
827325,1872
827865,1872
828405,1872
828945,1872
829484,1872
830023,1872
830562,1872
831103,1872
831642,1872
832182,1872
832721,1871
833260,1872
833799,1872
834338,1873
834877,1872
835416,1872
835955,1872
836494,1872
837033,1872
837573,1873
838112,1872
838651,1872
839191,1871
839730,1872
840270,1872
840809,1872
841349,1872
841889,1875
842428,1871
842967,1872
843507,1872
844047,1873
844586,1872
845125,1871
845664,1872
846205,1872
846744,1872
847284,1872
847823,1873
848368,1870
848908,1871
849447,1872
849987,1872
850526,1872
851065,1872
851604,1872
852144,1873
852683,1872
853225,1872
853764,1872
854303,1872
854842,1874
855385,1872
855925,1872
856464,1872
857003,1871
857542,1872
858081,1875
858621,1872
859160,1872
859700,1872
860239,1872
860779,1872
861319,1872
861859,1872
862402,1873
862942,1872
863481,1872
864021,1872
864560,1872
865099,1872
865638,1874
866177,1874
866717,1872
867258,1872
867797,1873
868336,1873
868875,1872
869414,1872
869953,1871
870492,1874
871032,1873
871571,1872
872110,1871
872650,1874
873190,1873
873729,1872
874269,1872
874808,1872
875348,1870
875888,1873
876427,1872
876966,1872
877505,1871
878045,1873
878584,1872
879124,1872
879664,1872
880204,1872
880743,1872
881282,1871
881821,1872
882360,1871
882899,1872
883439,1872
883978,1872
884518,1872
885058,1875
885597,1872
886137,1872
886676,1872
887216,1873
887755,1874
888295,1873
888834,1872
889377,1872
889917,1872
890456,1872
890996,1872
891535,1872
892074,1873
892613,1872
893152,1872
893691,1870
894232,1872
894771,1872
895310,1872
895849,1872
896392,1872
896931,1872
897471,1873
898011,1872
898550,1872
899090,1872
899629,1873
900168,1872
900707,1870
901247,1875
901786,1872
902325,1872
902866,1872
903405,1873
903944,1872
904484,1872
905023,1872
905562,1871
906101,1872
906640,1874
907180,1873
907720,1873
908259,1874
908798,1872
909338,1873
909877,1877
910417,1872
910957,1874
911496,1872
912036,1872
912575,1873
913114,1872
913654,1873
914193,1876
914732,1872
915271,1872
915810,1872
916349,1872
916888,1872
917427,1873
917968,1872
918507,1872
919047,1872
919586,1871
920125,1872
920664,1872
921203,1871
921742,1870
922282,1872
922821,1872
923360,1872
923900,1871
924439,1872
924978,1874
925517,1873
926057,1873
926596,1873
927136,1872
927675,1872
928215,1875
928754,1872
929293,1872
929834,1873
930377,1873
930917,1872
931456,1872
931996,1872
932535,1872
933075,1872
933614,1872
934153,1872
934692,1872
935232,1872
935773,1875
936312,1872
936851,1874
937395,1871
937935,1873
938474,1872
939013,1872
939552,1874
940091,1872
940630,1872
941169,1871
941708,1872
942248,1872
942788,1872
943327,1873
943867,1872
944406,1872
944946,1873
945485,1873
946024,1872
946563,1872
947102,1872
947641,1872
948181,1872
948721,1872
949260,1872
949799,1872
950338,1872
950877,1872
951416,1872
951956,1872
952495,1870
953034,1873
953574,1872
954113,1871
954653,1873
955193,1872
955732,1872
956272,1872
956812,1871
957351,1872
957890,1874
958430,1873
958970,1872
959509,1873
960049,1872
960588,1872
961127,1873
961666,1871
962207,1872
962747,1873
963286,1872
963826,1872
964368,1872
964908,1872
965447,1872
965986,1872
966526,1872
967065,1874
967605,1873
968145,1875
968684,1872
969226,1870
969765,1874
970304,1873
970843,1871
971386,1872
971925,1872
972464,1872
973004,1872
973543,1872
974083,1873
974622,1873
975162,1872
975701,1872
976241,1872
976780,1875
977319,1872
977859,1872
978403,1873
978943,1872
979482,1874
980021,1874
980560,1872
981099,1872
981638,1872
982177,1872
982717,1872
983256,1869
983795,1873
984335,1871
984875,1872
985414,1872
985954,1871
986493,1872
987032,1872
987572,1872
988112,1872
988651,1872
989191,1872
989730,1873
990269,1872
990808,1872
991347,1872
991887,1872
992426,1872
992965,1872
993504,1873
994044,1872
994583,1873
995123,1873
995662,1872
996201,1871
996740,1872
997279,1872
997818,1871
998359,1872
998898,1873
999437,1872
999978,1873
1000517,1872
1001056,1872
1001596,1873
1002135,1874
1002674,1873
1003214,1873
1003753,1872
1004292,1873
1004832,1873
1005375,1872
1005915,1872
1006454,1876
1006994,1872
1007533,1874
1008072,1872
1008611,1872
1009151,1872
1009690,1871
1010230,1870
1010770,1872
1011311,1872
1011851,1872
1012394,1872
1012933,1872
1013472,1872
1014011,1871
1014551,1872
1015091,1873
1015630,1872
1016170,1872
1016709,1872
1017251,1871
1017790,1872
1018330,1872
1018869,1872
1019408,1868
1019948,1872
1020487,1872
1021026,1873
1021566,1873
1022105,1872
1022644,1872
1023185,1872
1023724,1873
1024264,1871
1024803,1872
1025342,1872
1025882,1874
1026421,1872
1026960,1872
1027500,1872
1028040,1875
1028579,1872
1029119,1873
1029658,1872
1030197,1872
1030736,1873
1031276,1872
1031815,1872
1032356,1873
1032896,1873
1033435,1872
1033975,1872
1034514,1872
1035054,1872
1035593,1872
1036133,1872
1036672,1872
1037213,1872
1037752,1872
1038291,1872
1038830,1872
1039374,1872
1039913,1872
1040453,1872
1040992,1872
1041531,1872
1042071,1872
1042610,1874
1043150,1872
1043689,1872
1044229,1873
1044768,1872
1045308,1872
1045848,1872
1046391,1872
1046930,1873
1047469,1873
1048010,1871
1048549,1872
1049088,1872
1049627,1872
1050167,1872
1050706,1871
1051247,1872
1051787,1872
1052327,1872
1052867,1871
1053406,1872
1053945,1871
1054484,1872
1055024,1873
1055563,1872
1056102,1871
1056641,1872
1057180,1872
1057719,1872
1058259,1872
1058798,1873
1059337,1872
1059877,1873
1060417,1874
1060957,1873
1061496,1872
1062036,1871
1062575,1873
1063114,1871
1063654,1872
1064193,1873
1064732,1873
1065271,1873
1065810,1872
1066349,1874
1066888,1872
1067428,1873
1067968,1872
1068507,1873
1069046,1873
1069585,1872
1070125,1873
1070664,1873
1071205,1872
1071744,1872
1072284,1873
1072823,1872
1073367,1872
1073907,1872
1074446,1870
1074985,1872
1075525,1872
1076065,1873
1076604,1872
1077143,1873
1077682,1871
1078225,1872
1078765,1872
1079304,1872
1079843,1872
1080386,1872
1080925,1872
1081465,1872
1082005,1872
1082544,1872
1083084,1872
1083623,1872
1084162,1870
1084702,1872
1085242,1872
1085781,1872
1086320,1872
1086861,1873
1087404,1872
1087944,1872
1088483,1873
1089024,1873
1089563,1871
1090103,1871
1090642,1875
1091181,1872
1091721,1872
1092260,1872
1092800,1872
1093339,1873
1093879,1872
1094418,1872
1094957,1872
1095496,1872
1096035,1872
1096574,1874
1097114,1870
1097653,1872
1098192,1872
1098732,1871
1099271,1873
1099810,1873
1100350,1872
1100890,1872
1101429,1872
1101969,1872
1102508,1872
1103047,1872
1103587,1873
1104126,1873
1104665,1872
1105205,1872
1105745,1872
1106285,1874
1106825,1872
1107368,1872
1107908,1870
1108447,1872
1108986,1871
1109525,1872
1110064,1872
1110603,1872
1111142,1872
1111682,1872
1112224,1872
1112765,1872
1113304,1878
1113843,1873
1114387,1875
1114927,1872
1115466,1873
1116005,1873
1116544,1872
1117084,1872
1117623,1872
1118163,1872
1118703,1872
1119243,1872
1119782,1872
1120322,1873
1120865,1872
1121405,1872
1121944,1872
1122484,1875
1123024,1872
1123563,1872
1124103,1872
1124642,1872
1125181,1872
1125721,1873
1126261,1872
1126801,1872
1127340,1872
1127880,1873
1128419,1871
1128958,1875
1129497,1874
1130037,1872
1130576,1872
1131116,1872
1131656,1872
1132195,1872
1132734,1872
1133274,1871
1133814,1874
1134353,1872
1134893,1872
1135432,1873
1135971,1872
1136511,1874
1137051,1873
1137590,1872
1138130,1872
1138669,1872
1139208,1872
1139747,1872
1140286,1872
1140826,1872
1141368,1872
1141907,1872
1142447,1872
1142987,1872
1143526,1872
1144065,1872
1144604,1872
1145145,1873
1145684,1871
1146226,1872
1146765,1872
1147304,1871
1147843,1872
1148387,1872
1148926,1872
1149465,1872
1150005,1874
1150544,1873
1151084,1871
1151623,1874
1152162,1872
1152702,1871
1153242,1872
1153781,1871
1154320,1872
1154860,1872
1155403,1872
1155942,1872
1156481,1872
1157020,1872
1157559,1872
1158098,1872
1158637,1872
1159176,1872
1159716,1872
1160256,1869
1160795,1870
1161335,1873
1161875,1872
1162414,1872
1162954,1872
1163493,1871
1164032,1872
1164571,1872
1165111,1871
1165650,1873
1166189,1872
1166729,1872
1167269,1872
1167808,1872
1168347,1871
1168886,1872
1169425,1872
1169964,1872
1170503,1872
1171043,1872
1171582,1872
1172122,1872
1172661,1872
1173201,1872
1173741,1872
1174280,1872
1174819,1872
1175358,1872
1175897,1872
1176436,1872
1176975,1872
1177515,1872
1178054,1874
1178594,1872
1179133,1874
1179673,1872
1180212,1869
1180752,1874
1181292,1873
1181831,1873
1182375,1873
1182915,1874
1183454,1871
1183994,1872
1184533,1872
1185072,1872
1185611,1872
1186152,1872
1186691,1872
1187232,1872
1187771,1872
1188311,1872
1188850,1871
1189394,1871
1189934,1872
1190473,1872
1191013,1872
1191552,1871
1192092,1872
1192631,1871
1193171,1872
1193711,1872
1194251,1872
1194790,1872
1195329,1871
1195869,1871
1196408,1872
1196947,1873
1197487,1872
1198026,1872
1198566,1872
1199106,1871
1199645,1872
1200184,1872
1200723,1872
1201263,1872
1201802,1872
1202341,1872
1202881,1872
1203420,1872
1203960,1873
1204499,1872
1205038,1871
1205577,1872
1206117,1872
1206657,1873
1207197,1872
1207736,1872
1208276,1872
1208815,1872
1209355,1873
1209895,1872
1210434,1872
1210973,1872
1211513,1872
1212053,1872
1212592,1872
1213132,1872
1213671,1872
1214210,1872
1214749,1872
1215288,1872
1215828,1872
1216371,1872
1216910,1872
1217449,1871
1217989,1873
1218528,1871
1219067,1871
1219607,1872
1220147,1872
1220686,1871
1221227,1872
1221767,1872
1222307,1871
1222847,1873
1223390,1872
1223930,1872
1224469,1872
1225008,1872
1225548,1874
1226087,1872
1226627,1874
1227166,1872
1227705,1872
1228246,1873
1228786,1872
1229325,1872
1229866,1872
1230406,1872
1230945,1872
1231484,1872
1232025,1871
1232564,1872
1233104,1872
1233643,1873
1234182,1872
1234721,1872
1235260,1872
1235799,1873
1236339,1872
1236878,1873
1237418,1873
1237957,1873
1238497,1873
1239037,1873
1239576,1872
1240116,1870
1240655,1872
1241194,1873
1241733,1873
1242272,1872
1242812,1872
1243352,1872
1243891,1872
1244430,1871
1244969,1872
1245508,1871
1246047,1872
1246586,1872
1247126,1872
1247665,1872
1248205,1872
1248744,1872
1249284,1872
1249824,1873
1250367,1870
1250907,1872
1251446,1872
1251986,1872
1252525,1872
1253065,1872
1253604,1873
1254144,1872
1254683,1872
1255225,1872
1255764,1872
1256303,1872
1256843,1872
1257387,1871
1257926,1873
1258466,1874
1259005,1872
1259545,1871
1260085,1872
1260624,1873
1261164,1872
1261703,1872
1262243,1872
1262782,1872
1263322,1872
1263865,1872
1264405,1870
1264944,1872
1265484,1871
1266024,1873
1266563,1872
1267102,1872
1267642,1872
1268181,1872
1268721,1872
1269260,1873
1269799,1872
1270339,1872
1270879,1872
1271418,1873
1271957,1872
1272496,1872
1273037,1874
1273576,1872
1274116,1873
1274655,1872
1275194,1872
1275734,1872
1276274,1872
1276813,1871
1277354,1872
1277894,1872
1278433,1873
1278972,1872
1279511,1872
1280050,1872
1280589,1872
1281129,1873
1281668,1872
1282207,1871
1282747,1872
1283287,1872
1283826,1873
1284370,1872
1284910,1873
1285449,1871
1285988,1872
1286527,1872
1287066,1872
1287606,1872
1288146,1872
1288685,1872
1289227,1872
1289766,1872
1290305,1872
1290844,1873
1291388,1872
1291928,1873
1292467,1875
1293007,1872
1293546,1872
1294085,1872
1294624,1872
1295163,1873
1295703,1872
1296243,1872
1296782,1873
1297321,1872
1297860,1873
1298403,1873
1298942,1873
1299481,1873
1300021,1872
1300561,1872
1301100,1872
1301639,1872
1302179,1872
1302718,1872
1303258,1872
1303799,1872
1304338,1872
1304877,1872
1305417,1873
1305956,1872
1306496,1872
1307036,1872
1307575,1872
1308114,1873
1308653,1870
1309192,1872
1309732,1872
1310271,1872
1310810,1873
1311349,1872
1311888,1871
1312427,1872
1312966,1872
1313506,1872
1314046,1871
1314585,1872
1315124,1873
1315663,1872
1316203,1872
1316742,1872
1317282,1872
1317821,1870
1318360,1873
1318900,1872
1319439,1872
1319978,1872
1320517,1873
1321057,1872
1321596,1872
1322135,1872
1322675,1872
1323214,1872
1323754,1872
1324294,1872
1324834,1871
1325377,1872
1325917,1873
1326456,1872
1326995,1870
1327535,1871
1328074,1871
1328614,1872
1329153,1872
1329693,1872
1330234,1872
1330773,1872
1331312,1874
1331851,1872
1332395,1872
1332935,1871
1333474,1875
1334013,1872
1334553,1871
1335092,1873
1335631,1872
1336171,1872
1336710,1872
1337250,1872
1337789,1872
1338328,1872
1338868,1872
1339407,1872
1339946,1872
1340486,1872
1341025,1872
1341564,1873
1342104,1872
1342643,1873
1343182,1872
1343722,1873
1344261,1872
1344801,1872
1345341,1872
1345881,1872
1346420,1873
1346959,1872
1347498,1871
1348038,1872
1348577,1872
1349118,1872
1349657,1873
1350197,1873
1350736,1874
1351275,1872
1351814,1872
1352353,1872
1352893,1872
1353432,1872
1353971,1872
1354511,1872
1355051,1872
1355590,1872
1356130,1872
1356669,1873
1357208,1871
1357748,1870
1358287,1872
1358826,1871
1359369,1872
1359910,1871
1360449,1872
1360989,1871
1361528,1872
1362068,1871
1362607,1872
1363146,1873
1363685,1872
1364226,1875
1364766,1872
1365305,1872
1365844,1872
1366387,1872
1366927,1874
1367466,1872
1368005,1872
1368544,1871
1369084,1873
1369623,1872
1370162,1873
1370702,1872
1371242,1871
1371781,1873
1372320,1872
1372859,1872
1373403,1874
1373942,1872
1374481,1872
1375020,1871
1375559,1872
1376098,1872
1376637,1872
1377176,1872
1377717,1872
1378257,1870
1378797,1872
1379336,1872
1379876,1874
1380415,1872
1380956,1872
1381496,1872
1382035,1872
1382575,1873
1383114,1872
1383653,1873
1384193,1872
1384732,1871
1385271,1872
1385810,1872
1386349,1872
1386889,1873
1387429,1872
1387969,1872
1388508,1872
1389048,1871
1389587,1873
1390126,1874
1390666,1872
1391206,1872
1391745,1872
1392285,1872
1392825,1872
1393368,1872
1393908,1872
1394447,1872
1394986,1872
1395525,1873
1396065,1872
1396604,1872
1397144,1873
1397683,1870
1398226,1872
1398765,1872
1399305,1872
1399844,1872
1400388,1872
1400927,1872
1401467,1873
1402006,1872
1402545,1873
1403086,1872
1403625,1872
1404164,1872
1404704,1871
1405243,1873
1405782,1872
1406322,1872
1406865,1872
1407405,1871
1407944,1872
1408483,1872
1409024,1872
1409563,1872
1410103,1872
1410642,1873
1411181,1872
1411721,1872
1412260,1872
1412799,1872
1413339,1872
1413878,1872
1414417,1872
1414956,1875
1415495,1873
1416034,1873
1416574,1875
1417113,1872
1417653,1872
1418193,1872
1418732,1872
1419271,1872
1419810,1873
1420349,1872
1420890,1871
1421429,1872
1421969,1873
1422508,1872
1423048,1872
1423587,1873
1424126,1873
1424665,1872
1425204,1872
1425743,1870
1426283,1872
1426822,1872
1427366,1872
1427906,1872
1428445,1873
1428984,1873
1429523,1872
1430063,1872
1430602,1872
1431141,1872
1431681,1872
1432224,1873
1432763,1873
1433303,1872
1433842,1872
1434385,1872
1434925,1872
1435465,1871
1436005,1871
1436544,1873
1437084,1874
1437623,1872
1438163,1872
1438702,1872
1439242,1872
1439782,1872
1440321,1872
1440860,1872
1441403,1872
1441943,1872
1442482,1873
1443021,1872
1443561,1874
1444100,1872
1444640,1872
1445179,1871
1445718,1872
1446258,1874
1446797,1870
1447337,1872
1447876,1875
1448415,1872
1448954,1873
1449494,1873
1450033,1873
1450573,1872
1451112,1872
1451651,1872
1452192,1872
1452731,1872
1453271,1873
1453810,1871
1454350,1872
1454889,1872
1455428,1872
1455967,1872
1456506,1871
1457046,1872
1457586,1872
1458125,1872
1458664,1870
1459203,1872
1459742,1872
1460282,1873
1460821,1872
1461360,1872
1461900,1872
1462439,1873
1462978,1873
1463517,1872
1464057,1872
1464596,1872
1465135,1872
1465675,1873
1466214,1872
1466753,1872
1467292,1872
1467831,1873
1468375,1871
1468915,1872
1469454,1872
1469994,1872
1470533,1872
1471072,1872
1471611,1874
1472152,1872
1472691,1873
1473231,1873
1473772,1872
1474312,1872
1474851,1872
1475395,1873
1475935,1872
1476474,1875
1477013,1871
1477553,1872
1478093,1873
1478632,1872
1479172,1872
1479711,1872
1480252,1870
1480791,1872
1481330,1872
1481870,1872
1482409,1872
1482949,1872
1483488,1872
1484027,1872
1484566,1872
1485106,1872
1485645,1872
1486184,1872
1486723,1872
1487262,1872
1487801,1872
1488340,1872
1488881,1874
1489420,1873
1489960,1872
1490499,1872
1491039,1872
1491578,1872
1492119,1872
1492658,1872
1493198,1871
1493737,1872
1494277,1872
1494816,1872
1495355,1872
1495895,1872
1496434,1872
1496973,1872
1497513,1872
1498053,1870
1498592,1871
1499132,1871
1499671,1872
1500212,1872
1500752,1872
1501292,1872
1501831,1876
1502375,1872
1502915,1872
1503454,1872
1503993,1872
1504532,1872
1505071,1870
1505610,1872
1506150,1873
1506689,1872
1507230,1871
1507769,1872
1508309,1872
1508848,1872
1509391,1873
1509931,1872
1510471,1871
1511011,1872
1511550,1872
1512090,1872
1512629,1875
1513168,1872
1513708,1872
1514247,1868
1514786,1872
1515325,1872
1515866,1874
1516406,1872
1516945,1872
1517485,1873
1518024,1873
1518564,1872
1519104,1872
1519643,1873
1520182,1873
1520721,1872
1521261,1872
1521801,1872
1522340,1873
1522880,1872
1523419,1873
1523958,1872
1524497,1873
1525037,1872
1525576,1871
1526116,1871
1526655,1872
1527194,1871
1527734,1872
1528273,1872
1528812,1872
1529351,1872
1529890,1872
1530429,1872
1530970,1871
1531509,1872
1532049,1875
1532588,1870
1533127,1872
1533666,1872
1534207,1872
1534746,1872
1535285,1872
1535824,1872
1536369,1872
1536909,1874
1537448,1872
1537988,1874
1538527,1872
1539067,1872
1539606,1872
1540146,1872
1540685,1872
1541226,1871
1541765,1872
1542305,1871
1542844,1872
1543388,1872
1543928,1873
1544467,1873
1545006,1873
1545545,1872
1546085,1871
1546624,1872
1547165,1874
1547704,1872
1548245,1872
1548784,1872
1549324,1873
1549865,1872
1550404,1872
1550944,1872
1551483,1872
1552023,1873
1552562,1873
1553102,1872
1553641,1873
1554180,1873
1554719,1875
1555259,1871
1555798,1872
1556338,1871
1556877,1871
1557416,1873
1557957,1872
1558496,1874
1559035,1872
1559575,1872
1560114,1871
1560654,1872
1561193,1872
1561733,1873
1562272,1872
1562811,1875
1563351,1871
1563890,1872
1564429,1873
1564969,1872
1565508,1872
1566047,1872
1566586,1872
1567125,1872
1567664,1872
1568205,1872
1568745,1872
1569284,1872
1569823,1872
1570367,1871
1570906,1871
1571445,1872
1571985,1872
1572524,1872
1573065,1872
1573604,1872
1574144,1872
1574683,1872
1575225,1873
1575764,1872
1576303,1873
1576842,1872
1577385,1872
1577924,1872
1578463,1873
1579003,1873
1579542,1872
1580081,1872
1580621,1872
1581161,1872
1581700,1872
1582241,1872
1582780,1872
1583319,1873
1583858,1872
1584402,1873
1584941,1872
1585481,1873
1586020,1872
1586559,1872
1587099,1872
1587638,1872
1588179,1874
1588718,1872
1589258,1872
1589797,1872
1590337,1873
1590876,1872
1591416,1872
1591956,1873
1592495,1872
1593035,1871
1593574,1871
1594113,1871
1594652,1872
1595192,1871
1595732,1873
1596271,1872
1596810,1872
1597349,1873
1597888,1871
1598427,1872
1598966,1872
1599506,1872
1600045,1872
1600585,1873
1601125,1872
1601664,1870
1602203,1872
1602743,1872
1603282,1873
1603822,1872
1604365,1871
1604904,1872
1605444,1872
1605984,1872
1606523,1871
1607062,1871
1607602,1872
1608141,1872
1608681,1870
1609225,1872
1609765,1872
1610304,1872
1610843,1872
1611386,1872
1611925,1872
1612465,1873
1613005,1872
1613544,1872
1614083,1872
1614623,1872
1615163,1872
1615702,1872
1616242,1872
1616782,1872
1617322,1872
1617865,1873
1618405,1872
1618944,1872
1619484,1872
1620024,1872
1620563,1872
1621102,1870
1621641,1872
1622181,1872
1622721,1873
1623261,1872
1623800,1873
1624339,1872
1624878,1873
1625418,1873
1625957,1872
1626497,1872
1627037,1872
1627576,1871
1628115,1871
1628654,1872
1629194,1871
1629733,1873
1630273,1871
1630812,1872
1631353,1871
1631892,1872
1632432,1874
1632971,1872
1633511,1872
1634050,1873
1634589,1873
1635130,1872
1635669,1871
1636208,1872
1636748,1872
1637288,1873
1637827,1872
1638371,1872
1638910,1873
1639450,1873
1639989,1872
1640528,1872
1641067,1872
1641607,1872
1642146,1874
1642686,1872
1643227,1872
1643766,1872
1644306,1874
1644845,1872
1645388,1872
1645927,1872
1646467,1874
1647006,1872
1647546,1872
1648085,1873
1648624,1872
1649163,1872
1649703,1872
1650243,1872
1650782,1873
1651321,1873
1651860,1872
1652403,1872
1652942,1872
1653481,1872
1654020,1872
1654560,1872
1655099,1872
1655639,1872
1656179,1872
1656718,1872
1657258,1872
1657798,1872
1658338,1872
1658878,1872
1659417,1872
1659957,1872
1660496,1874
1661037,1872
1661576,1871
1662116,1873
1662655,1874
1663194,1872
1663733,1871
1664272,1872
1664812,1872
1665352,1872
1665891,1872
1666430,1872
1666970,1875
1667510,1872
1668049,1872
1668589,1872
1669129,1873
1669668,1872
1670208,1872
1670747,1873
1671286,1872
1671826,1872
1672368,1872
1672907,1872
1673446,1873
1673985,1872
1674524,1873
1675064,1872
1675603,1874
1676143,1872
1676682,1872
1677225,1872
1677764,1872
1678304,1872
1678843,1872
1679387,1872
1679927,1871
1680466,1872
1681005,1872
1681544,1872
1682085,1872
1682624,1872
1683163,1869
1683703,1871
1684242,1872
1684781,1872
1685320,1872
1685859,1872
1686402,1872
1686942,1872
1687481,1875
1688020,1873
1688559,1873
1689099,1872
1689638,1872
1690178,1872
1690720,1872
1691260,1871
1691799,1873
1692339,1871
1692878,1872
1693418,1871
1693957,1872
1694496,1872
1695036,1870
1695575,1872
1696115,1871
1696654,1872
1697193,1872
1697732,1873
1698271,1872
1698810,1872
1699349,1873
1699889,1872
1700429,1872
1700969,1874
1701508,1872
1702047,1872
1702586,1872
1703126,1872
1703666,1872
1704206,1874
1704745,1872
1705284,1872
1705823,1874
1706367,1872
1706907,1872
1707446,1873
1707985,1872
1708524,1873
1709064,1873
1709603,1877
1710142,1874
1710682,1872
1711225,1873
1711764,1872
1712303,1872
1712842,1872
1713385,1873
1713925,1872
1714464,1870
1715004,1872
1715543,1872
1716083,1874
1716622,1873
1717161,1872
1717700,1873
1718241,1872
1718780,1874
1719319,1872
1719858,1872
1720401,1873
1720942,1872
1721481,1872
1722020,1872
1722559,1873
1723099,1872
1723638,1872
1724178,1872
1724720,1871
1725259,1872
1725799,1872
1726338,1872
1726877,1872
1727417,1872
1727957,1873
1728496,1873
1729036,1869
1729575,1875
1730114,1872
1730653,1872
1731193,1872
1731732,1872
1732272,1874
1732811,1872
1733351,1872
1733890,1874
1734430,1872
1734970,1869
1735509,1872
1736049,1872
1736588,1872
1737127,1872
1737666,1872
1738205,1872
1738746,1872
1739285,1873
1739824,1872
1740368,1873
1740908,1872
1741447,1872
1741987,1873
1742526,1874
1743065,1872
1743604,1872
1744145,1873
1744684,1873
1745226,1872
1745765,1872
1746305,1872
1746844,1872
1747388,1873
1747928,1871
1748467,1872
1749006,1872
1749545,1872
1750084,1872
1750623,1872
1751162,1873
1751702,1871
1752242,1872
1752781,1872
1753320,1872
1753860,1872
1754403,1873
1754942,1873
1755481,1872
1756021,1872
1756561,1872
1757100,1872
1757640,1872
1758179,1873
1758718,1874
1759258,1870
1759797,1872
1760337,1872
1760876,1872
1761415,1872
1761955,1872
1762495,1873
1763034,1872
1763574,1872
1764113,1872
1764653,1874
1765193,1872
1765732,1872
1766271,1873
1766810,1872
1767349,1873
1767890,1871
1768429,1873
1768969,1873
1769508,1873
1770047,1873
1770586,1872
1771126,1872
1771666,1873
1772206,1872
1772745,1872
1773285,1872
1773824,1872
1774368,1873
1774908,1872
1775447,1874
1775987,1875
1776526,1872
1777065,1872
1777605,1871
1778145,1872
1778684,1872
1779225,1872
1779765,1872
1780305,1872
1780844,1871
1781388,1872
1781928,1873
1782467,1873
1783006,1872
1783546,1872
1784085,1874
1784624,1872
1785163,1872
1785703,1873
1786243,1872
1786782,1872
1787321,1872
1787865,1873
1788405,1872
1788944,1872
1789484,1872
1790024,1872
1790563,1872
1791103,1872
1791642,1872
1792181,1872
1792721,1872
1793260,1872
1793799,1872
1794339,1872
1794878,1872
1795417,1873
1795957,1872
1796496,1872
1797036,1872
1797575,1870
1798114,1871
1798654,1872
1799194,1872
1799733,1873
1800272,1872
1800812,1871
1801351,1872
1801890,1873
1802429,1871
1802970,1872
1803509,1872
1804049,1872
1804588,1872
1805127,1872
1805666,1871
1806206,1872
1806745,1874
1807285,1872
1807824,1873
1808368,1872
1808909,1872
1809448,1872
1809987,1872
1810526,1872
1811066,1872
1811605,1872
1812145,1874
1812684,1871
1813226,1872
1813765,1872
1814304,1871
1814843,1872
1815386,1875
1815925,1869
1816465,1872
1817005,1872
1817544,1872
1818084,1871
1818623,1872
1819163,1872
1819702,1872
1820242,1872
1820781,1871
1821320,1872
1821859,1871
1822402,1872
1822942,1872
1823481,1872
1824020,1872
1824559,1872
1825099,1872
1825638,1874
1826178,1872
1826720,1872
1827259,1872
1827799,1873
1828338,1872
1828877,1871
1829417,1872
1829957,1872
1830496,1872
1831035,1867
1831575,1874
1832115,1872
1832654,1871
1833193,1872
1833732,1872
1834271,1872
1834810,1873
1835350,1872
1835889,1873
1836428,1872
1836967,1873
1837507,1872
1838046,1872
1838585,1871
1839125,1873
1839664,1872
1840203,1872
1840742,1871
1841282,1873
1841821,1872
1842361,1872
1842900,1872
1843440,1872
1843979,1872
1844518,1872
1845057,1872
1845596,1872
1846135,1872
1846675,1872
1847216,1871
1847755,1873
1848295,1872
1848834,1872
1849377,1872
1849916,1872
1850456,1872
1850996,1872
1851535,1872
1852074,1872
1852613,1872
1853152,1872
1853691,1872
1854231,1872
1854770,1872
1855310,1872
1855849,1872
1856393,1872
1856932,1872
1857472,1872
1858012,1872
1858551,1872
1859091,1872
1859630,1872
1860171,1872
1860710,1872
1861251,1872
1861790,1873
1862330,1872
1862869,1873
1863408,1870
1863949,1872
1864488,1872
1865027,1872
1865566,1872
1866107,1877
1866646,1872
1867185,1872
1867724,1873
1868265,1871
1868804,1873
1869343,1872
1869883,1871
1870422,1875
1870962,1872
1871501,1872
1872040,1870
1872580,1874
1873119,1871
1873659,1872
1874199,1872
1874738,1872
1875277,1872
1875816,1872
1876356,1872
1876896,1873
1877435,1873
1877975,1872
1878514,1872
1879053,1872
1879593,1874
1880133,1872
1880672,1872
1881212,1872
1881751,1873
1882290,1873
1882829,1872
1883372,1872
1883911,1872
1884451,1871
1884991,1874
1885530,1872
1886070,1873
1886609,1871
1887148,1871
1887687,1872
1888227,1872
1888767,1874
1889307,1871
1889846,1872
1890389,1873
1890929,1871
1891468,1872
1892007,1872
1892546,1871
1893086,1872
1893625,1871
1894166,1872
1894705,1872
1895246,1874
1895785,1872
1896325,1872
1896865,1871
1897405,1870
1897944,1872
1898483,1873
1899023,1872
1899562,1873
1900102,1872
1900641,1871
1901180,1872
1901719,1872
1902259,1868
1902799,1873
1903338,1873
1903877,1871
1904416,1872
1904957,1872
1905496,1872
1906036,1872
1906575,1873
1907114,1871
1907653,1872
1908192,1872
1908732,1873
1909271,1872
1909810,1875
1910350,1872
1910889,1873
1911428,1873
1911968,1872
1912507,1872
1913046,1873
1913585,1873
1914124,1871
1914664,1871
1915203,1872
1915743,1871
1916283,1875
1916822,1871
1917365,1872
1917905,1873
1918444,1872
1918984,1872
1919524,1872
1920064,1872
1920603,1874
1921142,1872
1921681,1872
1922225,1874
1922764,1872
1923304,1872
1923844,1872
1924387,1873
1924927,1872
1925466,1872
1926005,1872
1926544,1871
1927084,1872
1927623,1872
1928162,1872
1928701,1873
1929241,1872
1929781,1872
1930322,1872
1930865,1872
1931405,1872
1931944,1874
1932483,1872
1933023,1873
1933562,1872
1934102,1872
1934641,1872
1935180,1872
1935720,1872
1936259,1870
1936798,1871
1937337,1872
1937876,1872
1938415,1872
1938955,1873
1939494,1873
1940033,1872
1940573,1873
1941113,1872
1941652,1874
1942192,1875
1942731,1872
1943271,1872
1943810,1871
1944350,1872
1944889,1872
1945428,1873
1945967,1873
1946507,1872
1947046,1872
1947586,1872
1948125,1872
1948664,1872
1949204,1874
1949743,1872
1950283,1872
1950822,1870
1951365,1872
1951904,1872
1952444,1875
1952983,1874
1953522,1872
1954063,1872
1954602,1873
1955141,1872
1955680,1869
1956224,1872
1956763,1873
1957303,1871
1957842,1872
1958385,1872
1958924,1872
1959463,1872
1960003,1872
1960542,1872
1961081,1872
1961620,1872
1962159,1872
1962698,1872
1963238,1872
1963778,1872
1964317,1872
1964856,1872
1965400,1872
1965941,1873
1966480,1872
1967019,1872
1967558,1873
1968099,1872
1968638,1874
1969178,1874
1969720,1871
1970259,1870
1970798,1873
1971338,1872
1971878,1873
1972417,1871
1972957,1874
1973496,1872
1974036,1872
1974575,1873
1975114,1872
1975654,1872
1976193,1873
1976732,1872
1977273,1872
1977812,1872
1978352,1872
1978891,1872
1979431,1871
1979971,1872
1980510,1873
1981049,1873
1981588,1875
1982128,1872
1982668,1872
1983207,1872
1983746,1872
1984285,1872
1984824,1872
1985368,1873
1985909,1872
1986448,1872
1986988,1873
1987527,1871
1988066,1872
1988606,1873
1989145,1872
1989684,1871
1990226,1872
1990765,1872
1991304,1872
1991843,1872
1992387,1872
1992926,1872
1993466,1872
1994005,1872
1994545,1872
1995085,1872
1995624,1873
1996164,1872
1996703,1871
1997243,1872
1997782,1872
1998322,1872
1998865,1872
1999405,1873
1999945,1872
2000484,1872
2001024,1872
2001563,1872
2002102,1873
2002641,1872
2003181,1875
2003721,1871
2004260,1872
2004799,1872
2005338,1871
2005877,1877
2006416,1872
2006955,1872
2007495,1871
2008034,1871
2008574,1872
2009113,1870
2009653,1872
2010193,1873
2010732,1872
2011273,1872
2011813,1872
2012352,1872
2012891,1872
2013430,1872
2013969,1872
2014508,1872
2015047,1874
2015587,1872
2016127,1872
2016666,1872
2017206,1872
2017745,1872
2018285,1872
2018824,1872
2019369,1873
2019908,1872
2020447,1873
2020987,1872
2021526,1873
2022065,1872
2022604,1872
2023143,1872
2023683,1872
2024225,1872
2024765,1873
2025304,1871
2025843,1872
2026387,1872
2026926,1874
2027466,1872
2028005,1872
2028544,1872
2029084,1875
2029623,1872
2030164,1873
2030703,1872
2031243,1872
2031782,1874
2032321,1872
2032865,1873
2033405,1873
2033944,1872
2034484,1872
2035024,1869
2035563,1872
2036102,1872
2036641,1872
2037181,1872
2037721,1872
2038260,1872
2038799,1873
2039338,1872
2039877,1872
2040416,1872
2040957,1872
2041496,1872
2042036,1872
2042575,1872
2043114,1872
2043653,1872
2044193,1873
2044733,1872
2045272,1872
2045811,1872
2046350,1874
2046890,1872
2047429,1872
2047968,1872
2048507,1873
2049046,1870
2049586,1872
2050126,1872
2050665,1872
2051204,1872
2051745,1872
2052285,1872
2052824,1872
2053368,1872
2053908,1872
2054447,1872
2054986,1872
2055525,1871
2056064,1872
2056603,1872
2057142,1872
2057682,1872
2058225,1872
2058765,1872
2059304,1872
2059843,1872
2060386,1874
2060926,1872
2061465,1873
2062005,1873
2062544,1872
2063084,1872
2063623,1872
2064163,1872
2064702,1872
2065242,1872
2065781,1869
2066321,1872
2066860,1871
2067404,1872
2067944,1870
2068483,1872
2069022,1872
2069561,1872
2070100,1872
2070640,1872
2071180,1873
2071719,1874
2072259,1873
2072798,1872
2073337,1872
2073877,1872
2074416,1873
2074957,1872
2075496,1872
2076036,1871
2076575,1872
2077114,1872
2077653,1872
2078192,1873
2078731,1873
2079271,1872
2079810,1872
2080350,1872
2080889,1871
2081428,1873
2081969,1872
2082508,1872
2083047,1872
2083586,1873
2084126,1872
2084665,1872
2085205,1872
2085744,1873
2086284,1872
2086823,1872
2087368,1872
2087908,1873
2088447,1872
2088986,1872
2089525,1872
2090065,1872
2090605,1871
2091145,1872
2091684,1872
2092226,1874
2092765,1873
2093305,1874
2093844,1872
2094388,1872
2094928,1872
2095467,1872
2096006,1872
2096545,1872
2097085,1871
2097624,1874
2098163,1872
2098703,1873
2099243,1872
2099783,1872
2100322,1872
2100866,1872
2101406,1872
2101945,1873
2102485,1872
2103025,1875
2103564,1871
2104104,1872
2104643,1871
2105182,1874
2105721,1874
2106261,1870
2106801,1872
2107341,1872
2107881,1872
2108420,1872
2108959,1872
2109499,1872
2110038,1872
2110577,1872
2111117,1872
2111656,1875
2112196,1872
2112735,1872
2113275,1872
2113814,1872
2114353,1872
2114892,1872
2115432,1872
2115971,1873
2116511,1871
2117050,1872
2117589,1872
2118128,1872
2118668,1873
2119207,1873
2119746,1875
2120285,1872
2120824,1871
2121368,1872
2121909,1872
2122448,1872
2122988,1871
2123527,1871
2124066,1872
2124606,1872
2125146,1872
2125685,1872
2126226,1872
2126765,1874
2127304,1873
2127843,1872
2128386,1873
2128925,1873
2129465,1872
2130005,1872
2130544,1872
2131084,1872
2131623,1872
2132163,1872
2132702,1872
2133242,1872
2133781,1872
2134321,1872
2134860,1873
2135404,1872
2135944,1872
2136483,1872
2137023,1872
2137562,1871
2138101,1872
2138641,1872
2139180,1872
2139720,1872
2140259,1871
2140799,1872
2141338,1871
2141877,1872
2142417,1874
2142957,1872
2143496,1872
2144036,1875
2144575,1872
2145114,1871
2145653,1872
2146193,1872
2146732,1872
2147271,1871
2147810,1872
2148349,1872
2148888,1872
2149427,1873
2149967,1872
2150507,1871
2151046,1870
2151586,1872
2152125,1872
2152664,1872
2153205,1872
2153744,1872
2154284,1872
2154823,1872
2155368,1872
2155907,1872
2156446,1873
2156986,1872
2157525,1872
2158065,1872
2158605,1873
2159145,1875
2159684,1871
2160226,1872
2160766,1872
2161305,1873
2161844,1872
2162387,1872
2162927,1872
2163466,1871
2164005,1872
2164544,1874
2165083,1875
2165623,1875
2166162,1872
2166702,1872
2167242,1871
2167781,1871
2168321,1872
2168860,1872
2169404,1872
2169943,1872
2170482,1872
2171021,1872
2171560,1872
2172099,1872
2172638,1873
2173178,1872
2173718,1872
2174258,1873
2174797,1872
2175337,1872
2175876,1872
2176416,1872
2176956,1872
2177495,1873
2178035,1871
2178574,1871
2179113,1871
2179652,1873
2180191,1872
2180730,1872
2181269,1873
2181809,1873
2182349,1872
2182889,1872
2183428,1872
2183967,1872
2184506,1872
2185046,1872
2185586,1871
2186126,1872
2186665,1872
2187205,1872
2187744,1872
2188283,1872
2188823,1872
2189368,1872
2189908,1872
2190447,1872
2190987,1872
2191526,1872
2192066,1872
2192605,1872
2193146,1872
2193685,1871
2194226,1872
2194765,1872
2195306,1873
2195846,1872
2196389,1872
2196928,1872
2197468,1873
2198008,1872
2198547,1872
2199087,1873
2199626,1872
2200165,1872
2200704,1872
2201245,1872
2201784,1872
2202324,1872
2202866,1872
2203406,1873
2203945,1873
2204485,1872
2205024,1873
2205563,1872
2206103,1874
2206642,1873
2207182,1872
2207721,1873
2208261,1872
2208801,1872
2209340,1872
2209880,1872
2210419,1872
2210958,1872
2211497,1872
2212038,1871
2212577,1872
2213116,1871
2213656,1872
2214195,1872
2214734,1874
2215273,1872
2215812,1872
2216351,1872
2216890,1873
2217429,1872
2217969,1872
2218508,1872
2219049,1872
2219588,1872
2220127,1872
2220667,1872
2221207,1871
2221747,1870
2222287,1873
2222826,1872
2223370,1872
2223909,1872
2224448,1872
2224989,1872
2225528,1873
2226067,1872
2226607,1872
2227146,1872
2227686,1870
2228226,1872
2228765,1871
2229304,1872
2229843,1872
2230386,1872
2230925,1872
2231464,1872
2232005,1875
2232544,1872
2233084,1872
2233623,1872
2234162,1872
2234701,1871
2235241,1872
2235780,1872
2236319,1872
2236858,1872
2237402,1872
2237942,1873
2238481,1871
2239021,1871
2239560,1871
2240100,1872
2240639,1872
2241179,1872
2241718,1874
2242258,1870
2242797,1872
2243337,1871
2243876,1873
2244415,1872
2244955,1873
2245494,1872
2246033,1872
2246572,1872
2247112,1871
2247651,1872
2248190,1872
2248729,1872
2249268,1872
2249807,1872
2250346,1872
2250886,1871
2251425,1871
2251964,1871
2252503,1872
2253042,1872
2253582,1874
2254121,1872
2254660,1872
2255200,1872
2255740,1872
2256279,1872
2256818,1872
2257357,1872
2257896,1873
2258435,1871
2258974,1873
2259513,1872
2260053,1872
2260593,1872
2261133,1872
2261672,1872
2262212,1872
2262751,1872
2263290,1872
2263829,1872
2264372,1872
2264911,1872
2265450,1875
2265991,1873
2266530,1872
2267070,1872
2267609,1872
2268149,1875
2268689,1872
2269229,1874
2269768,1872
2270307,1871
2270846,1872
2271390,1872
2271930,1872
2272469,1872
2273008,1872
2273547,1872
2274087,1872
2274626,1872
2275166,1872
2275706,1873
2276247,1872
2276786,1872
2277325,1873
2277866,1872
2278405,1872
2278944,1872
2279483,1874
2280023,1872
2280562,1872
2281101,1873
2281640,1872
2282179,1873
2282720,1871
2283259,1872
2283799,1872
2284338,1872
2284877,1872
2285417,1872
2285957,1873
2286496,1872
2287035,1872
2287575,1871
2288115,1872
2288654,1872
2289193,1872
2289733,1873
2290272,1872
2290812,1873
2291351,1872
2291890,1874
2292429,1875
2292968,1874
2293508,1871
2294048,1872
2294587,1872
2295126,1871
2295665,1872
2296205,1874
2296744,1872
2297284,1871
2297823,1872
2298367,1872
2298908,1872
2299447,1872
2299986,1872
2300525,1872
2301064,1873
2301603,1873
2302142,1872
2302682,1871
2303224,1872
2303764,1872
2304303,1872
2304843,1872
2305387,1872
2305927,1872
2306466,1872
2307005,1873
2307545,1872
2308084,1873
2308623,1873
2309162,1873
2309702,1872
2310241,1872
2310781,1872
2311320,1871
2311860,1872
2312403,1872
2312942,1872
2313481,1871
2314022,1873
2314561,1872
2315100,1872
2315640,1871
2316180,1872
2316720,1872
2317259,1872
2317798,1872
2318338,1873
2318877,1873
2319416,1872
2319957,1873
2320496,1872
2321036,1872
2321575,1872
2322115,1872
2322654,1872
2323193,1872
2323732,1874
2324271,1875
2324810,1872
2325350,1872
2325889,1872
2326428,1872
2326968,1872
2327507,1873
2328047,1872
2328586,1873
2329126,1872
2329665,1872
2330204,1871
2330743,1872
2331283,1872
2331822,1872
2332365,1872
2332905,1873
2333444,1872
2333983,1873
2334522,1872
2335061,1872
2335601,1873
2336141,1872
2336680,1872
2337220,1874
2337759,1873
2338298,1872
2338837,1871
2339381,1872
2339921,1871
2340460,1872
2341000,1872
2341539,1872
2342078,1872
2342617,1872
2343158,1873
2343697,1871
2344237,1873
2344776,1872
2345315,1872
2345855,1872
2346399,1872
2346939,1872
2347478,1872
2348018,1872
2348557,1872
2349096,1872
2349636,1871
2350176,1873
2350715,1872
2351256,1872
2351795,1872
2352334,1872
2352873,1872
2353412,1873
2353952,1872
2354491,1872
2355031,1875
2355570,1874
2356110,1872
2356649,1872
2357188,1872
2357727,1873
2358266,1872
2358805,1872
2359344,1872
2359883,1874
2360422,1872
2360963,1872
2361502,1872
2362042,1872
2362581,1874
2363120,1872
2363659,1872
2364200,1874
2364740,1873
2365279,1873
2365819,1872
2366358,1874
2366897,1872
2367437,1874
2367977,1875
2368516,1871
2369056,1874
2369595,1872
2370135,1872
2370674,1872
2371214,1871
2371753,1872
2372292,1871
2372831,1873
2373375,1871
2373915,1873
2374454,1871
2374994,1872
2375533,1872
2376072,1872
2376611,1872
2377151,1872
2377690,1872
2378231,1873
2378770,1872
2379309,1872
2379849,1872
2380392,1872
2380931,1871
2381470,1873
2382010,1872
2382549,1872
2383088,1874
2383628,1872
2384168,1871
2384707,1872
2385248,1873
2385788,1872
2386327,1872
2386866,1872
2387406,1872
2387945,1872
2388484,1872
2389025,1872
2389564,1872
2390104,1874
2390643,1872
2391182,1872
2391721,1872
2392260,1872
2392799,1872
2393338,1873
2393878,1872
2394417,1872
2394956,1872
2395495,1872
2396036,1872
2396575,1869
2397114,1872
2397654,1872
2398194,1872
2398733,1873
2399272,1871
2399812,1873
2400353,1872
2400892,1877
2401431,1872
2401970,1872
2402509,1872
2403050,1873
2403589,1872
2404130,1872
2404669,1873
2405208,1871
2405748,1873
2406288,1872
2406827,1872
2407370,1871
2407910,1873
2408449,1872
2408989,1872
2409528,1872
2410067,1873
2410607,1872
2411146,1872
2411685,1870
2412227,1872
2412767,1873
2413306,1871
2413846,1870
2414389,1872
2414929,1872
2415468,1872
2416007,1874
2416547,1872
2417087,1872
2417626,1872
2418166,1872
2418705,1871
2419246,1872
2419785,1872
2420325,1872
2420866,1872
2421405,1872
2421944,1873
2422483,1873
2423023,1871
2423562,1872
2424102,1872
2424642,1871
2425181,1872
2425721,1872
2426260,1872
2426799,1872
2427338,1872
2427877,1873
2428417,1872
2428957,1872
2429496,1872
2430036,1872
2430575,1872
2431114,1872
2431653,1874
2432193,1873
2432732,1872
2433272,1872
2433811,1872
2434351,1872
2434890,1872
2435430,1871
2435970,1872
2436509,1872
2437049,1873
2437588,1872
2438128,1870
2438667,1872
2439206,1871
2439745,1868
2440285,1871
2440825,1872
2441368,1872
2441908,1872
2442447,1873
2442986,1873
2443525,1872
2444065,1873
2444605,1871
2445145,1872
2445684,1871
2446226,1872
2446765,1871
2447305,1874
2447844,1873
2448388,1872
2448927,1872
2449467,1872
2450006,1872
2450546,1872
2451085,1872
2451624,1872
2452163,1872
2452703,1872
2453243,1873
2453783,1872
2454322,1872
2454865,1872
2455405,1873
2455945,1873
2456484,1872
2457024,1871
2457563,1872
2458102,1872
2458642,1872
2459182,1872
2459721,1873
2460261,1870
2460800,1872
2461339,1872
2461878,1872
2462417,1871
2462957,1872
2463496,1873
2464035,1873
2464575,1872
2465115,1871
2465654,1875
2466194,1872
2466733,1872
2467272,1872
2467812,1872
2468351,1872
2468890,1872
2469430,1873
2469970,1874
2470509,1870
2471049,1872
2471588,1872
2472127,1870
2472667,1872
2473207,1872
2473747,1872
2474287,1872
2474826,1872
2475369,1873
2475908,1875
2476447,1872
2476987,1873
2477526,1872
2478065,1872
2478604,1871
2479145,1874
2479684,1872
2480225,1873
2480766,1872
2481306,1872
2481846,1872
2482389,1869
2482929,1872
2483468,1873
2484007,1873
2484546,1873
2485085,1872
2485624,1872
2486163,1871
2486702,1873
2487243,1872
2487782,1872
2488322,1872
2488865,1872
2489405,1872
2489944,1872
2490484,1872
2491024,1871
2491563,1872
2492103,1872
2492642,1872
2493181,1872
2493721,1872
2494260,1871
2494799,1873
2495338,1873
2495877,1872
2496417,1872
2496957,1872
2497496,1872
2498036,1872
2498575,1873
2499114,1872
2499653,1873
2500192,1870
2500731,1872
2501270,1872
2501809,1872
2502348,1873
2502888,1872
2503427,1873
2503966,1872
2504506,1872
2505045,1875
2505584,1872
2506123,1873
2506663,1873
2507202,1874
2507742,1872
2508281,1872
2508820,1870
2509359,1872
2509899,1872
2510438,1873
2510977,1872
2511516,1871
2512057,1872
2512596,1874
2513135,1872
2513675,1872
2514215,1872
2514754,1873
2515293,1872
2515833,1872
2516376,1873
2516916,1871
2517455,1872
2517995,1872
2518534,1872
2519073,1873
2519613,1873
2520153,1872
2520692,1870
2521232,1872
2521773,1873
2522312,1871
2522851,1872
2523395,1872
2523935,1872
2524474,1872
2525013,1871
2525553,1872
2526093,1872
2526632,1872
2527172,1873
2527712,1872
2528255,1872
2528794,1872
2529333,1872
2529872,1874
2530412,1873
2530952,1872
2531491,1872
2532031,1872
2532570,1872
2533109,1872
2533648,1872
2534188,1872
2534727,1873
2535267,1871
2535806,1873
2536346,1872
2536886,1873
2537425,1872
2537964,1877
2538503,1872
2539042,1872
2539582,1872
2540121,1872
2540660,1872
2541200,1872
2541740,1872
2542279,1872
2542818,1872
2543357,1872
2543896,1872
2544435,1872
2544975,1872
2545514,1872
2546054,1871
2546593,1872
2547132,1872
2547671,1873
2548212,1872
2548751,1871
2549290,1872
2549829,1872
2550373,1872
2550913,1872
2551452,1874
2551991,1872
2552530,1873
2553069,1873
2553608,1875
2554149,1873
2554688,1872
2555229,1873
2555768,1872
2556307,1872
2556846,1872
2557389,1872
2557929,1872
2558468,1873
2559008,1872
2559547,1872
2560086,1872
2560625,1873
2561164,1872
2561704,1872
2562244,1872
2562783,1873
2563323,1872
2563866,1872
2564405,1872
2564944,1872
2565484,1876
2566024,1875
2566563,1873
2567103,1874
2567642,1872
2568181,1873
2568721,1872
2569260,1872
2569799,1872
2570338,1872
2570877,1874
2571417,1870
2571957,1872
2572496,1872
2573036,1875
2573575,1872
2574114,1873
2574653,1872
2575192,1873
2575732,1873
2576271,1872
2576810,1874
2577349,1872
2577889,1872
2578428,1872
2578968,1872
2579507,1872
2580046,1872
2580586,1872
2581126,1872
2581665,1872
2582205,1872
2582745,1872
2583284,1872
2583823,1872
2584367,1872
2584906,1872
2585446,1873
2585985,1872
2586525,1871
2587065,1872
2587604,1872
2588143,1872
2588682,1871
2589225,1872
2589764,1871
2590303,1872
2590842,1872
2591385,1872
2591924,1871
2592463,1872
2593002,1871
2593542,1872
2594081,1874
2594621,1872
2595160,1872
2595700,1872
2596240,1872
2596779,1874
2597318,1872
2597857,1872
2598401,1875
2598941,1872
2599480,1872
2600019,1869
2600558,1874
2601097,1871
2601637,1874
2602177,1872
2602716,1872
2603258,1872
2603798,1872
2604337,1872
2604876,1872
2605415,1872
2605954,1872
2606494,1872
2607033,1871
2607572,1872
2608112,1871
2608651,1874
2609191,1872
2609731,1871
2610271,1872
2610810,1872
2611350,1872
2611890,1872
2612429,1872
2612969,1872
2613508,1870
2614047,1872
2614587,1872
2615126,1872
2615666,1872
2616206,1874
2616745,1873
2617285,1872
2617824,1872
2618368,1872
2618907,1872
2619446,1873
2619986,1875
2620526,1871
2621065,1873
2621604,1872
2622145,1872
2622684,1872
2623225,1872
2623766,1873
2624306,1872
2624845,1872
2625388,1872
2625929,1872
2626468,1874
2627008,1872
2627547,1872
2628086,1872
2628625,1872
2629164,1872
2629704,1870
2630244,1872
2630784,1872
2631323,1872
2631866,1872
2632406,1870
2632945,1872
2633485,1872
2634024,1872
2634563,1873
2635102,1873
2635642,1872
2636181,1872
2636721,1872
2637260,1870
2637799,1872
2638338,1872
2638877,1871
2639416,1872
2639957,1872
2640496,1872
2641036,1872
2641575,1871
2642114,1872
2642654,1872
2643193,1872
2643733,1872
2644273,1875
2644813,1872
2645352,1872
2645891,1872
2646430,1871
2646969,1872
2647508,1872
2648047,1872
2648587,1871
2649127,1872
2649666,1873
2650205,1873
2650745,1872
2651285,1872
2651824,1872
2652369,1873
2652909,1872
2653448,1875
2653987,1872
2654526,1872
2655066,1872
2655606,1872
2656146,1873
2656685,1872
2657226,1871
2657765,1872
2658305,1872
2658844,1873
2659388,1873
2659928,1869
2660467,1872
2661006,1872
2661545,1872
2662084,1872
2662623,1875
2663162,1872
2663702,1873
2664242,1872
2664781,1873
2665320,1873
2665860,1872
2666404,1874
2666944,1872
2667484,1873
2668024,1873
2668563,1873
2669102,1872
2669641,1872
2670181,1872
2670721,1872
2671260,1872
2671799,1872
2672338,1872
2672877,1873
2673416,1872
2673957,1872
2674496,1872
2675036,1872
2675575,1872
2676114,1871
2676654,1870
2677194,1872
2677733,1871
2678272,1872
2678811,1871
2679351,1872
2679890,1872
2680429,1872
2680969,1874
2681508,1872
2682048,1872
2682587,1874
2683126,1872
2683666,1873
2684206,1872
2684745,1872
2685285,1872
2685824,1872
2686369,1872
2686909,1872
2687448,1872
2687988,1872
2688527,1872
2689066,1872
2689605,1872
2690146,1873
2690685,1872
2691227,1872
2691766,1873
2692305,1873
2692844,1872
2693388,1872
2693927,1872
2694466,1872
2695005,1872
2695544,1875
2696084,1873
2696623,1872
2697162,1872
2697702,1872
2698241,1872
2698781,1872
2699320,1872
2699860,1872
2700403,1872
2700943,1871
2701482,1872
2702022,1872
2702561,1872
2703100,1875
2703640,1872
2704179,1873
2704718,1872
2705258,1872
2705797,1872
2706337,1872
2706876,1874
2707416,1874
2707956,1872
2708495,1870
2709035,1874
2709574,1872
2710113,1872
2710652,1874
2711191,1872
2711731,1872
2712272,1871
2712811,1872
2713351,1872
2713890,1872
2714429,1872
2714970,1873
2715509,1872
2716049,1873
2716588,1872
2717128,1873
2717667,1872
2718206,1872
2718745,1872
2719284,1872
2719823,1872
2720368,1873
2720908,1872
2721447,1873
2721986,1872
2722526,1872
2723065,1872
2723604,1872
2724144,1872
2724683,1872
2725225,1872
2725764,1872
2726304,1872
2726843,1871
2727387,1871
2727927,1872
2728466,1870
2729006,1872
2729545,1872
2730084,1873
2730623,1872
2731162,1872
2731702,1872
2732242,1874
2732781,1872
2733320,1872
2733860,1872
2734403,1872
2734942,1872
2735481,1872
2736021,1872
2736561,1872
2737101,1874
2737640,1872
2738179,1874
2738718,1874
2739258,1872
2739797,1873
2740336,1873
2740876,1872
2741415,1872
2741955,1871
2742494,1872
2743033,1873
2743572,1872
2744112,1872
2744651,1872
2745192,1872
2745731,1872
2746272,1872
2746811,1872
2747350,1873
2747889,1873
2748428,1872
2748968,1872
2749507,1873
2750047,1872
2750586,1872
2751125,1873
2751664,1872
2752204,1872
2752743,1872
2753283,1872
2753822,1873
2754365,1873
2754905,1873
2755445,1872
2755985,1872
2756524,1873
2757065,1872
2757604,1872
2758144,1872
2758683,1873
2759225,1872
2759764,1873
2760304,1873
2760843,1872
2761387,1873
2761927,1872
2762466,1872
2763005,1872
2763545,1872
2764085,1872
2764624,1872
2765164,1871
2765703,1872
2766243,1872
2766783,1870
2767322,1872
2767866,1874
2768405,1873
2768944,1872
2769483,1872
2770023,1873
2770562,1874
2771101,1873
2771641,1872
2772180,1872
2772720,1872
2773260,1870
2773799,1872
2774339,1872
2774879,1875
2775418,1873
2775957,1872
2776496,1873
2777036,1873
2777575,1871
2778114,1872
2778653,1871
2779193,1872
2779732,1872
2780271,1872
2780811,1873
2781351,1874
2781890,1872
2782429,1872
2782968,1872
2783508,1873
2784048,1872
2784587,1871
2785126,1872
2785666,1872
2786206,1871
2786745,1873
2787284,1872
2787823,1872
2788368,1872
2788908,1872
2789447,1872
2789986,1872
2790525,1872
2791064,1872
2791603,1872
2792143,1872
2792682,1873
2793225,1872
2793764,1872
2794304,1872
2794843,1872
2795387,1872
2795927,1874
2796466,1871
2797005,1872
2797544,1871
2798084,1872
2798623,1872
2799162,1872
2799702,1873
2800242,1874
2800781,1874
2801321,1872
2801865,1873
2802404,1872
2802943,1873
2803482,1873
2804021,1873
2804560,1872
2805100,1871
2805639,1871
2806179,1872
2806718,1872
2807258,1872
2807799,1872
2808339,1873
2808878,1872
2809417,1876
2809957,1872
2810496,1872
2811037,1872
2811576,1871
2812115,1872
2812655,1872
2813194,1873
2813734,1872
2814274,1873
2814813,1872
2815354,1873
2815894,1870
2816433,1872
2816972,1872
2817512,1872
2818052,1873
2818591,1872
2819131,1872
2819670,1872
2820209,1872
2820748,1872
2821287,1872
2821826,1873
2822369,1872
2822908,1872
2823447,1872
2823986,1872
2824525,1872
2825065,1872
2825604,1872
2826143,1872
2826682,1869
2827226,1872
2827766,1872
2828305,1872
2828844,1872
2829388,1873
2829927,1872
2830467,1872
2831006,1872
2831546,1873
2832086,1872
2832625,1872
2833165,1873
2833704,1872
2834244,1873
2834785,1873
2835324,1872
2835866,1872
2836405,1875
2836945,1872
2837484,1872
2838024,1874
2838563,1872
2839103,1872
2839642,1872
2840181,1872
2840721,1872
2841260,1872
2841799,1872
2842338,1873
2842877,1872
2843417,1872
2843957,1872
2844496,1873
2845036,1871
2845575,1873
2846114,1873
2846653,1873
2847192,1872
2847732,1872
2848271,1869
2848810,1872
2849349,1872
2849888,1872
2850428,1872
2850967,1872
2851506,1871
2852046,1872
2852586,1870
2853125,1873
2853664,1874
2854204,1872
2854743,1872
2855283,1872
2855822,1873
2856365,1873
2856904,1872
2857443,1872
2857982,1876
2858522,1875
2859062,1872
2859601,1873
2860141,1873
2860680,1873
2861220,1872
2861759,1872
2862298,1875
2862837,1874
2863381,1872
2863921,1872
2864460,1872
2865000,1874
2865539,1873
2866079,1872
2866619,1872
2867158,1870
2867697,1871
2868237,1873
2868776,1872
2869315,1873
2869855,1872
2870399,1873
2870939,1872
2871478,1872
2872017,1872
2872556,1871
2873096,1871
2873635,1871
2874174,1872
2874713,1872
2875256,1872
2875795,1872
2876336,1873
2876876,1871
2877415,1873
2877955,1875
2878494,1872
2879034,1872
2879574,1873
2880113,1872
2880652,1872
2881193,1873
2881733,1872
2882272,1872
2882812,1874
2883351,1873
2883890,1872
2884429,1872
2884968,1874
2885508,1872
2886048,1872
2886587,1869
2887127,1870
2887666,1874
2888205,1872
2888745,1875
2889284,1872
2889823,1872
2890367,1872
2890906,1873
2891446,1872
2891986,1872
2892525,1873
2893065,1873
2893604,1872
2894145,1873
2894684,1872
2895226,1872
2895765,1872
2896305,1872
2896844,1872
2897388,1872
2897927,1872
2898467,1872
2899006,1871
2899545,1872
2900084,1872
2900623,1872
2901162,1872
2901702,1872
2902241,1872
2902781,1873
2903320,1870
2903860,1872
2904403,1872
2904943,1873
2905482,1871
2906022,1873
2906561,1872
2907101,1873
2907640,1872
2908179,1872
2908720,1872
2909259,1872
2909799,1872
2910339,1872
2910879,1872
2911418,1872
2911957,1872
2912496,1875
2913036,1872
2913575,1872
2914114,1872
2914653,1872
2915192,1874
2915732,1871
2916271,1872
2916810,1872
2917349,1872
2917888,1872
2918427,1872
2918966,1872
2919506,1873
2920045,1871
2920585,1873
2921125,1873
2921664,1872
2922204,1875
2922743,1872
2923283,1873
2923822,1873
2924365,1873
2924904,1872
2925443,1870
2925983,1872
2926522,1871
2927061,1873
2927600,1873
2928140,1872
2928679,1871
2929219,1873
2929758,1872
2930298,1872
2930837,1872
2931381,1872
2931920,1876
2932460,1872
2932999,1872
2933539,1872
2934079,1872
2934618,1872
2935158,1872
2935697,1872
2936238,1874
2936777,1872
2937317,1872
2937856,1872
2938400,1870
2938939,1872
2939478,1872
2940018,1872
2940557,1873
2941098,1875
2941637,1872
2942176,1872
2942716,1872
2943255,1872
2943794,1872
2944333,1873
2944873,1872
2945412,1874
2945951,1872
2946490,1872
2947030,1872
2947569,1872
2948108,1872
2948648,1872
2949187,1872
2949727,1872
2950267,1872
2950806,1874
2951346,1871
2951885,1872
2952425,1872
2952964,1872
2953504,1871
2954044,1871
2954583,1873
2955123,1871
2955662,1872
2956201,1872
2956741,1873
2957280,1871
2957819,1873
2958358,1871
2958897,1872
2959436,1872
2959977,1871
2960516,1872
2961056,1872
2961595,1872
2962134,1874
2962674,1872
2963213,1872
2963752,1872
2964291,1872
2964830,1873
2965374,1875
2965913,1872
2966453,1872
2966992,1872
2967532,1872
2968071,1870
2968610,1872
2969150,1872
2969689,1872
2970229,1874
2970768,1874
2971308,1872
2971847,1872
2972390,1873
2972929,1872
2973468,1872
2974007,1874
2974547,1871
2975086,1872
2975626,1872
2976166,1874
2976705,1872
2977246,1872
2977786,1870
2978325,1873
2978866,1872
2979406,1872
2979945,1871
2980485,1872
2981024,1872
2981563,1871
2982103,1871
2982642,1872
2983182,1873
2983721,1872
2984260,1872
2984799,1872
2985339,1872
2985878,1872
2986417,1872
2986957,1873
2987496,1871
2988035,1873
2988575,1872
2989114,1872
2989654,1872
2990193,1872
2990732,1872
2991271,1872
2991810,1872
2992350,1872
2992889,1872
2993428,1872
2993967,1873
2994506,1872
2995045,1872
2995585,1872
2996125,1872
2996664,1872
2997203,1871
2997742,1872
2998282,1872
2998821,1872
2999360,1873
2999900,1873
3000439,1872
3000978,1872
3001517,1872
3002058,1872
3002597,1873
3003137,1872
3003676,1872
3004217,1872
3004756,1872
3005295,1872
3005835,1874
3006379,1872
3006918,1872
3007457,1873
3007997,1873
3008536,1872
3009077,1873
3009616,1874
3010155,1872
3010694,1872
3011234,1872
3011773,1873
3012312,1873
3012851,1872
3013395,1873
3013935,1872
3014474,1872
3015013,1872
3015553,1872
3016092,1871
3016631,1872
3017171,1871
3017710,1872
3018251,1872
3018790,1872
3019330,1873
3019870,1872
3020409,1872
3020949,1872
3021488,1872
3022028,1873
3022567,1872
3023106,1876
3023646,1872
3024186,1872
3024725,1872
3025265,1871
3025804,1872
3026343,1872
3026883,1872
3027422,1873
3027962,1872
3028501,1872
3029040,1872
3029580,1874
3030120,1871
3030659,1871
3031199,1874
3031739,1873
3032278,1873
3032817,1873
3033357,1874
3033896,1872
3034435,1872
3034975,1872
3035514,1869
3036055,1872
3036594,1872
3037133,1873
3037672,1872
3038213,1872
3038752,1874
3039291,1874
3039830,1872
3040373,1872
3040914,1874
3041453,1872
3041992,1870
3042532,1871
3043071,1872
3043610,1873
3044149,1872
3044689,1872
3045229,1872
3045768,1874
3046307,1872
3046847,1873
3047390,1874
3047929,1872
3048468,1872
3049007,1872
3049547,1872
3050086,1872
3050625,1873
3051166,1869
3051705,1872
3052246,1872
3052786,1873
3053326,1872
3053865,1877
3054405,1872
3054944,1872
3055484,1873
3056024,1874
3056563,1872
3057103,1872
3057642,1874
3058181,1872
3058721,1872
3059260,1873
3059799,1872
3060338,1872
3060877,1872
3061416,1872
3061956,1872
3062495,1873
3063035,1872
3063575,1872
3064114,1870
3064653,1873
3065194,1873
3065733,1872
3066272,1872
3066811,1872
3067350,1872
3067890,1872
3068429,1873
3068969,1873
3069508,1872
3070047,1874
3070586,1871
3071125,1872
3071664,1872
3072203,1872
3072742,1872
3073282,1872
3073821,1872
3074360,1874
3074900,1874
3075439,1872
3075978,1872
3076517,1872
3077057,1873
3077596,1872
3078135,1872
3078674,1870
3079214,1873
3079753,1872
3080292,1872
3080832,1872
3081375,1873
3081915,1872
3082454,1872
3082993,1872
3083532,1872
3084072,1872
3084611,1872
3085151,1872
3085690,1872
3086231,1872
3086770,1873
3087309,1872
3087848,1872
3088391,1873
3088930,1871
3089470,1872
3090010,1872
3090549,1872
3091089,1872
3091628,1874
3092168,1872
3092707,1874
3093247,1872
3093786,1873
3094326,1872
3094866,1872
3095405,1872
3095944,1873
3096484,1872
3097024,1873
3097563,1874
3098103,1872
3098642,1873
3099181,1877
3099721,1874
3100260,1873
3100799,1872
3101338,1872
3101877,1872
3102417,1872
3102957,1870
3103496,1872
3104036,1872
3104575,1872
3105114,1872
3105653,1871
3106193,1869
3106733,1872
3107272,1869
3107812,1872
3108351,1872
3108890,1872
3109429,1873
3109969,1872
3110508,1869
3111047,1872
3111587,1871
3112126,1874
3112665,1872
3113206,1872
3113745,1873
3114284,1872
3114823,1875
3115368,1872
3115908,1872
3116447,1872
3116986,1872
3117526,1873
3118065,1873
3118605,1872
3119145,1873
3119684,1872
3120226,1872
3120766,1872
3121305,1872
3121844,1872
3122387,1872
3122926,1872
3123466,1873
3124005,1872
3124545,1872
3125085,1872
3125624,1872
3126164,1872
3126703,1872
3127243,1872
3127782,1872
3128322,1872
3128866,1872
3129405,1872
3129944,1872
3130483,1872
3131023,1873
3131562,1872
3132103,1872
3132642,1872
3133181,1872
3133721,1872
3134260,1872
3134799,1872
3135339,1872
3135879,1872
3136418,1872
3136957,1872
3137496,1871
3138035,1874
3138575,1872
3139114,1872
3139654,1872
3140193,1872
3140732,1873
3141271,1874
3141810,1874
3142350,1872
3142890,1872
3143429,1872
3143968,1872
3144508,1872
3145047,1872
3145586,1872
3146126,1872
3146665,1872
3147204,1872
3147743,1872
3148283,1872
3148822,1872
3149365,1872
3149904,1874
3150444,1872
3150984,1872
3151524,1872
3152064,1872
3152603,1872
3153143,1871
3153682,1872
3154225,1873
3154765,1873
3155304,1872
3155843,1869
3156386,1874
3156925,1874
3157465,1872
3158005,1873
3158544,1872
3159083,1872
3159623,1872
3160163,1872
3160702,1872
3161242,1872
3161781,1872
3162320,1872
3162859,1872
3163403,1872
3163942,1872
3164481,1872
3165020,1872
3165560,1872
3166100,1872
3166639,1872
3167179,1872
3167718,1872
3168258,1872
3168799,1872
3169338,1872
3169877,1872
3170416,1873
3170957,1872
3171496,1872
3172036,1872
3172575,1871
3173114,1871
3173654,1872
3174193,1872
3174732,1872
3175271,1872
3175810,1866
3176349,1872
3176888,1872
3177427,1872
3177966,1872
3178506,1871
3179046,1874
3179585,1871
3180125,1872
3180664,1872
3181204,1873
3181743,1873
3182283,1872
3182822,1872
3183366,1873
3183906,1873
3184445,1870
3184984,1872
3185523,1872
3186062,1872
3186601,1873
3187141,1872
3187681,1872
3188224,1872
3188765,1872
3189305,1871
3189844,1872
3190388,1872
3190928,1872
3191467,1872
3192006,1872
3192546,1873
3193085,1872
3193624,1873
3194164,1872
3194703,1872
3195243,1875
3195783,1873
3196323,1872
3196865,1874
3197405,1873
3197944,1872
3198483,1872
3199023,1871
3199562,1873
3200101,1872
3200641,1875
3201181,1872
3201721,1871
3202260,1872
3202799,1872
3203339,1872
3203878,1872
3204417,1872
3204957,1872
3205496,1872
3206036,1872
3206575,1872
3207114,1872
3207654,1871
3208194,1872
3208733,1871
3209272,1873
3209811,1872
3210351,1872
3210890,1872
3211430,1873
3211970,1872
3212509,1872
3213048,1872
3213588,1872
3214127,1872
3214667,1872
3215207,1873
3215747,1872
3216286,1872
3216826,1872
3217368,1872
3217908,1872
3218447,1872
3218987,1872
3219526,1872
3220065,1872
3220604,1872
3221144,1872
3221683,1872
3222225,1873
3222765,1873
3223304,1872
3223843,1871
3224387,1872
3224926,1873
3225465,1872
3226005,1872
3226545,1873
3227085,1872
3227624,1872
3228163,1872
3228702,1872
3229243,1871
3229782,1873
3230321,1872
3230860,1872
3231403,1872
3231943,1872
3232482,1872
3233022,1872
3233561,1872
3234101,1872
3234640,1872
3235180,1872
3235720,1872
3236259,1872
3236799,1871
3237338,1872
3237877,1872
3238416,1872
3238956,1872
3239495,1873
3240036,1872
3240575,1872
3241114,1872
3241653,1872
3242192,1873
3242732,1872
3243272,1872
3243811,1872
3244351,1872
3244890,1872
3245429,1875
3245968,1871
3246507,1872
3247046,1872
3247585,1875
3248125,1872
3248664,1873
3249205,1872
3249745,1872
3250284,1872
3250823,1875
3251367,1872
3251906,1872
3252445,1871
3252984,1872
3253523,1873
3254064,1872
3254603,1873
3255143,1872
3255682,1872
3256225,1872
3256765,1872
3257304,1873
3257843,1872
3258387,1872
3258926,1873
3259465,1872
3260005,1872
3260545,1872
3261085,1872
3261624,1872
3262164,1872
3262703,1872
3263243,1873
3263782,1871
3264322,1873
3264865,1873
3265405,1872
3265944,1872
3266483,1872
3267023,1872
3267563,1872
3268102,1873
3268642,1872
3269181,1872
3269721,1872
3270261,1872
3270801,1872
3271340,1874
3271880,1872
3272419,1872
3272959,1872
3273498,1872
3274038,1872
3274577,1872
3275118,1871
3275657,1871
3276197,1873
3276736,1872
3277275,1871
3277814,1872
3278353,1872
3278893,1873
3279433,1872
3279973,1873
3280512,1872
3281052,1872
3281591,1872
3282131,1872
3282670,1873
3283209,1873
3283748,1872
3284287,1872
3284826,1872
3285369,1872
3285908,1870
3286448,1874
3286987,1872
3287527,1872
3288067,1871
3288606,1872
3289145,1873
3289684,1872
3290226,1874
3290765,1872
3291304,1872
3291843,1873
3292386,1873
3292925,1872
3293465,1872
3294004,1872
3294543,1871
3295082,1872
3295622,1872
3296161,1872
3296701,1870
3297241,1872
3297780,1872
3298319,1873
3298858,1872
3299403,1872
3299942,1872
3300481,1872
3301021,1872
3301561,1872
3302101,1872
3302640,1872
3303179,1872
3303720,1873
3304259,1872
3304799,1872
3305338,1872
3305877,1873
3306416,1872
3306955,1872
3307495,1872
3308035,1872
3308574,1872
3309113,1871
3309652,1872
3310191,1872
3310732,1872
3311272,1871
3311811,1872
3312351,1872
3312890,1872
3313430,1871
3313969,1872
3314508,1874
3315048,1872
3315588,1872
3316127,1873
3316666,1872
3317206,1872
3317745,1872
3318284,1873
3318823,1873
3319367,1875
3319907,1872
3320446,1873
3320985,1872
3321525,1872
3322065,1872
3322604,1871
3323144,1872
3323683,1872
3324225,1873
3324765,1873
3325304,1872
3325843,1872
3326386,1872
3326925,1873
3327465,1872
3328005,1873
3328544,1873
3329084,1873
3329623,1873
3330162,1872
3330702,1872
3331242,1872
3331781,1872
3332320,1872
3332860,1873
3333403,1874
3333943,1872
3334482,1872
3335022,1872
3335561,1873
3336100,1873
3336639,1872
3337178,1872
3337720,1872
3338260,1872
3338799,1872
3339338,1873
3339877,1872
3340416,1872
3340956,1874
3341496,1872
3342035,1872
3342575,1872
3343114,1872
3343653,1871
3344192,1872
3344732,1875
3345271,1872
3345810,1872
3346351,1872
3346890,1872
3347429,1875
3347968,1873
3348507,1872
3349048,1872
3349587,1872
3350126,1872
3350665,1872
3351204,1872
3351743,1872
3352284,1873
3352823,1872
3353368,1872
3353908,1873
3354447,1872
3354986,1872
3355525,1872
3356065,1871
3356605,1872
3357145,1872
3357684,1871
3358225,1875
3358764,1875
3359303,1872
3359843,1872
3360387,1872
3360926,1872
3361466,1873
3362006,1872
3362545,1872
3363084,1872
3363623,1872
3364162,1872
3364702,1872
3365242,1872
3365781,1872
3366320,1872
3366861,1872
3367405,1871
3367945,1872
3368484,1872
3369024,1872
3369563,1872
3370102,1872
3370641,1872
3371181,1872
3371721,1872
3372260,1872
3372799,1872
3373338,1872
3373877,1872
3374417,1873
3374957,1872
3375496,1873
3376035,1873
3376575,1872
3377114,1871
3377654,1872
3378194,1872
3378733,1872
3379273,1872
3379812,1872
3380353,1872
3380893,1873
3381432,1874
3381971,1871
3382510,1872
3383051,1872
3383590,1872
3384130,1874
3384669,1872
3385208,1872
3385748,1872
3386287,1872
3386826,1872
3387370,1874
3387909,1872
3388448,1872
3388987,1872
3389526,1872
3390065,1873
3390605,1870
3391145,1872
3391684,1871
3392226,1867
3392765,1872
3393305,1872
3393844,1872
3394388,1872
3394928,1872
3395467,1870
3396006,1870
3396545,1869
3397084,1872
3397623,1872
3398162,1872
3398702,1872
3399242,1872
3399781,1874
3400320,1872
3400860,1872
3401404,1872
3401944,1872
3402483,1872
3403023,1871
3403562,1872
3404101,1872
3404641,1871
3405181,1873
3405721,1872
3406260,1872
3406799,1872
3407338,1872
3407877,1872
3408417,1872
3408957,1872
3409496,1871
3410035,1872
3410574,1872
3411113,1871
3411652,1872
3412192,1873
3412731,1874
3413272,1872
3413811,1872
3414351,1872
3414890,1873
3415429,1873
3415969,1872
3416508,1872
3417047,1872
3417586,1872
3418126,1872
3418665,1872
3419204,1871
3419743,1872
3420283,1872
3420822,1872
3421365,1872
3421904,1872
3422443,1872
3422983,1872
3423522,1873
3424061,1873
3424601,1872
3425140,1872
3425679,1872
3426219,1872
3426759,1872
3427298,1872
3427837,1872
3428381,1871
3428920,1872
3429460,1872
3430000,1872
3430539,1872
3431078,1872
3431617,1873
3432156,1872
3432695,1872
3433236,1873
3433776,1873
3434315,1873
3434854,1872
3435397,1873
3435937,1871
3436477,1872
3437017,1872
3437556,1872
3438095,1872
3438634,1872
3439174,1872
3439713,1871
3440255,1872
3440794,1874
3441333,1871
3441874,1872
3442413,1872
3442952,1872
3443492,1872
3444031,1872
3444571,1872
3445111,1870
3445650,1872
3446189,1872
3446728,1872
3447267,1872
3447806,1872
3448345,1870
3448884,1872
3449424,1872
3449963,1872
3450502,1872
3451043,1872
3451582,1872
3452121,1872
3452660,1872
3453199,1872
3453739,1872
3454278,1873
3454818,1872
3455358,1872
3455897,1871
3456437,1872
3456977,1872
3457516,1872
3458055,1872
3458595,1872
3459134,1873
3459674,1873
3460214,1873
3460753,1873
3461292,1872
3461831,1872
3462375,1872
3462915,1872
3463454,1872
3463994,1872
3464533,1872
3465073,1872
3465612,1872
3466152,1873
3466691,1872
3467231,1873
3467770,1872
3468309,1872
3468848,1872
3469391,1872
3469930,1872
3470469,1873
3471008,1872
3471548,1872
3472087,1872
3472627,1870
3473167,1872
3473706,1872
3474247,1872
3474786,1872
3475325,1872
3475866,1872
3476406,1875
3476945,1872
3477485,1872
3478024,1873
3478563,1873
3479102,1872
3479641,1873
3480180,1875
3480720,1873
3481259,1872
3481799,1872
3482338,1872
3482877,1872
3483416,1870
3483956,1872
3484495,1874
3485036,1872
3485575,1871
3486114,1872
3486653,1873
3487193,1872
3487732,1872
3488271,1872
3488810,1872
3489349,1872
3489889,1872
3490428,1872
3490969,1872
3491508,1873
3492048,1872
3492587,1875
3493126,1872
3493665,1872
3494204,1872
3494743,1872
3495283,1872
3495822,1872
3496365,1873
3496904,1872
3497443,1872
3497984,1873
3498523,1873
3499063,1872
3499602,1872
3500141,1873
3500681,1872
3501224,1874
3501763,1872
3502303,1873
3502842,1872
3503386,1872
3503926,1872
3504465,1872
3505004,1872
3505543,1872
3506082,1872
3506621,1872
3507160,1874
3507699,1871
3508239,1872
3508779,1873
3509318,1872
3509857,1872
3510401,1871
3510941,1872
3511480,1872
3512020,1872
3512559,1872
3513099,1872
3513638,1872
3514179,1871
3514718,1872
3515258,1872
3515797,1872
3516337,1872
3516876,1872
3517415,1873
3517954,1875
3518493,1872
3519032,1872
3519571,1872
3520110,1872
3520650,1872
3521190,1873
3521729,1872
3522268,1872
3522807,1871
3523346,1873
3523886,1872
3524425,1872
3524964,1872
3525503,1872
3526044,1872
3526583,1872
3527123,1872
3527662,1874
3528201,1873
3528741,1872
3529280,1872
3529819,1872
3530358,1875
3530897,1872
3531436,1872
3531975,1872
3532515,1872
3533054,1872
3533594,1872
3534133,1872
3534673,1872
3535213,1872
3535752,1874
3536292,1871
3536831,1872
3537374,1871
3537915,1871
3538454,1872
3538994,1875
3539533,1873
3540072,1872
3540611,1872
3541151,1872
3541690,1872
3542231,1872
3542770,1871
3543310,1873
3543849,1872
3544392,1872
3544931,1872
3545470,1873
3546009,1872
3546549,1872
3547088,1874
3547627,1874
3548167,1872
3548706,1872
3549247,1872
3549786,1873
3550326,1873
3550865,1874
3551404,1872
3551943,1872
3552482,1872
3553022,1872
3553561,1872
3554101,1873
3554640,1872
3555179,1872
3555720,1872
3556259,1871
3556798,1872
3557337,1873
3557877,1872
3558417,1873
3558957,1872
3559496,1872
3560037,1872
3560576,1871
3561115,1872
3561655,1872
3562195,1874
3562734,1872
3563273,1872
3563813,1872
3564352,1874
3564891,1872
3565430,1875
3565971,1872
3566510,1873
3567050,1874
3567589,1872
3568129,1872
3568668,1872
3569207,1872
3569747,1874
3570287,1872
3570826,1872
3571369,1872
3571909,1872
3572448,1872
3572988,1872
3573527,1872
3574066,1872
3574606,1872
3575146,1872
3575685,1872
3576226,1871
3576765,1872
3577304,1873
3577843,1869
3578386,1872
3578925,1874
3579465,1872
3580005,1872
3580544,1872
3581084,1872
3581623,1873
3582163,1872
3582702,1872
3583242,1872
3583781,1872
3584321,1872
3584860,1872
3585403,1872
3585942,1871
3586481,1873
3587020,1872
3587559,1872
3588099,1872
3588638,1873
3589178,1872
3589720,1873
3590259,1872
3590798,1873
3591338,1871
3591877,1872
3592417,1873
3592957,1873
3593496,1874
3594036,1872
3594575,1872
3595115,1871
3595654,1872
3596194,1873
3596733,1873
3597273,1872
3597813,1872
3598352,1872
3598891,1872
3599431,1872
3599970,1872
3600509,1873
3601049,1872
3601588,1872
3602127,1872
3602666,1872
3603206,1872
3603745,1872
3604285,1873
3604824,1873
3605369,1872
3605909,1873
3606448,1871
3606987,1872
3607526,1872
3608066,1872
3608606,1874
3609145,1873
3609684,1872
3610226,1871
3610765,1873
3611306,1872
3611845,1873
3612388,1872
3612929,1872
3613468,1872
3614008,1872
3614547,1872
3615087,1872
3615626,1871
3616166,1872
3616705,1872
3617246,1872
3617785,1872
3618326,1870
3618866,1872
3619405,1871
3619944,1871
3620483,1872
3621024,1872
3621563,1872
3622104,1872
3622643,1874
3623183,1871
3623722,1872
3624262,1872
3624801,1871
3625340,1872
3625880,1872
3626419,1872
3626958,1872
3627497,1872
3628037,1872
3628577,1872
3629116,1869
3629656,1872
3630195,1872
3630735,1872
3631274,1871
3631813,1871
3632352,1869
3632891,1870
3633431,1872
3633970,1872
3634509,1874
3635049,1870
3635588,1872
3636127,1873
3636666,1872
3637206,1874
3637745,1873
3638284,1873
3638823,1872
3639367,1872
3639907,1872
3640446,1873
3640985,1872
3641525,1873
3642064,1873
3642603,1872
3643143,1873
3643682,1872
3644225,1872
3644764,1872
3645303,1872
3645842,1872
3646385,1872
3646924,1876
3647464,1872
3648004,1872
3648543,1872
3649083,1872
3649622,1872
3650161,1872
3650700,1872
3651241,1872
3651780,1872
3652319,1872
3652859,1874
3653402,1872
3653942,1871
3654481,1872
3655021,1872
3655560,1873
3656099,1872
3656638,1872
3657177,1872
3657717,1872
3658257,1871
3658796,1872
3659336,1871
3659875,1872
3660414,1873
3660953,1872
3661493,1873
3662032,1871
3662572,1872
3663112,1872
3663651,1872
3664190,1874
3664731,1873
3665270,1871
3665809,1872
3666348,1871
3666888,1872
3667427,1872
3667966,1872
3668505,1872
3669045,1873
3669585,1872
3670125,1872
3670664,1872
3671203,1872
3671742,1874
3672282,1873
3672821,1872
3673360,1873
3673899,1872
3674438,1872
3674978,1872
3675517,1872
3676057,1871
3676596,1874
3677136,1873
3677675,1872
3678215,1872
3678754,1872
3679293,1875
3679833,1872
3680376,1872
3680915,1872
3681455,1871
3681995,1872
3682534,1874
3683073,1872
3683613,1872
3684152,1872
3684691,1871
3685232,1873
3685772,1872
3686312,1873
3686851,1872
3687394,1872
3687933,1872
3688473,1871
3689013,1873
3689552,1873
3690092,1872
3690631,1872
3691171,1872
3691710,1874
3692250,1871
3692789,1872
3693328,1872
3693868,1873
3694407,1872
3694946,1872
3695485,1872
3696025,1872
3696564,1872
3697103,1872
3697643,1874
3698182,1872
3698722,1874
3699262,1872
3699801,1872
3700340,1872
3700880,1873
3701419,1873
3701959,1873
3702498,1872
3703038,1874
3703577,1872
3704117,1872
3704656,1872
3705195,1872
3705734,1872
3706274,1872
3706813,1872
3707352,1872
3707891,1871
3708431,1872
3708970,1872
3709509,1872
3710050,1872
3710589,1874
3711128,1872
3711667,1872
3712207,1872
3712747,1873
3713286,1871
3713826,1872
3714368,1872
3714909,1873
3715448,1873
3715988,1872
3716527,1872
3717066,1871
3717605,1871
3718145,1872
3718684,1870
3719226,1872
3719765,1873
3720305,1872
3720844,1870
3721388,1870
3721928,1869
3722467,1872
3723006,1873
3723546,1872
3724085,1872
3724624,1872
3725164,1872
3725703,1872
3726243,1872
3726783,1872
3727322,1873
3727865,1874
3728405,1872
3728944,1872
3729483,1872
3730022,1872
3730562,1870
3731102,1872
3731641,1873
3732180,1871
3732720,1872
3733260,1872
3733799,1872
3734339,1872
3734879,1872
3735418,1872
3735958,1869
3736497,1870
3737037,1872
3737576,1871
3738115,1872
3738655,1873
3739195,1872
3739734,1872
3740273,1872
3740812,1873
3741351,1872
3741890,1871
3742429,1873
3742968,1872
3743508,1872
3744048,1871
3744587,1872
3745126,1872
3745665,1872
3746204,1872
3746744,1871
3747284,1872
3747823,1872
3748368,1872
3748908,1872
3749447,1872
3749986,1872
3750526,1871
3751065,1872
3751605,1872
3752145,1873
3752684,1872
3753226,1872
3753765,1872
3754305,1874
3754844,1872
3755388,1872
3755927,1872
3756467,1872
3757006,1871
3757545,1872
3758084,1873
3758623,1872
3759162,1872
3759701,1872
3760241,1870
3760780,1872
3761320,1872
3761859,1872
3762403,1874
3762943,1872
3763482,1872
3764022,1872
3764561,1873
3765100,1872
3765640,1872
3766180,1872
3766720,1873
3767259,1871
3767799,1872
3768338,1872
3768877,1873
3769416,1874
3769957,1872
3770496,1873
3771036,1872
3771575,1872
3772114,1872
3772654,1872
3773193,1872
3773732,1871
3774271,1873
3774810,1872
3775350,1872
3775889,1872
3776428,1872
3776968,1872
3777507,1872
3778046,1871
3778585,1872
3779124,1870
3779663,1871
3780202,1872
3780741,1872
3781280,1872
3781819,1872
3782358,1872
3782897,1872
3783436,1872
3783975,1871
3784514,1874
3785053,1873
3785592,1872
3786132,1872
3786672,1872
3787211,1872
3787750,1872
3788289,1871
3788829,1872
3789372,1872
3789911,1872
3790450,1873
3790991,1871
3791530,1872
3792069,1873
3792608,1873
3793147,1872
3793686,1871
3794227,1872
3794766,1874
3795305,1873
3795844,1872
3796388,1872
3796928,1872
3797467,1874
3798006,1872
3798545,1872
3799084,1872
3799623,1873
3800162,1872
3800702,1872
3801243,1872
3801782,1872
3802321,1872
3802860,1872
3803404,1872
3803943,1872
3804482,1871
3805023,1872
3805562,1872
3806101,1872
3806640,1872
3807180,1873
3807720,1874
3808259,1870
3808798,1872
3809338,1874
3809878,1872
3810417,1873
3810957,1876
3811497,1872
3812037,1872
3812576,1871
3813116,1872
3813655,1872
3814194,1872
3814733,1872
3815272,1872
3815811,1871
3816351,1872
3816890,1872
3817430,1873
3817970,1872
3818509,1872
3819049,1872
3819588,1873
3820127,1873
3820666,1872
3821205,1872
3821745,1872
3822285,1872
3822825,1872
3823368,1872
3823908,1872
3824447,1872
3824986,1872
3825525,1872
3826065,1872
3826605,1871
3827145,1872
3827684,1869
3828225,1875
3828765,1872
3829304,1872
3829843,1871
3830387,1872
3830926,1872
3831465,1871
3832004,1872
3832544,1872
3833084,1872
3833623,1872
3834163,1872
3834702,1872
3835242,1872
3835781,1874
3836320,1872
3836860,1872
3837403,1874
3837942,1872
3838481,1872
3839021,1872
3839560,1872
3840099,1872
3840638,1872
3841179,1872
3841718,1872
3842258,1871
3842797,1872
3843337,1872
3843876,1873
3844415,1871
3844954,1872
3845493,1873
3846032,1872
3846571,1873
3847111,1872
3847650,1872
3848189,1872
3848728,1872
3849268,1872
3849807,1872
3850346,1873
3850886,1872
3851425,1872
3851964,1872
3852503,1873
3853044,1872
3853583,1872
3854123,1872
3854662,1872
3855201,1875
3855740,1872
3856279,1874
3856818,1872
3857357,1873
3857897,1872
3858436,1872
3858976,1876
3859515,1873
3860054,1871
3860593,1872
3861133,1874
3861673,1872
3862213,1872
3862752,1873
3863292,1873
3863831,1872
3864375,1873
3864915,1872
3865454,1872
3865993,1872
3866532,1872
3867072,1875
3867611,1872
3868151,1874
3868690,1872
3869231,1871
3869771,1872
3870310,1874
3870849,1873
3871393,1872
3871932,1872
3872471,1873
3873011,1872
3873550,1872
3874091,1872
3874630,1872
3875169,1872
3875709,1873
3876251,1872
3876790,1872
3877329,1871
3877868,1873
3878407,1872
3878946,1872
3879486,1873
3880026,1872
3880565,1873
3881104,1873
3881643,1872
3882183,1872
3882722,1873
3883262,1872
3883801,1872
3884340,1872
3884880,1872
3885419,1871
3885958,1873
3886497,1872
3887038,1875
3887577,1872
3888117,1871
3888656,1874
3889195,1873
3889734,1872
3890274,1873
3890813,1872
3891352,1872
3891891,1872
3892430,1873
3892971,1869
3893510,1872
3894050,1871
3894589,1872
3895128,1872
3895668,1872
3896208,1872
3896747,1872
3897287,1872
3897826,1872
3898370,1872
3898909,1873
3899448,1872
3899988,1872
3900527,1871
3901066,1872
3901605,1869
3902146,1871
3902685,1872
3903226,1871
3903765,1872
3904304,1872
3904843,1872
3905387,1871
3905927,1872
3906466,1873
3907005,1875
3907544,1872
3908084,1873
3908623,1872
3909162,1872
3909702,1872
3910241,1873
3910781,1870
3911322,1872
3911866,1872
3912406,1871
3912945,1872
3913485,1872
3914025,1872
3914564,1872
3915104,1873
3915643,1872
3916182,1873
3916721,1872
3917260,1871
3917799,1872
3918339,1872
3918878,1872
3919417,1873
3919956,1872
3920495,1871
3921036,1875
3921575,1874
3922114,1872
3922654,1872
3923194,1872
3923733,1874
3924272,1873
3924811,1872
3925350,1872
3925890,1872
3926429,1871
3926969,1872
3927508,1873
3928048,1873
3928587,1872
3929126,1872
3929666,1872
3930206,1872
3930745,1872
3931285,1872
3931824,1872
3932368,1872
3932908,1872
3933447,1872
3933987,1872
3934526,1872
3935065,1873
3935604,1870
3936144,1872
3936683,1871
3937224,1872
3937763,1872
3938303,1872
3938842,1872
3939385,1871
3939924,1872
3940463,1872
3941004,1874
3941543,1872
3942082,1872
3942622,1874
3943161,1872
3943701,1872
3944241,1872
3944781,1874
3945321,1873
3945860,1867
3946405,1872
3946944,1871
3947484,1871
3948023,1872
3948562,1875
3949102,1872
3949641,1872
3950180,1872
3950719,1872
3951259,1874
3951798,1873
3952337,1875
3952877,1873
3953417,1872
3953957,1873
3954496,1872
3955036,1873
3955575,1870
3956114,1872
3956654,1871
3957193,1870
3957732,1872
3958271,1871
3958810,1872
3959350,1873
3959889,1872
3960428,1872
3960967,1871
3961506,1871
3962046,1872
3962585,1874
3963124,1871
3963663,1871
3964202,1872
3964741,1872
3965280,1873
3965820,1872
3966359,1872
3966898,1872
3967438,1871
3967978,1872
3968517,1872
3969057,1872
3969596,1873
3970135,1872
3970675,1872
3971214,1872
3971753,1871
3972293,1872
3972833,1872
3973376,1872
3973915,1872
3974454,1872
3974993,1872
3975532,1873
3976072,1872
3976611,1872
3977150,1872
3977690,1870
3978229,1873
3978768,1873
3979307,1872
3979846,1872
3980390,1871
3980930,1872
3981469,1872
3982010,1871
3982549,1872
3983088,1876
3983628,1872
3984167,1874
3984707,1872
3985246,1874
3985785,1872
3986325,1872
3986866,1874
3987405,1872
3987944,1872
3988483,1872
3989024,1873
3989563,1872
3990102,1871
3990641,1872
3991181,1872
3991721,1873
3992261,1874
3992800,1872
3993339,1872
3993880,1871
3994419,1873
3994959,1872
3995498,1872
3996038,1872
3996577,1872
3997117,1872
3997656,1873
3998195,1872
3998734,1873
3999273,1871
3999813,1872
4000352,1870
4000891,1872
4001431,1873
4001970,1870
4002509,1876
4003050,1872
4003589,1872
4004128,1872
4004667,1872
4005207,1872
4005747,1871
4006286,1874
4006826,1872
4007368,1872
4007909,1873
4008448,1872
4008988,1870
4009527,1873
4010066,1872
4010605,1872
4011145,1872
4011684,1870
4012226,1874
4012765,1875
4013305,1872
4013844,1873
4014388,1871
4014928,1872
4015467,1872
4016008,1874
4016547,1873
4017086,1872
4017626,1874
4018166,1874
4018705,1873
4019246,1872
4019785,1872
4020325,1873
4020866,1872
4021405,1872
4021944,1872
4022483,1872
4023022,1872
4023562,1872
4024101,1874
4024640,1873
4025180,1872
4025720,1873
4026259,1875
4026799,1872
4027339,1872
4027879,1872
4028418,1873
4028958,1873
4029497,1872
4030037,1872
4030576,1872
4031116,1871
4031655,1874
4032194,1872
4032733,1873
4033272,1872
4033813,1873
4034352,1872
4034891,1873
4035430,1873
4035971,1872
4036510,1870
4037050,1872
4037589,1872
4038129,1872
4038668,1872
4039207,1872
4039746,1872
4040285,1872
4040824,1874
4041369,1872
4041909,1873
4042448,1870
4042988,1872
4043527,1872
4044067,1872
4044606,1872
4045145,1871
4045684,1872
4046226,1871
4046765,1872
4047305,1871
4047844,1872
4048388,1872
4048927,1872
4049467,1872
4050006,1870
4050546,1872
4051086,1872
4051625,1872
4052165,1873
4052704,1872
4053245,1873
4053784,1873
4054324,1872
4054865,1872
4055405,1872
4055944,1873
4056484,1872
4057024,1871
4057563,1872
4058103,1872
4058642,1872
4059181,1872
4059721,1873
4060261,1871
4060801,1872
4061340,1875
4061879,1872
4062419,1872
4062958,1872
4063498,1872
4064038,1872
4064577,1872
4065117,1871
4065656,1873
4066196,1872
4066735,1872
4067275,1872
4067814,1873
4068353,1872
4068892,1870
4069431,1873
4069970,1872
4070509,1873
4071050,1873
4071589,1872
4072129,1873
4072668,1871
4073207,1872
4073747,1873
4074287,1872
4074826,1872
4075370,1872
4075910,1872
4076449,1872
4076988,1872
4077528,1872
4078067,1873
4078607,1874
4079146,1872
4079686,1871
4080226,1868
4080765,1872
4081304,1872
4081843,1871
4082386,1871
4082925,1872
4083464,1872
4084005,1872
4084544,1872
4085084,1873
4085623,1874
4086162,1872
4086702,1872
4087242,1871
4087781,1872
4088320,1872
4088859,1872
4089402,1872
4089943,1872
4090482,1872
4091022,1872
4091561,1869
4092100,1872
4092639,1873
4093179,1873
4093720,1872
4094259,1873
4094799,1873
4095338,1872
4095877,1873
4096417,1872
4096957,1875
4097496,1873
4098036,1872
4098575,1872
4099116,1872
4099655,1874
4100194,1869
4100734,1873
4101273,1872
4101812,1874
4102351,1874
4102890,1872
4103429,1872
4103969,1872
4104508,1872
4105048,1873
4105587,1872
4106126,1872
4106665,1874
4107204,1875
4107743,1872
4108282,1872
4108821,1872
4109360,1872
4109899,1872
4110439,1872
4110979,1875
4111518,1872
4112058,1872
4112597,1872
4113137,1872
4113676,1872
4114217,1872
4114756,1872
4115295,1872
4115835,1872
4116378,1870
4116917,1872
4117456,1872
4117995,1872
4118534,1872
4119073,1872
4119613,1872
4120152,1873
4120691,1872
4121232,1872
4121771,1872
4122310,1872
4122849,1872
4123393,1872
4123933,1873
4124472,1873
4125011,1872
4125550,1872
4126091,1872
4126630,1873
4127169,1872
4127708,1872
4128248,1874
4128787,1872
4129326,1871
4129866,1872
4130406,1872
4130945,1874
4131485,1872
4132024,1872
4132563,1872
4133102,1872
4133642,1870
4134181,1874
4134721,1872
4135261,1872
4135800,1872
4136339,1873
4136878,1872
4137417,1872
4137957,1872
4138497,1874
4139037,1872
4139576,1872
4140115,1872
4140654,1872
4141194,1872
4141733,1874
4142272,1872
4142813,1875
4143352,1872
4143891,1871
4144431,1872
4144970,1872
4145510,1872
4146050,1872
4146589,1872
4147128,1872
4147668,1872
4148207,1872
4148747,1873
4149287,1872
4149827,1872
4150370,1872
4150910,1872
4151449,1872
4151989,1871
4152528,1873
4153067,1872
4153606,1872
4154145,1872
4154684,1872
4155226,1872
4155766,1872
4156305,1872
4156844,1874
4157388,1871
4157928,1872
4158467,1872
4159006,1872
4159545,1872
4160086,1872
4160625,1872
4161165,1871
4161704,1871
4162245,1871
4162784,1872
4163324,1872
4163866,1872
4164405,1873
4164944,1872
4165484,1871
4166023,1872
4166563,1876
4167102,1874
4167642,1872
4168181,1872
4168721,1870
4169261,1872
4169801,1872
4170340,1872
4170879,1872
4171418,1872
4171958,1871
4172498,1873
4173038,1873
4173577,1872
4174117,1872
4174656,1872
4175195,1872
4175734,1874
4176273,1873
4176813,1874
4177352,1872
4177891,1875
4178431,1874
4178970,1874
4179510,1873
4180050,1874
4180589,1872
4181128,1873
4181668,1872
4182208,1872
4182747,1872
4183286,1873
4183825,1873
4184368,1872
4184908,1870
4185447,1872
4185987,1872
4186526,1872
4187065,1872
4187604,1872
4188143,1872
4188683,1872
4189225,1872
4189764,1872
4190304,1872
4190844,1872
4191387,1871
4191926,1872
4192466,1874
4193005,1872
4193545,1872
4194084,1871
4194623,1871
4195163,1872
4195702,1871
4196242,1872
4196781,1872
4197320,1872
4197859,1873
4198402,1875
4198941,1873
4199481,1872
4200020,1872
4200560,1872
4201100,1872
4201639,1872
4202179,1873
4202720,1872
4203259,1872
4203798,1873
4204338,1872
4204877,1872
4205417,1874
4205957,1872
4206496,1872
4207037,1872
4207576,1872
4208117,1872
4208656,1872
4209195,1872
4209734,1872
4210273,1872
4210812,1872
4211351,1871
4211890,1872
4212429,1872
4212968,1874
4213508,1872
4214047,1872
4214586,1872
4215126,1872
4215665,1877
4216204,1872
4216743,1873
4217283,1872
4217822,1874
4218365,1872
4218904,1872
4219443,1872
4219984,1875
4220523,1872
4221063,1872
4221602,1872
4222141,1871
4222681,1869
4223225,1872
4223764,1875
4224303,1872
4224842,1872
4225385,1872
4225924,1872
4226463,1872
4227004,1873
4227543,1872
4228083,1873
4228622,1874
4229162,1872
4229701,1871
4230242,1872
4230781,1872
4231321,1872
4231860,1872
4232404,1872
4232944,1873
4233483,1872
4234022,1872
4234562,1872
4235102,1872
4235641,1872
4236180,1874
4236720,1872
4237259,1872
4237799,1874
4238339,1872
4238878,1872
4239418,1872
4239957,1872
4240496,1872
4241035,1872
4241575,1871
4242114,1873
4242654,1872
4243194,1872
4243733,1872
4244272,1873
4244811,1872
4245352,1873
4245891,1872
4246431,1872
4246971,1871
4247510,1872
4248050,1873
4248589,1872
4249128,1872
4249667,1872
4250206,1874
4250745,1873
4251285,1873
4251824,1872
4252369,1872
4252909,1873
4253448,1872
4253987,1873
4254527,1872
4255066,1872
4255606,1872
4256145,1871
4256685,1874
4257226,1872
4257765,1872
4258304,1872
4258844,1872
4259388,1872
4259928,1872
4260467,1872
4261006,1872
4261546,1872
4262085,1872
4262625,1872
4263165,1871
4263704,1872
4264244,1872
4264784,1872
4265325,1874
4265866,1872
4266405,1872
4266944,1872
4267483,1872
4268022,1872
4268562,1872
4269101,1872
4269641,1872
4270180,1872
4270720,1872
4271259,1872
4271798,1872
4272337,1872
4272876,1872
4273415,1872
4273954,1872
4274494,1872
4275033,1872
4275572,1872
4276112,1872
4276652,1871
4277192,1873
4277731,1873
4278272,1872
4278811,1872
4279351,1873
4279890,1872
4280430,1872
4280970,1872
4281509,1873
4282048,1872
4282587,1871
4283126,1872
4283665,1871
4284204,1873
4284743,1871
4285283,1872
4285822,1872
4286365,1872
4286905,1872
4287445,1872
4287985,1872
4288524,1872
4289064,1872
4289603,1872
4290144,1872
4290683,1872
4291225,1872
4291764,1872
4292305,1871
4292844,1872
4293388,1872
4293928,1872
4294467,1872
4295006,1872
4295545,1872
4296084,1872
4296623,1872
4297162,1872
4297702,1872
4298242,1872
4298781,1872
4299320,1872
4299859,1872
4300402,1872
4300942,1872
4301481,1872
4302020,1872
4302559,1871
4303098,1872
4303637,1873
4304176,1872
4304717,1872
4305256,1872
4305795,1872
4306335,1872
4306875,1872
4307414,1872
4307954,1871
4308493,1872
4309032,1872
4309571,1872
4310112,1872
4310651,1871
4311191,1873
4311730,1873
4312270,1872
4312809,1872
4313349,1872
4313889,1871
4314428,1869
4314968,1872
4315507,1871
4316046,1872
4316585,1872
4317124,1872
4317663,1872
4318202,1872
4318741,1872
4319281,1872
4319821,1872
4320360,1870
4320899,1873
4321438,1873
4321978,1872
4322518,1872
4323058,1872
4323597,1871
4324137,1872
4324676,1872
4325217,1872
4325756,1872
4326295,1872
4326835,1871
4327378,1871
4327918,1872
4328457,1872
4328998,1871
4329537,1872
4330077,1872
4330616,1872
4331155,1872
4331694,1872
4332234,1873
4332773,1874
4333312,1872
4333852,1872
4334396,1872
4334936,1872
4335475,1871
4336015,1872
4336554,1870
4337093,1872
4337633,1872
4338173,1871
4338713,1872
4339256,1872
4339795,1873
4340335,1872
4340875,1872
4341414,1872
4341954,1872
4342493,1872
4343032,1872
4343571,1872
4344111,1872
4344650,1872
4345189,1872
4345728,1872
4346268,1872
4346807,1872
4347346,1872
4347886,1872
4348425,1873
4348964,1870
4349503,1872
4350042,1872
4350581,1875
4351120,1872
4351660,1872
4352200,1873
4352740,1872
4353280,1871
4353819,1872
4354358,1872
4354897,1872
4355436,1872
4355977,1869
4356516,1872
4357055,1875
4357595,1872
4358135,1873
4358674,1872
4359214,1872
4359753,1873
4360292,1872
4360831,1872
4361375,1872
4361915,1872
4362454,1872
4362994,1872
4363533,1872
4364072,1872
4364611,1871
4365152,1872
4365691,1872
4366232,1871
4366772,1875
4367312,1872
4367851,1872
4368395,1872
4368935,1870
4369474,1872
4370013,1873
4370552,1873
4371092,1872
4371631,1872
4372172,1873
4372712,1872
4373256,1874
4373795,1872
4374336,1872
4374876,1873
4375415,1873
4375956,1877
4376495,1873
4377034,1872
4377573,1872
4378112,1872
4378651,1872
4379191,1872
4379730,1871
4380270,1872
4380809,1871
4381349,1874
4381889,1872
4382428,1873
4382968,1872
4383507,1872
4384046,1874
4384585,1873
4385124,1872
4385664,1872
4386203,1872
4386743,1872
4387282,1872
4387821,1872
4388360,1874
4388900,1873
4389439,1873
4389978,1872
4390517,1872
4391058,1873
4391597,1872
4392137,1874
4392676,1873
4393217,1873
4393756,1872
4394295,1873
4394835,1875
4395379,1872
4395918,1872
4396458,1875
4396998,1872
4397537,1872
4398076,1872
4398615,1872
4399154,1872
4399694,1871
4400234,1872
4400773,1872
4401312,1872
4401852,1872
4402395,1873
4402934,1872
4403474,1872
4404013,1869
4404553,1875
4405092,1872
4405631,1872
4406171,1874
4406711,1872
4407252,1872
4407792,1871
4408331,1872
4408870,1871
4409409,1872
4409948,1871
4410488,1872
4411027,1872
4411566,1872
4412105,1872
4412644,1873
4413185,1870
4413724,1872
4414264,1872
4414803,1873
4415342,1872
4415881,1872
4416420,1872
4416959,1872
4417499,1872
4418038,1872
4418577,1872
4419117,1871
4419656,1871
4420195,1871
4420734,1872
4421274,1872
4421814,1872
4422353,1873
4422893,1872
4423432,1872
4423971,1872
4424510,1873
4425049,1872
4425589,1870
4426129,1871
4426668,1872
4427207,1875
4427747,1871
4428286,1874
4428826,1872
4429368,1871
4429907,1872
4430447,1872
4430986,1873
4431525,1870
4432065,1872
4432604,1870
4433144,1870
4433683,1873
4434225,1873
4434765,1869
4435304,1872
4435843,1873
4436386,1872
4436925,1872
4437464,1872
4438004,1872
4438544,1872
4439084,1872
4439623,1873
4440162,1872
4440701,1872
4441241,1872
4441781,1872
4442321,1872
4442865,1872
4443405,1871
4443944,1871
4444483,1872
4445022,1876
4445562,1872
4446101,1872
4446641,1872
4447181,1872
4447721,1872
4448260,1872
4448799,1871
4449338,1872
4449877,1872
4450417,1871
4450957,1873
4451496,1873
4452035,1872
4452575,1871
4453114,1872
4453654,1872
4454193,1872
4454732,1872
4455272,1872
4455811,1872
4456350,1869
4456889,1872
4457428,1872
4457968,1871
4458507,1872
4459046,1871
4459586,1872
4460125,1867
4460664,1872
4461203,1873
4461742,1873
4462281,1872
4462820,1873
4463359,1873
4463899,1873
4464439,1872
4464978,1872
4465518,1872
4466058,1872
4466597,1871
4467136,1873
4467676,1872
4468217,1873
4468757,1872
4469297,1872
4469836,1872
4470380,1872
4470919,1872
4471459,1872
4471999,1874
4472538,1872
4473077,1873
4473616,1872
4474155,1872
4474695,1872
4475234,1871
4475774,1872
4476314,1872
4476854,1872
4477397,1871
4477937,1873
4478476,1872
4479015,1872
4479554,1872
4480093,1874
4480632,1871
4481172,1872
4481712,1872
4482253,1872
4482793,1873
4483332,1872
4483872,1873
4484411,1872
4484950,1872
4485489,1872
4486029,1871
4486568,1872
4487107,1871
4487646,1872
4488185,1870
4488725,1872
4489264,1871
4489803,1872
4490344,1875
4490883,1872
4491422,1872
4491963,1873
4492502,1872
4493042,1873
4493581,1871
4494120,1871
4494659,1872
4495198,1871
4495737,1872
4496276,1872
4496815,1872
4497355,1874
4497895,1872
4498434,1872
4498973,1872
4499513,1873
4500052,1872
4500592,1872
4501131,1872
4501671,1872
4502211,1872
4502750,1872
4503290,1872
4503829,1872
4504372,1872
4504912,1872
4505451,1872
4505991,1872
4506530,1873
4507070,1872
4507609,1872
4508148,1872
4508688,1870
4509228,1871
4509767,1872
4510306,1872
4510846,1872
4511389,1872
4511929,1872
4512468,1872
4513007,1872
4513547,1872
4514086,1872
4514626,1872
4515166,1872
4515705,1872
4516246,1872
4516785,1873
4517324,1872
4517866,1872
4518405,1872
4518945,1873
4519485,1872
4520024,1872
4520564,1872
4521104,1872
4521643,1872
4522183,1872
4522722,1872
4523261,1872
4523801,1872
4524340,1872
4524881,1872
4525420,1872
4525959,1872
4526498,1869
4527037,1873
4527576,1874
4528115,1876
4528654,1875
4529193,1872
4529733,1872
4530272,1872
4530812,1872
4531351,1872
4531890,1873
4532429,1871
4532968,1872
4533507,1873
4534048,1872
4534587,1872
4535126,1872
4535665,1872
4536206,1872
4536745,1872
4537284,1872
4537823,1873
4538368,1872
4538908,1872
4539447,1872
4539986,1872
4540526,1873
4541065,1872
4541604,1872
4542143,1875
4542682,1872
4543226,1871
4543765,1873
4544305,1872
4544844,1872
4545388,1872
4545928,1872
4546467,1872
4547006,1872
4547546,1872
4548086,1872
4548625,1872
4549164,1872
4549704,1872
4550244,1872
4550784,1872
4551323,1871
4551866,1872
4552405,1871
4552945,1873
4553484,1872
4554023,1877
4554563,1874
4555102,1872
4555642,1872
4556181,1870
4556721,1872
4557260,1874
4557799,1872
4558339,1872
4558878,1873
4559417,1872
4559957,1872
4560496,1872
4561036,1872
4561575,1872
4562115,1872
4562655,1872
4563194,1872
4563733,1873
4564272,1872
4564812,1872
4565351,1871
4565890,1870
4566429,1872
4566970,1871
4567509,1871
4568049,1872
4568588,1872
4569127,1872
4569666,1873
4570207,1873
4570747,1871
4571286,1872
4571825,1872
4572368,1872
4572908,1872
4573447,1872
4573986,1873
4574525,1872
4575065,1872
4575604,1873
4576144,1873
4576683,1872
4577225,1872
4577765,1872
4578304,1872
4578843,1871
4579386,1872
4579925,1873
4580465,1872
4581004,1873
4581544,1869
4582084,1872
4582623,1872
4583162,1872
4583702,1872
4584242,1872
4584781,1872
4585320,1872
4585860,1875
4586403,1872
4586943,1873
4587483,1873
4588023,1872
4588562,1874
4589101,1872
4589640,1872
4590180,1872
4590719,1872
4591259,1871
4591798,1870
4592337,1872
4592876,1872
4593415,1872
4593956,1872
4594495,1872
4595034,1872
4595573,1872
4596113,1873
4596652,1872
4597193,1873
4597733,1870
4598272,1872
4598811,1872
4599350,1872
4599890,1873
4600429,1873
4600969,1872
4601508,1873
4602047,1872
4602587,1872
4603126,1871
4603665,1872
4604204,1872
4604743,1872
4605282,1872
4605822,1875
4606366,1872
4606906,1872
4607445,1872
4607984,1875
4608524,1872
4609064,1873
4609603,1873
4610143,1872
4610682,1872
4611225,1872
4611764,1872
4612303,1873
4612842,1872
4613385,1872
4613925,1872
4614465,1873
4615005,1872
4615544,1872
4616084,1873
4616623,1872
4617162,1872
4617702,1870
4618242,1872
4618781,1872
4619320,1872
4619861,1872
4620404,1872
4620944,1874
4621483,1872
4622022,1874
4622562,1871
4623101,1872
4623640,1872
4624180,1872
4624720,1872
4625259,1873
4625798,1872
4626337,1872
4626876,1870
4627416,1873
4627956,1872
4628495,1872
4629034,1872
4629573,1872
4630112,1872
4630651,1871
4631191,1872
4631731,1872
4632270,1872
4632809,1873
4633348,1872
4633888,1873
4634427,1872
4634968,1872
4635507,1872
4636046,1872
4636585,1873
4637126,1872
4637665,1874
4638205,1873
4638745,1873
4639284,1873
4639823,1874
4640368,1872
4640908,1872
4641447,1871
4641987,1872
4642526,1871
4643065,1871
4643604,1872
4644145,1875
4644684,1872
4645225,1874
4645765,1872
4646304,1872
4646843,1871
4647386,1872
4647926,1872
4648465,1872
4649004,1872
4649543,1874
4650084,1871
4650623,1872
4651163,1872
4651702,1872
4652242,1871
4652781,1872
4653320,1872
4653860,1873
4654403,1872
4654944,1872
4655483,1874
4656023,1872
4656562,1872
4657102,1872
4657641,1872
4658180,1873
4658720,1872
4659259,1872
4659798,1871
4660337,1871
4660877,1872
4661416,1874
4661957,1872
4662496,1872
4663035,1872
4663575,1872
4664115,1872
4664654,1872
4665193,1872
4665733,1872
4666272,1872
4666811,1872
4667350,1874
4667889,1872
4668428,1872
4668968,1871
4669507,1872
4670046,1872
4670586,1875
4671125,1872
4671664,1872
4672205,1871
4672745,1872
4673284,1873
4673823,1872
4674367,1872
4674908,1872
4675447,1872
4675987,1872
4676526,1874
4677066,1874
4677605,1874
4678145,1872
4678684,1872
4679226,1872
4679765,1874
4680304,1872
4680844,1873
4681388,1872
4681928,1872
4682467,1872
4683006,1874
4683545,1869
4684084,1874
4684623,1872
4685162,1872
4685701,1872
4686241,1872
4686781,1872
4687320,1872
4687861,1872
4688404,1872
4688944,1872
4689483,1874
4690024,1872
4690563,1877
4691102,1872
4691641,1875
4692180,1869
4692719,1873
4693259,1872
4693798,1872
4694338,1872
4694877,1872
4695417,1872
4695956,1872
4696496,1872
4697035,1872
4697575,1873
4698115,1872
4698654,1872
4699193,1872
4699733,1873
4700272,1872
4700811,1872
4701351,1873
4701890,1872
4702430,1872
4702969,1871
4703509,1872
4704049,1872
4704588,1872
4705127,1871
4705666,1873
4706206,1872
4706745,1872
4707286,1871
4707826,1872
4708368,1872
4708907,1872
4709447,1872
4709986,1871
4710526,1873
4711065,1872
4711605,1872
4712145,1872
4712684,1871
4713226,1872
4713765,1872
4714306,1872
4714845,1872
4715388,1872
4715928,1872
4716467,1874
4717006,1872
4717545,1872
4718084,1872
4718623,1871
4719162,1870
4719702,1872
4720242,1872
4720781,1872
4721320,1871
4721859,1872
4722402,1872
4722942,1872
4723481,1872
4724020,1872
4724560,1872
4725099,1871
4725639,1871
4726179,1872
4726720,1873
4727259,1872
4727799,1872
4728338,1872
4728877,1872
4729416,1872
4729956,1873
4730496,1873
4731035,1872
4731575,1872
4732114,1872
4732653,1872
4733194,1872
4733733,1872
4734272,1872
4734811,1872
4735351,1872
4735890,1872
4736430,1870
4736970,1872
4737509,1871
4738048,1870
4738587,1872
4739127,1870
4739667,1872
4740207,1874
4740746,1874
4741285,1872
4741824,1872
4742369,1872
4742909,1873
4743448,1873
4743987,1872
4744527,1871
4745067,1872
4745606,1873
4746146,1874
4746685,1870
4747226,1872
4747765,1871
4748304,1872
4748843,1872
4749387,1872
4749926,1873
4750466,1872
4751006,1872
4751545,1872
4752085,1872
4752624,1872
4753164,1872
4753703,1872
4754243,1872
4754782,1874
4755321,1872
4755860,1872
4756403,1873
4756943,1872
4757482,1872
4758022,1872
4758561,1872
4759100,1874
4759639,1872
4760180,1872
4760719,1872
4761259,1872
4761798,1872
4762337,1872
4762876,1874
4763416,1874
4763956,1872
4764495,1872
4765034,1870
4765573,1874
4766113,1872
4766652,1872
4767191,1875
4767732,1872
4768272,1872
4768811,1870
4769350,1872
4769889,1872
4770428,1872
4770969,1872
4771508,1872
4772048,1872
4772587,1872
4773126,1871
4773665,1872
4774204,1872
4774743,1872
4775283,1873
4775822,1872
4776365,1872
4776904,1872
4777443,1872
4777984,1872
4778523,1872
4779063,1871
4779602,1872
4780141,1871
4780680,1872
4781220,1872
4781759,1872
4782299,1872
4782838,1872
4783381,1872
4783921,1872
4784460,1870
4784999,1872
4785539,1873
4786079,1872
4786618,1869
4787158,1872
4787697,1872
4788238,1872
4788777,1873
4789317,1872
4789856,1871
4790400,1872
4790939,1872
4791479,1873
4792018,1873
4792558,1874
4793097,1872
4793636,1872
4794175,1872
4794714,1872
4795255,1872
4795795,1872
4796334,1872
4796874,1873
4797413,1872
4797952,1871
4798492,1872
4799032,1871
4799571,1872
4800110,1872
4800650,1871
4801189,1872
4801728,1873
4802268,1872
4802807,1872
4803346,1873
4803886,1874
4804425,1874
4804964,1872
4805503,1872
4806042,1872
4806582,1875
4807121,1872
4807661,1872
4808200,1873
4808740,1872
4809279,1871
4809818,1873
4810357,1872
4810897,1870
4811436,1873
4811976,1872
4812515,1872
4813054,1873
4813594,1872
4814133,1872
4814673,1872
4815213,1872
4815752,1872
4816291,1871
4816830,1871
4817374,1871
4817914,1871
4818453,1873
4818992,1871
4819532,1873
4820072,1872
4820611,1872
4821150,1872
4821690,1872
4822230,1873
4822769,1869
4823308,1872
4823848,1873
4824392,1870
4824931,1872
4825470,1875
4826011,1872
4826550,1873
4827089,1873
4827629,1872
4828168,1872
4828707,1872
4829248,1871
4829787,1872
4830326,1872
4830866,1871
4831406,1870
4831946,1872
4832485,1872
4833025,1874
4833564,1872
4834103,1874
4834643,1871
4835182,1872
4835722,1873
4836261,1872
4836801,1872
4837341,1872
4837881,1872
4838420,1871
4838959,1872
4839499,1872
4840039,1872
4840578,1871
4841118,1871
4841657,1872
4842198,1872
4842737,1872
4843277,1872
4843816,1872
4844356,1872
4844895,1872
4845434,1872
4845973,1874
4846513,1872
4847052,1872
4847592,1872
4848132,1872
4848671,1872
4849210,1871
4849749,1871
4850289,1870
4850828,1873
4851371,1872
4851911,1873
4852450,1872
4852989,1870
4853528,1872
4854067,1872
4854606,1871
4855145,1872
4855684,1871
4856226,1872
4856766,1872
4857306,1871
4857845,1872
4858388,1871
4858927,1872
4859466,1872
4860006,1871
4860546,1871
4861085,1872
4861625,1871
4862165,1872
4862704,1872
4863245,1875
4863784,1872
4864323,1874
4864866,1873
4865406,1870
4865945,1872
4866485,1872
4867024,1872
4867563,1873
4868104,1872
4868643,1871
4869182,1871
4869721,1872
4870260,1872
4870799,1872
4871338,1872
4871877,1873
4872417,1872
4872957,1874
4873496,1872
4874036,1872
4874575,1873
4875114,1872
4875653,1875
4876194,1872
4876733,1872
4877273,1872
4877812,1872
4878351,1872
4878891,1871
4879430,1872
4879970,1875
4880509,1874
4881048,1872
4881587,1873
4882126,1869
4882666,1871
4883206,1872
4883745,1871
4884285,1872
4884824,1872
4885368,1872
4885908,1871
4886447,1872
4886987,1874
4887526,1872
4888066,1872
4888605,1872
4889144,1872
4889684,1872
4890225,1872
4890764,1872
4891303,1872
4891842,1872
4892385,1873
4892924,1873
4893464,1872
4894004,1872
4894543,1872
4895082,1871
4895622,1872
4896161,1872
4896701,1872
4897241,1875
4897780,1872
4898319,1872
4898858,1872
4899402,1872
4899942,1872
4900481,1872
4901020,1872
4901559,1870
4902099,1872
4902638,1872
4903177,1872
4903717,1872
4904256,1873
4904795,1872
4905334,1871
4905873,1872
4906413,1872
4906952,1872
4907492,1872
4908031,1873
4908571,1873
4909111,1872
4909650,1873
4910190,1873
4910729,1872
4911270,1872
4911810,1873
4912349,1872
4912889,1871
4913428,1872
4913967,1872
4914506,1872
4915046,1871
4915586,1872
4916125,1872
4916664,1870
4917203,1872
4917742,1872
4918281,1872
4918820,1872
4919359,1872
4919899,1874
4920439,1872
4920978,1872
4921518,1872
4922058,1872
4922597,1872
4923136,1872
4923676,1873
4924215,1873
4924754,1872
4925294,1872
4925833,1872
4926377,1874
4926917,1872
4927456,1870
4927996,1872
4928535,1872
4929075,1872
4929614,1872
4930153,1871
4930692,1872
4931232,1873
4931771,1872
4932310,1872
4932849,1872
4933393,1870
4933932,1872
4934472,1874
4935012,1872
4935551,1873
4936091,1872
4936630,1872
4937170,1872
4937709,1874
4938251,1872
4938790,1872
4939330,1872
4939869,1873
4940408,1872
4940947,1872
4941487,1872
4942026,1872
4942566,1872
4943105,1872
4943644,1872
4944184,1871
4944723,1869
4945263,1874
4945802,1872
4946342,1872
4946882,1872
4947421,1873
4947961,1872
4948500,1872
4949039,1872
4949579,1872
4950119,1872
4950658,1873
4951198,1872
4951738,1872
4952277,1872
4952816,1872
4953355,1872
4953894,1871
4954434,1872
4954974,1874
4955513,1872
4956052,1872
4956591,1872
4957131,1872
4957671,1872
4958211,1873
4958750,1872
4959290,1872
4959829,1874
4960373,1874
4960913,1872
4961452,1872
4961991,1872
4962530,1872
4963069,1872
4963609,1872
4964148,1874
4964688,1872
4965228,1871
4965767,1874
4966306,1873
4966846,1873
4967389,1873
4967929,1872
4968468,1872
4969009,1872
4969548,1873
4970088,1872
4970627,1872
4971166,1872
4971705,1872
4972245,1873
4972784,1872
4973324,1872
4973866,1872
4974405,1872
4974944,1872
4975483,1872
4976023,1871
4976562,1872
4977102,1872
4977641,1872
4978181,1873
4978721,1872
4979261,1873
4979800,1872
4980339,1872
4980879,1872
4981418,1872
4981958,1872
4982497,1872
4983037,1872
4983576,1872
4984115,1873
4984655,1873
4985194,1872
4985733,1872
4986272,1872
4986811,1872
4987351,1872
4987891,1872
4988430,1874
4988970,1872
4989509,1872
4990048,1873
4990587,1872
4991127,1872
4991666,1871
4992206,1872
4992745,1872
4993284,1872
4993823,1872
4994367,1872
4994907,1871
4995446,1872
4995985,1872
4996524,1870
4997064,1872
4997603,1872
4998144,1871
4998683,1870
4999226,1874
4999765,1872
5000305,1872
5000844,1872
5001388,1872
5001928,1874
5002467,1872
5003006,1873
5003546,1871
5004086,1871
5004625,1872
5005165,1872
5005704,1872
5006245,1878
5006785,1872
5007324,1873
5007866,1871
5008405,1872
5008945,1872
5009484,1872
5010025,1873
5010564,1873
5011104,1872
5011643,1872
5012182,1872
5012721,1872
5013260,1872
5013799,1872
5014338,1872
5014877,1872
5015416,1872
5015957,1872
5016496,1873
5017036,1872
5017575,1872
5018114,1873
5018654,1873
5019194,1872
5019733,1872
5020272,1872
5020811,1873
5021350,1873
5021889,1872
5022428,1872
5022968,1874
5023507,1872
5024046,1873
5024586,1873
5025126,1872
5025665,1872
5026204,1871
5026743,1871
5027283,1871
5027822,1872
5028365,1872
5028905,1873
5029445,1873
5029985,1872
5030524,1872
5031065,1873
5031604,1872
5032144,1872
5032683,1872
5033225,1872
5033764,1873
5034304,1872
5034843,1872
5035387,1872
5035926,1872
5036465,1872
5037004,1872
5037543,1872
5038084,1872
5038623,1872
5039163,1872
5039702,1870
5040243,1872
5040782,1872
5041322,1872
5041865,1871
5042405,1872
5042944,1872
5043483,1872
5044022,1873
5044561,1872
5045100,1872
5045639,1872
5046180,1873
5046719,1872
5047259,1872
5047799,1872
5048338,1872
5048877,1872
5049416,1873
5049956,1872
5050495,1872
5051036,1871
5051575,1872
5052114,1872
5052653,1872
5053192,1872
5053732,1872
5054271,1868
5054810,1871
5055350,1872
5055890,1872
5056429,1872
5056968,1873
5057507,1872
5058047,1872
5058587,1872
5059127,1872
5059666,1872
5060206,1872
5060745,1872
5061284,1872
5061823,1871
5062367,1872
5062906,1873
5063446,1873
5063986,1872
5064525,1873
5065065,1871
5065604,1874
5066144,1872
5066683,1871
5067224,1872
5067763,1873
5068303,1873
5068842,1872
5069386,1874
5069925,1872
5070465,1872
5071004,1873
5071543,1872
5072083,1872
5072622,1872
5073161,1872
5073701,1872
5074241,1872
5074781,1872
5075320,1872
5075860,1872
5076403,1872
5076942,1871
5077481,1872
5078020,1871
5078560,1873
5079099,1871
5079638,1872
5080178,1872
5080720,1872
5081260,1872
5081799,1872
5082338,1872
5082877,1873
5083416,1872
5083956,1873
5084495,1872
5085034,1872
5085574,1872
5086113,1873
5086653,1875
5087192,1872
5087732,1872
5088271,1872
5088810,1873
5089349,1872
5089890,1872
5090429,1872
5090969,1872
5091508,1873
5092047,1872
5092587,1872
5093127,1871
5093666,1873
5094205,1872
5094744,1872
5095283,1872
5095822,1872
5096365,1872
5096904,1872
5097443,1872
5097982,1874
5098522,1873
5099061,1872
5099601,1872
5100141,1872
5100680,1872
5101220,1871
5101759,1872
5102299,1872
5102838,1872
5103381,1872
5103920,1872
5104460,1872
5105000,1871
5105539,1873
5106078,1872
5106617,1870
5107157,1872
5107696,1872
5108236,1872
5108775,1872
5109314,1872
5109853,1871
5110396,1872
5110935,1872
5111474,1872
5112013,1873
5112553,1871
5113093,1872
5113633,1872
5114173,1872
5114713,1872
5115256,1872
5115795,1872
5116334,1872
5116873,1872
5117412,1872
5117951,1872
5118491,1872
5119031,1872
5119570,1872
5120109,1871
5120649,1873
5121188,1872
5121728,1873
5122268,1871
5122807,1873
5123347,1873
5123887,1872
5124426,1872
5124965,1872
5125505,1872
5126045,1872
5126584,1872
5127124,1866
5127663,1872
5128202,1872
5128741,1872
5129280,1872
5129819,1872
5130358,1872
5130897,1872
5131437,1871
5131977,1872
5132516,1873
5133056,1872
5133595,1872
5134134,1874
5134674,1873
5135214,1872
5135754,1872
5136293,1872
5136832,1871
5137375,1872
5137915,1872
5138454,1872
5138993,1872
5139533,1871
5140072,1872
5140612,1872
5141151,1874
5141690,1872
5142231,1873
5142770,1872
5143309,1872
5143848,1872
5144392,1872
5144931,1872
5145471,1873
5146011,1872
5146550,1873
5147089,1874
5147629,1872
5148168,1872
5148708,1872
5149249,1872
5149788,1871
5150328,1872
5150868,1872
5151407,1872
5151946,1872
5152486,1873
5153025,1872
5153565,1872
5154105,1872
5154644,1872
5155183,1872
5155722,1872
5156261,1872
5156800,1872
5157339,1872
5157878,1872
5158418,1873
5158957,1872
5159497,1872
5160037,1871
5160576,1872
5161116,1874
5161655,1872
5162194,1872
5162733,1872
5163272,1872
5163813,1872
5164353,1872
5164893,1872
5165432,1872
5165971,1872
5166510,1872
5167051,1872
5167590,1876
5168129,1873
5168668,1872
5169207,1869
5169746,1872
5170285,1872
5170824,1872
5171369,1872
5171909,1875
5172448,1873
5172988,1872
5173527,1872
5174066,1872
5174606,1873
5175146,1872
5175685,1871
5176227,1873
5176766,1872
5177305,1872
5177844,1873
5178388,1873
5178928,1872
5179467,1872
5180007,1872
5180546,1872
5181086,1873
5181625,1872
5182164,1872
5182704,1869
5183244,1872
5183784,1872
5184324,1872
5184866,1874
5185405,1872
5185945,1872
5186484,1872
5187024,1872
5187563,1872
5188102,1873
5188641,1872
5189180,1872
5189720,1871
5190259,1872
5190799,1871
5191338,1875
5191877,1872
5192416,1872
5192955,1874
5193495,1874
5194035,1872
5194574,1871
5195114,1872
5195653,1872
5196193,1872
5196732,1872
5197271,1871
5197810,1871
5198350,1872
5198889,1872
5199428,1874
5199968,1872
5200507,1872
5201046,1871
5201585,1872
5202126,1870
5202665,1872
5203205,1872
5203744,1872
5204283,1872
5204822,1872
5205365,1872
5205904,1872
5206443,1872
5206983,1872
5207522,1872
5208062,1872
5208601,1872
5209140,1873
5209680,1872
5210220,1872
5210760,1872
5211300,1872
5211840,1872
5212383,1872
5212923,1872
5213462,1872
5214002,1872
5214541,1872
5215081,1872
5215620,1872
5216159,1872
5216698,1872
5217238,1873
5217778,1871
5218317,1872
5218856,1872
5219400,1872
5219941,1873
5220480,1872
5221019,1874
5221558,1872
5222097,1872
5222637,1872
5223176,1872
5223716,1872
5224258,1872
5224797,1872
5225337,1872
5225877,1872
5226416,1872
5226956,1872
5227495,1874
5228034,1872
5228574,1871
5229113,1872
5229653,1873
5230193,1873
5230732,1872
5231272,1872
5231811,1873
5232350,1872
5232890,1872
5233429,1872
5233968,1872
5234507,1872
5235046,1872
5235586,1873
5236125,1872
5236664,1872
5237203,1872
5237743,1872
5238283,1871
5238822,1871
5239365,1872
5239905,1872
5240444,1871
5240984,1871
5241524,1872
5242064,1871
5242603,1872
5243142,1872
5243682,1873
5244225,1871
5244764,1872
5245304,1872
5245843,1872
5246387,1873
5246926,1872
5247466,1872
5248006,1873
5248545,1874
5249084,1872
5249623,1872
5250162,1872
5250702,1871
5251242,1872
5251781,1870
5252320,1871
5252859,1872
5253402,1872
5253941,1872
5254481,1872
5255021,1872
5255560,1870
5256099,1871
5256639,1872
5257178,1872
5257720,1873
5258259,1872
5258799,1872
5259339,1871
5259878,1872
5260418,1872
5260957,1873
5261497,1873
5262037,1872
5262576,1872
5263116,1872
5263655,1876
5264194,1872
5264733,1872
5265272,1870
5265812,1874
5266352,1873
5266891,1875
5267431,1872
5267970,1872
5268509,1873
5269049,1871
5269588,1872
5270127,1872
5270667,1871
5271207,1872
5271746,1874
5272285,1872
5272824,1872
5273369,1873
5273909,1875
5274448,1872
5274989,1872
5275528,1872
5276068,1872
5276607,1872
5277146,1872
5277685,1873
5278226,1873
5278766,1872
5279305,1872
5279844,1872
5280387,1871
5280926,1872
5281466,1872
5282005,1870
5282544,1873
5283083,1872
5283622,1872
5284161,1872
5284700,1872
5285241,1866
5285781,1873
5286320,1875
5286860,1872
5287403,1873
5287942,1872
5288481,1872
5289021,1871
5289560,1872
5290100,1873
5290639,1872
5291178,1871
5291717,1872
5292257,1872
5292796,1872
5293335,1872
5293875,1872
5294414,1874
5294953,1872
5295492,1873
5296031,1872
5296570,1873
5297110,1872
5297649,1872
5298188,1872
5298727,1872
5299267,1871
5299806,1872
5300345,1872
5300884,1871
5301423,1872
5301962,1872
5302501,1872
5303040,1872
5303580,1872
5304120,1873
5304659,1873
5305199,1872
5305739,1872
5306278,1873
5306817,1872
5307357,1872
5307897,1871
5308436,1870
5308976,1872
5309515,1871
5310054,1872
5310594,1872
5311134,1873
5311673,1872
5312213,1872
5312752,1872
5313292,1873
5313831,1872
5314374,1872
5314913,1869
5315452,1872
5315992,1873
5316531,1871
5317071,1872
5317610,1872
5318149,1872
5318689,1872
5319229,1872
5319768,1872
5320307,1872
5320846,1872
5321390,1872
5321930,1871
5322469,1871
5323008,1870
5323547,1872
5324086,1873
5324625,1872
5325165,1872
5325704,1872
5326245,1871
5326784,1872
5327324,1872
5327866,1872
5328406,1872
5328945,1869
5329484,1872
5330023,1872
5330562,1871
5331101,1873
5331641,1873
5332181,1872
5332721,1869
5333260,1872
5333799,1872
5334338,1872
5334877,1875
5335416,1872
5335955,1872
5336495,1873
5337034,1872
5337573,1872
5338112,1872
5338651,1872
5339191,1873
5339730,1872
5340269,1869
5340809,1872
5341349,1872
5341888,1872
5342427,1873
5342968,1872
5343507,1872
5344046,1872
5344586,1873
5345125,1872
5345664,1871
5346204,1872
5346743,1872
5347283,1873
5347822,1872
5348365,1872
5348904,1872
5349443,1872
5349983,1868
5350523,1872
5351062,1872
5351602,1872
5352141,1875
5352681,1871
5353224,1872
5353763,1872
5354303,1874
5354842,1872
5355385,1871
5355924,1872
5356464,1872
5357004,1871
5357543,1872
5358082,1872
5358622,1872
5359161,1872
5359700,1873
5360241,1873
5360780,1872
5361319,1872
5361859,1872
5362402,1872
5362942,1874
5363481,1874
5364021,1872
5364560,1872
5365099,1873
5365638,1872
5366177,1872
5366716,1872
5367258,1872
5367797,1872
5368337,1872
5368877,1872
5369416,1872
5369956,1873
5370495,1873
5371034,1872
5371574,1872
5372113,1872
5372653,1872
5373193,1872
5373732,1872
5374271,1869
5374811,1871
5375351,1870
5375890,1872
5376430,1874
5376970,1872
5377509,1872
5378048,1872
5378588,1872
5379127,1872
5379666,1875
5380205,1872
5380745,1871
5381284,1872
5381823,1872
5382367,1874
5382908,1872
5383447,1870
5383986,1872
5384525,1871
5385064,1872
5385603,1872
5386144,1872
5386683,1872
5387224,1871
5387764,1873
5388303,1871
5388842,1872
5389385,1872
5389924,1872
5390463,1872
5391004,1871
5391543,1872
5392082,1872
5392622,1872
5393161,1872
5393701,1872
5394241,1872
5394781,1870
5395321,1872
5395860,1872
5396403,1872
5396942,1872
5397481,1872
5398020,1872
5398560,1872
5399099,1872
5399638,1872
5400178,1872
5400718,1872
5401258,1872
5401797,1874
5402337,1872
5402876,1872
5403416,1872
5403956,1873
5404495,1873
5405034,1872
5405574,1872
5406113,1872
5406653,1873
5407193,1872
5407733,1874
5408272,1872
5408811,1872
5409350,1872
5409889,1872
5410428,1872
5410968,1872
5411507,1872
5412046,1873
5412586,1872
5413125,1872
5413664,1872
5414204,1871
5414743,1872
5415282,1872
5415821,1873
5416360,1873
5416900,1872
5417439,1872
5417979,1872
5418518,1872
5419058,1873
5419597,1872
5420136,1873
5420676,1871
5421217,1872
5421756,1872
5422295,1872
5422835,1875
5423379,1873
5423919,1871
5424458,1872
5424998,1875
5425537,1872
5426077,1873
5426616,1872
5427155,1872
5427695,1872
5428235,1872
5428774,1872
5429313,1872
5429854,1872
5430397,1872
5430937,1872
5431476,1873
5432016,1872
5432555,1874
5433094,1872
5433633,1871
5434172,1872
5434712,1870
5435255,1872
5435794,1872
5436333,1873
5436872,1872
5437412,1875
5437952,1870
5438491,1872
5439031,1872
5439570,1872
5440110,1872
5440649,1872
5441188,1873
5441727,1870
5442266,1872
5442806,1871
5443345,1872
5443884,1871
5444423,1872
5444963,1873
5445502,1871
5446042,1872
5446581,1872
5447121,1872
5447660,1872
5448200,1872
5448740,1872
5449280,1873
5449819,1874
5450358,1872
5450897,1872
5451436,1871
5451976,1873
5452515,1872
5453054,1872
5453594,1872
5454134,1872
5454673,1872
5455213,1872
5455752,1872
5456292,1872
5456831,1874
5457375,1872
5457915,1872
5458454,1872
5458994,1871
5459533,1872
5460072,1872
5460611,1872
5461150,1873
5461689,1872
5462229,1872
5462768,1872
5463307,1873
5463846,1874
5464389,1875
5464929,1872
5465468,1870
5466008,1872
5466547,1872
5467086,1870
5467625,1872
5468165,1873
5468704,1872
5469244,1872
5469783,1872
5470324,1872
5470865,1872
5471405,1872
5471944,1872
5472484,1873
5473024,1872
5473563,1875
5474103,1874
5474642,1872
5475181,1872
5475721,1871
5476260,1871
5476799,1873
5477339,1872
5477879,1873
5478418,1872
5478957,1873
5479496,1872
5480037,1872
5480576,1872
5481116,1872
5481655,1875
5482194,1872
5482734,1872
5483273,1872
5483812,1873
5484352,1872
5484891,1872
5485431,1873
5485970,1873
5486510,1872
5487050,1872
5487589,1872
5488128,1871
5488668,1871
5489208,1872
5489747,1874
5490286,1872
5490826,1873
5491368,1872
5491909,1872
5492448,1874
5492988,1872
5493527,1873
5494066,1872
5494606,1872
5495146,1872
5495685,1872
5496226,1872
5496765,1872
5497305,1872
5497844,1872
5498388,1873
5498928,1872
5499467,1872
5500006,1872
5500545,1872
5501085,1872
5501624,1872
5502164,1872
5502703,1872
5503243,1871
5503782,1872
5504322,1872
5504866,1872
5505406,1872
5505945,1872
5506485,1872
5507025,1871
5507564,1872
5508104,1875
5508643,1872
5509182,1872
5509721,1871
5510260,1872
5510800,1872
5511339,1871
5511878,1872
5512418,1872
5512957,1873
5513496,1873
5514037,1872
5514576,1872
5515117,1871
5515656,1873
5516195,1872
5516734,1871
5517273,1872
5517813,1873
5518352,1872
5518891,1872
5519430,1874
5519969,1872
5520508,1872
5521047,1872
5521587,1871
5522127,1872
5522666,1874
5523205,1873
5523744,1872
5524283,1872
5524822,1872
5525365,1871
5525904,1870
5526444,1872
5526984,1872
5527523,1871
5528063,1872
5528602,1872
5529141,1872
5529680,1872
5530220,1872
5530759,1872
5531299,1872
5531838,1875
5532382,1872
5532922,1872
5533461,1873
5534000,1872
5534539,1872
5535078,1871
5535617,1872
5536157,1872
5536696,1869
5537236,1872
5537775,1872
5538314,1872
5538853,1872
5539397,1873
5539937,1872
5540476,1872
5541015,1872
5541555,1872
5542095,1872
5542634,1872
5543173,1873
5543712,1872
5544256,1873
5544796,1872
5545336,1872
5545876,1872
5546415,1872
5546955,1872
5547494,1874
5548034,1872
5548573,1872
5549112,1872
5549651,1872
5550190,1871
5550729,1875
5551270,1872
5551809,1872
5552348,1874
5552888,1872
5553427,1873
5553966,1872
5554506,1872
5555045,1872
5555585,1872
5556125,1870
5556664,1872
5557203,1871
5557742,1872
5558281,1873
5558821,1872
5559360,1871
5559901,1872
5560440,1870
5560979,1872
5561519,1870
5562058,1872
5562598,1872
5563138,1872
5563677,1873
5564218,1872
5564757,1874
5565296,1872
5565836,1872
5566379,1872
5566918,1872
5567458,1872
5567998,1872
5568537,1872
5569077,1872
5569616,1872
5570155,1872
5570694,1871
5571234,1872
5571773,1874
5572312,1872
5572851,1872
5573395,1870
5573934,1872
5574474,1872
5575014,1872
5575553,1871
5576092,1875
5576631,1872
5577171,1872
5577710,1871
5578251,1872
5578790,1872
5579329,1874
5579868,1872
5580407,1872
5580946,1871
5581486,1872
5582025,1872
5582565,1872
5583105,1870
5583644,1872
5584184,1873
5584723,1873
5585263,1872
5585802,1871
5586342,1873
5586881,1872
5587420,1873
5587959,1872
5588498,1872
5589038,1872
5589577,1872
5590117,1873
5590656,1872
5591196,1871
5591736,1872
5592277,1873
5592816,1872
5593356,1872
5593896,1872
5594435,1873
5594974,1874
5595513,1873
5596053,1873
5596592,1872
5597131,1872
5597670,1872
5598209,1873
5598748,1873
5599288,1873
5599827,1872
5600370,1872
5600909,1873
5601448,1872
5601989,1872
5602528,1874
5603068,1872
5603607,1872
5604147,1875
5604686,1872
5605227,1872
5605766,1872
5606305,1872
5606844,1872
5607388,1871
5607928,1873
5608467,1872
5609006,1870
5609545,1873
5610084,1871
5610623,1872
5611162,1872
5611702,1872
5612241,1872
5612781,1871
5613322,1873
5613865,1872
5614405,1872
5614944,1872
5615483,1872
5616023,1872
5616562,1874
5617101,1873
5617641,1872
5618181,1872
5618721,1872
5619260,1872
5619799,1872
5620339,1871
5620879,1870
5621418,1872
5621957,1873
5622496,1872
5623037,1873
5623576,1872
5624115,1872
5624654,1872
5625194,1872
5625733,1872
5626272,1873
5626811,1873
5627351,1872
5627890,1872
5628429,1872
5628969,1872
5629508,1872
5630047,1872
5630587,1872
5631126,1872
5631666,1875
5632206,1874
5632745,1873
5633286,1871
5633826,1872
5634368,1872
5634909,1870
5635448,1872
5635988,1872
5636527,1872
5637066,1873
5637605,1872
5638145,1872
5638684,1872
5639226,1872
5639766,1873
5640305,1872
5640844,1872
5641388,1872
5641928,1870
5642467,1871
5643006,1873
5643545,1873
5644085,1872
5644624,1872
5645164,1872
5645703,1871
5646243,1873
5646782,1873
5647321,1872
5647860,1872
5648403,1872
5648943,1872
5649482,1873
5650022,1871
5650561,1874
5651100,1872
5651639,1873
5652178,1873
5652720,1873
5653259,1872
5653798,1872
5654337,1872
5654876,1872
5655415,1872
5655955,1872
5656494,1872
5657033,1872
5657573,1872
5658112,1872
5658651,1873
5659191,1872
5659731,1872
5660270,1872
5660809,1873
5661349,1872
5661889,1872
5662428,1872
5662968,1873
5663507,1874
5664046,1873
5664585,1872
5665124,1871
5665664,1875
5666204,1872
5666743,1874
5667284,1873
5667823,1872
5668367,1873
5668908,1873
5669447,1872
5669986,1872
5670525,1872
5671065,1872
5671604,1872
5672144,1870
5672683,1872
5673225,1872
5673764,1870
5674303,1872
5674842,1870
5675385,1872
5675924,1872
5676464,1873
5677004,1872
5677543,1872
5678082,1872
5678622,1873
5679161,1875
5679701,1872
5680240,1872
5680779,1873
5681319,1871
5681859,1872
5682402,1872
5682942,1872
5683481,1871
5684021,1872
5684560,1875
5685099,1872
5685638,1872
5686177,1873
5686716,1872
5687259,1872
5687799,1872
5688338,1872
5688877,1873
5689417,1873
5689956,1873
5690496,1872
5691036,1872
5691575,1872
5692114,1873
5692653,1874
5693194,1873
5693734,1872
5694273,1873
5694812,1872
5695351,1872
5695890,1871
5696429,1872
5696968,1872
5697507,1872
5698046,1873
5698586,1873
5699125,1873
5699664,1872
5700204,1872
5700743,1873
5701283,1874
5701823,1871
5702366,1872
5702906,1872
5703445,1872
5703984,1872
5704523,1872
5705064,1872
5705603,1872
5706143,1869
5706682,1872
5707225,1872
5707764,1875
5708303,1873
5708842,1872
5709386,1869
5709925,1873
5710465,1872
5711004,1870
5711543,1872
5712084,1875
5712623,1873
5713162,1873
5713702,1872
5714242,1873
5714781,1872
5715320,1872
5715859,1872
5716402,1872
5716942,1871
5717481,1872
5718021,1872
5718560,1872
5719099,1872
5719638,1872
5720178,1874
5720720,1874
5721259,1871
5721799,1872
5722338,1872
5722877,1872
5723417,1872
5723957,1873
5724496,1871
5725035,1872
5725575,1872
5726114,1872
5726654,1873
5727193,1873
5727733,1873
5728272,1872
5728811,1872
5729350,1872
5729889,1872
5730428,1872
5730968,1872
5731507,1871
5732046,1872
5732586,1872
5733126,1871
5733665,1872
5734204,1872
5734745,1872
5735284,1871
5735823,1873
5736367,1872
5736906,1872
5737446,1872
5737986,1873
5738525,1872
5739065,1872
5739604,1872
5740144,1872
5740683,1872
5741225,1872
5741764,1873
5742303,1871
5742843,1872
5743387,1872
5743926,1872
5744466,1872
5745006,1873
5745545,1873
5746085,1872
5746624,1872
5747164,1873
5747703,1870
5748243,1874
5748782,1872
5749322,1872
5749865,1873
5750405,1873
5750944,1872
5751484,1872
5752024,1872
5752563,1872
5753103,1872
5753642,1872
5754181,1872
5754721,1874
5755261,1872
5755801,1872
5756340,1872
5756880,1872
5757419,1872
5757958,1872
5758498,1872
5759037,1870
5759576,1872
5760117,1875
5760656,1873
5761196,1872
5761735,1872
5762275,1872
5762814,1872
5763353,1872
5763892,1872
5764431,1873
5764971,1873
5765510,1872
5766050,1872
5766589,1872
5767128,1868
5767667,1872
5768206,1872
5768745,1872
5769285,1871
5769824,1872
5770369,1872
5770908,1872
5771447,1870
5771986,1872
5772526,1872
5773066,1873
5773605,1871
5774145,1872
5774684,1872
5775225,1872
5775764,1871
5776305,1873
5776844,1872
5777388,1872
5777928,1872
5778467,1872
5779006,1873
5779546,1872
5780085,1872
5780625,1872
5781165,1872
5781704,1873
5782244,1872
5782784,1872
5783324,1872
5783866,1871
5784406,1872
5784945,1872
5785485,1872
5786024,1870
5786563,1873
5787102,1872
5787642,1872
5788181,1872
5788721,1871
5789260,1872
5789799,1872
5790338,1872
5790877,1874
5791416,1872
5791956,1873
5792495,1872
5793034,1873
5793574,1872
5794113,1871
5794653,1873
5795193,1872
5795732,1872
5796273,1872
5796813,1872
5797352,1873
5797891,1875
5798430,1871
5798970,1872
5799510,1873
5800050,1872
5800589,1872
5801128,1872
5801667,1874
5802206,1872
5802746,1872
5803285,1872
5803824,1872
5804369,1874
5804909,1873
5805448,1872
5805987,1873
5806527,1872
5807066,1873
5807606,1874
5808145,1870
5808684,1869
5809226,1872
5809765,1872
5810305,1872
5810844,1873
5811388,1875
5811928,1873
5812467,1872
5813006,1872
5813545,1872
5814085,1872
5814624,1873
5815164,1873
5815703,1872
5816243,1872
5816782,1873
5817321,1872
5817860,1873
5818403,1872
5818943,1872
5819482,1872
5820022,1872
5820561,1872
5821100,1873
5821640,1872
5822179,1870
5822718,1872
5823258,1872
5823798,1871
5824337,1872
5824876,1871
5825415,1875
5825955,1872
5826494,1872
5827033,1873
5827572,1872
5828111,1872
5828650,1872
5829189,1873
5829729,1872
5830269,1871
5830808,1872
5831348,1872
5831888,1874
5832427,1872
5832966,1872
5833506,1872
5834046,1872
5834585,1872
5835124,1870
5835663,1872
5836202,1871
5836741,1871
5837281,1873
5837820,1872
5838359,1871
5838898,1872
5839438,1872
5839978,1872
5840517,1876
5841057,1870
5841596,1872
5842135,1872
5842675,1873
5843214,1872
5843753,1872
5844292,1872
5844831,1871
5845375,1872
5845915,1872
5846454,1872
5846993,1873
5847532,1872
5848071,1872
5848610,1872
5849150,1871
5849689,1872
5850229,1871
5850768,1872
5851308,1872
5851847,1872
5852390,1872
5852929,1872
5853468,1871
5854008,1872
5854547,1872
5855087,1872
5855626,1872
5856166,1873
5856705,1871
5857246,1872
5857786,1872
5858326,1872
5858865,1872
5859404,1872
5859943,1873
5860482,1872
5861023,1872
5861562,1872
5862102,1873
5862641,1873
5863180,1872
5863720,1872
5864259,1871
5864798,1873
5865337,1870
5865876,1872
5866415,1871
5866956,1869
5867495,1872
5868034,1872
5868574,1872
5869113,1872
5869653,1873
5870193,1872
5870733,1872
5871273,1870
5871813,1872
5872352,1871
5872891,1872
5873430,1872
5873969,1872
5874508,1873
5875047,1870
5875586,1872
5876125,1872
5876664,1872
5877203,1873
5877742,1872
5878282,1872
5878821,1872
5879360,1872
5879900,1871
5880439,1872
5880978,1871
5881517,1872
5882058,1873
5882597,1872
5883136,1872
5883676,1872
5884215,1872
5884755,1872
5885294,1871
5885834,1872
5886377,1872
5886916,1872
5887455,1873
5887995,1872
5888534,1872
5889073,1872
5889613,1872
5890153,1871
5890692,1872
5891233,1872
5891773,1872
5892312,1872
5892851,1872
5893395,1872
5893934,1872
5894474,1872
5895013,1872
5895553,1872
5896092,1874
5896632,1873
5897172,1871
5897712,1872
5898255,1871
5898795,1872
5899334,1872
5899874,1872
5900413,1872
5900953,1872
5901492,1872
5902031,1872
5902570,1871
5903110,1872
5903649,1872
5904188,1872
5904727,1871
5905266,1872
5905806,1871
5906345,1872
5906884,1872
5907423,1873
5907963,1872
5908502,1873
5909042,1872
5909581,1872
5910120,1872
5910660,1872
5911200,1872
5911740,1872
5912279,1872
5912819,1873
5913359,1874
5913898,1872
5914437,1872
5914978,1872
5915517,1874
5916057,1874
5916596,1872
5917135,1874
5917674,1872
5918214,1872
5918753,1872
5919292,1873
5919831,1872
5920375,1871
5920915,1872
5921454,1872
5921993,1872
5922533,1873
5923073,1873
5923612,1872
5924151,1872
5924690,1871
5925231,1871
5925770,1871
5926311,1872
5926851,1872
5927394,1872
5927933,1874
5928472,1871
5929012,1871
5929552,1873
5930092,1872
5930631,1872
5931170,1875
5931710,1872
5932250,1874
5932790,1874
5933330,1872
5933870,1872
5934409,1872
5934949,1872
5935488,1872
5936027,1872
5936566,1872
5937105,1873
5937644,1871
5938183,1872
5938722,1872
5939262,1872
5939801,1872
5940341,1872
5940881,1872
5941420,1872
5941959,1872
5942499,1872
5943038,1872
5943578,1872
5944118,1872
5944657,1872
5945196,1872
5945735,1872
5946274,1872
5946813,1873
5947353,1872
5947892,1872
5948432,1872
5948972,1875
5949511,1872
5950050,1871
5950589,1873
5951129,1870
5951668,1872
5952207,1872
5952747,1872
5953286,1872
5953826,1872
5954368,1872
5954907,1871
5955447,1872
5955986,1872
5956526,1872
5957065,1873
5957604,1872
5958143,1872
5958683,1872
5959225,1872
5959764,1874
5960303,1870
5960842,1872
5961386,1872
5961925,1873
5962465,1872
5963005,1871
5963544,1872
5964084,1872
5964623,1872
5965163,1874
5965702,1870
5966243,1872
5966782,1872
5967321,1872
5967860,1872
5968403,1872
5968943,1872
5969482,1872
5970022,1872
5970561,1872
5971100,1872
5971640,1872
5972179,1870
5972720,1872
5973259,1870
5973799,1872
5974338,1872
5974877,1873
5975416,1873
5975955,1872
5976495,1872
5977034,1872
5977573,1871
5978112,1873
5978651,1873
5979190,1872
5979729,1872
5980268,1875
5980808,1873
5981348,1872
5981888,1872
5982427,1872
5982967,1877
5983506,1872
5984045,1872
5984584,1872
5985125,1872
5985664,1872
5986203,1872
5986743,1873
5987283,1872
5987822,1871
5988365,1872
5988904,1873
5989444,1872
5989984,1871
5990523,1872
5991062,1872
5991602,1872
5992141,1872
5992681,1872
5993224,1873
5993763,1872
5994303,1872
5994842,1872
5995385,1872
5995924,1871
5996463,1872
5997002,1872
5997542,1872
5998082,1872
5998621,1872
5999160,1872
5999699,1872
6000240,1872
6000779,1872
6001319,1872
6001859,1875
6002402,1875
6002941,1872
6003480,1872
6004019,1872
6004559,1875
6005098,1873
6005637,1872
6006178,1873
6006720,1872
6007259,1873
6007798,1872
6008337,1872
6008876,1872
6009416,1872
6009956,1875
6010495,1872
6011034,1872
6011574,1873
6012114,1872
6012653,1872
6013192,1872
6013732,1872
6014271,1872
6014810,1872
6015351,1872
6015890,1872
6016430,1872
6016970,1872
6017509,1872
6018049,1874
6018588,1872
6019127,1872
6019667,1872
6020207,1872
6020746,1873
6021285,1872
6021824,1872
6022368,1872
6022908,1871
6023447,1875
6023986,1872
6024525,1872
6025064,1872
6025603,1872
6026143,1873
6026682,1872
6027225,1874
6027765,1872
6028305,1872
6028844,1872
6029388,1872
6029928,1871
6030467,1872
6031006,1873
6031545,1872
6032084,1871
6032623,1873
6033162,1872
6033702,1872
6034242,1872
6034781,1872
6035320,1872
6035859,1871
6036402,1873
6036941,1872
6037481,1874
6038020,1873
6038559,1873
6039098,1872
6039637,1872
6040176,1874
6040717,1873
6041257,1876
6041796,1872
6042335,1872
6042876,1872
6043415,1872
6043955,1872
6044494,1872
6045033,1872
6045572,1872
6046111,1872
6046650,1872
6047189,1871
6047729,1872
6048268,1873
6048807,1872
6049346,1873
6049886,1873
6050426,1872
6050966,1872
6051505,1872
6052045,1872
6052584,1872
6053123,1872
6053662,1872
6054201,1872
6054740,1875
6055279,1873
6055820,1871
6056360,1872
6056900,1871
6057439,1872
6057978,1871
6058517,1872
6059057,1871
6059597,1872
6060137,1873
6060676,1872
6061216,1872
6061755,1872
6062294,1873
6062833,1874
6063377,1872
6063916,1872
6064455,1874
6064995,1872
6065534,1873
6066074,1873
6066613,1872
6067152,1876
6067691,1872
6068231,1872
6068770,1872
6069310,1871
6069849,1872
6070392,1872
6070931,1873
6071470,1873
6072009,1871
6072549,1874
6073088,1871
6073628,1871
6074168,1874
6074707,1872
6075248,1872
6075787,1871
6076326,1872
6076866,1872
6077406,1872
6077945,1873
6078485,1872
6079025,1872
6079564,1872
6080104,1872
6080643,1872
6081183,1872
6081722,1872
6082262,1871
6082801,1872
6083341,1872
6083880,1872
6084420,1873
6084960,1873
6085499,1871
6086039,1872
6086578,1872
6087118,1872
6087657,1872
6088196,1872
6088735,1872
6089274,1872
6089813,1873
6090352,1872
6090891,1872
6091431,1872
6091970,1872
6092509,1872
6093050,1872
6093589,1868
6094128,1869
6094667,1872
6095206,1872
6095745,1872
6096285,1872
6096825,1872
6097368,1873
6097908,1873
6098447,1872
6098987,1873
6099526,1872
6100066,1872
6100605,1873
6101145,1874
6101684,1872
6102226,1872
6102766,1872
6103305,1873
6103845,1872
6104388,1872
6104928,1873
6105467,1872
6106006,1872
6106545,1872
6107085,1872
6107624,1872
6108164,1873
6108703,1872
6109243,1872
6109782,1872
6110321,1874
6110860,1872
6111403,1873
6111943,1872
6112482,1869
6113021,1871
6113560,1870
6114100,1870
6114640,1875
6115179,1872
6115718,1874
6116258,1872
6116797,1874
6117337,1872
6117876,1872
6118416,1872
6118956,1872
6119495,1872
6120035,1874
6120574,1872
6121113,1872
6121652,1874
6122192,1871
6122732,1872
6123271,1872
6123810,1872
6124350,1870
6124889,1872
6125428,1872
6125969,1873
6126508,1872
6127048,1870
6127587,1872
6128126,1869
6128665,1873
6129204,1872
6129744,1873
6130283,1871
6130823,1873
6131368,1872
6131907,1874
6132447,1871
6132986,1874
6133526,1872
6134066,1872
6134605,1873
6135145,1873
6135684,1872
6136225,1872
6136764,1872
6137304,1872
6137843,1872
6138386,1871
6138925,1872
6139464,1873
6140004,1872
6140543,1872
6141084,1875
6141623,1873
6142162,1872
6142701,1872
6143241,1872
6143780,1872
6144319,1873
6144859,1871
6145403,1872
6145943,1872
6146482,1871
6147021,1872
6147561,1873
6148100,1872
6148640,1872
6149179,1872
6149720,1873
6150259,1872
6150798,1872
6151337,1872
6151876,1872
6152415,1872
6152954,1872
6153494,1872
6154033,1872
6154573,1872
6155113,1874
6155652,1872
6156192,1872
6156732,1872
6157271,1872
6157810,1873
6158349,1872
6158889,1873
6159429,1872
6159969,1872
6160508,1872
6161047,1872
6161586,1872
6162126,1872
6162665,1871
6163205,1872
6163745,1872
6164285,1872
6164824,1872
6165369,1871
6165909,1872
6166448,1872
6166987,1873
6167526,1872
6168066,1872
6168606,1872
6169146,1871
6169685,1871
6170226,1873
6170766,1872
6171306,1874
6171845,1872
6172388,1872
6172928,1872
6173467,1874
6174006,1872
6174545,1872
6175086,1871
6175625,1873
6176165,1872
6176704,1872
6177245,1872
6177785,1872
6178324,1872
6178866,1872
6179405,1872
6179944,1873
6180484,1872
6181024,1872
6181563,1872
6182103,1870
6182642,1872
6183181,1874
6183721,1873
6184260,1873
6184799,1872
6185338,1872
6185877,1871
6186417,1873
6186957,1872
6187496,1872
6188036,1872
6188575,1872
6189114,1872
6189654,1871
6190193,1872
6190732,1872
6191271,1871
6191811,1872
6192350,1872
6192890,1871
6193429,1871
6193969,1872
6194508,1871
6195048,1869
6195587,1872
6196126,1872
6196666,1872
6197206,1872
6197746,1872
6198285,1872
6198825,1871
6199368,1872
6199908,1872
6200447,1872
6200987,1872
6201526,1875
6202065,1872
6202604,1872
6203144,1872
6203683,1872
6204225,1872
6204764,1873
6205304,1874
6205843,1872
6206387,1872
6206927,1872
6207466,1872
6208005,1872
6208544,1872
6209085,1874
6209624,1873
6210164,1872
6210703,1871
6211243,1871
6211782,1872
6212321,1872
6212860,1872
6213403,1873
6213942,1872
6214481,1872
6215020,1872
6215560,1872
6216100,1869
6216639,1872
6217179,1872
6217718,1874
6218258,1871
6218797,1874
6219337,1872
6219876,1872
6220415,1872
6220955,1874
6221494,1872
6222035,1871
6222574,1873
6223113,1872
6223652,1872
6224191,1872
6224731,1872
6225271,1872
6225810,1872
6226349,1872
6226890,1872
6227429,1873
6227969,1872
6228508,1873
6229047,1872
6229586,1872
6230126,1872
6230665,1873
6231204,1872
6231743,1872
6232283,1871
6232822,1872
6233366,1873
6233906,1872
6234445,1872
6234984,1872
6235523,1872
6236063,1872
6236602,1872
6237142,1872
6237681,1871
6238224,1872
6238763,1873
6239303,1872
6239842,1872
6240386,1872
6240925,1872
6241464,1872
6242003,1873
6242542,1873
6243081,1872
6243621,1872
6244161,1873
6244700,1872
6245240,1872
6245779,1874
6246318,1872
6246857,1872
6247401,1874
6247940,1872
6248479,1874
6249019,1873
6249558,1872
6250098,1873
6250637,1872
6251177,1872
6251716,1869
6252259,1872
6252799,1872
6253339,1873
6253879,1872
6254418,1872
6254957,1873
6255496,1872
6256037,1872
6256576,1872
6257115,1874
6257655,1874
6258194,1872
6258733,1872
6259272,1872
6259811,1872
6260351,1873
6260890,1872
6261430,1872
6261970,1870
6262509,1872
6263049,1872
6263588,1872
6264127,1872
6264667,1872
6265206,1871
6265745,1872
6266285,1872
6266824,1870
6267368,1872
6267907,1873
6268446,1874
6268987,1872
6269526,1872
6270065,1872
6270604,1872
6271144,1872
6271683,1872
6272225,1872
6272764,1872
6273303,1872
6273842,1872
6274385,1873
6274924,1872
6275463,1872
6276002,1871
6276542,1872
6277081,1872
6277621,1872
6278161,1871
6278700,1872
6279240,1872
6279779,1872
6280318,1872
6280857,1872
6281402,1872
6281942,1872
6282481,1872
6283021,1872
6283560,1872
6284099,1872
6284638,1870
6285179,1872
6285718,1872
6286258,1872
6286797,1873
6287337,1873
6287876,1872
6288416,1872
6288956,1871
6289495,1871
6290035,1872
6290574,1872
6291113,1872
6291652,1872
6292192,1874
6292732,1873
6293271,1872
6293810,1872
6294349,1872
6294889,1871
6295428,1870
6295968,1872
6296507,1871
6297047,1871
6297586,1873
6298126,1872
6298666,1873
6299206,1872
6299745,1872
6300285,1872
6300825,1871
6301368,1872
6301908,1874
6302447,1872
6302986,1872
6303525,1872
6304065,1873
6304604,1873
6305145,1872
6305684,1872
6306225,1872
6306764,1872
6307303,1873
6307842,1872
6308385,1872
6308924,1873
6309463,1875
6310002,1874
6310541,1872
6311080,1873
6311619,1873
6312159,1872
6312699,1872
6313239,1874
6313779,1872
6314318,1872
6314857,1873
6315401,1874
6315940,1872
6316480,1873
6317019,1872
6317559,1875
6318098,1872
6318637,1873
6319176,1874
6319715,1872
6320255,1872
6320795,1872
6321335,1875
6321875,1871
6322414,1872
6322953,1872
6323493,1872
6324032,1873
6324571,1871
6325112,1874
6325651,1872
6326191,1872
6326731,1871
6327270,1872
6327809,1872
6328349,1872
6328889,1872
6329428,1872
6329968,1872
6330507,1870
6331046,1872
6331585,1873
6332124,1872
6332663,1872
6333202,1870
6333741,1872
6334281,1872
6334821,1872
6335360,1875
6335900,1872
6336439,1872
6336978,1872
6337517,1872
6338058,1872
6338597,1872
6339136,1873
6339676,1873
6340216,1872
6340755,1872
6341295,1872
6341834,1873
6342377,1874
6342917,1872
6343456,1872
6343996,1872
6344535,1872
6345075,1872
6345614,1872
6346153,1872
6346692,1871
6347232,1872
6347773,1872
6348312,1872
6348851,1872
6349395,1874
6349935,1872
6350474,1872
6351014,1872
6351553,1872
6352092,1872
6352631,1872
6353171,1872
6353710,1872
6354251,1872
6354790,1873
6355330,1872
6355869,1873
6356408,1872
6356949,1872
6357488,1872
6358027,1875
6358566,1871
6359106,1872
6359646,1872
6360186,1871
6360726,1872
6361265,1873
6361804,1872
6362344,1873
6362883,1872
6363422,1872
6363962,1870
6364502,1874
6365041,1872
6365581,1870
6366120,1872
6366659,1872
6367198,1873
6367737,1871
6368278,1872
6368817,1872
6369357,1872
6369897,1872
6370436,1873
6370975,1872
6371515,1872
6372055,1872
6372594,1872
6373133,1870
6373672,1872
6374213,1871
6374752,1872
6375292,1872
6375831,1872
6376375,1872
6376915,1872
6377454,1872
6377993,1872
6378532,1872
6379072,1872
6379612,1872
6380152,1872
6380691,1872
6381231,1872
6381770,1872
6382310,1872
6382849,1870
6383393,1872
6383932,1872
6384472,1873
6385011,1871
6385550,1872
6386089,1872
6386629,1874
6387169,1872
6387708,1872
6388249,1872
6388788,1872
6389328,1872
6389868,1872
6390407,1872
6390946,1872
6391485,1871
6392024,1872
6392563,1872
6393103,1873
6393642,1872
6394182,1872
6394721,1872
6395260,1873
6395799,1872
6396339,1872
6396878,1874
6397417,1875
6397956,1872
6398495,1873
6399034,1872
6399574,1872
6400113,1872
6400652,1872
6401191,1872
6401730,1871
6402269,1871
6402808,1872
6403347,1872
6403886,1872
6404426,1871
6404965,1872
6405505,1873
6406044,1872
6406583,1873
6407123,1872
6407662,1873
6408201,1871
6408740,1872
6409279,1872
6409819,1872
6410358,1871
6410897,1872
6411436,1873
6411977,1872
6412516,1872
6413056,1872
6413595,1871
6414134,1872
6414673,1872
6415213,1872
6415752,1872
6416293,1872
6416833,1874
6417376,1872
6417917,1871
6418456,1872
6418996,1872
6419535,1872
6420074,1875
6420613,1873
6421153,1872
6421692,1872
6422232,1872
6422773,1872
6423312,1872
6423852,1871
6424395,1873
6424934,1872
6425473,1872
6426012,1872
6426552,1872
6427091,1872
6427630,1872
6428170,1872
6428710,1871
6429251,1872
6429790,1872
6430331,1872
6430870,1872
6431410,1872
6431950,1871
6432489,1872
6433029,1873
6433568,1872
6434107,1872
6434646,1873
6435185,1874
6435725,1872
6436264,1872
6436803,1872
6437343,1873
6437882,1872
6438421,1872
6438961,1872
6439500,1872
6440040,1871
6440579,1871
6441118,1872
6441657,1872
6442196,1871
6442736,1872
6443276,1872
6443815,1872
6444355,1873
6444894,1872
6445434,1872
6445973,1873
6446512,1872
6447052,1872
6447592,1873
6448131,1872
6448670,1872
6449209,1872
6449748,1872
6450288,1872
6450828,1872
6451371,1872
6451910,1872
6452449,1872
6452988,1873
6453527,1872
6454066,1870
6454605,1874
6455144,1872
6455684,1872
6456225,1871
6456764,1872
6457303,1871
6457842,1872
6458385,1873
6458925,1872
6459464,1872
6460003,1872
6460542,1872
6461082,1873
6461621,1873
6462161,1872
6462700,1872
6463239,1872
6463779,1872
6464319,1872
6464859,1871
6465402,1871
6465942,1873
6466481,1871
6467020,1872
6467560,1873
6468100,1872
6468639,1872
6469178,1872
6469717,1872
6470257,1872
6470796,1872
6471335,1872
6471875,1874
6472414,1873
6472954,1872
6473493,1872
6474033,1872
6474572,1872
6475111,1872
6475650,1871
6476189,1872
6476728,1872
6477267,1872
6477806,1872
6478346,1873
6478886,1872
6479425,1873
6479964,1872
6480503,1875
6481042,1872
6481582,1871
6482121,1874
6482661,1874
6483201,1872
6483740,1872
6484279,1872
6484820,1872
6485360,1872
6485900,1872
6486439,1872
6486978,1872
6487517,1872
6488058,1872
6488597,1872
6489136,1872
6489676,1871
6490216,1872
6490756,1872
6491295,1871
6491834,1872
6492377,1871
6492916,1871
6493455,1871
6493994,1872
6494533,1872
6495072,1872
6495611,1872
6496151,1871
6496690,1872
6497231,1872
6497770,1872
6498310,1872
6498849,1872
6499393,1872
6499933,1872
6500472,1872
6501011,1872
6501550,1872
6502089,1871
6502629,1872
6503168,1872
6503708,1872
6504248,1872
6504787,1872
6505326,1872
6505866,1872
6506406,1872
6506946,1872
6507485,1872
6508024,1873
6508563,1872
6509103,1872
6509642,1872
6510181,1872
6510721,1872
6511261,1873
6511800,1872
6512339,1872
6512878,1873
6513418,1872
6513958,1874
6514497,1870
6515037,1872
6515576,1872
6516116,1872
6516656,1872
6517196,1872
6517735,1870
6518275,1872
6518814,1873
6519353,1872
6519893,1872
6520432,1873
6520971,1872
6521511,1872
6522050,1871
6522589,1871
6523128,1871
6523668,1872
6524208,1873
6524747,1872
6525287,1872
6525827,1871
6526370,1872
6526910,1872
6527449,1873
6527989,1871
6528528,1866
6529067,1872
6529607,1872
6530147,1873
6530686,1872
6531227,1872
6531766,1874
6532305,1872
6532844,1873
6533388,1872
6533928,1872
6534467,1872
6535006,1872
6535546,1872
6536086,1872
6536625,1872
6537164,1872
6537704,1872
6538245,1877
6538784,1873
6539323,1873
6539866,1871
6540405,1872
6540944,1872
6541484,1872
6542024,1870
6542563,1872
6543103,1872
6543642,1872
6544182,1872
6544721,1872
6545260,1872
6545799,1872
6546338,1873
6546877,1872
6547416,1872
6547955,1872
6548495,1874
6549034,1872
6549574,1872
6550113,1871
6550653,1872
6551193,1873
6551732,1872
6552272,1872
6552811,1873
6553350,1872
6553890,1872
6554429,1872
6554968,1872
6555507,1872
6556047,1872
6556586,1872
6557126,1872
6557665,1872
6558205,1872
6558745,1872
6559285,1871
6559824,1872
6560368,1872
6560908,1873
6561447,1872
6561986,1872
6562526,1872
6563066,1872
6563605,1872
6564145,1873
6564684,1872
6565225,1872
6565765,1872
6566304,1874
6566843,1872
6567387,1873
6567927,1872
6568466,1872
6569005,1872
6569544,1872
6570084,1872
6570623,1871
6571163,1873
6571702,1871
6572242,1872
6572781,1872
6573320,1872
6573861,1872
6574404,1873
6574944,1872
6575484,1872
6576024,1873
6576563,1873
6577103,1872
6577642,1872
6578182,1872
6578721,1872
6579260,1871
6579799,1872
6580338,1872
6580877,1872
6581416,1872
6581957,1874
6582496,1870
6583036,1872
6583575,1872
6584114,1872
6584654,1871
6585194,1872
6585733,1872
6586272,1873
6586811,1872
6587350,1873
6587889,1873
6588428,1872
6588969,1874
6589508,1872
6590047,1872
6590586,1871
6591125,1872
6591664,1872
6592203,1872
6592742,1872
6593282,1872
6593821,1872
6594360,1872
6594899,1872
6595439,1873
6595979,1872
6596518,1872
6597057,1872
6597596,1872
6598135,1871
6598675,1872
6599215,1872
6599754,1871
6600293,1872
6600834,1872
6601377,1872
6601917,1872
6602456,1872
6602996,1871
6603535,1872
6604074,1872
6604614,1872
6605154,1872
6605693,1871
6606233,1872
6606772,1872
6607311,1872
6607850,1870
6608394,1872
6608934,1871
6609473,1870
6610013,1871
6610552,1874
6611092,1872
6611631,1872
6612170,1872
6612710,1872
6613251,1871
6613790,1872
6614330,1873
6614869,1872
6615408,1872
6615948,1872
6616487,1872
6617026,1872
6617565,1872
6618106,1872
6618645,1873
6619185,1872
6619725,1872
6620265,1871
6620804,1872
6621344,1871
6621884,1875
6622423,1872
6622963,1872
6623502,1872
6624042,1872
6624581,1872
6625120,1872
6625659,1872
6626200,1872
6626739,1872
6627278,1873
6627817,1872
6628357,1872
6628896,1870
6629435,1872
6629975,1872
6630514,1872
6631054,1873
6631593,1872
6632132,1870
6632671,1871
6633211,1872
6633750,1871
6634290,1872
6634830,1872
6635373,1872
6635912,1872
6636451,1872
6636991,1873
6637530,1872
6638069,1872
6638608,1875
6639147,1872
6639686,1870
6640227,1872
6640767,1872
6641306,1873
6641846,1871
6642389,1872
6642929,1872
6643468,1872
6644008,1873
6644547,1872
6645086,1872
6645626,1874
6646166,1872
6646705,1872
6647245,1872
6647784,1872
6648324,1872
6648866,1872
6649406,1873
6649946,1873
6650485,1871
6651024,1872
6651563,1872
6652104,1872
6652643,1872
6653183,1872
6653722,1872
6654262,1872
6654801,1872
6655340,1872
6655880,1871
6656419,1875
6656958,1871
6657498,1872
6658038,1872
6658577,1875
6659116,1872
6659655,1872
6660195,1872
6660735,1873
6661275,1872
6661814,1873
6662354,1872
6662894,1872
6663433,1872
6663973,1872
6664512,1872
6665051,1872
6665590,1872
6666129,1872
6666668,1872
6667207,1872
6667746,1872
6668285,1872
6668824,1873
6669369,1872
6669908,1872
6670447,1872
6670986,1872
6671526,1872
6672065,1872
6672605,1873
6673145,1872
6673684,1871
6674226,1873
6674765,1872
6675305,1872
6675844,1872
6676388,1872
6676928,1870
6677467,1872
6678006,1872
6678545,1871
6679086,1871
6679625,1872
6680165,1871
6680704,1872
6681245,1874
6681784,1872
6682324,1872
6682866,1871
6683405,1872
6683944,1872
6684483,1872
6685023,1873
6685562,1872
6686101,1873
6686640,1872
6687179,1872
6687720,1872
6688259,1872
6688798,1872
6689337,1872
6689876,1873
6690415,1872
6690955,1872
6691494,1872
6692033,1872
6692573,1872
6693112,1872
6693652,1873
6694192,1872
6694732,1872
6695271,1872
6695810,1872
6696351,1872
6696890,1872
6697429,1872
6697968,1873
6698508,1872
6699047,1872
6699586,1872
6700126,1870
6700665,1872
6701206,1872
6701745,1872
6702285,1871
6702825,1872
6703368,1873
6703908,1874
6704447,1873
6704986,1874
6705526,1872
6706066,1872
6706605,1870
6707145,1874
6707684,1871
6708226,1873
6708765,1872
6709305,1871
6709844,1872
6710388,1874
6710927,1872
6711467,1872
6712006,1871
6712545,1873
6713085,1872
6713624,1872
6714164,1872
6714703,1872
6715243,1871
6715782,1872
6716321,1872
6716860,1873
6717403,1872
6717943,1872
6718482,1869
6719021,1874
6719561,1872
6720100,1872
6720639,1872
6721178,1872
6721717,1872
6722258,1872
6722797,1872
6723337,1872
6723877,1872
6724416,1872
6724956,1873
6725495,1872
6726034,1872
6726574,1872
6727113,1872
6727652,1872
6728191,1872
6728731,1872
6729270,1873
6729809,1872
6730348,1872
6730887,1871
6731427,1872
6731967,1871
6732506,1872
6733045,1872
6733584,1873
6734124,1872
6734663,1872
6735202,1871
6735741,1872
6736280,1872
6736819,1872
6737358,1872
6737897,1872
6738436,1872
6738977,1872
6739516,1872
6740056,1872
6740595,1872
6741135,1872
6741674,1871
6742214,1872
6742754,1871
6743295,1872
6743834,1872
6744377,1872
6744917,1872
6745456,1872
6745996,1872
6746536,1872
6747075,1873
6747615,1873
6748155,1872
6748694,1872
6749234,1872
6749773,1872
6750312,1872
6750851,1872
6751395,1872
6751935,1871
6752474,1872
6753014,1871
6753553,1872
6754092,1870
6754631,1871
6755170,1872
6755710,1869
6756251,1871
6756790,1872
6757330,1872
6757869,1872
6758408,1869
6758948,1870
6759487,1872
6760027,1872
6760566,1872
6761106,1872
6761645,1872
6762184,1872
6762723,1872
6763263,1871
6763802,1872
6764341,1873
6764880,1872
6765420,1872
6765960,1872
6766499,1872
6767038,1870
6767577,1872
6768117,1872
6768656,1874
6769196,1872
6769735,1870
6770275,1872
6770814,1872
6771353,1872
6771894,1871
6772433,1872
6772972,1873
6773512,1873
6774051,1872
6774590,1873
6775130,1872
6775669,1872
6776208,1871
6776747,1873
6777286,1872
6777825,1872
6778368,1872
6778908,1872
6779447,1872
6779986,1872
6780526,1871
6781066,1872
6781605,1872
6782144,1872
6782684,1872
6783225,1872
6783765,1874
6784305,1873
6784844,1872
6785388,1872
6785928,1871
6786467,1873
6787006,1872
6787545,1873
6788085,1870
6788624,1871
6789163,1872
6789703,1872
6790243,1871
6790782,1872
6791321,1872
6791860,1872
6792403,1873
6792943,1872
6793482,1872
6794021,1869
6794560,1872
6795099,1872
6795638,1872
6796179,1873
6796718,1872
6797258,1872
6797798,1875
6798338,1872
6798878,1872
6799417,1873
6799957,1872
6800496,1872
6801036,1872
6801575,1872
6802114,1872
6802654,1872
6803194,1872
6803734,1872
6804273,1872
6804813,1871
6805352,1872
6805891,1873
6806430,1872
6806971,1872
6807510,1872
6808049,1872
6808589,1873
6809129,1872
6809668,1872
6810207,1873
6810746,1872
6811285,1872
6811824,1872
6812369,1870
6812909,1872
6813448,1872
6813988,1872
6814527,1872
6815066,1872
6815606,1873
6816146,1873
6816685,1872
6817227,1872
6817766,1872
6818305,1873
6818844,1874
6819387,1872
6819926,1872
6820466,1872
6821006,1874
6821545,1872
6822085,1871
6822624,1872
6823164,1872
6823703,1872
6824244,1873
6824783,1873
6825323,1872
6825866,1870
6826405,1872
6826944,1872
6827484,1873
6828024,1873
6828563,1872
6829102,1873
6829642,1872
6830181,1872
6830721,1872
6831260,1872
6831799,1872
6832338,1872
6832877,1872
6833417,1872
6833957,1872
6834496,1872
6835036,1872
6835575,1872
6836115,1872
6836655,1872
6837194,1873
6837734,1872
6838274,1870
6838813,1872
6839353,1872
6839892,1871
6840431,1870
6840971,1872
6841510,1873
6842050,1872
6842590,1870
6843130,1872
6843669,1870
6844208,1872
6844748,1872
6845287,1873
6845826,1873
6846369,1872
6846909,1871
6847448,1872
6847987,1872
6848527,1872
6849067,1870
6849606,1872
6850146,1872
6850685,1871
6851226,1872
6851765,1872
6852305,1873
6852844,1873
6853387,1872
6853926,1871
6854466,1872
6855006,1872
6855545,1871
6856084,1872
6856623,1872
6857162,1873
6857702,1871
6858241,1872
6858781,1872
6859321,1872
6859865,1872
6860405,1871
6860945,1872
6861484,1872
6862024,1872
6862563,1870
6863103,1872
6863642,1874
6864181,1872
6864721,1871
6865260,1871
6865799,1874
6866338,1873
6866877,1867
6867417,1872
6867957,1872
6868496,1872
6869036,1872
6869575,1872
6870116,1872
6870655,1872
6871194,1873
6871734,1872
6872273,1869
6872813,1871
6873353,1870
6873893,1871
6874432,1872
6874971,1872
6875510,1872
6876051,1872
6876590,1873
6877129,1872
6877668,1871
6878207,1869
6878746,1872
6879285,1872
6879825,1872
6880369,1872
6880909,1871
6881448,1872
6881988,1871
6882527,1872
6883066,1872
6883605,1875
6884144,1872
6884684,1872
6885225,1872
6885764,1872
6886304,1872
6886843,1873
6887387,1872
6887927,1872
6888466,1872
6889005,1872
6889544,1872
6890084,1872
6890623,1872
6891162,1872
6891702,1871
6892242,1872
6892781,1872
6893320,1872
6893860,1871
6894403,1871
6894944,1872
6895483,1872
6896023,1872
6896562,1872
6897101,1872
6897641,1872
6898180,1872
6898720,1872
6899260,1872
6899799,1875
6900339,1872
6900878,1875
6901417,1872
6901957,1871
6902496,1872
6903035,1872
6903575,1871
6904114,1873
6904654,1872
6905193,1871
6905732,1871
6906271,1872
6906810,1872
6907350,1872
6907890,1872
6908429,1872
6908969,1872
6909508,1872
6910047,1870
6910586,1872
6911125,1872
6911665,1872
6912205,1872
6912744,1872
6913284,1873
6913823,1872
6914367,1873
6914908,1873
6915447,1872
6915986,1872
6916526,1872
6917065,1872
6917604,1872
6918143,1873
6918683,1872
6919226,1872
6919766,1872
6920305,1871
6920844,1872
6921388,1872
6921928,1872
6922467,1872
6923006,1873
6923546,1872
6924085,1871
6924625,1872
6925165,1872
6925704,1872
6926245,1872
6926785,1872
6927324,1872
6927866,1872
6928405,1871
6928944,1873
6929484,1872
6930024,1872
6930563,1872
6931102,1872
6931641,1872
6932181,1872
6932721,1872
6933261,1874
6933801,1872
6934341,1873
6934881,1873
6935420,1872
6935959,1872
6936499,1872
6937038,1873
6937577,1872
6938118,1872
6938657,1872
6939196,1872
6939735,1873
6940274,1870
6940814,1872
6941354,1872
6941893,1872
6942433,1872
6942972,1872
6943512,1873
6944051,1872
6944590,1872
6945131,1872
6945670,1871
6946209,1872
6946748,1873
6947288,1869
6947828,1872
6948371,1871
6948910,1872
6949449,1869
6949988,1874
6950528,1872
6951068,1872
6951607,1870
6952147,1872
6952686,1872
6953227,1872
6953766,1872
6954305,1872
6954844,1872
6955388,1872
6955928,1872
6956467,1872
6957006,1872
6957545,1872
6958086,1875
6958625,1871
6959165,1872
6959704,1872
6960245,1874
6960785,1872
6961324,1872
6961866,1872
6962406,1874
6962945,1872
6963485,1872
6964025,1873
6964564,1872
6965104,1872
6965643,1874
6966182,1872
6966721,1868
6967261,1870
6967801,1872
6968340,1872
6968880,1872
6969419,1873
6969958,1873
6970497,1872
6971037,1872
6971577,1873
6972116,1872
6972656,1872
6973195,1872
6973735,1872
6974275,1871
6974815,1872
6975354,1872
6975894,1872
6976433,1872
6976972,1872
6977512,1871
6978052,1872
6978591,1872
6979131,1872
6979670,1872
6980209,1872
6980748,1872
6981288,1872
6981827,1872
6982370,1872
6982910,1872
6983449,1872
6983989,1872
6984528,1871
6985067,1872
6985607,1871
6986147,1873
6986686,1872
6987227,1872
6987767,1872
6988307,1871
6988846,1872
6989390,1872
6989930,1872
6990469,1872
6991009,1872
6991548,1870
6992088,1874
6992627,1872
6993166,1872
6993705,1871
6994245,1872
6994785,1871
6995325,1872
6995865,1872
6996405,1873
6996944,1871
6997483,1872
6998022,1873
6998562,1874
6999101,1872
6999641,1872
7000180,1873
7000719,1873
7001259,1872
7001799,1872
7002338,1872
7002877,1872
7003416,1873
7003956,1872
7004495,1872
7005034,1873
7005574,1872
7006114,1871
7006653,1872
7007192,1872
7007731,1872
7008271,1872
7008810,1872
7009349,1873
7009889,1872
7010429,1872
7010969,1872
7011508,1871
7012048,1872
7012587,1871
7013126,1872
7013665,1872
7014204,1870
7014743,1872
7015283,1872
7015822,1873
7016365,1872
7016904,1872
7017444,1872
7017984,1872
7018523,1871
7019062,1872
7019602,1872
7020141,1872
7020681,1870
7021224,1874
7021765,1872
7022304,1871
7022843,1872
7023387,1872
7023927,1873
7024466,1872
7025005,1872
7025544,1871
7026083,1872
7026622,1876
7027162,1869
7027701,1872
7028241,1872
7028781,1872
7029321,1870
7029860,1872
7030405,1872
7030944,1872
7031483,1872
7032023,1872
7032562,1871
7033101,1872
7033641,1872
7034181,1872
7034721,1870
7035261,1872
7035800,1871
7036339,1872
7036880,1872
7037419,1872
7037959,1872
7038498,1872
7039038,1871
7039577,1872
7040117,1872
7040656,1872
7041195,1872
7041734,1872
7042273,1871
7042812,1874
7043352,1872
7043891,1872
7044431,1872
7044971,1872
7045510,1872
7046050,1870
7046589,1872
7047129,1872
7047668,1872
7048207,1874
7048746,1874
7049285,1872
7049824,1871
7050369,1872
7050908,1872
7051448,1872
7051988,1872
7052527,1872
7053066,1872
7053605,1872
7054145,1872
7054684,1872
7055225,1871
7055766,1872
7056305,1872
7056844,1872
7057388,1872
7057927,1870
7058467,1872
7059006,1872
7059546,1872
7060086,1872
7060625,1874
7061165,1871
7061704,1872
7062245,1871
7062784,1872
7063324,1874
7063865,1872
7064404,1871
7064943,1870
7065482,1873
7066023,1872
7066562,1872
7067101,1872
7067640,1872
7068180,1871
7068720,1872
7069259,1872
7069798,1872
7070338,1874
7070878,1872
7071417,1871
7071957,1872
7072496,1872
7073036,1871
7073575,1872
7074114,1872
7074654,1872
7075194,1872
7075733,1872
7076272,1872
7076812,1873
7077351,1872
7077890,1872
7078429,1872
7078969,1872
7079508,1870
7080048,1872
7080587,1872
7081126,1872
7081665,1872
7082204,1871
7082743,1871
7083283,1871
7083822,1872
7084366,1876
7084905,1872
7085444,1872
7085985,1872
7086524,1874
7087064,1872
7087603,1872
7088142,1872
7088682,1871
7089225,1875
7089765,1871
7090304,1872
7090843,1872
7091387,1872
7091927,1872
7092466,1871
7093005,1873
7093544,1871
7094085,1872
7094624,1872
7095163,1872
7095703,1872
7096243,1872
7096782,1872
7097322,1870
7097865,1874
7098405,1871
7098944,1872
7099484,1872
7100024,1872
7100563,1871
7101103,1872
7101642,1871
7102182,1872
7102721,1872
7103260,1871
7103799,1871
7104339,1874
7104879,1872
7105418,1872
7105958,1872
7106497,1872
7107036,1872
7107576,1872
7108115,1871
7108655,1871
7109195,1872
7109734,1872
7110273,1872
7110813,1871
7111352,1872
7111891,1872
7112431,1873
7112970,1871
7113509,1871
7114049,1872
7114588,1872
7115127,1872
7115667,1871
7116207,1872
7116746,1874
7117285,1872
7117824,1872
7118369,1873
7118909,1872
7119448,1871
7119987,1872
7120526,1872
7121066,1873
7121606,1872
7122145,1872
7122684,1872
7123226,1872
7123765,1872
7124305,1872
7124844,1873
7125387,1872
7125926,1872
7126466,1872
7127006,1872
7127545,1872
7128084,1872
7128623,1872
7129162,1873
7129702,1872
7130242,1872
7130781,1872
7131320,1873
7131860,1872
7132403,1872
7132943,1872
7133482,1874
7134021,1872
7134561,1874
7135100,1873
7135640,1872
7136180,1872
7136719,1871
7137259,1872
7137798,1872
7138338,1874
7138878,1870
7139417,1872
7139956,1872
7140495,1871
7141036,1872
7141575,1870
7142114,1871
7142653,1872
7143193,1874
7143732,1872
7144271,1872
7144810,1872
7145349,1875
7145888,1872
7146427,1873
7146966,1872
7147506,1872
7148045,1873
7148584,1872
7149124,1872
7149663,1873
7150202,1872
7150741,1872
7151281,1872
7151820,1872
7152360,1872
7152900,1872
7153439,1872
7153978,1872
7154517,1872
7155056,1871
7155596,1871
7156135,1872
7156674,1872
7157214,1872
7157754,1872
7158294,1872
7158833,1872
7159377,1872
7159917,1873
7160456,1874
7160996,1872
7161535,1872
7162074,1872
7162613,1872
7163153,1872
7163692,1871
7164233,1872
7164772,1871
7165312,1871
7165851,1873
7166394,1874
7166935,1870
7167474,1872
7168013,1874
7168552,1872
7169092,1872
7169631,1870
7170170,1871
7170709,1872
7171250,1872
7171790,1875
7172329,1872
7172868,1872
7173407,1871
7173947,1872
7174486,1871
7175026,1872
7175565,1872
7176105,1872
7176644,1874
7177184,1874
7177723,1872
7178263,1872
7178802,1872
7179341,1872
7179881,1871
7180420,1871
7180959,1872
7181498,1872
7182038,1872
7182577,1872
7183116,1871
7183655,1868
7184195,1872
7184734,1872
7185274,1872
7185813,1871
7186352,1871
7186891,1872
7187431,1872
7187970,1874
7188509,1872
7189048,1872
7189587,1872
7190126,1872
7190665,1872
7191205,1873
7191744,1872
7192284,1871
7192823,1872
7193367,1873
7193908,1871
7194447,1872
7194986,1872
7195525,1871
7196064,1872
7196603,1872
7197142,1872
7197681,1872
7198225,1872
7198765,1871
7199305,1873
7199844,1873
7200388,1872
7200928,1872
7201467,1873
7202006,1872
7202545,1872
7203084,1874
7203623,1872
7204162,1871
7204701,1872
7205242,1872
7205781,1872
7206320,1872
7206860,1872
7207403,1872
7207942,1872
7208481,1872
7209020,1872
7209559,1872
7210099,1872
7210638,1872
7211179,1871
7211718,1871
7212258,1872
7212797,1872
7213337,1872
7213877,1871
7214416,1872
7214956,1873
7215495,1872
7216035,1872
7216574,1872
7217113,1873
7217653,1872
7218193,1871
7218732,1872
7219271,1872
7219810,1872
7220349,1871
7220889,1872
7221428,1872
7221969,1874
7222508,1872
7223047,1872
7223586,1872
7224125,1871
7224664,1872
7225204,1872
7225743,1872
7226283,1872
7226822,1872
7227366,1872
7227905,1872
7228445,1871
7228985,1872
7229524,1872
7230063,1873
7230603,1872
7231142,1872
7231682,1872
7232224,1872
7232763,1874
7233302,1873
7233841,1871
7234384,1872
7234923,1872
7235462,1871
7236003,1872
7236542,1870
7237081,1872
7237621,1872
7238161,1870
7238700,1872
7239240,1872
7239779,1872
7240318,1872
7240857,1872
7241401,1872
7241940,1872
7242479,1872
7243019,1872
7243558,1872
7244097,1872
7244636,1871
7245176,1872
7245715,1872
7246255,1873
7246794,1872
7247333,1872
7247872,1872
7248411,1872
7248950,1872
7249489,1872
7250029,1872
7250568,1872
7251107,1874
7251646,1871
7252187,1872
7252727,1873
7253267,1873
7253806,1875
7254345,1872
7254884,1872
7255423,1872
7255962,1872
7256501,1872
7257040,1872
7257580,1872
7258119,1873
7258659,1871
7259198,1871
7259739,1872
7260278,1872
7260817,1870
7261357,1870
7261897,1873
7262436,1872
7262976,1872
7263515,1872
7264055,1872
7264594,1872
7265133,1872
7265672,1872
7266212,1872
7266752,1872
7267292,1872
7267832,1872
7268375,1872
7268915,1872
7269454,1872
7269994,1872
7270533,1869
7271072,1872
7271611,1872
7272151,1872
7272690,1870
7273231,1872
7273771,1872
7274310,1872
7274849,1872
7275392,1872
7275931,1872
7276471,1873
7277011,1872
7277550,1869
7278089,1868
7278629,1872
7279168,1872
7279708,1872
7280249,1872
7280788,1872
7281327,1873
7281867,1873
7282406,1872
7282945,1872
7283485,1872
7284025,1873
7284564,1872
7285103,1872
7285642,1872
7286181,1872
7286721,1872
7287260,1871
7287799,1872
7288338,1874
7288878,1872
7289417,1872
7289957,1872
7290497,1872
7291037,1872
7291576,1873
7292116,1872
7292655,1870
7293195,1874
7293734,1873
7294274,1872
7294813,1872
7295354,1872
7295894,1873
7296433,1872
7296973,1871
7297512,1871
7298052,1872
7298592,1870
7299131,1872
7299671,1872
7300210,1872
7300749,1873
7301288,1872
7301828,1873
7302372,1872
7302912,1872
7303451,1872
7303990,1872
7304529,1872
7305069,1872
7305608,1873
7306148,1872
7306687,1871
7307227,1873
7307766,1872
7308305,1874
7308845,1871
7309389,1872
7309929,1872
7310468,1872
7311008,1872
7311547,1872
7312086,1873
7312625,1872
7313166,1869
7313705,1871
7314246,1872
7314786,1872
7315325,1872
7315866,1872
7316405,1871
7316944,1872
7317484,1872
7318023,1871
7318563,1872
7319103,1872
7319642,1872
7320182,1874
7320721,1872
7321260,1871
7321799,1872
7322339,1872
7322878,1869
7323417,1871
7323957,1872
7324496,1872
7325035,1872
7325574,1872
7326114,1872
7326653,1872
7327193,1871
7327732,1872
7328273,1872
7328813,1872
7329352,1872
7329891,1872
7330430,1872
7330971,1872
7331510,1872
7332050,1874
7332589,1872
7333130,1871
7333669,1872
7334208,1872
7334748,1872
7335287,1869
7335826,1872
7336369,1872
7336908,1872
7337447,1872
7337986,1873
7338526,1869
7339065,1872
7339604,1872
7340145,1873
7340684,1872
7341226,1872
7341765,1872
7342305,1872
7342844,1871
7343388,1872
7343928,1872
7344467,1872
7345007,1872
7345546,1873
7346086,1872
7346625,1872
7347165,1872
7347704,1874
7348245,1875
7348785,1872
7349324,1872
7349865,1871
7350405,1872
7350945,1872
7351484,1872
7352024,1873
7352563,1871
7353102,1872
7353641,1872
7354180,1872
7354720,1872
7355260,1872
7355799,1873
7356339,1872
7356878,1872
7357418,1871
7357957,1872
7358497,1872
7359037,1873
7359576,1872
7360115,1872
7360655,1872
7361195,1873
7361734,1872
7362275,1872
7362815,1872
7363355,1872
7363894,1872
7364434,1872
7364974,1872
7365513,1872
7366052,1870
7366591,1872
7367130,1872
7367670,1872
7368210,1872
7368749,1873
7369289,1872
7369828,1871
7370371,1872
7370911,1872
7371451,1872
7371990,1872
7372529,1872
7373069,1872
7373608,1872
7374147,1872
7374687,1871
7375226,1872
7375765,1872
7376304,1872
7376843,1872
7377386,1872
7377925,1872
7378465,1872
7379004,1875
7379543,1872
7380083,1872
7380622,1873
7381162,1872
7381701,1872
7382241,1873
7382780,1872
7383319,1872
7383859,1872
7384402,1872
7384941,1872
7385481,1872
7386021,1872
7386560,1869
7387100,1872
7387639,1872
7388179,1872
7388718,1872
7389258,1872
7389797,1872
7390337,1872
7390876,1872
7391416,1871
7391956,1873
7392495,1872
7393034,1872
7393573,1873
7394113,1872
7394652,1871
7395192,1872
7395732,1872
7396272,1872
7396812,1872
7397351,1872
7397890,1872
7398429,1873
7398969,1872
7399508,1872
7400048,1872
7400587,1872
7401126,1872
7401665,1874
7402204,1872
7402743,1872
7403283,1872
7403822,1872
7404365,1870
7404904,1872
7405444,1872
7405983,1872
7406522,1872
7407061,1872
7407601,1873
7408141,1873
7408680,1872
7409224,1872
7409763,1872
7410302,1872
7410841,1872
7411384,1872
7411924,1872
7412464,1871
7413004,1872
7413543,1863
7414082,1873
7414622,1872
7415161,1872
7415700,1872
7416241,1871
7416780,1873
7417319,1872
7417858,1871
7418403,1872
7418943,1872
7419482,1872
7420022,1872
7420561,1871
7421100,1872
7421640,1871
7422180,1872
7422720,1871
7423259,1872
7423798,1872
7424337,1877
7424876,1872
7425415,1872
7425954,1872
7426494,1872
7427033,1872
7427573,1872
7428113,1875
7428652,1872
7429191,1873
7429730,1872
7430270,1872
7430809,1872
7431348,1873
7431887,1872
7432426,1871
7432966,1871
7433505,1872
7434044,1872
7434583,1872
7435123,1872
7435662,1873
7436201,1872
7436740,1873
7437279,1871
7437819,1872
7438358,1873
7438897,1872
7439436,1872
7439976,1872
7440515,1872
7441055,1872
7441594,1873
7442133,1871
7442672,1872
7443212,1872
7443751,1872
7444292,1872
7444832,1872
7445375,1872
7445915,1872
7446454,1872
7446994,1872
7447533,1871
7448072,1872
7448611,1873
7449151,1871
7449690,1870
7450231,1872
7450770,1872
7451310,1872
7451849,1872
7452392,1870
7452931,1871
7453471,1871
7454011,1872
7454550,1872
7455090,1872
7455629,1873
7456168,1872
7456708,1872
7457247,1872
7457786,1872
7458325,1872
7458866,1872
7459406,1871
7459946,1872
7460485,1872
7461025,1872
7461564,1872
7462103,1870
7462643,1873
7463183,1871
7463723,1872
7464262,1872
7464801,1867
7465340,1872
7465880,1872
7466419,1870
7466958,1872
7467497,1872
7468037,1872
7468576,1872
7469116,1874
7469655,1873
7470194,1873
7470733,1874
7471272,1872
7471811,1875
7472350,1872
7472890,1872
7473429,1874
7473968,1872
7474507,1872
7475046,1872
7475586,1872
7476126,1872
7476665,1872
7477205,1873
7477745,1872
7478285,1872
7478824,1872
7479368,1872
7479908,1873
7480447,1873
7480986,1872
7481525,1872
7482065,1874
7482604,1875
7483144,1872
7483683,1872
7484225,1872
7484765,1872
7485305,1872
7485844,1872
7486387,1871
7486926,1872
7487465,1871
7488005,1873
7488544,1872
7489084,1874
7489623,1871
7490164,1872
7490703,1872
7491243,1872
7491782,1872
7492322,1872
7492866,1872
7493406,1872
7493945,1872
7494485,1872
7495024,1872
7495563,1872
7496102,1872
7496642,1873
7497181,1872
7497721,1872
7498260,1872
7498799,1872
7499338,1872
7499877,1873
7500417,1873
7500957,1873
7501496,1872
7502037,1870
7502576,1872
7503115,1872
7503655,1873
7504194,1871
7504734,1873
7505274,1872
7505814,1872
7506353,1872
7506893,1874
7507432,1872
7507971,1872
7508510,1872
7509051,1870
7509590,1872
7510130,1872
7510669,1872
7511208,1872
7511747,1873
7512286,1871
7512827,1872
7513370,1872
7513909,1872
7514448,1872
7514987,1872
7515527,1872
7516067,1871
7516606,1871
7517145,1871
7517684,1870
7518226,1872
7518765,1872
7519306,1872
7519845,1872
7520388,1872
7520928,1872
7521467,1872
7522006,1872
7522545,1872
7523086,1872
7523625,1872
7524165,1872
7524704,1872
7525245,1872
7525784,1872
7526323,1873
7526866,1873
7527405,1872
7527945,1873
7528485,1872
7529024,1872
7529563,1872
7530103,1873
7530642,1872
7531182,1871
7531721,1872
7532260,1872
7532799,1872
7533338,1872
7533877,1873
7534416,1872
7534956,1874
7535495,1872
7536036,1872
7536575,1873
7537114,1871
7537654,1872
7538193,1872
7538732,1872
7539271,1872
7539810,1872
7540350,1872
7540889,1872
7541428,1872
7541968,1872
7542507,1872
7543047,1872
7543586,1872
7544126,1873
7544665,1872
7545205,1872
7545744,1872
7546283,1872
7546823,1872
7547367,1870
7547906,1871
7548446,1872
7548986,1872
7549525,1870
7550064,1870
7550603,1873
7551143,1872
7551682,1872
7552225,1872
7552764,1871
7553303,1870
7553842,1870
7554386,1872
7554926,1872
7555465,1872
7556005,1872
7556544,1872
7557083,1872
7557623,1870
7558163,1871
7558702,1871
7559243,1870
7559782,1873
7560322,1871
7560866,1872
7561406,1872
7561946,1872
7562485,1871
7563024,1872
7563563,1872
7564102,1872
7564642,1872
7565181,1872
7565721,1873
7566261,1872
7566800,1871
7567339,1872
7567878,1872
7568417,1872
7568956,1872
7569495,1872
7570034,1872
7570574,1870
7571113,1868
7571653,1870
7572193,1870
7572732,1871
7573272,1872
7573812,1871
7574351,1872
7574890,1872
7575429,1872
7575969,1872
7576508,1874
7577047,1872
7577587,1872
7578126,1872
7578666,1872
7579206,1872
7579745,1872
7580284,1872
7580823,1871
7581367,1872
7581907,1871
7582446,1875
7582986,1873
7583525,1872
7584065,1872
7584604,1872
7585143,1872
7585683,1871
7586224,1872
7586764,1872
7587303,1872
7587843,1873
7588387,1872
7588927,1871
7589466,1871
7590005,1871
7590544,1873
7591083,1872
7591623,1872
7592162,1872
7592701,1872
7593242,1872
7593781,1873
7594320,1871
7594859,1871
7595402,1872
7595942,1874
7596481,1871
7597020,1872
7597559,1872
7598099,1872
7598638,1872
7599177,1872
7599717,1875
7600256,1872
7600795,1871
7601335,1873
7601875,1873
7602414,1871
7602953,1873
7603492,1873
7604031,1873
7604570,1874
7605111,1872
7605650,1872
7606189,1872
7606728,1872
7607268,1872
7607808,1872
7608347,1871
7608887,1871
7609426,1872
7609966,1872
7610505,1871
7611044,1872
7611583,1875
7612123,1873
7612662,1872
7613201,1872
7613741,1870
7614280,1872
7614819,1872
7615358,1872
7615897,1872
7616437,1872
7616977,1872
7617516,1872
7618056,1872
7618595,1872
7619134,1871
7619674,1871
7620214,1870
7620754,1873
7621293,1872
7621832,1872
7622375,1872
7622915,1872
7623454,1872
7623993,1872
7624533,1872
7625073,1872
7625612,1872
7626151,1871
7626690,1871
7627230,1872
7627769,1872
7628308,1872
7628847,1872
7629390,1873
7629930,1872
7630469,1875
7631008,1872
7631547,1872
7632086,1873
7632626,1871
7633166,1872
7633705,1872
7634246,1871
7634786,1872
7635325,1872
7635865,1871
7636405,1872
7636944,1872
7637483,1872
7638022,1869
7638562,1872
7639101,1872
7639641,1872
7640180,1872
7640720,1870
7641259,1872
7641798,1872
7642337,1872
7642876,1872
7643415,1872
7643955,1872
7644494,1872
7645033,1872
7645572,1872
7646111,1873
7646650,1872
7647189,1872
7647728,1873
7648267,1873
7648806,1872
7649345,1871
7649884,1870
7650424,1872
7650963,1873
7651502,1872
7652041,1872
7652581,1872
7653120,1871
7653660,1872
7654200,1872
7654739,1872
7655278,1872
7655818,1874
7656357,1873
7656897,1872
7657436,1872
7657977,1872
7658516,1872
7659055,1872
7659594,1872
7660134,1872
7660674,1872
7661214,1872
7661754,1872
7662293,1872
7662833,1872
7663376,1872
7663915,1871
7664454,1870
7664993,1873
7665533,1872
7666073,1871
7666612,1873
7667151,1872
7667690,1872
7668230,1872
7668770,1872
7669310,1872
7669849,1870
7670393,1872
7670932,1871
7671471,1872
7672010,1872
7672549,1873
7673088,1872
7673628,1871
7674167,1872
7674707,1872
7675247,1872
7675787,1870
7676326,1872
7676866,1872
7677405,1872
7677944,1872
7678483,1870
7679024,1872
7679563,1872
7680103,1872
7680642,1872
7681181,1872
7681721,1872
7682260,1872
7682799,1874
7683338,1872
7683877,1872
7684416,1872
7684956,1873
7685495,1872
7686034,1871
7686573,1872
7687112,1872
7687651,1872
7688192,1872
7688732,1872
7689271,1869
7689811,1872
7690351,1872
7690890,1872
7691429,1872
7691968,1872
7692508,1872
7693047,1872
7693587,1872
7694127,1872
7694666,1872
7695205,1870
7695745,1872
7696285,1872
7696825,1872
7697368,1873
7697908,1871
7698447,1871
7698986,1873
7699525,1872
7700064,1872
7700603,1872
7701143,1871
7701682,1870
7702225,1871
7702765,1871
7703304,1872
7703843,1871
7704387,1872
7704926,1870
7705465,1872
7706004,1872
7706543,1871
7707082,1872
7707622,1872
7708161,1872
7708701,1872
7709241,1870
7709781,1871
7710320,1872
7710860,1872
7711403,1872
7711943,1872
7712482,1872
7713021,1872
7713560,1873
7714100,1872
7714639,1872
7715180,1871
7715719,1871
7716259,1873
7716799,1873
7717338,1872
7717877,1872
7718417,1872
7718957,1872
7719496,1872
7720035,1871
7720575,1872
7721114,1872
7721654,1870
7722193,1872
7722732,1872
7723272,1872
7723812,1873
7724351,1872
7724890,1872
7725429,1872
7725968,1872
7726508,1872
7727047,1872
7727587,1874
7728126,1872
7728665,1872
7729204,1872
7729745,1872
7730284,1872
7730823,1872
7731367,1872
7731906,1870
7732446,1872
7732985,1872
7733524,1872
7734064,1872
7734604,1875
7735143,1872
7735683,1871
7736225,1872
7736764,1873
7737304,1872
7737843,1872
7738387,1873
7738927,1872
7739466,1872
7740005,1874
7740544,1873
7741085,1870
7741624,1872
7742164,1872
7742703,1872
7743243,1872
7743783,1872
7744323,1872
7744866,1871
7745406,1872
7745946,1872
7746485,1872
7747024,1871
7747563,1874
7748102,1872
7748641,1872
7749180,1872
7749720,1872
7750259,1872
7750798,1872
7751337,1872
7751877,1872
7752416,1872
7752957,1873
7753496,1875
7754036,1875
7754576,1872
7755115,1871
7755655,1872
7756195,1872
7756734,1872
7757273,1872
7757812,1872
7758351,1872
7758890,1872
7759429,1872
7759968,1872
7760508,1872
7761048,1872
7761587,1875
7762126,1872
7762665,1872
7763205,1872
7763745,1872
7764284,1872
7764823,1872
7765368,1872
7765908,1872
7766447,1871
7766986,1870
7767526,1872
7768065,1872
7768604,1872
7769145,1872
7769684,1872
7770225,1872
7770764,1872
7771303,1872
7771843,1872
7772387,1872
7772927,1872
7773466,1872
7774005,1873
7774544,1872
7775084,1872
7775623,1872
7776164,1872
7776703,1872
7777243,1872
7777782,1872
7778321,1872
7778860,1871
7779404,1872
7779943,1872
7780482,1873
7781023,1872
7781562,1872
7782102,1874
7782641,1874
7783180,1871
7783719,1872
7784259,1872
7784798,1874
7785337,1872
7785877,1872
7786416,1872
7786955,1872
7787495,1871
7788034,1872
7788574,1872
7789113,1872
7789653,1872
7790193,1872
7790733,1872
7791272,1872
7791811,1871
7792350,1872
7792889,1873
7793428,1872
7793967,1872
7794506,1872
7795046,1872
7795586,1872
7796126,1872
7796665,1872
7797205,1872
7797744,1872
7798284,1872
7798823,1872
7799368,1872
7799908,1872
7800447,1872
7800986,1872
7801525,1872
7802065,1872
7802604,1869
7803144,1872
7803683,1872
7804225,1871
7804765,1872
7805304,1872
7805843,1875
7806387,1872
7806926,1872
7807466,1871
7808006,1871
7808545,1874
7809085,1871
7809624,1872
7810163,1869
7810702,1871
7811243,1872
7811782,1872
7812322,1872
7812865,1872
7813405,1872
7813944,1872
7814484,1872
7815024,1875
7815563,1872
7816102,1875
7816641,1870
7817181,1872
7817721,1872
7818260,1872
7818799,1872
7819339,1872
7819879,1873
7820418,1872
7820957,1872
7821496,1872
7822037,1872
7822576,1870
7823116,1872
7823655,1872
7824194,1872
7824734,1877
7825275,1872
7825815,1872
7826354,1872
7826894,1872
7827433,1872
7827974,1871
7828513,1872
7829052,1872
7829592,1872
7830132,1871
7830671,1872
7831210,1872
7831749,1873
7832289,1872
7832828,1872
7833371,1872
7833910,1872
7834449,1872
7834988,1872
7835527,1872
7836066,1872
7836605,1872
7837145,1872
7837684,1869
7838226,1872
7838765,1872
7839305,1874
7839844,1872
7840388,1872
7840928,1872
7841467,1873
7842007,1872
7842547,1872
7843086,1872
7843626,1872
7844166,1871
7844705,1872
7845245,1872
7845785,1875
7846324,1872
7846866,1872
7847405,1873
7847944,1873
7848484,1872
7849024,1872
7849563,1870
7850103,1871
7850642,1872
7851182,1871
7851721,1872
7852261,1872
7852801,1872
7853340,1874
7853879,1874
7854418,1874
7854957,1872
7855497,1872
7856037,1872
7856576,1872
7857115,1872
7857655,1872
7858194,1872
7858734,1874
7859273,1871
7859813,1872
7860352,1872
7860891,1872
7861431,1872
7861971,1871
7862510,1873
7863050,1872
7863589,1872
7864129,1873
7864668,1872
7865207,1872
7865747,1872
7866286,1874
7866826,1872
7867368,1871
7867907,1873
7868446,1872
7868985,1872
7869525,1873
7870064,1872
7870603,1872
7871144,1872
7871683,1872
7872224,1872
7872763,1872
7873302,1872
7873842,1872
7874386,1870
7874925,1872
7875465,1872
7876005,1873
7876544,1872
7877084,1872
7877623,1873
7878163,1872
7878702,1872
7879242,1872
7879781,1872
7880320,1872
7880859,1872
7881402,1870
7881942,1872
7882481,1872
7883020,1871
7883559,1872
7884098,1872
7884637,1872
7885177,1872
7885716,1872
7886258,1872
7886797,1872
7887337,1871
7887876,1872
7888415,1873
7888956,1872
7889495,1870
7890034,1872
7890574,1872
7891113,1872
7891653,1873
7892192,1872
7892731,1872
7893270,1873
7893809,1872
7894348,1872
7894887,1872
7895426,1871
7895965,1872
7896504,1872
7897044,1872
7897583,1872
7898122,1869
7898662,1872
7899201,1872
7899740,1875
7900279,1871
7900818,1872
7901358,1872
7901897,1872
7902437,1871
7902977,1871
7903516,1872
7904056,1872
7904595,1872
7905134,1871
7905673,1872
7906213,1873
7906752,1871
7907291,1872
7907830,1872
7908374,1871
7908914,1872
7909453,1872
7909992,1872
7910531,1872
7911071,1872
7911610,1872
7912151,1872
7912690,1869
7913230,1872
7913770,1872
7914310,1872
7914849,1872
7915393,1872
7915932,1872
7916471,1872
7917011,1873
7917551,1872
7918091,1873
7918630,1872
7919170,1872
7919709,1872
7920250,1872
7920789,1871
7921328,1872
7921869,1870
7922408,1872
7922947,1872
7923487,1872
7924027,1872
7924566,1872
7925106,1872
7925646,1872
7926186,1873
7926725,1872
7927265,1872
7927804,1872
7928343,1873
7928882,1872
7929421,1873
7929960,1872
7930500,1876
7931039,1872
7931579,1873
7932119,1872
7932658,1867
7933198,1872
7933737,1872
7934277,1870
7934816,1871
7935355,1871
7935894,1872
7936434,1871
7936974,1872
7937513,1871
7938052,1872
7938591,1872
7939130,1872
7939670,1872
7940210,1872
7940749,1872
7941289,1871
7941828,1872
7942371,1872
7942910,1871
7943449,1873
7943988,1871
7944527,1872
7945066,1872
7945605,1872
7946144,1872
7946684,1872
7947226,1872
7947766,1872
7948305,1872
7948844,1873
7949388,1872
7949927,1871
7950466,1871
7951006,1872
7951546,1872
7952085,1872
7952625,1873
7953165,1871
7953704,1872
7954245,1872
7954784,1872
7955323,1874
7955865,1871
7956405,1872
7956944,1872
7957484,1872
7958024,1874
7958563,1872
7959103,1872
7959642,1873
7960181,1872
7960721,1873
7961260,1872
7961799,1872
7962338,1873
7962878,1872
7963417,1872
7963957,1872
7964496,1871
7965035,1871
7965575,1871
7966114,1872
7966653,1872
7967192,1872
7967732,1872
7968271,1872
7968810,1872
7969350,1872
7969889,1872
7970428,1872
7970968,1872
7971507,1872
7972046,1872
7972585,1870
7973124,1875
7973664,1872
7974204,1872
7974743,1870
7975283,1872
7975822,1872
7976365,1872
7976904,1872
7977443,1871
7977983,1872
7978522,1872
7979061,1872
7979600,1872
7980140,1872
7980679,1872
7981220,1872
7981759,1872
7982298,1873
7982837,1872
7983381,1872
7983921,1873
7984460,1872
7985000,1872
7985539,1872
7986078,1872
7986617,1873
7987157,1872
7987696,1871
7988236,1872
7988775,1872
7989314,1872
7989853,1872
7990396,1877
7990935,1872
7991474,1872
7992014,1871
7992553,1875
7993092,1872
7993631,1872
7994172,1872
7994712,1872
7995256,1872
7995795,1872
7996334,1872
7996874,1871
7997413,1871
7997952,1873
7998491,1872
7999030,1872
7999569,1872
8000108,1872
8000648,1872
8001187,1872
8001726,1872
8002265,1872
8002805,1872
8003345,1873
8003885,1872
8004424,1872
8004963,1872
8005502,1873
8006042,1874
8006581,1873
8007120,1872
8007659,1874
8008199,1874
8008739,1873
8009278,1872
8009817,1872
8010357,1872
8010897,1872
8011436,1872
8011976,1873
8012515,1873
8013054,1872
8013594,1872
8014134,1865
8014673,1873
8015213,1872
8015752,1871
8016291,1872
8016831,1872
8017375,1872
8017915,1873
8018454,1872
8018993,1874
8019532,1873
8020072,1872
8020611,1872
8021151,1872
8021690,1871
8022231,1872
8022770,1871
8023309,1872
8023849,1872
8024392,1872
8024931,1873
8025470,1872
8026011,1872
8026550,1872
8027089,1872
8027629,1872
8028168,1873
8028708,1872
8029247,1871
8029786,1873
8030325,1872
8030866,1872
8031406,1872
8031945,1872
8032485,1872
8033025,1872
8033564,1872
8034104,1872
8034643,1872
8035182,1874
8035722,1872
8036262,1872
8036801,1873
8037340,1872
8037880,1872
8038419,1875
8038958,1873
8039497,1872
8040036,1872
8040575,1872
8041114,1872
8041654,1872
8042194,1874
8042734,1873
8043273,1872
8043812,1872
8044351,1872
8044891,1872
8045431,1874
8045970,1872
8046509,1872
8047048,1872
8047587,1872
8048127,1872
8048666,1872
8049207,1873
8049747,1871
8050286,1872
8050826,1872
8051368,1874
8051909,1873
8052448,1874
8052987,1871
8053527,1872
8054066,1872
8054605,1873
8055146,1872
8055685,1872
8056226,1873
8056765,1872
8057304,1871
8057844,1871
8058388,1874
8058928,1872
8059467,1872
8060006,1872
8060546,1872
8061085,1873
8061625,1872
8062165,1874
8062704,1872
8063245,1870
8063784,1870
8064323,1872
8064866,1871
8065405,1872
8065944,1872
8066483,1872
8067022,1872
8067561,1872
8068101,1871
8068640,1872
8069180,1873
8069719,1872
8070259,1872
8070798,1871
8071338,1872
8071877,1872
8072417,1869
8072957,1873
8073496,1872
8074036,1871
8074575,1874
8075114,1872
8075654,1873
8076194,1872
8076733,1874
8077272,1873
8077812,1873
8078351,1872
8078890,1872
8079429,1872
8079968,1872
8080508,1873
8081048,1873
8081587,1867
8082126,1872
8082666,1872
8083206,1872
8083745,1874
8084285,1871
8084825,1874
8085368,1872
8085907,1872
8086447,1874
8086987,1872
8087526,1872
8088065,1871
8088604,1872
8089143,1872
8089682,1871
8090225,1872
8090765,1872
8091304,1871
8091843,1872
8092386,1872
8092925,1872
8093465,1874
8094005,1873
8094544,1872
8095084,1872
8095623,1872
8096162,1872
8096702,1870
8097241,1871
8097781,1872
8098320,1872
8098859,1873
8099402,1872
8099942,1872
8100481,1872
8101021,1872
8101560,1872
8102100,1872
8102639,1872
8103179,1873
8103718,1872
8104258,1872
8104797,1872
8105337,1872
8105876,1872
8106416,1868
8106956,1872
8107495,1872
8108035,1871
8108574,1872
8109113,1872
8109652,1870
8110191,1872
8110730,1873
8111269,1872
8111808,1872
8112347,1872
8112887,1871
8113426,1872
8113965,1872
8114504,1872
8115044,1872
8115584,1872
8116124,1872
8116663,1872
8117202,1874
8117741,1872
8118281,1871
8118820,1873
8119360,1874
8119900,1872
8120439,1872
8120978,1872
8121517,1872
8122058,1872
8122597,1872
8123137,1871
8123676,1872
8124217,1872
8124756,1869
8125295,1873
8125834,1872
8126377,1871
8126916,1872
8127455,1869
8127995,1872
8128534,1873
8129074,1871
8129613,1872
8130152,1871
8130691,1871
8131232,1871
8131772,1872
8132311,1872
8132850,1873
8133393,1874
8133932,1873
8134472,1871
8135011,1872
8135550,1873
8136090,1875
8136629,1872
8137168,1873
8137708,1872
8138249,1872
8138788,1873
8139328,1872
8139868,1872
8140407,1872
8140947,1872
8141486,1872
8142025,1872
8142564,1872
8143104,1872
8143643,1872
8144182,1872
8144721,1873
8145260,1872
8145799,1872
8146339,1872
8146878,1872
8147417,1872
8147957,1872
8148496,1872
8149035,1872
8149575,1872
8150114,1872
8150654,1874
8151194,1872
8151734,1872
8152273,1872
8152812,1873
8153351,1872
8153890,1872
8154429,1873
8154968,1872
8155507,1872
8156046,1875
8156586,1872
8157125,1872
8157664,1872
8158205,1871
8158744,1872
8159284,1872
8159824,1874
8160367,1872
8160907,1872
8161446,1871
8161986,1872
8162525,1874
8163065,1872
8163604,1872
8164144,1871
8164683,1871
8165225,1872
8165764,1873
8166303,1872
8166842,1871
8167386,1872
8167925,1872
8168465,1872
8169005,1872
8169544,1872
8170084,1872
8170623,1872
8171162,1872
8171701,1872
8172241,1873
8172780,1872
8173319,1872
8173858,1871
8174402,1872
8174942,1872
8175481,1873
8176020,1872
8176560,1869
8177099,1872
8177638,1873
8178177,1874
8178717,1872
8179257,1872
8179797,1872
8180336,1872
8180875,1872
8181414,1872
8181953,1872
8182492,1870
8183032,1872
8183571,1872
8184112,1872
8184651,1872
8185191,1872
8185730,1872
8186270,1873
8186809,1872
8187348,1872
8187887,1872
8188427,1872
8188966,1872
8189505,1871
8190045,1872
8190584,1871
8191123,1872
8191662,1872
8192201,1872
8192740,1872
8193279,1872
8193820,1871
8194359,1872
8194898,1871
8195437,1873
8195977,1872
8196516,1872
8197056,1872
8197595,1872
8198134,1870
8198674,1872
8199214,1870
8199753,1872
8200293,1872
8200833,1872
8201376,1872
8201915,1873
8202455,1872
8202995,1872
8203534,1872
8204074,1872
8204613,1872
8205152,1872
8205691,1872
8206232,1871
8206772,1872
8207311,1872
8207850,1872
8208394,1873
8208934,1873
8209473,1872
8210013,1872
8210552,1874
8211092,1872
8211631,1872
8212171,1872
8212710,1872
8213250,1872
8213789,1872
8214329,1871
8214869,1872
8215408,1872
8215948,1873
8216487,1872
8217027,1872
8217566,1872
8218105,1872
8218644,1872
8219184,1872
8219723,1872
8220263,1873
8220802,1872
8221341,1871
8221880,1872
8222419,1872
8222958,1872
8223497,1872
8224037,1872
8224576,1872
8225116,1872
8225655,1872
8226194,1872
8226733,1871
8227273,1873
8227813,1872
8228353,1872
8228893,1872
8229432,1872
8229971,1872
8230510,1871
8231049,1871
8231588,1872
8232127,1872
8232667,1871
8233207,1871
8233747,1872
8234286,1872
8234825,1872
8235368,1870
8235908,1872
8236447,1872
8236986,1874
8237525,1872
8238065,1872
8238604,1873
8239145,1872
8239684,1872
8240226,1872
8240765,1874
8241305,1872
8241844,1871
8242387,1872
8242926,1869
8243465,1872
8244005,1872
8244544,1872
8245084,1872
8245623,1872
8246163,1872
8246702,1872
8247242,1872
8247781,1872
8248320,1872
8248860,1872
8249403,1871
8249944,1872
8250483,1869
8251023,1872
8251562,1872
8252103,1871
8252642,1871
8253182,1872
8253721,1873
8254260,1872
8254799,1875
8255338,1872
8255877,1872
8256416,1872
8256957,1870
8257496,1870
8258036,1873
8258575,1871
8259114,1874
8259654,1871
8260193,1872
8260732,1872
8261271,1872
8261810,1872
8262349,1872
8262888,1872
8263427,1872
8263967,1872
8264506,1872
8265046,1873
8265585,1871
8266124,1872
8266663,1872
8267202,1872
8267741,1872
8268281,1872
8268821,1874
8269360,1873
8269900,1872
8270439,1872
8270978,1872
8271518,1873
8272058,1872
8272597,1872
8273137,1872
8273676,1873
8274217,1872
8274756,1871
8275295,1871
8275835,1872
8276379,1872
8276918,1872
8277458,1872
8277997,1872
8278536,1872
8279075,1872
8279614,1872
8280154,1872
8280693,1872
8281234,1872
8281773,1872
8282312,1873
8282852,1872
8283395,1872
8283934,1871
8284474,1872
8285013,1872
8285553,1872
8286093,1873
8286632,1873
8287172,1876
8287712,1872
8288255,1872
8288795,1873
8289335,1872
8289875,1873
8290414,1872
8290953,1872
8291493,1873
8292032,1873
8292572,1872
8293112,1872
8293651,1871
8294191,1872
8294731,1872
8295270,1872
8295809,1872
8296348,1872
8296887,1875
8297427,1872
8297967,1872
8298506,1872
8299045,1872
8299585,1872
8300125,1875
8300664,1873
8301203,1872
8301742,1872
8302282,1872
8302821,1872
8303360,1874
8303900,1872
8304439,1875
8304978,1872
8305518,1872
8306058,1872
8306597,1873
8307136,1872
8307676,1872
8308216,1871
8308755,1873
8309296,1872
8309835,1872
8310378,1872
8310917,1873
8311456,1871
8311995,1872
8312535,1872
8313074,1872
8313614,1873
8314154,1871
8314693,1870
8315234,1872
8315773,1872
8316312,1872
8316851,1872
8317395,1872
8317935,1872
8318474,1872
8319013,1872
8319553,1872
8320093,1872
8320632,1871
8321172,1872
8321711,1872
8322251,1872
8322791,1870
8323331,1872
8323871,1872
8324410,1872
8324949,1872
8325488,1869
8326027,1872
8326567,1872
8327106,1872
8327645,1869
8328186,1872
8328725,1872
8329265,1871
8329805,1872
8330344,1872
8330883,1872
8331422,1872
8331962,1872
8332501,1869
8333041,1873
8333580,1872
8334119,1872
8334659,1873
8335199,1872
8335739,1872
8336278,1870
8336817,1873
8337356,1873
8337895,1872
8338434,1871
8338973,1872
8339513,1871
8340053,1871
8340592,1871
8341132,1872
8341671,1871
8342211,1872
8342750,1872
8343290,1872
8343829,1872
8344373,1872
8344912,1872
8345452,1872
8345992,1873
8346531,1872
8347070,1872
8347609,1872
8348149,1871
8348689,1871
8349229,1872
8349768,1872
8350307,1872
8350847,1872
8351390,1872
8351929,1872
8352468,1872
8353009,1871
8353548,1871
8354087,1871
8354626,1872
8355166,1873
8355705,1871
8356246,1871
8356785,1872
8357326,1872
8357865,1871
8358404,1872
8358944,1872
8359483,1872
8360023,1872
8360562,1872
8361101,1872
8361640,1873
8362180,1872
8362719,1872
8363259,1872
8363798,1872
8364337,1872
8364877,1872
8365417,1871
8365957,1872
8366496,1872
8367036,1872
8367575,1872
8368114,1872
8368654,1872
8369193,1873
8369732,1872
8370272,1872
8370811,1872
8371350,1872
8371890,1872
8372429,1873
8372969,1872
8373508,1870
8374047,1871
8374586,1872
8375125,1872
8375664,1872
8376203,1872
8376742,1872
8377281,1871
8377820,1872
8378360,1872
8378899,1873
8379439,1872
8379978,1872
8380518,1872
8381058,1871
8381597,1872
8382136,1869
8382676,1872
8383216,1874
8383755,1872
8384294,1872
8384833,1874
8385376,1872
8385915,1874
8386454,1872
8386994,1872
8387533,1872
8388072,1872
8388611,1872
8389151,1872
8389690,1870
8390231,1871
8390770,1873
8391311,1872
8391850,1872
8392394,1872
8392934,1872
8393473,1872
8394013,1871
8394552,1872
8395091,1872
8395630,1872
8396171,1872
8396710,1872
8397251,1872
8397790,1871
8398330,1872
8398870,1870
8399409,1871
8399949,1872
8400488,1872
8401028,1873
8401567,1872
8402106,1873
8402645,1872
8403186,1872
8403726,1872
8404265,1872
8404804,1872
8405343,1872
8405883,1872
8406422,1872
8406961,1872
8407501,1872
8408041,1870
8408580,1871
8409119,1872
8409658,1874
8410199,1872
8410738,1872
8411278,1872
8411817,1872
8412356,1872
8412896,1872
8413435,1873
8413976,1872
8414515,1872
8415055,1872
8415594,1872
8416133,1872
8416672,1872
8417213,1872
8417752,1872
8418292,1871
8418832,1872
8419375,1869
8419915,1871
8420454,1870
8420994,1872
8421533,1873
8422072,1872
8422612,1872
8423152,1872
8423691,1872
8424231,1874
8424770,1872
8425310,1873
8425849,1874
8426392,1873
8426932,1871
8427472,1872
8428011,1871
8428551,1873
8429091,1872
8429630,1872
8430170,1872
8430709,1872
8431250,1872
8431790,1872
8432330,1872
8432869,1871
8433408,1872
8433947,1870
8434487,1872
8435026,1872
8435566,1872
8436105,1872
8436644,1874
8437183,1872
8437722,1872
8438262,1872
8438801,1872
8439340,1872
8439880,1872
8440419,1872
8440959,1871
8441498,1873
8442038,1872
8442577,1875
8443116,1872
8443656,1872
8444195,1872
8444735,1872
8445276,1871
8445815,1872
8446355,1873
8446895,1871
8447434,1873
8447973,1872
8448512,1872
8449051,1877
8449590,1873
8450129,1869
8450669,1877
8451208,1873
8451747,1872
8452286,1872
8452825,1871
8453368,1872
8453907,1874
8454446,1872
8454985,1872
8455524,1872
8456065,1873
8456604,1872
8457144,1872
8457683,1872
8458225,1874
8458764,1872
8459303,1874
8459842,1872
8460386,1873
8460925,1871
8461464,1872
8462004,1872
8462543,1873
8463084,1872
8463623,1872
8464163,1872
8464702,1872
8465243,1872
8465783,1872
8466323,1872
8466866,1872
8467405,1872
8467944,1872
8468483,1871
8469022,1872
8469562,1872
8470101,1872
8470641,1872
8471180,1872
8471720,1870
8472259,1872
8472799,1872
8473338,1872
8473877,1871
8474417,1873
8474956,1872
8475495,1871
8476036,1872
8476575,1872
8477114,1872
8477654,1871
8478194,1871
8478734,1873
8479274,1872
8479813,1872
8480353,1872
8480892,1872
8481431,1871
8481971,1873
8482510,1872
8483050,1872
8483589,1874
8484130,1870
8484669,1873
8485208,1872
8485747,1872
8486287,1872
8486827,1872
8487370,1872
8487910,1872
8488449,1872
8488988,1871
8489528,1872
8490068,1872
8490607,1871
8491147,1873
8491686,1871
8492227,1871
8492766,1873
8493305,1872
8493844,1872
8494388,1872
8494927,1872
8495467,1872
8496006,1872
8496546,1873
8497085,1872
8497624,1872
8498164,1873
8498703,1872
8499243,1870
8499782,1872
8500321,1872
8500860,1872
8501403,1872
8501943,1871
8502482,1874
8503021,1871
8503560,1872
8504099,1872
8504638,1872
8505178,1874
8505717,1872
8506257,1872
8506796,1874
8507335,1872
8507876,1872
8508415,1872
8508955,1872
8509494,1872
8510033,1872
8510572,1872
8511111,1872
8511650,1871
8512189,1872
8512729,1872
8513268,1872
8513807,1873
8514347,1872
8514887,1871
8515426,1872
8515965,1872
8516505,1871
8517044,1873
8517583,1872
8518122,1872
8518662,1872
8519202,1871
8519741,1872
8520281,1872
8520821,1872
8521360,1873
8521900,1872
8522439,1872
8522979,1872
8523518,1873
8524058,1874
8524597,1872
8525137,1870
8525676,1872
8526217,1872
8526756,1872
8527296,1872
8527835,1874
8528378,1872
8528918,1872
8529457,1872
8529996,1872
8530535,1873
8531075,1874
8531615,1871
8532154,1872
8532693,1870
8533233,1872
8533772,1871
8534311,1872
8534850,1872
8535394,1872
8535933,1872
8536473,1872
8537012,1873
8537552,1872
8538092,1872
8538631,1872
8539171,1873
8539710,1872
8540250,1873
8540789,1872
8541328,1872
8541868,1872
8542407,1873
8542947,1872
8543487,1871
8544026,1873
8544566,1872
8545105,1872
8545644,1873
8546184,1873
8546723,1872
8547263,1872
8547802,1872
8548342,1872
8548882,1872
8549421,1872
8549960,1872
8550499,1872
8551039,1872
8551579,1872
8552119,1872
8552659,1872
8553199,1872
8553738,1874
8554277,1871
8554817,1872
8555357,1872
8555896,1871
8556435,1872
8556975,1872
8557514,1872
8558054,1871
8558593,1872
8559133,1872
8559673,1872
8560213,1872
8560752,1871
8561292,1872
8561832,1872
8562375,1872
8562914,1871
8563454,1872
8563994,1872
8564533,1872
8565072,1873
8565612,1872
8566152,1874
8566691,1872
8567232,1872
8567772,1872
8568311,1872
8568850,1872
8569394,1874
8569934,1872
8570473,1872
8571012,1872
8571551,1872
8572092,1872
8572631,1872
8573170,1872
8573710,1872
8574250,1872
8574789,1873
8575328,1873
8575869,1875
8576408,1872
8576948,1873
8577487,1876
8578026,1874
8578566,1872
8579106,1870
8579645,1871
8580185,1872
8580725,1875
8581264,1872
8581803,1872
8582343,1872
8582882,1873
8583421,1874
8583960,1874
8584499,1872
8585039,1873
8585578,1872
8586119,1872
8586658,1872
8587198,1873
8587737,1872
8588278,1872
8588817,1873
8589358,1872
8589897,1872
8590437,1872
8590976,1872
8591516,1872
8592056,1872
8592595,1872
8593134,1872
8593673,1872
8594213,1872
8594752,1872
8595292,1872
8595831,1872
8596374,1872
8596913,1872
8597453,1872
8597992,1873
8598532,1872
8599072,1872
8599611,1873
8600150,1874
8600689,1872
8601229,1871
8601768,1872
8602307,1872
8602847,1872
8603390,1872
8603929,1872
8604468,1872
8605007,1872
8605547,1872
8606086,1872
8606626,1872
8607166,1872
8607705,1872
8608246,1873
8608785,1872
8609325,1872
8609866,1872
8610405,1872
8610944,1872
8611484,1872
8612023,1871
8612563,1872
8613103,1872
8613642,1872
8614181,1872
8614721,1872
8615260,1872
8615799,1873
8616339,1872
8616879,1874
8617418,1872
8617958,1871
8618497,1873
8619037,1872
8619576,1872
8620115,1872
8620655,1871
8621195,1871
8621734,1873
8622274,1871
8622813,1872
8623352,1875
8623891,1872
8624431,1873
8624971,1872
8625510,1872
8626050,1872
8626589,1872
8627129,1872
8627668,1872
8628207,1871
8628746,1872
8629285,1872
8629825,1872
8630369,1872
8630908,1871
8631447,1872
8631986,1871
8632526,1872
8633066,1872
8633605,1872
8634145,1871
8634684,1872
8635225,1872
8635765,1872
8636304,1872
8636843,1872
8637387,1873
8637927,1872
8638466,1872
8639005,1872
8639544,1872
8640083,1872
8640622,1872
8641161,1872
8641701,1872
8642241,1872
8642780,1872
8643319,1872
8643858,1872
8644402,1872
8644942,1873
8645481,1873
8646020,1872
8646560,1870
8647099,1872
8647639,1872
8648179,1872
8648718,1872
8649258,1874
8649797,1874
8650336,1872
8650875,1872
8651414,1872
8651954,1872
8652493,1872
8653033,1872
8653572,1873
8654111,1875
8654650,1871
8655190,1874
8655729,1873
8656269,1872
8656808,1872
8657348,1872
8657888,1874
8658427,1874
8658966,1873
8659505,1872
8660045,1874
8660584,1873
8661124,1871
8661663,1872
8662202,1872
8662741,1873
8663280,1868
8663819,1872
8664359,1872
8664899,1872
8665438,1872
8665977,1871
8666516,1872
8667056,1873
8667595,1873
8668134,1872
8668674,1872
8669213,1872
8669752,1873
8670293,1873
8670833,1874
8671376,1872
8671916,1876
8672455,1872
8672995,1872
8673534,1872
8674074,1872
8674613,1872
8675153,1872
8675692,1872
8676232,1872
8676772,1868
8677312,1872
8677852,1872
8678395,1871
8678934,1871
8679474,1872
8680014,1871
8680553,1874
8681093,1872
8681632,1872
8682172,1872
8682712,1872
8683255,1871
8683794,1873
8684334,1872
8684873,1872
8685413,1869
8685953,1871
8686492,1873
8687031,1871
8687570,1872
8688110,1872
8688649,1872
8689188,1872
8689727,1872
8690266,1873
8690805,1872
8691344,1873
8691883,1872
8692422,1872
8692961,1872
8693501,1872
8694041,1874
8694580,1874
8695119,1874
8695658,1872
8696197,1870
8696736,1872
8697275,1872
8697815,1871
8698355,1872
8698894,1873
8699434,1875
8699974,1872
8700513,1872
8701052,1872
8701591,1872
8702131,1871
8702670,1872
8703209,1872
8703748,1875
8704287,1871
8704826,1872
8705369,1872
8705909,1872
8706448,1872
8706988,1873
8707527,1872
8708066,1872
8708605,1872
8709145,1872
8709684,1872
8710226,1872
8710765,1872
8711304,1873
8711843,1872
8712386,1872
8712926,1872
8713466,1872
8714006,1872
8714545,1872
8715085,1872
8715624,1872
8716163,1872
8716703,1871
8717243,1872
8717782,1872
8718321,1872
8718860,1872
8719404,1872
8719944,1872
8720483,1870
8721023,1872
8721562,1872
8722101,1872
8722640,1872
8723180,1872
8723719,1872
8724259,1873
8724798,1873
8725337,1872
8725877,1872
8726416,1872
8726955,1872
8727494,1872
8728034,1872
8728573,1872
8729113,1872
8729653,1872
8730193,1872
8730732,1870
8731271,1872
8731810,1873
8732349,1871
8732889,1871
8733429,1872
8733969,1872
8734508,1871
8735047,1874
8735586,1872
8736125,1871
8736664,1873
8737204,1872
8737743,1872
8738283,1872
8738822,1872
8739365,1872
8739904,1874
8740443,1874
8740982,1873
8741521,1873
8742060,1874
8742600,1872
8743140,1872
8743679,1872
8744219,1872
8744758,1871
8745297,1872
8745836,1872
8746379,1872
8746919,1872
8747459,1872
8747998,1872
8748538,1873
8749077,1872
8749616,1872
8750156,1873
8750696,1871
8751236,1872
8751775,1872
8752314,1872
8752853,1872
8753396,1872
8753935,1869
8754474,1872
8755013,1872
8755552,1872
8756091,1872
8756630,1872
8757169,1873
8757709,1871
8758250,1872
8758789,1872
8759329,1872
8759869,1872
8760408,1872
8760948,1872
8761487,1872
8762026,1872
8762565,1872
8763105,1872
8763645,1870
8764185,1872
8764724,1871
8765263,1872
8765802,1871
8766342,1873
8766882,1871
8767421,1875
8767960,1872
8768499,1872
8769039,1872
8769578,1871
8770118,1872
8770658,1872
8771198,1872
8771737,1872
8772277,1870
8772816,1872
8773356,1871
8773896,1872
8774435,1871
8774974,1872
8775514,1872
8776054,1872
8776593,1873
8777133,1872
8777672,1872
8778212,1874
8778753,1872
8779292,1872
8779831,1872
8780374,1873
8780913,1872
8781453,1872
8781992,1872
8782531,1872
8783070,1873
8783609,1871
8784148,1872
8784688,1872
8785227,1871
8785766,1875
8786306,1872
8786845,1872
8787388,1872
8787927,1872
8788466,1872
8789005,1873
8789544,1872
8790084,1873
8790623,1873
8791163,1873
8791702,1872
8792242,1872
8792781,1872
8793320,1872
8793860,1873
8794403,1872
8794943,1872
8795482,1871
8796022,1873
8796561,1872
8797100,1872
8797640,1872
8798179,1872
8798720,1871
8799259,1871
8799799,1872
8800338,1871
8800878,1870
8801417,1872
8801957,1871
8802496,1872
8803035,1872
8803575,1872
8804114,1872
8804653,1872
8805194,1872
8805733,1873
8806272,1873
8806811,1872
8807350,1872
8807890,1871
8808429,1872
8808969,1872
8809508,1872
8810047,1872
8810587,1874
8811126,1872
8811665,1872
8812205,1872
8812744,1872
8813284,1868
8813824,1872
8814367,1872
8814907,1872
8815446,1872
8815985,1873
8816525,1872
8817065,1872
8817604,1872
8818145,1873
8818684,1872
8819226,1871
8819765,1872
8820305,1872
8820844,1874
8821388,1872
8821928,1872
8822467,1872
8823006,1872
8823545,1872
8824084,1872
8824623,1872
8825163,1872
8825702,1872
8826243,1872
8826782,1873
8827321,1872
8827860,1873
8828403,1872
8828942,1872
8829481,1872
8830022,1871
8830561,1873
8831101,1872
8831640,1872
8832180,1872
8832719,1872
8833259,1872
8833798,1872
8834337,1872
8834876,1871
8835416,1872
8835956,1872
8836495,1872
8837034,1872
8837573,1873
8838113,1872
8838653,1872
8839193,1870
8839732,1872
8840273,1872
8840812,1870
# end
