# sketch,characterise_v2loop
# mode_number,2
# mode_name,2_freerun_ts_before
# label,C_b2
# ---- CHECK THE THREE LINES ABOVE BEFORE YOU KEEP THIS CAPTURE ----
# waiting 600 s for thermal settle - press any key to skip
# warm 0 s
# ----------------------------------------------------------
# n,16384
# fs_hz_window,1852.9414
# span_s,8.841618
# dt_mean_us,539.6495
# dt_sd_us,1.0102
# dt_min_us,539
# dt_max_us,545
# fs_hz_from_mean,1853.0546
# mean_code,1872.1612
# sd_code,0.9202
# min_code,1866
# max_code,1878
# mean_volts,1.508701
# sd_millivolts,0.7415
# adc,12bit_default_11dB_attenuation
# conv,linear_3.3_over_4095
# ----------------------------------------------------------
t_us,code
1,1875
543,1872
1082,1872
1622,1873
2161,1873
2700,1872
3239,1873
3778,1872
4318,1872
4859,1873
5398,1873
5937,1873
6476,1872
7016,1872
7556,1872
8095,1872
8635,1874
9174,1873
9713,1872
10252,1872
10791,1874
11331,1876
11870,1873
12409,1873
12948,1874
13487,1872
14026,1872
14565,1874
15104,1872
15643,1872
16182,1873
16721,1873
17260,1874
17800,1873
18339,1875
18879,1872
19418,1872
19958,1873
20497,1875
21037,1872
21576,1872
22115,1875
22655,1872
23195,1874
23735,1873
24274,1875
24813,1872
25352,1873
25892,1872
26431,1873
26975,1872
27515,1872
28054,1877
28593,1872
29133,1872
29672,1872
30212,1872
30752,1873
31291,1872
31833,1873
32372,1872
32913,1875
33452,1872
33995,1877
34534,1872
35073,1873
35612,1872
36151,1875
36690,1872
37229,1873
37768,1873
38307,1872
38848,1872
39387,1872
39926,1873
40467,1872
41009,1872
41548,1875
42087,1874
42627,1872
43167,1872
43706,1872
44246,1872
44786,1873
45325,1872
45865,1873
46404,1872
46944,1872
47483,1872
48023,1873
48563,1872
49102,1872
49642,1873
50181,1872
50720,1872
51259,1872
51798,1874
52337,1872
52876,1872
53415,1872
53954,1873
54494,1875
55033,1873
55572,1875
56112,1873
56651,1872
57191,1872
57730,1872
58270,1872
58809,1872
59348,1872
59889,1872
60428,1874
60969,1874
61509,1872
62048,1872
62588,1872
63127,1873
63666,1873
64205,1875
64745,1874
65284,1872
65825,1872
66365,1876
66904,1872
67443,1872
67987,1873
68527,1872
69066,1872
69605,1872
70145,1872
70685,1876
71224,1872
71764,1872
72303,1872
72843,1872
73382,1872
73921,1872
74460,1872
75003,1872
75543,1873
76082,1876
76623,1874
77162,1872
77701,1871
78241,1873
78781,1873
79320,1872
79863,1872
80402,1873
80941,1872
81480,1872
82019,1872
82558,1872
83097,1874
83637,1872
84177,1874
84716,1872
85256,1872
85796,1871
86335,1873
86874,1872
87413,1872
87952,1872
88491,1872
89030,1874
89570,1872
90109,1873
90650,1873
91189,1872
91729,1872
92268,1872
92807,1872
93346,1872
93886,1872
94425,1873
94964,1871
95503,1874
96042,1872
96583,1872
97122,1872
97662,1872
98201,1872
98740,1874
99279,1872
99819,1872
100360,1877
100899,1875
101439,1873
101982,1872
102521,1872
103060,1873
103599,1872
104139,1873
104678,1874
105217,1874
105758,1872
106297,1872
106838,1873
107377,1872
107917,1872
108456,1873
109000,1873
109540,1872
110079,1872
110619,1872
111158,1872
111698,1872
112238,1872
112778,1872
113317,1874
113858,1872
114397,1874
114937,1873
115477,1872
116016,1872
116555,1872
117094,1873
117633,1873
118173,1872
118712,1872
119251,1873
119792,1872
120331,1872
120871,1872
121411,1874
121950,1872
122490,1872
123029,1872
123568,1872
124107,1872
124646,1872
125185,1871
125725,1873
126264,1872
126804,1874
127344,1872
127883,1873
128422,1872
128961,1872
129501,1874
130040,1873
130580,1872
131119,1872
131659,1873
132198,1872
132737,1874
133276,1873
133815,1873
134354,1872
134893,1872
135432,1872
135976,1873
136515,1872
137054,1872
137593,1872
138133,1875
138672,1872
139211,1872
139752,1872
140292,1872
140833,1872
141372,1872
141911,1872
142450,1871
142994,1872
143533,1871
144072,1872
144612,1872
145152,1874
145691,1873
146231,1872
146770,1872
147310,1873
147850,1874
148389,1872
148928,1873
149468,1872
150011,1873
150550,1873
151089,1872
151630,1872
152169,1874
152709,1872
153248,1872
153787,1873
154326,1874
154866,1872
155405,1872
155944,1874
156484,1874
157023,1872
157563,1872
158102,1872
158643,1874
159182,1872
159721,1872
160260,1872
160800,1872
161339,1872
161878,1872
162417,1872
162957,1872
163496,1872
164035,1873
164576,1874
165115,1872
165655,1873
166194,1873
166733,1872
167272,1873
167812,1872
168351,1874
168891,1874
169430,1872
169975,1872
170515,1871
171054,1875
171593,1874
172133,1872
172672,1875
173212,1874
173752,1872
174291,1872
174833,1872
175372,1873
175913,1875
176452,1874
176996,1872
177536,1872
178075,1872
178615,1872
179155,1872
179695,1872
180234,1872
180774,1872
181313,1872
181853,1873
182392,1872
182932,1872
183474,1872
184013,1872
184552,1868
185092,1872
185632,1873
186171,1872
186710,1873
187249,1872
187789,1873
188328,1872
188867,1875
189407,1872
189946,1872
190485,1872
191025,1873
191564,1872
192103,1873
192644,1874
193183,1872
193722,1874
194262,1873
194801,1872
195341,1872
195881,1872
196420,1874
196961,1872
197501,1871
198040,1872
198579,1873
199119,1872
199658,1873
200197,1872
200738,1872
201277,1872
201816,1871
202355,1871
202894,1872
203433,1872
203976,1872
204516,1872
205055,1872
205595,1872
206134,1872
206673,1873
207213,1873
207753,1870
208292,1872
208834,1872
209374,1875
209913,1872
210452,1873
210995,1871
211534,1872
212073,1872
212612,1873
213151,1872
213691,1872
214230,1872
214769,1874
215309,1872
215848,1874
216388,1873
216927,1872
217468,1873
218011,1872
218551,1872
219090,1872
219629,1872
220168,1872
220708,1872
221248,1872
221787,1870
222327,1872
222866,1874
223406,1873
223945,1872
224484,1873
225023,1872
225562,1872
226101,1872
226641,1872
227181,1872
227720,1872
228260,1872
228800,1873
229339,1872
229879,1872
230418,1874
230957,1872
231497,1872
232036,1872
232575,1872
233114,1875
233653,1872
234192,1872
234731,1872
235270,1872
235810,1873
236349,1875
236888,1874
237428,1872
237968,1871
238507,1872
239047,1872
239587,1872
240126,1874
240666,1872
241205,1874
241744,1872
242283,1872
242825,1873
243365,1872
243905,1872
244445,1872
244988,1874
245528,1872
246067,1875
246607,1872
247147,1874
247686,1872
248226,1872
248766,1874
249305,1872
249846,1872
250385,1875
250925,1872
251464,1876
252008,1872
252547,1872
253087,1874
253627,1872
254166,1873
254706,1873
255245,1872
255785,1873
256325,1872
256864,1873
257403,1874
257942,1872
258482,1872
259022,1872
259561,1872
260101,1872
260641,1872
261180,1872
261720,1876
262259,1872
262798,1873
263337,1872
263877,1872
264417,1872
264956,1872
265496,1872
266035,1872
266575,1873
267114,1873
267653,1872
268193,1872
268732,1872
269271,1872
269812,1873
270351,1872
270892,1872
271431,1872
271975,1873
272514,1873
273054,1872
273594,1873
274133,1872
274673,1874
275212,1872
275751,1872
276290,1872
276832,1872
277372,1873
277911,1872
278450,1873
278994,1872
279534,1874
280073,1872
280612,1872
281151,1871
281691,1872
282230,1872
282769,1872
283308,1872
283848,1872
284387,1872
284926,1872
285466,1872
286009,1872
286549,1873
287088,1872
287627,1875
288167,1873
288706,1872
289246,1872
289786,1872
290325,1872
290865,1872
291406,1873
291945,1872
292484,1872
293023,1871
293563,1872
294103,1872
294642,1874
295182,1873
295722,1876
296261,1872
296800,1873
297339,1872
297878,1872
298418,1871
298959,1872
299498,1874
300038,1873
300577,1871
301116,1872
301657,1872
302196,1871
302736,1872
303275,1872
303814,1872
304353,1872
304893,1872
305432,1872
305976,1872
306516,1872
307056,1872
307596,1872
308135,1873
308675,1872
309214,1872
309754,1872
310293,1871
310834,1872
311373,1874
311913,1872
312452,1875
312996,1872
313535,1875
314074,1872
314615,1872
315154,1872
315693,1872
316232,1874
316772,1872
317311,1871
317851,1874
318391,1872
318931,1872
319473,1872
320012,1872
320551,1872
321090,1871
321629,1873
322168,1872
322707,1873
323247,1872
323786,1873
324326,1872
324866,1872
325406,1873
325945,1872
326485,1872
327025,1874
327564,1872
328104,1873
328644,1872
329183,1872
329722,1873
330261,1872
330801,1873
331340,1872
331880,1873
332419,1872
332959,1872
333499,1872
334038,1875
334578,1872
335117,1872
335656,1872
336195,1872
336734,1872
337273,1872
337813,1872
338353,1874
338892,1872
339432,1873
339975,1873
340514,1872
341054,1872
341594,1872
342133,1872
342673,1872
343212,1872
343752,1873
344291,1871
344833,1871
345372,1873
345911,1872
346450,1872
346993,1872
347533,1871
348073,1872
348612,1872
349151,1872
349691,1872
350230,1871
350769,1874
351309,1872
351848,1872
352388,1872
352928,1872
353467,1872
354010,1872
354549,1874
355088,1873
355628,1872
356168,1875
356708,1872
357247,1872
357787,1872
358327,1872
358867,1872
359407,1872
359946,1872
360486,1873
361025,1872
361565,1872
362104,1873
362643,1872
363182,1872
363721,1872
364260,1872
364799,1872
365338,1872
365877,1872
366416,1872
366955,1874
367494,1875
368033,1872
368572,1872
369112,1872
369652,1872
370191,1872
370730,1871
371269,1873
371808,1872
372347,1872
372886,1872
373425,1872
373964,1872
374504,1872
375043,1872
375583,1871
376122,1872
376662,1872
377201,1872
377740,1872
378279,1874
378820,1872
379359,1873
379898,1872
380438,1873
380982,1872
381522,1874
382061,1872
382600,1872
383139,1872
383679,1872
384218,1872
384758,1872
385297,1871
385838,1872
386377,1872
386917,1872
387456,1872
387999,1872
388539,1872
389078,1872
389618,1872
390158,1874
390698,1871
391237,1871
391777,1872
392316,1873
392856,1872
393395,1874
393935,1872
394475,1874
395014,1872
395554,1872
396094,1872
396634,1872
397173,1872
397713,1872
398252,1872
398791,1873
399331,1872
399870,1872
400409,1873
400948,1872
401488,1875
402027,1873
402567,1872
403106,1872
403646,1872
404185,1873
404724,1872
405264,1871
405804,1873
406343,1873
406883,1871
407423,1872
407963,1872
408503,1872
409042,1871
409582,1873
410121,1873
410662,1872
411201,1872
411740,1872
412279,1872
412819,1872
413358,1873
413897,1872
414436,1874
414979,1872
415518,1872
416057,1872
416597,1872
417137,1873
417677,1874
418216,1872
418755,1874
419295,1871
419834,1873
420373,1873
420912,1872
421452,1872
421995,1874
422535,1872
423074,1872
423614,1872
424153,1872
424693,1874
425233,1872
425772,1872
426311,1872
426851,1872
427390,1873
427930,1872
428474,1873
429013,1872
429553,1872
430092,1874
430632,1872
431171,1872
431710,1873
432249,1874
432788,1871
433328,1872
433868,1873
434408,1873
434947,1872
435487,1872
436026,1873
436565,1874
437104,1875
437645,1873
438184,1872
438724,1872
439263,1873
439803,1872
440342,1872
440882,1873
441421,1872
441960,1872
442499,1872
443039,1872
443578,1876
444117,1872
444657,1873
445196,1874
445736,1872
446276,1872
446815,1871
447354,1872
447893,1874
448432,1872
448976,1873
449515,1872
450054,1872
450595,1872
451134,1872
451673,1872
452213,1873
452752,1873
453292,1872
453834,1872
454373,1875
454912,1872
455452,1873
455995,1872
456534,1873
457074,1873
457614,1875
458153,1874
458692,1872
459231,1872
459772,1874
460311,1872
460851,1873
461390,1872
461929,1872
462473,1876
463012,1873
463551,1872
464090,1874
464630,1872
465169,1872
465709,1873
466249,1873
466789,1875
467328,1872
467867,1873
468406,1872
468945,1873
469485,1872
470024,1872
470564,1872
471104,1872
471644,1875
472183,1872
472723,1873
473262,1873
473801,1873
474341,1873
474880,1872
475419,1872
475958,1872
476497,1872
477036,1872
477575,1872
478114,1872
478654,1872
479193,1874
479733,1872
480272,1874
480813,1872
481352,1873
481892,1872
482431,1872
482976,1871
483516,1872
484055,1872
484595,1873
485134,1872
485673,1871
486212,1872
486752,1872
487292,1872
487833,1871
488372,1872
488911,1873
489451,1872
489995,1872
490534,1872
491074,1871
491614,1872
492153,1872
492693,1872
493232,1872
493771,1869
494310,1874
494850,1871
495389,1872
495928,1872
496472,1872
497011,1873
497551,1872
498090,1873
498629,1872
499168,1872
499707,1872
500247,1871
500786,1871
501326,1871
501866,1873
502405,1872
502944,1872
503484,1873
504023,1872
504563,1872
505102,1870
505642,1875
506182,1872
506722,1872
507261,1873
507801,1873
508340,1872
508879,1873
509419,1871
509958,1872
510497,1873
511036,1873
511575,1873
512114,1872
512654,1872
513194,1872
513733,1872
514273,1872
514813,1872
515353,1872
515892,1872
516432,1872
516975,1872
517514,1871
518053,1872
518592,1871
519131,1872
519670,1872
520209,1874
520749,1873
521288,1872
521832,1872
522372,1874
522911,1873
523451,1872
523994,1872
524534,1874
525073,1872
525612,1873
526151,1872
526691,1872
527230,1872
527770,1872
528309,1872
528849,1873
529389,1873
529929,1875
530473,1873
531012,1872
531551,1872
532091,1872
532630,1872
533169,1875
533709,1872
534249,1874
534789,1873
535328,1872
535868,1872
536408,1873
536947,1872
537487,1873
538026,1874
538565,1872
539105,1872
539644,1871
540183,1872
540724,1872
541263,1872
541803,1872
542342,1872
542882,1877
543422,1872
543961,1872
544501,1874
545040,1873
545580,1872
546120,1873
546659,1872
547199,1875
547739,1872
548278,1872
548818,1872
549358,1872
549897,1873
550436,1872
550979,1871
551518,1872
552058,1873
552597,1872
553137,1872
553676,1873
554216,1874
554756,1872
555295,1872
555836,1872
556376,1872
556916,1872
557455,1872
557998,1872
558538,1873
559078,1872
559618,1873
560157,1872
560696,1872
561235,1873
561774,1872
562313,1873
562854,1872
563393,1872
563933,1871
564473,1871
565013,1872
565552,1872
566092,1872
566632,1872
567171,1872
567710,1873
568249,1872
568788,1871
569328,1872
569867,1872
570406,1874
570945,1872
571484,1872
572023,1872
572562,1872
573101,1872
573641,1872
574181,1872
574720,1872
575260,1872
575799,1872
576338,1872
576878,1873
577418,1872
577958,1872
578497,1873
579037,1872
579576,1872
580115,1872
580654,1874
581194,1873
581733,1872
582273,1873
582812,1872
583351,1872
583890,1873
584429,1872
584973,1872
585513,1872
586052,1872
586591,1873
587131,1872
587671,1872
588210,1872
588750,1873
589289,1874
589832,1873
590372,1872
590912,1872
591452,1877
591995,1873
592535,1872
593074,1872
593613,1871
594152,1872
594692,1872
595231,1872
595772,1872
596311,1872
596852,1872
597391,1873
597932,1872
598473,1873
599012,1872
599551,1873
600090,1871
600630,1872
601169,1872
601709,1872
602248,1872
602787,1872
603326,1872
603866,1872
604405,1871
604944,1875
605483,1872
606023,1872
606563,1873
607102,1872
607642,1872
608181,1872
608720,1873
609259,1872
609799,1872
610338,1874
610877,1872
611416,1872
611955,1872
612495,1872
613034,1872
613573,1873
614112,1872
614651,1872
615190,1872
615731,1872
616270,1872
616809,1872
617348,1872
617887,1872
618426,1871
618965,1871
619504,1872
620043,1872
620582,1871
621121,1873
621660,1872
622200,1872
622739,1872
623278,1872
623819,1872
624358,1872
624899,1872
625438,1873
625981,1872
626521,1870
627060,1872
627600,1872
628140,1872
628679,1871
629218,1872
629759,1872
630298,1873
630839,1873
631378,1872
631918,1872
632457,1872
633001,1872
633541,1876
634080,1872
634619,1873
635158,1874
635698,1872
636238,1872
636778,1872
637317,1872
637859,1871
638398,1874
638937,1872
639477,1872
640016,1872
640556,1872
641095,1872
641635,1872
642175,1872
642714,1873
643254,1876
643794,1872
644333,1872
644873,1873
645412,1873
645953,1872
646493,1872
647032,1873
647573,1872
648112,1872
648652,1873
649191,1874
649730,1872
650269,1874
650808,1872
651347,1872
651886,1872
652426,1872
652965,1872
653504,1872
654044,1872
654584,1873
655123,1872
655663,1872
656202,1872
656741,1872
657281,1872
657821,1872
658360,1875
658900,1872
659439,1872
659983,1873
660523,1872
661062,1872
661602,1872
662141,1873
662680,1872
663220,1872
663760,1873
664299,1872
664840,1872
665380,1872
665920,1873
666459,1872
667003,1872
667543,1872
668082,1871
668622,1874
669161,1872
669700,1872
670239,1872
670778,1872
671317,1872
671858,1872
672397,1872
672936,1872
673475,1872
674014,1873
674553,1874
675093,1872
675632,1872
676172,1872
676712,1873
677251,1872
677791,1872
678330,1872
678871,1872
679411,1872
679950,1872
680490,1874
681029,1872
681568,1872
682107,1872
682647,1873
683186,1873
683726,1873
684266,1872
684806,1872
685345,1872
685884,1872
686423,1872
686962,1872
687502,1872
688041,1873
688581,1872
689120,1872
689659,1872
690198,1872
690739,1872
691278,1872
691817,1869
692356,1872
692895,1872
693435,1873
693978,1870
694518,1872
695057,1872
695596,1871
696136,1872
696675,1872
697214,1872
697754,1872
698294,1871
698834,1873
699373,1872
699913,1873
700453,1873
700996,1871
701535,1874
702074,1872
702615,1873
703154,1873
703693,1873
704233,1875
704773,1873
705312,1874
705852,1872
706392,1872
706932,1872
707473,1872
708012,1872
708551,1874
709090,1872
709630,1872
710169,1874
710709,1872
711248,1872
711787,1872
712327,1872
712867,1872
713407,1872
713946,1871
714486,1872
715025,1872
715564,1872
716103,1872
716644,1873
717183,1872
717723,1873
718262,1872
718801,1872
719340,1873
719880,1872
720419,1871
720959,1872
721498,1875
722038,1874
722577,1872
723117,1872
723657,1872
724196,1872
724736,1872
725275,1872
725814,1871
726353,1872
726893,1872
727432,1874
727976,1872
728516,1872
729055,1873
729595,1874
730134,1872
730673,1872
731213,1872
731753,1873
732292,1871
732834,1871
733373,1872
733913,1874
734452,1873
734995,1872
735534,1873
736073,1874
736612,1872
737151,1872
737691,1871
738230,1873
738769,1872
739309,1870
739848,1872
740388,1872
740927,1871
741466,1872
742010,1872
742550,1872
743089,1872
743630,1872
744169,1872
744709,1872
745248,1872
745787,1872
746326,1872
746866,1871
747405,1873
747944,1872
748484,1874
749023,1872
749562,1872
750101,1872
750640,1873
751179,1872
751719,1873
752259,1872
752799,1873
753339,1872
753879,1872
754419,1872
754959,1871
755498,1872
756038,1873
756577,1872
757116,1872
757656,1872
758195,1871
758735,1872
759274,1871
759814,1872
760354,1872
760894,1872
761434,1872
761977,1872
762517,1872
763056,1872
763596,1872
764135,1871
764675,1871
765214,1872
765754,1872
766293,1871
766834,1872
767373,1872
767913,1872
768453,1872
768996,1872
769536,1872
770075,1872
770616,1873
771155,1872
771694,1873
772234,1874
772773,1873
773312,1872
773853,1872
774392,1873
774931,1873
775473,1873
776013,1872
776553,1872
777092,1873
777632,1872
778171,1873
778711,1872
779250,1872
779789,1872
780328,1871
780867,1875
781406,1872
781947,1872
782487,1872
783026,1872
783565,1872
784104,1872
784644,1872
785184,1874
785723,1872
786263,1873
786803,1872
787342,1872
787882,1872
788422,1872
788961,1871
789501,1875
790040,1872
790579,1872
791119,1874
791659,1872
792198,1872
792737,1872
793276,1872
793815,1872
794354,1872
794894,1872
795434,1871
795978,1872
796517,1872
797057,1872
797596,1871
798135,1872
798675,1871
799214,1872
799753,1872
800292,1872
800834,1872
801373,1871
801912,1872
802452,1872
802995,1874
803535,1872
804074,1873
804613,1872
805152,1871
805692,1872
806231,1875
806772,1872
807311,1870
807851,1872
808390,1871
808929,1872
809473,1873
810012,1872
810551,1875
811090,1872
811631,1872
812171,1872
812711,1872
813250,1871
813789,1872
814329,1872
814868,1872
815407,1872
815946,1872
816487,1872
817026,1873
817565,1874
818105,1871
818645,1874
819184,1872
819724,1872
820263,1874
820802,1872
821342,1874
821882,1872
822422,1872
822961,1872
823501,1872
824040,1872
824579,1873
825119,1872
825659,1872
826198,1874
826737,1873
827276,1872
827815,1871
828354,1873
828893,1872
829432,1873
829976,1872
830516,1871
831055,1873
831595,1871
832134,1873
832673,1872
833213,1872
833753,1872
834292,1872
834834,1872
835373,1872
835912,1872
836452,1874
836995,1872
837536,1873
838075,1873
838615,1870
839155,1873
839695,1872
840234,1872
840774,1872
841313,1872
841853,1872
842392,1872
842931,1875
843474,1872
844013,1872
844552,1872
845092,1872
845631,1872
846170,1872
846711,1872
847250,1872
847790,1872
848329,1872
848869,1872
849408,1872
849948,1872
850488,1873
851027,1872
851566,1873
852105,1872
852645,1872
853185,1872
853725,1870
854264,1871
854804,1872
855343,1872
855882,1875
856422,1873
856961,1872
857501,1872
858040,1874
858579,1871
859119,1872
859658,1872
860198,1872
860737,1872
861276,1872
861815,1871
862354,1872
862894,1873
863434,1872
863977,1873
864516,1872
865055,1872
865596,1872
866135,1872
866675,1873
867214,1872
867753,1872
868292,1872
868834,1870
869373,1873
869912,1873
870452,1870
870995,1872
871535,1872
872074,1872
872613,1874
873153,1872
873692,1872
874232,1872
874772,1872
875311,1870
875851,1872
876390,1870
876930,1869
877473,1873
878013,1872
878553,1872
879092,1873
879632,1873
880171,1873
880710,1873
881249,1872
881788,1872
882328,1872
882867,1874
883407,1872
883947,1872
884487,1872
885026,1873
885565,1872
886104,1872
886643,1872
887182,1872
887721,1872
888260,1872
888799,1873
889338,1872
889878,1873
890418,1873
890958,1872
891497,1872
892037,1872
892577,1872
893116,1872
893656,1874
894195,1873
894735,1872
895275,1872
895814,1872
896353,1872
896892,1873
897431,1873
897976,1872
898516,1874
899055,1872
899595,1873
900134,1872
900673,1873
901212,1872
901752,1872
902291,1872
902833,1872
903372,1872
903913,1871
904453,1873
904996,1872
905535,1872
906074,1872
906613,1874
907152,1872
907691,1873
908230,1872
908769,1873
909309,1872
909848,1872
910388,1872
910927,1873
911466,1872
912009,1872
912549,1872
913088,1872
913628,1871
914167,1872
914706,1872
915246,1872
915786,1872
916325,1873
916865,1872
917404,1874
917944,1872
918483,1873
919023,1872
919563,1872
920102,1873
920642,1872
921181,1873
921720,1872
922259,1872
922798,1871
923338,1872
923877,1872
924416,1871
924955,1872
925494,1873
926033,1873
926572,1872
927112,1872
927652,1872
928191,1872
928730,1872
929269,1872
929808,1872
930347,1872
930886,1872
931425,1873
931966,1870
932506,1872
933045,1875
933584,1875
934123,1872
934663,1872
935202,1872
935742,1872
936281,1872
936821,1872
937361,1872
937901,1872
938441,1872
938984,1872
939524,1874
940063,1872
940603,1873
941142,1872
941681,1871
942220,1872
942760,1873
943299,1872
943840,1874
944380,1872
944919,1872
945458,1874
946001,1872
946541,1872
947080,1873
947619,1872
948159,1872
948699,1873
949238,1872
949778,1872
950317,1873
950859,1872
951399,1873
951938,1872
952477,1872
953016,1872
953555,1872
954094,1872
954634,1872
955173,1872
955713,1872
956252,1872
956792,1872
957331,1872
957870,1872
958409,1872
958948,1871
959488,1870
960027,1872
960566,1873
961106,1873
961646,1872
962185,1873
962725,1872
963264,1873
963804,1872
964344,1873
964884,1873
965423,1872
965963,1872
966502,1873
967041,1872
967581,1872
968120,1872
968659,1872
969198,1873
969737,1871
970276,1872
970815,1872
971354,1872
971894,1873
972433,1872
972977,1873
973516,1872
974055,1872
974595,1872
975134,1872
975673,1872
976212,1872
976751,1873
977290,1872
977833,1872
978372,1874
978912,1872
979451,1872
979995,1872
980534,1870
981073,1872
981612,1872
982151,1872
982690,1872
983229,1874
983769,1872
984308,1875
984848,1874
985388,1872
985928,1873
986468,1872
987011,1873
987551,1871
988090,1872
988629,1872
989168,1872
989707,1872
990246,1872
990786,1872
991326,1872
991866,1871
992405,1872
992945,1872
993485,1871
994024,1872
994564,1872
995103,1872
995643,1872
996182,1872
996722,1872
997262,1872
997801,1873
998341,1873
998881,1873
999421,1872
999961,1873
1000501,1874
1001040,1872
1001579,1872
1002118,1872
1002658,1874
1003198,1873
1003738,1871
1004277,1872
1004816,1872
1005355,1870
1005895,1872
1006434,1872
1006977,1872
1007516,1875
1008055,1872
1008594,1872
1009134,1872
1009674,1873
1010213,1872
1010752,1872
1011292,1872
1011834,1873
1012373,1868
1012913,1872
1013452,1872
1013996,1872
1014536,1872
1015075,1872
1015615,1872
1016154,1873
1016693,1873
1017232,1872
1017771,1871
1018310,1872
1018851,1872
1019390,1872
1019930,1872
1020473,1873
1021013,1873
1021553,1873
1022092,1872
1022631,1871
1023170,1872
1023710,1872
1024249,1872
1024788,1872
1025328,1876
1025867,1872
1026407,1873
1026947,1873
1027486,1872
1028026,1872
1028565,1872
1029105,1872
1029645,1872
1030184,1872
1030724,1872
1031263,1873
1031803,1872
1032342,1874
1032882,1872
1033421,1872
1033960,1872
1034500,1874
1035039,1873
1035578,1872
1036117,1872
1036657,1873
1037196,1872
1037737,1873
1038276,1872
1038815,1871
1039354,1873
1039893,1872
1040432,1873
1040976,1872
1041516,1872
1042055,1876
1042595,1872
1043134,1872
1043673,1872
1044212,1872
1044751,1872
1045290,1873
1045832,1872
1046372,1870
1046912,1871
1047452,1871
1047995,1872
1048534,1871
1049073,1871
1049612,1871
1050151,1872
1050690,1872
1051229,1872
1051768,1872
1052307,1872
1052847,1873
1053386,1871
1053925,1872
1054464,1873
1055008,1872
1055548,1872
1056087,1873
1056626,1872
1057165,1873
1057705,1873
1058245,1872
1058785,1872
1059324,1874
1059865,1871
1060405,1872
1060945,1872
1061484,1872
1062023,1872
1062562,1872
1063101,1873
1063640,1872
1064179,1872
1064719,1873
1065259,1874
1065799,1871
1066338,1872
1066878,1872
1067417,1873
1067957,1872
1068497,1872
1069036,1872
1069575,1872
1070114,1872
1070653,1872
1071193,1870
1071732,1871
1072271,1872
1072811,1872
1073351,1872
1073890,1872
1074429,1872
1074972,1872
1075511,1872
1076050,1872
1076590,1873
1077129,1872
1077668,1872
1078207,1872
1078747,1872
1079287,1872
1079827,1872
1080367,1874
1080907,1872
1081447,1871
1081990,1872
1082529,1872
1083069,1873
1083609,1872
1084148,1872
1084687,1872
1085226,1872
1085766,1872
1086306,1871
1086846,1872
1087386,1872
1087925,1872
1088465,1872
1089009,1871
1089549,1872
1090088,1872
1090628,1872
1091167,1872
1091706,1873
1092245,1872
1092785,1872
1093325,1873
1093865,1870
1094405,1872
1094944,1872
1095484,1872
1096023,1872
1096563,1872
1097102,1872
1097641,1872
1098181,1872
1098721,1873
1099260,1872
1099800,1872
1100339,1875
1100880,1873
1101420,1874
1101960,1872
1102499,1872
1103039,1872
1103578,1872
1104118,1874
1104657,1874
1105196,1872
1105736,1872
1106276,1872
1106816,1872
1107355,1872
1107894,1873
1108433,1872
1108977,1872
1109517,1873
1110056,1873
1110596,1872
1111135,1869
1111676,1872
1112215,1872
1112754,1872
1113293,1872
1113835,1874
1114374,1872
1114914,1873
1115454,1872
1115997,1872
1116537,1872
1117076,1873
1117617,1872
1118156,1872
1118695,1872
1119234,1872
1119774,1871
1120313,1873
1120853,1873
1121393,1872
1121933,1872
1122473,1872
1123013,1871
1123553,1874
1124092,1872
1124632,1872
1125171,1872
1125710,1872
1126249,1872
1126790,1872
1127329,1872
1127869,1872
1128408,1872
1128948,1873
1129487,1872
1130026,1872
1130565,1872
1131105,1872
1131644,1872
1132183,1872
1132723,1872
1133263,1872
1133803,1873
1134342,1872
1134882,1872
1135422,1873
1135962,1872
1136502,1870
1137041,1869
1137581,1872
1138120,1872
1138659,1872
1139198,1872
1139738,1871
1140277,1871
1140816,1871
1141356,1872
1141895,1872
1142434,1872
1142977,1873
1143517,1871
1144057,1872
1144597,1872
1145136,1871
1145676,1872
1146215,1872
1146754,1872
1147294,1871
1147834,1872
1148373,1872
1148912,1872
1149452,1872
1149995,1871
1150535,1872
1151075,1871
1151614,1872
1152154,1873
1152694,1872
1153233,1872
1153773,1872
1154312,1874
1154853,1872
1155393,1872
1155932,1872
1156473,1872
1157013,1872
1157552,1872
1158092,1872
1158631,1872
1159171,1872
1159711,1872
1160250,1872
1160789,1872
1161328,1872
1161867,1872
1162406,1872
1162945,1872
1163484,1872
1164024,1872
1164563,1872
1165103,1870
1165642,1872
1166182,1872
1166721,1872
1167261,1872
1167800,1872
1168339,1872
1168878,1872
1169417,1872
1169956,1874
1170496,1872
1171035,1872
1171576,1873
1172115,1872
1172655,1872
1173194,1872
1173733,1872
1174272,1872
1174812,1870
1175351,1872
1175890,1872
1176429,1872
1176973,1872
1177513,1873
1178052,1872
1178592,1872
1179131,1872
1179671,1872
1180211,1871
1180750,1872
1181290,1872
1181832,1872
1182373,1872
1182912,1872
1183451,1874
1183995,1871
1184535,1872
1185074,1870
1185613,1872
1186152,1872
1186691,1873
1187230,1872
1187770,1872
1188310,1872
1188850,1872
1189389,1872
1189928,1872
1190467,1874
1191010,1872
1191550,1872
1192090,1872
1192630,1871
1193169,1872
1193709,1872
1194248,1872
1194787,1872
1195327,1872
1195867,1874
1196407,1873
1196946,1872
1197486,1872
1198025,1872
1198564,1875
1199104,1872
1199644,1872
1200183,1872
1200724,1873
1201263,1872
1201802,1872
1202342,1872
1202882,1872
1203421,1870
1203961,1872
1204501,1871
1205040,1871
1205579,1872
1206119,1872
1206658,1872
1207198,1872
1207738,1872
1208277,1872
1208816,1870
1209355,1871
1209895,1873
1210434,1872
1210977,1872
1211516,1873
1212055,1872
1212595,1872
1213134,1872
1213673,1873
1214212,1872
1214751,1873
1215290,1872
1215832,1873
1216371,1872
1216912,1872
1217452,1873
1217995,1872
1218534,1872
1219073,1872
1219612,1872
1220151,1873
1220691,1872
1221230,1872
1221770,1873
1222310,1871
1222850,1873
1223389,1871
1223929,1871
1224472,1872
1225012,1872
1225551,1872
1226090,1872
1226629,1872
1227168,1872
1227708,1872
1228248,1872
1228787,1872
1229327,1872
1229866,1872
1230407,1874
1230946,1872
1231486,1872
1232025,1871
1232565,1872
1233105,1872
1233644,1872
1234183,1875
1234723,1872
1235262,1872
1235801,1871
1236341,1873
1236880,1872
1237419,1872
1237958,1872
1238497,1871
1239036,1872
1239576,1871
1240115,1872
1240656,1872
1241195,1872
1241735,1872
1242274,1872
1242813,1873
1243353,1872
1243892,1874
1244432,1873
1244976,1871
1245516,1872
1246055,1873
1246595,1872
1247134,1874
1247673,1873
1248212,1872
1248751,1872
1249291,1871
1249832,1875
1250371,1872
1250910,1872
1251449,1872
1251993,1872
1252532,1872
1253072,1872
1253612,1872
1254151,1872
1254690,1872
1255229,1873
1255769,1872
1256308,1872
1256848,1874
1257387,1872
1257927,1874
1258466,1872
1259011,1873
1259550,1872
1260089,1872
1260629,1872
1261168,1872
1261707,1874
1262247,1872
1262787,1872
1263327,1872
1263867,1871
1264407,1872
1264946,1872
1265486,1872
1266025,1872
1266565,1871
1267104,1873
1267644,1872
1268183,1872
1268724,1872
1269263,1872
1269802,1871
1270341,1872
1270880,1873
1271420,1872
1271960,1872
1272499,1871
1273039,1872
1273578,1872
1274118,1871
1274658,1872
1275197,1872
1275737,1872
1276276,1872
1276816,1872
1277355,1872
1277894,1871
1278433,1872
1278977,1872
1279517,1872
1280056,1870
1280595,1872
1281134,1872
1281674,1872
1282213,1872
1282753,1872
1283292,1872
1283834,1872
1284373,1875
1284913,1872
1285453,1871
1285996,1872
1286535,1872
1287074,1871
1287615,1872
1288154,1872
1288693,1872
1289232,1871
1289771,1872
1290310,1872
1290851,1872
1291391,1872
1291930,1872
1292473,1871
1293013,1872
1293553,1872
1294092,1872
1294632,1872
1295171,1877
1295710,1872
1296249,1873
1296789,1872
1297328,1872
1297867,1872
1298406,1873
1298946,1875
1299486,1875
1300025,1870
1300565,1873
1301104,1872
1301643,1870
1302182,1872
1302721,1872
1303260,1873
1303800,1872
1304339,1872
1304879,1872
1305419,1872
1305958,1872
1306497,1872
1307036,1872
1307575,1871
1308114,1872
1308653,1872
1309193,1872
1309732,1871
1310272,1873
1310812,1872
1311352,1872
1311892,1872
1312431,1874
1312976,1872
1313516,1872
1314055,1872
1314595,1871
1315134,1874
1315673,1872
1316212,1872
1316751,1872
1317290,1872
1317832,1872
1318372,1872
1318911,1872
1319450,1876
1319994,1872
1320534,1872
1321073,1872
1321612,1872
1322152,1872
1322691,1872
1323230,1872
1323770,1871
1324309,1873
1324850,1872
1325390,1872
1325929,1872
1326468,1872
1327012,1872
1327551,1872
1328091,1872
1328631,1872
1329170,1872
1329710,1873
1330249,1872
1330789,1872
1331328,1872
1331868,1872
1332408,1872
1332947,1872
1333487,1872
1334026,1872
1334565,1872
1335104,1873
1335643,1872
1336182,1872
1336722,1871
1337262,1872
1337801,1872
1338340,1872
1338879,1872
1339419,1872
1339958,1872
1340498,1872
1341037,1872
1341576,1871
1342115,1871
1342656,1872
1343195,1872
1343735,1872
1344274,1872
1344813,1872
1345352,1872
1345891,1873
1346430,1873
1346975,1872
1347514,1871
1348054,1872
1348594,1872
1349133,1875
1349673,1872
1350212,1874
1350752,1873
1351291,1873
1351833,1872
1352372,1874
1352911,1872
1353450,1873
1353994,1872
1354533,1872
1355073,1872
1355613,1872
1356152,1871
1356692,1870
1357231,1872
1357771,1873
1358310,1872
1358850,1872
1359389,1872
1359928,1872
1360468,1872
1361011,1872
1361551,1871
1362090,1872
1362629,1872
1363168,1872
1363708,1872
1364247,1873
1364787,1871
1365327,1870
1365867,1872
1366407,1872
1366946,1872
1367486,1869
1368025,1872
1368565,1872
1369104,1872
1369644,1872
1370183,1872
1370723,1872
1371262,1872
1371801,1871
1372340,1872
1372879,1872
1373419,1871
1373959,1872
1374499,1872
1375038,1872
1375577,1872
1376116,1872
1376656,1872
1377195,1872
1377734,1873
1378273,1873
1378814,1872
1379353,1871
1379892,1872
1380431,1872
1380975,1871
1381516,1872
1382055,1870
1382596,1873
1383135,1873
1383674,1871
1384214,1872
1384754,1872
1385293,1872
1385834,1872
1386373,1872
1386913,1874
1387452,1875
1387995,1872
1388535,1873
1389074,1872
1389614,1872
1390153,1872
1390692,1871
1391231,1872
1391772,1871
1392311,1869
1392852,1872
1393392,1872
1393932,1872
1394473,1872
1395012,1872
1395551,1872
1396090,1872
1396629,1872
1397168,1872
1397707,1872
1398247,1872
1398787,1872
1399327,1872
1399867,1872
1400407,1872
1400946,1872
1401485,1872
1402025,1872
1402564,1872
1403103,1871
1403644,1872
1404183,1872
1404723,1872
1405262,1872
1405801,1872
1406341,1871
1406881,1872
1407420,1872
1407960,1872
1408500,1872
1409039,1873
1409578,1871
1410118,1872
1410658,1872
1411197,1872
1411738,1872
1412277,1872
1412816,1871
1413355,1870
1413894,1872
1414433,1872
1414977,1874
1415516,1874
1416055,1871
1416596,1872
1417135,1872
1417674,1872
1418214,1872
1418754,1872
1419293,1872
1419834,1873
1420373,1872
1420912,1872
1421453,1872
1421996,1872
1422536,1873
1423075,1874
1423615,1872
1424154,1874
1424693,1872
1425232,1872
1425772,1873
1426311,1872
1426852,1872
1427391,1873
1427930,1873
1428473,1872
1429013,1872
1429553,1872
1430092,1872
1430632,1872
1431171,1871
1431710,1872
1432249,1872
1432788,1871
1433328,1872
1433867,1872
1434406,1872
1434946,1872
1435486,1872
1436025,1872
1436565,1873
1437104,1872
1437643,1873
1438182,1872
1438721,1872
1439261,1872
1439801,1874
1440340,1873
1440879,1872
1441418,1872
1441958,1872
1442497,1872
1443037,1872
1443577,1872
1444116,1872
1444656,1874
1445195,1872
1445734,1872
1446274,1872
1446813,1872
1447352,1875
1447891,1872
1448431,1874
1448976,1874
1449515,1872
1450054,1875
1450593,1872
1451132,1872
1451672,1872
1452212,1872
1452752,1873
1453291,1872
1453832,1872
1454371,1871
1454910,1872
1455449,1872
1455992,1872
1456531,1872
1457070,1873
1457610,1870
1458149,1872
1458689,1872
1459229,1872
1459769,1872
1460308,1874
1460848,1872
1461388,1872
1461927,1872
1462466,1872
1463009,1871
1463548,1872
1464087,1875
1464626,1872
1465166,1872
1465706,1870
1466245,1872
1466785,1873
1467324,1872
1467865,1872
1468405,1871
1468944,1872
1469483,1872
1470023,1875
1470563,1872
1471102,1873
1471642,1872
1472181,1873
1472720,1872
1473259,1872
1473798,1872
1474337,1872
1474876,1872
1475415,1874
1475954,1872
1476494,1872
1477033,1872
1477572,1872
1478112,1872
1478651,1871
1479190,1872
1479730,1872
1480269,1872
1480808,1872
1481347,1872
1481886,1872
1482425,1872
1482965,1872
1483505,1873
1484044,1871
1484584,1873
1485123,1872
1485663,1872
1486202,1872
1486741,1873
1487281,1872
1487821,1872
1488361,1871
1488900,1874
1489439,1872
1489982,1871
1490522,1873
1491061,1871
1491601,1872
1492140,1872
1492679,1872
1493218,1872
1493757,1871
1494296,1871
1494836,1872
1495375,1872
1495914,1872
1496453,1872
1496997,1871
1497536,1872
1498075,1872
1498615,1872
1499155,1872
1499695,1871
1500234,1871
1500774,1874
1501313,1872
1501854,1873
1502394,1876
1502933,1872
1503473,1873
1504012,1874
1504551,1872
1505090,1872
1505629,1872
1506168,1872
1506707,1872
1507246,1872
1507786,1872
1508325,1872
1508866,1872
1509405,1872
1509945,1872
1510485,1872
1511024,1873
1511564,1874
1512103,1872
1512642,1872
1513181,1867
1513720,1872
1514259,1871
1514799,1872
1515338,1871
1515877,1873
1516416,1872
1516955,1872
1517494,1872
1518033,1873
1518573,1872
1519112,1872
1519652,1872
1520192,1872
1520731,1872
1521270,1872
1521810,1874
1522349,1872
1522888,1872
1523428,1872
1523967,1870
1524506,1875
1525046,1872
1525585,1872
1526125,1872
1526665,1872
1527204,1873
1527744,1871
1528283,1872
1528824,1871
1529364,1871
1529904,1872
1530443,1872
1530987,1872
1531527,1872
1532066,1872
1532605,1872
1533144,1873
1533684,1872
1534223,1872
1534762,1872
1535302,1872
1535841,1873
1536381,1872
1536920,1872
1537459,1872
1538002,1872
1538542,1872
1539081,1872
1539620,1872
1540159,1875
1540699,1872
1541239,1872
1541779,1872
1542319,1872
1542860,1874
1543400,1872
1543940,1872
1544479,1870
1545019,1872
1545558,1872
1546098,1872
1546638,1872
1547177,1874
1547717,1873
1548256,1872
1548795,1872
1549334,1873
1549873,1873
1550412,1872
1550951,1871
1551491,1873
1552030,1873
1552570,1870
1553110,1872
1553650,1873
1554189,1871
1554729,1872
1555268,1872
1555807,1872
1556346,1871
1556886,1872
1557425,1873
1557966,1872
1558506,1873
1559045,1872
1559584,1873
1560124,1876
1560664,1872
1561203,1872
1561743,1872
1562282,1872
1562823,1872
1563362,1871
1563902,1871
1564441,1872
1564984,1872
1565523,1873
1566062,1875
1566603,1873
1567142,1874
1567681,1872
1568220,1872
1568760,1873
1569300,1872
1569840,1872
1570379,1875
1570919,1872
1571459,1874
1572002,1872
1572541,1872
1573080,1870
1573619,1872
1574159,1872
1574699,1872
1575238,1872
1575777,1874
1576316,1874
1576857,1872
1577396,1873
1577936,1872
1578475,1872
1579014,1874
1579554,1872
1580094,1872
1580634,1872
1581173,1872
1581713,1874
1582252,1872
1582791,1872
1583331,1872
1583870,1871
1584410,1872
1584950,1873
1585490,1873
1586029,1872
1586568,1870
1587107,1872
1587646,1873
1588185,1873
1588725,1873
1589265,1872
1589804,1872
1590343,1872
1590883,1871
1591422,1872
1591963,1872
1592503,1872
1593042,1872
1593582,1872
1594121,1872
1594660,1871
1595199,1872
1595739,1873
1596279,1873
1596820,1872
1597360,1871
1597899,1872
1598439,1872
1598982,1873
1599522,1874
1600061,1872
1600601,1874
1601140,1872
1601679,1870
1602219,1872
1602758,1873
1603297,1872
1603838,1872
1604377,1873
1604917,1873
1605456,1872
1606000,1873
1606540,1872
1607079,1872
1607619,1872
1608158,1872
1608697,1873
1609236,1872
1609775,1875
1610314,1872
1610854,1872
1611393,1872
1611932,1872
1612473,1872
1613013,1872
1613553,1869
1614092,1872
1614632,1873
1615171,1872
1615710,1872
1616249,1872
1616788,1872
1617328,1872
1617867,1872
1618406,1872
1618945,1872
1619485,1872
1620024,1872
1620564,1872
1621103,1871
1621643,1872
1622183,1872
1622723,1871
1623262,1872
1623801,1872
1624341,1871
1624881,1872
1625421,1874
1625960,1872
1626500,1873
1627039,1872
1627578,1872
1628117,1872
1628656,1872
1629195,1872
1629734,1872
1630273,1872
1630812,1874
1631351,1873
1631890,1873
1632429,1872
1632973,1872
1633513,1872
1634052,1872
1634592,1873
1635132,1872
1635672,1871
1636211,1872
1636750,1872
1637289,1872
1637833,1872
1638373,1873
1638913,1872
1639452,1872
1639996,1872
1640536,1875
1641075,1873
1641615,1871
1642154,1872
1642693,1873
1643233,1872
1643772,1872
1644311,1874
1644852,1873
1645391,1872
1645930,1872
1646473,1871
1647013,1871
1647553,1872
1648092,1871
1648632,1872
1649171,1870
1649711,1872
1650250,1872
1650790,1871
1651329,1872
1651870,1873
1652409,1872
1652948,1871
1653488,1873
1654027,1872
1654567,1873
1655106,1874
1655645,1872
1656185,1872
1656725,1872
1657264,1874
1657804,1874
1658343,1872
1658883,1872
1659422,1873
1659961,1872
1660501,1872
1661040,1872
1661580,1872
1662120,1873
1662659,1875
1663199,1875
1663738,1872
1664277,1872
1664818,1872
1665357,1872
1665898,1872
1666438,1874
1666981,1872
1667521,1872
1668060,1872
1668599,1873
1669138,1872
1669677,1872
1670216,1872
1670756,1872
1671296,1870
1671836,1871
1672376,1872
1672916,1872
1673455,1872
1673998,1872
1674537,1872
1675076,1872
1675616,1872
1676155,1871
1676694,1872
1677233,1873
1677772,1872
1678312,1872
1678851,1872
1679390,1872
1679929,1870
1680473,1875
1681013,1872
1681552,1872
1682092,1872
1682632,1872
1683171,1872
1683710,1871
1684249,1872
1684788,1872
1685328,1872
1685867,1871
1686406,1872
1686946,1872
1687485,1873
1688025,1868
1688564,1871
1689104,1872
1689644,1872
1690183,1872
1690723,1872
1691262,1872
1691801,1874
1692340,1872
1692880,1872
1693420,1872
1693959,1872
1694499,1872
1695038,1872
1695578,1872
1696118,1873
1696658,1872
1697197,1872
1697737,1872
1698276,1872
1698815,1872
1699354,1872
1699894,1872
1700434,1872
1700977,1872
1701516,1872
1702056,1872
1702596,1872
1703135,1874
1703674,1872
1704214,1872
1704754,1872
1705293,1872
1705834,1872
1706374,1872
1706913,1872
1707452,1872
1707995,1872
1708535,1873
1709074,1872
1709613,1873
1710152,1869
1710692,1872
1711232,1872
1711772,1867
1712311,1872
1712852,1871
1713392,1872
1713931,1872
1714473,1872
1715013,1872
1715553,1872
1716092,1872
1716632,1873
1717171,1872
1717711,1873
1718250,1872
1718789,1872
1719328,1874
1719867,1872
1720406,1872
1720945,1872
1721484,1875
1722024,1872
1722564,1873
1723103,1872
1723642,1874
1724181,1872
1724720,1872
1725260,1872
1725800,1872
1726340,1872
1726879,1875
1727418,1872
1727958,1872
1728497,1873
1729037,1872
1729577,1872
1730116,1875
1730656,1869
1731195,1872
1731734,1872
1732274,1872
1732813,1873
1733352,1872
1733891,1872
1734430,1872
1734974,1873
1735514,1873
1736053,1872
1736592,1872
1737132,1872
1737671,1872
1738211,1872
1738750,1873
1739290,1872
1739833,1872
1740373,1872
1740912,1872
1741452,1872
1741995,1872
1742534,1873
1743073,1872
1743612,1874
1744151,1873
1744690,1873
1745229,1872
1745769,1872
1746309,1872
1746848,1872
1747387,1872
1747926,1872
1748466,1876
1749009,1872
1749549,1872
1750088,1872
1750628,1873
1751167,1872
1751706,1872
1752245,1872
1752786,1872
1753326,1872
1753865,1872
1754405,1872
1754944,1872
1755484,1872
1756023,1872
1756563,1872
1757102,1871
1757642,1872
1758181,1872
1758720,1872
1759259,1872
1759798,1872
1760338,1872
1760877,1872
1761416,1872
1761955,1872
1762494,1872
1763033,1873
1763572,1875
1764112,1872
1764651,1872
1765191,1872
1765730,1872
1766270,1873
1766810,1872
1767349,1872
1767889,1873
1768429,1871
1768968,1872
1769507,1871
1770046,1872
1770586,1872
1771125,1872
1771664,1872
1772204,1872
1772744,1873
1773283,1872
1773825,1872
1774364,1872
1774904,1872
1775444,1872
1775987,1872
1776527,1872
1777066,1872
1777605,1872
1778145,1872
1778685,1873
1779224,1873
1779764,1872
1780303,1872
1780844,1872
1781383,1873
1781923,1872
1782462,1872
1783006,1872
1783545,1872
1784085,1871
1784625,1872
1785164,1873
1785703,1872
1786242,1872
1786781,1872
1787320,1872
1787863,1872
1788402,1872
1788941,1872
1789480,1871
1790019,1873
1790558,1872
1791097,1871
1791637,1873
1792176,1872
1792716,1872
1793255,1872
1793794,1872
1794334,1872
1794874,1873
1795413,1872
1795952,1872
1796491,1872
1797030,1873
1797570,1872
1798109,1872
1798650,1872
1799189,1872
1799728,1872
1800268,1872
1800808,1871
1801347,1873
1801886,1872
1802426,1870
1802965,1872
1803504,1872
1804044,1872
1804583,1872
1805122,1872
1805662,1872
1806201,1872
1806740,1872
1807280,1872
1807820,1869
1808360,1872
1808899,1872
1809438,1872
1809982,1871
1810521,1872
1811060,1873
1811599,1872
1812138,1873
1812678,1872
1813218,1872
1813758,1873
1814297,1872
1814837,1872
1815377,1873
1815917,1872
1816456,1874
1817000,1872
1817540,1871
1818079,1872
1818619,1873
1819158,1877
1819697,1872
1820236,1872
1820775,1871
1821315,1874
1821855,1872
1822395,1872
1822935,1871
1823475,1873
1824014,1872
1824554,1873
1825093,1872
1825632,1871
1826172,1872
1826711,1872
1827250,1872
1827790,1872
1828329,1872
1828869,1872
1829409,1874
1829948,1872
1830487,1872
1831026,1872
1831565,1872
1832104,1873
1832644,1877
1833183,1872
1833723,1871
1834263,1873
1834803,1872
1835342,1870
1835882,1872
1836421,1872
1836960,1872
1837500,1874
1838039,1872
1838578,1872
1839117,1872
1839656,1872
1840195,1872
1840735,1872
1841274,1875
1841815,1871
1842354,1872
1842894,1871
1843434,1872
1843977,1873
1844517,1872
1845056,1872
1845595,1872
1846134,1872
1846673,1872
1847212,1872
1847751,1873
1848290,1872
1848832,1872
1849372,1871
1849912,1874
1850452,1872
1850995,1872
1851534,1873
1852073,1872
1852612,1872
1853151,1870
1853690,1873
1854229,1872
1854768,1873
1855307,1872
1855848,1873
1856387,1872
1856926,1872
1857465,1874
1858010,1871
1858550,1872
1859089,1873
1859629,1874
1860168,1872
1860707,1872
1861246,1874
1861786,1872
1862326,1872
1862866,1872
1863405,1871
1863946,1874
1864486,1872
1865025,1873
1865564,1871
1866104,1872
1866644,1872
1867183,1872
1867722,1873
1868262,1871
1868802,1872
1869341,1872
1869880,1874
1870419,1872
1870959,1872
1871498,1872
1872038,1873
1872578,1872
1873117,1873
1873656,1872
1874195,1872
1874734,1872
1875274,1872
1875813,1872
1876352,1872
1876891,1873
1877430,1872
1877974,1870
1878513,1874
1879053,1872
1879593,1872
1880132,1872
1880672,1872
1881211,1871
1881751,1872
1882290,1872
1882833,1873
1883372,1872
1883912,1870
1884452,1872
1884995,1873
1885535,1870
1886074,1874
1886613,1872
1887153,1870
1887692,1872
1888232,1870
1888772,1872
1889311,1872
1889852,1872
1890392,1872
1890932,1872
1891473,1870
1892012,1871
1892551,1872
1893090,1872
1893629,1872
1894168,1872
1894707,1872
1895247,1870
1895786,1872
1896326,1873
1896865,1873
1897404,1872
1897944,1872
1898483,1875
1899023,1872
1899563,1873
1900102,1872
1900643,1872
1901182,1872
1901722,1874
1902261,1872
1902801,1872
1903340,1873
1903880,1871
1904419,1872
1904958,1872
1905497,1872
1906036,1872
1906577,1872
1907116,1872
1907656,1872
1908195,1872
1908734,1872
1909273,1872
1909812,1873
1910351,1873
1910890,1872
1911429,1872
1911973,1872
1912513,1873
1913052,1872
1913592,1872
1914131,1872
1914671,1872
1915211,1872
1915751,1872
1916290,1872
1916833,1872
1917372,1871
1917911,1874
1918450,1872
1918993,1871
1919534,1872
1920073,1872
1920612,1871
1921151,1871
1921691,1872
1922230,1872
1922769,1872
1923309,1872
1923849,1872
1924388,1872
1924927,1872
1925466,1872
1926009,1870
1926548,1872
1927087,1872
1927627,1873
1928167,1872
1928706,1872
1929246,1872
1929785,1872
1930327,1872
1930866,1872
1931406,1871
1931945,1874
1932484,1872
1933023,1872
1933563,1872
1934103,1873
1934642,1872
1935182,1872
1935722,1874
1936261,1872
1936800,1874
1937339,1874
1937879,1872
1938419,1873
1938958,1872
1939497,1872
1940036,1872
1940576,1872
1941115,1872
1941655,1873
1942194,1872
1942733,1873
1943272,1872
1943813,1872
1944352,1872
1944891,1872
1945431,1871
1945975,1872
1946514,1872
1947053,1872
1947592,1872
1948132,1872
1948672,1874
1949211,1872
1949750,1872
1950289,1872
1950833,1872
1951372,1872
1951912,1872
1952451,1871
1952995,1872
1953534,1872
1954073,1872
1954612,1872
1955151,1872
1955690,1872
1956229,1873
1956769,1872
1957309,1872
1957848,1870
1958388,1873
1958928,1872
1959467,1873
1960011,1872
1960551,1872
1961090,1872
1961629,1872
1962168,1872
1962707,1872
1963246,1871
1963785,1871
1964327,1871
1964866,1872
1965405,1872
1965945,1872
1966485,1872
1967024,1873
1967564,1872
1968103,1871
1968642,1872
1969181,1872
1969720,1872
1970259,1870
1970798,1872
1971338,1871
1971877,1871
1972416,1872
1972955,1872
1973495,1872
1974034,1871
1974574,1872
1975113,1872
1975652,1875
1976191,1872
1976731,1871
1977270,1872
1977810,1872
1978350,1872
1978889,1872
1979428,1870
1979968,1872
1980508,1872
1981047,1872
1981586,1872
1982126,1872
1982665,1870
1983205,1872
1983745,1869
1984284,1870
1984824,1872
1985364,1871
1985903,1873
1986443,1872
1986987,1872
1987527,1873
1988066,1872
1988605,1872
1989144,1872
1989684,1872
1990223,1871
1990764,1872
1991303,1870
1991843,1872
1992382,1874
1992921,1874
1993461,1872
1994005,1872
1994544,1870
1995083,1871
1995623,1872
1996162,1873
1996701,1872
1997241,1872
1997780,1869
1998320,1872
1998864,1872
1999404,1874
1999944,1872
2000484,1872
2001023,1872
2001562,1872
2002101,1872
2002640,1872
2003180,1872
2003719,1872
2004258,1872
2004798,1872
2005337,1872
2005878,1872
2006417,1872
2006957,1872
2007496,1872
2008036,1872
2008576,1872
2009115,1872
2009655,1872
2010194,1872
2010733,1872
2011272,1872
2011813,1872
2012353,1872
2012892,1871
2013432,1872
2013975,1872
2014514,1873
2015054,1872
2015593,1871
2016132,1873
2016672,1874
2017212,1872
2017752,1875
2018291,1872
2018833,1872
2019373,1872
2019912,1873
2020453,1873
2020996,1872
2021535,1872
2022074,1875
2022614,1872
2023154,1872
2023693,1872
2024233,1872
2024772,1871
2025311,1872
2025851,1873
2026391,1870
2026930,1872
2027473,1873
2028013,1872
2028553,1872
2029092,1868
2029631,1872
2030170,1872
2030711,1872
2031250,1872
2031790,1873
2032329,1871
2032869,1870
2033408,1872
2033947,1873
2034487,1872
2035026,1872
2035565,1872
2036105,1871
2036645,1872
2037184,1872
2037724,1872
2038264,1873
2038803,1869
2039342,1872
2039881,1871
2040421,1875
2040961,1872
2041501,1872
2042040,1872
2042579,1873
2043119,1872
2043658,1870
2044198,1872
2044738,1872
2045277,1874
2045816,1872
2046355,1872
2046894,1871
2047434,1872
2047977,1872
2048517,1872
2049056,1873
2049595,1873
2050134,1872
2050673,1872
2051212,1872
2051752,1872
2052292,1872
2052833,1872
2053372,1871
2053911,1868
2054450,1872
2054994,1872
2055534,1872
2056073,1872
2056612,1872
2057151,1872
2057691,1874
2058230,1872
2058770,1872
2059310,1872
2059851,1872
2060391,1872
2060930,1872
2061473,1873
2062013,1872
2062553,1872
2063092,1873
2063632,1872
2064171,1872
2064710,1872
2065249,1872
2065788,1873
2066328,1872
2066867,1872
2067406,1872
2067945,1872
2068485,1874
2069024,1873
2069564,1872
2070104,1872
2070644,1871
2071183,1874
2071723,1873
2072262,1872
2072801,1870
2073341,1872
2073881,1872
2074421,1872
2074960,1873
2075500,1872
2076039,1872
2076578,1872
2077117,1872
2077656,1872
2078195,1872
2078734,1872
2079274,1875
2079813,1872
2080353,1872
2080892,1872
2081431,1872
2081976,1872
2082516,1872
2083055,1872
2083595,1872
2084134,1875
2084673,1872
2085213,1872
2085753,1872
2086292,1871
2086833,1874
2087373,1872
2087912,1871
2088452,1872
2088995,1873
2089535,1872
2090074,1872
2090613,1872
2091152,1872
2091691,1873
2092230,1872
2092770,1872
2093309,1872
2093849,1874
2094388,1871
2094927,1873
2095466,1872
2096010,1873
2096549,1872
2097088,1871
2097628,1872
2098167,1872
2098706,1873
2099245,1874
2099784,1872
2100323,1872
2100864,1872
2101403,1872
2101943,1872
2102483,1871
2103022,1872
2103562,1872
2104101,1872
2104640,1873
2105179,1872
2105719,1871
2106259,1872
2106799,1872
2107338,1872
2107878,1873
2108418,1872
2108957,1872
2109497,1873
2110036,1873
2110576,1872
2111115,1873
2111655,1871
2112194,1875
2112734,1871
2113273,1873
2113813,1873
2114352,1870
2114891,1874
2115431,1872
2115976,1872
2116516,1872
2117055,1875
2117595,1872
2118134,1874
2118673,1872
2119213,1873
2119753,1872
2120292,1872
2120833,1872
2121372,1871
2121911,1874
2122451,1873
2122995,1873
2123535,1871
2124074,1872
2124613,1872
2125152,1872
2125692,1872
2126232,1872
2126772,1872
2127311,1871
2127851,1872
2128390,1873
2128930,1872
2129473,1872
2130012,1873
2130551,1872
2131090,1872
2131631,1872
2132171,1872
2132711,1872
2133250,1872
2133790,1871
2134329,1872
2134869,1872
2135408,1873
2135948,1872
2136487,1872
2137026,1872
2137566,1871
2138105,1872
2138645,1874
2139185,1871
2139725,1872
2140265,1872
2140804,1872
2141344,1872
2141885,1872
2142424,1873
2142964,1872
2143503,1872
2144043,1872
2144583,1872
2145122,1872
2145661,1872
2146201,1872
2146740,1872
2147280,1872
2147820,1871
2148360,1872
2148900,1872
2149439,1872
2149983,1875
2150523,1872
2151062,1873
2151602,1872
2152141,1872
2152681,1872
2153220,1872
2153760,1871
2154299,1871
2154839,1872
2155380,1872
2155919,1869
2156459,1872
2157002,1873
2157542,1870
2158081,1870
2158621,1872
2159160,1872
2159700,1872
2160239,1871
2160779,1872
2161319,1873
2161860,1872
2162399,1871
2162938,1872
2163477,1872
2164017,1871
2164556,1872
2165095,1871
2165635,1870
2166175,1871
2166715,1872
2167254,1872
2167794,1872
2168333,1873
2168872,1873
2169412,1871
2169951,1872
2170491,1872
2171031,1872
2171570,1872
2172110,1873
2172650,1870
2173189,1877
2173729,1872
2174268,1870
2174808,1873
2175347,1872
2175886,1872
2176425,1872
2176964,1873
2177504,1872
2178043,1873
2178583,1872
2179122,1872
2179661,1872
2180201,1873
2180740,1873
2181280,1872
2181820,1872
2182359,1872
2182898,1872
2183437,1872
2183981,1872
2184520,1872
2185060,1872
2185600,1872
2186139,1872
2186678,1872
2187218,1872
2187758,1870
2188297,1871
2188838,1872
2189378,1872
2189917,1874
2190456,1872
2190999,1872
2191538,1872
2192078,1872
2192617,1872
2193156,1874
2193695,1872
2194235,1872
2194775,1873
2195314,1872
2195855,1870
2196394,1872
2196933,1872
2197473,1872
2198012,1872
2198551,1872
2199090,1872
2199630,1870
2200169,1872
2200709,1872
2201248,1872
2201787,1872
2202327,1874
2202867,1872
2203406,1872
2203946,1872
2204486,1873
2205025,1872
2205565,1875
2206104,1873
2206644,1873
2207183,1873
2207723,1873
2208263,1872
2208803,1872
2209342,1873
2209882,1872
2210422,1875
2210961,1872
2211501,1875
2212040,1872
2212579,1872
2213118,1872
2213658,1872
2214198,1872
2214738,1871
2215277,1872
2215816,1872
2216355,1872
2216894,1872
2217433,1872
2217976,1872
2218515,1872
2219054,1874
2219593,1873
2220132,1872
2220672,1872
2221212,1872
2221752,1872
2222291,1872
2222833,1872
2223372,1872
2223912,1872
2224452,1871
2224995,1875
2225534,1872
2226073,1872
2226612,1873
2227151,1871
2227690,1872
2228229,1872
2228769,1872
2229308,1872
2229848,1872
2230387,1872
2230926,1872
2231466,1871
2232009,1872
2232548,1872
2233087,1872
2233626,1874
2234165,1872
2234705,1873
2235245,1872
2235785,1871
2236325,1872
2236865,1872
2237405,1872
2237944,1872
2238483,1872
2239023,1872
2239563,1872
2240102,1872
2240642,1872
2241181,1872
2241720,1871
2242260,1871
2242800,1872
2243340,1872
2243879,1872
2244419,1872
2244959,1872
2245499,1873
2246038,1872
2246577,1872
2247116,1872
2247657,1872
2248196,1871
2248736,1872
2249275,1872
2249814,1872
2250354,1872
2250893,1872
2251433,1871
2251976,1873
2252516,1874
2253055,1872
2253595,1872
2254134,1872
2254673,1873
2255212,1872
2255752,1873
2256291,1873
2256833,1872
2257373,1868
2257912,1872
2258452,1873
2258995,1872
2259535,1872
2260074,1872
2260614,1872
2261153,1873
2261693,1871
2262232,1870
2262772,1872
2263311,1873
2263851,1871
2264391,1872
2264930,1872
2265473,1872
2266012,1872
2266551,1872
2267090,1873
2267629,1873
2268168,1872
2268708,1872
2269248,1872
2269787,1869
2270328,1870
2270867,1871
2271406,1871
2271946,1867
2272486,1873
2273025,1870
2273565,1872
2274104,1872
2274644,1872
2275183,1872
2275723,1872
2276263,1872
2276803,1872
2277343,1872
2277882,1872
2278421,1872
2278960,1872
2279499,1872
2280039,1871
2280578,1873
2281117,1872
2281656,1872
2282195,1872
2282734,1872
2283273,1872
2283812,1873
2284351,1871
2284891,1872
2285430,1872
2285974,1875
2286514,1873
2287053,1873
2287592,1872
2288131,1871
2288670,1872
2289209,1869
2289748,1872
2290288,1871
2290832,1871
2291371,1872
2291911,1873
2292450,1871
2292994,1872
2293534,1872
2294073,1871
2294612,1872
2295151,1871
2295690,1871
2296229,1872
2296768,1872
2297308,1870
2297848,1874
2298387,1872
2298926,1872
2299466,1872
2300009,1872
2300549,1872
2301088,1872
2301628,1873
2302167,1872
2302707,1872
2303246,1871
2303785,1872
2304327,1872
2304866,1872
2305405,1872
2305945,1872
2306485,1872
2307024,1874
2307564,1872
2308103,1871
2308642,1872
2309181,1872
2309720,1871
2310259,1875
2310799,1872
2311338,1872
2311877,1872
2312416,1873
2312955,1872
2313495,1872
2314034,1873
2314573,1870
2315113,1873
2315652,1871
2316192,1872
2316732,1872
2317271,1872
2317811,1872
2318350,1872
2318889,1871
2319428,1875
2319967,1872
2320507,1872
2321046,1872
2321585,1872
2322124,1873
2322663,1874
2323202,1872
2323743,1872
2324282,1872
2324822,1872
2325361,1872
2325901,1872
2326440,1872
2326983,1874
2327522,1872
2328061,1872
2328601,1872
2329140,1872
2329679,1870
2330218,1872
2330757,1872
2331296,1870
2331837,1873
2332376,1872
2332917,1872
2333456,1869
2334000,1872
2334539,1872
2335078,1873
2335618,1872
2336158,1873
2336698,1872
2337237,1872
2337777,1877
2338316,1872
2338857,1871
2339396,1873
2339935,1872
2340475,1872
2341014,1873
2341554,1872
2342093,1873
2342632,1872
2343171,1872
2343711,1872
2344250,1871
2344790,1872
2345329,1874
2345870,1873
2346409,1872
2346949,1872
2347489,1870
2348028,1872
2348568,1873
2349107,1872
2349646,1872
2350185,1872
2350724,1871
2351263,1872
2351802,1872
2352341,1872
2352880,1872
2353419,1871
2353958,1871
2354499,1871
2355038,1872
2355577,1872
2356116,1871
2356656,1872
2357195,1872
2357734,1872
2358273,1872
2358812,1872
2359351,1872
2359891,1872
2360430,1872
2360975,1872
2361515,1872
2362054,1872
2362593,1871
2363133,1872
2363672,1874
2364212,1872
2364752,1875
2365291,1872
2365833,1872
2366372,1873
2366911,1872
2367451,1874
2367995,1873
2368534,1872
2369073,1872
2369612,1870
2370151,1872
2370690,1872
2371229,1874
2371768,1872
2372308,1872
2372848,1873
2373387,1872
2373927,1872
2374467,1874
2375009,1872
2375550,1873
2376089,1872
2376629,1872
2377168,1872
2377707,1874
2378247,1872
2378787,1873
2379327,1872
2379866,1870
2380406,1870
2380945,1872
2381484,1874
2382024,1872
2382564,1874
2383103,1871
2383643,1872
2384182,1872
2384721,1871
2385261,1872
2385800,1872
2386339,1872
2386879,1872
2387419,1873
2387959,1873
2388498,1872
2389038,1872
2389577,1873
2390116,1872
2390656,1872
2391195,1873
2391734,1872
2392273,1872
2392813,1873
2393352,1872
2393891,1872
2394430,1872
2394974,1872
2395515,1872
2396054,1872
2396593,1873
2397133,1872
2397672,1872
2398212,1871
2398752,1874
2399291,1871
2399832,1872
2400371,1872
2400912,1872
2401451,1871
2401995,1872
2402534,1875
2403074,1872
2403614,1872
2404153,1872
2404692,1872
2405231,1872
2405772,1871
2406311,1872
2406851,1872
2407390,1872
2407929,1872
2408473,1872
2409012,1872
2409551,1872
2410090,1872
2410631,1874
2411170,1872
2411710,1870
2412249,1871
2412788,1872
2413327,1873
2413866,1872
2414406,1871
2414945,1872
2415484,1871
2416024,1872
2416564,1872
2417103,1872
2417643,1872
2418182,1872
2418721,1872
2419261,1872
2419800,1872
2420340,1873
2420879,1872
2421418,1872
2421958,1870
2422497,1872
2423036,1872
2423575,1872
2424114,1872
2424653,1872
2425192,1872
2425731,1872
2426270,1875
2426811,1872
2427351,1872
2427891,1872
2428430,1872
2428974,1872
2429515,1873
2430054,1873
2430594,1871
2431133,1871
2431673,1874
2432212,1872
2432752,1872
2433292,1872
2433833,1872
2434373,1872
2434914,1871
2435453,1872
2435996,1872
2436536,1873
2437075,1871
2437615,1871
2438155,1872
2438694,1872
2439234,1872
2439774,1872
2440313,1870
2440853,1873
2441393,1874
2441932,1872
2442473,1872
2443013,1872
2443553,1871
2444092,1872
2444632,1871
2445171,1872
2445710,1872
2446249,1872
2446788,1872
2447327,1874
2447867,1871
2448407,1872
2448946,1872
2449486,1872
2450025,1872
2450565,1872
2451104,1873
2451643,1872
2452182,1872
2452723,1872
2453262,1872
2453801,1872
2454340,1871
2454879,1873
2455419,1872
2455958,1872
2456497,1872
2457036,1872
2457575,1872
2458114,1873
2458654,1872
2459193,1873
2459733,1872
2460273,1871
2460813,1871
2461353,1872
2461892,1873
2462431,1872
2462975,1871
2463515,1873
2464054,1872
2464593,1873
2465133,1874
2465672,1872
2466211,1872
2466751,1871
2467290,1871
2467832,1872
2468371,1874
2468911,1873
2469450,1872
2469994,1872
2470534,1872
2471073,1872
2471612,1870
2472151,1872
2472690,1872
2473229,1872
2473768,1872
2474308,1871
2474848,1870
2475387,1872
2475927,1872
2476466,1872
2477011,1873
2477550,1872
2478090,1872
2478630,1872
2479169,1872
2479709,1873
2480248,1868
2480788,1870
2481328,1872
2481867,1872
2482407,1871
2482946,1872
2483486,1872
2484025,1872
2484564,1872
2485103,1873
2485644,1872
2486183,1872
2486723,1872
2487262,1875
2487801,1871
2488340,1871
2488879,1871
2489419,1873
2489959,1872
2490498,1872
2491038,1872
2491577,1872
2492116,1875
2492656,1872
2493195,1873
2493734,1872
2494273,1872
2494814,1872
2495353,1872
2495892,1872
2496431,1874
2496975,1872
2497514,1873
2498053,1872
2498592,1874
2499131,1872
2499670,1874
2500209,1872
2500749,1872
2501288,1872
2501832,1872
2502371,1872
2502910,1872
2503449,1875
2503993,1873
2504532,1872
2505072,1871
2505612,1873
2506151,1872
2506691,1872
2507230,1873
2507769,1872
2508309,1872
2508849,1872
2509388,1871
2509927,1872
2510467,1872
2511009,1872
2511549,1872
2512088,1872
2512627,1872
2513167,1874
2513706,1872
2514246,1872
2514786,1871
2515325,1872
2515866,1870
2516405,1872
2516945,1872
2517484,1872
2518024,1872
2518563,1872
2519102,1873
2519641,1872
2520181,1872
2520721,1873
2521260,1871
2521799,1872
2522339,1872
2522879,1872
2523418,1873
2523957,1872
2524496,1873
2525035,1875
2525575,1872
2526114,1872
2526654,1873
2527193,1872
2527732,1875
2528271,1872
2528812,1875
2529351,1871
2529891,1872
2530430,1873
2530975,1871
2531514,1873
2532053,1872
2532592,1872
2533131,1872
2533671,1872
2534210,1872
2534750,1872
2535289,1870
2535832,1872
2536371,1872
2536912,1874
2537452,1872
2537995,1873
2538534,1872
2539073,1872
2539612,1872
2540151,1872
2540691,1872
2541230,1872
2541769,1873
2542308,1872
2542848,1872
2543387,1873
2543927,1873
2544467,1873
2545009,1872
2545548,1872
2546087,1872
2546626,1872
2547165,1874
2547705,1872
2548245,1871
2548785,1873
2549325,1874
2549865,1871
2550405,1873
2550944,1872
2551483,1874
2552023,1871
2552563,1872
2553102,1872
2553642,1872
2554181,1872
2554720,1873
2555260,1872
2555800,1871
2556340,1872
2556880,1872
2557419,1870
2557959,1873
2558499,1872
2559038,1872
2559578,1872
2560117,1873
2560656,1872
2561195,1872
2561734,1872
2562273,1871
2562812,1872
2563351,1871
2563891,1872
2564431,1872
2564974,1872
2565513,1872
2566053,1872
2566592,1870
2567132,1872
2567671,1871
2568211,1872
2568750,1871
2569290,1872
2569833,1872
2570372,1874
2570913,1872
2571452,1872
2571996,1870
2572536,1872
2573075,1873
2573615,1872
2574155,1872
2574695,1872
2575234,1872
2575774,1873
2576313,1872
2576853,1873
2577392,1872
2577932,1873
2578474,1872
2579013,1872
2579552,1872
2580092,1872
2580631,1872
2581171,1872
2581711,1872
2582250,1873
2582789,1872
2583328,1873
2583867,1872
2584406,1872
2584946,1871
2585486,1872
2586025,1872
2586564,1872
2587103,1873
2587644,1872
2588183,1872
2588723,1872
2589262,1872
2589801,1872
2590341,1872
2590881,1873
2591420,1875
2591959,1871
2592498,1872
2593038,1873
2593577,1872
2594117,1872
2594657,1873
2595196,1871
2595735,1872
2596275,1872
2596814,1871
2597354,1873
2597894,1872
2598433,1872
2598976,1872
2599516,1872
2600055,1871
2600595,1870
2601134,1872
2601673,1872
2602212,1873
2602751,1872
2603290,1872
2603832,1873
2604372,1871
2604911,1872
2605450,1871
2605993,1872
2606533,1872
2607073,1873
2607612,1872
2608152,1870
2608692,1873
2609231,1871
2609771,1872
2610310,1872
2610851,1870
2611390,1872
2611929,1872
2612473,1872
2613013,1872
2613553,1872
2614092,1873
2614632,1872
2615171,1872
2615710,1872
2616249,1872
2616788,1872
2617328,1871
2617867,1873
2618406,1874
2618945,1873
2619484,1872
2620023,1872
2620563,1872
2621102,1872
2621642,1872
2622182,1874
2622722,1872
2623261,1872
2623800,1872
2624339,1872
2624878,1872
2625418,1872
2625957,1872
2626497,1872
2627037,1872
2627577,1871
2628116,1872
2628656,1872
2629195,1872
2629734,1871
2630273,1873
2630813,1872
2631352,1872
2631892,1872
2632431,1872
2632975,1872
2633515,1872
2634054,1872
2634595,1874
2635134,1871
2635673,1872
2636213,1872
2636753,1872
2637292,1872
2637833,1870
2638372,1873
2638911,1872
2639450,1872
2639994,1872
2640534,1872
2641073,1873
2641612,1874
2642152,1874
2642692,1872
2643231,1875
2643771,1872
2644310,1871
2644851,1872
2645391,1872
2645930,1873
2646473,1873
2647013,1873
2647553,1873
2648092,1872
2648631,1873
2649170,1872
2649710,1872
2650249,1872
2650789,1872
2651328,1872
2651867,1872
2652406,1873
2652946,1871
2653486,1872
2654025,1872
2654564,1874
2655103,1872
2655644,1872
2656183,1872
2656723,1873
2657262,1872
2657801,1871
2658340,1872
2658880,1872
2659420,1873
2659960,1872
2660500,1872
2661039,1873
2661578,1873
2662117,1872
2662656,1873
2663195,1872
2663735,1872
2664275,1872
2664814,1873
2665353,1872
2665893,1875
2666432,1871
2666976,1871
2667516,1872
2668055,1872
2668595,1872
2669134,1872
2669673,1874
2670212,1873
2670752,1872
2671291,1872
2671833,1872
2672372,1872
2672911,1872
2673450,1872
2673994,1872
2674533,1872
2675073,1873
2675612,1872
2676152,1872
2676692,1872
2677231,1872
2677771,1873
2678310,1871
2678851,1872
2679391,1872
2679931,1873
2680473,1874
2681012,1872
2681551,1872
2682091,1872
2682631,1872
2683170,1873
2683710,1872
2684249,1872
2684788,1872
2685328,1872
2685867,1877
2686407,1872
2686947,1872
2687486,1872
2688026,1872
2688566,1872
2689105,1872
2689644,1872
2690183,1872
2690723,1871
2691263,1872
2691802,1872
2692342,1872
2692882,1875
2693421,1872
2693960,1873
2694500,1872
2695039,1872
2695578,1872
2696117,1872
2696656,1872
2697195,1871
2697735,1872
2698275,1872
2698814,1871
2699354,1872
2699894,1872
2700433,1873
2700977,1872
2701517,1872
2702056,1872
2702596,1872
2703135,1871
2703675,1872
2704214,1873
2704754,1873
2705293,1872
2705834,1872
2706373,1872
2706913,1872
2707452,1873
2707996,1873
2708535,1871
2709074,1872
2709615,1872
2710154,1872
2710693,1872
2711233,1873
2711772,1872
2712311,1872
2712852,1871
2713392,1872
2713931,1872
2714473,1873
2715013,1870
2715552,1872
2716092,1872
2716631,1872
2717170,1871
2717711,1872
2718250,1872
2718790,1872
2719329,1871
2719869,1872
2720408,1873
2720947,1872
2721487,1872
2722026,1871
2722565,1872
2723104,1872
2723643,1872
2724182,1874
2724722,1871
2725262,1872
2725802,1873
2726342,1872
2726881,1877
2727420,1872
2727960,1871
2728500,1872
2729039,1873
2729578,1872
2730117,1872
2730658,1872
2731198,1871
2731738,1872
2732277,1871
2732816,1872
2733355,1873
2733895,1872
2734434,1872
2734977,1872
2735516,1872
2736056,1872
2736595,1872
2737135,1872
2737675,1872
2738214,1873
2738754,1872
2739293,1872
2739834,1872
2740373,1872
2740913,1873
2741452,1872
2741995,1872
2742534,1872
2743073,1872
2743613,1873
2744152,1872
2744691,1872
2745230,1874
2745770,1872
2746310,1871
2746851,1872
2747391,1872
2747930,1870
2748473,1872
2749013,1872
2749553,1872
2750092,1872
2750631,1872
2751170,1871
2751711,1872
2752250,1871
2752790,1872
2753329,1872
2753869,1874
2754409,1875
2754948,1872
2755488,1873
2756027,1872
2756567,1872
2757106,1872
2757646,1872
2758185,1872
2758724,1872
2759263,1872
2759802,1871
2760341,1870
2760881,1872
2761420,1872
2761959,1871
2762499,1872
2763039,1872
2763578,1872
2764118,1872
2764657,1873
2765196,1875
2765736,1873
2766276,1874
2766815,1873
2767355,1872
2767894,1872
2768433,1875
2768976,1872
2769516,1872
2770055,1872
2770595,1870
2771134,1872
2771673,1872
2772213,1872
2772753,1872
2773293,1869
2773834,1872
2774373,1873
2774912,1872
2775451,1873
2775995,1872
2776535,1872
2777074,1872
2777613,1869
2778153,1872
2778692,1872
2779232,1872
2779772,1873
2780311,1872
2780852,1873
2781392,1873
2781931,1871
2782473,1872
2783013,1872
2783553,1872
2784092,1872
2784632,1872
2785171,1872
2785710,1873
2786249,1872
2786789,1872
2787328,1871
2787867,1872
2788406,1873
2788945,1872
2789485,1872
2790024,1872
2790564,1870
2791104,1872
2791644,1872
2792183,1873
2792723,1872
2793263,1872
2793803,1872
2794342,1872
2794881,1872
2795421,1872
2795960,1872
2796500,1873
2797039,1871
2797578,1872
2798118,1871
2798658,1871
2799197,1872
2799738,1872
2800277,1872
2800816,1872
2801355,1872
2801894,1872
2802434,1872
2802978,1873
2803517,1872
2804056,1872
2804595,1873
2805134,1873
2805673,1872
2806212,1872
2806752,1874
2807292,1872
2807833,1871
2808372,1872
2808911,1872
2809450,1872
2809993,1872
2810534,1871
2811073,1872
2811612,1870
2812151,1872
2812691,1874
2813230,1868
2813770,1873
2814310,1871
2814850,1872
2815390,1872
2815929,1872
2816468,1874
2817012,1873
2817551,1872
2818090,1872
2818629,1874
2819168,1873
2819708,1873
2820248,1872
2820787,1872
2821326,1872
2821866,1872
2822406,1872
2822946,1872
2823486,1872
2824025,1872
2824565,1872
2825104,1872
2825644,1872
2826183,1872
2826724,1872
2827263,1871
2827802,1872
2828341,1871
2828881,1872
2829421,1872
2829960,1871
2830499,1872
2831039,1871
2831578,1872
2832118,1872
2832657,1872
2833196,1872
2833737,1872
2834276,1872
2834815,1871
2835354,1872
2835893,1873
2836432,1872
2836976,1872
2837516,1871
2838055,1872
2838594,1872
2839134,1871
2839674,1872
2840213,1872
2840753,1872
2841292,1872
2841833,1872
2842373,1872
2842912,1873
2843452,1872
2843995,1872
2844535,1874
2845074,1872
2845613,1872
2846153,1872
2846692,1872
2847231,1873
2847772,1872
2848311,1872
2848852,1872
2849392,1872
2849931,1872
2850474,1874
2851013,1873
2851553,1872
2852092,1871
2852632,1873
2853171,1872
2853711,1872
2854250,1872
2854790,1872
2855329,1872
2855869,1871
2856408,1871
2856947,1872
2857487,1871
2858026,1872
2858565,1874
2859104,1872
2859643,1873
2860182,1872
2860722,1872
2861262,1872
2861801,1872
2862341,1872
2862881,1872
2863420,1872
2863960,1873
2864500,1872
2865039,1873
2865578,1872
2866117,1872
2866656,1873
2867195,1872
2867734,1872
2868273,1872
2868812,1873
2869351,1872
2869890,1872
2870429,1872
2870973,1870
2871513,1872
2872052,1873
2872592,1872
2873131,1872
2873671,1872
2874210,1872
2874750,1872
2875290,1872
2875832,1872
2876371,1872
2876912,1872
2877452,1873
2877995,1873
2878534,1872
2879073,1873
2879612,1872
2880152,1872
2880691,1874
2881230,1872
2881770,1872
2882309,1872
2882848,1873
2883387,1873
2883927,1872
2884467,1872
2885009,1872
2885548,1874
2886087,1872
2886627,1871
2887166,1872
2887706,1872
2888246,1871
2888786,1872
2889325,1871
2889866,1872
2890406,1872
2890946,1872
2891485,1872
2892025,1872
2892564,1873
2893104,1872
2893644,1873
2894183,1872
2894723,1872
2895262,1873
2895801,1872
2896340,1872
2896879,1872
2897419,1872
2897958,1872
2898497,1872
2899036,1873
2899576,1871
2900115,1872
2900655,1872
2901194,1872
2901733,1872
2902272,1871
2902813,1872
2903352,1872
2903892,1873
2904431,1872
2904976,1873
2905515,1872
2906054,1872
2906593,1872
2907133,1874
2907672,1872
2908212,1872
2908752,1874
2909291,1873
2909833,1875
2910372,1872
2910912,1869
2911451,1872
2911995,1872
2912535,1872
2913074,1872
2913613,1872
2914153,1872
2914693,1872
2915232,1872
2915771,1872
2916310,1871
2916850,1870
2917389,1873
2917928,1872
2918467,1871
2919010,1871
2919549,1872
2920088,1872
2920628,1872
2921168,1872
2921707,1872
2922247,1872
2922787,1872
2923327,1872
2923867,1872
2924407,1872
2924946,1873
2925486,1872
2926025,1872
2926564,1872
2927104,1872
2927644,1872
2928183,1869
2928723,1872
2929262,1877
2929801,1872
2930340,1872
2930879,1872
2931419,1872
2931959,1872
2932498,1873
2933037,1872
2933576,1872
2934115,1871
2934654,1872
2935194,1872
2935733,1872
2936273,1872
2936813,1872
2937352,1872
2937891,1872
2938430,1872
2938974,1872
2939514,1872
2940053,1871
2940593,1872
2941132,1873
2941672,1873
2942211,1871
2942751,1874
2943290,1872
2943832,1872
2944372,1872
2944912,1872
2945452,1873
2945995,1872
2946535,1872
2947074,1872
2947613,1871
2948153,1871
2948692,1873
2949231,1873
2949771,1873
2950310,1874
2950850,1874
2951389,1873
2951928,1872
2952467,1872
2953010,1872
2953549,1874
2954088,1872
2954629,1872
2955168,1871
2955707,1872
2956247,1872
2956786,1872
2957328,1872
2957867,1871
2958407,1872
2958946,1872
2959486,1871
2960025,1872
2960565,1872
2961104,1872
2961643,1874
2962182,1872
2962721,1872
2963261,1872
2963800,1872
2964340,1872
2964880,1871
2965420,1872
2965959,1872
2966499,1872
2967038,1874
2967577,1872
2968117,1872
2968657,1872
2969196,1872
2969736,1872
2970275,1872
2970815,1873
2971354,1872
2971894,1872
2972433,1872
2972977,1872
2973516,1872
2974055,1872
2974595,1873
2975134,1872
2975673,1872
2976212,1872
2976752,1872
2977291,1873
2977833,1872
2978372,1874
2978911,1872
2979450,1872
2979993,1872
2980533,1872
2981073,1874
2981613,1872
2982152,1872
2982692,1872
2983231,1872
2983770,1873
2984310,1872
2984850,1871
2985389,1872
2985928,1872
2986467,1871
2987010,1876
2987549,1872
2988088,1870
2988629,1871
2989168,1872
2989707,1872
2990247,1873
2990786,1872
2991326,1872
2991865,1872
2992405,1872
2992944,1872
2993484,1872
2994023,1872
2994563,1871
2995102,1872
2995642,1872
2996181,1873
2996720,1872
2997260,1872
2997800,1871
2998339,1872
2998879,1872
2999419,1874
2999959,1873
3000499,1872
3001038,1870
3001578,1872
3002117,1872
3002656,1872
3003195,1873
3003734,1872
3004273,1872
3004813,1872
3005352,1872
3005891,1872
3006431,1872
3006974,1872
3007513,1872
3008053,1873
3008593,1875
3009132,1872
3009671,1872
3010210,1872
3010750,1872
3011289,1872
3011832,1872
3012372,1872
3012911,1872
3013450,1873
3013994,1872
3014534,1872
3015073,1872
3015612,1872
3016152,1872
3016691,1873
3017230,1872
3017769,1872
3018309,1871
3018850,1872
3019389,1872
3019928,1872
3020468,1872
3021012,1873
3021551,1872
3022091,1872
3022631,1872
3023170,1872
3023710,1872
3024249,1872
3024788,1872
3025328,1872
3025867,1872
3026406,1872
3026945,1872
3027485,1872
3028024,1874
3028563,1873
3029102,1872
3029642,1872
3030182,1872
3030722,1872
3031261,1872
3031800,1870
3032339,1873
3032878,1874
3033417,1873
3033956,1872
3034495,1872
3035034,1872
3035574,1873
3036114,1874
3036654,1872
3037193,1872
3037733,1872
3038272,1872
3038812,1872
3039351,1872
3039890,1873
3040430,1871
3040974,1871
3041515,1872
3042054,1871
3042593,1872
3043133,1872
3043672,1872
3044211,1872
3044752,1872
3045291,1872
3045833,1872
3046373,1873
3046913,1872
3047453,1872
3047996,1872
3048536,1872
3049075,1872
3049614,1873
3050154,1872
3050693,1869
3051233,1872
3051772,1873
3052311,1872
3052851,1872
3053390,1872
3053929,1872
3054474,1872
3055013,1872
3055552,1872
3056092,1873
3056631,1870
3057170,1872
3057710,1872
3058249,1873
3058788,1874
3059328,1874
3059867,1872
3060406,1873
3060945,1872
3061484,1872
3062023,1872
3062562,1872
3063101,1873
3063640,1872
3064179,1872
3064718,1872
3065257,1872
3065797,1872
3066337,1872
3066877,1872
3067416,1872
3067955,1872
3068494,1872
3069033,1872
3069573,1872
3070113,1872
3070652,1872
3071192,1872
3071732,1872
3072271,1872
3072811,1873
3073350,1873
3073890,1873
3074429,1872
3074973,1872
3075512,1872
3076051,1872
3076591,1875
3077131,1872
3077671,1871
3078210,1872
3078750,1872
3079289,1872
3079832,1872
3080371,1874
3080910,1872
3081450,1872
3081993,1871
3082532,1872
3083072,1872
3083611,1872
3084151,1872
3084691,1872
3085230,1873
3085770,1873
3086310,1872
3086850,1871
3087389,1872
3087928,1873
3088467,1872
3089010,1875
3089549,1873
3090088,1872
3090628,1873
3091167,1872
3091706,1872
3092245,1872
3092785,1872
3093327,1872
3093866,1872
3094405,1872
3094945,1875
3095485,1872
3096024,1872
3096563,1875
3097102,1872
3097642,1872
3098181,1872
3098720,1872
3099260,1872
3099799,1871
3100339,1872
3100879,1873
3101419,1873
3101958,1873
3102497,1872
3103036,1875
3103575,1872
3104114,1872
3104653,1873
3105192,1873
3105732,1872
3106271,1872
3106812,1872
3107352,1873
3107892,1873
3108431,1872
3108976,1872
3109515,1874
3110054,1872
3110593,1872
3111133,1874
3111672,1874
3112212,1871
3112752,1872
3113291,1871
3113833,1872
3114373,1873
3114913,1877
3115453,1872
3115996,1873
3116536,1872
3117075,1872
3117615,1872
3118154,1873
3118693,1872
3119232,1873
3119771,1873
3120310,1872
3120851,1872
3121391,1872
3121931,1872
3122473,1872
3123012,1873
3123551,1873
3124090,1872
3124629,1873
3125168,1872
3125707,1872
3126246,1872
3126785,1871
3127327,1873
3127866,1872
3128405,1871
3128944,1872
3129484,1872
3130023,1873
3130562,1872
3131101,1874
3131641,1871
3132181,1871
3132721,1875
3133260,1872
3133799,1872
3134338,1872
3134877,1871
3135416,1873
3135955,1872
3136494,1873
3137033,1872
3137572,1873
3138111,1873
3138650,1871
3139189,1872
3139729,1872
3140268,1873
3140808,1874
3141347,1875
3141886,1872
3142425,1874
3142965,1872
3143505,1873
3144044,1872
3144583,1872
3145122,1871
3145662,1872
3146201,1873
3146740,1873
3147279,1872
3147820,1872
3148359,1872
3148900,1872
3149439,1872
3149982,1872
3150521,1872
3151060,1872
3151599,1872
3152138,1872
3152677,1872
3153216,1872
3153755,1872
3154295,1867
3154835,1875
3155375,1872
3155914,1874
3156453,1871
3156996,1874
3157536,1872
3158076,1872
3158615,1874
3159155,1874
3159695,1873
3160234,1872
3160774,1872
3161313,1872
3161854,1873
3162393,1872
3162934,1872
3163474,1872
3164013,1872
3164552,1872
3165091,1872
3165630,1872
3166169,1874
3166709,1872
3167249,1873
3167788,1872
3168327,1872
3168866,1872
3169405,1872
3169944,1872
3170483,1874
3171022,1873
3171563,1871
3172102,1874
3172642,1873
3173181,1872
3173721,1875
3174260,1872
3174800,1872
3175340,1872
3175879,1872
3176418,1871
3176957,1872
3177496,1870
3178035,1872
3178575,1872
3179114,1872
3179654,1872
3180193,1873
3180733,1873
3181272,1872
3181811,1876
3182350,1872
3182890,1872
3183429,1872
3183973,1872
3184513,1873
3185052,1872
3185591,1872
3186131,1872
3186671,1872
3187210,1872
3187750,1873
3188289,1872
3188832,1872
3189372,1872
3189912,1872
3190452,1872
3190995,1873
3191534,1875
3192073,1872
3192612,1872
3193152,1872
3193692,1872
3194231,1872
3194772,1872
3195311,1872
3195852,1874
3196392,1872
3196931,1871
3197473,1872
3198013,1872
3198553,1872
3199092,1874
3199632,1872
3200171,1872
3200711,1872
3201250,1872
3201790,1872
3202329,1872
3202868,1874
3203408,1872
3203948,1872
3204488,1872
3205027,1872
3205567,1873
3206106,1871
3206646,1873
3207185,1871
3207724,1875
3208263,1873
3208802,1872
3209341,1873
3209881,1872
3210421,1872
3210961,1872
3211500,1872
3212040,1875
3212579,1873
3213118,1873
3213657,1872
3214196,1872
3214736,1872
3215276,1872
3215815,1872
3216354,1874
3216893,1875
3217432,1872
3217976,1872
3218516,1869
3219055,1873
3219595,1873
3220134,1873
3220673,1872
3221213,1871
3221752,1872
3222291,1872
3222833,1872
3223372,1872
3223911,1872
3224450,1872
3224993,1874
3225533,1872
3226073,1873
3226613,1872
3227152,1873
3227692,1872
3228231,1872
3228771,1870
3229310,1872
3229851,1872
3230390,1872
3230929,1872
3231473,1873
3232013,1872
3232552,1872
3233092,1872
3233631,1872
3234170,1874
3234710,1871
3235249,1873
3235788,1872
3236328,1872
3236867,1872
3237406,1872
3237945,1872
3238484,1874
3239023,1872
3239563,1872
3240102,1872
3240642,1872
3241182,1872
3241722,1872
3242261,1872
3242801,1872
3243340,1872
3243880,1873
3244420,1872
3244960,1872
3245499,1872
3246039,1872
3246578,1872
3247118,1872
3247658,1873
3248197,1871
3248737,1872
3249276,1873
3249815,1872
3250354,1872
3250893,1872
3251432,1872
3251976,1871
3252515,1872
3253054,1872
3253593,1872
3254133,1872
3254672,1872
3255212,1871
3255752,1873
3256291,1871
3256833,1872
3257372,1871
3257913,1872
3258452,1872
3258995,1872
3259534,1872
3260073,1872
3260612,1871
3261151,1873
3261691,1872
3262230,1873
3262769,1872
3263309,1872
3263848,1874
3264387,1872
3264926,1872
3265466,1870
3266009,1871
3266548,1872
3267087,1872
3267626,1872
3268165,1872
3268704,1872
3269244,1872
3269783,1872
3270323,1872
3270864,1872
3271403,1870
3271942,1872
3272482,1872
3273021,1872
3273561,1872
3274100,1871
3274640,1872
3275179,1872
3275719,1872
3276258,1874
3276798,1872
3277338,1875
3277877,1872
3278416,1872
3278955,1872
3279495,1872
3280034,1872
3280573,1871
3281113,1874
3281652,1872
3282192,1869
3282732,1872
3283271,1875
3283811,1873
3284350,1872
3284890,1872
3285429,1874
3285973,1872
3286513,1872
3287052,1875
3287591,1872
3288130,1873
3288669,1872
3289208,1872
3289747,1872
3290286,1873
3290826,1872
3291366,1872
3291905,1873
3292444,1872
3292988,1869
3293528,1872
3294067,1872
3294606,1871
3295145,1872
3295684,1870
3296223,1872
3296762,1873
3297301,1872
3297841,1872
3298380,1872
3298920,1872
3299459,1872
3300003,1872
3300543,1874
3301082,1872
3301622,1872
3302161,1875
3302700,1872
3303240,1872
3303779,1872
3304319,1871
3304859,1872
3305399,1872
3305938,1872
3306477,1872
3307017,1872
3307556,1872
3308095,1873
3308634,1872
3309173,1873
3309713,1872
3310253,1873
3310793,1872
3311332,1872
3311872,1871
3312412,1872
3312951,1872
3313490,1872
3314029,1871
3314568,1872
3315107,1873
3315646,1872
3316186,1872
3316726,1872
3317265,1873
3317804,1872
3318344,1872
3318884,1872
3319423,1872
3319962,1872
3320502,1872
3321041,1872
3321580,1873
3322120,1872
3322659,1872
3323199,1874
3323738,1872
3324277,1872
3324816,1873
3325355,1872
3325894,1872
3326433,1872
3326976,1871
3327515,1872
3328054,1872
3328593,1872
3329133,1872
3329673,1872
3330212,1872
3330751,1872
3331290,1872
3331832,1872
3332372,1872
3332911,1872
3333450,1872
3333993,1873
3334532,1872
3335072,1874
3335611,1873
3336151,1872
3336691,1874
3337230,1872
3337770,1872
3338309,1871
3338849,1871
3339389,1872
3339929,1872
3340468,1872
3341012,1872
3341551,1874
3342091,1872
3342631,1872
3343170,1871
3343710,1872
3344249,1872
3344788,1873
3345328,1872
3345868,1875
3346408,1873
3346947,1872
3347487,1872
3348026,1872
3348565,1872
3349104,1872
3349643,1872
3350182,1870
3350721,1872
3351260,1872
3351799,1872
3352339,1871
3352878,1872
3353417,1872
3353956,1872
3354496,1874
3355036,1872
3355576,1872
3356115,1872
3356655,1872
3357194,1871
3357734,1872
3358273,1871
3358812,1872
3359351,1872
3359890,1872
3360430,1872
3360974,1871
3361514,1872
3362053,1872
3362592,1872
3363132,1873
3363672,1872
3364211,1872
3364750,1872
3365289,1871
3365833,1869
3366372,1874
3366913,1872
3367452,1872
3367996,1872
3368536,1872
3369075,1871
3369614,1871
3370154,1872
3370693,1872
3371233,1872
3371772,1872
3372311,1872
3372851,1872
3373390,1872
3373929,1872
3374472,1872
3375012,1872
3375551,1873
3376090,1872
3376629,1872
3377168,1872
3377707,1872
3378246,1872
3378785,1872
3379325,1872
3379865,1872
3380404,1872
3380944,1872
3381484,1872
3382023,1872
3382563,1872
3383103,1872
3383642,1872
3384182,1872
3384721,1872
3385261,1872
3385801,1871
3386341,1871
3386881,1873
3387420,1875
3387959,1872
3388499,1872
3389039,1872
3389578,1873
3390118,1873
3390658,1872
3391197,1871
3391737,1872
3392276,1872
3392815,1872
3393354,1872
3393893,1873
3394432,1872
3394976,1872
3395515,1874
3396054,1872
3396593,1872
3397133,1872
3397673,1872
3398212,1867
3398752,1872
3399291,1871
3399833,1872
3400373,1872
3400913,1872
3401452,1872
3401996,1872
3402535,1872
3403074,1872
3403614,1872
3404154,1872
3404693,1872
3405233,1872
3405773,1871
3406312,1872
3406852,1872
3407392,1872
3407931,1872
3408473,1870
3409013,1871
3409553,1871
3410092,1872
3410632,1872
3411171,1869
3411711,1871
3412250,1872
3412790,1872
3413329,1872
3413869,1871
3414408,1872
3414948,1873
3415487,1871
3416027,1873
3416567,1872
3417106,1873
3417645,1872
3418185,1872
3418725,1872
3419264,1872
3419804,1871
3420344,1872
3420883,1872
3421422,1871
3421961,1871
3422501,1872
3423040,1872
3423579,1872
3424118,1872
3424657,1872
3425196,1872
3425736,1871
3426276,1873
3426815,1872
3427354,1873
3427893,1872
3428432,1872
3428976,1871
3429515,1872
3430054,1873
3430593,1872
3431132,1871
3431671,1872
3432210,1872
3432750,1871
3433290,1871
3433833,1871
3434372,1871
3434911,1872
3435450,1872
3435993,1872
3436532,1872
3437071,1873
3437610,1872
3438150,1872
3438689,1871
3439229,1872
3439768,1873
3440308,1873
3440848,1873
3441387,1872
3441926,1872
3442465,1874
3443009,1872
3443549,1872
3444088,1872
3444628,1872
3445167,1872
3445706,1873
3446245,1872
3446785,1872
3447324,1872
3447865,1872
3448404,1874
3448944,1873
3449483,1872
3450023,1873
3450563,1872
3451102,1872
3451642,1872
3452181,1871
3452720,1873
3453260,1870
3453800,1872
3454339,1872
3454879,1872
3455418,1872
3455958,1872
3456497,1872
3457037,1872
3457577,1871
3458116,1873
3458657,1873
3459196,1872
3459736,1872
3460275,1871
3460814,1872
3461353,1872
3461893,1872
3462433,1872
3462977,1872
3463516,1872
3464055,1871
3464595,1869
3465134,1873
3465673,1872
3466212,1872
3466751,1874
3467290,1872
3467833,1872
3468372,1873
3468912,1871
3469452,1873
3469995,1872
3470534,1873
3471073,1871
3471612,1873
3472152,1873
3472691,1872
3473230,1872
3473770,1872
3474309,1872
3474850,1871
3475389,1871
3475929,1873
3476468,1872
3477012,1872
3477551,1872
3478091,1872
3478630,1872
3479169,1872
3479708,1872
3480247,1872
3480787,1872
3481326,1872
3481866,1873
3482405,1872
3482945,1875
3483484,1873
3484024,1873
3484563,1871
3485102,1872
3485642,1871
3486181,1871
3486720,1873
3487259,1872
3487798,1872
3488337,1872
3488876,1872
3489415,1872
3489954,1872
3490494,1874
3491033,1872
3491572,1872
3492111,1872
3492650,1872
3493189,1874
3493728,1873
3494268,1872
3494807,1873
3495347,1873
3495887,1875
3496427,1872
3496966,1872
3497505,1872
3498045,1873
3498584,1872
3499124,1872
3499664,1874
3500203,1872
3500743,1871
3501282,1872
3501823,1871
3502363,1871
3502902,1871
3503441,1872
3503985,1872
3504524,1872
3505064,1874
3505604,1872
3506143,1872
3506683,1872
3507222,1872
3507761,1872
3508300,1872
3508840,1873
3509379,1872
3509919,1871
3510458,1873
3511002,1874
3511542,1873
3512081,1872
3512620,1872
3513160,1874
3513699,1872
3514239,1872
3514779,1873
3515318,1872
3515859,1872
3516398,1872
3516939,1872
3517479,1872
3518018,1872
3518558,1872
3519097,1872
3519636,1873
3520175,1872
3520714,1872
3521253,1872
3521793,1872
3522333,1872
3522873,1872
3523413,1872
3523953,1872
3524493,1872
3525032,1873
3525571,1871
3526110,1872
3526649,1872
3527188,1873
3527727,1873
3528266,1872
3528806,1873
3529345,1872
3529884,1873
3530423,1872
3530963,1872
3531502,1872
3532041,1873
3532580,1872
3533120,1872
3533659,1873
3534199,1872
3534739,1872
3535278,1872
3535818,1872
3536357,1872
3536897,1872
3537437,1872
3537981,1872
3538520,1872
3539060,1872
3539600,1871
3540139,1872
3540678,1872
3541217,1872
3541758,1872
3542297,1872
3542838,1872
3543378,1873
3543918,1872
3544457,1872
3545001,1873
3545541,1869
3546080,1872
3546619,1872
3547158,1872
3547697,1872
3548236,1872
3548776,1872
3549316,1871
3549855,1872
3550394,1873
3550934,1872
3551473,1872
3552013,1872
3552553,1872
3553092,1872
3553632,1872
3554171,1872
3554710,1872
3555249,1872
3555788,1872
3556328,1872
3556867,1872
3557407,1871
3557946,1872
3558486,1872
3559025,1871
3559565,1872
3560104,1872
3560644,1872
3561183,1872
3561723,1872
3562263,1872
3562803,1873
3563342,1872
3563882,1871
3564422,1872
3564962,1873
3565502,1872
3566041,1873
3566580,1872
3567119,1873
3567659,1872
3568199,1873
3568739,1872
3569278,1872
3569817,1872
3570356,1872
3570896,1872
3571435,1874
3571978,1872
3572517,1872
3573056,1872
3573597,1872
3574136,1872
3574676,1872
3575215,1872
3575754,1872
3576293,1872
3576834,1867
3577373,1872
3577913,1871
3578453,1872
3578996,1872
3579536,1873
3580076,1872
3580615,1872
3581155,1872
3581694,1871
3582234,1872
3582773,1872
3583313,1874
3583854,1872
3584393,1872
3584934,1872
3585473,1872
3586013,1874
3586552,1872
3587092,1872
3587632,1873
3588171,1873
3588710,1871
3589249,1869
3589789,1872
3590328,1873
3590867,1872
3591406,1872
3591946,1872
3592486,1872
3593025,1872
3593564,1872
3594104,1872
3594644,1872
3595183,1872
3595723,1872
3596262,1872
3596801,1872
3597341,1872
3597880,1872
3598419,1871
3598958,1872
3599498,1870
3600038,1872
3600578,1872
3601117,1873
3601656,1874
3602195,1872
3602734,1872
3603273,1872
3603814,1872
3604353,1877
3604892,1872
3605433,1872
3605976,1872
3606516,1872
3607055,1873
3607595,1872
3608134,1872
3608673,1873
3609212,1872
3609751,1872
3610290,1872
3610832,1870
3611372,1871
3611911,1874
3612450,1876
3612994,1872
3613533,1872
3614073,1872
3614612,1873
3615152,1873
3615691,1872
3616230,1872
3616770,1872
3617309,1871
3617849,1872
3618388,1872
3618927,1872
3619466,1873
3620010,1872
3620549,1874
3621088,1872
3621627,1872
3622166,1873
3622706,1872
3623245,1873
3623786,1873
3624325,1873
3624865,1872
3625404,1872
3625944,1872
3626483,1872
3627023,1873
3627563,1872
3628102,1869
3628642,1872
3629181,1872
3629720,1872
3630259,1872
3630799,1873
3631339,1871
3631879,1872
3632419,1873
3632958,1872
3633497,1873
3634036,1873
3634576,1872
3635115,1872
3635655,1872
3636194,1872
3636733,1873
3637273,1872
3637813,1873
3638352,1872
3638892,1874
3639431,1871
3639975,1869
3640514,1871
3641054,1872
3641593,1871
3642132,1872
3642672,1871
3643212,1872
3643752,1872
3644291,1872
3644833,1871
3645372,1872
3645912,1871
3646451,1872
3646995,1872
3647534,1872
3648073,1871
3648612,1872
3649151,1868
3649690,1872
3650230,1872
3650769,1872
3651309,1871
3651848,1872
3652387,1872
3652926,1872
3653466,1873
3654009,1873
3654549,1872
3655088,1872
3655628,1872
3656167,1873
3656706,1872
3657246,1872
3657786,1872
3658328,1873
3658867,1872
3659406,1872
3659946,1872
3660486,1871
3661025,1872
3661565,1872
3662104,1871
3662643,1872
3663182,1872
3663722,1872
3664262,1871
3664801,1873
3665340,1872
3665879,1872
3666419,1870
3666958,1872
3667497,1871
3668036,1872
3668577,1872
3669116,1872
3669656,1872
3670195,1872
3670734,1872
3671274,1872
3671813,1872
3672352,1872
3672891,1872
3673430,1872
3673975,1873
3674514,1872
3675054,1872
3675594,1871
3676133,1872
3676673,1872
3677212,1872
3677752,1872
3678291,1872
3678833,1872
3679372,1872
3679911,1873
3680450,1872
3680993,1872
3681533,1872
3682072,1872
3682612,1873
3683151,1873
3683691,1872
3684230,1872
3684769,1872
3685309,1870
3685849,1872
3686388,1871
3686927,1871
3687467,1873
3688009,1872
3688548,1873
3689087,1872
3689626,1873
3690165,1872
3690705,1874
3691244,1874
3691784,1874
3692323,1872
3692864,1872
3693404,1873
3693943,1872
3694482,1872
3695021,1873
3695561,1872
3696100,1872
3696639,1872
3697179,1872
3697718,1872
3698257,1872
3698797,1876
3699337,1872
3699877,1872
3700416,1873
3700956,1872
3701495,1872
3702034,1873
3702575,1872
3703114,1872
3703653,1872
3704192,1871
3704732,1872
3705272,1872
3705812,1872
3706351,1872
3706891,1872
3707430,1872
3707974,1872
3708514,1872
3709053,1873
3709592,1872
3710131,1872
3710670,1871
3711209,1871
3711749,1872
3712289,1871
3712832,1872
3713372,1872
3713911,1872
3714450,1872
3714994,1871
3715533,1868
3716073,1872
3716612,1872
3717151,1871
3717691,1872
3718230,1872
3718770,1872
3719309,1872
3719849,1872
3720388,1874
3720927,1872
3721466,1871
3722009,1872
3722548,1872
3723087,1873
3723626,1874
3724165,1869
3724704,1872
3725243,1872
3725783,1872
3726322,1872
3726864,1872
3727403,1872
3727942,1872
3728482,1872
3729021,1872
3729561,1872
3730100,1872
3730639,1872
3731178,1872
3731717,1872
3732256,1872
3732797,1872
3733337,1872
3733876,1870
3734415,1872
3734954,1872
3735494,1872
3736033,1872
3736572,1871
3737112,1873
3737652,1872
3738191,1871
3738731,1872
3739270,1872
3739810,1872
3740349,1871
3740889,1873
3741428,1872
3741967,1873
3742507,1872
3743046,1872
3743585,1871
3744125,1871
3744664,1872
3745203,1870
3745742,1873
3746282,1872
3746822,1871
3747361,1874
3747902,1872
3748441,1872
3748984,1872
3749524,1872
3750064,1872
3750604,1872
3751143,1870
3751683,1875
3752222,1872
3752761,1872
3753301,1871
3753841,1872
3754380,1872
3754919,1872
3755459,1872
3756002,1873
3756541,1872
3757080,1872
3757620,1871
3758159,1871
3758699,1871
3759239,1872
3759779,1872
3760318,1872
3760858,1870
3761398,1872
3761938,1872
3762477,1872
3763017,1872
3763556,1871
3764096,1873
3764636,1872
3765175,1872
3765715,1872
3766254,1871
3766794,1872
3767333,1872
3767872,1872
3768412,1872
3768951,1872
3769490,1872
3770029,1873
3770569,1872
3771108,1872
3771647,1870
3772187,1872
3772726,1873
3773266,1872
3773806,1872
3774345,1872
3774885,1872
3775425,1871
3775965,1872
3776505,1872
3777044,1872
3777583,1872
3778122,1872
3778662,1872
3779202,1872
3779741,1872
3780281,1872
3780821,1872
3781361,1871
3781900,1872
3782439,1872
3782982,1872
3783522,1875
3784061,1872
3784600,1873
3785140,1872
3785679,1872
3786219,1874
3786758,1872
3787297,1872
3787838,1871
3788378,1872
3788917,1872
3789456,1872
3789999,1873
3790539,1872
3791079,1872
3791618,1872
3792158,1872
3792698,1872
3793237,1872
3793777,1872
3794317,1872
3794858,1872
3795398,1870
3795938,1867
3796477,1872
3797017,1872
3797557,1871
3798096,1871
3798636,1872
3799176,1872
3799715,1872
3800255,1872
3800794,1872
3801333,1872
3801873,1873
3802412,1872
3802951,1871
3803490,1872
3804029,1874
3804569,1872
3805108,1872
3805647,1872
3806187,1871
3806726,1872
3807266,1872
3807806,1873
3808345,1872
3808884,1872
3809423,1872
3809962,1872
3810502,1871
3811041,1872
3811581,1872
3812120,1872
3812659,1872
3813199,1872
3813739,1871
3814278,1873
3814817,1870
3815356,1869
3815895,1872
3816434,1872
3816977,1870
3817517,1872
3818056,1872
3818595,1874
3819134,1870
3819673,1872
3820212,1872
3820751,1872
3821290,1872
3821832,1867
3822371,1871
3822910,1872
3823449,1873
3823993,1873
3824532,1872
3825072,1872
3825611,1873
3826151,1872
3826691,1872
3827230,1872
3827770,1873
3828309,1872
3828850,1872
3829389,1874
3829928,1872
3830467,1872
3831010,1872
3831549,1873
3832088,1872
3832628,1872
3833167,1872
3833707,1872
3834246,1871
3834785,1872
3835327,1872
3835867,1872
3836406,1873
3836945,1872
3837485,1872
3838024,1871
3838564,1872
3839104,1871
3839644,1873
3840183,1872
3840722,1872
3841262,1872
3841801,1873
3842341,1872
3842880,1873
3843419,1873
3843958,1873
3844497,1873
3845036,1872
3845575,1873
3846114,1871
3846653,1872
3847192,1872
3847731,1872
3848270,1873
3848811,1871
3849350,1872
3849890,1873
3850430,1873
3850975,1872
3851515,1873
3852054,1872
3852593,1873
3853133,1875
3853672,1872
3854211,1873
3854751,1872
3855290,1872
3855832,1872
3856371,1874
3856910,1872
3857449,1873
3857992,1872
3858531,1872
3859070,1872
3859610,1874
3860149,1872
3860690,1874
3861229,1873
3861768,1872
3862307,1872
3862847,1872
3863386,1872
3863927,1874
3864467,1873
3865009,1872
3865550,1871
3866089,1872
3866629,1872
3867168,1872
3867707,1872
3868246,1873
3868786,1873
3869325,1873
3869865,1872
3870405,1872
3870944,1872
3871484,1872
3872023,1872
3872562,1873
3873101,1872
3873640,1872
3874180,1873
3874719,1872
3875259,1872
3875799,1872
3876338,1873
3876878,1872
3877417,1872
3877956,1872
3878495,1872
3879034,1872
3879574,1872
3880113,1872
3880652,1872
3881192,1873
3881732,1872
3882271,1872
3882811,1871
3883350,1872
3883889,1874
3884428,1872
3884967,1872
3885507,1872
3886046,1874
3886585,1872
3887125,1872
3887664,1872
3888203,1874
3888743,1872
3889282,1872
3889822,1871
3890361,1871
3890900,1872
3891439,1872
3891982,1873
3892521,1872
3893060,1873
3893599,1875
3894138,1872
3894678,1874
3895218,1872
3895757,1872
3896297,1872
3896838,1872
3897378,1872
3897917,1871
3898456,1872
3898999,1871
3899539,1872
3900079,1872
3900618,1871
3901158,1872
3901698,1874
3902237,1872
3902777,1873
3903316,1872
3903857,1873
3904396,1870
3904935,1872
3905474,1873
3906013,1873
3906552,1872
3907091,1872
3907631,1873
3908170,1872
3908711,1873
3909250,1872
3909790,1872
3910329,1873
3910869,1872
3911408,1874
3911948,1872
3912487,1870
3913027,1872
3913567,1872
3914106,1872
3914646,1874
3915186,1872
3915725,1872
3916264,1872
3916803,1872
3917342,1873
3917881,1872
3918420,1872
3918961,1874
3919501,1874
3920040,1872
3920580,1872
3921119,1872
3921659,1872
3922199,1873
3922739,1872
3923278,1872
3923818,1872
3924358,1872
3924897,1873
3925436,1873
3925979,1872
3926518,1872
3927058,1872
3927597,1873
3928137,1872
3928677,1872
3929216,1872
3929756,1872
3930295,1872
3930835,1872
3931374,1872
3931913,1873
3932453,1872
3932996,1872
3933536,1872
3934075,1873
3934616,1872
3935155,1872
3935694,1872
3936234,1872
3936773,1873
3937312,1872
3937853,1872
3938393,1875
3938932,1872
3939473,1872
3940013,1871
3940553,1872
3941092,1873
3941632,1874
3942171,1873
3942710,1872
3943249,1872
3943788,1872
3944328,1872
3944867,1872
3945406,1873
3945946,1872
3946486,1875
3947025,1873
3947564,1872
3948104,1872
3948644,1874
3949183,1872
3949723,1873
3950262,1872
3950801,1872
3951341,1872
3951880,1873
3952419,1872
3952958,1872
3953497,1874
3954036,1872
3954575,1872
3955114,1872
3955653,1872
3956192,1874
3956731,1871
3957270,1871
3957810,1872
3958349,1872
3958889,1872
3959428,1872
3959967,1872
3960507,1873
3961046,1871
3961585,1873
3962124,1872
3962663,1872
3963202,1872
3963741,1872
3964280,1872
3964820,1873
3965359,1875
3965899,1872
3966439,1872
3966982,1872
3967521,1872
3968060,1869
3968600,1872
3969140,1872
3969679,1872
3970219,1873
3970758,1872
3971297,1870
3971838,1872
3972377,1872
3972917,1871
3973457,1872
3974000,1872
3974539,1874
3975078,1874
3975618,1872
3976158,1872
3976698,1873
3977237,1873
3977776,1872
3978316,1873
3978855,1872
3979395,1874
3979934,1872
3980474,1872
3981013,1871
3981552,1872
3982091,1873
3982630,1871
3983169,1874
3983708,1872
3984248,1872
3984787,1873
3985327,1872
3985866,1872
3986405,1872
3986944,1872
3987483,1872
3988023,1870
3988563,1873
3989102,1872
3989641,1871
3990181,1872
3990721,1871
3991260,1872
3991800,1872
3992339,1872
3992878,1873
3993417,1872
3993956,1872
3994495,1872
3995034,1872
3995574,1872
3996113,1872
3996652,1872
3997191,1872
3997730,1872
3998269,1872
3998808,1872
3999347,1872
3999887,1872
4000427,1872
4000967,1873
4001507,1872
4002046,1872
4002585,1872
4003124,1872
4003664,1872
4004203,1874
4004742,1874
4005282,1873
4005822,1873
4006361,1871
4006900,1872
4007440,1872
4007983,1872
4008522,1872
4009061,1872
4009601,1874
4010141,1872
4010680,1872
4011220,1872
4011759,1872
4012298,1872
4012838,1872
4013378,1872
4013917,1869
4014457,1872
4015001,1873
4015541,1875
4016080,1874
4016619,1873
4017158,1872
4017698,1873
4018238,1871
4018777,1874
4019317,1873
4019856,1872
4020395,1873
4020934,1872
4021474,1872
4022013,1873
4022552,1873
4023092,1873
4023632,1872
4024171,1873
4024710,1873
4025249,1872
4025788,1872
4026328,1874
4026867,1872
4027406,1872
4027946,1872
4028486,1872
4029025,1872
4029564,1872
4030104,1873
4030644,1872
4031183,1872
4031723,1872
4032262,1874
4032801,1873
4033340,1873
4033879,1872
4034419,1872
4034958,1872
4035497,1872
4036036,1872
4036575,1872
4037114,1872
4037653,1873
4038192,1872
4038731,1872
4039270,1875
4039810,1873
4040350,1872
4040889,1874
4041428,1874
4041968,1872
4042508,1872
4043047,1872
4043586,1872
4044125,1873
4044665,1872
4045205,1873
4045745,1871
4046284,1872
4046824,1873
4047363,1872
4047902,1872
4048441,1872
4048985,1873
4049524,1872
4050064,1872
4050603,1874
4051142,1872
4051682,1873
4052222,1874
4052761,1872
4053301,1871
4053840,1871
4054379,1872
4054918,1872
4055457,1872
4056001,1872
4056540,1872
4057080,1874
4057620,1872
4058159,1872
4058699,1872
4059238,1872
4059777,1872
4060316,1872
4060857,1872
4061397,1873
4061936,1872
4062476,1873
4063015,1872
4063555,1870
4064094,1875
4064633,1872
4065173,1872
4065713,1872
4066252,1872
4066792,1872
4067331,1871
4067871,1872
4068410,1873
4068950,1872
4069490,1872
4070029,1873
4070568,1872
4071107,1872
4071646,1872
4072186,1872
4072725,1873
4073264,1872
4073804,1872
4074343,1874
4074882,1872
4075422,1870
4075962,1872
4076502,1874
4077041,1871
4077581,1872
4078120,1872
4078659,1872
4079198,1873
4079737,1872
4080276,1872
4080815,1872
4081355,1874
4081894,1872
4082433,1872
4082977,1872
4083516,1872
4084056,1872
4084596,1872
4085135,1872
4085674,1873
4086214,1872
4086753,1872
4087293,1872
4087834,1872
4088373,1872
4088913,1872
4089452,1872
4089996,1872
4090535,1872
4091074,1871
4091613,1873
4092152,1872
4092691,1872
4093230,1873
4093769,1872
4094309,1871
4094848,1871
4095387,1872
4095926,1871
4096466,1872
4097009,1871
4097549,1872
4098088,1872
4098628,1872
4099167,1873
4099706,1872
4100246,1873
4100786,1872
4101325,1871
4101866,1872
4102405,1872
4102945,1872
4103485,1872
4104024,1872
4104564,1873
4105103,1872
4105643,1872
4106182,1872
4106721,1873
4107261,1872
4107801,1872
4108341,1873
4108880,1873
4109420,1872
4109959,1872
4110498,1872
4111037,1872
4111576,1872
4112116,1872
4112655,1872
4113195,1872
4113735,1872
4114274,1874
4114814,1874
4115353,1872
4115892,1872
4116432,1873
4116975,1872
4117515,1872
4118054,1872
4118593,1873
4119132,1873
4119672,1872
4120212,1872
4120752,1872
4121291,1872
4121833,1872
4122373,1877
4122913,1872
4123452,1872
4123996,1872
4124536,1872
4125075,1872
4125615,1871
4126154,1872
4126693,1872
4127233,1873
4127773,1872
4128312,1872
4128852,1872
4129392,1873
4129932,1872
4130474,1872
4131013,1873
4131553,1875
4132092,1872
4132632,1872
4133171,1872
4133711,1872
4134250,1872
4134790,1872
4135329,1872
4135868,1875
4136408,1872
4136948,1872
4137488,1872
4138027,1872
4138566,1874
4139106,1872
4139645,1872
4140185,1872
4140725,1871
4141264,1873
4141804,1876
4142344,1872
4142884,1872
4143424,1872
4143963,1872
4144503,1874
4145043,1872
4145583,1872
4146122,1871
4146662,1872
4147201,1872
4147740,1872
4148280,1872
4148819,1873
4149359,1872
4149899,1872
4150438,1872
4150981,1873
4151521,1872
4152060,1872
4152599,1872
4153138,1871
4153677,1872
4154217,1872
4154756,1872
4155296,1872
4155835,1870
4156375,1872
4156916,1872
4157455,1872
4157998,1871
4158538,1872
4159077,1873
4159617,1872
4160156,1871
4160695,1872
4161235,1871
4161774,1872
4162314,1872
4162853,1872
4163392,1871
4163931,1874
4164473,1872
4165013,1875
4165552,1872
4166092,1872
4166632,1872
4167171,1872
4167710,1871
4168249,1872
4168789,1872
4169328,1872
4169867,1871
4170406,1875
4170945,1874
4171484,1872
4172024,1872
4172563,1872
4173102,1872
4173642,1872
4174181,1872
4174721,1872
4175260,1872
4175799,1872
4176339,1873
4176878,1871
4177417,1873
4177956,1872
4178495,1875
4179034,1872
4179574,1873
4180113,1872
4180652,1872
4181191,1872
4181731,1872
4182270,1872
4182809,1872
4183348,1872
4183887,1872
4184426,1872
4184965,1872
4185504,1873
4186044,1872
4186583,1872
4187122,1872
4187662,1875
4188201,1871
4188740,1871
4189280,1871
4189820,1872
4190359,1872
4190898,1873
4191438,1872
4191982,1872
4192522,1872
4193061,1874
4193601,1872
4194140,1872
4194679,1872
4195219,1872
4195759,1872
4196298,1872
4196839,1871
4197378,1872
4197918,1871
4198457,1871
4199001,1872
4199541,1873
4200080,1871
4200619,1871
4201158,1872
4201697,1872
4202236,1872
4202776,1874
4203316,1872
4203855,1872
4204394,1874
4204934,1872
4205473,1872
4206013,1873
4206553,1872
4207092,1872
4207632,1872
4208171,1872
4208711,1873
4209250,1872
4209790,1874
4210329,1872
4210870,1873
4211409,1872
4211948,1872
4212488,1872
4213027,1872
4213567,1874
4214106,1871
4214645,1869
4215185,1872
4215725,1872
4216264,1871
4216804,1872
4217344,1873
4217883,1873
4218422,1872
4218961,1872
4219501,1872
4220040,1872
4220579,1872
4221118,1872
4221657,1872
4222196,1873
4222735,1872
4223275,1872
4223814,1872
4224353,1872
4224892,1873
4225432,1877
4225975,1872
4226515,1872
4227054,1872
4227593,1873
4228132,1873
4228672,1872
4229212,1873
4229752,1873
4230291,1872
4230833,1872
4231373,1873
4231912,1875
4232451,1873
4232995,1872
4233534,1874
4234074,1872
4234613,1872
4235153,1872
4235692,1873
4236232,1872
4236772,1871
4237311,1873
4237851,1872
4238390,1873
4238929,1869
4239473,1874
4240012,1873
4240551,1873
4241090,1872
4241629,1873
4242168,1872
4242707,1872
4243246,1871
4243786,1872
4244326,1872
4244865,1872
4245404,1873
4245943,1875
4246482,1871
4247022,1873
4247561,1874
4248101,1870
4248641,1871
4249180,1871
4249720,1872
4250259,1871
4250799,1872
4251338,1872
4251877,1872
4252416,1872
4252955,1872
4253495,1873
4254034,1872
4254574,1872
4255113,1872
4255652,1872
4256191,1873
4256730,1872
4257269,1872
4257808,1872
4258347,1872
4258887,1872
4259427,1872
4259966,1872
4260505,1872
4261045,1872
4261584,1872
4262123,1872
4262663,1872
4263202,1871
4263742,1872
4264282,1872
4264821,1872
4265360,1872
4265900,1872
4266439,1872
4266983,1872
4267523,1872
4268062,1872
4268602,1873
4269141,1872
4269680,1872
4270220,1872
4270759,1872
4271298,1871
4271839,1873
4272378,1873
4272919,1872
4273458,1872
4274002,1872
4274542,1872
4275081,1873
4275620,1872
4276159,1872
4276699,1871
4277239,1872
4277779,1872
4278318,1873
4278858,1872
4279398,1871
4279939,1872
4280479,1872
4281018,1871
4281558,1872
4282097,1873
4282636,1872
4283175,1872
4283714,1872
4284254,1872
4284793,1872
4285333,1871
4285873,1872
4286413,1872
4286953,1873
4287493,1871
4288032,1872
4288571,1871
4289110,1872
4289649,1874
4290188,1872
4290727,1872
4291267,1872
4291806,1872
4292345,1875
4292884,1871
4293423,1871
4293962,1873
4294501,1872
4295040,1871
4295580,1871
4296120,1872
4296659,1872
4297199,1872
4297739,1873
4298278,1872
4298818,1872
4299358,1872
4299898,1872
4300437,1873
4300981,1870
4301520,1874
4302060,1872
4302600,1872
4303139,1872
4303678,1872
4304218,1872
4304757,1872
4305296,1870
4305837,1872
4306377,1870
4306916,1872
4307455,1872
4307998,1872
4308538,1872
4309077,1872
4309617,1872
4310156,1872
4310696,1872
4311236,1872
4311775,1873
4312315,1872
4312855,1872
4313395,1871
4313934,1872
4314475,1872
4315014,1872
4315553,1872
4316093,1872
4316632,1871
4317171,1872
4317712,1872
4318251,1873
4318791,1872
4319331,1872
4319870,1872
4320409,1873
4320948,1871
4321487,1872
4322026,1872
4322565,1872
4323105,1872
4323645,1872
4324184,1872
4324724,1872
4325263,1872
4325803,1872
4326342,1872
4326881,1872
4327420,1872
4327959,1872
4328498,1872
4329037,1874
4329577,1869
4330116,1873
4330657,1872
4331196,1872
4331736,1872
4332275,1871
4332815,1873
4333354,1872
4333893,1872
4334432,1872
4334976,1872
4335515,1871
4336054,1871
4336593,1871
4337132,1872
4337672,1872
4338212,1872
4338752,1872
4339291,1872
4339832,1872
4340371,1872
4340910,1871
4341449,1872
4341992,1873
4342531,1872
4343070,1872
4343609,1872
4344149,1872
4344688,1872
4345228,1872
4345767,1872
4346306,1872
4346846,1871
4347386,1872
4347926,1872
4348466,1872
4349009,1872
4349548,1872
4350087,1872
4350626,1872
4351165,1871
4351705,1872
4352245,1872
4352784,1872
4353324,1872
4353865,1871
4354404,1873
4354943,1873
4355482,1872
4356021,1872
4356562,1871
4357101,1872
4357640,1872
4358180,1872
4358719,1873
4359258,1872
4359799,1872
4360338,1872
4360878,1872
4361417,1872
4361956,1874
4362496,1872
4363036,1873
4363576,1872
4364115,1872
4364655,1872
4365194,1872
4365733,1872
4366272,1871
4366811,1872
4367351,1872
4367891,1872
4368430,1873
4368975,1872
4369514,1872
4370053,1871
4370593,1871
4371133,1873
4371672,1872
4372212,1873
4372752,1872
4373291,1872
4373832,1870
4374372,1872
4374911,1872
4375451,1872
4375995,1872
4376534,1872
4377074,1872
4377613,1872
4378153,1872
4378692,1871
4379232,1871
4379772,1873
4380311,1872
4380851,1872
4381390,1872
4381929,1871
4382473,1871
4383012,1874
4383551,1872
4384090,1872
4384630,1875
4385169,1872
4385710,1872
4386249,1871
4386788,1872
4387327,1872
4387866,1873
4388405,1872
4388944,1870
4389484,1872
4390023,1872
4390562,1872
4391101,1872
4391641,1873
4392181,1872
4392720,1872
4393260,1872
4393800,1871
4394339,1872
4394880,1870
4395420,1872
4395959,1873
4396498,1872
4397038,1872
4397577,1872
4398116,1873
4398657,1872
4399196,1873
4399736,1872
4400275,1873
4400815,1872
4401354,1871
4401894,1873
4402433,1874
4402977,1872
4403517,1871
4404056,1873
4404596,1872
4405135,1872
4405674,1872
4406214,1873
4406753,1872
4407292,1873
4407834,1872
4408373,1872
4408912,1872
4409452,1872
4409995,1872
4410535,1872
4411074,1872
4411614,1872
4412154,1873
4412693,1873
4413233,1872
4413773,1872
4414312,1872
4414852,1872
4415392,1874
4415931,1873
4416474,1872
4417013,1871
4417553,1872
4418092,1872
4418632,1872
4419171,1872
4419710,1872
4420249,1874
4420788,1873
4421328,1872
4421867,1872
4422406,1872
4422945,1872
4423484,1872
4424023,1874
4424562,1872
4425101,1872
4425641,1872
4426181,1872
4426720,1872
4427260,1873
4427799,1872
4428339,1872
4428879,1871
4429419,1872
4429958,1872
4430497,1872
4431037,1872
4431577,1872
4432116,1872
4432656,1871
4433195,1873
4433734,1872
4434273,1874
4434812,1872
4435351,1872
4435890,1874
4436429,1871
4436973,1872
4437513,1872
4438052,1873
4438591,1872
4439130,1872
4439671,1871
4440210,1872
4440750,1872
4441289,1872
4441832,1872
4442372,1872
4442912,1875
4443452,1872
4443995,1873
4444534,1872
4445073,1872
4445612,1873
4446152,1873
4446691,1873
4447230,1871
4447770,1872
4448309,1872
4448849,1872
4449388,1875
4449927,1872
4450466,1872
4451009,1872
4451548,1872
4452087,1872
4452626,1873
4453165,1875
4453705,1872
4454244,1872
4454785,1872
4455327,1872
4455866,1871
4456405,1872
4456945,1871
4457485,1872
4458024,1875
4458564,1872
4459103,1871
4459642,1872
4460181,1873
4460720,1872
4461259,1872
4461799,1872
4462338,1872
4462877,1872
4463416,1872
4463955,1873
4464495,1872
4465034,1871
4465574,1872
4466113,1872
4466652,1871
4467191,1871
4467732,1872
4468271,1872
4468810,1873
4469349,1872
4469888,1873
4470428,1872
4470967,1873
4471506,1872
4472045,1872
4472584,1871
4473123,1872
4473663,1874
4474202,1872
4474742,1872
4475281,1872
4475821,1874
4476360,1872
4476899,1871
4477439,1872
4477982,1871
4478521,1872
4479060,1869
4479600,1869
4480139,1872
4480679,1874
4481219,1872
4481759,1872
4482298,1869
4482839,1871
4483378,1872
4483919,1872
4484458,1872
4485002,1872
4485542,1872
4486081,1871
4486620,1872
4487160,1872
4487699,1872
4488239,1872
4488779,1871
4489318,1872
4489858,1872
4490397,1872
4490937,1873
4491476,1872
4492016,1872
4492556,1872
4493095,1872
4493635,1872
4494174,1872
4494713,1872
4495252,1872
4495791,1872
4496331,1872
4496871,1871
4497410,1872
4497950,1873
4498490,1872
4499029,1873
4499569,1873
4500108,1872
4500647,1872
4501187,1872
4501726,1872
4502266,1872
4502806,1877
4503346,1874
4503886,1875
4504425,1871
4504964,1872
4505504,1875
4506043,1874
4506582,1872
4507121,1873
4507661,1872
4508200,1872
4508740,1872
4509280,1872
4509819,1873
4510359,1871
4510899,1872
4511439,1872
4511982,1872
4512521,1872
4513060,1875
4513600,1873
4514139,1871
4514679,1871
4515219,1872
4515758,1872
4516297,1872
4516838,1872
4517378,1872
4517917,1872
4518456,1872
4519000,1872
4519540,1872
4520079,1872
4520619,1871
4521158,1873
4521697,1872
4522236,1872
4522776,1869
4523316,1872
4523855,1872
4524395,1872
4524935,1872
4525475,1873
4526014,1872
4526553,1873
4527093,1872
4527632,1876
4528172,1872
4528712,1873
4529251,1872
4529791,1872
4530331,1872
4530870,1874
4531409,1872
4531949,1872
4532488,1872
4533027,1873
4533567,1872
4534106,1873
4534646,1872
4535185,1872
4535724,1872
4536263,1872
4536803,1871
4537342,1871
4537882,1872
4538421,1873
4538961,1872
4539501,1872
4540040,1872
4540580,1872
4541119,1873
4541659,1872
4542198,1872
4542738,1873
4543277,1872
4543816,1872
4544355,1872
4544895,1872
4545434,1872
4545977,1870
4546517,1872
4547057,1871
4547597,1872
4548136,1872
4548676,1872
4549215,1872
4549754,1875
4550294,1872
4550834,1870
4551373,1872
4551912,1873
4552452,1872
4552995,1872
4553534,1872
4554073,1872
4554613,1872
4555153,1872
4555693,1871
4556232,1870
4556772,1874
4557311,1872
4557852,1872
4558392,1872
4558931,1872
4559474,1872
4560013,1870
4560553,1872
4561092,1872
4561632,1874
4562171,1873
4562710,1872
4563249,1872
4563790,1873
4564329,1871
4564868,1872
4565408,1872
4565947,1872
4566487,1871
4567026,1872
4567565,1872
4568105,1872
4568645,1872
4569184,1873
4569723,1872
4570262,1872
4570801,1872
4571340,1872
4571879,1872
4572418,1872
4572957,1872
4573496,1873
4574036,1872
4574576,1872
4575115,1872
4575655,1871
4576194,1872
4576733,1873
4577273,1873
4577813,1873
4578352,1870
4578891,1872
4579430,1875
4579974,1872
4580514,1872
4581053,1871
4581592,1872
4582132,1873
4582671,1872
4583210,1872
4583751,1872
4584290,1872
4584833,1872
4585372,1872
4585912,1872
4586452,1872
4586995,1872
4587536,1872
4588075,1873
4588615,1872
4589155,1872
4589695,1872
4590234,1873
4590774,1872
4591313,1872
4591853,1872
4592392,1873
4592932,1872
4593473,1872
4594012,1871
4594551,1872
4595090,1871
4595630,1873
4596169,1873
4596709,1873
4597248,1872
4597787,1872
4598327,1872
4598867,1872
4599406,1872
4599945,1874
4600484,1872
4601024,1874
4601563,1872
4602102,1872
4602642,1872
4603182,1875
4603722,1872
4604261,1873
4604801,1873
4605340,1873
4605880,1873
4606420,1872
4606959,1872
4607499,1872
4608039,1872
4608578,1869
4609118,1872
4609657,1876
4610196,1871
4610736,1872
4611276,1872
4611815,1872
4612355,1872
4612894,1872
4613433,1873
4613977,1872
4614516,1871
4615055,1872
4615595,1872
4616134,1873
4616673,1872
4617212,1872
4617752,1871
4618291,1872
4618833,1872
4619373,1873
4619912,1873
4620452,1872
4620995,1872
4621535,1872
4622074,1872
4622613,1872
4623152,1872
4623692,1872
4624232,1872
4624772,1872
4625311,1872
4625852,1872
4626391,1872
4626932,1872
4627473,1873
4628012,1871
4628551,1872
4629090,1872
4629631,1872
4630170,1873
4630710,1872
4631249,1872
4631788,1872
4632328,1872
4632867,1872
4633406,1872
4633945,1872
4634485,1873
4635024,1871
4635564,1873
4636104,1872
4636644,1872
4637183,1872
4637723,1872
4638262,1873
4638801,1872
4639340,1872
4639879,1872
4640419,1872
4640959,1872
4641499,1872
4642038,1872
4642578,1872
4643117,1872
4643656,1872
4644195,1873
4644734,1873
4645273,1872
4645813,1872
4646352,1873
4646891,1872
4647430,1872
4647974,1872
4648515,1872
4649054,1874
4649593,1872
4650132,1873
4650672,1872
4651212,1872
4651752,1872
4652291,1872
4652833,1871
4653372,1872
4653912,1870
4654452,1871
4654995,1872
4655535,1872
4656074,1872
4656613,1872
4657153,1872
4657693,1872
4658232,1873
4658772,1872
4659311,1872
4659851,1873
4660391,1877
4660931,1872
4661474,1873
4662013,1874
4662553,1872
4663092,1872
4663631,1873
4664171,1872
4664711,1872
4665250,1871
4665790,1871
4666329,1872
4666869,1872
4667408,1871
4667948,1872
4668488,1872
4669027,1872
4669566,1872
4670106,1872
4670645,1872
4671185,1872
4671725,1873
4672264,1874
4672805,1872
4673345,1871
4673885,1872
4674425,1873
4674965,1872
4675505,1872
4676044,1873
4676584,1872
4677123,1872
4677663,1872
4678202,1872
4678741,1872
4679280,1872
4679821,1872
4680360,1872
4680899,1872
4681438,1872
4681981,1871
4682521,1872
4683060,1871
4683599,1873
4684138,1872
4684677,1872
4685216,1871
4685755,1872
4686295,1872
4686835,1870
4687374,1872
4687914,1872
4688454,1874
4688997,1874
4689537,1874
4690076,1872
4690616,1872
4691155,1872
4691696,1871
4692235,1872
4692774,1872
4693314,1872
4693853,1872
4694392,1872
4694931,1872
4695474,1872
4696013,1872
4696552,1874
4697092,1874
4697631,1872
4698171,1872
4698711,1871
4699250,1872
4699789,1872
4700329,1872
4700868,1872
4701408,1873
4701947,1873
4702488,1872
4703027,1872
4703566,1873
4704105,1872
4704644,1871
4705183,1873
4705723,1872
4706263,1874
4706803,1872
4707343,1871
4707882,1872
4708422,1872
4708961,1873
4709501,1877
4710040,1871
4710579,1873
4711118,1872
4711657,1872
4712196,1872
4712737,1871
4713276,1871
4713815,1872
4714355,1872
4714894,1873
4715433,1872
4715976,1872
4716515,1872
4717054,1872
4717593,1873
4718133,1872
4718672,1872
4719212,1871
4719752,1872
4720291,1872
4720833,1870
4721372,1874
4721912,1873
4722452,1872
4722995,1872
4723535,1872
4724074,1875
4724614,1873
4725154,1874
4725694,1872
4726233,1873
4726773,1872
4727312,1872
4727853,1872
4728393,1873
4728933,1871
4729474,1872
4730013,1871
4730552,1873
4731092,1873
4731632,1872
4732171,1873
4732710,1872
4733249,1872
4733788,1871
4734327,1872
4734867,1872
4735407,1874
4735946,1872
4736486,1873
4737025,1874
4737565,1872
4738105,1872
4738644,1872
4739183,1872
4739723,1871
4740263,1872
4740803,1872
4741343,1872
4741882,1872
4742422,1872
4742961,1874
4743501,1872
4744040,1870
4744580,1872
4745119,1872
4745659,1872
4746198,1872
4746739,1871
4747278,1874
4747817,1872
4748356,1872
4748895,1872
4749435,1871
4749978,1869
4750518,1872
4751057,1873
4751596,1872
4752135,1870
4752674,1872
4753214,1872
4753753,1872
4754293,1872
4754834,1872
4755373,1872
4755913,1872
4756452,1873
4756995,1872
4757534,1872
4758073,1875
4758612,1871
4759152,1872
4759691,1872
4760230,1875
4760769,1872
4761309,1872
4761848,1871
4762388,1872
4762928,1872
4763467,1872
4764010,1872
4764550,1872
4765090,1872
4765630,1873
4766169,1872
4766709,1869
4767248,1872
4767787,1872
4768327,1872
4768867,1872
4769407,1872
4769946,1872
4770486,1872
4771026,1872
4771566,1872
4772105,1872
4772645,1871
4773184,1872
4773723,1868
4774262,1872
4774801,1871
4775340,1872
4775880,1872
4776420,1872
4776959,1870
4777499,1872
4778038,1872
4778578,1872
4779118,1873
4779658,1872
4780197,1872
4780737,1871
4781276,1872
4781816,1871
4782355,1872
4782894,1872
4783433,1872
4783976,1872
4784516,1872
4785055,1873
4785595,1871
4786134,1873
4786673,1872
4787212,1873
4787751,1871
4788290,1872
4788833,1872
4789372,1872
4789913,1871
4790452,1872
4790996,1871
4791536,1872
4792075,1871
4792615,1873
4793154,1871
4793693,1872
4794232,1872
4794772,1872
4795311,1872
4795852,1873
4796392,1872
4796931,1872
4797473,1872
4798013,1871
4798552,1872
4799092,1873
4799631,1873
4800170,1872
4800711,1872
4801250,1872
4801790,1873
4802329,1872
4802870,1872
4803409,1874
4803950,1872
4804490,1871
4805029,1872
4805568,1872
4806107,1872
4806646,1872
4807185,1872
4807725,1872
4808264,1872
4808804,1871
4809344,1872
4809885,1872
4810425,1872
4810964,1873
4811503,1872
4812043,1872
4812583,1872
4813122,1872
4813662,1871
4814201,1873
4814740,1872
4815280,1873
4815819,1872
4816359,1869
4816899,1872
4817438,1873
4817982,1871
4818522,1872
4819061,1871
4819601,1872
4820140,1872
4820679,1872
4821218,1872
4821758,1872
4822297,1872
4822838,1871
4823378,1872
4823917,1873
4824456,1872
4824999,1872
4825538,1872
4826078,1873
4826618,1875
4827157,1872
4827696,1872
4828235,1872
4828774,1872
4829313,1872
4829853,1871
4830392,1872
4830931,1871
4831474,1871
4832013,1872
4832553,1872
4833092,1868
4833632,1872
4834171,1873
4834710,1872
4835249,1871
4835788,1872
4836327,1873
4836866,1872
4837405,1873
4837945,1873
4838484,1872
4839024,1872
4839563,1872
4840103,1872
4840642,1873
4841182,1870
4841722,1872
4842261,1869
4842800,1873
4843339,1872
4843879,1873
4844418,1872
4844959,1872
4845498,1872
4846038,1873
4846578,1871
4847117,1872
4847656,1874
4848195,1872
4848735,1872
4849275,1872
4849814,1873
4850354,1872
4850893,1873
4851433,1872
4851976,1871
4852515,1872
4853054,1872
4853593,1872
4854133,1872
4854672,1873
4855211,1872
4855752,1870
4856291,1873
4856833,1870
4857373,1872
4857913,1872
4858453,1874
4858996,1872
4859536,1872
4860075,1872
4860614,1872
4861153,1872
4861693,1872
4862233,1872
4862773,1872
4863312,1872
4863853,1872
4864393,1873
4864933,1872
4865473,1872
4866012,1872
4866551,1872
4867091,1872
4867631,1872
4868170,1871
4868710,1872
4869249,1872
4869788,1872
4870328,1872
4870867,1872
4871406,1872
4871946,1872
4872486,1872
4873025,1872
4873565,1872
4874104,1872
4874643,1870
4875182,1872
4875721,1871
4876261,1870
4876800,1872
4877339,1872
4877878,1872
4878418,1872
4878957,1872
4879497,1872
4880036,1872
4880575,1874
4881114,1872
4881653,1872
4882193,1873
4882732,1872
4883271,1872
4883810,1871
4884349,1872
4884888,1872
4885427,1872
4885967,1872
4886506,1872
4887045,1872
4887586,1872
4888125,1872
4888665,1872
4889204,1872
4889744,1872
4890283,1872
4890825,1872
4891365,1872
4891904,1872
4892444,1872
4892988,1873
4893528,1872
4894067,1874
4894606,1872
4895146,1872
4895685,1872
4896225,1872
4896765,1872
4897304,1872
4897845,1873
4898384,1872
4898923,1872
4899462,1873
4900005,1872
4900546,1872
4901085,1872
4901625,1872
4902164,1872
4902704,1872
4903243,1872
4903782,1872
4904321,1872
4904864,1873
4905403,1871
4905943,1873
4906482,1873
4907022,1872
4907562,1872
4908101,1872
4908640,1872
4909179,1872
4909719,1872
4910259,1873
4910799,1872
4911339,1872
4911879,1872
4912418,1872
4912958,1872
4913497,1872
4914036,1872
4914575,1873
4915114,1872
4915653,1872
4916193,1872
4916733,1872
4917272,1872
4917811,1872
4918350,1873
4918889,1873
4919428,1872
4919967,1872
4920507,1871
4921046,1873
4921585,1873
4922125,1873
4922664,1872
4923203,1872
4923743,1872
4924283,1872
4924823,1872
4925362,1874
4925901,1872
4926441,1873
4926984,1873
4927524,1872
4928063,1873
4928602,1872
4929141,1871
4929680,1872
4930219,1871
4930759,1873
4931298,1871
4931839,1871
4932378,1872
4932917,1871
4933456,1872
4933999,1872
4934538,1872
4935077,1872
4935616,1872
4936155,1873
4936694,1872
4937234,1872
4937774,1872
4938313,1872
4938853,1873
4939392,1872
4939931,1872
4940473,1872
4941012,1872
4941551,1872
4942090,1872
4942631,1874
4943170,1873
4943710,1869
4944249,1869
4944788,1872
4945328,1872
4945867,1873
4946406,1873
4946945,1872
4947484,1871
4948024,1877
4948564,1872
4949103,1873
4949642,1872
4950181,1872
4950720,1872
4951259,1872
4951799,1872
4952339,1872
4952878,1872
4953417,1872
4953957,1872
4954496,1872
4955036,1871
4955576,1873
4956115,1872
4956655,1873
4957194,1873
4957734,1872
4958273,1872
4958813,1873
4959353,1872
4959892,1872
4960432,1872
4960975,1872
4961515,1871
4962054,1871
4962594,1872
4963133,1873
4963673,1872
4964212,1872
4964752,1872
4965291,1872
4965833,1872
4966373,1872
4966912,1870
4967452,1871
4967995,1871
4968535,1873
4969074,1872
4969614,1874
4970154,1872
4970694,1872
4971233,1871
4971772,1872
4972311,1872
4972851,1872
4973391,1872
4973931,1873
4974474,1872
4975013,1871
4975553,1873
4976092,1872
4976632,1872
4977171,1872
4977711,1872
4978250,1872
4978790,1873
4979329,1873
4979869,1872
4980408,1872
4980947,1872
4981487,1872
4982026,1872
4982565,1872
4983104,1872
4983643,1872
4984182,1872
4984721,1872
4985260,1873
4985800,1872
4986340,1872
4986880,1872
4987419,1872
4987958,1872
4988498,1872
4989038,1872
4989577,1872
4990117,1872
4990657,1874
4991196,1872
4991736,1872
4992275,1873
4992814,1872
4993354,1875
4993893,1875
4994432,1872
4994976,1872
4995515,1872
4996054,1872
4996594,1872
4997133,1872
4997673,1872
4998212,1872
4998752,1872
4999291,1872
4999833,1872
5000372,1874
5000911,1872
5001450,1872
5001994,1873
5002533,1872
5003073,1872
5003613,1872
5004152,1872
5004692,1872
5005231,1872
5005770,1873
5006310,1872
5006851,1869
5007391,1872
5007931,1872
5008474,1874
5009013,1871
5009552,1872
5010092,1872
5010632,1872
5011171,1869
5011711,1872
5012250,1872
5012790,1873
5013329,1872
5013869,1871
5014409,1872
5014948,1872
5015488,1872
5016027,1872
5016567,1875
5017106,1874
5017646,1872
5018185,1873
5018724,1872
5019263,1872
5019802,1873
5020341,1872
5020880,1873
5021419,1870
5021958,1872
5022497,1872
5023036,1872
5023576,1872
5024115,1872
5024655,1872
5025194,1872
5025733,1872
5026272,1871
5026812,1873
5027352,1872
5027891,1872
5028431,1870
5028974,1872
5029513,1873
5030053,1871
5030593,1872
5031132,1872
5031672,1871
5032211,1872
5032751,1873
5033290,1872
5033833,1872
5034373,1872
5034913,1872
5035452,1873
5035996,1873
5036536,1872
5037075,1874
5037615,1872
5038154,1872
5038693,1872
5039233,1874
5039772,1870
5040311,1872
5040851,1872
5041390,1872
5041929,1872
5042473,1872
5043012,1874
5043551,1872
5044090,1872
5044631,1873
5045170,1872
5045711,1871
5046250,1871
5046790,1873
5047329,1872
5047869,1871
5048408,1872
5048948,1872
5049488,1872
5050027,1872
5050566,1872
5051106,1873
5051645,1872
5052185,1874
5052725,1872
5053264,1872
5053804,1872
5054345,1873
5054885,1872
5055425,1872
5055964,1872
5056504,1872
5057043,1877
5057582,1872
5058121,1872
5058660,1872
5059199,1871
5059738,1872
5060277,1872
5060818,1872
5061357,1872
5061898,1872
5062437,1874
5062981,1872
5063521,1873
5064060,1872
5064599,1872
5065138,1872
5065677,1872
5066216,1873
5066756,1871
5067295,1867
5067836,1870
5068375,1872
5068916,1872
5069455,1872
5069998,1873
5070539,1872
5071078,1872
5071618,1870
5072157,1871
5072697,1872
5073236,1871
5073775,1873
5074314,1872
5074855,1872
5075394,1874
5075934,1872
5076473,1872
5077013,1872
5077553,1872
5078092,1873
5078631,1872
5079170,1872
5079711,1871
5080250,1872
5080789,1872
5081328,1872
5081867,1870
5082406,1872
5082945,1872
5083484,1872
5084023,1871
5084563,1872
5085102,1872
5085642,1873
5086181,1872
5086720,1872
5087259,1872
5087798,1872
5088337,1872
5088876,1874
5089415,1873
5089954,1871
5090494,1872
5091033,1872
5091572,1872
5092111,1872
5092651,1874
5093191,1871
5093731,1872
5094270,1873
5094809,1872
5095348,1872
5095888,1872
5096427,1872
5096967,1872
5097507,1873
5098046,1872
5098585,1872
5099124,1872
5099663,1872
5100203,1872
5100742,1872
5101281,1872
5101821,1872
5102361,1870
5102900,1872
5103439,1873
5103982,1872
5104521,1872
5105060,1872
5105599,1872
5106138,1871
5106677,1872
5107217,1872
5107756,1872
5108295,1870
5108835,1872
5109374,1872
5109913,1871
5110453,1872
5110996,1872
5111536,1872
5112075,1872
5112615,1872
5113154,1872
5113693,1873
5114233,1871
5114772,1871
5115311,1871
5115852,1872
5116391,1872
5116931,1872
5117473,1875
5118012,1873
5118551,1872
5119090,1872
5119630,1872
5120169,1872
5120709,1872
5121249,1872
5121789,1872
5122328,1872
5122868,1872
5123407,1872
5123946,1872
5124486,1872
5125025,1872
5125565,1872
5126105,1872
5126644,1873
5127184,1872
5127723,1872
5128263,1872
5128803,1871
5129342,1871
5129882,1873
5130422,1872
5130962,1872
5131502,1874
5132041,1872
5132581,1873
5133120,1872
5133659,1871
5134198,1870
5134737,1872
5135276,1872
5135815,1872
5136355,1874
5136894,1871
5137434,1872
5137978,1872
5138517,1871
5139056,1872
5139597,1874
5140136,1872
5140675,1872
5141215,1873
5141755,1872
5142294,1872
5142834,1872
5143373,1872
5143913,1872
5144452,1873
5144996,1872
5145535,1872
5146074,1872
5146614,1872
5147154,1872
5147693,1872
5148233,1873
5148773,1874
5149312,1871
5149853,1869
5150393,1872
5150933,1871
5151473,1872
5152012,1872
5152551,1871
5153090,1870
5153629,1872
5154168,1872
5154708,1872
5155248,1871
5155787,1872
5156327,1872
5156866,1872
5157407,1871
5157946,1872
5158486,1871
5159025,1873
5159565,1872
5160104,1872
5160643,1873
5161182,1872
5161723,1872
5162262,1873
5162801,1872
5163341,1872
5163880,1871
5164419,1872
5164958,1872
5165498,1873
5166037,1873
5166576,1872
5167115,1873
5167654,1872
5168194,1871
5168733,1871
5169272,1875
5169812,1872
5170351,1872
5170891,1873
5171431,1872
5171974,1872
5172514,1870
5173053,1873
5173592,1872
5174131,1872
5174671,1872
5175211,1871
5175750,1869
5176290,1872
5176833,1872
5177373,1872
5177913,1872
5178453,1871
5178996,1872
5179536,1872
5180076,1871
5180616,1874
5181155,1872
5181694,1875
5182234,1872
5182773,1872
5183312,1872
5183853,1874
5184393,1872
5184933,1872
5185473,1872
5186012,1872
5186551,1873
5187090,1871
5187630,1872
5188169,1872
5188709,1872
5189248,1871
5189787,1872
5190327,1872
5190866,1872
5191405,1872
5191944,1874
5192483,1872
5193023,1873
5193563,1873
5194102,1874
5194641,1872
5195181,1872
5195720,1872
5196260,1872
5196799,1872
5197338,1872
5197877,1871
5198416,1871
5198955,1872
5199494,1874
5200033,1872
5200572,1872
5201111,1872
5201651,1872
5202190,1871
5202731,1872
5203270,1872
5203810,1872
5204349,1873
5204889,1872
5205428,1872
5205967,1872
5206507,1872
5207046,1872
5207585,1874
5208124,1872
5208664,1873
5209203,1872
5209743,1873
5210283,1872
5210823,1873
5211362,1872
5211901,1873
5212440,1872
5212983,1872
5213522,1871
5214061,1872
5214600,1872
5215140,1871
5215679,1872
5216218,1872
5216757,1872
5217296,1870
5217837,1869
5218376,1872
5218917,1872
5219456,1872
5220000,1872
5220540,1872
5221079,1872
5221618,1872
5222157,1871
5222697,1872
5223236,1873
5223776,1872
5224316,1873
5224855,1872
5225394,1872
5225933,1873
5226473,1872
5227013,1872
5227553,1872
5228092,1872
5228632,1872
5229171,1872
5229711,1872
5230250,1872
5230790,1872
5231329,1872
5231869,1872
5232408,1873
5232947,1872
5233487,1872
5234026,1872
5234566,1872
5235105,1872
5235644,1872
5236183,1872
5236723,1871
5237262,1871
5237801,1873
5238340,1872
5238880,1872
5239420,1872
5239960,1872
5240500,1872
5241039,1872
5241578,1872
5242117,1873
5242657,1872
5243196,1872
5243737,1872
5244276,1872
5244815,1872
5245355,1872
5245895,1872
5246434,1872
5246977,1872
5247517,1872
5248056,1872
5248595,1872
5249134,1873
5249673,1872
5250213,1872
5250752,1871
5251291,1872
5251833,1872
5252373,1872
5252912,1870
5253452,1872
5253995,1873
5254535,1872
5255074,1872
5255614,1872
5256154,1872
5256693,1872
5257233,1872
5257773,1872
5258312,1872
5258852,1872
5259391,1872
5259932,1872
5260474,1872
5261013,1872
5261552,1872
5262092,1873
5262631,1872
5263170,1872
5263710,1872
5264249,1873
5264788,1872
5265328,1870
5265868,1872
5266407,1872
5266946,1875
5267485,1872
5268025,1872
5268564,1872
5269104,1871
5269644,1872
5270183,1872
5270723,1872
5271262,1872
5271801,1873
5272340,1872
5272879,1871
5273419,1872
5273959,1872
5274498,1871
5275038,1872
5275577,1872
5276116,1872
5276656,1873
5277195,1870
5277734,1872
5278274,1872
5278814,1872
5279353,1872
5279892,1870
5280431,1872
5280975,1871
5281514,1873
5282053,1871
5282592,1872
5283132,1872
5283671,1871
5284211,1872
5284750,1870
5285290,1872
5285833,1871
5286373,1872
5286912,1873
5287451,1872
5287995,1872
5288535,1872
5289074,1872
5289614,1873
5290153,1872
5290692,1872
5291232,1872
5291772,1872
5292311,1872
5292851,1872
5293390,1872
5293930,1872
5294473,1872
5295013,1872
5295552,1872
5296092,1875
5296631,1871
5297171,1873
5297711,1872
5298250,1872
5298790,1871
5299329,1872
5299869,1872
5300408,1871
5300947,1872
5301488,1872
5302027,1869
5302566,1871
5303106,1871
5303645,1874
5304184,1872
5304725,1872
5305264,1872
5305803,1873
5306342,1872
5306882,1871
5307422,1872
5307961,1872
5308501,1872
5309040,1872
5309580,1872
5310120,1872
5310659,1872
5311199,1872
5311739,1872
5312278,1872
5312817,1873
5313356,1873
5313896,1872
5314435,1872
5314978,1872
5315519,1873
5316058,1872
5316598,1872
5317137,1872
5317676,1872
5318215,1872
5318754,1872
5319294,1871
5319835,1868
5320374,1872
5320914,1872
5321454,1871
5321997,1872
5322537,1872
5323076,1871
5323616,1871
5324155,1872
5324695,1872
5325235,1872
5325774,1872
5326313,1872
5326854,1873
5327393,1872
5327934,1872
5328474,1872
5329013,1871
5329553,1872
5330093,1871
5330632,1874
5331172,1872
5331712,1873
5332251,1872
5332791,1872
5333331,1872
5333870,1873
5334410,1872
5334950,1872
5335489,1873
5336028,1873
5336567,1872
5337107,1872
5337647,1872
5338186,1872
5338725,1872
5339264,1873
5339804,1872
5340343,1872
5340883,1872
5341422,1872
5341961,1872
5342501,1872
5343040,1872
5343579,1872
5344119,1872
5344658,1872
5345198,1872
5345738,1872
5346277,1872
5346816,1876
5347356,1872
5347895,1872
5348434,1872
5348977,1871
5349517,1872
5350057,1872
5350597,1872
5351136,1872
5351676,1872
5352215,1873
5352754,1874
5353294,1870
5353834,1872
5354373,1872
5354913,1872
5355452,1872
5355995,1872
5356535,1873
5357075,1871
5357614,1874
5358154,1872
5358694,1872
5359233,1872
5359773,1871
5360312,1874
5360852,1872
5361392,1872
5361931,1870
5362474,1872
5363013,1872
5363552,1872
5364091,1870
5364631,1872
5365170,1872
5365710,1872
5366249,1872
5366789,1872
5367328,1872
5367868,1872
5368408,1873
5368948,1871
5369487,1873
5370027,1872
5370567,1872
5371106,1872
5371646,1872
5372185,1872
5372725,1872
5373265,1872
5373805,1873
5374345,1872
5374884,1872
5375423,1872
5375963,1872
5376502,1873
5377041,1872
5377582,1872
5378121,1873
5378660,1872
5379200,1872
5379739,1872
5380279,1872
5380819,1872
5381359,1872
5381899,1872
5382439,1871
5382982,1872
5383521,1872
5384060,1872
5384599,1871
5385138,1872
5385677,1872
5386216,1872
5386757,1872
5387296,1872
5387837,1871
5388376,1874
5388917,1873
5389456,1872
5390000,1874
5390540,1870
5391079,1875
5391619,1872
5392158,1876
5392698,1872
5393238,1873
5393777,1871
5394317,1873
5394858,1873
5395398,1872
5395939,1871
5396479,1872
5397018,1873
5397557,1873
5398096,1872
5398636,1872
5399175,1872
5399714,1872
5400254,1872
5400794,1871
5401333,1872
5401872,1872
5402412,1872
5402951,1872
5403491,1872
5404030,1874
5404569,1873
5405108,1872
5405648,1872
5406188,1872
5406728,1872
5407267,1874
5407806,1872
5408346,1872
5408885,1872
5409424,1873
5409964,1872
5410503,1872
5411042,1873
5411583,1871
5412122,1872
5412661,1872
5413201,1872
5413740,1872
5414279,1872
5414820,1872
5415360,1871
5415899,1870
5416438,1872
5416982,1872
5417521,1872
5418060,1872
5418599,1872
5419139,1875
5419678,1872
5420217,1874
5420757,1872
5421296,1872
5421836,1872
5422375,1872
5422916,1872
5423456,1873
5423999,1874
5424538,1872
5425077,1872
5425617,1873
5426156,1872
5426695,1872
5427235,1872
5427774,1872
5428314,1872
5428853,1872
5429392,1872
5429931,1871
5430473,1872
5431013,1871
5431553,1872
5432092,1872
5432632,1872
5433171,1873
5433710,1873
5434249,1873
5434788,1872
5435328,1872
5435867,1872
5436406,1872
5436946,1872
5437486,1872
5438025,1871
5438565,1869
5439104,1872
5439643,1875
5440182,1873
5440721,1872
5441261,1873
5441800,1870
5442339,1873
5442879,1872
5443419,1873
5443959,1873
5444498,1875
5445038,1873
5445577,1874
5446116,1872
5446656,1872
5447195,1872
5447734,1872
5448273,1872
5448813,1874
5449352,1874
5449891,1872
5450430,1874
5450974,1872
5451514,1873
5452053,1872
5452592,1872
5453131,1873
5453670,1872
5454209,1873
5454749,1871
5455289,1872
5455832,1872
5456371,1872
5456910,1872
5457449,1873
5457993,1872
5458533,1873
5459072,1871
5459611,1873
5460150,1872
5460691,1873
5461230,1872
5461770,1873
5462310,1872
5462851,1872
5463391,1872
5463931,1874
5464473,1872
5465012,1872
5465551,1872
5466090,1872
5466630,1873
5467169,1872
5467709,1872
5468249,1872
5468789,1872
5469328,1872
5469867,1871
5470407,1872
5470946,1872
5471486,1872
5472025,1871
5472565,1872
5473104,1872
5473644,1872
5474184,1872
5474723,1872
5475263,1875
5475803,1872
5476343,1872
5476882,1873
5477421,1872
5477960,1872
5478500,1872
5479039,1874
5479578,1872
5480117,1872
5480657,1872
5481196,1872
5481736,1872
5482276,1872
5482815,1871
5483355,1872
5483894,1872
5484433,1872
5484977,1872
5485516,1873
5486055,1873
5486595,1872
5487134,1872
5487673,1872
5488213,1873
5488753,1872
5489292,1872
5489833,1871
5490372,1872
5490911,1872
5491450,1872
5491994,1872
5492533,1874
5493072,1873
5493612,1872
5494152,1872
5494692,1872
5495231,1876
5495771,1870
5496310,1870
5496850,1871
5497389,1872
5497928,1872
5498467,1872
5499011,1872
5499550,1871
5500090,1872
5500630,1872
5501169,1872
5501709,1873
5502248,1874
5502787,1872
5503328,1872
5503867,1872
5504406,1872
5504945,1871
5505484,1872
5506024,1872
5506564,1873
5507103,1872
5507643,1872
5508182,1876
5508721,1872
5509261,1870
5509800,1872
5510339,1872
5510879,1871
5511419,1874
5511958,1872
5512497,1871
5513036,1872
5513577,1872
5514116,1875
5514656,1872
5515195,1872
5515734,1872
5516273,1872
5516812,1872
5517351,1872
5517891,1872
5518430,1872
5518975,1873
5519515,1874
5520054,1872
5520594,1872
5521133,1875
5521672,1872
5522212,1872
5522752,1872
5523291,1870
5523833,1871
5524372,1874
5524913,1872
5525452,1872
5525995,1872
5526535,1872
5527074,1873
5527613,1872
5528153,1872
5528692,1871
5529232,1869
5529772,1873
5530311,1872
5530851,1873
5531391,1872
5531931,1872
5532473,1872
5533012,1872
5533551,1873
5534090,1872
5534631,1872
5535170,1873
5535710,1872
5536249,1872
5536788,1873
5537328,1871
5537867,1872
5538406,1872
5538945,1872
5539485,1872
5540024,1872
5540564,1872
5541104,1872
5541644,1872
5542183,1871
5542723,1872
5543262,1872
5543802,1874
5544341,1876
5544880,1872
5545419,1872
5545958,1872
5546498,1872
5547038,1872
5547577,1873
5548116,1872
5548657,1872
5549196,1872
5549736,1874
5550275,1872
5550814,1872
5551353,1874
5551893,1872
5552433,1873
5552976,1872
5553516,1871
5554055,1872
5554595,1875
5555134,1872
5555673,1872
5556213,1871
5556752,1871
5557291,1872
5557833,1869
5558372,1872
5558912,1872
5559452,1873
5559995,1872
5560534,1872
5561073,1872
5561612,1872
5562151,1872
5562691,1873
5563230,1872
5563769,1872
5564309,1871
5564848,1870
5565388,1872
5565927,1874
5566467,1872
5567009,1871
5567548,1871
5568087,1872
5568626,1872
5569165,1872
5569705,1873
5570244,1872
5570784,1874
5571323,1873
5571864,1872
5572403,1872
5572942,1873
5573481,1873
5574020,1872
5574559,1872
5575098,1872
5575638,1872
5576178,1871
5576718,1872
5577257,1872
5577797,1872
5578337,1872
5578877,1872
5579416,1874
5579956,1872
5580496,1872
5581036,1872
5581576,1872
5582115,1872
5582655,1872
5583194,1872
5583733,1871
5584272,1872
5584811,1872
5585351,1872
5585890,1873
5586429,1872
5586973,1872
5587513,1872
5588052,1872
5588591,1872
5589131,1872
5589671,1873
5590210,1872
5590750,1871
5591289,1873
5591832,1869
5592371,1872
5592912,1872
5593452,1873
5593995,1875
5594534,1873
5595073,1874
5595612,1872
5596151,1872
5596690,1874
5597229,1873
5597768,1874
5598307,1873
5598847,1872
5599386,1872
5599925,1872
5600464,1872
5601008,1873
5601548,1874
5602087,1872
5602627,1872
5603166,1872
5603705,1873
5604244,1871
5604784,1873
5605323,1872
5605864,1872
5606403,1872
5606942,1873
5607482,1873
5608021,1872
5608561,1872
5609100,1870
5609639,1872
5610178,1873
5610718,1872
5611258,1873
5611797,1872
5612337,1872
5612876,1872
5613415,1876
5613954,1873
5614494,1872
5615033,1872
5615572,1872
5616111,1872
5616651,1872
5617191,1871
5617731,1872
5618270,1870
5618810,1872
5619349,1872
5619889,1872
5620428,1872
5620968,1872
5621507,1872
5622047,1872
5622586,1869
5623125,1871
5623665,1873
5624204,1872
5624745,1872
5625284,1871
5625824,1872
5626363,1873
5626902,1871
5627441,1872
5627984,1872
5628524,1872
5629064,1872
5629603,1872
5630142,1872
5630681,1873
5631221,1873
5631760,1872
5632299,1872
5632840,1872
5633380,1872
5633920,1871
5634459,1873
5635003,1872
5635543,1871
5636082,1875
5636622,1872
5637161,1874
5637700,1872
5638240,1877
5638780,1875
5639320,1873
5639863,1873
5640403,1872
5640942,1871
5641482,1872
5642021,1872
5642561,1872
5643100,1872
5643639,1872
5644179,1872
5644718,1872
5645257,1872
5645797,1875
5646337,1872
5646877,1872
5647416,1871
5647956,1871
5648495,1873
5649034,1872
5649574,1872
5650113,1872
5650652,1873
5651191,1873
5651731,1872
5652270,1871
5652809,1874
5653348,1872
5653888,1875
5654427,1872
5654967,1872
5655507,1872
5656046,1872
5656587,1876
5657126,1872
5657666,1872
5658205,1872
5658744,1872
5659283,1874
5659825,1872
5660365,1872
5660904,1872
5661443,1872
5661987,1872
5662527,1873
5663066,1872
5663605,1872
5664145,1872
5664684,1872
5665223,1869
5665763,1872
5666303,1870
5666843,1872
5667382,1873
5667922,1871
5668462,1873
5669005,1871
5669545,1873
5670084,1871
5670623,1872
5671162,1872
5671701,1872
5672241,1872
5672780,1873
5673320,1872
5673863,1871
5674402,1873
5674942,1872
5675482,1875
5676022,1873
5676562,1872
5677101,1873
5677640,1872
5678180,1874
5678719,1874
5679258,1872
5679798,1875
5680338,1875
5680877,1872
5681416,1872
5681955,1872
5682494,1872
5683033,1873
5683572,1872
5684112,1873
5684651,1872
5685191,1872
5685730,1873
5686270,1872
5686810,1872
5687350,1872
5687890,1873
5688429,1872
5688973,1872
5689513,1872
5690052,1872
5690591,1872
5691131,1872
5691671,1872
5692210,1872
5692750,1872
5693290,1872
5693833,1872
5694373,1872
5694912,1869
5695452,1872
5695995,1870
5696535,1873
5697074,1872
5697614,1872
5698153,1872
5698693,1872
5699232,1872
5699771,1871
5700310,1872
5700851,1873
5701391,1871
5701931,1872
5702473,1872
5703012,1869
5703551,1872
5704091,1873
5704631,1872
5705170,1873
5705710,1872
5706249,1872
5706788,1873
5707327,1872
5707867,1872
5708407,1872
5708946,1872
5709486,1874
5710025,1870
5710565,1869
5711104,1872
5711644,1873
5712183,1872
5712724,1872
5713263,1872
5713802,1872
5714341,1872
5714881,1872
5715421,1872
5715960,1872
5716500,1874
5717039,1872
5717578,1874
5718118,1872
5718657,1872
5719196,1873
5719736,1872
5720275,1872
5720815,1872
5721355,1873
5721894,1871
5722433,1872
5722977,1872
5723516,1872
5724055,1872
5724595,1871
5725134,1872
5725673,1872
5726212,1872
5726752,1872
5727292,1872
5727833,1870
5728372,1872
5728911,1872
5729450,1872
5729994,1873
5730534,1871
5731073,1872
5731612,1872
5732152,1872
5732691,1872
5733230,1871
5733771,1872
5734310,1872
5734851,1872
5735391,1872
5735931,1871
5736473,1872
5737012,1874
5737551,1872
5738090,1873
5738630,1871
5739169,1872
5739708,1872
5740248,1872
5740787,1872
5741328,1872
5741867,1874
5742406,1872
5742945,1872
5743484,1874
5744023,1872
5744563,1872
5745102,1870
5745642,1872
5746182,1873
5746722,1873
5747261,1874
5747801,1872
5748340,1873
5748879,1873
5749419,1873
5749958,1872
5750498,1871
5751038,1872
5751578,1873
5752117,1872
5752656,1872
5753195,1871
5753734,1873
5754273,1873
5754812,1874
5755351,1872
5755890,1873
5756429,1872
5756973,1872
5757513,1874
5758052,1872
5758592,1872
5759131,1872
5759671,1872
5760211,1873
5760751,1872
5761290,1872
5761833,1872
5762372,1872
5762912,1874
5763452,1872
5763995,1872
5764535,1874
5765075,1872
5765614,1872
5766154,1872
5766694,1874
5767233,1874
5767772,1872
5768311,1872
5768852,1872
5769391,1872
5769930,1872
5770473,1872
5771013,1873
5771552,1872
5772092,1872
5772631,1871
5773171,1872
5773711,1872
5774250,1872
5774790,1872
5775329,1871
5775869,1872
5776408,1873
5776947,1872
5777487,1872
5778026,1872
5778565,1872
5779105,1872
5779645,1872
5780184,1874
5780723,1872
5781262,1874
5781801,1872
5782340,1872
5782880,1872
5783420,1872
5783960,1872
5784500,1872
5785039,1873
5785578,1872
5786117,1872
5786656,1875
5787195,1873
5787734,1872
5788273,1872
5788813,1872
5789352,1872
5789891,1873
5790430,1874
5790974,1872
5791515,1876
5792054,1873
5792594,1872
5793133,1871
5793673,1872
5794212,1872
5794751,1872
5795290,1872
5795832,1870
5796372,1872
5796911,1871
5797450,1871
5797994,1872
5798533,1872
5799073,1873
5799612,1871
5800152,1872
5800692,1872
5801231,1872
5801771,1872
5802310,1872
5802851,1872
5803391,1872
5803931,1872
5804474,1872
5805013,1873
5805552,1874
5806092,1873
5806631,1872
5807170,1872
5807710,1872
5808249,1873
5808788,1872
5809328,1873
5809868,1872
5810408,1873
5810948,1872
5811488,1872
5812027,1873
5812567,1872
5813106,1873
5813645,1873
5814184,1872
5814723,1872
5815262,1874
5815802,1874
5816341,1873
5816880,1874
5817419,1873
5817958,1872
5818497,1872
5819037,1871
5819577,1872
5820116,1872
5820656,1872
5821195,1872
5821734,1872
5822274,1872
5822814,1872
5823353,1872
5823893,1872
5824433,1871
5824976,1872
5825516,1872
5826055,1872
5826595,1872
5827134,1872
5827673,1872
5828213,1872
5828753,1872
5829292,1871
5829834,1872
5830373,1872
5830912,1874
5831451,1872
5831995,1877
5832535,1872
5833074,1871
5833614,1873
5834154,1872
5834693,1872
5835232,1872
5835772,1872
5836311,1872
5836852,1872
5837392,1872
5837931,1872
5838473,1872
5839012,1872
5839551,1872
5840091,1872
5840631,1872
5841170,1873
5841710,1872
5842249,1872
5842788,1871
5843328,1874
5843867,1872
5844406,1870
5844946,1872
5845486,1872
5846025,1874
5846565,1871
5847104,1872
5847643,1870
5848182,1872
5848721,1872
5849260,1872
5849799,1873
5850338,1872
5850877,1871
5851416,1871
5851956,1872
5852495,1874
5853034,1872
5853574,1871
5854113,1872
5854652,1874
5855191,1871
5855730,1872
5856269,1873
5856808,1872
5857348,1871
5857889,1873
5858429,1873
5858968,1873
5859507,1872
5860046,1874
5860586,1872
5861125,1872
5861665,1871
5862205,1872
5862745,1874
5863284,1873
5863825,1874
5864365,1871
5864905,1872
5865445,1872
5865988,1870
5866529,1872
5867068,1872
5867608,1872
5868147,1872
5868686,1871
5869225,1872
5869764,1872
5870303,1872
5870844,1872
5871383,1872
5871923,1874
5872462,1872
5873005,1874
5873546,1873
5874085,1875
5874625,1873
5875164,1872
5875704,1872
5876243,1872
5876784,1872
5877323,1873
5877863,1873
5878403,1872
5878942,1872
5879481,1871
5880020,1872
5880559,1872
5881099,1871
5881639,1872
5882178,1872
5882718,1872
5883257,1872
5883797,1872
5884336,1872
5884875,1873
5885415,1874
5885955,1873
5886495,1872
5887034,1872
5887574,1872
5888113,1873
5888652,1872
5889192,1871
5889732,1875
5890271,1872
5890811,1873
5891350,1873
5891890,1874
5892429,1872
5892973,1872
5893513,1872
5894052,1872
5894592,1873
5895131,1872
5895671,1872
5896211,1875
5896750,1872
5897290,1872
5897833,1872
5898373,1872
5898913,1872
5899452,1872
5899996,1872
5900536,1871
5901075,1872
5901615,1872
5902154,1872
5902693,1872
5903233,1873
5903772,1874
5904311,1872
5904851,1874
5905390,1873
5905930,1875
5906473,1872
5907012,1872
5907551,1871
5908090,1873
5908629,1874
5909168,1872
5909708,1873
5910248,1872
5910787,1872
5911327,1872
5911867,1872
5912406,1873
5912946,1871
5913486,1870
5914025,1872
5914564,1872
5915103,1874
5915644,1872
5916183,1871
5916723,1872
5917262,1872
5917801,1872
5918340,1872
5918879,1872
5919419,1872
5919958,1872
5920499,1872
5921038,1872
5921578,1872
5922117,1871
5922656,1870
5923195,1870
5923734,1872
5924273,1871
5924814,1872
5925353,1871
5925892,1871
5926432,1872
5926975,1872
5927514,1873
5928053,1872
5928593,1875
5929132,1873
5929672,1872
5930212,1871
5930752,1872
5931291,1872
5931833,1870
5932373,1871
5932912,1872
5933452,1872
5933996,1873
5934536,1872
5935075,1872
5935615,1872
5936154,1872
5936693,1872
5937233,1873
5937773,1872
5938312,1872
5938852,1872
5939391,1871
5939931,1871
5940473,1872
5941012,1872
5941551,1872
5942090,1872
5942631,1873
5943170,1872
5943710,1872
5944249,1872
5944789,1872
5945328,1873
5945867,1872
5946406,1872
5946945,1871
5947484,1872
5948023,1872
5948562,1873
5949101,1872
5949640,1872
5950180,1872
5950719,1872
5951258,1872
5951799,1872
5952339,1873
5952878,1872
5953417,1872
5953956,1872
5954496,1872
5955036,1872
5955576,1872
5956115,1872
5956655,1871
5957194,1872
5957733,1872
5958272,1872
5958813,1872
5959352,1872
5959891,1872
5960430,1873
5960974,1872
5961515,1872
5962054,1871
5962594,1872
5963133,1872
5963672,1872
5964212,1872
5964752,1872
5965291,1872
5965833,1872
5966372,1872
5966913,1872
5967452,1873
5967995,1872
5968536,1874
5969075,1872
5969616,1872
5970155,1872
5970694,1873
5971234,1872
5971774,1872
5972313,1872
5972853,1872
5973392,1872
5973932,1872
5974473,1870
5975012,1872
5975551,1874
5976090,1873
5976629,1872
5977168,1872
5977708,1872
5978248,1872
5978787,1872
5979327,1872
5979866,1874
5980406,1873
5980945,1872
5981484,1872
5982024,1872
5982563,1874
5983103,1873
5983642,1872
5984182,1872
5984722,1872
5985261,1873
5985801,1872
5986341,1872
5986880,1871
5987420,1872
5987959,1872
5988498,1872
5989038,1871
5989577,1872
5990117,1872
5990657,1872
5991196,1873
5991736,1875
5992275,1873
5992814,1876
5993353,1872
5993893,1872
5994432,1872
5994976,1872
5995515,1872
5996054,1872
5996593,1872
5997133,1873
5997672,1872
5998212,1872
5998752,1872
5999291,1872
5999832,1871
6000371,1872
6000912,1873
6001452,1872
6001995,1872
6002535,1872
6003074,1869
6003614,1873
6004153,1872
6004693,1872
6005232,1872
6005772,1872
6006311,1872
6006852,1873
6007392,1872
6007931,1872
6008473,1872
6009013,1872
6009552,1872
6010092,1872
6010631,1872
6011170,1872
6011711,1872
6012250,1872
6012789,1872
6013329,1872
6013868,1872
6014408,1872
6014947,1873
6015487,1872
6016026,1873
6016565,1872
6017105,1874
6017645,1872
6018184,1871
6018725,1872
6019264,1873
6019804,1872
6020343,1873
6020883,1872
6021423,1872
6021963,1874
6022503,1872
6023042,1872
6023582,1872
6024121,1872
6024662,1872
6025201,1872
6025740,1872
6026280,1874
6026819,1874
6027360,1874
6027900,1872
6028440,1872
6028983,1872
6029522,1871
6030062,1872
6030601,1872
6031141,1872
6031680,1872
6032220,1872
6032760,1872
6033299,1872
6033840,1871
6034379,1872
6034919,1872
6035458,1871
6036002,1872
6036541,1872
6037081,1873
6037621,1872
6038160,1872
6038699,1872
6039239,1874
6039779,1872
6040318,1873
6040858,1873
6041398,1872
6041939,1873
6042479,1871
6043018,1872
6043557,1872
6044096,1872
6044636,1872
6045175,1872
6045715,1872
6046254,1874
6046793,1872
6047332,1872
6047871,1873
6048410,1872
6048949,1874
6049489,1872
6050029,1872
6050569,1872
6051108,1872
6051648,1872
6052187,1872
6052727,1872
6053267,1871
6053807,1871
6054346,1872
6054886,1872
6055425,1872
6055964,1872
6056504,1871
6057043,1872
6057582,1872
6058121,1872
6058660,1872
6059200,1872
6059739,1872
6060279,1869
6060819,1872
6061359,1875
6061898,1872
6062438,1872
6062982,1871
6063522,1875
6064061,1873
6064601,1872
6065140,1874
6065679,1872
6066218,1872
6066758,1872
6067297,1871
6067838,1872
6068378,1872
6068917,1872
6069456,1871
6069999,1872
6070538,1872
6071078,1872
6071618,1871
6072157,1870
6072697,1871
6073236,1873
6073777,1873
6074316,1873
6074856,1871
6075395,1872
6075934,1872
6076474,1872
6077013,1872
6077552,1872
6078092,1872
6078631,1872
6079170,1872
6079711,1872
6080250,1872
6080790,1873
6081329,1872
6081870,1872
6082409,1872
6082949,1872
6083489,1872
6084028,1872
6084568,1873
6085107,1872
6085646,1872
6086185,1873
6086724,1872
6087263,1872
6087802,1872
6088341,1872
6088880,1872
6089419,1872
6089958,1873
6090497,1873
6091036,1872
6091575,1872
6092114,1873
6092654,1872
6093194,1873
6093733,1872
6094273,1872
6094812,1872
6095351,1875
6095891,1872
6096431,1872
6096974,1872
6097514,1872
6098053,1870
6098592,1873
6099131,1874
6099670,1872
6100209,1872
6100748,1874
6101287,1872
6101827,1872
6102366,1872
6102906,1872
6103446,1873
6103989,1872
6104528,1873
6105067,1872
6105607,1872
6106147,1872
6106686,1872
6107226,1872
6107766,1872
6108305,1872
6108846,1872
6109385,1872
6109925,1874
6110465,1872
6111008,1875
6111548,1872
6112087,1872
6112626,1874
6113166,1872
6113705,1872
6114244,1872
6114785,1871
6115325,1872
6115865,1872
6116405,1875
6116944,1873
6117484,1871
6118023,1872
6118563,1872
6119102,1872
6119641,1872
6120181,1872
6120720,1872
6121260,1872
6121800,1873
6122339,1872
6122879,1872
6123419,1871
6123958,1873
6124497,1872
6125036,1872
6125575,1872
6126114,1871
6126654,1872
6127194,1872
6127733,1872
6128273,1872
6128812,1872
6129352,1874
6129891,1873
6130431,1872
6130976,1869
6131516,1872
6132055,1872
6132595,1874
6133134,1872
6133673,1872
6134213,1872
6134752,1873
6135291,1872
6135833,1872
6136372,1872
6136911,1872
6137450,1872
6137993,1873
6138533,1872
6139073,1873
6139612,1872
6140151,1872
6140691,1872
6141231,1872
6141771,1873
6142310,1872
6142851,1874
6143391,1873
6143931,1872
6144474,1872
6145013,1872
6145552,1874
6146092,1873
6146632,1873
6147171,1872
6147710,1873
6148249,1872
6148788,1873
6149328,1872
6149867,1871
6150406,1874
6150945,1872
6151485,1872
6152024,1872
6152564,1875
6153104,1872
6153644,1874
6154183,1872
6154723,1872
6155263,1872
6155802,1873
6156342,1872
6156882,1871
6157421,1874
6157961,1871
6158500,1872
6159040,1872
6159580,1872
6160119,1873
6160659,1872
6161198,1872
6161738,1872
6162277,1872
6162816,1872
6163356,1872
6163895,1871
6164435,1870
6164979,1872
6165519,1872
6166058,1872
6166597,1872
6167136,1871
6167675,1870
6168215,1872
6168755,1872
6169294,1872
6169834,1871
6170374,1873
6170914,1872
6171454,1872
6171997,1872
6172537,1873
6173076,1872
6173616,1872
6174155,1872
6174694,1871
6175233,1872
6175773,1873
6176313,1871
6176852,1873
6177391,1872
6177930,1872
6178473,1872
6179013,1873
6179552,1872
6180092,1878
6180631,1872
6181170,1872
6181710,1872
6182249,1874
6182788,1875
6183327,1872
6183867,1872
6184406,1872
6184946,1872
6185486,1873
6186025,1871
6186565,1872
6187104,1872
6187643,1872
6188182,1872
6188723,1872
6189262,1872
6189801,1872
6190340,1872
6190879,1870
6191418,1875
6191959,1872
6192499,1871
6193038,1872
6193578,1872
6194117,1873
6194656,1872
6195195,1872
6195734,1872
6196273,1872
6196813,1871
6197352,1872
6197891,1872
6198430,1875
6198975,1872
6199514,1874
6200054,1874
6200594,1871
6201133,1874
6201672,1872
6202211,1872
6202752,1872
6203291,1872
6203832,1872
6204372,1874
6204911,1872
6205450,1872
6205994,1872
6206534,1873
6207073,1872
6207612,1873
6208152,1874
6208692,1872
6209231,1874
6209771,1874
6210311,1872
6210851,1872
6211390,1872
6211929,1873
6212472,1872
6213012,1872
6213551,1872
6214090,1872
6214629,1873
6215168,1873
6215707,1872
6216247,1871
6216787,1872
6217326,1872
6217867,1871
6218406,1872
6218945,1872
6219484,1872
6220024,1874
6220564,1872
6221103,1872
6221642,1872
6222181,1871
6222720,1873
6223260,1871
6223799,1872
6224339,1871
6224878,1872
6225418,1873
6225958,1872
6226497,1872
6227037,1872
6227577,1872
6228116,1872
6228656,1873
6229195,1873
6229734,1872
6230274,1872
6230813,1874
6231352,1872
6231891,1873
6232431,1872
6232976,1872
6233515,1872
6234054,1873
6234594,1872
6235133,1872
6235673,1873
6236212,1872
6236752,1872
6237291,1872
6237833,1871
6238372,1875
6238911,1873
6239450,1873
6239994,1875
6240534,1872
6241073,1874
6241612,1872
6242152,1872
6242691,1875
6243230,1872
6243769,1871
6244309,1872
6244849,1872
6245388,1872
6245927,1871
6246466,1872
6247009,1875
6247549,1872
6248088,1869
6248628,1872
6249167,1871
6249706,1872
6250245,1872
6250784,1872
6251323,1872
6251864,1872
6252403,1872
6252944,1872
6253483,1871
6254023,1872
6254563,1872
6255102,1872
6255641,1871
6256180,1871
6256721,1872
6257260,1871
6257800,1872
6258340,1871
6258880,1872
6259420,1873
6259960,1873
6260500,1872
6261039,1875
6261578,1875
6262117,1873
6262656,1873
6263195,1873
6263735,1872
6264275,1872
6264814,1872
6265353,1872
6265892,1872
6266432,1872
6266975,1870
6267515,1872
6268054,1872
6268594,1873
6269133,1872
6269672,1872
6270211,1872
6270751,1872
6271290,1872
6271832,1871
6272372,1872
6272911,1874
6273450,1872
6273994,1872
6274534,1871
6275073,1871
6275612,1872
6276152,1872
6276691,1872
6277230,1872
6277769,1872
6278309,1872
6278848,1871
6279387,1872
6279927,1874
6280466,1872
6281011,1875
6281550,1872
6282090,1873
6282630,1872
6283169,1871
6283708,1872
6284247,1872
6284787,1874
6285328,1875
6285867,1872
6286406,1872
6286945,1873
6287484,1872
6288024,1872
6288563,1872
6289102,1872
6289643,1872
6290182,1872
6290721,1873
6291261,1872
6291800,1872
6292340,1873
6292880,1872
6293420,1872
6293959,1874
6294499,1872
6295038,1872
6295578,1872
6296117,1873
6296656,1872
6297195,1867
6297736,1872
6298275,1872
6298814,1872
6299353,1871
6299892,1872
6300431,1870
6300975,1872
6301515,1872
6302054,1872
6302594,1872
6303133,1872
6303673,1872
6304212,1871
6304752,1872
6305292,1872
6305833,1872
6306372,1874
6306911,1873
6307450,1873
6307993,1872
6308533,1871
6309073,1872
6309612,1874
6310152,1872
6310692,1870
6311231,1873
6311771,1874
6312310,1871
6312851,1872
6313390,1872
6313930,1871
6314473,1872
6315012,1875
6315552,1871
6316092,1877
6316631,1872
6317171,1872
6317711,1872
6318250,1872
6318790,1873
6319329,1872
6319870,1872
6320409,1872
6320949,1873
6321489,1872
6322028,1872
6322568,1873
6323107,1871
6323646,1872
6324185,1872
6324725,1872
6325265,1872
6325805,1872
6326345,1871
6326884,1872
6327423,1872
6327962,1872
6328501,1873
6329040,1872
6329579,1873
6330119,1872
6330658,1872
6331197,1873
6331737,1872
6332276,1872
6332815,1872
6333354,1872
6333893,1872
6334432,1872
6334976,1869
6335515,1872
6336054,1872
6336594,1872
6337134,1872
6337674,1872
6338213,1872
6338752,1873
6339292,1871
6339833,1872
6340373,1872
6340913,1872
6341453,1872
6341996,1872
6342535,1872
6343074,1875
6343613,1872
6344153,1871
6344692,1872
6345231,1872
6345771,1872
6346310,1872
6346851,1872
6347391,1872
6347930,1874
6348473,1872
6349013,1872
6349553,1872
6350092,1872
6350632,1872
6351171,1872
6351710,1872
6352249,1872
6352789,1872
6353328,1872
6353867,1871
6354407,1872
6354946,1872
6355486,1872
6356025,1877
6356565,1872
6357104,1872
6357643,1872
6358182,1872
6358722,1872
6359262,1875
6359802,1872
6360341,1872
6360881,1872
6361420,1872
6361960,1872
6362499,1872
6363038,1873
6363578,1871
6364118,1872
6364658,1872
6365197,1872
6365737,1872
6366276,1873
6366816,1872
6367355,1873
6367894,1872
6368433,1872
6368976,1872
6369515,1875
6370054,1873
6370593,1873
6371133,1872
6371672,1872
6372212,1869
6372752,1874
6373291,1872
6373832,1872
6374371,1872
6374912,1872
6375452,1871
6375995,1872
6376536,1876
6377075,1869
6377615,1873
6378154,1872
6378693,1872
6379232,1873
6379771,1872
6380310,1872
6380851,1872
6381390,1872
6381930,1872
6382473,1872
6383013,1872
6383553,1872
6384092,1872
6384632,1872
6385171,1872
6385710,1872
6386249,1872
6386788,1872
6387328,1872
6387867,1873
6388406,1871
6388945,1875
6389485,1871
6390024,1872
6390563,1875
6391103,1872
6391642,1872
6392182,1872
6392722,1873
6393261,1872
6393801,1872
6394341,1871
6394880,1872
6395420,1870
6395959,1873
6396498,1871
6397038,1872
6397577,1875
6398117,1873
6398657,1872
6399196,1873
6399736,1873
6400275,1872
6400814,1872
6401353,1874
6401892,1877
6402431,1872
6402976,1872
6403516,1873
6404055,1872
6404595,1875
6405134,1872
6405673,1872
6406212,1874
6406753,1872
6407292,1873
6407834,1872
6408373,1872
6408913,1872
6409453,1871
6409996,1872
6410536,1872
6411075,1873
6411614,1872
6412154,1873
6412693,1873
6413232,1872
6413772,1873
6414311,1870
6414851,1871
6415391,1871
6415931,1873
6416473,1872
6417012,1871
6417551,1872
6418090,1872
6418629,1872
6419168,1872
6419707,1872
6420247,1872
6420786,1872
6421326,1874
6421865,1872
6422404,1872
6422945,1871
6423484,1872
6424024,1873
6424563,1872
6425102,1873
6425643,1872
6426182,1872
6426721,1872
6427261,1872
6427800,1872
6428340,1872
6428880,1872
6429419,1874
6429959,1871
6430499,1872
6431038,1872
6431578,1874
6432117,1872
6432656,1872
6433195,1874
6433734,1872
6434273,1872
6434813,1875
6435352,1872
6435892,1873
6436432,1872
6436975,1872
6437514,1872
6438054,1872
6438594,1872
6439133,1872
6439673,1872
6440212,1871
6440752,1873
6441291,1872
6441833,1872
6442372,1872
6442911,1872
6443450,1872
6443994,1872
6444533,1872
6445072,1872
6445612,1872
6446151,1873
6446691,1872
6447230,1872
6447770,1874
6448309,1872
6448850,1872
6449389,1872
6449928,1872
6450468,1872
6451012,1875
6451551,1872
6452091,1872
6452631,1872
6453170,1874
6453710,1872
6454249,1872
6454788,1872
6455328,1872
6455867,1872
6456406,1873
6456946,1872
6457486,1874
6458025,1872
6458565,1873
6459104,1873
6459644,1873
6460183,1872
6460723,1872
6461262,1872
6461801,1872
6462340,1873
6462880,1872
6463420,1872
6463960,1871
6464500,1872
6465039,1873
6465578,1872
6466117,1872
6466657,1872
6467196,1874
6467736,1875
6468275,1873
6468814,1872
6469353,1872
6469892,1872
6470432,1874
6470976,1872
6471515,1873
6472054,1872
6472594,1874
6473133,1872
6473672,1873
6474211,1872
6474751,1873
6475290,1869
6475833,1872
6476373,1872
6476913,1872
6477453,1872
6477996,1872
6478535,1872
6479075,1872
6479614,1871
6480154,1873
6480694,1873
6481233,1873
6481772,1872
6482311,1872
6482851,1872
6483390,1874
6483929,1872
6484468,1872
6485012,1872
6485551,1872
6486091,1871
6486631,1872
6487170,1872
6487710,1872
6488249,1872
6488789,1873
6489328,1872
6489869,1872
6490409,1871
6490948,1872
6491488,1875
6492027,1872
6492566,1873
6493106,1872
6493645,1872
6494185,1872
6494725,1872
6495265,1872
6495804,1874
6496343,1872
6496883,1872
6497422,1872
6497962,1872
6498502,1874
6499041,1872
6499581,1872
6500120,1872
6500659,1872
6501198,1874
6501737,1875
6502276,1873
6502815,1872
6503354,1874
6503894,1875
6504433,1872
6504977,1872
6505516,1872
6506055,1872
6506596,1874
6507135,1872
6507674,1875
6508214,1873
6508753,1874
6509293,1869
6509833,1871
6510372,1870
6510911,1871
6511450,1872
6511994,1872
6512533,1872
6513073,1872
6513612,1872
6514152,1872
6514692,1870
6515231,1872
6515771,1872
6516310,1872
6516851,1872
6517390,1872
6517930,1872
6518473,1872
6519012,1872
6519551,1872
6520090,1872
6520629,1873
6521168,1872
6521708,1872
6522248,1874
6522787,1872
6523328,1872
6523867,1872
6524406,1874
6524945,1872
6525484,1872
6526024,1872
6526564,1872
6527103,1872
6527642,1872
6528181,1871
6528720,1872
6529259,1872
6529798,1872
6530338,1873
6530877,1872
6531416,1876
6531955,1872
6532495,1872
6533034,1872
6533574,1872
6534113,1872
6534652,1872
6535191,1871
6535730,1872
6536269,1873
6536808,1872
6537347,1872
6537887,1872
6538426,1873
6538966,1872
6539506,1872
6540045,1874
6540584,1872
6541124,1873
6541664,1873
6542203,1871
6542743,1873
6543283,1872
6543824,1872
6544364,1871
6544904,1873
6545443,1872
6545987,1872
6546526,1872
6547065,1873
6547605,1872
6548144,1872
6548683,1872
6549222,1873
6549762,1872
6550302,1870
6550841,1872
6551380,1872
6551919,1872
6552459,1873
6553003,1872
6553543,1874
6554082,1874
6554622,1872
6555161,1872
6555700,1872
6556239,1872
6556779,1872
6557318,1873
6557858,1871
6558397,1872
6558936,1872
6559475,1872
6560015,1875
6560555,1872
6561094,1871
6561633,1872
6562172,1871
6562711,1872
6563250,1872
6563790,1871
6564329,1872
6564869,1872
6565409,1873
6565948,1872
6566487,1872
6567026,1872
6567565,1872
6568104,1872
6568644,1872
6569183,1871
6569723,1872
6570263,1872
6570802,1872
6571342,1873
6571882,1873
6572421,1872
6572960,1872
6573499,1871
6574039,1872
6574578,1872
6575118,1872
6575658,1871
6576197,1872
6576737,1872
6577276,1872
6577815,1871
6578355,1875
6578894,1874
6579433,1874
6579977,1872
6580517,1872
6581056,1873
6581595,1874
6582134,1872
6582673,1872
6583213,1872
6583752,1874
6584291,1872
6584833,1870
6585373,1873
6585913,1873
6586452,1872
6586996,1872
6587536,1871
6588075,1875
6588615,1871
6589154,1872
6589693,1872
6590233,1869
6590772,1872
6591311,1872
6591852,1873
6592392,1871
6592931,1872
6593473,1872
6594013,1872
6594552,1872
6595092,1873
6595632,1874
6596171,1872
6596710,1872
6597249,1878
6597788,1872
6598327,1874
6598867,1873
6599407,1872
6599946,1871
6600486,1872
6601025,1872
6601565,1872
6602104,1871
6602644,1872
6603184,1870
6603723,1874
6604263,1873
6604803,1872
6605342,1873
6605882,1873
6606422,1872
6606961,1871
6607500,1874
6608040,1873
6608580,1872
6609119,1872
6609659,1872
6610198,1876
6610738,1874
6611277,1871
6611816,1872
6612355,1872
6612894,1873
6613433,1872
6613976,1872
6614516,1872
6615055,1873
6615595,1872
6616134,1872
6616673,1872
6617212,1872
6617752,1872
6618291,1872
6618833,1872
6619373,1872
6619912,1872
6620452,1872
6620995,1872
6621534,1872
6622073,1873
6622612,1872
6623151,1872
6623691,1871
6624230,1874
6624770,1872
6625309,1872
6625850,1872
6626389,1872
6626929,1873
6627472,1872
6628012,1872
6628551,1872
6629090,1874
6629629,1874
6630168,1872
6630707,1872
6631247,1873
6631786,1872
6632326,1874
6632866,1872
6633405,1874
6633945,1872
6634485,1872
6635024,1875
6635564,1872
6636103,1872
6636643,1872
6637182,1872
6637721,1872
6638261,1872
6638800,1873
6639339,1874
6639878,1872
6640418,1872
6640957,1872
6641496,1873
6642036,1867
6642576,1872
6643115,1874
6643654,1872
6644193,1873
6644733,1872
6645273,1872
6645812,1874
6646352,1872
6646892,1872
6647432,1872
6647975,1872
6648515,1872
6649054,1871
6649595,1872
6650134,1872
6650673,1872
6651213,1872
6651752,1875
6652291,1870
6652833,1872
6653372,1872
6653911,1872
6654451,1873
6654995,1874
6655534,1872
6656074,1875
6656613,1872
6657153,1872
6657692,1873
6658231,1872
6658772,1872
6659311,1873
6659852,1872
6660392,1872
6660932,1874
6661473,1872
6662012,1872
6662551,1872
6663091,1873
6663631,1875
6664170,1872
6664709,1872
6665249,1872
6665789,1871
6666328,1872
6666867,1872
6667406,1872
6667945,1872
6668484,1872
6669023,1872
6669563,1872
6670103,1872
6670643,1872
6671182,1872
6671721,1871
6672261,1872
6672800,1870
6673340,1872
6673880,1872
6674419,1872
6674960,1872
6675500,1866
6676039,1872
6676578,1872
6677117,1875
6677658,1874
6678197,1872
6678737,1872
6679276,1872
6679815,1871
6680354,1873
6680894,1872
6681434,1873
6681977,1872
6682516,1876
6683055,1875
6683595,1872
6684134,1869
6684674,1872
6685213,1872
6685752,1872
6686292,1871
6686833,1877
6687372,1871
6687911,1872
6688450,1872
6688994,1875
6689533,1872
6690073,1872
6690613,1872
6691152,1872
6691692,1872
6692231,1872
6692771,1872
6693310,1872
6693850,1874
6694389,1873
6694928,1872
6695467,1872
6696010,1872
6696550,1872
6697089,1872
6697630,1872
6698169,1873
6698708,1872
6699248,1870
6699787,1872
6700326,1872
6700866,1872
6701406,1872
6701945,1872
6702484,1873
6703024,1872
6703564,1872
6704103,1871
6704642,1873
6705181,1869
6705720,1872
6706259,1872
6706799,1873
6707338,1872
6707878,1871
6708418,1872
6708957,1872
6709497,1870
6710036,1872
6710575,1872
6711114,1872
6711654,1872
6712193,1872
6712732,1872
6713271,1872
6713811,1872
6714350,1872
6714891,1874
6715431,1875
6715974,1872
6716514,1874
6717053,1871
6717592,1873
6718132,1871
6718672,1873
6719211,1872
6719750,1872
6720289,1872
6720833,1873
6721372,1872
6721911,1873
6722451,1872
6722994,1873
6723534,1872
6724073,1872
6724612,1872
6725152,1872
6725691,1874
6726230,1872
6726769,1872
6727309,1870
6727849,1871
6728389,1872
6728929,1873
6729468,1872
6730012,1874
6730551,1872
6731090,1872
6731631,1870
6732170,1872
6732710,1872
6733249,1872
6733788,1873
6734327,1874
6734867,1872
6735407,1874
6735947,1872
6736487,1873
6737026,1873
6737565,1870
6738105,1872
6738645,1872
6739184,1874
6739724,1872
6740263,1873
6740803,1873
6741343,1871
6741884,1872
6742423,1873
6742962,1872
6743501,1872
6744040,1872
6744579,1872
6745118,1872
6745658,1872
6746198,1871
6746738,1873
6747277,1873
6747816,1872
6748355,1874
6748894,1872
6749433,1872
6749977,1872
6750517,1871
6751056,1871
6751595,1872
6752134,1871
6752673,1872
6753213,1873
6753752,1874
6754291,1872
6754833,1872
6755372,1872
6755911,1872
6756450,1873
6756993,1872
6757532,1872
6758071,1872
6758611,1872
6759151,1872
6759691,1872
6760230,1870
6760770,1872
6761309,1872
6761849,1871
6762389,1873
6762930,1872
6763473,1872
6764013,1872
6764552,1872
6765092,1872
6765632,1872
6766171,1872
6766711,1872
6767250,1872
6767790,1872
6768329,1874
6768869,1872
6769408,1872
6769947,1874
6770486,1872
6771026,1873
6771566,1872
6772105,1873
6772645,1873
6773184,1875
6773723,1872
6774262,1872
6774801,1872
6775340,1872
6775879,1872
6776418,1873
6776957,1872
6777497,1872
6778036,1873
6778575,1871
6779114,1872
6779653,1873
6780193,1872
6780732,1871
6781272,1872
6781812,1872
6782351,1872
6782890,1871
6783429,1871
6783969,1873
6784509,1872
6785048,1872
6785588,1873
6786127,1872
6786667,1872
6787206,1872
6787746,1872
6788285,1874
6788825,1872
6789365,1872
6789904,1872
6790445,1872
6790988,1872
6791528,1872
6792067,1872
6792606,1872
6793145,1873
6793684,1872
6794223,1871
6794762,1872
6795301,1869
6795841,1869
6796381,1873
6796920,1873
6797459,1872
6798002,1873
6798542,1872
6799081,1874
6799621,1872
6800160,1872
6800700,1872
6801239,1872
6801778,1872
6802317,1872
6802857,1872
6803397,1872
6803936,1872
6804475,1872
6805015,1872
6805554,1872
6806094,1871
6806633,1871
6807173,1872
6807713,1872
6808252,1874
6808791,1871
6809331,1872
6809870,1872
6810409,1872
6810948,1871
6811488,1872
6812027,1872
6812568,1872
6813107,1872
6813646,1872
6814186,1872
6814725,1872
6815264,1873
6815804,1872
6816344,1872
6816884,1872
6817423,1872
6817963,1872
6818503,1873
6819043,1872
6819583,1872
6820122,1872
6820662,1872
6821201,1872
6821740,1872
6822280,1872
6822819,1872
6823360,1873
6823899,1873
6824438,1873
6824981,1871
6825521,1872
6826060,1873
6826600,1873
6827139,1874
6827679,1872
6828218,1871
6828758,1874
6829297,1872
6829838,1872
6830377,1872
6830917,1872
6831456,1872
6832000,1872
6832540,1872
6833079,1872
6833619,1871
6834158,1872
6834697,1872
6835237,1873
6835776,1873
6836316,1871
6836855,1874
6837394,1873
6837933,1873
6838474,1872
6839013,1872
6839552,1869
6840092,1872
6840631,1872
6841170,1871
6841711,1872
6842250,1872
6842790,1872
6843329,1872
6843870,1872
6844409,1872
6844948,1872
6845488,1872
6846027,1872
6846567,1873
6847106,1872
6847646,1871
6848185,1872
6848724,1875
6849263,1872
6849804,1871
6850343,1872
6850883,1872
6851422,1872
6851962,1873
6852502,1872
6853041,1872
6853581,1872
6854120,1872
6854659,1871
6855198,1873
6855737,1872
6856276,1872
6856815,1872
6857354,1873
6857894,1873
6858433,1871
6858976,1872
6859515,1873
6860054,1872
6860594,1872
6861133,1872
6861672,1872
6862212,1872
6862752,1872
6863291,1872
6863834,1872
6864373,1869
6864912,1872
6865453,1872
6865996,1872
6866535,1871
6867074,1872
6867614,1873
6868154,1871
6868694,1872
6869233,1873
6869772,1872
6870311,1872
6870851,1873
6871391,1873
6871930,1872
6872474,1872
6873013,1873
6873552,1872
6874092,1872
6874631,1874
6875170,1872
6875711,1872
6876250,1873
6876790,1872
6877329,1872
6877869,1872
6878408,1869
6878948,1872
6879488,1870
6880027,1872
6880567,1872
6881106,1872
6881645,1872
6882184,1871
6882725,1872
6883264,1872
6883804,1872
6884344,1873
6884884,1872
6885423,1872
6885963,1870
6886502,1872
6887041,1872
6887580,1873
6888119,1873
6888659,1872
6889199,1872
6889739,1872
6890278,1872
6890818,1873
6891358,1871
6891897,1872
6892436,1873
6892980,1872
6893519,1871
6894059,1872
6894598,1872
6895137,1872
6895677,1872
6896216,1872
6896756,1872
6897295,1872
6897836,1872
6898375,1872
6898915,1872
6899454,1872
6899997,1872
6900537,1872
6901076,1872
6901616,1873
6902155,1872
6902694,1872
6903234,1874
6903773,1873
6904313,1873
6904852,1872
6905391,1875
6905931,1872
6906474,1872
6907013,1874
6907553,1873
6908092,1875
6908631,1873
6909170,1872
6909711,1872
6910250,1872
6910790,1872
6911329,1872
6911869,1872
6912408,1872
6912947,1872
6913487,1872
6914026,1872
6914565,1872
6915104,1872
6915644,1872
6916183,1872
6916723,1870
6917263,1872
6917803,1872
6918343,1871
6918882,1871
6919421,1875
6919961,1873
6920501,1872
6921040,1871
6921579,1872
6922119,1873
6922659,1871
6923198,1872
6923737,1872
6924276,1872
6924815,1871
6925355,1872
6925896,1873
6926435,1872
6926978,1873
6927518,1872
6928057,1872
6928597,1872
6929137,1872
6929676,1872
6930216,1872
6930755,1872
6931295,1870
6931834,1870
6932373,1872
6932913,1872
6933452,1872
6933996,1872
6934536,1874
6935076,1871
6935616,1872
6936155,1872
6936694,1872
6937234,1872
6937773,1873
6938313,1874
6938852,1871
6939391,1872
6939931,1872
6940474,1872
6941013,1872
6941553,1872
6942092,1872
6942631,1872
6943170,1872
6943711,1872
6944250,1872
6944790,1872
6945329,1872
6945869,1871
6946408,1872
6946947,1871
6947487,1872
6948026,1873
6948565,1872
6949105,1872
6949645,1872
6950184,1871
6950724,1872
6951263,1871
6951802,1873
6952343,1872
6952882,1871
6953421,1872
6953960,1873
6954500,1872
6955039,1872
6955578,1872
6956117,1872
6956656,1872
6957195,1872
6957735,1871
6958275,1874
6958814,1872
6959353,1872
6959892,1871
6960432,1872
6960977,1872
6961517,1872
6962056,1872
6962596,1872
6963135,1872
6963674,1871
6964214,1873
6964753,1872
6965292,1872
6965834,1872
6966373,1872
6966913,1872
6967453,1872
6967996,1872
6968535,1871
6969074,1871
6969613,1872
6970152,1872
6970692,1872
6971232,1872
6971772,1872
6972311,1872
6972851,1872
6973390,1874
6973929,1873
6974472,1872
6975012,1872
6975551,1872
6976090,1872
6976630,1873
6977169,1872
6977708,1872
6978248,1873
6978787,1872
6979326,1871
6979866,1872
6980406,1873
6980945,1872
6981484,1872
6982024,1872
6982564,1872
6983103,1873
6983642,1872
6984181,1872
6984720,1872
6985260,1873
6985799,1872
6986339,1872
6986879,1872
6987418,1872
6987957,1873
6988497,1872
6989036,1875
6989575,1876
6990114,1872
6990653,1872
6991192,1872
6991732,1872
6992271,1872
6992811,1872
6993351,1872
6993890,1872
6994429,1872
6994973,1872
6995513,1873
6996052,1872
6996592,1874
6997131,1872
6997671,1872
6998211,1872
6998750,1873
6999290,1871
6999833,1872
7000373,1872
7000913,1872
7001453,1873
7001996,1872
7002536,1872
7003075,1872
7003615,1872
7004155,1872
7004694,1872
7005234,1871
7005773,1872
7006312,1872
7006853,1874
7007393,1872
7007932,1872
7008473,1872
7009012,1871
7009551,1872
7010091,1872
7010631,1872
7011170,1875
7011710,1872
7012249,1872
7012788,1873
7013328,1872
7013867,1872
7014406,1872
7014947,1871
7015487,1873
7016026,1873
7016565,1872
7017104,1871
7017643,1873
7018182,1873
7018721,1872
7019260,1872
7019799,1872
7020338,1872
7020877,1872
7021416,1872
7021955,1872
7022495,1872
7023034,1872
7023574,1872
7024113,1872
7024652,1872
7025191,1870
7025730,1872
7026269,1873
7026808,1872
7027347,1872
7027886,1872
7028427,1872
7028967,1872
7029507,1872
7030046,1872
7030585,1872
7031125,1872
7031664,1871
7032203,1872
7032742,1872
7033282,1872
7033822,1871
7034361,1872
7034900,1873
7035439,1872
7035982,1872
7036521,1873
7037060,1875
7037599,1873
7038139,1873
7038678,1871
7039217,1872
7039757,1872
7040296,1871
7040836,1870
7041375,1871
7041915,1872
7042454,1872
7042997,1872
7043536,1872
7044075,1873
7044616,1872
7045155,1872
7045695,1873
7046234,1872
7046773,1872
7047312,1872
7047853,1873
7048393,1872
7048933,1872
7049473,1873
7050012,1873
7050551,1872
7051091,1872
7051631,1872
7052170,1872
7052710,1872
7053249,1872
7053788,1873
7054328,1872
7054867,1873
7055406,1871
7055945,1873
7056484,1872
7057023,1873
7057562,1872
7058101,1873
7058640,1873
7059179,1872
7059718,1872
7060257,1872
7060797,1872
7061337,1872
7061876,1873
7062415,1872
7062955,1874
7063495,1871
7064034,1872
7064574,1872
7065113,1873
7065652,1872
7066191,1872
7066730,1872
7067269,1870
7067809,1872
7068348,1872
7068887,1871
7069426,1872
7069965,1872
7070504,1872
7071043,1874
7071582,1872
7072121,1867
7072660,1872
7073200,1873
7073740,1873
7074279,1872
7074820,1873
7075360,1872
7075899,1872
7076438,1872
7076981,1872
7077521,1872
7078060,1872
7078600,1872
7079139,1873
7079678,1872
7080218,1872
7080758,1872
7081297,1871
7081838,1873
7082378,1872
7082918,1872
7083458,1872
7084001,1872
7084541,1872
7085080,1871
7085619,1873
7086159,1872
7086698,1875
7087237,1873
7087777,1873
7088317,1872
7088856,1873
7089395,1874
7089934,1873
7090474,1872
7091013,1873
7091553,1872
7092093,1873
7092632,1872
7093172,1872
7093712,1872
7094251,1872
7094791,1872
7095330,1873
7095871,1872
7096411,1873
7096950,1872
7097490,1871
7098029,1872
7098569,1873
7099108,1873
7099647,1872
7100187,1872
7100726,1872
7101265,1872
7101806,1872
7102345,1872
7102886,1872
7103425,1872
7103966,1872
7104506,1872
7105045,1872
7105585,1872
7106124,1872
7106663,1872
7107203,1869
7107742,1873
7108282,1873
7108821,1867
7109360,1872
7109900,1872
7110439,1872
7110983,1872
7111522,1872
7112061,1872
7112601,1872
7113141,1872
7113681,1872
7114220,1873
7114760,1872
7115299,1873
7115840,1871
7116380,1872
7116919,1871
7117458,1872
7118001,1872
7118541,1874
7119080,1872
7119619,1872
7120159,1873
7120698,1873
7121237,1872
7121777,1871
7122317,1872
7122858,1872
7123398,1872
7123937,1872
7124477,1872
7125016,1871
7125556,1875
7126095,1872
7126634,1871
7127174,1873
7127713,1875
7128253,1872
7128793,1872
7129332,1873
7129872,1872
7130412,1872
7130951,1872
7131491,1870
7132030,1872
7132569,1877
7133108,1874
7133648,1873
7134188,1872
7134728,1873
7135267,1875
7135806,1872
7136345,1872
7136884,1874
7137423,1872
7137962,1872
7138502,1869
7139041,1873
7139581,1872
7140120,1872
7140659,1872
7141199,1873
7141738,1871
7142277,1872
7142817,1872
7143356,1872
7143895,1872
7144434,1872
7144978,1872
7145517,1871
7146057,1872
7146597,1872
7147136,1872
7147676,1872
7148215,1872
7148754,1875
7149294,1871
7149834,1872
7150373,1872
7150913,1872
7151452,1872
7151996,1872
7152536,1872
7153075,1872
7153615,1872
7154154,1873
7154693,1872
7155233,1874
7155772,1872
7156311,1872
7156851,1872
7157390,1872
7157929,1872
7158473,1872
7159012,1872
7159551,1871
7160090,1872
7160629,1872
7161168,1872
7161707,1873
7162247,1872
7162786,1873
7163326,1872
7163866,1872
7164405,1872
7164945,1871
7165485,1872
7166024,1872
7166564,1871
7167103,1874
7167643,1872
7168182,1875
7168722,1872
7169261,1872
7169801,1872
7170340,1872
7170879,1873
7171418,1872
7171957,1872
7172497,1872
7173036,1872
7173575,1872
7174114,1872
7174653,1873
7175192,1873
7175731,1872
7176271,1873
7176810,1872
7177349,1872
7177888,1872
7178428,1872
7178967,1872
7179506,1872
7180045,1872
7180585,1873
7181125,1872
7181665,1872
7182204,1872
7182744,1873
7183284,1872
7183824,1872
7184363,1872
7184902,1872
7185442,1873
7185986,1873
7186526,1872
7187065,1871
7187605,1874
7188144,1871
7188683,1872
7189222,1873
7189761,1872
7190300,1871
7190840,1872
7191379,1872
7191918,1872
7192457,1872
7193001,1872
7193540,1875
7194080,1872
7194620,1874
7195159,1874
7195699,1873
7196238,1874
7196777,1872
7197316,1875
7197856,1872
7198395,1872
7198934,1872
7199475,1871
7200014,1872
7200554,1872
7201093,1872
7201632,1872
7202171,1872
7202711,1871
7203250,1872
7203789,1873
7204329,1872
7204870,1872
7205409,1873
7205950,1872
7206490,1872
7207029,1871
7207569,1871
7208108,1872
7208648,1871
7209187,1872
7209727,1872
7210267,1872
7210806,1872
7211345,1872
7211885,1872
7212424,1873
7212965,1872
7213505,1871
7214044,1872
7214583,1872
7215122,1872
7215661,1873
7216201,1872
7216740,1873
7217280,1870
7217820,1872
7218359,1872
7218899,1872
7219438,1870
7219981,1872
7220521,1874
7221060,1872
7221599,1873
7222139,1871
7222679,1872
7223218,1872
7223757,1872
7224296,1872
7224837,1872
7225377,1872
7225917,1872
7226457,1872
7227000,1873
7227539,1872
7228079,1872
7228618,1872
7229158,1872
7229698,1872
7230237,1872
7230776,1872
7231316,1873
7231856,1872
7232395,1875
7232935,1873
7233474,1872
7234013,1873
7234552,1872
7235092,1872
7235631,1873
7236171,1872
7236711,1872
7237250,1872
7237790,1872
7238329,1872
7238869,1873
7239408,1874
7239948,1873
7240487,1872
7241027,1872
7241567,1874
7242106,1873
7242646,1873
7243185,1873
7243725,1871
7244264,1872
7244804,1872
7245343,1872
7245882,1872
7246422,1872
7246961,1872
7247501,1872
7248040,1871
7248579,1872
7249118,1872
7249658,1872
7250198,1872
7250738,1872
7251277,1876
7251816,1872
7252355,1872
7252894,1872
7253434,1872
7253977,1872
7254516,1874
7255056,1872
7255596,1872
7256135,1872
7256675,1872
7257214,1873
7257753,1872
7258293,1870
7258834,1874
7259374,1872
7259913,1872
7260453,1873
7260996,1872
7261535,1871
7262074,1872
7262613,1873
7263153,1872
7263692,1873
7264232,1872
7264772,1872
7265311,1872
7265852,1873
7266392,1872
7266932,1872
7267474,1872
7268013,1873
7268553,1872
7269092,1872
7269632,1871
7270171,1872
7270711,1871
7271250,1872
7271790,1872
7272329,1874
7272870,1873
7273409,1872
7273949,1872
7274489,1873
7275029,1870
7275569,1872
7276108,1872
7276648,1872
7277187,1872
7277727,1873
7278266,1872
7278806,1873
7279346,1872
7279886,1873
7280426,1872
7280965,1872
7281504,1872
7282043,1871
7282582,1872
7283121,1872
7283661,1874
7284201,1872
7284740,1872
7285280,1872
7285820,1872
7286359,1872
7286898,1875
7287438,1871
7287982,1872
7288521,1872
7289060,1872
7289599,1872
7290139,1871
7290678,1871
7291218,1872
7291758,1872
7292297,1870
7292837,1873
7293376,1872
7293915,1871
7294454,1873
7294998,1873
7295537,1874
7296077,1872
7296617,1872
7297156,1872
7297696,1872
7298235,1872
7298774,1872
7299313,1872
7299854,1872
7300394,1872
7300933,1869
7301474,1872
7302013,1872
7302553,1875
7303092,1872
7303632,1872
7304171,1870
7304710,1872
7305249,1872
7305788,1873
7306327,1874
7306866,1874
7307405,1874
7307945,1873
7308485,1872
7309024,1872
7309564,1870
7310103,1876
7310642,1873
7311182,1872
7311721,1873
7312261,1872
7312800,1872
7313339,1872
7313878,1872
7314418,1872
7314959,1872
7315499,1872
7316038,1871
7316578,1872
7317117,1872
7317657,1872
7318196,1874
7318736,1872
7319275,1872
7319814,1872
7320353,1872
7320893,1872
7321432,1872
7321976,1872
7322516,1872
7323055,1872
7323595,1873
7324134,1872
7324673,1872
7325213,1870
7325752,1872
7326291,1871
7326833,1872
7327372,1872
7327911,1872
7328450,1872
7328994,1873
7329534,1872
7330073,1874
7330612,1872
7331151,1872
7331690,1872
7332229,1871
7332768,1872
7333307,1873
7333848,1872
7334387,1872
7334927,1872
7335467,1872
7336009,1874
7336549,1872
7337088,1872
7337628,1872
7338168,1872
7338707,1872
7339247,1873
7339786,1875
7340325,1873
7340865,1872
7341405,1872
7341946,1873
7342485,1872
7343025,1872
7343564,1873
7344103,1875
7344644,1872
7345183,1875
7345723,1872
7346263,1872
7346803,1872
7347342,1872
7347882,1872
7348422,1872
7348962,1872
7349502,1872
7350041,1872
7350581,1874
7351120,1871
7351659,1872
7352199,1871
7352739,1872
7353278,1872
7353819,1872
7354358,1872
7354897,1872
7355436,1872
7355980,1871
7356520,1872
7357059,1872
7357598,1872
7358137,1872
7358676,1872
7359215,1872
7359754,1872
7360294,1872
7360834,1872
7361373,1872
7361913,1872
7362452,1872
7362996,1872
7363536,1872
7364075,1874
7364615,1872
7365154,1873
7365693,1872
7366232,1872
7366772,1872
7367311,1872
7367851,1872
7368391,1872
7368930,1872
7369473,1873
7370012,1871
7370551,1872
7371090,1872
7371629,1871
7372168,1872
7372708,1872
7373247,1872
7373787,1872
7374327,1874
7374866,1872
7375405,1873
7375944,1872
7376484,1874
7377023,1872
7377562,1873
7378101,1872
7378641,1872
7379181,1872
7379720,1873
7380260,1872
7380800,1872
7381339,1874
7381878,1873
7382417,1872
7382958,1871
7383497,1871
7384037,1872
7384577,1871
7385116,1874
7385656,1872
7386195,1872
7386734,1872
7387273,1872
7387813,1872
7388352,1872
7388891,1873
7389431,1875
7389976,1872
7390516,1873
7391055,1873
7391595,1871
7392134,1872
7392673,1873
7393213,1872
7393752,1872
7394291,1872
7394833,1871
7395373,1872
7395912,1873
7396452,1872
7396995,1872
7397534,1872
7398074,1872
7398614,1870
7399153,1872
7399692,1872
7400231,1872
7400772,1873
7401311,1872
7401851,1872
7402391,1872
7402932,1872
7403473,1873
7404012,1872
7404551,1870
7405091,1872
7405630,1872
7406169,1872
7406708,1872
7407248,1873
7407787,1872
7408327,1872
7408866,1872
7409405,1876
7409944,1872
7410484,1872
7411023,1873
7411562,1872
7412101,1872
7412640,1872
7413180,1867
7413719,1872
7414258,1873
7414799,1872
7415339,1872
7415878,1872
7416417,1872
7416956,1872
7417496,1873
7418035,1873
7418576,1872
7419115,1871
7419654,1872
7420194,1873
7420733,1872
7421272,1872
7421813,1873
7422352,1873
7422892,1869
7423431,1872
7423975,1869
7424515,1872
7425054,1872
7425594,1872
7426133,1871
7426673,1873
7427212,1872
7427752,1872
7428291,1872
7428833,1873
7429373,1872
7429913,1871
7430452,1872
7430995,1870
7431536,1872
7432075,1872
7432615,1872
7433155,1872
7433695,1872
7434234,1872
7434774,1872
7435313,1872
7435853,1872
7436392,1872
7436932,1872
7437473,1872
7438012,1872
7438551,1872
7439090,1871
7439629,1874
7440168,1872
7440707,1873
7441246,1872
7441785,1874
7442324,1874
7442865,1874
7443404,1873
7443944,1872
7444484,1872
7445023,1872
7445563,1872
7446102,1872
7446641,1872
7447181,1871
7447720,1872
7448260,1873
7448799,1874
7449338,1872
7449877,1873
7450417,1872
7450957,1872
7451497,1872
7452036,1872
7452575,1874
7453114,1872
7453653,1873
7454192,1873
7454731,1872
7455270,1872
7455811,1872
7456350,1872
7456890,1872
7457430,1872
7457974,1872
7458515,1872
7459054,1872
7459593,1872
7460132,1872
7460672,1871
7461212,1872
7461752,1872
7462291,1872
7462833,1872
7463373,1872
7463913,1871
7464453,1872
7464996,1872
7465536,1873
7466075,1872
7466615,1872
7467155,1872
7467695,1872
7468234,1872
7468774,1872
7469313,1872
7469853,1874
7470392,1872
7470931,1871
7471473,1871
7472013,1872
7472552,1872
7473092,1872
7473631,1872
7474170,1872
7474710,1872
7475249,1873
7475789,1871
7476328,1872
7476868,1872
7477407,1873
7477946,1872
7478485,1875
7479025,1871
7479564,1872
7480104,1872
7480644,1872
7481183,1872
7481723,1871
7482262,1873
7482801,1873
7483341,1871
7483880,1872
7484419,1872
7484958,1872
7485497,1872
7486036,1873
7486577,1872
7487116,1872
7487657,1872
7488196,1875
7488736,1872
7489275,1872
7489815,1870
7490355,1871
7490894,1870
7491433,1872
7491977,1873
7492517,1872
7493056,1873
7493595,1872
7494134,1873
7494673,1874
7495212,1872
7495752,1872
7496292,1872
7496833,1872
7497372,1872
7497912,1870
7498452,1872
7498995,1872
7499535,1872
7500074,1872
7500613,1871
7501152,1871
7501691,1871
7502230,1873
7502770,1874
7503309,1873
7503849,1872
7504388,1872
7504927,1873
7505466,1873
7506009,1871
7506548,1872
7507087,1872
7507626,1872
7508165,1872
7508704,1871
7509243,1872
7509782,1872
7510321,1872
7510864,1872
7511404,1872
7511943,1872
7512482,1873
7513021,1873
7513561,1872
7514101,1872
7514641,1871
7515180,1871
7515719,1872
7516258,1873
7516799,1871
7517338,1872
7517877,1873
7518416,1870
7518955,1872
7519495,1872
7520034,1872
7520574,1872
7521113,1872
7521652,1872
7522191,1872
7522730,1872
7523269,1871
7523808,1872
7524348,1872
7524888,1872
7525427,1872
7525966,1872
7526505,1872
7527045,1873
7527585,1872
7528124,1871
7528663,1873
7529202,1872
7529741,1870
7530280,1873
7530821,1873
7531361,1873
7531900,1872
7532439,1872
7532982,1871
7533523,1872
7534062,1872
7534603,1871
7535142,1872
7535682,1872
7536221,1872
7536760,1871
7537299,1869
7537840,1872
7538379,1872
7538920,1872
7539459,1872
7540003,1874
7540543,1872
7541082,1872
7541622,1870
7542161,1872
7542700,1872
7543239,1871
7543778,1872
7544317,1872
7544859,1872
7545399,1872
7545938,1871
7546477,1872
7547017,1872
7547556,1875
7548095,1875
7548635,1873
7549174,1872
7549713,1873
7550253,1872
7550793,1872
7551333,1872
7551872,1872
7552411,1872
7552950,1875
7553490,1873
7554029,1871
7554568,1871
7555107,1872
7555646,1871
7556185,1872
7556725,1872
7557265,1872
7557805,1872
7558345,1872
7558885,1872
7559425,1872
7559965,1872
7560504,1872
7561044,1875
7561584,1872
7562123,1871
7562663,1872
7563202,1872
7563742,1872
7564281,1873
7564821,1871
7565360,1872
7565899,1871
7566439,1872
7566982,1872
7567522,1873
7568061,1872
7568601,1871
7569140,1872
7569679,1872
7570218,1873
7570757,1872
7571296,1872
7571836,1872
7572375,1873
7572914,1872
7573453,1871
7573996,1870
7574535,1873
7575075,1872
7575614,1873
7576154,1872
7576693,1872
7577233,1872
7577772,1872
7578311,1872
7578852,1872
7579392,1872
7579931,1872
7580473,1872
7581013,1873
7581553,1873
7582092,1874
7582632,1872
7583171,1872
7583711,1872
7584250,1871
7584790,1873
7585329,1872
7585870,1872
7586409,1872
7586948,1871
7587488,1873
7588027,1872
7588566,1872
7589106,1872
7589645,1873
7590185,1872
7590725,1872
7591264,1872
7591804,1872
7592344,1872
7592884,1872
7593423,1874
7593963,1871
7594503,1872
7595043,1873
7595583,1871
7596122,1872
7596662,1872
7597201,1874
7597740,1872
7598279,1872
7598819,1872
7599358,1872
7599898,1872
7600437,1872
7600981,1872
7601521,1872
7602060,1872
7602599,1872
7603138,1873
7603678,1872
7604218,1873
7604757,1872
7605297,1872
7605838,1872
7606377,1873
7606917,1872
7607456,1872
7608000,1871
7608540,1877
7609079,1872
7609619,1873
7610158,1872
7610697,1871
7611236,1872
7611775,1872
7612315,1872
7612855,1872
7613395,1871
7613934,1873
7614474,1872
7615013,1872
7615553,1872
7616092,1873
7616631,1872
7617170,1872
7617710,1872
7618249,1872
7618788,1874
7619328,1872
7619867,1872
7620406,1872
7620945,1872
7621484,1872
7622024,1874
7622563,1872
7623102,1872
7623642,1872
7624182,1872
7624722,1871
7625261,1872
7625801,1874
7626340,1872
7626879,1872
7627418,1871
7627957,1872
7628497,1873
7629036,1872
7629575,1873
7630114,1873
7630653,1875
7631192,1872
7631732,1873
7632272,1872
7632812,1872
7633351,1873
7633890,1872
7634429,1872
7634968,1873
7635508,1872
7636047,1872
7636586,1872
7637125,1870
7637665,1871
7638205,1872
7638745,1871
7639284,1872
7639825,1872
7640364,1872
7640904,1873
7641444,1872
7641987,1872
7642527,1872
7643066,1872
7643605,1872
7644144,1872
7644684,1872
7645223,1872
7645763,1870
7646302,1871
7646842,1872
7647382,1871
7647922,1872
7648461,1872
7649004,1872
7649543,1872
7650082,1872
7650622,1872
7651161,1873
7651700,1872
7652239,1873
7652779,1873
7653319,1870
7653859,1871
7654399,1872
7654939,1873
7655479,1875
7656018,1872
7656558,1873
7657097,1872
7657637,1871
7658177,1872
7658716,1874
7659256,1872
7659796,1872
7660335,1872
7660875,1872
7661415,1872
7661954,1873
7662494,1872
7663033,1872
7663573,1870
7664113,1872
7664652,1872
7665192,1872
7665731,1872
7666270,1872
7666809,1872
7667348,1872
7667887,1872
7668426,1872
7668965,1872
7669504,1872
7670043,1872
7670582,1871
7671121,1873
7671661,1872
7672201,1872
7672740,1872
7673280,1873
7673819,1874
7674360,1872
7674899,1872
7675439,1872
7675982,1871
7676522,1874
7677061,1872
7677600,1872
7678140,1872
7678679,1871
7679219,1873
7679758,1872
7680297,1872
7680838,1874
7681378,1872
7681918,1872
7682457,1872
7683001,1872
7683541,1873
7684080,1871
7684619,1872
7685159,1873
7685698,1872
7686237,1872
7686777,1874
7687316,1874
7687857,1873
7688396,1872
7688935,1874
7689474,1872
7690013,1872
7690553,1872
7691093,1873
7691632,1871
7692171,1870
7692711,1873
7693250,1872
7693790,1874
7694329,1872
7694869,1872
7695408,1872
7695947,1872
7696487,1872
7697026,1872
7697565,1872
7698104,1873
7698643,1872
7699182,1872
7699721,1872
7700261,1872
7700800,1872
7701339,1873
7701878,1872
7702417,1872
7702956,1872
7703496,1872
7704036,1872
7704576,1872
7705115,1872
7705655,1872
7706194,1870
7706733,1872
7707272,1872
7707811,1872
7708350,1872
7708889,1873
7709428,1872
7709967,1872
7710507,1872
7711046,1872
7711585,1872
7712125,1869
7712665,1872
7713204,1872
7713744,1872
7714283,1872
7714825,1872
7715365,1873
7715904,1873
7716443,1872
7716986,1872
7717526,1872
7718066,1871
7718605,1872
7719145,1872
7719685,1873
7720224,1872
7720764,1873
7721303,1871
7721843,1872
7722382,1872
7722921,1874
7723460,1872
7724004,1873
7724543,1872
7725082,1872
7725623,1872
7726162,1872
7726702,1872
7727241,1872
7727781,1872
7728320,1873
7728863,1872
7729402,1872
7729941,1872
7730481,1872
7731020,1871
7731559,1873
7732099,1872
7732639,1872
7733178,1872
7733717,1874
7734256,1874
7734795,1873
7735334,1872
7735873,1872
7736412,1872
7736951,1871
7737491,1873
7738030,1872
7738570,1872
7739109,1871
7739650,1873
7740189,1872
7740728,1874
7741268,1873
7741808,1871
7742348,1870
7742887,1872
7743426,1872
7743966,1874
7744506,1871
7745045,1872
7745585,1872
7746124,1872
7746663,1872
7747202,1872
7747741,1872
7748281,1872
7748821,1872
7749360,1872
7749899,1872
7750438,1872
7750982,1872
7751522,1872
7752061,1871
7752601,1871
7753140,1872
7753679,1872
7754218,1872
7754758,1872
7755297,1871
7755838,1873
7756378,1872
7756917,1873
7757456,1873
7757999,1875
7758538,1872
7759077,1871
7759616,1872
7760155,1874
7760695,1872
7761235,1872
7761774,1872
7762314,1872
7762854,1872
7763394,1872
7763933,1872
7764473,1872
7765012,1872
7765551,1872
7766091,1872
7766631,1872
7767170,1872
7767710,1872
7768249,1872
7768788,1871
7769327,1872
7769867,1872
7770407,1870
7770946,1871
7771486,1873
7772025,1872
7772564,1872
7773104,1871
7773644,1873
7774183,1872
7774723,1872
7775262,1869
7775801,1872
7776340,1872
7776880,1875
7777420,1871
7777959,1872
7778498,1873
7779038,1872
7779577,1871
7780116,1874
7780657,1872
7781196,1873
7781736,1872
7782275,1873
7782814,1872
7783353,1872
7783893,1872
7784433,1872
7784976,1873
7785516,1873
7786055,1872
7786595,1872
7787134,1872
7787673,1872
7788212,1872
7788751,1873
7789291,1872
7789832,1872
7790372,1872
7790912,1872
7791452,1872
7791995,1871
7792535,1875
7793074,1872
7793614,1872
7794154,1872
7794693,1872
7795233,1872
7795773,1873
7796312,1871
7796852,1873
7797391,1872
7797930,1872
7798473,1871
7799013,1872
7799552,1872
7800092,1872
7800631,1869
7801170,1872
7801711,1873
7802250,1873
7802789,1872
7803328,1872
7803867,1871
7804406,1872
7804946,1875
7805486,1870
7806025,1876
7806565,1872
7807104,1872
7807645,1872
7808184,1872
7808725,1872
7809264,1871
7809804,1871
7810344,1872
7810883,1872
7811422,1872
7811961,1872
7812501,1872
7813040,1872
7813579,1872
7814119,1872
7814659,1872
7815198,1872
7815737,1871
7816276,1872
7816816,1873
7817355,1872
7817895,1874
7818434,1872
7818977,1872
7819517,1875
7820056,1872
7820596,1872
7821135,1872
7821675,1872
7822214,1873
7822753,1873
7823293,1870
7823833,1871
7824372,1872
7824911,1872
7825450,1872
7825994,1870
7826534,1872
7827073,1872
7827612,1872
7828151,1872
7828691,1872
7829230,1873
7829770,1872
7830310,1872
7830850,1871
7831391,1872
7831930,1872
7832473,1872
7833013,1873
7833553,1872
7834092,1872
7834632,1871
7835171,1871
7835710,1872
7836249,1875
7836788,1873
7837328,1872
7837867,1873
7838406,1872
7838945,1872
7839484,1872
7840023,1872
7840562,1872
7841101,1872
7841640,1871
7842179,1873
7842718,1874
7843258,1872
7843798,1871
7844338,1873
7844878,1873
7845418,1871
7845957,1872
7846497,1872
7847036,1872
7847576,1874
7848115,1872
7848655,1871
7849194,1872
7849733,1872
7850272,1872
7850812,1872
7851351,1874
7851892,1872
7852431,1872
7852975,1872
7853515,1872
7854054,1872
7854594,1870
7855133,1872
7855672,1872
7856212,1872
7856752,1872
7857291,1871
7857833,1872
7858373,1873
7858913,1872
7859452,1872
7859996,1872
7860536,1872
7861075,1872
7861615,1872
7862154,1871
7862693,1869
7863233,1872
7863772,1872
7864312,1872
7864852,1871
7865392,1872
7865932,1871
7866473,1870
7867012,1872
7867551,1872
7868090,1872
7868631,1872
7869170,1873
7869710,1872
7870249,1871
7870789,1873
7871328,1871
7871868,1873
7872407,1872
7872946,1872
7873486,1871
7874025,1872
7874564,1872
7875103,1871
7875643,1872
7876182,1874
7876721,1872
7877260,1874
7877799,1872
7878338,1872
7878877,1872
7879416,1873
7879955,1872
7880495,1872
7881034,1875
7881573,1873
7882112,1872
7882652,1872
7883192,1872
7883732,1872
7884271,1873
7884811,1872
7885350,1872
7885890,1872
7886429,1872
7886973,1871
7887513,1872
7888052,1872
7888592,1872
7889131,1873
7889671,1872
7890211,1869
7890750,1872
7891290,1873
7891833,1872
7892372,1872
7892912,1872
7893451,1873
7893995,1872
7894534,1870
7895074,1872
7895613,1872
7896153,1872
7896692,1872
7897231,1873
7897772,1872
7898311,1873
7898852,1872
7899392,1871
7899931,1871
7900473,1872
7901013,1872
7901553,1872
7902092,1872
7902631,1872
7903170,1872
7903711,1871
7904250,1873
7904790,1872
7905329,1872
7905869,1872
7906408,1873
7906947,1872
7907487,1871
7908026,1872
7908565,1872
7909104,1872
7909643,1872
7910182,1877
7910721,1872
7911260,1872
7911800,1872
7912339,1873
7912878,1873
7913417,1872
7913956,1872
7914496,1872
7915036,1873
7915576,1872
7916115,1872
7916655,1872
7917194,1872
7917733,1872
7918272,1872
7918813,1872
7919352,1872
7919892,1872
7920431,1872
7920975,1872
7921516,1872
7922055,1872
7922595,1872
7923134,1872
7923673,1871
7924212,1872
7924751,1872
7925290,1872
7925833,1874
7926373,1875
7926912,1871
7927452,1872
7927995,1872
7928535,1872
7929075,1873
7929615,1873
7930154,1874
7930693,1873
7931233,1873
7931773,1872
7932312,1873
7932853,1872
7933392,1872
7933931,1871
7934474,1872
7935013,1873
7935553,1872
7936092,1872
7936631,1871
7937171,1870
7937711,1872
7938250,1872
7938790,1872
7939329,1873
7939869,1872
7940408,1872
7940948,1872
7941488,1871
7942027,1870
7942567,1871
7943106,1870
7943646,1872
7944185,1872
7944725,1871
7945264,1872
7945803,1872
7946342,1871
7946881,1872
7947421,1872
7947960,1872
7948501,1874
7949040,1872
7949580,1872
7950119,1872
7950659,1869
7951198,1872
7951737,1872
7952276,1871
7952815,1869
7953354,1871
7953893,1871
7954432,1872
7954976,1870
7955516,1872
7956055,1870
7956595,1872
7957134,1872
7957673,1872
7958212,1872
7958751,1873
7959290,1872
7959833,1871
7960372,1872
7960912,1872
7961452,1872
7961995,1872
7962534,1872
7963073,1872
7963612,1872
7964151,1871
7964690,1872
7965229,1873
7965768,1871
7966307,1871
7966847,1872
7967386,1872
7967926,1872
7968465,1872
7969009,1872
7969549,1872
7970088,1872
7970628,1872
7971167,1871
7971706,1872
7972245,1872
7972784,1872
7973323,1871
7973863,1870
7974402,1872
7974941,1873
7975480,1873
7976020,1871
7976560,1872
7977099,1874
7977639,1872
7978178,1874
7978718,1872
7979257,1872
7979796,1872
7980335,1873
7980874,1872
7981413,1870
7981952,1872
7982492,1871
7983032,1871
7983571,1872
7984111,1872
7984651,1872
7985190,1872
7985730,1872
7986269,1873
7986808,1872
7987347,1871
7987886,1872
7988426,1872
7988965,1871
7989505,1873
7990045,1873
7990584,1875
7991124,1875
7991664,1872
7992203,1872
7992743,1871
7993282,1872
7993822,1872
7994361,1872
7994900,1873
7995439,1872
7995982,1872
7996521,1872
7997060,1872
7997599,1872
7998138,1872
7998678,1872
7999218,1872
7999758,1872
8000297,1869
8000838,1872
8001377,1873
8001918,1872
8002458,1871
8003001,1872
8003541,1872
8004080,1873
8004620,1872
8005159,1872
8005699,1873
8006238,1873
8006778,1872
8007317,1870
8007858,1872
8008398,1872
8008938,1872
8009477,1872
8010017,1872
8010557,1872
8011096,1873
8011636,1872
8012175,1872
8012714,1872
8013254,1872
8013793,1872
8014332,1872
8014871,1873
8015411,1872
8015951,1873
8016490,1872
8017029,1872
8017570,1872
8018109,1873
8018649,1873
8019188,1872
8019727,1872
8020267,1871
8020806,1873
8021345,1872
8021884,1872
8022424,1872
8022964,1872
8023504,1872
8024043,1872
8024583,1872
8025122,1872
8025662,1871
8026201,1872
8026740,1870
8027279,1871
8027820,1873
8028359,1872
8028898,1872
8029438,1874
8029981,1872
8030521,1872
8031060,1872
8031599,1872
8032139,1872
8032678,1873
8033218,1873
8033757,1872
8034297,1872
8034837,1874
8035376,1873
8035916,1872
8036455,1872
8036998,1873
8037537,1872
8038077,1872
8038617,1872
8039156,1875
8039696,1872
8040235,1872
8040774,1872
8041313,1872
8041854,1872
8042393,1872
8042934,1872
8043474,1872
8044013,1873
8044553,1873
8045092,1875
8045631,1872
8046170,1873
8046711,1872
8047250,1871
8047790,1872
8048329,1873
8048869,1873
8049408,1872
8049948,1872
8050488,1872
8051027,1872
8051566,1872
8052106,1870
8052645,1871
8053185,1871
8053725,1872
8054264,1872
8054804,1873
8055343,1872
8055882,1871
8056422,1872
8056963,1874
8057503,1873
8058042,1871
8058582,1872
8059121,1872
8059661,1872
8060200,1872
8060740,1870
8061279,1873
8061819,1873
8062360,1872
8062899,1873
8063439,1872
8063982,1872
8064522,1872
8065061,1872
8065600,1874
8066140,1874
8066679,1871
8067218,1873
8067757,1878
8068296,1872
8068837,1871
8069376,1872
8069917,1872
8070456,1872
8071000,1872
8071540,1872
8072079,1873
8072618,1872
8073157,1872
8073698,1873
8074237,1873
8074777,1872
8075316,1872
8075856,1872
8076395,1872
8076934,1873
8077474,1872
8078013,1872
8078552,1873
8079091,1872
8079631,1872
8080170,1873
8080711,1874
8081250,1873
8081790,1872
8082329,1872
8082869,1873
8083408,1872
8083947,1872
8084487,1871
8085026,1872
8085565,1873
8086104,1872
8086644,1872
8087183,1872
8087724,1872
8088263,1872
8088802,1872
8089341,1875
8089880,1872
8090420,1872
8090960,1872
8091500,1873
8092039,1873
8092578,1874
8093118,1872
8093657,1873
8094196,1872
8094736,1872
8095276,1873
8095815,1871
8096354,1872
8096894,1873
8097433,1872
8097977,1872
8098516,1871
8099055,1871
8099596,1873
8100135,1872
8100675,1872
8101214,1872
8101753,1872
8102292,1871
8102834,1872
8103374,1872
8103913,1872
8104452,1874
8104995,1872
8105535,1875
8106074,1872
8106613,1872
8107153,1871
8107692,1871
8108232,1871
8108772,1872
8109311,1871
8109852,1871
8110391,1871
8110930,1872
8111473,1872
8112013,1875
8112553,1872
8113092,1872
8113632,1872
8114171,1870
8114710,1872
8115249,1872
8115788,1872
8116328,1872
8116867,1876
8117406,1872
8117945,1872
8118485,1872
8119024,1872
8119564,1872
8120103,1873
8120642,1873
8121181,1872
8121720,1872
8122259,1873
8122799,1872
8123338,1872
8123878,1874
8124417,1872
8124958,1872
8125497,1872
8126037,1869
8126577,1872
8127116,1873
8127655,1872
8128195,1872
8128734,1872
8129274,1871
8129814,1871
8130353,1872
8130892,1874
8131431,1872
8131975,1872
8132514,1872
8133053,1872
8133593,1872
8134133,1872
8134672,1871
8135212,1872
8135752,1874
8136291,1869
8136833,1872
8137373,1872
8137913,1871
8138452,1872
8138996,1872
8139536,1871
8140075,1872
8140615,1872
8141154,1872
8141693,1872
8142232,1872
8142772,1872
8143311,1872
8143852,1869
8144391,1873
8144932,1872
8145473,1872
8146012,1872
8146551,1873
8147091,1872
8147630,1872
8148169,1872
8148709,1872
8149248,1873
8149788,1874
8150328,1871
8150867,1868
8151406,1873
8151945,1872
8152484,1873
8153023,1873
8153563,1874
8154103,1872
8154642,1871
8155182,1875
8155722,1872
8156261,1870
8156800,1871
8157339,1872
8157878,1872
8158417,1872
8158957,1872
8159496,1872
8160035,1872
8160576,1872
8161115,1872
8161654,1873
8162194,1872
8162733,1872
8163273,1871
8163813,1872
8164353,1872
8164893,1872
8165432,1872
8165976,1872
8166516,1872
8167055,1871
8167595,1872
8168134,1872
8168673,1872
8169213,1872
8169752,1873
8170291,1871
8170833,1872
8171372,1875
8171911,1872
8172450,1874
8172994,1871
8173534,1873
8174073,1873
8174612,1873
8175152,1873
8175692,1872
8176231,1872
8176771,1872
8177310,1872
8177851,1872
8178391,1872
8178931,1872
8179474,1872
8180013,1873
8180553,1874
8181092,1872
8181632,1872
8182171,1872
8182710,1872
8183249,1872
8183790,1872
8184329,1872
8184870,1875
8185410,1872
8185949,1872
8186488,1873
8187027,1872
8187567,1872
8188107,1871
8188647,1872
8189186,1872
8189726,1872
8190265,1873
8190804,1869
8191344,1872
8191883,1872
8192422,1873
8192961,1872
8193501,1872
8194040,1875
8194580,1872
8195120,1872
8195659,1872
8196199,1872
8196739,1873
8197278,1872
8197818,1872
8198358,1870
8198898,1872
8199438,1872
8199981,1872
8200521,1872
8201060,1872
8201599,1872
8202139,1872
8202678,1872
8203217,1871
8203758,1872
8204297,1872
8204838,1872
8205378,1872
8205917,1871
8206456,1872
8206999,1871
8207538,1872
8208077,1872
8208617,1872
8209156,1872
8209697,1872
8210236,1872
8210775,1872
8211314,1872
8211854,1871
8212393,1873
8212932,1872
8213473,1875
8214012,1872
8214551,1873
8215091,1871
8215631,1872
8216170,1871
8216710,1872
8217249,1876
8217789,1873
8218328,1872
8218867,1872
8219406,1872
8219945,1872
8220484,1871
8221024,1872
8221563,1872
8222102,1872
8222642,1872
8223182,1872
8223721,1874
8224261,1871
8224801,1872
8225340,1872
8225880,1872
8226419,1871
8226958,1872
8227498,1872
8228038,1872
8228577,1872
8229116,1872
8229656,1872
8230195,1872
8230734,1872
8231274,1873
8231814,1874
8232354,1872
8232893,1872
8233432,1874
8233976,1872
8234515,1872
8235054,1872
8235593,1872
8236133,1872
8236672,1872
8237211,1872
8237752,1874
8238291,1872
8238833,1872
8239373,1872
8239912,1873
8240451,1872
8240995,1872
8241535,1872
8242074,1872
8242614,1872
8243153,1873
8243693,1873
8244232,1872
8244771,1873
8245310,1872
8245851,1872
8246391,1871
8246930,1871
8247473,1872
8248013,1872
8248553,1875
8249092,1872
8249632,1872
8250171,1872
8250710,1871
8251249,1871
8251788,1871
8252328,1873
8252867,1872
8253407,1873
8253946,1872
8254486,1871
8255025,1872
8255565,1873
8256104,1872
8256644,1872
8257184,1872
8257724,1873
8258263,1874
8258803,1873
8259342,1872
8259882,1873
8260421,1872
8260961,1872
8261500,1872
8262040,1872
8262580,1873
8263119,1871
8263659,1872
8264198,1872
8264737,1872
8265276,1873
8265815,1873
8266354,1872
8266894,1872
8267434,1872
8267977,1872
8268517,1872
8269056,1873
8269595,1872
8270134,1872
8270673,1872
8271213,1873
8271752,1872
8272291,1870
8272833,1873
8273372,1872
8273911,1872
8274450,1873
8274993,1872
8275533,1873
8276073,1872
8276613,1872
8277152,1872
8277692,1873
8278231,1872
8278771,1872
8279310,1872
8279851,1872
8280391,1872
8280930,1871
8281473,1873
8282013,1872
8282552,1872
8283091,1872
8283630,1872
8284169,1872
8284709,1872
8285249,1872
8285789,1872
8286328,1873
8286868,1872
8287407,1872
8287947,1872
8288486,1872
8289025,1872
8289566,1873
8290105,1873
8290645,1872
8291184,1873
8291724,1873
8292263,1872
8292803,1872
8293342,1872
8293882,1872
8294421,1873
8294961,1872
8295501,1872
8296040,1872
8296579,1871
8297119,1871
8297659,1870
8298198,1872
8298737,1872
8299276,1872
8299815,1872
8300354,1872
8300893,1872
8301432,1872
8301976,1872
8302516,1872
8303055,1874
8303594,1872
8304134,1873
8304674,1872
8305213,1872
8305753,1875
8306292,1872
8306834,1874
8307373,1875
8307913,1872
8308452,1872
8308995,1871
8309535,1872
8310074,1871
8310613,1872
8311152,1872
8311691,1873
8312231,1874
8312770,1873
8313310,1872
8313849,1872
8314388,1872
8314927,1872
8315466,1872
8316009,1873
8316549,1872
8317088,1872
8317628,1874
8318168,1872
8318707,1872
8319247,1874
8319787,1871
8320327,1872
8320866,1872
8321406,1873
8321946,1873
8322486,1872
8323025,1872
8323564,1870
8324103,1872
8324642,1871
8325181,1872
8325720,1872
8326259,1872
8326798,1872
8327338,1872
8327878,1871
8328418,1872
8328957,1872
8329497,1871
8330036,1872
8330576,1871
8331115,1872
8331655,1872
8332194,1872
8332733,1872
8333272,1873
8333812,1872
8334351,1872
8334891,1871
8335430,1872
8335974,1872
8336514,1872
8337053,1872
8337592,1876
8338132,1872
8338671,1870
8339210,1872
8339750,1872
8340289,1872
8340833,1871
8341373,1871
8341912,1872
8342452,1873
8342995,1872
8343536,1872
8344075,1872
8344615,1871
8345154,1870
8345693,1872
8346232,1872
8346772,1872
8347311,1872
8347852,1872
8348391,1872
8348932,1873
8349474,1872
8350013,1871
8350553,1872
8351092,1871
8351632,1872
8352171,1872
8352710,1873
8353249,1871
8353788,1872
8354327,1872
8354866,1872
8355406,1872
8355946,1872
8356486,1874
8357025,1872
8357564,1872
8358103,1872
8358644,1872
8359183,1872
8359723,1872
8360263,1871
8360803,1872
8361343,1872
8361882,1872
8362421,1872
8362961,1872
8363500,1872
8364040,1873
8364580,1872
8365119,1872
8365659,1872
8366198,1872
8366737,1872
8367276,1872
8367815,1872
8368354,1872
8368894,1873
8369433,1872
8369976,1871
8370516,1871
8371056,1872
8371596,1873
8372135,1872
8372675,1872
8373214,1874
8373753,1872
8374292,1871
8374834,1872
8375373,1872
8375912,1871
8376452,1872
8376995,1872
8377535,1872
8378074,1872
8378614,1872
8379154,1872
8379693,1872
8380233,1872
8380772,1875
8381311,1872
8381852,1871
8382392,1872
8382932,1872
8383474,1872
8384013,1872
8384553,1872
8385092,1874
8385631,1872
8386170,1872
8386711,1872
8387250,1872
8387790,1870
8388329,1872
8388869,1872
8389408,1872
8389948,1874
8390487,1871
8391026,1873
8391565,1872
8392105,1873
8392644,1872
8393184,1873
8393723,1872
8394263,1872
8394803,1872
8395342,1872
8395882,1872
8396422,1872
8396961,1872
8397501,1873
8398040,1873
8398579,1872
8399119,1872
8399659,1872
8400198,1872
8400737,1872
8401276,1871
8401815,1872
8402354,1872
8402894,1874
8403433,1872
8403977,1872
8404517,1873
8405056,1872
8405595,1872
8406134,1871
8406674,1872
8407213,1870
8407752,1872
8408291,1872
8408833,1874
8409372,1873
8409913,1872
8410452,1872
8410995,1872
8411534,1872
8412073,1873
8412612,1872
8413151,1872
8413690,1872
8414229,1876
8414769,1870
8415308,1872
8415848,1872
8416388,1872
8416927,1871
8417466,1872
8418009,1872
8418549,1872
8419088,1869
8419627,1872
8420166,1872
8420706,1872
8421246,1872
8421785,1872
8422325,1872
8422865,1872
8423405,1871
8423944,1872
8424484,1871
8425023,1872
8425562,1872
8426101,1870
8426642,1873
8427181,1871
8427720,1872
8428260,1872
8428799,1872
8429339,1874
8429878,1872
8430418,1873
8430957,1874
8431497,1872
8432036,1873
8432576,1872
8433115,1873
8433655,1872
8434194,1872
8434733,1872
8435272,1872
8435811,1872
8436350,1870
8436889,1871
8437428,1875
8437968,1871
8438507,1872
8439047,1874
8439587,1872
8440126,1872
8440666,1872
8441205,1872
8441744,1870
8442283,1872
8442825,1871
8443365,1872
8443904,1872
8444443,1872
8444986,1872
8445526,1874
8446065,1872
8446605,1872
8447145,1872
8447684,1871
8448223,1872
8448763,1872
8449303,1872
8449843,1871
8450382,1872
8450921,1873
8451460,1875
8452003,1873
8452543,1871
8453082,1872
8453623,1873
8454162,1873
8454702,1872
8455241,1872
8455780,1872
8456320,1871
8456864,1872
8457404,1872
8457944,1872
8458483,1871
8459023,1872
8459563,1872
8460102,1872
8460642,1874
8461181,1872
8461721,1873
8462260,1873
8462800,1872
8463340,1872
8463879,1872
8464419,1873
8464959,1873
8465499,1872
8466038,1872
8466578,1872
8467117,1872
8467656,1872
8468195,1872
8468734,1873
8469273,1872
8469813,1872
8470352,1872
8470891,1872
8471431,1871
8471974,1873
8472514,1872
8473053,1874
8473592,1872
8474132,1871
8474672,1872
8475211,1872
8475751,1872
8476290,1872
8476833,1872
8477373,1872
8477913,1873
8478452,1875
8478996,1872
8479536,1874
8480075,1872
8480615,1872
8481154,1873
8481693,1874
8482232,1872
8482771,1872
8483310,1871
8483851,1872
8484391,1871
8484930,1872
8485473,1872
8486013,1872
8486553,1872
8487092,1872
8487632,1872
8488171,1873
8488711,1872
8489250,1872
8489790,1872
8490329,1872
8490870,1872
8491409,1872
8491948,1873
8492487,1872
8493026,1871
8493565,1872
8494104,1873
8494644,1872
8495183,1870
8495723,1873
8496262,1872
8496801,1872
8497341,1872
8497880,1872
8498419,1872
8498958,1872
8499497,1872
8500036,1871
8500575,1872
8501114,1870
8501653,1872
8502192,1872
8502732,1872
8503271,1871
8503811,1873
8504351,1872
8504890,1872
8505429,1872
8505973,1872
8506513,1872
8507052,1872
8507591,1873
8508131,1872
8508671,1872
8509210,1872
8509750,1872
8510289,1872
8510832,1872
8511372,1872
8511912,1872
8512452,1872
8512995,1872
8513534,1871
8514073,1873
8514612,1872
8515151,1872
8515690,1872
8516229,1873
8516769,1872
8517308,1872
8517848,1872
8518387,1872
8518926,1872
8519466,1872
8520009,1872
8520548,1871
8521087,1872
8521626,1872
8522166,1876
8522705,1871
8523245,1872
8523785,1871
8524327,1872
8524866,1872
8525406,1873
8525946,1874
8526486,1872
8527025,1872
8527564,1872
8528104,1872
8528644,1872
8529183,1872
8529723,1871
8530262,1872
8530801,1874
8531340,1874
8531880,1872
8532419,1874
8532959,1874
8533499,1872
8534038,1872
8534577,1872
8535116,1873
8535656,1872
8536195,1874
8536734,1874
8537273,1870
8537813,1872
8538352,1872
8538892,1871
8539431,1872
8539975,1872
8540514,1872
8541054,1872
8541594,1871
8542133,1873
8542673,1873
8543212,1873
8543752,1875
8544292,1871
8544833,1872
8545373,1873
8545913,1872
8546453,1872
8546996,1874
8547535,1872
8548074,1872
8548615,1872
8549154,1873
8549693,1873
8550232,1873
8550772,1872
8551311,1872
8551852,1872
8552392,1872
8552932,1871
8553473,1871
8554012,1873
8554551,1872
8555090,1872
8555631,1874
8556170,1866
8556710,1871
8557249,1872
8557788,1872
8558328,1871
8558867,1872
8559406,1871
8559946,1872
8560485,1872
8561025,1875
8561564,1871
8562104,1872
8562644,1872
8563183,1872
8563723,1872
8564262,1871
8564801,1872
8565341,1872
8565880,1872
8566419,1871
8566958,1871
8567497,1872
8568036,1872
8568576,1872
8569115,1872
8569655,1872
8570194,1872
8570733,1872
8571272,1872
8571811,1871
8572351,1872
8572890,1872
8573429,1872
8573968,1873
8574508,1872
8575047,1872
8575586,1871
8576126,1872
8576666,1872
8577205,1873
8577745,1872
8578284,1870
8578825,1872
8579364,1872
8579904,1872
8580443,1870
8580987,1873
8581526,1872
8582065,1872
8582605,1872
8583144,1872
8583684,1872
8584223,1872
8584764,1872
8585303,1870
8585844,1871
8586383,1873
8586923,1874
8587462,1874
8588006,1872
8588546,1872
8589085,1872
8589625,1871
8590164,1872
8590703,1869
8591242,1872
8591781,1872
8592320,1872
8592863,1872
8593402,1872
8593941,1872
8594480,1872
8595019,1872
8595558,1872
8596098,1872
8596638,1872
8597177,1872
8597717,1872
8598256,1872
8598795,1872
8599334,1872
8599873,1872
8600412,1872
8600951,1873
8601490,1871
8602030,1872
8602570,1872
8603109,1870
8603649,1872
8604188,1872
8604727,1870
8605267,1871
8605806,1872
8606345,1872
8606884,1872
8607423,1872
8607962,1871
8608502,1872
8609041,1871
8609581,1872
8610120,1872
8610659,1873
8611198,1872
8611738,1870
8612277,1872
8612816,1872
8613355,1874
8613894,1873
8614433,1874
8614977,1872
8615517,1875
8616056,1870
8616596,1872
8617135,1872
8617675,1871
8618214,1872
8618754,1872
8619293,1872
8619834,1872
8620373,1872
8620913,1872
8621452,1872
8621996,1872
8622536,1872
8623075,1872
8623615,1872
8624154,1872
8624693,1872
8625233,1872
8625772,1872
8626311,1872
8626852,1872
8627391,1871
8627932,1872
8628473,1873
8629012,1874
8629551,1872
8630090,1872
8630629,1872
8631168,1872
8631707,1872
8632246,1872
8632785,1872
8633324,1872
8633865,1872
8634404,1872
8634944,1871
8635483,1872
8636022,1872
8636563,1872
8637102,1872
8637642,1873
8638181,1873
8638720,1872
8639259,1871
8639798,1873
8640337,1872
8640876,1872
8641415,1872
8641954,1872
8642494,1871
8643033,1872
8643572,1872
8644111,1872
8644650,1872
8645189,1872
8645728,1874
8646268,1872
8646808,1874
8647347,1872
8647886,1872
8648425,1872
8648964,1868
8649504,1872
8650043,1873
8650582,1872
8651121,1873
8651660,1872
8652199,1872
8652739,1872
8653279,1871
8653819,1872
8654359,1872
8654899,1871
8655438,1872
8655982,1872
8656522,1872
8657061,1872
8657601,1872
8658140,1872
8658679,1872
8659218,1871
8659759,1872
8660298,1872
8660838,1872
8661378,1872
8661917,1873
8662456,1872
8663000,1871
8663539,1872
8664078,1873
8664618,1872
8665158,1873
8665698,1872
8666237,1874
8666776,1872
8667316,1873
8667855,1872
8668394,1872
8668934,1872
8669473,1872
8670013,1872
8670552,1872
8671092,1872
8671631,1872
8672170,1871
8672711,1872
8673250,1872
8673790,1873
8674329,1872
8674870,1873
8675409,1872
8675949,1872
8676488,1872
8677027,1872
8677568,1872
8678107,1872
8678646,1872
8679186,1872
8679725,1873
8680264,1872
8680803,1872
8681342,1872
8681881,1872
8682420,1874
8682960,1872
8683500,1874
8684039,1872
8684578,1871
8685117,1872
8685656,1873
8686195,1871
8686734,1873
8687274,1874
8687814,1872
8688353,1874
8688892,1872
8689432,1872
8689975,1872
8690514,1872
8691054,1871
8691594,1872
8692133,1872
8692672,1872
8693212,1871
8693752,1872
8694291,1873
8694832,1872
8695372,1873
8695912,1872
8696452,1872
8696995,1872
8697534,1872
8698073,1872
8698612,1872
8699151,1872
8699690,1872
8700229,1872
8700768,1872
8701308,1871
8701847,1872
8702386,1871
8702926,1872
8703465,1873
8704009,1872
8704548,1872
8705087,1872
8705626,1872
8706165,1872
8706704,1872
8707243,1872
8707782,1872
8708321,1872
8708864,1872
8709403,1872
8709944,1872
8710483,1872
8711023,1872
8711563,1872
8712102,1872
8712642,1872
8713181,1872
8713720,1873
8714260,1872
8714800,1872
8715339,1871
8715879,1872
8716419,1872
8716959,1872
8717498,1872
8718038,1871
8718577,1871
8719116,1873
8719657,1872
8720196,1872
8720736,1870
8721275,1871
8721814,1872
8722353,1872
8722892,1872
8723433,1873
8723976,1872
8724516,1872
8725055,1872
8725595,1871
8726134,1872
8726673,1873
8727212,1872
8727752,1872
8728291,1871
8728833,1872
8729372,1872
8729911,1872
8730450,1872
8730993,1871
8731533,1872
8732073,1872
8732612,1872
8733152,1872
8733692,1872
8734231,1872
8734771,1872
8735310,1871
8735851,1872
8736391,1871
8736930,1873
8737474,1872
8738013,1873
8738552,1872
8739092,1872
8739632,1871
8740171,1871
8740710,1872
8741249,1875
8741789,1872
8742328,1872
8742867,1874
8743406,1872
8743945,1869
8744484,1872
8745024,1871
8745564,1872
8746103,1872
8746642,1872
8747181,1872
8747720,1872
8748260,1872
8748799,1872
8749338,1872
8749877,1872
8750416,1872
8750955,1872
8751495,1872
8752034,1872
8752573,1871
8753113,1872
8753652,1867
8754192,1872
8754732,1871
8755271,1872
8755811,1872
8756350,1872
8756890,1872
8757429,1872
8757973,1872
8758513,1872
8759052,1872
8759592,1872
8760131,1872
8760671,1872
8761211,1872
8761751,1871
8762290,1869
8762833,1871
8763372,1872
8763911,1872
8764450,1873
8764994,1871
8765533,1872
8766072,1873
8766613,1872
8767152,1872
8767691,1874
8768230,1873
8768770,1872
8769310,1872
8769850,1872
8770390,1872
8770929,1872
8771468,1872
8772012,1872
8772551,1872
8773091,1872
8773631,1872
8774170,1872
8774710,1872
8775249,1872
8775788,1872
8776328,1873
8776867,1872
8777406,1872
8777946,1872
8778486,1872
8779025,1872
8779565,1873
8780104,1872
8780644,1872
8781184,1872
8781723,1871
8782263,1873
8782802,1873
8783341,1872
8783881,1872
8784421,1872
8784960,1873
8785500,1872
8786039,1872
8786578,1874
8787117,1872
8787657,1872
8788196,1872
8788736,1871
8789275,1872
8789814,1872
8790353,1871
8790893,1872
8791432,1872
8791976,1872
8792515,1872
8793054,1874
8793593,1872
8794133,1871
8794672,1872
8795212,1872
8795752,1872
8796291,1871
8796833,1872
8797373,1875
8797913,1872
8798452,1871
8798996,1872
8799536,1875
8800075,1872
8800615,1872
8801154,1871
8801693,1871
8802232,1872
8802772,1872
8803311,1872
8803851,1872
8804391,1872
8804931,1872
8805473,1872
8806012,1872
8806551,1872
8807091,1872
8807631,1872
8808170,1871
8808710,1873
8809249,1872
8809788,1872
8810328,1874
8810867,1873
8811407,1873
8811946,1871
8812486,1872
8813025,1872
8813564,1874
8814103,1870
8814642,1872
8815181,1872
8815720,1872
8816259,1872
8816798,1872
8817337,1872
8817876,1871
8818415,1871
8818954,1873
8819494,1872
8820033,1872
8820572,1873
8821111,1872
8821651,1872
8822191,1872
8822731,1872
8823270,1872
8823810,1872
8824350,1872
8824889,1871
8825429,1872
8825968,1872
8826507,1872
8827046,1873
8827585,1872
8828124,1872
8828663,1872
8829202,1872
8829741,1869
8830280,1872
8830821,1872
8831360,1872
8831900,1872
8832439,1872
8832983,1872
8833522,1872
8834061,1872
8834600,1872
8835140,1872
8835679,1872
8836219,1872
8836758,1872
8837297,1872
8837838,1873
8838378,1872
8838917,1871
8839456,1872
8839999,1872
8840539,1871
8841079,1871
# end
