# sketch,characterise_v2loop
# mode_number,2
# mode_name,2_freerun_ts_before
# label,C_b3
# ---- CHECK THE THREE LINES ABOVE BEFORE YOU KEEP THIS CAPTURE ----
# waiting 600 s for thermal settle - press any key to skip
# warm 0 s
# ----------------------------------------------------------
# n,16384
# fs_hz_window,1853.0617
# span_s,8.841044
# dt_mean_us,539.6144
# dt_sd_us,1.0073
# dt_min_us,539
# dt_max_us,545
# fs_hz_from_mean,1853.1751
# mean_code,1872.1941
# sd_code,0.9723
# min_code,1865
# max_code,1879
# mean_volts,1.508728
# sd_millivolts,0.7835
# adc,12bit_default_11dB_attenuation
# conv,linear_3.3_over_4095
# ----------------------------------------------------------
t_us,code
1,1872
542,1872
1081,1874
1625,1872
2164,1872
2703,1872
3242,1874
3781,1875
4320,1872
4860,1874
5399,1872
5939,1875
6478,1873
7018,1872
7558,1872
8098,1875
8637,1873
9177,1872
9716,1872
10257,1872
10796,1875
11335,1872
11874,1872
12415,1873
12955,1874
13494,1872
14034,1877
14574,1873
15113,1874
15652,1872
16192,1872
16731,1873
17270,1872
17809,1873
18349,1872
18889,1872
19428,1876
19967,1875
20507,1875
21047,1873
21586,1873
22126,1872
22665,1873
23206,1872
23745,1873
24285,1873
24824,1872
25363,1872
25902,1875
26442,1872
26981,1872
27520,1872
28059,1875
28603,1869
29143,1872
29682,1872
30221,1872
30760,1871
31299,1872
31838,1872
32377,1874
32916,1873
33458,1872
33997,1872
34538,1873
35078,1872
35621,1874
36160,1873
36700,1873
37240,1872
37779,1871
38320,1874
38859,1872
39399,1872
39938,1872
40478,1872
41017,1872
41557,1872
42097,1872
42636,1872
43176,1871
43715,1873
44255,1873
44794,1875
45333,1877
45872,1873
46411,1873
46950,1872
47490,1872
48030,1872
48570,1872
49109,1872
49648,1873
50187,1878
50727,1872
51267,1872
51806,1872
52346,1872
52885,1874
53424,1873
53963,1871
54502,1874
55041,1872
55581,1872
56120,1874
56660,1872
57200,1873
57739,1872
58278,1873
58817,1873
59358,1874
59897,1872
60436,1873
60976,1874
61515,1873
62055,1873
62598,1872
63138,1872
63677,1872
64217,1871
64756,1873
65295,1871
65834,1871
66374,1872
66913,1871
67456,1873
67995,1873
68534,1872
69073,1873
69617,1873
70157,1873
70696,1873
71235,1877
71774,1872
72313,1874
72852,1872
73391,1872
73930,1873
74471,1872
75010,1873
75551,1873
76091,1873
76634,1873
77174,1874
77713,1873
78252,1872
78791,1873
79330,1874
79870,1873
80410,1872
80949,1873
81489,1875
82028,1872
82568,1874
83108,1872
83647,1873
84186,1872
84726,1871
85266,1871
85805,1872
86344,1872
86883,1873
87422,1875
87961,1874
88501,1872
89041,1872
89581,1872
90120,1872
90660,1872
91199,1872
91738,1873
92277,1872
92817,1872
93357,1872
93896,1873
94435,1872
94974,1877
95513,1874
96052,1872
96591,1872
97131,1872
97670,1873
98209,1872
98748,1873
99288,1872
99828,1873
100368,1872
100907,1872
101448,1873
101987,1872
102526,1873
103065,1872
103609,1875
104149,1872
104688,1872
105227,1872
105766,1873
106306,1873
106845,1872
107384,1874
107923,1872
108463,1873
109003,1874
109542,1872
110082,1872
110625,1872
111164,1872
111703,1872
112242,1873
112782,1872
113322,1873
113861,1872
114401,1872
114940,1873
115482,1872
116021,1873
116561,1874
117100,1872
117640,1872
118179,1874
118718,1872
119257,1872
119797,1869
120337,1873
120876,1872
121416,1872
121956,1872
122495,1872
123035,1873
123574,1875
124113,1872
124652,1875
125191,1871
125730,1872
126270,1872
126809,1874
127348,1872
127887,1872
128426,1874
128965,1872
129504,1873
130043,1872
130583,1872
131123,1872
131662,1872
132201,1872
132740,1874
133279,1875
133818,1872
134357,1871
134896,1873
135436,1872
135975,1872
136514,1873
137053,1872
137597,1872
138137,1873
138676,1875
139215,1872
139755,1872
140294,1873
140833,1872
141372,1872
141911,1872
142451,1873
142990,1873
143530,1872
144069,1872
144612,1874
145151,1872
145690,1875
146229,1873
146768,1873
147307,1872
147846,1871
148387,1872
148926,1869
149466,1872
150005,1874
150545,1872
151084,1872
151627,1873
152167,1872
152707,1872
153247,1871
153786,1872
154326,1872
154865,1873
155404,1873
155945,1872
156488,1873
157028,1874
157568,1872
158107,1872
158647,1872
159187,1872
159726,1872
160266,1872
160805,1872
161344,1870
161884,1872
162424,1872
162963,1872
163503,1872
164042,1873
164582,1872
165122,1872
165661,1873
166201,1872
166740,1872
167279,1875
167818,1872
168358,1873
168897,1872
169436,1872
169976,1872
170515,1873
171054,1872
171598,1872
172137,1872
172676,1873
173216,1872
173756,1873
174295,1872
174835,1873
175375,1872
175914,1871
176457,1873
176996,1872
177536,1872
178075,1872
178619,1872
179159,1871
179698,1872
180238,1872
180777,1872
181316,1872
181855,1872
182394,1872
182933,1871
183474,1872
184013,1873
184552,1874
185091,1872
185634,1872
186174,1872
186713,1874
187253,1872
187792,1872
188332,1872
188871,1872
189410,1873
189949,1872
190489,1872
191028,1871
191569,1872
192109,1872
192648,1871
193187,1872
193727,1873
194267,1873
194806,1870
195346,1873
195885,1872
196424,1871
196963,1872
197503,1872
198042,1872
198581,1872
199120,1873
199660,1873
200199,1873
200738,1872
201278,1873
201817,1871
202356,1872
202895,1872
203435,1872
203974,1872
204514,1872
205054,1872
205597,1873
206137,1872
206676,1872
207216,1871
207755,1872
208295,1872
208834,1872
209374,1874
209913,1872
210456,1872
210995,1872
211535,1873
212075,1874
212618,1872
213158,1872
213697,1872
214238,1873
214777,1871
215316,1872
215855,1872
216394,1872
216933,1871
217474,1873
218014,1872
218553,1871
219097,1872
219636,1872
220176,1869
220715,1872
221254,1871
221794,1871
222334,1872
222873,1872
223413,1873
223952,1873
224491,1872
225030,1872
225569,1872
226109,1872
226648,1873
227187,1872
227726,1872
228266,1872
228806,1872
229346,1872
229885,1872
230424,1872
230963,1872
231502,1872
232042,1875
232582,1872
233122,1872
233661,1872
234201,1872
234740,1872
235279,1872
235818,1872
236357,1872
236897,1872
237436,1872
237975,1873
238514,1873
239054,1873
239597,1872
240137,1872
240676,1872
241215,1872
241755,1873
242294,1874
242833,1873
243373,1872
243913,1872
244456,1872
244996,1874
245535,1870
246075,1872
246618,1872
247158,1869
247697,1872
248236,1872
248776,1872
249315,1872
249855,1872
250395,1872
250934,1872
251475,1872
252014,1872
252553,1873
253097,1872
253636,1872
254175,1874
254714,1872
255253,1872
255792,1873
256331,1872
256871,1872
257410,1872
257949,1873
258489,1872
259028,1872
259567,1872
260107,1874
260646,1873
261185,1875
261724,1872
262265,1872
262804,1872
263343,1872
263883,1872
264423,1872
264962,1875
265501,1872
266041,1872
266580,1871
267119,1872
267659,1872
268199,1873
268738,1871
269278,1872
269817,1871
270357,1872
270896,1872
271435,1872
271974,1871
272514,1873
273053,1872
273597,1872
274137,1872
274676,1872
275215,1872
275755,1873
276294,1871
276833,1872
277372,1871
277911,1872
278451,1872
278990,1872
279530,1872
280069,1872
280613,1872
281152,1872
281691,1873
282231,1872
282770,1874
283309,1872
283849,1872
284389,1872
284928,1872
285468,1871
286008,1874
286548,1872
287087,1873
287631,1873
288171,1872
288710,1872
289249,1872
289788,1871
290328,1872
290867,1872
291406,1872
291947,1872
292488,1872
293028,1872
293567,1875
294106,1872
294646,1872
295186,1872
295725,1872
296265,1872
296804,1873
297343,1872
297882,1873
298422,1873
298961,1872
299500,1872
300039,1872
300578,1872
301118,1873
301657,1872
302197,1873
302736,1873
303275,1872
303814,1872
304353,1872
304892,1872
305431,1872
305970,1872
306510,1872
307049,1872
307588,1872
308127,1873
308667,1871
309206,1871
309745,1872
310286,1872
310825,1872
311364,1872
311904,1873
312444,1872
312983,1873
313523,1872
314062,1873
314605,1872
315146,1871
315685,1872
316225,1869
316764,1872
317303,1872
317842,1872
318381,1872
318920,1872
319460,1872
320000,1872
320540,1873
321079,1872
321623,1872
322163,1873
322702,1872
323241,1872
323781,1873
324321,1872
324860,1872
325400,1870
325939,1873
326479,1872
327020,1872
327559,1872
328099,1874
328638,1872
329178,1872
329717,1872
330257,1872
330796,1872
331336,1872
331875,1872
332414,1872
332954,1872
333494,1871
334034,1872
334574,1874
335113,1872
335653,1872
336193,1873
336732,1872
337272,1873
337811,1877
338350,1873
338890,1872
339429,1872
339968,1873
340507,1872
341047,1872
341587,1872
342126,1872
342666,1872
343206,1872
343745,1875
344285,1872
344824,1872
345363,1873
345903,1872
346444,1872
346983,1872
347523,1872
348062,1872
348606,1873
349145,1872
349684,1872
350223,1872
350763,1875
351302,1872
351842,1873
352382,1872
352921,1872
353462,1873
354001,1872
354540,1873
355079,1872
355622,1872
356161,1871
356701,1874
357240,1873
357780,1872
358320,1872
358859,1872
359399,1872
359938,1871
360478,1872
361017,1872
361557,1873
362097,1873
362636,1872
363176,1872
363715,1871
364254,1872
364794,1875
365334,1872
365873,1872
366412,1873
366951,1872
367490,1873
368029,1872
368568,1872
369108,1873
369647,1871
370187,1872
370727,1871
371267,1872
371806,1872
372345,1872
372885,1872
373424,1874
373964,1873
374504,1875
375044,1874
375584,1873
376123,1872
376662,1872
377202,1872
377742,1872
378281,1872
378820,1872
379361,1873
379900,1872
380439,1872
380978,1872
381517,1872
382057,1872
382600,1872
383139,1874
383678,1873
384219,1872
384758,1872
385297,1875
385836,1875
386376,1872
386916,1872
387457,1871
387996,1872
388536,1872
389075,1872
389619,1872
390158,1872
390697,1872
391238,1872
391777,1872
392316,1872
392855,1872
393394,1872
393933,1872
394473,1874
395013,1872
395553,1874
396096,1873
396636,1873
397176,1872
397715,1872
398254,1871
398793,1872
399334,1872
399873,1872
400413,1872
400952,1872
401491,1872
402030,1872
402570,1872
403110,1872
403649,1871
404189,1871
404728,1873
405268,1877
405807,1873
406347,1872
406886,1872
407425,1872
407966,1873
408505,1875
409045,1872
409584,1872
410124,1872
410663,1872
411202,1873
411741,1872
412280,1874
412819,1874
413360,1872
413899,1873
414438,1875
414977,1872
415517,1872
416057,1872
416600,1870
417140,1872
417679,1873
418219,1872
418758,1872
419297,1872
419837,1871
420376,1874
420916,1872
421457,1871
421996,1873
422536,1873
423076,1872
423619,1873
424158,1873
424697,1872
425237,1872
425776,1872
426315,1872
426855,1873
427395,1872
427934,1865
428474,1872
429014,1872
429553,1872
430097,1872
430636,1875
431175,1876
431714,1872
432253,1872
432792,1872
433333,1874
433872,1873
434411,1872
434951,1874
435490,1875
436029,1874
436568,1872
437108,1872
437647,1872
438186,1872
438725,1872
439264,1873
439804,1872
440343,1872
440883,1872
441422,1872
441961,1872
442500,1872
443039,1872
443578,1874
444117,1873
444656,1872
445195,1873
445734,1872
446274,1873
446813,1872
447354,1872
447893,1872
448433,1872
448973,1873
449512,1872
450051,1873
450590,1872
451130,1873
451669,1873
452208,1872
452747,1872
453286,1872
453825,1872
454366,1872
454905,1872
455445,1873
455985,1872
456525,1873
457065,1872
457609,1873
458149,1872
458688,1873
459228,1872
459767,1872
460306,1873
460845,1872
461386,1873
461925,1871
462464,1872
463004,1872
463544,1872
464084,1872
464627,1872
465167,1872
465706,1872
466245,1872
466784,1872
467323,1872
467862,1872
468402,1871
468941,1872
469482,1872
470021,1871
470561,1872
471101,1873
471640,1872
472180,1874
472719,1873
473259,1872
473798,1872
474338,1875
474877,1872
475417,1872
475957,1873
476497,1872
477036,1872
477575,1873
478114,1872
478654,1872
479194,1872
479733,1873
480274,1872
480813,1872
481353,1872
481892,1871
482431,1872
482970,1872
483510,1871
484050,1872
484590,1872
485130,1875
485669,1872
486208,1872
486747,1871
487286,1873
487826,1872
488366,1870
488905,1872
489445,1872
489985,1871
490525,1872
491064,1873
491608,1872
492147,1872
492687,1874
493227,1872
493766,1872
494306,1872
494845,1872
495384,1872
495923,1872
496463,1873
497002,1870
497541,1872
498081,1872
498625,1872
499165,1872
499704,1871
500244,1873
500783,1874
501323,1872
501862,1872
502401,1872
502940,1872
503482,1872
504021,1872
504560,1872
505099,1872
505639,1873
506178,1872
506717,1874
507257,1871
507796,1872
508336,1873
508875,1872
509414,1872
509954,1874
510494,1872
511033,1872
511573,1874
512112,1872
512651,1872
513191,1872
513730,1873
514270,1872
514809,1873
515349,1873
515888,1872
516427,1872
516966,1872
517505,1872
518044,1873
518584,1873
519124,1870
519663,1872
520202,1872
520741,1872
521281,1872
521821,1872
522360,1871
522899,1872
523438,1872
523977,1872
524516,1873
525055,1872
525599,1873
526139,1872
526678,1873
527218,1872
527757,1873
528296,1873
528835,1875
529374,1872
529913,1872
530456,1872
530995,1874
531535,1872
532075,1873
532618,1872
533158,1872
533697,1871
534237,1872
534776,1873
535315,1872
535854,1873
536395,1873
536934,1872
537475,1872
538014,1871
538553,1872
539096,1872
539636,1873
540176,1872
540715,1872
541254,1878
541793,1872
542334,1872
542873,1872
543413,1873
543952,1872
544492,1872
545031,1872
545571,1872
546111,1872
546650,1873
547190,1872
547729,1871
548269,1872
548808,1872
549348,1872
549887,1872
550427,1873
550966,1872
551506,1875
552045,1873
552585,1872
553125,1872
553664,1872
554204,1874
554743,1869
555282,1875
555821,1872
556361,1873
556900,1873
557439,1872
557978,1872
558517,1872
559056,1872
559600,1871
560139,1870
560678,1872
561219,1872
561758,1872
562298,1872
562837,1872
563376,1872
563915,1872
564457,1872
564996,1872
565535,1872
566075,1872
566619,1872
567158,1874
567697,1872
568237,1872
568776,1872
569316,1870
569855,1872
570394,1873
570933,1872
571474,1872
572013,1872
572552,1872
573091,1872
573634,1871
574173,1872
574713,1872
575253,1873
575792,1872
576331,1872
576870,1872
577409,1872
577949,1872
578489,1872
579028,1873
579567,1872
580106,1872
580646,1873
581185,1872
581724,1872
582265,1871
582804,1871
583343,1872
583882,1873
584422,1872
584961,1871
585500,1872
586039,1874
586578,1870
587117,1872
587656,1872
588195,1872
588734,1872
589273,1872
589812,1873
590351,1872
590891,1872
591430,1870
591969,1872
592509,1873
593048,1872
593589,1877
594129,1872
594668,1872
595207,1873
595746,1874
596285,1872
596825,1872
597365,1871
597904,1872
598444,1872
598983,1872
599523,1872
600062,1872
600606,1872
601145,1873
601684,1872
602225,1873
602764,1873
603303,1872
603842,1876
604381,1873
604921,1872
605462,1873
606001,1872
606540,1872
607080,1872
607623,1872
608163,1872
608702,1872
609242,1875
609781,1872
610320,1873
610859,1872
611400,1873
611939,1872
612480,1872
613019,1872
613559,1872
614098,1871
614637,1873
615176,1872
615716,1872
616255,1873
616795,1872
617335,1872
617874,1873
618414,1872
618954,1872
619494,1873
620033,1872
620572,1874
621111,1872
621650,1873
622190,1872
622729,1872
623268,1874
623807,1872
624347,1874
624886,1874
625426,1872
625965,1872
626505,1873
627044,1872
627583,1872
628123,1873
628662,1872
629201,1873
629741,1873
630280,1872
630820,1874
631360,1875
631899,1874
632438,1873
632978,1872
633518,1872
634057,1871
634601,1872
635140,1873
635679,1872
636219,1872
636758,1873
637298,1874
637837,1872
638376,1872
638915,1872
639458,1872
639997,1872
640536,1872
641076,1874
641619,1872
642158,1872
642697,1870
643236,1872
643776,1872
644315,1875
644854,1873
645395,1872
645934,1872
646475,1875
647014,1872
647555,1873
648097,1875
648636,1872
649176,1872
649715,1872
650255,1873
650794,1873
651333,1871
651872,1873
652412,1873
652951,1873
653491,1870
654030,1872
654570,1872
655109,1872
655649,1876
656189,1872
656728,1871
657267,1874
657806,1873
658347,1872
658886,1872
659426,1872
659965,1872
660505,1872
661044,1872
661584,1872
662123,1872
662663,1874
663203,1872
663742,1872
664282,1872
664821,1872
665360,1872
665899,1872
666438,1872
666977,1872
667517,1875
668056,1872
668599,1872
669138,1872
669678,1873
670218,1872
670757,1873
671297,1871
671836,1872
672376,1872
672915,1871
673458,1872
673997,1872
674537,1872
675077,1871
675620,1872
676159,1872
676698,1874
677237,1872
677776,1872
678315,1872
678854,1873
679394,1872
679933,1872
680474,1873
681013,1872
681552,1873
682091,1872
682634,1871
683173,1872
683713,1872
684253,1873
684792,1872
685331,1871
685871,1872
686410,1872
686950,1872
687489,1873
688028,1872
688567,1877
689106,1872
689646,1871
690185,1875
690724,1872
691265,1872
691804,1872
692343,1872
692882,1872
693421,1872
693961,1872
694501,1873
695041,1873
695581,1872
696120,1872
696660,1873
697200,1872
697739,1872
698279,1872
698818,1871
699357,1872
699896,1875
700435,1872
700974,1872
701513,1872
702052,1873
702591,1872
703131,1871
703670,1872
704211,1872
704750,1872
705289,1872
705829,1873
706368,1872
706907,1873
707449,1872
707988,1872
708527,1873
709067,1872
709610,1872
710150,1872
710689,1872
711228,1869
711767,1873
712307,1872
712846,1872
713386,1874
713926,1869
714465,1872
715004,1868
715543,1873
716082,1874
716625,1872
717165,1870
717704,1872
718243,1872
718782,1872
719322,1872
719862,1872
720402,1871
720941,1872
721482,1872
722021,1872
722561,1873
723100,1872
723640,1874
724180,1874
724719,1871
725259,1872
725798,1873
726338,1872
726877,1872
727418,1875
727957,1872
728497,1872
729037,1872
729576,1872
730116,1872
730655,1872
731194,1871
731733,1872
732273,1872
732813,1873
733353,1872
733892,1873
734431,1872
734970,1871
735510,1872
736050,1872
736590,1872
737129,1872
737669,1871
738208,1872
738748,1872
739287,1872
739826,1873
740366,1871
740905,1872
741446,1873
741985,1873
742524,1876
743063,1872
743606,1877
744145,1873
744684,1872
745225,1872
745764,1872
746303,1872
746842,1872
747382,1872
747921,1872
748461,1872
749001,1872
749541,1872
750081,1874
750624,1873
751164,1873
751703,1873
752243,1875
752782,1872
753321,1872
753860,1872
754399,1872
754939,1873
755478,1872
756017,1872
756556,1870
757097,1872
757636,1872
758176,1874
758715,1872
759254,1872
759794,1872
760334,1873
760873,1872
761412,1873
761951,1872
762490,1871
763030,1873
763570,1872
764110,1872
764649,1872
765189,1872
765728,1872
766267,1872
766806,1872
767345,1873
767885,1872
768425,1872
768964,1872
769504,1872
770043,1871
770583,1872
771123,1872
771662,1874
772201,1873
772740,1875
773279,1872
773818,1872
774357,1875
774896,1872
775436,1872
775976,1872
776516,1875
777055,1874
777600,1872
778140,1872
778679,1872
779218,1874
779757,1872
780297,1873
780836,1872
781376,1873
781916,1872
782457,1873
782996,1872
783536,1872
784075,1871
784618,1875
785157,1872
785697,1873
786237,1872
786776,1872
787316,1872
787855,1872
788394,1874
788933,1872
789473,1872
790012,1873
790551,1872
791090,1872
791633,1872
792173,1872
792712,1874
793252,1872
793791,1872
794330,1872
794870,1872
795410,1872
795949,1874
796489,1872
797028,1874
797568,1873
798108,1872
798647,1872
799187,1873
799726,1872
800265,1872
800804,1872
801343,1872
801882,1872
802421,1872
802960,1872
803500,1873
804039,1871
804578,1872
805118,1872
805657,1872
806197,1873
806736,1872
807275,1872
807814,1872
808354,1872
808893,1872
809432,1872
809972,1874
810512,1872
811051,1872
811592,1873
812132,1872
812671,1872
813210,1871
813749,1872
814289,1873
814829,1871
815369,1872
815908,1872
816448,1872
816988,1872
817527,1872
818067,1873
818610,1869
819150,1872
819689,1872
820228,1872
820767,1872
821306,1872
821845,1871
822384,1872
822923,1870
823463,1872
824002,1872
824541,1872
825080,1872
825623,1871
826163,1872
826702,1872
827242,1872
827781,1872
828320,1872
828859,1872
829399,1873
829938,1872
830478,1872
831018,1872
831558,1872
832098,1873
832637,1871
833177,1872
833716,1872
834255,1873
834795,1872
835334,1872
835873,1872
836414,1873
836954,1872
837493,1872
838032,1872
838571,1872
839110,1872
839649,1873
840188,1872
840727,1872
841266,1872
841805,1872
842344,1873
842883,1873
843423,1873
843962,1872
844502,1872
845041,1872
845580,1872
846119,1873
846658,1872
847199,1877
847738,1872
848278,1872
848817,1872
849356,1874
849895,1873
850434,1872
850974,1873
851513,1871
852052,1873
852593,1872
853133,1872
853672,1872
854212,1873
854751,1872
855291,1872
855830,1872
856370,1875
856909,1872
857449,1871
857988,1873
858527,1871
859066,1872
859609,1872
860149,1872
860689,1872
861228,1872
861768,1871
862308,1873
862847,1872
863387,1872
863926,1872
864466,1872
865005,1873
865544,1871
866083,1872
866626,1874
867166,1874
867706,1872
868246,1874
868785,1872
869325,1872
869864,1872
870403,1872
870943,1872
871483,1873
872022,1872
872561,1873
873100,1875
873639,1872
874178,1872
874717,1871
875258,1872
875797,1872
876336,1872
876876,1872
877415,1872
877954,1874
878493,1874
879032,1872
879571,1872
880110,1872
880649,1872
881188,1872
881727,1872
882266,1873
882805,1873
883346,1872
883885,1874
884424,1872
884963,1872
885503,1872
886042,1872
886583,1872
887123,1871
887662,1872
888202,1872
888741,1874
889281,1872
889820,1872
890359,1872
890898,1872
891437,1874
891976,1872
892516,1872
893055,1872
893600,1874
894139,1873
894678,1872
895217,1872
895757,1872
896297,1873
896836,1872
897375,1872
897914,1872
898456,1872
898995,1872
899534,1872
900073,1872
900617,1872
901156,1872
901696,1872
902235,1872
902775,1872
903315,1873
903854,1872
904394,1872
904933,1872
905474,1872
906014,1872
906553,1872
907097,1873
907636,1872
908176,1871
908715,1873
909254,1874
909794,1872
910333,1872
910872,1872
911412,1872
911951,1872
912490,1872
913029,1873
913568,1874
914107,1873
914647,1872
915186,1872
915726,1872
916266,1875
916805,1872
917346,1872
917885,1872
918424,1872
918963,1872
919502,1873
920041,1872
920580,1872
921119,1872
921658,1872
922197,1872
922736,1872
923276,1874
923816,1872
924356,1873
924895,1874
925434,1872
925973,1872
926513,1873
927052,1872
927592,1872
928132,1873
928671,1872
929211,1870
929750,1872
930289,1873
930829,1872
931368,1872
931907,1872
932448,1872
932987,1872
933526,1872
934065,1872
934608,1872
935147,1872
935687,1873
936226,1871
936765,1877
937304,1872
937843,1872
938382,1872
938922,1872
939461,1872
940001,1872
940541,1872
941080,1875
941624,1871
942164,1872
942703,1872
943242,1872
943781,1872
944321,1872
944860,1874
945399,1872
945939,1872
946479,1872
947020,1872
947559,1872
948098,1872
948637,1872
949177,1873
949717,1872
950257,1872
950796,1873
951335,1872
951874,1872
952413,1873
952952,1874
953491,1872
954030,1869
954569,1873
955110,1872
955649,1872
956188,1873
956727,1872
957266,1872
957805,1872
958344,1872
958884,1870
959423,1872
959962,1874
960501,1872
961040,1872
961579,1872
962118,1872
962657,1872
963197,1872
963736,1872
964275,1872
964815,1872
965354,1872
965893,1873
966432,1872
966972,1872
967511,1872
968050,1872
968590,1872
969129,1872
969669,1872
970208,1872
970748,1872
971287,1872
971826,1872
972365,1872
972904,1872
973444,1872
973983,1872
974523,1874
975062,1872
975606,1873
976145,1873
976684,1872
977223,1872
977762,1872
978301,1873
978840,1872
979380,1873
979919,1872
980459,1874
980998,1873
981537,1872
982076,1872
982619,1873
983158,1872
983698,1872
984238,1872
984777,1874
985316,1873
985855,1872
986394,1872
986933,1870
987474,1872
988013,1872
988552,1872
989091,1871
989634,1872
990173,1872
990713,1872
991252,1873
991791,1872
992330,1872
992869,1875
993408,1872
993948,1872
994488,1873
995028,1874
995567,1872
996107,1870
996646,1875
997186,1874
997726,1872
998265,1872
998805,1872
999345,1874
999884,1872
1000424,1874
1000963,1871
1001503,1871
1002042,1872
1002581,1871
1003120,1872
1003660,1874
1004199,1871
1004739,1872
1005279,1872
1005818,1872
1006357,1872
1006896,1871
1007436,1872
1007975,1875
1008515,1872
1009054,1875
1009598,1872
1010137,1872
1010676,1872
1011215,1875
1011755,1872
1012295,1872
1012834,1874
1013373,1872
1013912,1872
1014456,1872
1014996,1873
1015536,1872
1016075,1872
1016618,1872
1017158,1872
1017697,1874
1018237,1873
1018776,1872
1019315,1872
1019854,1872
1020394,1873
1020933,1872
1021474,1872
1022014,1871
1022554,1872
1023097,1872
1023636,1872
1024175,1874
1024715,1875
1025254,1872
1025794,1872
1026334,1872
1026873,1872
1027413,1872
1027952,1875
1028492,1871
1029032,1872
1029571,1873
1030111,1872
1030650,1872
1031190,1873
1031729,1875
1032268,1875
1032807,1872
1033347,1872
1033886,1872
1034426,1872
1034965,1872
1035505,1872
1036045,1873
1036585,1873
1037124,1874
1037663,1872
1038203,1872
1038742,1873
1039282,1872
1039821,1872
1040360,1872
1040899,1872
1041439,1875
1041979,1873
1042518,1872
1043057,1876
1043601,1873
1044140,1872
1044679,1875
1045218,1872
1045757,1873
1046297,1872
1046836,1871
1047375,1872
1047914,1871
1048456,1872
1048995,1873
1049534,1872
1050073,1872
1050617,1873
1051156,1872
1051695,1872
1052234,1872
1052773,1872
1053314,1872
1053853,1872
1054393,1873
1054932,1872
1055472,1873
1056011,1872
1056551,1873
1057090,1872
1057634,1872
1058173,1872
1058712,1872
1059252,1873
1059791,1872
1060330,1872
1060869,1872
1061408,1871
1061947,1871
1062489,1872
1063028,1872
1063567,1873
1064106,1872
1064646,1873
1065185,1872
1065725,1872
1066264,1872
1066804,1874
1067343,1872
1067883,1872
1068423,1872
1068962,1871
1069501,1872
1070040,1872
1070579,1872
1071119,1872
1071658,1873
1072199,1872
1072738,1872
1073278,1872
1073817,1873
1074356,1874
1074895,1872
1075435,1872
1075974,1874
1076513,1872
1077052,1871
1077591,1872
1078131,1872
1078670,1872
1079210,1872
1079749,1872
1080288,1872
1080827,1874
1081368,1871
1081907,1872
1082449,1872
1082988,1872
1083528,1873
1084068,1872
1084611,1872
1085151,1871
1085690,1872
1086230,1872
1086769,1872
1087308,1872
1087848,1873
1088388,1873
1088927,1867
1089467,1873
1090007,1872
1090546,1872
1091085,1874
1091629,1872
1092169,1872
1092708,1872
1093247,1872
1093786,1873
1094327,1872
1094866,1872
1095406,1872
1095945,1873
1096487,1873
1097026,1872
1097566,1872
1098106,1872
1098645,1872
1099185,1872
1099724,1872
1100263,1874
1100803,1872
1101342,1873
1101882,1873
1102422,1872
1102961,1872
1103500,1873
1104039,1873
1104578,1872
1105118,1872
1105657,1872
1106198,1872
1106737,1872
1107276,1872
1107815,1873
1108354,1872
1108893,1871
1109432,1872
1109972,1873
1110512,1872
1111051,1872
1111590,1872
1112130,1872
1112669,1872
1113208,1872
1113747,1872
1114286,1872
1114825,1873
1115365,1872
1115904,1872
1116444,1872
1116983,1872
1117522,1874
1118062,1873
1118605,1872
1119144,1872
1119683,1872
1120222,1872
1120762,1873
1121302,1872
1121841,1871
1122380,1871
1122919,1872
1123459,1872
1123998,1872
1124539,1872
1125078,1872
1125622,1872
1126162,1872
1126701,1872
1127240,1872
1127779,1872
1128319,1872
1128858,1872
1129397,1872
1129937,1872
1130476,1872
1131015,1873
1131554,1871
1132097,1874
1132636,1872
1133175,1872
1133715,1872
1134254,1872
1134794,1872
1135334,1872
1135873,1872
1136413,1873
1136952,1871
1137491,1873
1138031,1871
1138570,1872
1139110,1872
1139649,1875
1140188,1872
1140728,1875
1141267,1873
1141806,1872
1142345,1873
1142885,1872
1143424,1872
1143963,1872
1144503,1873
1145042,1872
1145581,1873
1146120,1872
1146660,1872
1147200,1872
1147739,1872
1148279,1874
1148818,1872
1149357,1872
1149896,1872
1150435,1871
1150974,1874
1151513,1871
1152052,1873
1152591,1872
1153131,1872
1153670,1871
1154211,1872
1154750,1872
1155289,1871
1155828,1872
1156368,1873
1156907,1874
1157449,1872
1157988,1874
1158529,1873
1159069,1873
1159612,1872
1160151,1872
1160690,1873
1161230,1872
1161769,1875
1162308,1874
1162847,1872
1163387,1874
1163926,1870
1164466,1874
1165006,1873
1165545,1872
1166084,1873
1166627,1872
1167167,1872
1167707,1873
1168246,1872
1168785,1872
1169325,1872
1169864,1872
1170404,1872
1170943,1871
1171488,1872
1172027,1872
1172566,1872
1173106,1872
1173645,1871
1174185,1873
1174724,1874
1175263,1872
1175803,1874
1176342,1872
1176882,1872
1177422,1874
1177961,1872
1178502,1872
1179042,1874
1179581,1871
1180120,1872
1180660,1873
1181200,1872
1181739,1870
1182279,1871
1182818,1872
1183357,1871
1183897,1872
1184437,1872
1184976,1872
1185516,1872
1186055,1872
1186599,1873
1187139,1872
1187679,1873
1188219,1872
1188758,1873
1189297,1872
1189837,1872
1190376,1872
1190916,1872
1191456,1873
1191995,1872
1192535,1872
1193075,1872
1193618,1872
1194157,1874
1194696,1875
1195235,1872
1195774,1872
1196313,1874
1196852,1872
1197391,1874
1197930,1871
1198470,1872
1199009,1874
1199549,1872
1200088,1874
1200632,1872
1201173,1872
1201712,1872
1202251,1872
1202791,1874
1203330,1872
1203870,1872
1204409,1874
1204949,1872
1205489,1877
1206028,1873
1206567,1872
1207106,1872
1207646,1873
1208186,1874
1208725,1873
1209265,1872
1209804,1871
1210343,1872
1210882,1874
1211421,1874
1211960,1872
1212500,1872
1213040,1872
1213579,1872
1214118,1872
1214658,1872
1215198,1872
1215737,1872
1216276,1873
1216815,1872
1217354,1872
1217893,1872
1218434,1872
1218973,1872
1219514,1872
1220053,1874
1220596,1875
1221136,1874
1221675,1872
1222214,1872
1222754,1872
1223293,1874
1223832,1872
1224373,1872
1224912,1872
1225456,1872
1225995,1872
1226534,1872
1227073,1874
1227616,1873
1228157,1872
1228696,1875
1229235,1874
1229774,1875
1230314,1872
1230853,1872
1231393,1871
1231932,1871
1232472,1872
1233011,1872
1233551,1872
1234090,1872
1234633,1872
1235172,1872
1235712,1872
1236252,1872
1236791,1872
1237331,1872
1237870,1872
1238409,1873
1238949,1873
1239489,1873
1240028,1872
1240567,1871
1241106,1872
1241646,1872
1242186,1872
1242725,1873
1243265,1872
1243804,1873
1244343,1874
1244883,1872
1245422,1873
1245962,1874
1246501,1875
1247040,1872
1247579,1872
1248119,1872
1248658,1872
1249198,1872
1249737,1873
1250276,1871
1250816,1872
1251355,1872
1251894,1872
1252433,1872
1252973,1872
1253513,1872
1254053,1873
1254593,1872
1255133,1870
1255672,1872
1256212,1872
1256751,1875
1257292,1872
1257831,1872
1258370,1872
1258910,1872
1259451,1872
1259990,1872
1260530,1872
1261069,1872
1261613,1872
1262153,1872
1262692,1872
1263232,1872
1263771,1872
1264312,1874
1264851,1872
1265390,1872
1265930,1872
1266469,1872
1267008,1872
1267547,1872
1268086,1872
1268630,1872
1269170,1871
1269709,1872
1270248,1872
1270787,1872
1271326,1872
1271865,1875
1272404,1872
1272943,1872
1273487,1872
1274027,1872
1274566,1872
1275105,1872
1275645,1872
1276185,1872
1276724,1872
1277263,1872
1277802,1874
1278342,1873
1278882,1871
1279422,1873
1279961,1874
1280502,1873
1281041,1872
1281580,1872
1282119,1872
1282659,1872
1283199,1874
1283738,1872
1284278,1872
1284817,1872
1285357,1872
1285896,1872
1286435,1872
1286975,1872
1287515,1873
1288055,1872
1288598,1873
1289137,1872
1289676,1875
1290215,1875
1290754,1872
1291293,1873
1291832,1877
1292372,1872
1292911,1872
1293451,1875
1293990,1875
1294530,1872
1295069,1872
1295612,1872
1296151,1872
1296690,1873
1297231,1872
1297770,1871
1298309,1873
1298848,1874
1299387,1872
1299926,1873
1300466,1872
1301005,1872
1301544,1872
1302083,1872
1302627,1872
1303166,1871
1303705,1873
1304246,1872
1304785,1872
1305324,1873
1305864,1872
1306403,1874
1306943,1872
1307487,1872
1308026,1873
1308566,1872
1309105,1872
1309644,1872
1310183,1872
1310722,1873
1311262,1872
1311801,1874
1312340,1872
1312879,1871
1313419,1872
1313958,1872
1314497,1872
1315036,1873
1315575,1871
1316114,1872
1316654,1872
1317193,1872
1317733,1872
1318272,1872
1318811,1872
1319350,1874
1319890,1872
1320429,1872
1320968,1872
1321507,1872
1322047,1872
1322586,1867
1323125,1872
1323664,1873
1324203,1870
1324743,1872
1325282,1872
1325822,1874
1326361,1873
1326900,1872
1327440,1872
1327979,1871
1328519,1873
1329058,1873
1329602,1872
1330142,1871
1330681,1874
1331220,1872
1331759,1873
1332300,1874
1332839,1872
1333379,1872
1333918,1872
1334458,1872
1334997,1872
1335536,1873
1336075,1872
1336618,1873
1337158,1872
1337697,1872
1338236,1873
1338775,1872
1339314,1872
1339854,1871
1340394,1872
1340933,1871
1341474,1872
1342014,1872
1342553,1872
1343097,1872
1343636,1872
1344176,1872
1344715,1872
1345254,1872
1345794,1875
1346333,1873
1346872,1872
1347411,1872
1347951,1872
1348490,1872
1349029,1872
1349568,1873
1350108,1874
1350648,1872
1351187,1875
1351727,1873
1352267,1872
1352806,1872
1353345,1872
1353885,1872
1354424,1872
1354964,1872
1355503,1871
1356043,1872
1356583,1870
1357123,1872
1357662,1872
1358201,1872
1358741,1871
1359280,1874
1359819,1872
1360360,1872
1360899,1872
1361438,1872
1361977,1872
1362517,1872
1363057,1871
1363600,1872
1364140,1871
1364680,1872
1365220,1872
1365759,1873
1366299,1872
1366838,1872
1367377,1872
1367917,1872
1368457,1873
1368996,1872
1369535,1872
1370075,1870
1370618,1872
1371158,1873
1371697,1873
1372238,1872
1372777,1872
1373316,1872
1373855,1873
1374394,1872
1374933,1871
1375474,1872
1376014,1872
1376554,1872
1377097,1872
1377636,1872
1378175,1872
1378715,1872
1379254,1872
1379794,1870
1380333,1872
1380872,1872
1381411,1873
1381951,1872
1382490,1871
1383029,1873
1383569,1872
1384109,1872
1384648,1872
1385188,1872
1385727,1872
1386266,1872
1386805,1872
1387345,1872
1387884,1872
1388423,1872
1388963,1872
1389503,1872
1390042,1874
1390581,1872
1391121,1872
1391661,1872
1392200,1872
1392740,1872
1393280,1872
1393819,1869
1394359,1870
1394898,1872
1395437,1872
1395976,1873
1396516,1872
1397055,1871
1397600,1872
1398139,1872
1398678,1872
1399218,1871
1399757,1871
1400296,1872
1400835,1873
1401375,1872
1401915,1872
1402456,1872
1402995,1872
1403535,1872
1404075,1872
1404618,1872
1405158,1873
1405698,1870
1406238,1872
1406777,1872
1407316,1872
1407855,1872
1408394,1872
1408933,1870
1409474,1872
1410014,1876
1410553,1873
1411097,1872
1411636,1869
1412175,1872
1412715,1872
1413254,1872
1413794,1872
1414334,1872
1414873,1872
1415413,1872
1415952,1872
1416491,1874
1417030,1872
1417570,1871
1418110,1872
1418649,1871
1419188,1872
1419728,1873
1420268,1872
1420807,1872
1421347,1872
1421886,1872
1422425,1874
1422964,1872
1423504,1873
1424043,1872
1424583,1872
1425123,1873
1425662,1872
1426203,1872
1426742,1874
1427281,1872
1427821,1871
1428361,1872
1428900,1872
1429441,1873
1429981,1874
1430520,1871
1431059,1871
1431602,1877
1432142,1873
1432681,1872
1433221,1873
1433761,1872
1434301,1874
1434840,1871
1435380,1871
1435919,1872
1436460,1872
1436999,1872
1437539,1872
1438078,1872
1438622,1872
1439162,1872
1439701,1872
1440241,1873
1440780,1872
1441320,1874
1441859,1872
1442398,1872
1442937,1872
1443478,1872
1444017,1874
1444557,1872
1445097,1872
1445636,1872
1446176,1871
1446715,1872
1447254,1873
1447793,1872
1448333,1872
1448872,1872
1449411,1872
1449950,1872
1450489,1873
1451028,1872
1451567,1872
1452106,1872
1452646,1872
1453186,1873
1453725,1873
1454264,1872
1454803,1872
1455343,1872
1455882,1872
1456421,1874
1456961,1874
1457501,1873
1458041,1874
1458580,1872
1459120,1873
1459659,1872
1460198,1873
1460737,1872
1461276,1873
1461816,1872
1462356,1870
1462895,1871
1463434,1872
1463974,1873
1464513,1872
1465052,1873
1465591,1874
1466131,1872
1466670,1874
1467209,1871
1467748,1872
1468287,1872
1468826,1873
1469367,1869
1469906,1872
1470447,1872
1470986,1872
1471525,1872
1472064,1872
1472607,1873
1473146,1874
1473686,1873
1474226,1872
1474765,1872
1475306,1872
1475845,1872
1476384,1874
1476923,1872
1477464,1872
1478003,1872
1478543,1871
1479082,1872
1479625,1872
1480164,1872
1480703,1874
1481242,1873
1481782,1872
1482322,1871
1482861,1872
1483401,1871
1483940,1872
1484481,1873
1485021,1872
1485560,1872
1486099,1870
1486639,1872
1487179,1872
1487718,1872
1488258,1866
1488797,1872
1489336,1872
1489876,1872
1490415,1873
1490954,1872
1491493,1873
1492032,1872
1492572,1871
1493111,1871
1493650,1872
1494189,1873
1494728,1870
1495268,1872
1495808,1874
1496348,1873
1496887,1874
1497427,1870
1497967,1871
1498506,1872
1499045,1871
1499584,1872
1500124,1871
1500663,1872
1501202,1872
1501742,1871
1502281,1872
1502821,1872
1503361,1872
1503900,1872
1504440,1872
1504979,1873
1505519,1872
1506058,1874
1506602,1872
1507142,1874
1507681,1872
1508220,1872
1508760,1872
1509300,1872
1509839,1874
1510378,1871
1510917,1872
1511458,1872
1511997,1872
1512536,1873
1513075,1872
1513618,1872
1514158,1871
1514697,1871
1515236,1872
1515775,1870
1516314,1873
1516853,1873
1517392,1872
1517932,1876
1518471,1873
1519010,1872
1519549,1872
1520089,1873
1520632,1872
1521171,1872
1521710,1872
1522249,1872
1522789,1872
1523328,1872
1523868,1873
1524408,1872
1524948,1872
1525488,1871
1526028,1871
1526567,1872
1527106,1872
1527646,1872
1528185,1872
1528725,1873
1529264,1872
1529804,1873
1530343,1872
1530883,1872
1531423,1872
1531962,1872
1532501,1872
1533041,1872
1533580,1872
1534119,1872
1534658,1872
1535198,1872
1535737,1872
1536277,1872
1536816,1871
1537355,1872
1537894,1872
1538433,1872
1538972,1872
1539511,1873
1540051,1872
1540592,1873
1541131,1874
1541670,1872
1542209,1872
1542748,1871
1543288,1872
1543828,1872
1544367,1872
1544906,1872
1545447,1872
1545987,1871
1546526,1873
1547065,1873
1547608,1871
1548147,1872
1548687,1872
1549227,1871
1549766,1875
1550305,1872
1550844,1875
1551385,1872
1551924,1871
1552464,1872
1553003,1872
1553543,1872
1554082,1872
1554626,1872
1555165,1872
1555704,1871
1556243,1871
1556782,1871
1557322,1873
1557862,1872
1558402,1872
1558941,1873
1559482,1872
1560021,1872
1560560,1872
1561099,1872
1561639,1872
1562179,1872
1562718,1873
1563258,1873
1563797,1871
1564336,1872
1564875,1872
1565414,1873
1565954,1872
1566494,1872
1567034,1872
1567573,1873
1568112,1873
1568651,1873
1569192,1873
1569731,1874
1570271,1872
1570810,1873
1571349,1872
1571889,1874
1572428,1872
1572967,1873
1573506,1872
1574045,1872
1574585,1873
1575125,1872
1575664,1872
1576204,1872
1576744,1874
1577284,1873
1577823,1872
1578362,1872
1578901,1872
1579440,1872
1579980,1874
1580519,1875
1581058,1872
1581601,1872
1582142,1872
1582681,1872
1583221,1872
1583760,1873
1584299,1872
1584838,1872
1585377,1872
1585916,1872
1586457,1870
1586997,1872
1587537,1872
1588076,1872
1588620,1872
1589159,1871
1589699,1872
1590239,1872
1590778,1872
1591319,1873
1591858,1874
1592397,1872
1592936,1871
1593476,1872
1594015,1872
1594554,1873
1595097,1873
1595636,1871
1596176,1872
1596715,1872
1597254,1872
1597794,1873
1598333,1872
1598872,1873
1599411,1872
1599950,1877
1600491,1872
1601030,1873
1601569,1873
1602109,1874
1602648,1872
1603188,1872
1603727,1872
1604266,1872
1604805,1875
1605346,1874
1605885,1873
1606424,1872
1606963,1872
1607503,1872
1608042,1872
1608583,1872
1609123,1872
1609662,1872
1610201,1872
1610740,1872
1611280,1872
1611819,1872
1612360,1872
1612899,1873
1613438,1872
1613977,1871
1614517,1873
1615056,1872
1615599,1872
1616139,1872
1616678,1872
1617218,1875
1617757,1872
1618296,1872
1618835,1872
1619374,1872
1619913,1872
1620456,1872
1620995,1872
1621534,1872
1622073,1872
1622617,1871
1623157,1872
1623696,1872
1624235,1872
1624774,1872
1625313,1872
1625852,1869
1626392,1872
1626932,1872
1627471,1873
1628011,1872
1628551,1875
1629091,1872
1629634,1872
1630175,1872
1630714,1872
1631253,1872
1631792,1872
1632332,1872
1632872,1872
1633412,1873
1633951,1871
1634491,1872
1635031,1871
1635570,1872
1636109,1872
1636648,1872
1637189,1872
1637728,1869
1638267,1872
1638807,1872
1639347,1872
1639886,1872
1640425,1872
1640964,1872
1641505,1872
1642044,1872
1642583,1870
1643123,1871
1643662,1872
1644201,1872
1644741,1872
1645280,1872
1645820,1872
1646360,1872
1646899,1872
1647438,1873
1647977,1872
1648518,1872
1649057,1872
1649601,1872
1650140,1872
1650680,1872
1651220,1873
1651759,1872
1652299,1872
1652838,1872
1653377,1872
1653916,1872
1654457,1872
1654997,1872
1655537,1872
1656077,1872
1656620,1872
1657159,1873
1657699,1872
1658238,1872
1658778,1872
1659318,1872
1659857,1872
1660396,1872
1660935,1872
1661476,1872
1662015,1872
1662556,1871
1663097,1872
1663636,1872
1664176,1874
1664715,1872
1665254,1874
1665793,1872
1666334,1872
1666873,1872
1667413,1872
1667952,1875
1668492,1873
1669031,1871
1669572,1872
1670111,1872
1670650,1872
1671191,1872
1671730,1872
1672269,1871
1672809,1872
1673348,1872
1673887,1871
1674426,1873
1674966,1872
1675505,1873
1676045,1872
1676585,1872
1677124,1872
1677663,1873
1678204,1872
1678743,1872
1679282,1873
1679821,1870
1680360,1873
1680899,1874
1681439,1872
1681978,1872
1682518,1872
1683058,1872
1683601,1874
1684142,1874
1684681,1873
1685221,1871
1685760,1873
1686299,1872
1686838,1872
1687377,1872
1687916,1869
1688458,1872
1688997,1872
1689537,1872
1690077,1872
1690620,1873
1691160,1872
1691699,1873
1692239,1872
1692778,1872
1693319,1874
1693858,1872
1694397,1872
1694937,1873
1695477,1873
1696016,1870
1696555,1873
1697097,1872
1697636,1872
1698176,1872
1698715,1873
1699254,1872
1699793,1872
1700332,1872
1700871,1873
1701410,1872
1701949,1872
1702489,1872
1703028,1872
1703567,1872
1704106,1872
1704646,1872
1705186,1872
1705725,1873
1706265,1871
1706804,1872
1707343,1872
1707882,1872
1708421,1872
1708960,1872
1709499,1872
1710038,1872
1710579,1870
1711118,1872
1711657,1872
1712198,1872
1712737,1875
1713276,1872
1713816,1872
1714356,1872
1714895,1872
1715434,1872
1715974,1872
1716513,1874
1717052,1872
1717591,1871
1718131,1874
1718670,1872
1719209,1872
1719748,1872
1720288,1872
1720828,1870
1721368,1872
1721907,1874
1722448,1872
1722987,1872
1723526,1872
1724066,1871
1724610,1872
1725150,1872
1725689,1872
1726228,1871
1726768,1872
1727307,1872
1727847,1872
1728387,1872
1728926,1872
1729466,1872
1730005,1872
1730545,1872
1731084,1872
1731627,1872
1732166,1872
1732705,1872
1733245,1872
1733784,1872
1734323,1872
1734863,1872
1735402,1871
1735941,1872
1736482,1872
1737021,1875
1737562,1875
1738102,1870
1738641,1872
1739181,1871
1739720,1870
1740259,1872
1740798,1872
1741337,1872
1741877,1872
1742416,1873
1742955,1871
1743494,1872
1744035,1872
1744574,1872
1745113,1873
1745653,1873
1746192,1872
1746731,1872
1747270,1871
1747810,1872
1748349,1872
1748889,1872
1749429,1872
1749969,1873
1750509,1872
1751048,1873
1751587,1873
1752126,1872
1752665,1872
1753206,1872
1753745,1872
1754285,1873
1754824,1871
1755363,1872
1755902,1873
1756443,1872
1756982,1872
1757521,1872
1758061,1873
1758605,1872
1759144,1872
1759683,1872
1760222,1871
1760762,1871
1761301,1872
1761840,1869
1762380,1872
1762919,1870
1763460,1873
1764000,1873
1764539,1872
1765078,1872
1765622,1872
1766162,1871
1766701,1874
1767241,1873
1767780,1872
1768320,1871
1768859,1872
1769398,1873
1769937,1872
1770477,1872
1771016,1872
1771555,1872
1772097,1872
1772636,1872
1773175,1872
1773714,1874
1774253,1872
1774793,1872
1775333,1872
1775872,1873
1776411,1872
1776951,1872
1777490,1875
1778030,1872
1778569,1872
1779109,1872
1779648,1873
1780187,1873
1780726,1873
1781266,1874
1781805,1871
1782345,1872
1782884,1873
1783424,1872
1783963,1874
1784503,1871
1785042,1876
1785582,1873
1786121,1871
1786661,1872
1787200,1873
1787739,1872
1788279,1872
1788818,1873
1789357,1871
1789897,1871
1790436,1872
1790975,1872
1791514,1872
1792054,1873
1792597,1873
1793137,1872
1793676,1872
1794216,1872
1794755,1872
1795294,1872
1795833,1871
1796374,1871
1796913,1872
1797456,1875
1797995,1872
1798534,1872
1799075,1874
1799618,1872
1800158,1877
1800697,1873
1801236,1872
1801775,1872
1802315,1872
1802855,1872
1803394,1872
1803933,1872
1804474,1871
1805014,1872
1805553,1872
1806096,1872
1806636,1875
1807176,1872
1807715,1874
1808254,1873
1808793,1872
1809334,1872
1809873,1873
1810413,1872
1810952,1872
1811491,1872
1812031,1872
1812571,1872
1813111,1875
1813650,1874
1814190,1872
1814729,1872
1815268,1872
1815808,1870
1816347,1872
1816886,1874
1817425,1870
1817964,1874
1818505,1873
1819044,1872
1819584,1873
1820124,1873
1820663,1872
1821203,1873
1821742,1877
1822281,1872
1822821,1872
1823361,1872
1823901,1872
1824441,1872
1824980,1871
1825519,1872
1826058,1870
1826602,1871
1827142,1871
1827681,1873
1828221,1872
1828760,1872
1829299,1872
1829838,1871
1830377,1872
1830917,1872
1831457,1872
1831996,1871
1832535,1872
1833074,1872
1833617,1872
1834156,1872
1834695,1872
1835235,1872
1835774,1872
1836313,1873
1836852,1872
1837393,1871
1837932,1872
1838472,1873
1839011,1873
1839550,1872
1840089,1872
1840633,1871
1841172,1871
1841711,1876
1842251,1872
1842790,1872
1843329,1873
1843868,1872
1844407,1871
1844946,1873
1845486,1873
1846026,1871
1846566,1872
1847106,1872
1847645,1872
1848185,1872
1848724,1872
1849264,1872
1849803,1871
1850343,1872
1850882,1873
1851421,1872
1851960,1872
1852499,1871
1853038,1872
1853579,1875
1854118,1872
1854657,1872
1855196,1872
1855736,1874
1856275,1872
1856815,1872
1857355,1872
1857894,1872
1858434,1872
1858974,1872
1859513,1872
1860053,1873
1860593,1872
1861132,1872
1861671,1872
1862210,1872
1862750,1872
1863289,1872
1863829,1872
1864368,1872
1864908,1873
1865449,1875
1865988,1872
1866527,1872
1867067,1873
1867610,1872
1868150,1872
1868689,1875
1869228,1872
1869767,1873
1870306,1872
1870845,1872
1871385,1873
1871924,1873
1872464,1872
1873004,1871
1873543,1872
1874082,1872
1874625,1872
1875164,1872
1875703,1872
1876242,1872
1876781,1872
1877320,1872
1877859,1872
1878398,1872
1878938,1872
1879478,1872
1880017,1872
1880557,1872
1881097,1872
1881636,1873
1882176,1875
1882715,1874
1883254,1872
1883793,1875
1884334,1872
1884873,1872
1885414,1872
1885954,1873
1886494,1871
1887034,1871
1887573,1872
1888112,1873
1888651,1872
1889192,1872
1889731,1872
1890271,1872
1890810,1872
1891349,1871
1891888,1872
1892428,1872
1892967,1873
1893506,1873
1894045,1872
1894585,1872
1895124,1872
1895663,1875
1896203,1872
1896742,1872
1897282,1874
1897821,1872
1898361,1871
1898900,1873
1899440,1872
1899979,1872
1900519,1873
1901059,1872
1901602,1872
1902141,1872
1902680,1872
1903219,1872
1903758,1872
1904298,1872
1904837,1873
1905377,1872
1905916,1872
1906457,1872
1906996,1873
1907535,1872
1908074,1873
1908617,1875
1909156,1871
1909695,1873
1910236,1874
1910775,1872
1911315,1872
1911854,1872
1912393,1872
1912932,1872
1913473,1872
1914012,1874
1914552,1873
1915091,1874
1915634,1872
1916173,1872
1916712,1875
1917252,1873
1917791,1872
1918330,1872
1918869,1872
1919408,1872
1919948,1874
1920488,1872
1921028,1872
1921567,1873
1922107,1874
1922646,1875
1923185,1872
1923724,1873
1924265,1870
1924804,1872
1925343,1872
1925882,1873
1926421,1873
1926961,1872
1927500,1871
1928040,1873
1928580,1872
1929120,1872
1929659,1872
1930198,1872
1930737,1871
1931276,1873
1931816,1872
1932356,1872
1932895,1872
1933435,1872
1933974,1873
1934513,1872
1935052,1873
1935591,1872
1936131,1873
1936670,1872
1937211,1872
1937750,1872
1938289,1872
1938829,1872
1939368,1871
1939907,1872
1940448,1872
1940987,1873
1941526,1872
1942065,1872
1942608,1874
1943149,1872
1943688,1872
1944227,1872
1944767,1872
1945307,1873
1945847,1872
1946386,1872
1946926,1872
1947465,1872
1948004,1875
1948543,1873
1949082,1872
1949625,1875
1950164,1872
1950703,1877
1951242,1872
1951781,1872
1952321,1872
1952860,1872
1953400,1874
1953940,1871
1954479,1871
1955019,1872
1955559,1872
1956098,1872
1956637,1872
1957178,1872
1957717,1872
1958257,1872
1958796,1873
1959336,1872
1959875,1872
1960414,1872
1960954,1872
1961493,1872
1962032,1872
1962571,1872
1963111,1872
1963650,1871
1964190,1872
1964729,1872
1965268,1874
1965807,1872
1966347,1872
1966886,1872
1967426,1871
1967966,1872
1968505,1874
1969044,1872
1969583,1871
1970123,1871
1970662,1872
1971201,1872
1971741,1872
1972280,1872
1972819,1872
1973358,1871
1973897,1872
1974437,1872
1974977,1872
1975517,1871
1976056,1872
1976599,1872
1977138,1874
1977677,1874
1978216,1872
1978756,1871
1979295,1873
1979835,1871
1980374,1872
1980913,1871
1981456,1872
1981995,1872
1982534,1872
1983075,1872
1983618,1870
1984158,1870
1984697,1872
1985236,1872
1985775,1873
1986315,1872
1986855,1872
1987395,1872
1987934,1872
1988474,1873
1989013,1872
1989552,1872
1990091,1873
1990634,1874
1991175,1873
1991714,1873
1992253,1877
1992792,1872
1993331,1875
1993870,1872
1994409,1872
1994949,1872
1995489,1871
1996028,1874
1996567,1872
1997106,1872
1997646,1872
1998186,1873
1998725,1870
1999265,1871
1999804,1872
2000343,1871
2000882,1872
2001421,1872
2001961,1872
2002500,1872
2003040,1873
2003579,1872
2004118,1873
2004657,1874
2005196,1871
2005735,1872
2006274,1872
2006813,1873
2007352,1874
2007892,1871
2008432,1871
2008972,1872
2009511,1873
2010050,1872
2010589,1874
2011129,1872
2011668,1872
2012208,1872
2012747,1871
2013286,1872
2013825,1871
2014364,1875
2014904,1872
2015444,1872
2015984,1873
2016524,1871
2017064,1872
2017607,1872
2018147,1872
2018686,1872
2019225,1873
2019764,1872
2020304,1872
2020843,1873
2021383,1873
2021922,1871
2022463,1872
2023003,1872
2023543,1874
2024082,1872
2024625,1873
2025164,1872
2025703,1872
2026244,1873
2026783,1873
2027323,1872
2027862,1874
2028402,1872
2028941,1871
2029481,1873
2030021,1872
2030560,1872
2031099,1873
2031638,1872
2032177,1872
2032717,1873
2033257,1872
2033796,1874
2034336,1874
2034875,1871
2035414,1872
2035954,1870
2036494,1873
2037034,1872
2037574,1874
2038113,1872
2038653,1872
2039193,1875
2039732,1873
2040272,1872
2040811,1872
2041350,1872
2041890,1873
2042430,1873
2042969,1872
2043509,1872
2044048,1874
2044587,1872
2045126,1872
2045665,1876
2046204,1872
2046744,1873
2047284,1872
2047823,1872
2048362,1872
2048901,1874
2049442,1872
2049982,1872
2050522,1872
2051062,1872
2051605,1873
2052144,1872
2052683,1872
2053223,1872
2053762,1871
2054302,1872
2054841,1872
2055380,1872
2055919,1871
2056460,1875
2056999,1872
2057539,1872
2058078,1872
2058622,1872
2059162,1872
2059701,1872
2060240,1873
2060780,1876
2061320,1872
2061859,1872
2062398,1872
2062937,1871
2063477,1874
2064016,1872
2064556,1872
2065097,1872
2065636,1872
2066176,1873
2066715,1873
2067255,1872
2067794,1875
2068333,1872
2068872,1872
2069411,1872
2069950,1873
2070490,1872
2071029,1872
2071568,1874
2072108,1872
2072648,1871
2073187,1872
2073727,1873
2074267,1872
2074806,1873
2075346,1872
2075885,1872
2076424,1872
2076963,1872
2077502,1872
2078042,1873
2078581,1872
2079120,1871
2079659,1873
2080198,1872
2080737,1872
2081276,1872
2081816,1872
2082355,1872
2082895,1872
2083435,1872
2083974,1872
2084513,1872
2085052,1872
2085591,1872
2086131,1870
2086670,1872
2087209,1873
2087749,1872
2088288,1872
2088827,1872
2089366,1872
2089905,1871
2090446,1871
2090985,1872
2091525,1873
2092064,1872
2092608,1874
2093147,1872
2093687,1871
2094226,1872
2094765,1872
2095305,1872
2095845,1873
2096385,1872
2096924,1871
2097464,1872
2098004,1875
2098543,1872
2099082,1872
2099625,1874
2100164,1872
2100703,1872
2101242,1872
2101781,1875
2102321,1872
2102860,1872
2103400,1875
2103940,1872
2104480,1870
2105019,1873
2105559,1873
2106098,1872
2106637,1872
2107176,1872
2107716,1872
2108256,1874
2108795,1872
2109334,1872
2109873,1872
2110414,1872
2110954,1874
2111493,1872
2112032,1872
2112572,1873
2113111,1872
2113650,1872
2114189,1871
2114729,1872
2115268,1875
2115808,1872
2116348,1872
2116887,1872
2117427,1872
2117967,1872
2118506,1872
2119045,1872
2119584,1872
2120124,1873
2120663,1874
2121202,1872
2121741,1872
2122280,1872
2122819,1871
2123360,1873
2123899,1872
2124438,1872
2124977,1873
2125517,1872
2126056,1872
2126600,1871
2127139,1870
2127678,1871
2128217,1872
2128757,1872
2129297,1873
2129836,1872
2130376,1872
2130915,1869
2131457,1872
2131996,1872
2132535,1872
2133074,1875
2133617,1872
2134156,1872
2134696,1872
2135236,1872
2135775,1872
2136315,1872
2136854,1872
2137394,1872
2137933,1872
2138474,1873
2139014,1872
2139553,1871
2140097,1872
2140636,1872
2141175,1872
2141714,1872
2142254,1872
2142794,1872
2143334,1872
2143873,1873
2144413,1874
2144952,1872
2145492,1872
2146031,1872
2146572,1872
2147112,1871
2147651,1870
2148191,1872
2148730,1872
2149269,1872
2149809,1869
2150348,1872
2150888,1871
2151428,1873
2151967,1870
2152506,1872
2153045,1872
2153584,1871
2154124,1875
2154663,1871
2155202,1873
2155742,1872
2156281,1872
2156820,1872
2157361,1872
2157900,1872
2158441,1871
2158980,1875
2159519,1872
2160058,1872
2160602,1872
2161142,1873
2161681,1871
2162221,1872
2162760,1872
2163299,1872
2163838,1873
2164377,1872
2164917,1867
2165457,1872
2165996,1871
2166535,1872
2167075,1872
2167618,1873
2168158,1872
2168697,1872
2169237,1872
2169776,1873
2170315,1871
2170855,1872
2171395,1872
2171934,1872
2172474,1874
2173014,1872
2173553,1872
2174097,1873
2174636,1871
2175176,1872
2175715,1872
2176255,1870
2176794,1873
2177333,1872
2177872,1872
2178412,1873
2178951,1872
2179490,1873
2180029,1872
2180568,1871
2181107,1872
2181647,1872
2182186,1872
2182726,1872
2183266,1873
2183805,1872
2184344,1872
2184883,1872
2185423,1872
2185962,1872
2186502,1873
2187041,1874
2187580,1872
2188119,1871
2188658,1872
2189197,1871
2189736,1871
2190275,1872
2190814,1872
2191353,1874
2191892,1871
2192431,1872
2192971,1877
2193511,1873
2194050,1872
2194590,1875
2195130,1872
2195669,1872
2196208,1871
2196748,1872
2197288,1873
2197827,1872
2198367,1872
2198906,1872
2199447,1874
2199987,1872
2200526,1872
2201065,1872
2201608,1872
2202147,1872
2202686,1871
2203225,1872
2203764,1872
2204303,1872
2204843,1872
2205383,1872
2205922,1872
2206463,1870
2207003,1872
2207543,1872
2208082,1872
2208625,1872
2209164,1872
2209703,1872
2210242,1873
2210781,1871
2211320,1872
2211859,1872
2212399,1872
2212938,1872
2213478,1872
2214017,1872
2214557,1871
2215097,1873
2215636,1872
2216175,1872
2216714,1875
2217253,1872
2217792,1873
2218331,1872
2218870,1872
2219409,1873
2219949,1872
2220489,1872
2221029,1872
2221569,1872
2222109,1872
2222648,1871
2223187,1870
2223727,1872
2224266,1873
2224805,1872
2225346,1871
2225885,1872
2226424,1871
2226963,1872
2227503,1872
2228042,1873
2228581,1872
2229120,1873
2229660,1872
2230199,1872
2230738,1874
2231277,1872
2231817,1875
2232356,1872
2232895,1873
2233435,1872
2233975,1873
2234514,1872
2235054,1872
2235597,1873
2236137,1872
2236676,1871
2237215,1872
2237755,1872
2238294,1872
2238833,1872
2239374,1872
2239913,1872
2240456,1872
2240995,1873
2241534,1874
2242073,1872
2242617,1872
2243157,1872
2243696,1876
2244235,1872
2244775,1872
2245314,1875
2245853,1872
2246393,1872
2246933,1872
2247473,1875
2248013,1872
2248552,1872
2249091,1872
2249634,1872
2250173,1873
2250712,1872
2251253,1873
2251792,1872
2252332,1872
2252871,1872
2253410,1872
2253949,1872
2254489,1872
2255028,1870
2255568,1872
2256108,1872
2256647,1872
2257186,1873
2257725,1872
2258266,1871
2258805,1872
2259345,1869
2259884,1872
2260423,1872
2260962,1872
2261501,1872
2262041,1872
2262581,1872
2263120,1872
2263660,1872
2264200,1872
2264739,1872
2265279,1872
2265818,1871
2266357,1872
2266896,1872
2267435,1872
2267974,1872
2268513,1874
2269053,1873
2269593,1872
2270132,1872
2270672,1872
2271212,1872
2271751,1867
2272290,1872
2272830,1871
2273370,1872
2273909,1871
2274450,1870
2274989,1872
2275529,1872
2276068,1872
2276612,1873
2277152,1872
2277691,1872
2278231,1872
2278770,1873
2279309,1872
2279849,1872
2280389,1872
2280928,1870
2281469,1871
2282008,1874
2282547,1871
2283086,1873
2283629,1872
2284169,1872
2284708,1872
2285247,1873
2285787,1872
2286327,1872
2286866,1872
2287405,1872
2287945,1875
2288488,1872
2289028,1872
2289567,1872
2290106,1872
2290646,1873
2291186,1871
2291725,1872
2292264,1872
2292804,1871
2293343,1872
2293883,1872
2294423,1872
2294962,1873
2295501,1872
2296041,1871
2296581,1872
2297120,1869
2297660,1872
2298199,1872
2298738,1872
2299277,1872
2299816,1871
2300355,1872
2300895,1872
2301435,1872
2301974,1872
2302514,1872
2303054,1872
2303596,1872
2304135,1872
2304675,1872
2305214,1872
2305754,1872
2306294,1872
2306833,1872
2307373,1872
2307912,1872
2308455,1871
2308995,1871
2309534,1872
2310074,1872
2310618,1873
2311157,1872
2311697,1872
2312237,1871
2312776,1873
2313316,1872
2313855,1873
2314394,1873
2314933,1872
2315473,1872
2316012,1872
2316551,1871
2317090,1872
2317633,1872
2318173,1871
2318712,1872
2319252,1873
2319791,1872
2320330,1872
2320870,1873
2321410,1872
2321949,1871
2322489,1872
2323029,1872
2323569,1872
2324109,1871
2324648,1872
2325188,1872
2325727,1872
2326266,1872
2326805,1872
2327344,1872
2327884,1872
2328424,1872
2328963,1874
2329503,1872
2330043,1872
2330582,1871
2331122,1872
2331661,1874
2332200,1872
2332740,1872
2333280,1872
2333819,1872
2334359,1872
2334898,1871
2335437,1873
2335976,1872
2336515,1872
2337054,1872
2337598,1872
2338137,1872
2338676,1872
2339217,1872
2339756,1873
2340295,1869
2340835,1873
2341374,1872
2341913,1872
2342456,1872
2342995,1872
2343535,1874
2344075,1872
2344618,1873
2345158,1872
2345697,1872
2346236,1872
2346775,1872
2347314,1872
2347854,1871
2348393,1872
2348933,1872
2349473,1872
2350013,1872
2350552,1872
2351091,1872
2351634,1872
2352173,1872
2352713,1872
2353252,1870
2353791,1873
2354331,1872
2354870,1872
2355409,1872
2355949,1872
2356488,1872
2357027,1872
2357566,1872
2358105,1872
2358644,1875
2359184,1872
2359724,1872
2360264,1873
2360803,1872
2361343,1872
2361882,1872
2362421,1872
2362961,1872
2363501,1873
2364041,1872
2364580,1873
2365119,1871
2365659,1872
2366198,1872
2366737,1872
2367276,1872
2367816,1873
2368356,1872
2368895,1873
2369435,1872
2369974,1872
2370513,1872
2371052,1873
2371591,1872
2372131,1873
2372670,1872
2373209,1872
2373749,1873
2374289,1873
2374828,1872
2375368,1872
2375907,1872
2376448,1872
2376987,1872
2377526,1872
2378065,1872
2378609,1872
2379149,1871
2379688,1872
2380227,1870
2380766,1872
2381306,1872
2381845,1870
2382385,1875
2382924,1872
2383464,1872
2384003,1872
2384543,1868
2385082,1872
2385626,1874
2386165,1871
2386704,1871
2387244,1872
2387783,1872
2388322,1872
2388861,1875
2389401,1872
2389940,1872
2390482,1872
2391021,1872
2391560,1871
2392099,1872
2392639,1872
2393179,1874
2393718,1873
2394258,1870
2394797,1873
2395336,1872
2395876,1872
2396415,1872
2396954,1872
2397494,1872
2398034,1872
2398573,1872
2399113,1872
2399652,1873
2400191,1872
2400730,1869
2401269,1869
2401808,1872
2402347,1872
2402886,1872
2403427,1872
2403967,1872
2404507,1872
2405046,1872
2405585,1874
2406125,1875
2406664,1873
2407204,1871
2407743,1872
2408282,1873
2408822,1872
2409362,1873
2409901,1872
2410440,1871
2410980,1872
2411520,1871
2412059,1875
2412603,1875
2413143,1872
2413682,1871
2414221,1872
2414761,1873
2415300,1872
2415839,1873
2416379,1872
2416918,1872
2417458,1873
2417997,1873
2418537,1872
2419076,1872
2419619,1870
2420158,1872
2420697,1872
2421238,1872
2421777,1872
2422316,1873
2422855,1871
2423394,1872
2423933,1873
2424474,1872
2425014,1872
2425553,1872
2426097,1871
2426636,1873
2427175,1872
2427715,1873
2428254,1872
2428794,1872
2429333,1872
2429872,1872
2430411,1871
2430950,1872
2431491,1873
2432030,1872
2432569,1873
2433109,1872
2433648,1872
2434187,1875
2434726,1872
2435265,1872
2435805,1874
2436345,1872
2436884,1871
2437424,1872
2437963,1873
2438503,1872
2439042,1875
2439581,1871
2440120,1872
2440659,1872
2441198,1872
2441737,1874
2442277,1872
2442816,1871
2443356,1872
2443896,1872
2444435,1872
2444974,1872
2445514,1872
2446053,1874
2446596,1872
2447135,1872
2447674,1873
2448214,1873
2448754,1870
2449293,1872
2449832,1873
2450373,1871
2450912,1869
2451455,1870
2451994,1872
2452534,1872
2453073,1872
2453617,1872
2454157,1872
2454696,1872
2455235,1874
2455774,1872
2456315,1872
2456854,1874
2457394,1874
2457933,1872
2458473,1872
2459012,1874
2459551,1873
2460090,1872
2460633,1873
2461173,1872
2461712,1873
2462252,1875
2462791,1872
2463330,1872
2463870,1874
2464409,1874
2464949,1872
2465489,1872
2466028,1872
2466567,1872
2467106,1873
2467646,1872
2468186,1873
2468725,1872
2469265,1872
2469804,1871
2470343,1872
2470882,1872
2471422,1872
2471961,1873
2472500,1872
2473039,1872
2473579,1872
2474119,1873
2474659,1874
2475199,1872
2475738,1874
2476277,1874
2476816,1872
2477355,1875
2477894,1872
2478435,1873
2478975,1872
2479515,1872
2480055,1872
2480598,1873
2481137,1873
2481676,1875
2482216,1872
2482755,1872
2483294,1872
2483833,1872
2484373,1872
2484913,1872
2485456,1871
2485996,1872
2486535,1869
2487075,1872
2487618,1872
2488157,1872
2488696,1873
2489235,1872
2489775,1874
2490314,1872
2490853,1871
2491393,1872
2491932,1872
2492472,1872
2493011,1873
2493552,1872
2494091,1873
2494634,1872
2495173,1873
2495712,1872
2496251,1872
2496790,1872
2497330,1872
2497870,1872
2498409,1872
2498949,1876
2499489,1874
2500028,1871
2500568,1872
2501108,1872
2501647,1872
2502187,1873
2502726,1873
2503266,1872
2503806,1872
2504345,1873
2504885,1872
2505424,1872
2505964,1872
2506504,1873
2507043,1872
2507582,1872
2508122,1875
2508661,1873
2509200,1872
2509740,1872
2510280,1873
2510819,1871
2511359,1872
2511898,1872
2512437,1872
2512977,1872
2513516,1872
2514055,1872
2514599,1872
2515138,1875
2515677,1872
2516217,1872
2516756,1872
2517295,1872
2517835,1875
2518375,1872
2518914,1872
2519457,1871
2519996,1872
2520535,1872
2521074,1872
2521618,1872
2522158,1872
2522697,1872
2523237,1871
2523776,1872
2524316,1872
2524855,1872
2525394,1871
2525933,1872
2526474,1872
2527014,1872
2527553,1872
2528096,1872
2528636,1872
2529176,1872
2529715,1872
2530255,1872
2530794,1872
2531333,1873
2531872,1872
2532411,1874
2532951,1873
2533490,1873
2534029,1872
2534569,1873
2535109,1872
2535648,1872
2536188,1872
2536727,1872
2537267,1872
2537806,1871
2538345,1874
2538884,1872
2539423,1872
2539962,1872
2540501,1872
2541041,1872
2541580,1872
2542119,1872
2542658,1872
2543198,1871
2543737,1873
2544276,1873
2544815,1873
2545355,1872
2545895,1872
2546435,1874
2546974,1872
2547513,1872
2548053,1872
2548593,1871
2549132,1872
2549672,1868
2550212,1873
2550751,1873
2551290,1873
2551829,1872
2552369,1872
2552908,1869
2553449,1872
2553988,1872
2554527,1872
2555066,1872
2555610,1873
2556150,1874
2556689,1872
2557228,1872
2557767,1872
2558306,1872
2558845,1873
2559384,1873
2559924,1872
2560464,1872
2561003,1874
2561542,1872
2562082,1872
2562626,1872
2563165,1872
2563704,1874
2564244,1873
2564783,1872
2565322,1872
2565862,1872
2566402,1872
2566941,1873
2567482,1872
2568021,1872
2568560,1872
2569100,1872
2569639,1871
2570178,1874
2570717,1873
2571256,1873
2571796,1870
2572335,1874
2572874,1874
2573414,1872
2573954,1872
2574493,1872
2575034,1872
2575574,1872
2576113,1872
2576653,1872
2577193,1871
2577732,1872
2578272,1873
2578811,1872
2579350,1873
2579889,1873
2580429,1872
2580968,1872
2581508,1872
2582048,1872
2582587,1873
2583126,1872
2583665,1872
2584206,1873
2584745,1872
2585285,1872
2585824,1872
2586363,1872
2586903,1872
2587442,1872
2587981,1872
2588521,1872
2589061,1872
2589604,1872
2590143,1872
2590682,1871
2591221,1872
2591760,1872
2592300,1872
2592839,1873
2593378,1872
2593918,1872
2594458,1872
2594997,1872
2595537,1872
2596076,1873
2596619,1872
2597159,1870
2597699,1872
2598239,1872
2598778,1872
2599319,1872
2599858,1872
2600397,1872
2600937,1872
2601477,1872
2602016,1874
2602556,1872
2603097,1869
2603636,1872
2604175,1872
2604715,1874
2605254,1872
2605793,1873
2606332,1871
2606871,1872
2607410,1872
2607949,1873
2608489,1873
2609029,1875
2609569,1873
2610109,1872
2610648,1872
2611187,1872
2611727,1875
2612266,1872
2612805,1872
2613346,1872
2613885,1872
2614425,1872
2614965,1873
2615504,1872
2616043,1872
2616582,1873
2617121,1872
2617661,1872
2618200,1872
2618739,1872
2619279,1872
2619818,1875
2620357,1875
2620896,1872
2621436,1871
2621975,1871
2622514,1873
2623054,1872
2623596,1872
2624136,1872
2624675,1872
2625214,1871
2625754,1872
2626294,1873
2626833,1871
2627374,1872
2627913,1870
2628456,1872
2628995,1872
2629534,1872
2630074,1872
2630618,1872
2631158,1873
2631698,1872
2632238,1871
2632777,1872
2633316,1872
2633855,1872
2634394,1871
2634933,1869
2635474,1872
2636014,1872
2636554,1872
2637097,1873
2637636,1872
2638176,1875
2638715,1872
2639255,1872
2639794,1872
2640333,1872
2640872,1872
2641412,1870
2641951,1872
2642490,1873
2643029,1872
2643569,1872
2644109,1872
2644648,1873
2645187,1872
2645727,1873
2646267,1872
2646806,1871
2647346,1872
2647885,1871
2648424,1872
2648964,1872
2649505,1873
2650044,1872
2650583,1872
2651123,1873
2651662,1872
2652201,1872
2652740,1872
2653281,1873
2653820,1873
2654360,1871
2654899,1870
2655438,1873
2655977,1872
2656517,1872
2657056,1871
2657599,1872
2658138,1872
2658677,1874
2659217,1872
2659756,1874
2660295,1870
2660834,1871
2661373,1872
2661913,1871
2662456,1875
2662995,1872
2663535,1872
2664075,1872
2664618,1872
2665158,1872
2665697,1872
2666236,1873
2666775,1872
2667315,1872
2667854,1873
2668393,1872
2668933,1872
2669474,1872
2670013,1874
2670552,1872
2671097,1870
2671636,1872
2672176,1873
2672715,1872
2673254,1872
2673794,1877
2674334,1872
2674873,1875
2675413,1872
2675952,1873
2676492,1873
2677031,1873
2677570,1872
2678110,1873
2678649,1871
2679189,1872
2679728,1872
2680267,1873
2680806,1869
2681345,1874
2681885,1872
2682424,1873
2682964,1874
2683503,1872
2684042,1872
2684582,1870
2685122,1872
2685661,1872
2686201,1872
2686740,1872
2687279,1874
2687818,1872
2688357,1872
2688897,1872
2689436,1872
2689976,1872
2690516,1872
2691055,1872
2691600,1871
2692139,1873
2692678,1872
2693219,1872
2693758,1872
2694297,1872
2694837,1872
2695376,1869
2695916,1870
2696457,1871
2696997,1872
2697536,1872
2698075,1874
2698619,1873
2699159,1872
2699698,1872
2700238,1875
2700777,1870
2701316,1872
2701856,1872
2702396,1873
2702935,1872
2703475,1872
2704015,1872
2704554,1873
2705097,1872
2705636,1872
2706176,1873
2706715,1872
2707254,1872
2707794,1873
2708333,1872
2708872,1872
2709411,1872
2709951,1872
2710491,1874
2711030,1872
2711570,1872
2712109,1872
2712649,1873
2713189,1873
2713728,1872
2714267,1872
2714807,1872
2715347,1872
2715886,1872
2716425,1874
2716964,1872
2717504,1872
2718043,1871
2718583,1873
2719123,1871
2719662,1872
2720201,1872
2720741,1872
2721281,1872
2721820,1872
2722359,1873
2722898,1874
2723437,1873
2723976,1875
2724516,1871
2725055,1872
2725599,1872
2726138,1872
2726677,1872
2727217,1872
2727756,1877
2728296,1872
2728835,1872
2729374,1869
2729913,1872
2730456,1870
2730995,1872
2731534,1874
2732073,1872
2732616,1872
2733155,1872
2733694,1872
2734233,1872
2734772,1872
2735311,1872
2735851,1872
2736390,1872
2736930,1872
2737471,1873
2738010,1871
2738550,1871
2739089,1872
2739633,1872
2740173,1872
2740713,1872
2741253,1872
2741792,1872
2742331,1872
2742871,1877
2743410,1871
2743949,1874
2744489,1872
2745029,1873
2745569,1872
2746109,1871
2746648,1872
2747187,1872
2747726,1873
2748266,1872
2748805,1872
2749346,1872
2749885,1873
2750424,1873
2750963,1872
2751502,1872
2752041,1873
2752580,1872
2753120,1872
2753659,1874
2754198,1872
2754737,1874
2755276,1872
2755816,1872
2756356,1872
2756895,1872
2757434,1874
2757973,1872
2758512,1872
2759051,1872
2759591,1873
2760131,1872
2760670,1872
2761210,1873
2761749,1871
2762288,1872
2762828,1872
2763368,1871
2763907,1872
2764449,1873
2764989,1872
2765529,1873
2766069,1872
2766612,1871
2767151,1872
2767690,1872
2768229,1872
2768768,1873
2769308,1872
2769848,1871
2770388,1872
2770927,1872
2771468,1872
2772007,1872
2772546,1872
2773085,1872
2773628,1874
2774167,1871
2774706,1872
2775245,1872
2775784,1872
2776324,1872
2776863,1871
2777403,1872
2777943,1872
2778483,1872
2779022,1873
2779561,1872
2780101,1872
2780641,1872
2781181,1873
2781720,1872
2782259,1872
2782798,1872
2783337,1872
2783877,1872
2784416,1872
2784955,1875
2785495,1872
2786035,1871
2786575,1872
2787115,1872
2787654,1872
2788193,1869
2788732,1872
2789271,1872
2789811,1872
2790351,1872
2790890,1872
2791429,1872
2791968,1873
2792508,1873
2793048,1871
2793587,1872
2794127,1872
2794666,1870
2795205,1872
2795744,1872
2796284,1872
2796823,1873
2797362,1872
2797902,1872
2798441,1872
2798980,1872
2799519,1872
2800058,1872
2800602,1872
2801141,1872
2801681,1872
2802221,1871
2802760,1871
2803299,1872
2803838,1872
2804377,1872
2804917,1871
2805457,1872
2805997,1873
2806537,1872
2807076,1872
2807619,1872
2808159,1874
2808699,1875
2809239,1872
2809778,1872
2810318,1872
2810857,1873
2811396,1873
2811935,1872
2812476,1872
2813015,1874
2813554,1872
2814097,1872
2814636,1872
2815176,1872
2815715,1871
2816254,1871
2816794,1872
2817334,1872
2817874,1872
2818414,1872
2818954,1870
2819493,1872
2820033,1871
2820573,1872
2821112,1871
2821651,1872
2822190,1874
2822729,1872
2823268,1872
2823808,1873
2824348,1872
2824887,1872
2825427,1873
2825967,1872
2826507,1870
2827047,1872
2827586,1872
2828126,1872
2828665,1872
2829205,1873
2829744,1873
2830284,1874
2830823,1872
2831363,1871
2831903,1872
2832443,1869
2832982,1872
2833521,1872
2834061,1872
2834604,1872
2835145,1872
2835684,1872
2836223,1872
2836762,1871
2837302,1872
2837842,1872
2838381,1871
2838921,1871
2839460,1872
2840000,1870
2840539,1872
2841078,1874
2841622,1872
2842162,1872
2842701,1873
2843240,1870
2843779,1872
2844319,1869
2844859,1872
2845399,1871
2845938,1872
2846478,1871
2847017,1872
2847557,1872
2848097,1875
2848636,1872
2849175,1872
2849714,1871
2850254,1871
2850794,1872
2851334,1872
2851873,1871
2852413,1872
2852952,1872
2853492,1872
2854031,1872
2854570,1872
2855110,1872
2855649,1874
2856189,1872
2856728,1872
2857267,1875
2857806,1873
2858347,1871
2858886,1872
2859426,1872
2859965,1873
2860505,1872
2861044,1872
2861584,1872
2862124,1872
2862663,1872
2863202,1872
2863741,1873
2864280,1875
2864819,1872
2865358,1872
2865898,1872
2866437,1872
2866976,1871
2867516,1872
2868055,1872
2868599,1875
2869138,1872
2869678,1872
2870218,1872
2870757,1872
2871297,1873
2871836,1871
2872376,1872
2872915,1872
2873457,1873
2873996,1872
2874535,1872
2875075,1872
2875618,1872
2876157,1872
2876697,1873
2877236,1871
2877775,1872
2878315,1872
2878854,1872
2879395,1872
2879934,1872
2880475,1872
2881015,1874
2881554,1874
2882097,1873
2882636,1873
2883175,1873
2883715,1872
2884255,1872
2884794,1872
2885333,1874
2885872,1872
2886412,1874
2886951,1874
2887490,1872
2888029,1872
2888569,1874
2889109,1872
2889648,1875
2890187,1872
2890726,1871
2891267,1872
2891806,1872
2892345,1869
2892884,1870
2893424,1872
2893963,1872
2894503,1872
2895042,1873
2895581,1872
2896120,1872
2896659,1871
2897199,1872
2897738,1872
2898279,1872
2898818,1873
2899357,1872
2899896,1872
2900435,1872
2900974,1873
2901513,1872
2902053,1871
2902593,1872
2903132,1870
2903671,1872
2904212,1873
2904751,1873
2905290,1873
2905829,1872
2906368,1872
2906908,1873
2907449,1873
2907988,1872
2908528,1872
2909068,1873
2909611,1872
2910151,1873
2910691,1871
2911231,1870
2911770,1873
2912310,1872
2912849,1872
2913388,1872
2913927,1872
2914467,1872
2915007,1871
2915546,1872
2916085,1872
2916629,1872
2917168,1873
2917708,1873
2918247,1872
2918787,1872
2919327,1872
2919866,1872
2920405,1872
2920944,1872
2921488,1873
2922028,1872
2922568,1872
2923108,1871
2923647,1872
2924186,1872
2924725,1872
2925265,1872
2925805,1872
2926345,1871
2926884,1872
2927423,1872
2927962,1872
2928501,1872
2929041,1872
2929580,1872
2930120,1872
2930659,1872
2931198,1872
2931737,1872
2932276,1873
2932815,1872
2933354,1872
2933894,1873
2934434,1872
2934974,1872
2935513,1872
2936053,1873
2936593,1872
2937132,1872
2937671,1870
2938211,1872
2938750,1875
2939289,1872
2939828,1870
2940367,1872
2940906,1874
2941446,1872
2941987,1871
2942527,1872
2943067,1872
2943610,1873
2944150,1872
2944689,1872
2945229,1872
2945768,1872
2946307,1875
2946847,1873
2947387,1872
2947926,1871
2948467,1872
2949007,1872
2949546,1872
2950085,1874
2950629,1873
2951169,1872
2951708,1873
2952248,1872
2952787,1872
2953326,1872
2953865,1872
2954404,1874
2954943,1872
2955488,1875
2956027,1872
2956566,1872
2957105,1872
2957645,1872
2958184,1872
2958724,1874
2959264,1872
2959803,1872
2960343,1872
2960882,1872
2961421,1873
2961960,1872
2962500,1872
2963039,1875
2963579,1872
2964118,1872
2964658,1874
2965197,1873
2965737,1873
2966277,1875
2966816,1872
2967355,1872
2967895,1872
2968435,1872
2968974,1873
2969513,1872
2970053,1872
2970593,1872
2971133,1872
2971672,1872
2972212,1873
2972751,1872
2973291,1872
2973831,1872
2974370,1872
2974910,1870
2975451,1872
2975990,1873
2976531,1872
2977070,1874
2977613,1872
2978152,1872
2978692,1872
2979231,1872
2979771,1874
2980311,1872
2980850,1873
2981389,1872
2981929,1871
2982469,1872
2983008,1872
2983547,1872
2984087,1872
2984630,1874
2985170,1872
2985709,1872
2986248,1874
2986788,1872
2987327,1872
2987866,1873
2988407,1870
2988946,1872
2989487,1871
2990027,1873
2990567,1872
2991106,1872
2991646,1872
2992185,1871
2992724,1872
2993263,1874
2993802,1872
2994341,1872
2994880,1875
2995420,1872
2995960,1873
2996499,1872
2997038,1872
2997577,1872
2998117,1872
2998656,1872
2999195,1872
2999735,1873
3000275,1873
3000814,1872
3001353,1872
3001892,1872
3002432,1872
3002971,1873
3003510,1872
3004049,1872
3004589,1873
3005129,1872
3005668,1872
3006208,1874
3006747,1872
3007286,1872
3007825,1869
3008365,1872
3008904,1872
3009444,1872
3009983,1872
3010522,1872
3011061,1873
3011604,1874
3012144,1872
3012683,1871
3013222,1872
3013761,1872
3014301,1874
3014840,1872
3015379,1872
3015919,1871
3016459,1872
3016998,1872
3017538,1873
3018077,1873
3018620,1872
3019159,1872
3019699,1872
3020239,1871
3020778,1873
3021317,1872
3021856,1871
3022395,1872
3022934,1871
3023474,1872
3024014,1874
3024554,1871
3025097,1873
3025636,1874
3026175,1871
3026715,1872
3027254,1872
3027794,1872
3028333,1872
3028872,1873
3029411,1872
3029951,1872
3030490,1872
3031029,1872
3031568,1872
3032107,1872
3032646,1872
3033185,1872
3033724,1872
3034263,1872
3034802,1870
3035341,1872
3035880,1872
3036419,1873
3036958,1875
3037497,1873
3038036,1873
3038576,1872
3039116,1874
3039655,1872
3040194,1872
3040734,1872
3041273,1872
3041812,1871
3042353,1872
3042892,1872
3043431,1871
3043970,1873
3044509,1873
3045048,1875
3045588,1873
3046127,1872
3046667,1872
3047207,1874
3047746,1872
3048286,1872
3048825,1873
3049365,1873
3049905,1872
3050445,1872
3050984,1872
3051524,1872
3052063,1872
3052607,1872
3053147,1874
3053686,1872
3054225,1872
3054764,1872
3055304,1872
3055843,1873
3056383,1873
3056922,1871
3057463,1873
3058003,1872
3058542,1872
3059082,1871
3059625,1872
3060164,1872
3060703,1873
3061242,1872
3061782,1873
3062321,1873
3062860,1872
3063400,1872
3063940,1874
3064481,1872
3065021,1872
3065560,1874
3066099,1872
3066638,1874
3067179,1873
3067718,1872
3068258,1872
3068797,1874
3069336,1872
3069876,1874
3070415,1872
3070954,1872
3071494,1872
3072034,1872
3072573,1872
3073113,1872
3073652,1872
3074191,1873
3074730,1872
3075269,1874
3075808,1873
3076348,1873
3076888,1874
3077428,1876
3077967,1872
3078506,1872
3079045,1872
3079584,1872
3080124,1873
3080663,1872
3081202,1872
3081742,1872
3082281,1872
3082821,1872
3083361,1872
3083900,1872
3084441,1873
3084980,1875
3085519,1874
3086058,1872
3086602,1872
3087142,1873
3087681,1872
3088221,1872
3088760,1872
3089299,1872
3089838,1872
3090378,1872
3090917,1873
3091458,1872
3091997,1872
3092538,1872
3093077,1873
3093621,1872
3094160,1872
3094700,1871
3095239,1872
3095778,1873
3096317,1872
3096856,1873
3097395,1872
3097935,1872
3098475,1872
3099014,1872
3099553,1872
3100097,1872
3100636,1872
3101175,1872
3101714,1872
3102254,1872
3102794,1872
3103334,1872
3103873,1874
3104413,1874
3104952,1872
3105491,1873
3106030,1872
3106570,1871
3107109,1872
3107649,1872
3108189,1870
3108728,1872
3109267,1872
3109806,1873
3110345,1872
3110885,1873
3111424,1874
3111964,1874
3112504,1872
3113043,1872
3113582,1872
3114122,1872
3114662,1873
3115201,1872
3115741,1872
3116281,1872
3116820,1872
3117360,1872
3117899,1872
3118438,1872
3118977,1872
3119516,1871
3120055,1871
3120599,1872
3121139,1872
3121678,1872
3122218,1874
3122757,1872
3123296,1872
3123835,1872
3124375,1872
3124914,1872
3125456,1872
3125995,1872
3126535,1875
3127075,1872
3127618,1872
3128158,1872
3128697,1872
3129236,1872
3129775,1872
3130314,1874
3130854,1872
3131393,1873
3131933,1875
3132474,1872
3133014,1872
3133554,1872
3134097,1872
3134636,1872
3135175,1872
3135715,1871
3136254,1872
3136794,1873
3137333,1872
3137872,1872
3138413,1872
3138952,1873
3139491,1875
3140031,1872
3140570,1872
3141109,1872
3141648,1872
3142187,1872
3142727,1872
3143266,1877
3143805,1872
3144346,1869
3144885,1872
3145424,1872
3145963,1875
3146503,1872
3147042,1873
3147581,1873
3148122,1873
3148661,1872
3149200,1870
3149740,1872
3150280,1875
3150819,1872
3151358,1873
3151898,1872
3152437,1872
3152977,1872
3153516,1873
3154055,1872
3154599,1872
3155139,1873
3155678,1872
3156218,1871
3156757,1873
3157296,1872
3157835,1873
3158374,1872
3158913,1872
3159456,1872
3159995,1873
3160535,1872
3161074,1872
3161617,1872
3162157,1877
3162697,1875
3163237,1872
3163776,1872
3164316,1869
3164855,1872
3165394,1875
3165933,1872
3166473,1872
3167014,1872
3167554,1872
3168097,1874
3168636,1873
3169176,1872
3169715,1872
3170254,1871
3170794,1872
3171334,1872
3171873,1872
3172412,1871
3172951,1872
3173490,1870
3174029,1872
3174568,1872
3175108,1872
3175648,1871
3176187,1872
3176727,1871
3177267,1875
3177806,1872
3178345,1872
3178884,1873
3179423,1872
3179962,1873
3180501,1873
3181040,1872
3181579,1872
3182118,1872
3182657,1872
3183198,1872
3183737,1870
3184277,1871
3184816,1872
3185356,1872
3185895,1872
3186435,1872
3186974,1872
3187513,1874
3188052,1871
3188591,1874
3189130,1873
3189670,1875
3190210,1873
3190749,1873
3191289,1873
3191828,1872
3192367,1872
3192906,1870
3193447,1872
3193987,1872
3194526,1872
3195065,1873
3195608,1872
3196147,1872
3196687,1872
3197226,1872
3197765,1872
3198304,1873
3198844,1872
3199383,1872
3199923,1872
3200462,1873
3201001,1872
3201540,1871
3202079,1871
3202622,1874
3203163,1872
3203702,1872
3204241,1872
3204781,1872
3205320,1874
3205859,1872
3206400,1873
3206939,1872
3207479,1872
3208018,1872
3208557,1874
3209098,1872
3209637,1872
3210177,1873
3210716,1873
3211255,1872
3211794,1872
3212333,1872
3212872,1873
3213411,1872
3213951,1872
3214490,1871
3215029,1872
3215569,1872
3216109,1872
3216648,1874
3217187,1872
3217727,1874
3218266,1872
3218805,1873
3219346,1872
3219885,1875
3220424,1872
3220963,1873
3221502,1872
3222042,1873
3222582,1873
3223122,1872
3223661,1872
3224201,1872
3224740,1874
3225279,1874
3225818,1873
3226358,1874
3226897,1872
3227437,1873
3227977,1872
3228516,1872
3229055,1874
3229599,1875
3230139,1873
3230678,1874
3231217,1873
3231757,1872
3232297,1872
3232836,1872
3233375,1871
3233915,1872
3234456,1873
3234995,1872
3235534,1870
3236073,1875
3236617,1872
3237157,1873
3237696,1875
3238235,1872
3238774,1871
3239313,1873
3239852,1872
3240391,1872
3240931,1872
3241471,1873
3242010,1872
3242550,1872
3243089,1872
3243633,1872
3244173,1872
3244713,1872
3245252,1872
3245791,1872
3246330,1872
3246870,1872
3247409,1872
3247949,1872
3248488,1871
3249028,1873
3249567,1873
3250107,1873
3250646,1872
3251185,1872
3251724,1871
3252263,1872
3252803,1872
3253342,1872
3253882,1872
3254422,1872
3254962,1872
3255502,1872
3256042,1873
3256581,1872
3257120,1872
3257659,1870
3258198,1872
3258737,1872
3259276,1872
3259815,1872
3260355,1872
3260895,1871
3261435,1873
3261975,1871
3262515,1872
3263055,1872
3263598,1871
3264138,1872
3264677,1871
3265217,1872
3265756,1872
3266295,1872
3266835,1874
3267375,1872
3267914,1872
3268456,1872
3268995,1872
3269534,1872
3270073,1872
3270617,1872
3271157,1872
3271696,1872
3272235,1872
3272775,1872
3273315,1873
3273854,1872
3274394,1872
3274933,1871
3275473,1872
3276012,1870
3276552,1872
3277091,1871
3277634,1872
3278174,1869
3278714,1872
3279254,1872
3279793,1872
3280333,1875
3280872,1871
3281411,1872
3281950,1871
3282490,1875
3283030,1872
3283569,1873
3284109,1872
3284648,1872
3285187,1873
3285727,1872
3286267,1872
3286806,1872
3287346,1872
3287885,1877
3288425,1873
3288964,1872
3289503,1872
3290042,1873
3290581,1872
3291120,1872
3291660,1871
3292199,1872
3292738,1872
3293279,1872
3293818,1872
3294357,1872
3294896,1869
3295435,1873
3295974,1872
3296514,1872
3297054,1872
3297597,1874
3298137,1872
3298676,1872
3299215,1872
3299754,1872
3300294,1873
3300833,1872
3301373,1872
3301913,1872
3302456,1872
3302995,1873
3303534,1872
3304073,1873
3304617,1874
3305157,1872
3305696,1873
3306235,1872
3306774,1871
3307314,1872
3307853,1872
3308392,1872
3308931,1872
3309471,1871
3310011,1872
3310551,1872
3311090,1869
3311633,1871
3312173,1870
3312712,1872
3313252,1872
3313791,1873
3314331,1872
3314870,1875
3315409,1872
3315949,1872
3316488,1873
3317027,1872
3317567,1872
3318106,1872
3318646,1872
3319186,1872
3319725,1873
3320265,1872
3320804,1872
3321343,1875
3321882,1872
3322421,1873
3322960,1872
3323500,1871
3324039,1872
3324579,1871
3325119,1872
3325658,1872
3326198,1872
3326737,1872
3327277,1872
3327816,1872
3328356,1872
3328895,1871
3329434,1870
3329974,1872
3330513,1872
3331052,1872
3331592,1872
3332132,1872
3332671,1872
3333211,1874
3333750,1872
3334289,1873
3334828,1873
3335368,1872
3335907,1872
3336448,1872
3336987,1875
3337526,1874
3338065,1872
3338608,1872
3339147,1872
3339686,1872
3340226,1872
3340765,1872
3341306,1872
3341845,1873
3342384,1872
3342923,1872
3343464,1872
3344004,1872
3344543,1872
3345082,1872
3345625,1872
3346165,1872
3346704,1872
3347245,1872
3347784,1872
3348323,1872
3348863,1872
3349402,1872
3349942,1874
3350482,1872
3351021,1872
3351561,1872
3352100,1872
3352640,1872
3353179,1872
3353718,1872
3354258,1872
3354798,1872
3355338,1872
3355877,1872
3356416,1872
3356955,1872
3357494,1872
3358034,1872
3358573,1872
3359112,1870
3359652,1872
3360191,1872
3360730,1872
3361270,1872
3361810,1872
3362349,1872
3362888,1872
3363429,1872
3363968,1873
3364507,1872
3365046,1871
3365585,1872
3366125,1873
3366664,1873
3367203,1872
3367743,1872
3368282,1872
3368822,1872
3369361,1871
3369900,1874
3370441,1872
3370981,1873
3371521,1872
3372060,1871
3372604,1872
3373144,1871
3373683,1872
3374222,1872
3374761,1872
3375300,1872
3375839,1872
3376379,1872
3376918,1871
3377458,1872
3377997,1869
3378536,1872
3379075,1874
3379618,1872
3380158,1872
3380697,1875
3381236,1872
3381775,1872
3382314,1867
3382853,1871
3383393,1872
3383932,1872
3384472,1872
3385011,1873
3385550,1873
3386089,1873
3386633,1871
3387172,1872
3387711,1872
3388250,1872
3388790,1872
3389329,1872
3389869,1872
3390409,1873
3390949,1872
3391488,1872
3392028,1872
3392567,1875
3393106,1873
3393646,1872
3394185,1872
3394724,1871
3395263,1872
3395803,1872
3396343,1872
3396882,1873
3397421,1872
3397960,1872
3398499,1872
3399038,1872
3399579,1872
3400118,1872
3400657,1875
3401196,1872
3401736,1872
3402275,1872
3402815,1872
3403354,1873
3403893,1877
3404432,1872
3404972,1871
3405511,1872
3406050,1872
3406590,1872
3407130,1872
3407669,1872
3408208,1873
3408748,1872
3409288,1872
3409827,1871
3410367,1872
3410906,1872
3411446,1872
3411986,1872
3412525,1872
3413064,1875
3413607,1872
3414146,1872
3414685,1872
3415225,1871
3415764,1872
3416303,1872
3416842,1871
3417382,1872
3417921,1872
3418461,1872
3419001,1875
3419540,1872
3420079,1872
3420623,1872
3421163,1872
3421702,1870
3422241,1872
3422780,1871
3423320,1868
3423859,1874
3424399,1872
3424938,1873
3425478,1872
3426017,1872
3426557,1873
3427097,1872
3427636,1872
3428176,1874
3428715,1872
3429254,1868
3429793,1872
3430334,1872
3430873,1872
3431413,1874
3431952,1871
3432491,1871
3433030,1872
3433569,1872
3434109,1872
3434648,1872
3435187,1872
3435726,1873
3436267,1872
3436806,1872
3437346,1872
3437885,1872
3438424,1872
3438963,1872
3439502,1870
3440042,1873
3440582,1872
3441122,1872
3441661,1872
3442200,1872
3442740,1872
3443280,1872
3443819,1872
3444359,1872
3444898,1872
3445437,1869
3445976,1872
3446515,1871
3447055,1872
3447599,1872
3448139,1872
3448678,1872
3449218,1869
3449757,1872
3450296,1872
3450836,1872
3451375,1871
3451915,1872
3452456,1872
3452995,1873
3453534,1872
3454074,1872
3454618,1872
3455158,1873
3455697,1871
3456238,1873
3456777,1872
3457316,1872
3457856,1874
3458396,1872
3458935,1875
3459476,1872
3460015,1872
3460554,1869
3461097,1872
3461636,1872
3462175,1871
3462715,1872
3463255,1873
3463794,1871
3464333,1873
3464872,1872
3465412,1872
3465951,1872
3466490,1872
3467029,1871
3467568,1875
3468107,1873
3468646,1873
3469185,1872
3469724,1872
3470263,1872
3470802,1872
3471342,1872
3471881,1872
3472421,1873
3472960,1873
3473499,1872
3474039,1872
3474579,1874
3475118,1874
3475657,1872
3476197,1872
3476736,1873
3477275,1872
3477814,1872
3478353,1870
3478892,1873
3479432,1871
3479971,1872
3480510,1872
3481049,1872
3481588,1871
3482128,1872
3482668,1872
3483207,1872
3483746,1872
3484286,1873
3484825,1872
3485364,1872
3485904,1872
3486443,1872
3486983,1872
3487522,1872
3488061,1867
3488604,1873
3489144,1872
3489683,1872
3490222,1872
3490761,1872
3491301,1872
3491840,1872
3492381,1869
3492920,1872
3493460,1872
3494000,1872
3494539,1872
3495078,1872
3495622,1872
3496162,1872
3496701,1872
3497241,1872
3497780,1872
3498320,1872
3498859,1874
3499398,1872
3499937,1873
3500478,1872
3501017,1873
3501557,1872
3502097,1872
3502636,1873
3503176,1873
3503715,1872
3504254,1872
3504794,1872
3505333,1872
3505872,1872
3506412,1871
3506951,1872
3507490,1872
3508029,1871
3508568,1872
3509107,1872
3509646,1872
3510186,1874
3510725,1872
3511264,1874
3511803,1873
3512342,1873
3512881,1873
3513422,1872
3513961,1872
3514502,1872
3515042,1872
3515581,1872
3516120,1873
3516660,1872
3517199,1875
3517739,1873
3518279,1872
3518818,1872
3519357,1872
3519897,1873
3520436,1873
3520975,1872
3521514,1872
3522054,1872
3522598,1871
3523137,1870
3523676,1872
3524215,1872
3524754,1872
3525293,1872
3525832,1873
3526373,1872
3526912,1872
3527456,1872
3527996,1872
3528536,1869
3529075,1872
3529618,1872
3530158,1872
3530697,1872
3531236,1869
3531775,1872
3532314,1872
3532854,1872
3533394,1875
3533933,1872
3534474,1872
3535014,1872
3535554,1873
3536097,1872
3536636,1872
3537175,1872
3537715,1873
3538255,1872
3538794,1870
3539333,1872
3539872,1869
3540412,1872
3540951,1872
3541491,1872
3542030,1871
3542570,1872
3543110,1873
3543649,1872
3544188,1872
3544727,1872
3545266,1872
3545805,1873
3546344,1873
3546883,1872
3547423,1872
3547963,1871
3548503,1872
3549042,1873
3549581,1869
3550120,1872
3550660,1869
3551200,1871
3551739,1870
3552279,1872
3552818,1874
3553358,1872
3553897,1871
3554436,1873
3554977,1872
3555516,1872
3556055,1872
3556599,1872
3557138,1872
3557677,1872
3558218,1872
3558757,1872
3559297,1873
3559836,1872
3560375,1871
3560914,1871
3561456,1876
3561995,1872
3562534,1872
3563073,1872
3563616,1871
3564156,1873
3564696,1872
3565235,1871
3565775,1872
3566315,1872
3566854,1872
3567394,1872
3567933,1872
3568474,1872
3569013,1871
3569552,1872
3570091,1872
3570634,1872
3571173,1872
3571712,1872
3572253,1872
3572792,1871
3573331,1872
3573871,1872
3574410,1872
3574949,1871
3575489,1872
3576028,1872
3576567,1872
3577106,1872
3577646,1872
3578185,1872
3578724,1872
3579263,1874
3579802,1872
3580341,1872
3580880,1872
3581420,1872
3581960,1872
3582500,1872
3583039,1871
3583579,1871
3584118,1874
3584657,1872
3585198,1872
3585737,1872
3586276,1873
3586815,1870
3587355,1871
3587894,1873
3588435,1873
3588974,1874
3589514,1873
3590054,1872
3590597,1872
3591137,1872
3591676,1872
3592215,1872
3592754,1872
3593293,1872
3593832,1873
3594373,1873
3594912,1872
3595456,1873
3595995,1872
3596535,1872
3597075,1872
3597618,1872
3598158,1871
3598697,1871
3599236,1872
3599775,1873
3600314,1872
3600853,1872
3601392,1873
3601932,1872
3602472,1872
3603011,1872
3603550,1872
3604089,1873
3604633,1872
3605172,1872
3605712,1873
3606252,1872
3606791,1873
3607331,1872
3607870,1872
3608410,1873
3608950,1872
3609489,1872
3610028,1870
3610567,1873
3611106,1872
3611646,1872
3612185,1872
3612724,1872
3613263,1874
3613802,1872
3614341,1872
3614880,1872
3615419,1871
3615958,1874
3616497,1872
3617036,1871
3617575,1873
3618115,1872
3618655,1874
3619195,1872
3619734,1872
3620273,1870
3620812,1872
3621352,1872
3621891,1872
3622431,1872
3622970,1871
3623510,1872
3624049,1873
3624589,1872
3625129,1872
3625668,1873
3626208,1872
3626747,1872
3627287,1872
3627826,1872
3628366,1873
3628905,1872
3629446,1872
3629985,1872
3630525,1873
3631064,1871
3631607,1872
3632147,1874
3632686,1872
3633225,1872
3633764,1872
3634304,1873
3634843,1872
3635382,1871
3635921,1872
3636462,1872
3637001,1872
3637540,1872
3638079,1872
3638622,1872
3639162,1872
3639701,1873
3640241,1871
3640780,1871
3641320,1872
3641859,1872
3642399,1874
3642938,1871
3643478,1872
3644017,1872
3644557,1872
3645097,1872
3645636,1875
3646175,1872
3646714,1871
3647253,1872
3647792,1872
3648333,1872
3648872,1872
3649411,1872
3649951,1872
3650490,1873
3651029,1872
3651569,1872
3652109,1873
3652648,1872
3653187,1872
3653727,1872
3654266,1872
3654806,1872
3655345,1873
3655885,1873
3656424,1872
3656964,1872
3657503,1872
3658042,1874
3658581,1871
3659120,1873
3659659,1872
3660199,1872
3660738,1872
3661277,1872
3661817,1872
3662356,1872
3662896,1875
3663435,1872
3663974,1871
3664513,1872
3665052,1873
3665591,1872
3666131,1872
3666670,1872
3667209,1869
3667748,1872
3668287,1872
3668826,1872
3669367,1873
3669906,1872
3670447,1874
3670987,1872
3671526,1872
3672065,1872
3672608,1874
3673147,1872
3673687,1872
3674227,1872
3674766,1872
3675306,1872
3675845,1872
3676385,1872
3676924,1873
3677464,1875
3678003,1872
3678543,1871
3679082,1872
3679625,1872
3680165,1872
3680704,1874
3681244,1871
3681783,1870
3682322,1873
3682862,1872
3683401,1872
3683940,1872
3684482,1872
3685021,1872
3685560,1872
3686099,1872
3686638,1872
3687179,1874
3687718,1873
3688258,1872
3688797,1872
3689336,1872
3689875,1872
3690416,1872
3690956,1872
3691495,1875
3692035,1872
3692574,1872
3693113,1872
3693653,1872
3694192,1872
3694731,1872
3695271,1872
3695810,1872
3696350,1875
3696889,1872
3697428,1872
3697967,1872
3698507,1872
3699046,1875
3699586,1871
3700126,1872
3700666,1872
3701206,1871
3701745,1875
3702285,1872
3702824,1871
3703363,1874
3703902,1872
3704442,1872
3704981,1872
3705520,1873
3706059,1874
3706603,1872
3707143,1872
3707682,1875
3708221,1872
3708761,1872
3709300,1872
3709839,1874
3710379,1872
3710919,1871
3711460,1872
3711999,1873
3712539,1872
3713078,1872
3713621,1872
3714162,1873
3714701,1872
3715240,1871
3715779,1872
3716318,1872
3716857,1872
3717398,1872
3717937,1872
3718477,1872
3719016,1872
3719555,1872
3720097,1872
3720636,1872
3721176,1872
3721715,1873
3722254,1873
3722794,1873
3723334,1874
3723873,1873
3724413,1872
3724952,1872
3725491,1872
3726030,1872
3726570,1872
3727109,1870
3727649,1872
3728189,1872
3728728,1873
3729267,1872
3729807,1872
3730347,1872
3730887,1872
3731426,1872
3731965,1872
3732505,1872
3733044,1872
3733584,1872
3734123,1872
3734663,1873
3735203,1872
3735742,1872
3736281,1871
3736820,1871
3737360,1872
3737899,1872
3738438,1872
3738977,1872
3739517,1872
3740056,1872
3740599,1872
3741139,1872
3741678,1872
3742218,1871
3742757,1872
3743296,1872
3743836,1872
3744375,1869
3744915,1871
3745456,1872
3745995,1875
3746534,1872
3747073,1874
3747617,1872
3748156,1871
3748696,1872
3749235,1872
3749774,1872
3750315,1875
3750854,1875
3751394,1872
3751933,1872
3752473,1872
3753012,1872
3753551,1872
3754090,1872
3754634,1872
3755174,1873
3755713,1871
3756253,1872
3756792,1873
3757332,1872
3757871,1873
3758410,1872
3758949,1873
3759489,1872
3760028,1872
3760567,1873
3761107,1872
3761646,1873
3762185,1872
3762724,1872
3763263,1871
3763802,1870
3764342,1872
3764882,1874
3765422,1872
3765961,1871
3766500,1875
3767040,1872
3767579,1873
3768118,1871
3768657,1874
3769196,1872
3769735,1874
3770275,1872
3770815,1872
3771355,1872
3771894,1872
3772434,1872
3772974,1872
3773514,1872
3774054,1872
3774597,1872
3775136,1873
3775676,1872
3776216,1872
3776755,1870
3777294,1872
3777834,1871
3778374,1872
3778913,1870
3779456,1875
3779995,1872
3780534,1872
3781073,1871
3781617,1872
3782157,1872
3782696,1870
3783235,1871
3783775,1873
3784315,1872
3784854,1872
3785394,1872
3785933,1871
3786474,1872
3787014,1872
3787553,1872
3788097,1875
3788636,1872
3789175,1872
3789715,1872
3790254,1873
3790794,1872
3791334,1872
3791873,1874
3792414,1871
3792954,1872
3793493,1872
3794032,1872
3794572,1872
3795112,1872
3795652,1873
3796192,1874
3796731,1872
3797271,1872
3797810,1872
3798349,1873
3798888,1872
3799428,1872
3799967,1872
3800506,1874
3801045,1873
3801585,1874
3802125,1873
3802664,1873
3803204,1872
3803743,1872
3804282,1872
3804821,1873
3805360,1873
3805899,1872
3806439,1872
3806978,1872
3807518,1872
3808057,1872
3808601,1873
3809140,1873
3809679,1874
3810218,1872
3810757,1872
3811296,1872
3811836,1873
3812376,1874
3812915,1872
3813457,1872
3813996,1872
3814536,1873
3815075,1872
3815618,1872
3816158,1872
3816697,1871
3817238,1872
3817777,1872
3818316,1872
3818856,1872
3819396,1872
3819935,1872
3820476,1872
3821015,1872
3821554,1872
3822097,1877
3822636,1872
3823175,1873
3823714,1872
3824253,1872
3824792,1872
3825333,1872
3825872,1872
3826411,1872
3826950,1872
3827490,1872
3828030,1872
3828569,1872
3829109,1873
3829648,1872
3830188,1871
3830727,1870
3831267,1872
3831807,1872
3832347,1872
3832886,1872
3833426,1872
3833966,1871
3834505,1873
3835044,1872
3835584,1872
3836124,1872
3836663,1872
3837202,1871
3837741,1872
3838281,1872
3838821,1872
3839361,1873
3839900,1872
3840440,1873
3840979,1873
3841518,1872
3842057,1873
3842601,1872
3843140,1872
3843680,1872
3844219,1872
3844758,1873
3845298,1872
3845837,1872
3846376,1871
3846916,1872
3847456,1871
3847995,1871
3848534,1871
3849073,1873
3849617,1872
3850157,1872
3850696,1872
3851235,1872
3851774,1872
3852313,1873
3852852,1872
3853393,1872
3853932,1872
3854472,1872
3855011,1872
3855550,1872
3856089,1872
3856634,1872
3857173,1872
3857713,1872
3858252,1872
3858791,1872
3859331,1872
3859871,1874
3860410,1873
3860950,1872
3861490,1872
3862029,1871
3862568,1872
3863107,1872
3863647,1872
3864186,1874
3864725,1872
3865265,1872
3865805,1872
3866345,1873
3866884,1872
3867424,1872
3867963,1872
3868502,1873
3869042,1872
3869581,1873
3870120,1872
3870659,1872
3871199,1873
3871738,1872
3872278,1873
3872818,1873
3873358,1872
3873897,1873
3874436,1872
3874975,1873
3875514,1872
3876054,1872
3876599,1873
3877139,1871
3877678,1873
3878218,1874
3878757,1872
3879296,1874
3879835,1872
3880374,1872
3880913,1872
3881457,1872
3881996,1872
3882536,1872
3883076,1871
3883619,1873
3884159,1872
3884698,1872
3885238,1872
3885777,1872
3886316,1872
3886855,1873
3887394,1873
3887933,1870
3888473,1872
3889014,1872
3889553,1873
3890097,1871
3890636,1872
3891175,1872
3891714,1872
3892254,1872
3892794,1872
3893334,1872
3893873,1872
3894412,1874
3894951,1872
3895491,1872
3896030,1872
3896569,1872
3897109,1873
3897648,1872
3898187,1872
3898727,1872
3899266,1872
3899805,1872
3900345,1872
3900884,1872
3901423,1871
3901962,1873
3902501,1872
3903041,1872
3903580,1877
3904119,1872
3904659,1872
3905199,1872
3905738,1872
3906278,1872
3906817,1872
3907356,1872
3907896,1874
3908436,1872
3908976,1872
3909515,1871
3910055,1872
3910598,1871
3911138,1871
3911677,1872
3912216,1873
3912756,1872
3913295,1870
3913835,1872
3914375,1872
3914914,1872
3915457,1872
3915996,1873
3916536,1872
3917075,1872
3917618,1872
3918158,1872
3918697,1874
3919236,1872
3919775,1872
3920315,1872
3920855,1872
3921394,1872
3921933,1872
3922474,1874
3923014,1872
3923554,1872
3924097,1874
3924636,1872
3925175,1870
3925714,1872
3926254,1873
3926794,1872
3927334,1872
3927873,1872
3928414,1872
3928954,1872
3929493,1871
3930033,1872
3930573,1871
3931112,1872
3931651,1871
3932192,1874
3932731,1873
3933270,1871
3933809,1872
3934348,1872
3934887,1873
3935428,1872
3935967,1872
3936506,1873
3937045,1872
3937584,1872
3938124,1872
3938663,1872
3939204,1873
3939743,1872
3940282,1872
3940822,1872
3941361,1873
3941901,1872
3942441,1872
3942981,1872
3943520,1872
3944059,1872
3944603,1872
3945143,1874
3945682,1875
3946221,1872
3946760,1873
3947300,1872
3947840,1872
3948380,1872
3948919,1872
3949460,1872
3949999,1872
3950539,1871
3951079,1872
3951623,1874
3952163,1873
3952702,1872
3953241,1871
3953780,1872
3954320,1871
3954859,1870
3955398,1872
3955937,1872
3956478,1872
3957017,1872
3957556,1872
3958097,1872
3958636,1871
3959176,1871
3959715,1872
3960254,1872
3960794,1874
3961333,1871
3961872,1872
3962411,1870
3962950,1872
3963490,1872
3964030,1872
3964569,1874
3965109,1872
3965648,1873
3966187,1872
3966726,1872
3967266,1872
3967805,1874
3968346,1874
3968885,1872
3969424,1870
3969964,1875
3970504,1872
3971044,1872
3971583,1873
3972123,1873
3972662,1872
3973201,1872
3973741,1872
3974280,1872
3974819,1874
3975359,1872
3975898,1872
3976438,1872
3976977,1873
3977517,1872
3978056,1872
3978600,1872
3979140,1872
3979679,1872
3980218,1875
3980757,1872
3981296,1872
3981836,1872
3982375,1872
3982914,1872
3983456,1874
3983996,1872
3984536,1872
3985075,1872
3985618,1872
3986158,1872
3986697,1870
3987238,1872
3987777,1872
3988316,1871
3988856,1872
3989396,1872
3989935,1872
3990475,1872
3991015,1872
3991555,1872
3992097,1872
3992636,1872
3993175,1872
3993714,1872
3994254,1872
3994793,1872
3995332,1874
3995871,1872
3996410,1872
3996950,1872
3997490,1872
3998029,1871
3998569,1873
3999109,1872
3999648,1871
4000187,1872
4000727,1872
4001266,1875
4001805,1872
4002344,1872
4002884,1873
4003424,1872
4003963,1873
4004503,1872
4005042,1872
4005581,1872
4006120,1873
4006660,1872
4007199,1872
4007739,1872
4008279,1873
4008818,1874
4009357,1872
4009896,1872
4010436,1872
4010975,1872
4011515,1873
4012055,1872
4012598,1872
4013138,1872
4013677,1871
4014217,1872
4014756,1872
4015295,1872
4015834,1873
4016374,1872
4016913,1872
4017457,1872
4017996,1874
4018535,1872
4019075,1871
4019619,1874
4020159,1872
4020698,1872
4021238,1871
4021777,1873
4022316,1872
4022856,1872
4023395,1872
4023935,1872
4024475,1872
4025014,1872
4025553,1872
4026096,1873
4026636,1872
4027176,1873
4027715,1872
4028255,1872
4028794,1872
4029334,1874
4029873,1873
4030412,1873
4030952,1872
4031492,1873
4032031,1872
4032572,1874
4033112,1872
4033651,1871
4034191,1872
4034730,1871
4035269,1872
4035808,1870
4036347,1873
4036886,1872
4037426,1875
4037965,1872
4038505,1872
4039045,1872
4039585,1872
4040125,1872
4040664,1872
4041204,1873
4041743,1871
4042283,1874
4042822,1871
4043361,1870
4043900,1872
4044439,1872
4044979,1872
4045518,1872
4046057,1872
4046600,1872
4047140,1873
4047680,1872
4048219,1872
4048758,1872
4049298,1872
4049837,1872
4050376,1871
4050916,1872
4051456,1872
4051995,1872
4052534,1871
4053073,1872
4053617,1872
4054156,1873
4054696,1872
4055235,1872
4055775,1872
4056314,1873
4056853,1873
4057392,1872
4057932,1872
4058472,1872
4059011,1873
4059551,1872
4060091,1870
4060634,1872
4061173,1872
4061713,1872
4062253,1872
4062792,1872
4063332,1872
4063871,1872
4064410,1872
4064950,1872
4065490,1872
4066030,1874
4066569,1872
4067110,1872
4067649,1872
4068188,1872
4068727,1872
4069267,1872
4069807,1872
4070347,1872
4070886,1872
4071426,1872
4071966,1872
4072505,1873
4073045,1872
4073586,1872
4074125,1872
4074664,1872
4075205,1872
4075744,1872
4076284,1873
4076823,1873
4077362,1872
4077901,1873
4078442,1872
4078981,1872
4079521,1872
4080061,1872
4080604,1874
4081144,1872
4081683,1871
4082223,1872
4082762,1872
4083301,1872
4083840,1872
4084381,1872
4084920,1872
4085460,1873
4085999,1872
4086538,1872
4087077,1871
4087621,1871
4088160,1872
4088700,1872
4089239,1872
4089778,1875
4090317,1871
4090857,1872
4091397,1873
4091936,1872
4092477,1872
4093016,1872
4093555,1872
4094097,1872
4094636,1872
4095176,1872
4095715,1872
4096255,1871
4096794,1872
4097333,1872
4097872,1871
4098412,1872
4098951,1872
4099491,1872
4100031,1872
4100570,1872
4101110,1872
4101649,1872
4102189,1873
4102728,1872
4103267,1873
4103807,1871
4104347,1875
4104886,1872
4105426,1873
4105966,1872
4106505,1872
4107044,1872
4107583,1872
4108123,1872
4108662,1874
4109201,1870
4109740,1871
4110279,1872
4110818,1872
4111357,1873
4111897,1872
4112437,1872
4112976,1872
4113516,1872
4114055,1872
4114599,1872
4115138,1872
4115678,1872
4116218,1872
4116757,1872
4117296,1872
4117835,1872
4118374,1872
4118913,1872
4119456,1872
4119995,1871
4120534,1872
4121073,1872
4121617,1872
4122156,1873
4122695,1872
4123234,1872
4123774,1872
4124313,1872
4124852,1874
4125393,1872
4125932,1871
4126473,1872
4127012,1872
4127552,1872
4128091,1872
4128635,1869
4129174,1873
4129713,1872
4130253,1872
4130792,1869
4131331,1872
4131870,1872
4132409,1872
4132949,1872
4133489,1872
4134028,1872
4134567,1872
4135106,1872
4135645,1874
4136185,1869
4136724,1873
4137263,1872
4137802,1872
4138341,1872
4138880,1870
4139420,1872
4139960,1872
4140499,1872
4141038,1872
4141578,1873
4142118,1872
4142657,1872
4143196,1874
4143736,1872
4144275,1872
4144815,1871
4145355,1871
4145894,1872
4146434,1874
4146973,1872
4147512,1872
4148051,1872
4148590,1873
4149130,1872
4149669,1872
4150208,1873
4150748,1872
4151288,1872
4151827,1872
4152367,1872
4152907,1872
4153446,1872
4153987,1873
4154527,1872
4155066,1872
4155610,1873
4156150,1873
4156689,1872
4157228,1872
4157768,1871
4158308,1872
4158847,1874
4159387,1873
4159926,1871
4160467,1871
4161007,1871
4161547,1872
4162086,1872
4162630,1872
4163169,1872
4163708,1872
4164247,1872
4164786,1871
4165327,1872
4165866,1872
4166406,1873
4166946,1872
4167487,1872
4168027,1872
4168566,1871
4169105,1872
4169645,1872
4170185,1874
4170724,1872
4171264,1872
4171803,1872
4172343,1872
4172882,1872
4173421,1872
4173961,1872
4174500,1872
4175040,1872
4175579,1872
4176118,1872
4176657,1872
4177196,1872
4177736,1872
4178275,1872
4178815,1871
4179355,1872
4179894,1872
4180434,1872
4180974,1873
4181513,1873
4182053,1871
4182593,1874
4183132,1873
4183672,1872
4184212,1872
4184751,1872
4185290,1873
4185829,1872
4186368,1872
4186907,1872
4187448,1871
4187987,1872
4188527,1872
4189066,1871
4189610,1872
4190150,1872
4190689,1874
4191228,1874
4191768,1872
4192307,1874
4192846,1872
4193387,1872
4193926,1871
4194467,1872
4195006,1873
4195546,1872
4196085,1872
4196629,1872
4197168,1872
4197708,1872
4198247,1872
4198786,1872
4199326,1872
4199865,1872
4200404,1871
4200943,1873
4201488,1873
4202028,1872
4202567,1872
4203106,1872
4203646,1872
4204185,1872
4204725,1873
4205264,1874
4205804,1872
4206343,1871
4206883,1872
4207423,1872
4207962,1873
4208502,1872
4209041,1872
4209580,1872
4210119,1872
4210658,1872
4211199,1872
4211738,1872
4212278,1874
4212817,1872
4213356,1873
4213895,1872
4214434,1872
4214974,1872
4215514,1872
4216054,1871
4216597,1872
4217137,1872
4217676,1874
4218216,1871
4218755,1870
4219294,1872
4219833,1872
4220373,1872
4220913,1872
4221456,1872
4221995,1872
4222534,1872
4223074,1871
4223617,1872
4224156,1872
4224695,1872
4225235,1871
4225774,1874
4226314,1873
4226853,1872
4227393,1872
4227932,1871
4228472,1872
4229012,1873
4229552,1872
4230091,1870
4230634,1872
4231173,1872
4231712,1872
4232251,1872
4232791,1872
4233331,1872
4233870,1872
4234410,1871
4234950,1872
4235490,1875
4236030,1872
4236569,1872
4237109,1875
4237648,1872
4238187,1873
4238727,1873
4239266,1875
4239805,1871
4240346,1875
4240885,1872
4241424,1873
4241963,1872
4242503,1872
4243042,1872
4243582,1872
4244122,1872
4244661,1871
4245200,1874
4245740,1872
4246280,1872
4246819,1872
4247359,1874
4247898,1872
4248437,1872
4248976,1872
4249515,1871
4250055,1872
4250598,1872
4251137,1872
4251676,1873
4252215,1872
4252754,1872
4253293,1870
4253832,1871
4254371,1872
4254910,1874
4255450,1872
4255989,1872
4256529,1872
4257068,1872
4257612,1872
4258151,1873
4258690,1872
4259230,1872
4259769,1871
4260308,1871
4260848,1872
4261388,1873
4261927,1872
4262468,1872
4263007,1872
4263546,1871
4264085,1872
4264629,1872
4265168,1872
4265708,1871
4266248,1871
4266787,1873
4267326,1872
4267865,1872
4268404,1872
4268943,1872
4269488,1872
4270028,1872
4270568,1872
4271108,1873
4271647,1872
4272187,1872
4272726,1872
4273266,1873
4273805,1874
4274344,1872
4274884,1872
4275424,1872
4275963,1871
4276502,1872
4277041,1872
4277581,1871
4278120,1872
4278660,1872
4279199,1872
4279738,1872
4280277,1872
4280817,1873
4281356,1872
4281896,1872
4282435,1872
4282975,1872
4283515,1872
4284054,1871
4284598,1872
4285137,1872
4285676,1872
4286215,1872
4286754,1872
4287294,1874
4287833,1873
4288372,1871
4288912,1872
4289451,1871
4289991,1872
4290530,1872
4291069,1872
4291612,1871
4292151,1869
4292690,1871
4293229,1871
4293769,1872
4294308,1871
4294848,1872
4295388,1872
4295927,1869
4296468,1870
4297008,1872
4297548,1872
4298088,1875
4298631,1872
4299170,1872
4299710,1872
4300250,1872
4300789,1872
4301329,1874
4301868,1873
4302407,1872
4302946,1872
4303487,1872
4304027,1872
4304566,1873
4305106,1871
4305645,1872
4306185,1872
4306724,1872
4307265,1874
4307804,1873
4308343,1874
4308883,1872
4309422,1872
4309961,1875
4310500,1871
4311039,1872
4311579,1872
4312119,1872
4312658,1872
4313197,1872
4313736,1873
4314275,1872
4314815,1872
4315355,1872
4315894,1872
4316434,1872
4316974,1873
4317513,1872
4318052,1872
4318591,1872
4319131,1875
4319670,1873
4320209,1872
4320748,1872
4321287,1872
4321826,1872
4322366,1872
4322906,1873
4323447,1872
4323987,1873
4324526,1873
4325065,1872
4325608,1873
4326147,1872
4326687,1872
4327226,1871
4327765,1873
4328306,1872
4328845,1873
4329384,1872
4329924,1872
4330464,1872
4331003,1872
4331543,1871
4332083,1872
4332626,1871
4333165,1872
4333705,1872
4334245,1872
4334784,1872
4335323,1869
4335862,1875
4336402,1872
4336941,1874
4337482,1872
4338022,1871
4338562,1873
4339102,1873
4339641,1870
4340180,1871
4340719,1873
4341259,1872
4341798,1872
4342338,1872
4342877,1872
4343416,1872
4343955,1872
4344495,1872
4345035,1873
4345574,1872
4346113,1872
4346652,1872
4347191,1872
4347730,1872
4348269,1873
4348808,1874
4349347,1872
4349886,1873
4350426,1872
4350966,1872
4351505,1874
4352045,1872
4352585,1872
4353125,1872
4353664,1872
4354204,1873
4354743,1872
4355282,1871
4355821,1872
4356360,1873
4356899,1872
4357438,1872
4357978,1872
4358518,1872
4359057,1871
4359601,1872
4360141,1872
4360680,1872
4361219,1872
4361758,1872
4362297,1875
4362837,1871
4363376,1872
4363916,1872
4364457,1872
4364996,1873
4365535,1873
4366075,1872
4366618,1875
4367158,1871
4367697,1871
4368237,1873
4368776,1872
4369315,1875
4369855,1874
4370395,1872
4370934,1871
4371474,1872
4372014,1872
4372554,1871
4373097,1872
4373636,1872
4374176,1873
4374715,1872
4375255,1872
4375794,1872
4376334,1872
4376873,1873
4377413,1870
4377952,1872
4378492,1873
4379031,1871
4379571,1872
4380111,1874
4380650,1872
4381190,1872
4381729,1872
4382268,1872
4382808,1872
4383348,1873
4383887,1875
4384426,1872
4384965,1872
4385505,1872
4386044,1874
4386584,1872
4387124,1872
4387663,1872
4388202,1872
4388741,1872
4389280,1872
4389819,1872
4390360,1873
4390899,1872
4391439,1872
4391979,1872
4392519,1872
4393058,1873
4393601,1872
4394142,1874
4394681,1872
4395220,1872
4395759,1872
4396300,1872
4396839,1872
4397379,1872
4397918,1871
4398458,1872
4398997,1871
4399537,1872
4400076,1875
4400620,1871
4401159,1872
4401698,1873
4402238,1873
4402778,1874
4403318,1872
4403857,1872
4404396,1872
4404935,1873
4405476,1872
4406015,1867
4406554,1872
4407097,1870
4407636,1873
4408176,1872
4408715,1873
4409254,1871
4409794,1870
4410333,1872
4410872,1872
4411411,1872
4411950,1874
4412490,1872
4413030,1873
4413569,1873
4414109,1872
4414648,1872
4415187,1871
4415727,1871
4416267,1872
4416806,1871
4417345,1872
4417884,1872
4418424,1872
4418963,1872
4419503,1872
4420043,1872
4420583,1872
4421123,1871
4421662,1874
4422201,1870
4422740,1872
4423279,1872
4423818,1873
4424358,1872
4424897,1871
4425436,1872
4425975,1873
4426514,1873
4427054,1872
4427597,1872
4428137,1872
4428676,1872
4429215,1873
4429755,1872
4430294,1872
4430833,1872
4431373,1872
4431913,1872
4432456,1873
4432995,1872
4433534,1872
4434073,1872
4434616,1872
4435157,1872
4435696,1875
4436235,1872
4436774,1872
4437313,1872
4437852,1872
4438392,1873
4438931,1872
4439471,1873
4440010,1873
4440550,1872
4441089,1872
4441633,1875
4442172,1872
4442711,1872
4443250,1872
4443790,1872
4444329,1872
4444869,1873
4445408,1872
4445948,1872
4446488,1872
4447028,1872
4447567,1873
4448106,1873
4448645,1872
4449185,1872
4449724,1872
4450264,1874
4450803,1872
4451342,1872
4451881,1872
4452420,1872
4452961,1872
4453500,1872
4454039,1872
4454578,1870
4455117,1872
4455656,1872
4456197,1872
4456736,1872
4457275,1872
4457814,1873
4458353,1871
4458892,1873
4459431,1871
4459971,1872
4460511,1873
4461051,1872
4461590,1873
4462130,1873
4462669,1871
4463208,1872
4463747,1870
4464288,1869
4464827,1873
4465367,1872
4465906,1871
4466447,1872
4466987,1871
4467526,1872
4468066,1871
4468609,1869
4469149,1872
4469688,1872
4470227,1872
4470766,1871
4471307,1872
4471846,1872
4472386,1875
4472925,1872
4473465,1871
4474005,1872
4474545,1872
4475085,1871
4475628,1873
4476167,1871
4476706,1872
4477247,1873
4477786,1872
4478326,1872
4478865,1874
4479405,1872
4479945,1872
4480488,1872
4481028,1872
4481567,1872
4482106,1872
4482646,1872
4483185,1872
4483724,1872
4484263,1872
4484802,1872
4485342,1872
4485881,1873
4486422,1872
4486961,1872
4487500,1875
4488039,1872
4488579,1872
4489119,1872
4489659,1872
4490199,1876
4490738,1871
4491279,1874
4491818,1875
4492357,1872
4492897,1873
4493437,1872
4493976,1872
4494515,1872
4495055,1872
4495599,1872
4496138,1872
4496677,1872
4497217,1872
4497756,1873
4498296,1872
4498835,1871
4499374,1872
4499913,1872
4500456,1872
4500995,1872
4501534,1872
4502073,1872
4502617,1872
4503157,1874
4503696,1874
4504235,1872
4504774,1873
4505313,1873
4505852,1872
4506393,1873
4506932,1870
4507472,1871
4508011,1872
4508550,1879
4509089,1872
4509633,1871
4510173,1872
4510712,1872
4511252,1872
4511791,1873
4512330,1872
4512870,1872
4513409,1872
4513949,1875
4514488,1872
4515028,1872
4515568,1871
4516108,1872
4516647,1872
4517186,1871
4517725,1872
4518266,1872
4518805,1872
4519345,1872
4519884,1874
4520424,1872
4520963,1872
4521502,1872
4522042,1875
4522581,1872
4523120,1872
4523660,1872
4524200,1871
4524739,1872
4525279,1872
4525818,1872
4526357,1873
4526896,1873
4527435,1873
4527974,1872
4528513,1873
4529052,1872
4529591,1872
4530131,1872
4530670,1872
4531210,1872
4531749,1872
4532289,1875
4532828,1872
4533367,1873
4533906,1872
4534447,1872
4534987,1872
4535527,1872
4536066,1872
4536610,1871
4537150,1872
4537689,1871
4538228,1871
4538768,1875
4539307,1872
4539846,1873
4540385,1873
4540924,1872
4541464,1872
4542004,1872
4542543,1873
4543082,1872
4543625,1872
4544165,1872
4544704,1873
4545244,1874
4545783,1872
4546323,1872
4546862,1875
4547401,1872
4547941,1872
4548482,1872
4549022,1872
4549561,1873
4550101,1872
4550640,1872
4551179,1871
4551718,1873
4552257,1872
4552797,1873
4553336,1872
4553876,1872
4554415,1873
4554954,1875
4555493,1873
4556033,1872
4556573,1872
4557112,1872
4557651,1872
4558191,1871
4558730,1872
4559269,1870
4559809,1872
4560348,1872
4560887,1873
4561427,1872
4561967,1873
4562506,1872
4563045,1873
4563585,1872
4564125,1872
4564664,1872
4565204,1872
4565743,1875
4566282,1872
4566822,1874
4567362,1873
4567901,1872
4568441,1873
4568980,1873
4569520,1872
4570059,1872
4570603,1872
4571143,1872
4571682,1872
4572221,1875
4572761,1872
4573301,1872
4573840,1872
4574380,1872
4574919,1871
4575459,1872
4575998,1872
4576537,1873
4577076,1871
4577619,1871
4578159,1872
4578699,1872
4579238,1872
4579778,1871
4580318,1872
4580857,1873
4581396,1872
4581936,1874
4582476,1873
4583015,1872
4583554,1872
4584097,1871
4584636,1872
4585175,1872
4585714,1873
4586253,1872
4586792,1872
4587333,1872
4587872,1871
4588412,1872
4588951,1872
4589491,1872
4590030,1872
4590570,1872
4591110,1871
4591649,1872
4592188,1873
4592727,1872
4593267,1872
4593806,1872
4594345,1872
4594884,1872
4595423,1872
4595962,1872
4596501,1872
4597041,1872
4597581,1872
4598120,1872
4598660,1873
4599199,1871
4599738,1872
4600279,1872
4600818,1872
4601357,1875
4601897,1872
4602436,1874
4602976,1872
4603516,1872
4604055,1872
4604600,1874
4605139,1872
4605679,1873
4606219,1872
4606758,1873
4607297,1873
4607837,1873
4608377,1872
4608916,1872
4609457,1872
4609996,1872
4610535,1872
4611075,1873
4611618,1872
4612158,1872
4612697,1871
4613236,1871
4613775,1873
4614315,1872
4614854,1872
4615395,1872
4615934,1872
4616475,1872
4617014,1872
4617553,1872
4618097,1872
4618636,1873
4619175,1872
4619715,1872
4620254,1872
4620794,1872
4621334,1872
4621873,1872
4622414,1872
4622953,1872
4623493,1873
4624032,1872
4624572,1872
4625112,1872
4625651,1873
4626191,1872
4626730,1873
4627270,1873
4627809,1872
4628348,1872
4628887,1872
4629426,1872
4629966,1872
4630505,1872
4631045,1873
4631586,1872
4632126,1874
4632665,1874
4633204,1872
4633744,1871
4634284,1871
4634823,1872
4635363,1872
4635902,1872
4636441,1872
4636980,1872
4637519,1873
4638058,1872
4638602,1872
4639142,1875
4639681,1872
4640221,1875
4640760,1872
4641299,1872
4641838,1872
4642377,1872
4642916,1872
4643457,1872
4643996,1873
4644535,1872
4645075,1872
4645618,1872
4646158,1872
4646697,1871
4647236,1872
4647776,1872
4648315,1872
4648854,1872
4649395,1871
4649934,1872
4650474,1872
4651013,1872
4651552,1873
4652097,1872
4652636,1872
4653175,1872
4653714,1872
4654254,1870
4654794,1871
4655334,1872
4655873,1872
4656413,1872
4656952,1871
4657492,1872
4658031,1872
4658570,1872
4659109,1872
4659648,1873
4660188,1872
4660727,1872
4661267,1872
4661807,1874
4662347,1872
4662886,1873
4663427,1873
4663967,1872
4664506,1872
4665045,1872
4665585,1872
4666124,1872
4666663,1872
4667202,1872
4667741,1872
4668280,1873
4668819,1872
4669358,1872
4669897,1873
4670437,1874
4670976,1872
4671516,1873
4672055,1876
4672600,1874
4673140,1874
4673679,1873
4674219,1872
4674758,1875
4675298,1873
4675837,1872
4676376,1872
4676915,1871
4677457,1871
4677996,1873
4678536,1872
4679075,1871
4679619,1871
4680158,1873
4680697,1874
4681236,1871
4681775,1872
4682315,1872
4682855,1872
4683395,1873
4683934,1872
4684475,1872
4685015,1872
4685554,1872
4686097,1872
4686636,1872
4687176,1872
4687715,1873
4688254,1872
4688794,1872
4689334,1872
4689873,1872
4690413,1872
4690952,1871
4691491,1872
4692030,1872
4692569,1872
4693109,1872
4693648,1872
4694188,1872
4694727,1871
4695266,1872
4695805,1870
4696346,1871
4696885,1872
4697424,1872
4697964,1872
4698505,1873
4699044,1872
4699583,1872
4700123,1872
4700662,1872
4701201,1874
4701741,1873
4702280,1872
4702819,1873
4703360,1872
4703899,1872
4704438,1873
4704977,1872
4705516,1873
4706055,1873
4706599,1873
4707138,1872
4707677,1875
4708218,1872
4708757,1877
4709296,1874
4709835,1872
4710374,1873
4710913,1871
4711456,1872
4711995,1872
4712535,1873
4713075,1873
4713618,1872
4714158,1874
4714697,1872
4715236,1872
4715775,1873
4716315,1873
4716855,1870
4717395,1872
4717934,1871
4718474,1872
4719014,1872
4719553,1872
4720097,1873
4720636,1872
4721176,1872
4721715,1873
4722254,1872
4722794,1872
4723334,1873
4723873,1872
4724412,1872
4724951,1872
4725490,1872
4726030,1871
4726569,1872
4727109,1872
4727648,1873
4728187,1872
4728726,1872
4729266,1872
4729805,1873
4730344,1872
4730883,1872
4731422,1872
4731961,1872
4732500,1872
4733039,1871
4733579,1872
4734118,1872
4734657,1874
4735197,1872
4735737,1872
4736277,1873
4736816,1872
4737355,1872
4737894,1872
4738435,1872
4738974,1872
4739513,1875
4740052,1872
4740591,1872
4741131,1872
4741670,1872
4742210,1874
4742749,1873
4743288,1872
4743827,1875
4744367,1873
4744906,1872
4745447,1872
4745987,1874
4746526,1872
4747065,1873
4747608,1872
4748147,1873
4748687,1874
4749226,1872
4749765,1874
4750305,1873
4750844,1872
4751383,1873
4751923,1872
4752462,1872
4753001,1872
4753540,1872
4754079,1872
4754622,1872
4755163,1872
4755702,1872
4756241,1872
4756780,1872
4757321,1872
4757860,1872
4758400,1875
4758939,1871
4759479,1871
4760018,1872
4760559,1872
4761098,1872
4761637,1872
4762176,1872
4762716,1872
4763255,1872
4763795,1877
4764334,1871
4764873,1874
4765412,1873
4765951,1872
4766490,1873
4767029,1872
4767568,1872
4768108,1873
4768647,1872
4769187,1872
4769727,1872
4770267,1872
4770806,1871
4771346,1872
4771885,1872
4772424,1872
4772963,1872
4773503,1873
4774042,1872
4774581,1872
4775120,1872
4775659,1872
4776198,1873
4776737,1873
4777277,1873
4777816,1872
4778355,1872
4778894,1872
4779433,1871
4779973,1873
4780513,1872
4781053,1872
4781593,1872
4782132,1872
4782672,1872
4783212,1874
4783751,1872
4784291,1872
4784830,1872
4785370,1872
4785909,1872
4786449,1875
4786988,1872
4787528,1872
4788068,1872
4788611,1874
4789150,1873
4789689,1872
4790229,1872
4790769,1872
4791309,1877
4791848,1872
4792387,1872
4792926,1871
4793467,1872
4794007,1872
4794546,1872
4795085,1872
4795628,1874
4796167,1872
4796706,1872
4797246,1872
4797785,1872
4798325,1872
4798864,1872
4799403,1872
4799943,1873
4800487,1872
4801026,1873
4801566,1873
4802105,1872
4802644,1872
4803185,1872
4803724,1872
4804264,1871
4804803,1875
4805343,1872
4805882,1873
4806421,1872
4806960,1872
4807499,1872
4808040,1871
4808579,1873
4809119,1872
4809658,1872
4810198,1872
4810737,1872
4811276,1871
4811816,1872
4812355,1872
4812894,1872
4813435,1875
4813974,1873
4814513,1872
4815052,1873
4815591,1872
4816131,1872
4816670,1873
4817209,1871
4817748,1871
4818287,1872
4818827,1872
4819367,1872
4819906,1872
4820446,1871
4820986,1868
4821525,1872
4822064,1872
4822608,1872
4823147,1871
4823687,1872
4824226,1871
4824765,1872
4825304,1872
4825843,1872
4826382,1872
4826922,1870
4827461,1870
4828001,1872
4828540,1872
4829080,1872
4829623,1872
4830163,1872
4830702,1872
4831241,1872
4831780,1871
4832319,1873
4832859,1872
4833399,1872
4833938,1872
4834478,1872
4835017,1871
4835557,1871
4836097,1873
4836636,1872
4837176,1873
4837715,1872
4838255,1872
4838794,1873
4839333,1873
4839872,1872
4840411,1872
4840950,1872
4841491,1875
4842031,1872
4842570,1872
4843110,1872
4843649,1872
4844188,1873
4844728,1872
4845267,1872
4845807,1871
4846347,1874
4846886,1873
4847426,1872
4847966,1872
4848505,1872
4849044,1872
4849583,1871
4850123,1875
4850662,1872
4851201,1872
4851741,1872
4852280,1872
4852820,1872
4853360,1872
4853899,1872
4854439,1871
4854978,1872
4855517,1872
4856056,1874
4856599,1869
4857138,1872
4857677,1872
4858218,1872
4858757,1872
4859297,1872
4859836,1872
4860376,1873
4860915,1872
4861456,1872
4861995,1870
4862535,1872
4863075,1872
4863618,1871
4864158,1872
4864697,1872
4865237,1872
4865776,1871
4866315,1871
4866854,1877
4867395,1872
4867934,1872
4868474,1872
4869014,1873
4869553,1872
4870097,1870
4870636,1872
4871176,1873
4871715,1872
4872254,1873
4872793,1872
4873332,1872
4873871,1872
4874410,1873
4874950,1872
4875490,1872
4876030,1872
4876569,1872
4877109,1872
4877648,1872
4878188,1873
4878727,1872
4879266,1874
4879805,1873
4880345,1872
4880884,1870
4881423,1872
4881962,1872
4882501,1872
4883041,1872
4883580,1872
4884119,1872
4884658,1872
4885198,1872
4885737,1872
4886276,1873
4886816,1872
4887355,1872
4887895,1872
4888435,1871
4888974,1872
4889513,1871
4890053,1872
4890593,1873
4891132,1872
4891671,1872
4892210,1872
4892750,1872
4893290,1873
4893829,1872
4894369,1872
4894908,1872
4895449,1872
4895988,1872
4896528,1872
4897068,1872
4897611,1872
4898151,1873
4898690,1870
4899230,1872
4899769,1872
4900308,1872
4900847,1872
4901388,1872
4901927,1872
4902468,1872
4903008,1873
4903548,1872
4904088,1872
4904631,1872
4905171,1873
4905710,1872
4906250,1871
4906789,1872
4907329,1872
4907868,1872
4908407,1872
4908946,1872
4909487,1872
4910027,1872
4910566,1872
4911105,1872
4911644,1872
4912185,1872
4912724,1874
4913263,1874
4913802,1872
4914342,1873
4914882,1872
4915421,1872
4915961,1873
4916501,1873
4917041,1873
4917580,1871
4918119,1872
4918658,1871
4919198,1872
4919737,1871
4920276,1872
4920815,1872
4921354,1872
4921893,1874
4922432,1872
4922971,1872
4923511,1874
4924050,1872
4924590,1872
4925130,1872
4925669,1872
4926208,1873
4926747,1872
4927286,1872
4927825,1872
4928364,1872
4928903,1872
4929443,1872
4929983,1872
4930522,1874
4931061,1872
4931604,1872
4932144,1869
4932683,1873
4933222,1872
4933761,1872
4934300,1871
4934839,1873
4935378,1873
4935918,1871
4936458,1872
4936997,1872
4937537,1872
4938076,1872
4938620,1874
4939160,1873
4939699,1872
4940239,1872
4940778,1872
4941317,1872
4941857,1872
4942396,1872
4942936,1870
4943475,1872
4944014,1872
4944553,1872
4945097,1871
4945636,1872
4946176,1872
4946715,1873
4947255,1872
4947794,1871
4948333,1872
4948872,1872
4949411,1871
4949951,1872
4950490,1872
4951030,1871
4951570,1872
4952110,1873
4952649,1872
4953188,1872
4953727,1872
4954266,1872
4954805,1872
4955344,1873
4955883,1872
4956422,1872
4956961,1870
4957500,1872
4958039,1873
4958578,1872
4959117,1873
4959656,1872
4960195,1872
4960735,1872
4961274,1872
4961814,1873
4962353,1872
4962892,1872
4963431,1874
4963970,1872
4964510,1872
4965049,1872
4965588,1872
4966128,1873
4966667,1873
4967206,1873
4967745,1873
4968286,1875
4968825,1872
4969364,1873
4969904,1873
4970444,1872
4970983,1872
4971522,1872
4972061,1873
4972604,1872
4973144,1872
4973683,1872
4974222,1872
4974762,1872
4975301,1872
4975841,1872
4976380,1872
4976919,1872
4977460,1872
4977999,1872
4978539,1872
4979078,1872
4979621,1877
4980161,1871
4980700,1872
4981240,1872
4981780,1875
4982320,1872
4982859,1872
4983398,1873
4983938,1872
4984477,1874
4985016,1872
4985556,1871
4986097,1874
4986636,1872
4987175,1872
4987714,1872
4988254,1874
4988794,1872
4989333,1872
4989872,1872
4990412,1872
4990951,1872
4991490,1873
4992029,1872
4992568,1872
4993108,1872
4993647,1872
4994186,1870
4994726,1872
4995265,1869
4995805,1872
4996345,1873
4996884,1871
4997423,1872
4997962,1872
4998501,1871
4999041,1872
4999581,1872
5000120,1872
5000660,1874
5001199,1872
5001739,1872
5002279,1872
5002818,1872
5003357,1872
5003896,1872
5004435,1872
5004974,1871
5005513,1872
5006052,1873
5006593,1872
5007133,1872
5007672,1873
5008212,1870
5008751,1872
5009291,1875
5009830,1872
5010369,1872
5010908,1872
5011449,1871
5011988,1873
5012527,1871
5013066,1871
5013609,1872
5014149,1872
5014689,1874
5015228,1872
5015768,1872
5016307,1874
5016846,1872
5017385,1872
5017924,1872
5018464,1877
5019003,1872
5019543,1872
5020082,1872
5020625,1872
5021165,1871
5021704,1872
5022244,1871
5022783,1872
5023322,1873
5023861,1872
5024401,1873
5024940,1872
5025482,1872
5026021,1872
5026561,1873
5027100,1872
5027640,1872
5028180,1872
5028719,1870
5029259,1872
5029798,1872
5030337,1872
5030876,1871
5031415,1873
5031954,1872
5032493,1872
5033032,1872
5033571,1873
5034110,1874
5034649,1872
5035188,1871
5035728,1872
5036267,1872
5036806,1872
5037347,1872
5037886,1872
5038425,1875
5038964,1874
5039503,1873
5040042,1872
5040581,1873
5041120,1872
5041660,1872
5042199,1872
5042738,1874
5043278,1872
5043817,1872
5044356,1871
5044896,1872
5045435,1873
5045974,1873
5046514,1875
5047053,1872
5047597,1872
5048136,1872
5048676,1872
5049215,1874
5049755,1872
5050295,1874
5050834,1872
5051374,1872
5051913,1872
5052456,1872
5052995,1873
5053535,1874
5054075,1872
5054618,1873
5055158,1872
5055697,1872
5056237,1872
5056776,1872
5057316,1871
5057855,1869
5058395,1873
5058934,1872
5059474,1872
5060014,1872
5060553,1873
5061097,1872
5061636,1874
5062176,1871
5062715,1872
5063255,1873
5063794,1874
5064333,1872
5064872,1873
5065411,1872
5065950,1874
5066490,1872
5067029,1872
5067568,1872
5068107,1872
5068646,1872
5069186,1871
5069725,1871
5070265,1872
5070805,1873
5071345,1870
5071884,1871
5072424,1871
5072963,1872
5073502,1872
5074042,1872
5074581,1874
5075120,1872
5075659,1872
5076198,1871
5076737,1872
5077277,1872
5077816,1872
5078355,1871
5078895,1872
5079435,1872
5079974,1872
5080513,1872
5081052,1872
5081591,1872
5082131,1872
5082670,1872
5083209,1872
5083748,1873
5084287,1872
5084826,1872
5085365,1872
5085905,1872
5086444,1872
5086983,1872
5087522,1873
5088062,1872
5088605,1873
5089144,1872
5089683,1872
5090223,1872
5090762,1871
5091301,1872
5091840,1872
5092381,1872
5092920,1872
5093461,1872
5094001,1875
5094540,1872
5095079,1872
5095622,1872
5096161,1872
5096701,1874
5097240,1872
5097779,1871
5098318,1873
5098857,1872
5099396,1872
5099935,1873
5100476,1871
5101016,1872
5101556,1872
5102097,1872
5102636,1872
5103175,1872
5103714,1872
5104253,1872
5104792,1875
5105332,1873
5105872,1872
5106412,1872
5106951,1873
5107490,1872
5108029,1872
5108569,1872
5109109,1872
5109648,1872
5110187,1872
5110727,1872
5111266,1872
5111805,1872
5112345,1872
5112884,1872
5113424,1872
5113963,1871
5114503,1873
5115042,1872
5115582,1872
5116122,1872
5116661,1872
5117200,1873
5117739,1872
5118279,1872
5118818,1872
5119357,1871
5119897,1871
5120437,1875
5120976,1872
5121515,1872
5122055,1873
5122598,1873
5123137,1874
5123676,1868
5124215,1872
5124754,1871
5125294,1872
5125833,1872
5126374,1872
5126913,1870
5127456,1873
5127995,1874
5128535,1873
5129075,1872
5129618,1877
5130158,1872
5130697,1872
5131236,1873
5131775,1872
5132314,1872
5132854,1872
5133394,1872
5133933,1872
5134473,1872
5135012,1872
5135551,1872
5136090,1872
5136633,1872
5137173,1872
5137712,1873
5138252,1874
5138791,1871
5139330,1872
5139870,1872
5140409,1872
5140949,1872
5141488,1873
5142028,1872
5142567,1872
5143106,1872
5143645,1874
5144185,1873
5144724,1872
5145265,1872
5145804,1870
5146343,1872
5146882,1871
5147421,1874
5147960,1871
5148499,1872
5149038,1869
5149577,1872
5150117,1870
5150656,1872
5151195,1872
5151734,1870
5152273,1871
5152813,1872
5153353,1872
5153892,1873
5154431,1872
5154970,1872
5155510,1873
5156049,1872
5156589,1870
5157129,1872
5157668,1871
5158207,1872
5158746,1872
5159286,1873
5159825,1872
5160365,1874
5160904,1873
5161444,1875
5161983,1872
5162523,1872
5163063,1872
5163606,1872
5164145,1872
5164684,1873
5165224,1872
5165763,1872
5166302,1872
5166841,1870
5167381,1872
5167920,1872
5168461,1872
5169000,1873
5169539,1872
5170078,1871
5170622,1872
5171162,1872
5171701,1872
5172240,1872
5172779,1872
5173319,1872
5173859,1872
5174399,1872
5174938,1872
5175478,1872
5176017,1872
5176556,1872
5177097,1872
5177636,1872
5178176,1875
5178715,1871
5179254,1872
5179793,1871
5180333,1874
5180872,1871
5181411,1872
5181951,1872
5182491,1872
5183030,1873
5183570,1872
5184109,1872
5184649,1872
5185189,1872
5185728,1872
5186267,1872
5186806,1871
5187345,1872
5187885,1872
5188424,1872
5188964,1869
5189504,1872
5190043,1872
5190582,1872
5191122,1871
5191661,1874
5192200,1873
5192740,1872
5193279,1873
5193818,1872
5194359,1872
5194898,1872
5195437,1873
5195977,1872
5196516,1873
5197055,1872
5197599,1872
5198138,1873
5198677,1872
5199216,1872
5199756,1872
5200295,1872
5200835,1872
5201374,1872
5201913,1867
5202456,1871
5202995,1873
5203535,1872
5204075,1872
5204618,1873
5205159,1874
5205698,1873
5206238,1872
5206777,1872
5207316,1873
5207856,1872
5208396,1874
5208935,1867
5209476,1872
5210015,1872
5210555,1872
5211097,1872
5211636,1870
5212175,1870
5212714,1872
5213254,1872
5213794,1872
5214334,1872
5214873,1872
5215413,1872
5215952,1871
5216491,1872
5217031,1871
5217570,1872
5218110,1873
5218649,1872
5219188,1872
5219727,1869
5220267,1872
5220806,1873
5221346,1872
5221886,1872
5222426,1872
5222966,1872
5223505,1872
5224044,1872
5224583,1872
5225123,1872
5225662,1872
5226201,1872
5226741,1874
5227280,1872
5227819,1871
5228360,1872
5228899,1872
5229438,1872
5229977,1872
5230518,1872
5231057,1872
5231601,1872
5232140,1870
5232680,1872
5233219,1872
5233758,1872
5234299,1871
5234838,1872
5235377,1872
5235917,1869
5236457,1872
5236996,1872
5237536,1872
5238075,1874
5238618,1872
5239158,1872
5239697,1872
5240236,1872
5240775,1872
5241315,1872
5241854,1873
5242395,1872
5242934,1872
5243475,1873
5244015,1872
5244554,1874
5245097,1873
5245636,1872
5246176,1874
5246715,1873
5247255,1872
5247794,1872
5248334,1872
5248873,1872
5249413,1873
5249952,1872
5250491,1872
5251031,1872
5251570,1873
5252110,1872
5252649,1872
5253188,1872
5253727,1872
5254267,1872
5254806,1872
5255345,1872
5255884,1872
5256423,1874
5256962,1872
5257502,1872
5258041,1870
5258580,1872
5259120,1872
5259659,1874
5260198,1872
5260737,1872
5261277,1872
5261817,1872
5262356,1872
5262896,1872
5263435,1872
5263974,1871
5264514,1871
5265053,1872
5265597,1872
5266136,1874
5266676,1873
5267216,1872
5267755,1871
5268294,1872
5268834,1872
5269373,1872
5269913,1877
5270456,1872
5270996,1873
5271536,1872
5272075,1873
5272618,1872
5273158,1872
5273697,1871
5274236,1872
5274775,1872
5275314,1872
5275853,1872
5276392,1872
5276932,1871
5277471,1871
5278010,1871
5278550,1872
5279089,1872
5279633,1872
5280173,1872
5280712,1872
5281252,1872
5281791,1872
5282331,1872
5282870,1871
5283409,1872
5283949,1871
5284489,1872
5285028,1872
5285568,1872
5286108,1872
5286647,1872
5287186,1870
5287726,1874
5288266,1872
5288805,1872
5289345,1871
5289884,1872
5290423,1871
5290962,1872
5291502,1872
5292041,1870
5292582,1872
5293122,1871
5293661,1871
5294201,1872
5294740,1872
5295279,1872
5295818,1875
5296358,1872
5296897,1872
5297436,1872
5297976,1870
5298515,1872
5299054,1872
5299598,1872
5300137,1872
5300676,1872
5301215,1872
5301755,1872
5302294,1872
5302833,1872
5303373,1872
5303912,1872
5304455,1869
5304994,1872
5305533,1871
5306072,1872
5306615,1871
5307155,1872
5307695,1872
5308234,1871
5308774,1874
5309314,1873
5309853,1873
5310393,1872
5310932,1872
5311471,1873
5312010,1872
5312550,1873
5313089,1872
5313633,1872
5314173,1871
5314712,1872
5315252,1872
5315791,1872
5316330,1872
5316869,1872
5317409,1872
5317949,1873
5318488,1872
5319028,1871
5319567,1872
5320106,1872
5320646,1872
5321186,1872
5321725,1872
5322265,1872
5322804,1872
5323343,1872
5323882,1871
5324421,1873
5324960,1871
5325499,1872
5326038,1871
5326577,1872
5327117,1872
5327656,1872
5328195,1872
5328735,1872
5329274,1872
5329813,1872
5330352,1872
5330892,1873
5331432,1877
5331971,1872
5332511,1872
5333051,1872
5333590,1871
5334130,1872
5334669,1872
5335208,1873
5335747,1872
5336287,1872
5336826,1872
5337366,1870
5337906,1872
5338447,1872
5338987,1872
5339526,1872
5340065,1872
5340608,1875
5341149,1872
5341688,1872
5342227,1872
5342766,1872
5343306,1874
5343845,1872
5344384,1871
5344923,1869
5345463,1872
5346002,1872
5346542,1872
5347082,1875
5347625,1872
5348165,1872
5348704,1872
5349244,1871
5349783,1872
5350322,1870
5350862,1872
5351401,1872
5351941,1872
5352482,1871
5353022,1872
5353561,1872
5354100,1872
5354639,1872
5355178,1872
5355717,1872
5356257,1872
5356796,1872
5357335,1872
5357874,1872
5358414,1872
5358954,1872
5359493,1872
5360033,1867
5360572,1872
5361112,1872
5361651,1873
5362191,1872
5362730,1872
5363269,1872
5363808,1872
5364348,1872
5364887,1873
5365426,1874
5365965,1873
5366504,1872
5367043,1872
5367582,1873
5368123,1872
5368662,1872
5369201,1875
5369740,1871
5370280,1872
5370819,1872
5371359,1872
5371898,1872
5372437,1872
5372976,1872
5373516,1872
5374055,1873
5374599,1873
5375139,1873
5375678,1872
5376218,1872
5376757,1871
5377297,1873
5377837,1873
5378376,1874
5378916,1867
5379457,1875
5379996,1872
5380535,1870
5381074,1872
5381618,1872
5382158,1873
5382697,1872
5383238,1872
5383777,1872
5384316,1872
5384855,1872
5385394,1872
5385933,1870
5386473,1873
5387014,1872
5387554,1872
5388097,1872
5388636,1873
5389176,1872
5389715,1874
5390254,1872
5390793,1873
5391332,1869
5391872,1872
5392412,1872
5392952,1872
5393491,1872
5394030,1872
5394570,1873
5395109,1872
5395648,1872
5396188,1872
5396727,1872
5397267,1874
5397807,1871
5398346,1874
5398886,1870
5399426,1872
5399966,1872
5400505,1872
5401044,1872
5401583,1872
5402123,1872
5402662,1873
5403201,1872
5403741,1873
5404280,1872
5404819,1872
5405359,1871
5405898,1872
5406437,1872
5406976,1872
5407516,1871
5408055,1872
5408600,1872
5409140,1872
5409679,1870
5410218,1871
5410757,1874
5411296,1872
5411835,1872
5412375,1871
5412914,1872
5413456,1873
5413995,1871
5414534,1872
5415073,1872
5415617,1872
5416157,1875
5416696,1872
5417235,1872
5417774,1872
5418313,1872
5418852,1872
5419392,1872
5419931,1872
5420471,1875
5421010,1872
5421549,1872
5422088,1872
5422632,1872
5423171,1872
5423710,1875
5424249,1875
5424788,1873
5425327,1873
5425866,1872
5426406,1873
5426946,1872
5427487,1872
5428027,1872
5428567,1872
5429106,1873
5429645,1872
5430186,1872
5430725,1872
5431265,1871
5431804,1872
5432343,1872
5432882,1872
5433421,1872
5433961,1872
5434501,1872
5435041,1872
5435580,1872
5436120,1872
5436659,1873
5437199,1873
5437738,1874
5438278,1872
5438817,1871
5439356,1872
5439895,1875
5440435,1872
5440974,1873
5441513,1872
5442053,1871
5442592,1872
5443132,1873
5443671,1873
5444211,1872
5444750,1872
5445289,1872
5445829,1872
5446369,1872
5446908,1872
5447449,1873
5447988,1872
5448529,1872
5449069,1872
5449612,1873
5450151,1872
5450690,1872
5451230,1872
5451769,1871
5452308,1872
5452848,1872
5453388,1872
5453927,1871
5454468,1873
5455007,1873
5455546,1872
5456085,1874
5456629,1872
5457168,1873
5457707,1872
5458246,1872
5458785,1870
5459325,1872
5459864,1872
5460403,1872
5460943,1874
5461487,1872
5462026,1873
5462566,1872
5463106,1873
5463645,1872
5464185,1872
5464724,1871
5465263,1873
5465802,1877
5466342,1872
5466881,1871
5467422,1872
5467961,1872
5468501,1873
5469040,1872
5469579,1871
5470119,1873
5470658,1872
5471199,1872
5471738,1872
5472278,1872
5472817,1872
5473357,1873
5473896,1874
5474435,1874
5474974,1872
5475513,1872
5476053,1871
5476593,1871
5477132,1872
5477672,1875
5478211,1872
5478751,1872
5479291,1872
5479830,1872
5480371,1872
5480910,1871
5481450,1872
5481989,1872
5482528,1872
5483068,1872
5483611,1872
5484151,1872
5484690,1872
5485231,1872
5485770,1873
5486309,1872
5486848,1871
5487387,1871
5487926,1872
5488466,1872
5489005,1872
5489544,1872
5490083,1871
5490626,1872
5491165,1872
5491704,1872
5492244,1872
5492783,1874
5493322,1872
5493862,1872
5494402,1872
5494941,1872
5495482,1872
5496021,1871
5496561,1872
5497100,1873
5497640,1871
5498180,1872
5498719,1872
5499259,1871
5499798,1871
5500338,1872
5500877,1872
5501416,1872
5501955,1872
5502495,1872
5503035,1872
5503574,1872
5504113,1871
5504653,1872
5505193,1874
5505732,1872
5506272,1872
5506811,1872
5507350,1872
5507889,1871
5508428,1871
5508967,1873
5509506,1871
5510045,1872
5510584,1872
5511124,1870
5511663,1872
5512202,1872
5512742,1873
5513281,1873
5513821,1875
5514361,1872
5514900,1873
5515439,1873
5515979,1873
5516518,1872
5517057,1874
5517600,1872
5518140,1872
5518680,1872
5519219,1872
5519758,1871
5520298,1871
5520837,1874
5521377,1873
5521916,1872
5522458,1872
5522998,1872
5523537,1872
5524076,1873
5524619,1874
5525158,1872
5525697,1871
5526236,1871
5526775,1872
5527315,1872
5527855,1869
5528395,1873
5528934,1873
5529474,1872
5530013,1871
5530552,1874
5531091,1874
5531634,1872
5532174,1872
5532713,1872
5533252,1872
5533791,1871
5534330,1872
5534869,1872
5535408,1872
5535948,1873
5536488,1872
5537027,1872
5537567,1872
5538106,1872
5538646,1872
5539186,1872
5539725,1872
5540266,1872
5540805,1872
5541344,1872
5541883,1872
5542423,1872
5542962,1873
5543501,1872
5544041,1872
5544580,1874
5545119,1872
5545658,1872
5546197,1872
5546737,1872
5547277,1872
5547816,1872
5548356,1874
5548895,1873
5549435,1872
5549974,1872
5550513,1872
5551052,1872
5551592,1873
5552132,1873
5552671,1872
5553211,1872
5553750,1871
5554289,1873
5554828,1872
5555367,1873
5555906,1872
5556446,1872
5556985,1872
5557524,1872
5558063,1871
5558606,1872
5559145,1872
5559684,1872
5560225,1874
5560764,1872
5561303,1872
5561842,1872
5562381,1871
5562920,1872
5563460,1872
5564000,1872
5564540,1872
5565080,1872
5565623,1873
5566163,1874
5566702,1872
5567241,1872
5567781,1872
5568321,1872
5568860,1872
5569400,1872
5569939,1872
5570479,1873
5571018,1872
5571559,1872
5572098,1872
5572637,1872
5573178,1872
5573717,1874
5574256,1873
5574796,1872
5575335,1873
5575875,1873
5576415,1874
5576955,1874
5577495,1872
5578035,1871
5578574,1872
5579113,1872
5579652,1872
5580192,1872
5580731,1870
5581270,1872
5581810,1872
5582349,1871
5582889,1872
5583429,1870
5583968,1871
5584507,1870
5585047,1872
5585586,1873
5586126,1872
5586665,1871
5587205,1872
5587744,1872
5588283,1872
5588823,1872
5589362,1873
5589901,1872
5590441,1872
5590981,1872
5591520,1872
5592059,1872
5592603,1872
5593142,1872
5593682,1872
5594221,1872
5594761,1872
5595301,1874
5595840,1872
5596380,1872
5596919,1871
5597460,1873
5597999,1871
5598539,1872
5599078,1872
5599621,1870
5600160,1872
5600699,1872
5601239,1872
5601778,1872
5602318,1872
5602857,1872
5603396,1872
5603936,1872
5604475,1872
5605015,1871
5605554,1872
5606097,1872
5606636,1872
5607176,1872
5607715,1872
5608254,1872
5608794,1872
5609334,1872
5609873,1873
5610412,1871
5610951,1872
5611490,1872
5612029,1872
5612568,1872
5613108,1871
5613647,1872
5614187,1872
5614727,1872
5615266,1872
5615805,1872
5616346,1872
5616885,1872
5617424,1872
5617963,1874
5618502,1872
5619041,1872
5619580,1874
5620120,1872
5620660,1872
5621199,1872
5621739,1872
5622279,1871
5622818,1869
5623357,1872
5623896,1872
5624435,1870
5624974,1872
5625513,1873
5626052,1872
5626591,1871
5627131,1872
5627670,1872
5628209,1873
5628748,1872
5629287,1874
5629826,1871
5630366,1872
5630905,1872
5631445,1872
5631984,1872
5632524,1871
5633064,1872
5633607,1870
5634147,1872
5634687,1873
5635226,1872
5635765,1872
5636306,1872
5636845,1872
5637384,1872
5637923,1872
5638464,1872
5639003,1874
5639543,1872
5640082,1871
5640626,1875
5641165,1872
5641704,1872
5642243,1871
5642782,1875
5643322,1872
5643862,1873
5644402,1872
5644941,1872
5645481,1871
5646021,1872
5646561,1872
5647101,1872
5647640,1872
5648179,1872
5648718,1872
5649258,1871
5649797,1871
5650336,1871
5650875,1872
5651414,1871
5651954,1873
5652493,1872
5653032,1873
5653571,1872
5654112,1872
5654651,1872
5655190,1872
5655730,1872
5656270,1872
5656809,1871
5657349,1872
5657888,1872
5658428,1872
5658967,1874
5659506,1875
5660045,1872
5660585,1873
5661125,1872
5661664,1871
5662204,1872
5662743,1872
5663282,1872
5663822,1872
5664362,1872
5664901,1873
5665441,1868
5665980,1873
5666519,1871
5667058,1873
5667601,1872
5668140,1872
5668680,1872
5669219,1872
5669758,1872
5670298,1870
5670837,1874
5671377,1872
5671916,1869
5672458,1872
5672997,1871
5673537,1872
5674076,1875
5674619,1873
5675158,1872
5675697,1872
5676237,1870
5676776,1872
5677315,1872
5677855,1871
5678394,1871
5678933,1872
5679473,1872
5680012,1872
5680552,1871
5681091,1872
5681634,1873
5682173,1872
5682712,1872
5683253,1873
5683792,1872
5684332,1872
5684871,1873
5685410,1872
5685949,1874
5686489,1872
5687028,1873
5687568,1872
5688108,1872
5688647,1872
5689187,1872
5689726,1872
5690266,1872
5690805,1872
5691346,1872
5691885,1874
5692424,1870
5692964,1872
5693504,1872
5694043,1871
5694583,1872
5695122,1872
5695662,1872
5696201,1872
5696741,1872
5697280,1871
5697819,1872
5698358,1871
5698898,1874
5699438,1872
5699977,1872
5700517,1874
5701057,1872
5701600,1872
5702140,1872
5702680,1871
5703219,1872
5703758,1869
5704298,1872
5704837,1874
5705376,1872
5705916,1871
5706456,1873
5706995,1872
5707534,1870
5708073,1873
5708617,1872
5709157,1871
5709696,1872
5710236,1869
5710776,1871
5711315,1872
5711855,1872
5712394,1871
5712933,1872
5713474,1872
5714014,1872
5714553,1872
5715096,1872
5715636,1872
5716176,1872
5716715,1874
5717254,1873
5717794,1872
5718334,1872
5718873,1873
5719412,1873
5719951,1872
5720491,1874
5721031,1872
5721570,1875
5722110,1872
5722649,1872
5723189,1872
5723728,1871
5724268,1873
5724807,1869
5725347,1871
5725886,1875
5726425,1873
5726964,1872
5727504,1872
5728044,1872
5728584,1875
5729124,1873
5729663,1873
5730203,1872
5730742,1872
5731282,1872
5731821,1873
5732360,1872
5732899,1872
5733440,1873
5733979,1872
5734518,1872
5735058,1872
5735601,1872
5736140,1872
5736680,1873
5737220,1872
5737759,1872
5738299,1871
5738838,1872
5739377,1874
5739916,1872
5740457,1872
5740996,1872
5741535,1872
5742074,1872
5742618,1872
5743158,1872
5743697,1873
5744236,1872
5744775,1872
5745314,1872
5745854,1872
5746394,1872
5746933,1872
5747474,1872
5748014,1873
5748554,1871
5749097,1876
5749636,1872
5750175,1873
5750715,1872
5751254,1872
5751794,1873
5752334,1872
5752873,1872
5753413,1873
5753952,1875
5754491,1872
5755030,1872
5755570,1872
5756109,1872
5756649,1873
5757189,1872
5757728,1872
5758268,1872
5758807,1873
5759347,1872
5759886,1872
5760427,1872
5760967,1872
5761506,1872
5762045,1872
5762585,1873
5763125,1872
5763664,1873
5764204,1872
5764743,1872
5765282,1873
5765821,1872
5766360,1873
5766899,1873
5767439,1874
5767979,1872
5768518,1872
5769058,1874
5769601,1872
5770140,1874
5770679,1871
5771218,1872
5771757,1873
5772296,1872
5772836,1872
5773376,1873
5773915,1872
5774457,1872
5774997,1872
5775536,1872
5776075,1872
5776618,1874
5777158,1872
5777697,1872
5778236,1871
5778775,1872
5779315,1873
5779855,1872
5780394,1873
5780933,1872
5781473,1872
5782012,1872
5782551,1872
5783090,1872
5783633,1873
5784172,1871
5784712,1872
5785252,1873
5785791,1872
5786330,1873
5786870,1871
5787409,1872
5787949,1875
5788488,1872
5789028,1872
5789567,1871
5790106,1872
5790646,1872
5791186,1873
5791725,1874
5792266,1872
5792805,1875
5793344,1872
5793883,1872
5794422,1873
5794962,1872
5795502,1872
5796041,1872
5796582,1872
5797122,1872
5797661,1875
5798200,1873
5798739,1873
5799278,1872
5799818,1873
5800358,1872
5800897,1873
5801437,1872
5801976,1872
5802516,1872
5803055,1872
5803599,1872
5804139,1872
5804678,1872
5805218,1872
5805757,1872
5806296,1870
5806836,1872
5807375,1872
5807915,1872
5808456,1872
5808995,1872
5809534,1872
5810073,1872
5810617,1872
5811157,1872
5811696,1872
5812235,1872
5812775,1872
5813315,1872
5813854,1873
5814394,1873
5814933,1872
5815474,1873
5816014,1872
5816553,1872
5817096,1872
5817636,1872
5818176,1872
5818715,1872
5819254,1872
5819794,1870
5820334,1873
5820873,1872
5821413,1873
5821952,1872
5822492,1871
5823031,1872
5823571,1872
5824110,1872
5824649,1872
5825189,1872
5825728,1871
5826268,1872
5826807,1869
5827347,1872
5827886,1872
5828426,1872
5828965,1872
5829505,1872
5830045,1872
5830585,1873
5831125,1872
5831664,1872
5832204,1871
5832743,1871
5833282,1872
5833822,1872
5834362,1872
5834901,1872
5835440,1874
5835980,1872
5836519,1873
5837058,1872
5837601,1872
5838140,1872
5838679,1872
5839220,1873
5839759,1872
5840299,1872
5840838,1872
5841377,1872
5841916,1872
5842457,1873
5842996,1872
5843535,1872
5844075,1872
5844618,1872
5845157,1873
5845697,1872
5846237,1872
5846776,1873
5847315,1872
5847855,1872
5848394,1873
5848933,1872
5849473,1872
5850014,1872
5850554,1875
5851097,1873
5851636,1872
5852176,1872
5852715,1871
5853255,1872
5853794,1874
5854334,1871
5854873,1872
5855412,1873
5855951,1872
5856490,1872
5857029,1872
5857569,1872
5858109,1872
5858648,1872
5859187,1872
5859727,1872
5860266,1872
5860805,1872
5861346,1871
5861885,1874
5862424,1872
5862963,1872
5863502,1872
5864041,1872
5864580,1874
5865119,1872
5865659,1872
5866199,1871
5866738,1872
5867278,1874
5867817,1872
5868356,1872
5868895,1872
5869434,1873
5869974,1872
5870513,1872
5871052,1872
5871591,1872
5872131,1873
5872670,1872
5873210,1872
5873749,1872
5874289,1872
5874828,1871
5875367,1872
5875906,1872
5876446,1872
5876985,1873
5877524,1873
5878063,1871
5878607,1874
5879146,1872
5879686,1874
5880225,1872
5880764,1872
5881303,1872
5881843,1872
5882382,1871
5882921,1872
5883461,1873
5884000,1873
5884539,1872
5885078,1871
5885621,1873
5886160,1872
5886700,1871
5887240,1872
5887779,1873
5888318,1874
5888858,1872
5889397,1871
5889937,1872
5890476,1872
5891015,1873
5891554,1872
5892097,1872
5892636,1872
5893176,1872
5893715,1872
5894254,1872
5894794,1873
5895334,1872
5895873,1872
5896412,1873
5896951,1872
5897490,1872
5898029,1872
5898569,1875
5899109,1872
5899648,1872
5900187,1872
5900727,1872
5901266,1872
5901805,1872
5902344,1872
5902884,1872
5903423,1872
5903962,1872
5904502,1873
5905041,1873
5905582,1872
5906122,1873
5906661,1872
5907200,1872
5907739,1872
5908279,1872
5908818,1872
5909357,1872
5909896,1874
5910435,1872
5910974,1872
5911513,1872
5912052,1872
5912592,1872
5913132,1872
5913671,1871
5914211,1873
5914750,1870
5915289,1872
5915829,1872
5916368,1872
5916907,1872
5917449,1872
5917988,1871
5918527,1871
5919066,1872
5919609,1872
5920149,1869
5920688,1872
5921228,1871
5921767,1872
5922306,1870
5922845,1869
5923384,1872
5923924,1870
5924463,1872
5925002,1874
5925541,1872
5926081,1872
5926625,1872
5927165,1872
5927704,1872
5928243,1872
5928782,1872
5929321,1872
5929860,1872
5930399,1872
5930939,1872
5931479,1872
5932018,1872
5932558,1873
5933097,1872
5933636,1872
5934176,1872
5934715,1872
5935255,1872
5935794,1872
5936333,1873
5936872,1872
5937411,1872
5937950,1872
5938490,1874
5939030,1872
5939569,1872
5940108,1872
5940647,1872
5941187,1872
5941727,1872
5942267,1872
5942806,1870
5943346,1872
5943885,1872
5944424,1872
5944963,1872
5945503,1871
5946042,1872
5946581,1872
5947120,1872
5947659,1872
5948198,1872
5948737,1872
5949276,1872
5949815,1872
5950354,1872
5950893,1872
5951434,1873
5951973,1872
5952512,1872
5953051,1872
5953592,1872
5954131,1872
5954670,1873
5955211,1872
5955750,1873
5956289,1873
5956828,1872
5957367,1873
5957906,1872
5958447,1872
5958987,1872
5959526,1872
5960065,1872
5960608,1874
5961147,1872
5961687,1872
5962227,1872
5962766,1872
5963306,1873
5963845,1872
5964385,1872
5964924,1872
5965464,1872
5966003,1872
5966542,1872
5967082,1872
5967625,1871
5968165,1872
5968704,1872
5969244,1872
5969783,1872
5970322,1872
5970862,1872
5971402,1872
5971941,1872
5972481,1873
5973021,1872
5973561,1875
5974100,1872
5974640,1872
5975180,1872
5975719,1872
5976259,1872
5976798,1872
5977339,1873
5977878,1871
5978417,1872
5978956,1872
5979495,1871
5980035,1872
5980574,1872
5981113,1872
5981652,1873
5982191,1872
5982730,1874
5983269,1872
5983809,1872
5984349,1872
5984888,1872
5985428,1872
5985967,1873
5986506,1872
5987045,1872
5987586,1872
5988125,1873
5988664,1872
5989203,1872
5989743,1873
5990283,1872
5990822,1872
5991361,1872
5991900,1874
5992441,1872
5992980,1873
5993520,1874
5994059,1872
5994603,1872
5995143,1874
5995682,1872
5996222,1873
5996761,1873
5997300,1872
5997839,1872
5998379,1872
5998918,1869
5999458,1872
5999997,1870
6000537,1873
6001077,1874
6001620,1872
6002159,1875
6002698,1872
6003239,1872
6003778,1873
6004317,1872
6004856,1872
6005395,1870
6005934,1871
6006475,1872
6007014,1875
6007553,1872
6008097,1872
6008636,1872
6009177,1872
6009716,1872
6010255,1872
6010794,1870
6011333,1873
6011872,1872
6012411,1871
6012951,1872
6013490,1872
6014030,1872
6014570,1872
6015110,1872
6015649,1872
6016188,1873
6016727,1871
6017266,1872
6017805,1872
6018345,1872
6018884,1872
6019423,1872
6019962,1872
6020501,1872
6021041,1872
6021581,1873
6022120,1872
6022660,1875
6023199,1872
6023738,1872
6024277,1873
6024817,1872
6025356,1872
6025896,1872
6026436,1872
6026976,1872
6027516,1872
6028055,1872
6028599,1872
6029138,1873
6029677,1872
6030217,1875
6030756,1872
6031296,1872
6031835,1874
6032375,1872
6032914,1872
6033456,1874
6033995,1872
6034534,1872
6035074,1872
6035618,1872
6036158,1872
6036697,1872
6037237,1872
6037776,1873
6038316,1873
6038855,1872
6039394,1872
6039933,1872
6040473,1872
6041012,1872
6041551,1871
6042090,1873
6042634,1872
6043173,1872
6043712,1872
6044251,1874
6044791,1872
6045331,1873
6045870,1872
6046409,1872
6046949,1873
6047488,1872
6048028,1872
6048568,1872
6049108,1872
6049647,1872
6050186,1873
6050726,1873
6051265,1872
6051805,1873
6052345,1872
6052884,1870
6053423,1872
6053962,1872
6054501,1872
6055041,1872
6055581,1872
6056120,1872
6056660,1872
6057199,1872
6057738,1873
6058277,1873
6058817,1872
6059356,1875
6059896,1872
6060435,1874
6060974,1872
6061514,1872
6062054,1872
6062597,1873
6063137,1872
6063676,1873
6064215,1870
6064755,1872
6065294,1872
6065833,1872
6066372,1872
6066911,1872
6067451,1872
6067990,1872
6068530,1873
6069069,1872
6069613,1871
6070152,1872
6070691,1872
6071231,1872
6071770,1873
6072309,1873
6072848,1872
6073387,1872
6073926,1872
6074466,1872
6075007,1872
6075546,1872
6076085,1872
6076629,1872
6077169,1871
6077708,1870
6078248,1865
6078787,1871
6079326,1872
6079865,1871
6080404,1872
6080943,1867
6081488,1872
6082027,1872
6082566,1872
6083106,1872
6083645,1872
6084184,1872
6084723,1872
6085263,1872
6085803,1872
6086342,1872
6086881,1872
6087421,1872
6087960,1872
6088499,1872
6089038,1872
6089579,1872
6090118,1872
6090657,1872
6091197,1872
6091736,1872
6092275,1872
6092815,1870
6093354,1872
6093893,1874
6094432,1872
6094971,1873
6095510,1872
6096049,1872
6096588,1872
6097128,1872
6097668,1872
6098207,1873
6098747,1872
6099286,1871
6099825,1873
6100366,1872
6100905,1871
6101445,1872
6101984,1873
6102525,1872
6103064,1872
6103608,1872
6104147,1872
6104686,1872
6105225,1872
6105764,1873
6106303,1877
6106843,1872
6107383,1872
6107922,1871
6108463,1872
6109002,1875
6109541,1872
6110081,1872
6110625,1873
6111165,1873
6111704,1871
6112243,1872
6112783,1872
6113322,1872
6113862,1872
6114402,1872
6114941,1872
6115482,1872
6116021,1872
6116560,1872
6117099,1869
6117638,1874
6118178,1872
6118717,1872
6119257,1872
6119796,1872
6120335,1872
6120875,1872
6121415,1874
6121954,1872
6122494,1873
6123034,1872
6123574,1872
6124113,1872
6124653,1872
6125192,1872
6125731,1872
6126270,1872
6126809,1872
6127349,1873
6127889,1873
6128429,1873
6128968,1872
6129507,1874
6130047,1872
6130586,1872
6131125,1873
6131664,1872
6132203,1874
6132742,1872
6133282,1875
6133822,1872
6134362,1872
6134901,1874
6135440,1874
6135979,1872
6136518,1872
6137058,1869
6137601,1872
6138140,1873
6138679,1872
6139219,1872
6139758,1872
6140298,1872
6140837,1872
6141377,1872
6141916,1872
6142457,1872
6142996,1872
6143536,1873
6144075,1872
6144618,1872
6145158,1873
6145697,1872
6146238,1872
6146777,1873
6147316,1872
6147856,1871
6148395,1872
6148934,1872
6149475,1871
6150014,1873
6150553,1872
6151096,1873
6151636,1873
6152176,1873
6152715,1871
6153254,1874
6153794,1872
6154334,1872
6154873,1872
6155413,1872
6155952,1875
6156492,1872
6157031,1872
6157572,1872
6158112,1872
6158651,1875
6159191,1872
6159730,1872
6160269,1872
6160808,1872
6161347,1873
6161886,1872
6162426,1872
6162966,1872
6163505,1872
6164045,1871
6164584,1872
6165124,1872
6165663,1872
6166204,1872
6166743,1872
6167282,1872
6167821,1872
6168360,1873
6168899,1873
6169438,1874
6169977,1872
6170518,1872
6171057,1872
6171601,1871
6172140,1870
6172680,1872
6173220,1872
6173759,1872
6174299,1872
6174838,1872
6175377,1872
6175917,1873
6176458,1872
6176998,1872
6177537,1872
6178076,1872
6178619,1871
6179158,1874
6179697,1872
6180236,1871
6180775,1872
6181315,1872
6181855,1872
6182395,1872
6182934,1872
6183475,1872
6184015,1872
6184554,1872
6185097,1872
6185636,1873
6186175,1872
6186714,1872
6187254,1873
6187794,1872
6188333,1872
6188872,1872
6189412,1872
6189951,1872
6190491,1872
6191030,1872
6191570,1872
6192110,1872
6192649,1872
6193188,1872
6193727,1872
6194266,1872
6194806,1872
6195345,1873
6195885,1872
6196424,1872
6196964,1872
6197504,1872
6198043,1875
6198583,1872
6199122,1872
6199662,1872
6200201,1872
6200741,1873
6201280,1874
6201819,1873
6202359,1872
6202898,1872
6203437,1872
6203976,1872
6204516,1872
6205055,1872
6205600,1873
6206139,1872
6206678,1872
6207219,1872
6207758,1872
6208298,1872
6208837,1872
6209377,1872
6209916,1872
6210457,1872
6210996,1873
6211535,1872
6212075,1872
6212619,1872
6213159,1872
6213698,1872
6214238,1872
6214777,1872
6215316,1872
6215856,1872
6216395,1873
6216934,1872
6217475,1872
6218014,1872
6218554,1870
6219097,1876
6219636,1872
6220176,1872
6220715,1872
6221254,1870
6221794,1872
6222334,1872
6222873,1872
6223413,1871
6223952,1872
6224491,1872
6225031,1872
6225570,1871
6226110,1872
6226649,1872
6227188,1872
6227728,1872
6228267,1873
6228806,1872
6229345,1872
6229885,1872
6230424,1872
6230964,1872
6231505,1872
6232044,1872
6232583,1872
6233123,1872
6233662,1872
6234201,1874
6234740,1873
6235279,1874
6235818,1872
6236357,1872
6236896,1875
6237435,1872
6237974,1872
6238514,1872
6239053,1872
6239597,1872
6240137,1876
6240676,1872
6241216,1872
6241755,1872
6242294,1872
6242834,1874
6243374,1872
6243913,1871
6244456,1872
6244995,1872
6245534,1872
6246074,1872
6246618,1872
6247157,1872
6247697,1872
6248237,1871
6248776,1871
6249315,1872
6249854,1872
6250393,1872
6250932,1873
6251472,1872
6252012,1873
6252552,1872
6253097,1872
6253636,1871
6254175,1871
6254714,1872
6255254,1871
6255794,1872
6256334,1872
6256873,1872
6257414,1872
6257954,1872
6258493,1872
6259032,1870
6259571,1872
6260110,1872
6260649,1876
6261188,1872
6261727,1872
6262266,1870
6262805,1872
6263346,1872
6263885,1872
6264424,1871
6264963,1872
6265503,1873
6266042,1872
6266582,1872
6267122,1872
6267661,1872
6268200,1872
6268739,1872
6269280,1872
6269819,1872
6270358,1871
6270897,1871
6271436,1873
6271975,1874
6272514,1872
6273054,1873
6273597,1874
6274136,1871
6274676,1875
6275216,1874
6275755,1869
6276294,1873
6276833,1872
6277372,1873
6277912,1872
6278455,1873
6278995,1872
6279534,1872
6280073,1872
6280617,1874
6281157,1872
6281696,1872
6282235,1872
6282775,1872
6283315,1872
6283854,1874
6284394,1872
6284933,1871
6285473,1872
6286012,1871
6286551,1872
6287090,1871
6287634,1872
6288173,1872
6288713,1872
6289253,1873
6289792,1872
6290332,1873
6290871,1871
6291411,1872
6291950,1872
6292490,1873
6293029,1872
6293568,1873
6294109,1873
6294648,1875
6295188,1873
6295727,1872
6296266,1872
6296805,1872
6297346,1872
6297885,1875
6298424,1871
6298964,1877
6299504,1873
6300044,1872
6300583,1872
6301123,1873
6301662,1872
6302202,1872
6302741,1872
6303280,1872
6303819,1873
6304358,1872
6304897,1873
6305436,1872
6305975,1872
6306515,1872
6307055,1872
6307598,1872
6308137,1874
6308676,1872
6309215,1872
6309754,1874
6310293,1872
6310832,1872
6311371,1872
6311910,1872
6312450,1872
6312989,1872
6313528,1873
6314068,1872
6314611,1872
6315151,1872
6315690,1872
6316230,1872
6316769,1872
6317308,1872
6317847,1872
6318386,1870
6318925,1872
6319464,1870
6320003,1871
6320543,1871
6321082,1872
6321626,1872
6322165,1872
6322704,1872
6323243,1873
6323782,1873
6324321,1873
6324860,1872
6325401,1872
6325940,1872
6326481,1872
6327020,1874
6327559,1872
6328098,1872
6328637,1873
6329177,1872
6329716,1873
6330255,1870
6330795,1872
6331335,1872
6331874,1872
6332414,1872
6332954,1872
6333493,1872
6334032,1873
6334571,1870
6335110,1871
6335649,1872
6336188,1875
6336728,1872
6337267,1872
6337807,1872
6338347,1872
6338886,1875
6339426,1872
6339965,1872
6340505,1873
6341045,1871
6341585,1871
6342124,1874
6342663,1872
6343202,1870
6343741,1872
6344281,1872
6344821,1871
6345361,1870
6345900,1876
6346439,1872
6346978,1874
6347518,1872
6348057,1872
6348601,1872
6349140,1872
6349679,1872
6350219,1872
6350759,1872
6351298,1872
6351838,1872
6352378,1876
6352917,1872
6353457,1874
6353996,1872
6354536,1872
6355076,1872
6355619,1872
6356158,1872
6356697,1874
6357236,1871
6357775,1872
6358314,1872
6358853,1872
6359392,1873
6359932,1872
6360471,1872
6361011,1872
6361550,1872
6362089,1872
6362633,1872
6363172,1872
6363711,1872
6364250,1870
6364789,1871
6365328,1872
6365868,1872
6366408,1872
6366947,1872
6367489,1872
6368028,1872
6368568,1872
6369108,1873
6369647,1872
6370186,1872
6370726,1872
6371265,1872
6371805,1872
6372345,1869
6372884,1872
6373424,1872
6373963,1872
6374502,1872
6375042,1872
6375581,1872
6376120,1873
6376659,1872
6377198,1872
6377737,1873
6378276,1872
6378816,1872
6379356,1871
6379895,1872
6380435,1871
6380974,1872
6381513,1872
6382052,1872
6382592,1872
6383132,1872
6383671,1872
6384211,1872
6384750,1872
6385289,1874
6385829,1872
6386368,1872
6386907,1872
6387449,1877
6387988,1873
6388529,1872
6389068,1872
6389611,1872
6390151,1872
6390690,1872
6391229,1872
6391768,1872
6392308,1872
6392848,1872
6393387,1872
6393926,1872
6394466,1873
6395005,1872
6395544,1872
6396083,1872
6396627,1873
6397166,1872
6397705,1872
6398246,1872
6398785,1872
6399325,1872
6399864,1872
6400403,1876
6400943,1872
6401487,1872
6402026,1872
6402566,1871
6403105,1872
6403644,1873
6404183,1872
6404723,1871
6405262,1872
6405802,1874
6406342,1872
6406881,1874
6407420,1873
6407959,1874
6408498,1872
6409037,1872
6409576,1871
6410116,1871
6410655,1873
6411194,1872
6411733,1872
6412274,1870
6412813,1872
6413353,1873
6413892,1872
6414431,1872
6414970,1872
6415509,1872
6416048,1874
6416587,1874
6417127,1874
6417667,1872
6418207,1872
6418746,1872
6419286,1872
6419825,1871
6420366,1873
6420905,1872
6421445,1872
6421984,1872
6422523,1872
6423062,1872
6423605,1873
6424144,1872
6424683,1872
6425222,1872
6425762,1872
6426301,1874
6426840,1872
6427381,1872
6427920,1872
6428461,1872
6429001,1872
6429541,1872
6430080,1872
6430624,1873
6431164,1873
6431703,1872
6432242,1872
6432782,1874
6433321,1870
6433860,1872
6434399,1867
6434939,1871
6435480,1874
6436019,1872
6436558,1872
6437098,1872
6437637,1872
6438176,1873
6438716,1872
6439255,1872
6439795,1872
6440335,1872
6440874,1872
6441414,1874
6441954,1874
6442494,1873
6443034,1873
6443573,1872
6444112,1872
6444651,1872
6445191,1872
6445730,1872
6446269,1873
6446808,1874
6447347,1872
6447886,1873
6448425,1873
6448964,1872
6449505,1872
6450044,1872
6450584,1871
6451124,1872
6451663,1872
6452202,1872
6452741,1872
6453281,1872
6453821,1872
6454361,1872
6454900,1873
6455440,1872
6455980,1872
6456519,1874
6457058,1873
6457602,1870
6458142,1872
6458681,1872
6459221,1875
6459760,1872
6460299,1872
6460838,1872
6461377,1872
6461917,1872
6462457,1873
6462996,1872
6463536,1872
6464076,1871
6464619,1872
6465159,1872
6465698,1874
6466239,1872
6466778,1873
6467318,1872
6467857,1872
6468396,1872
6468936,1872
6469475,1873
6470015,1872
6470554,1872
6471097,1872
6471636,1872
6472176,1873
6472715,1874
6473254,1872
6473793,1872
6474334,1871
6474873,1872
6475412,1873
6475951,1872
6476490,1872
6477029,1873
6477569,1872
6478109,1872
6478648,1872
6479187,1872
6479726,1870
6480267,1873
6480806,1872
6481346,1874
6481885,1872
6482424,1872
6482963,1871
6483502,1872
6484042,1872
6484581,1872
6485120,1875
6485659,1872
6486199,1871
6486738,1874
6487277,1872
6487816,1872
6488356,1872
6488896,1872
6489435,1872
6489974,1872
6490513,1872
6491052,1872
6491593,1872
6492132,1873
6492671,1872
6493210,1872
6493750,1873
6494289,1872
6494828,1872
6495367,1872
6495906,1872
6496446,1874
6496985,1872
6497524,1873
6498063,1870
6498606,1871
6499145,1872
6499684,1872
6500223,1872
6500763,1872
6501302,1873
6501842,1869
6502382,1871
6502921,1872
6503461,1872
6504000,1872
6504539,1872
6505078,1872
6505621,1872
6506161,1872
6506700,1872
6507239,1870
6507778,1873
6508318,1872
6508858,1872
6509397,1872
6509937,1871
6510476,1872
6511016,1873
6511557,1872
6512097,1872
6512636,1872
6513176,1872
6513715,1874
6514254,1872
6514794,1872
6515334,1872
6515873,1872
6516413,1872
6516952,1874
6517491,1873
6518031,1872
6518570,1872
6519110,1873
6519649,1872
6520188,1872
6520728,1872
6521267,1872
6521807,1872
6522347,1872
6522886,1872
6523426,1872
6523966,1872
6524505,1873
6525044,1872
6525584,1872
6526124,1870
6526663,1872
6527203,1871
6527742,1872
6528281,1872
6528821,1872
6529361,1872
6529900,1872
6530440,1872
6530980,1872
6531519,1872
6532058,1872
6532602,1872
6533141,1871
6533680,1872
6534219,1872
6534758,1875
6535297,1872
6535837,1872
6536376,1872
6536916,1872
6537456,1873
6537995,1872
6538535,1872
6539075,1872
6539618,1872
6540158,1872
6540697,1873
6541236,1871
6541775,1872
6542314,1872
6542854,1872
6543393,1874
6543933,1872
6544474,1872
6545014,1872
6545553,1873
6546097,1873
6546636,1872
6547176,1872
6547715,1873
6548254,1873
6548793,1872
6549332,1872
6549871,1872
6550410,1872
6550949,1872
6551489,1872
6552028,1872
6552567,1873
6553106,1872
6553645,1873
6554186,1872
6554725,1872
6555265,1872
6555804,1872
6556343,1873
6556882,1872
6557421,1872
6557960,1871
6558499,1873
6559038,1872
6559578,1872
6560118,1872
6560657,1872
6561196,1872
6561735,1874
6562275,1872
6562815,1872
6563355,1872
6563894,1873
6564434,1872
6564974,1873
6565513,1871
6566052,1872
6566592,1872
6567132,1870
6567671,1876
6568211,1872
6568750,1873
6569289,1872
6569828,1872
6570367,1872
6570906,1872
6571446,1871
6571985,1872
6572524,1871
6573063,1872
6573606,1872
6574145,1873
6574684,1872
6575224,1875
6575763,1870
6576303,1875
6576842,1872
6577382,1872
6577921,1872
6578462,1872
6579001,1873
6579541,1872
6580081,1872
6580624,1872
6581164,1872
6581703,1872
6582242,1872
6582782,1872
6583322,1872
6583861,1871
6584401,1872
6584940,1872
6585482,1872
6586021,1872
6586560,1872
6587100,1873
6587639,1872
6588178,1872
6588717,1872
6589256,1872
6589796,1872
6590335,1871
6590875,1871
6591414,1872
6591954,1872
6592493,1874
6593032,1872
6593571,1873
6594110,1872
6594649,1872
6595188,1872
6595727,1872
6596266,1872
6596805,1872
6597344,1872
6597883,1873
6598422,1873
6598961,1872
6599500,1872
6600039,1872
6600578,1872
6601117,1872
6601656,1875
6602197,1872
6602736,1873
6603275,1872
6603814,1872
6604353,1873
6604892,1872
6605431,1874
6605970,1871
6606510,1873
6607050,1872
6607590,1875
6608129,1872
6608668,1872
6609207,1875
6609746,1872
6610285,1872
6610825,1872
6611365,1872
6611904,1872
6612444,1872
6612983,1871
6613523,1873
6614062,1872
6614606,1875
6615146,1872
6615685,1870
6616225,1872
6616764,1874
6617303,1873
6617842,1871
6618381,1872
6618920,1872
6619460,1872
6620000,1872
6620540,1872
6621079,1872
6621623,1872
6622163,1872
6622702,1873
6623241,1871
6623781,1873
6624321,1872
6624860,1872
6625400,1872
6625939,1873
6626479,1872
6627019,1872
6627558,1872
6628098,1874
6628637,1872
6629177,1872
6629716,1872
6630255,1872
6630794,1875
6631334,1872
6631873,1871
6632412,1874
6632951,1872
6633490,1873
6634030,1872
6634570,1875
6635110,1872
6635649,1872
6636188,1872
6636728,1873
6637268,1872
6637807,1872
6638347,1872
6638886,1872
6639427,1873
6639966,1872
6640505,1872
6641044,1872
6641584,1872
6642124,1872
6642663,1874
6643203,1872
6643742,1873
6644281,1869
6644821,1872
6645361,1872
6645900,1872
6646439,1873
6646978,1872
6647517,1872
6648056,1873
6648599,1872
6649138,1872
6649677,1872
6650218,1872
6650757,1870
6651297,1872
6651837,1874
6652376,1872
6652916,1872
6653456,1872
6653995,1872
6654534,1872
6655073,1872
6655617,1872
6656157,1874
6656696,1872
6657235,1872
6657774,1874
6658313,1873
6658852,1873
6659391,1872
6659931,1872
6660471,1873
6661010,1874
6661550,1872
6662089,1872
6662634,1871
6663174,1874
6663713,1872
6664253,1873
6664792,1872
6665332,1873
6665871,1874
6666410,1873
6666949,1873
6667489,1872
6668028,1875
6668568,1873
6669108,1872
6669647,1872
6670186,1874
6670725,1873
6671264,1873
6671803,1871
6672342,1873
6672881,1872
6673422,1872
6673961,1873
6674500,1872
6675039,1872
6675579,1872
6676119,1872
6676659,1872
6677199,1872
6677738,1873
6678277,1872
6678816,1873
6679355,1872
6679894,1874
6680435,1871
6680975,1872
6681515,1872
6682055,1873
6682598,1872
6683138,1873
6683677,1872
6684217,1872
6684756,1873
6685296,1872
6685835,1872
6686374,1874
6686913,1872
6687456,1872
6687995,1875
6688534,1872
6689073,1872
6689616,1872
6690156,1871
6690695,1872
6691235,1872
6691774,1872
6692313,1872
6692852,1871
6693391,1872
6693931,1873
6694470,1872
6695010,1872
6695550,1872
6696089,1872
6696633,1873
6697172,1872
6697712,1872
6698251,1871
6698791,1872
6699331,1872
6699870,1872
6700410,1871
6700949,1872
6701489,1872
6702028,1872
6702567,1874
6703106,1872
6703646,1872
6704186,1872
6704725,1872
6705265,1872
6705804,1872
6706343,1872
6706882,1872
6707421,1872
6707961,1872
6708500,1872
6709041,1871
6709580,1872
6710120,1872
6710659,1872
6711198,1872
6711737,1872
6712276,1872
6712815,1872
6713354,1872
6713894,1872
6714433,1874
6714973,1872
6715512,1873
6716051,1872
6716590,1871
6717130,1872
6717669,1871
6718208,1872
6718748,1872
6719288,1872
6719827,1871
6720367,1872
6720906,1872
6721446,1872
6721985,1872
6722524,1872
6723063,1872
6723607,1871
6724146,1872
6724686,1873
6725226,1873
6725765,1872
6726305,1872
6726844,1872
6727383,1872
6727922,1872
6728462,1873
6729001,1872
6729540,1872
6730079,1872
6730622,1875
6731162,1872
6731702,1872
6732241,1872
6732781,1872
6733321,1872
6733860,1872
6734400,1872
6734939,1872
6735479,1871
6736018,1874
6736557,1872
6737097,1873
6737636,1872
6738176,1872
6738715,1875
6739254,1873
6739793,1872
6740334,1872
6740873,1872
6741413,1873
6741952,1872
6742492,1873
6743031,1872
6743571,1872
6744110,1873
6744649,1873
6745188,1872
6745728,1873
6746268,1872
6746807,1872
6747347,1872
6747886,1874
6748426,1872
6748965,1874
6749505,1871
6750044,1872
6750583,1874
6751123,1872
6751662,1874
6752201,1872
6752740,1872
6753281,1874
6753820,1872
6754360,1873
6754899,1872
6755438,1872
6755978,1873
6756518,1872
6757057,1872
6757601,1872
6758140,1874
6758680,1872
6759220,1871
6759759,1872
6760299,1872
6760838,1872
6761377,1872
6761916,1871
6762458,1872
6762997,1873
6763537,1872
6764077,1873
6764620,1874
6765160,1872
6765699,1872
6766239,1872
6766778,1871
6767317,1872
6767856,1873
6768396,1875
6768935,1872
6769476,1872
6770015,1871
6770554,1870
6771097,1874
6771636,1872
6772177,1872
6772716,1872
6773255,1872
6773795,1872
6774335,1872
6774874,1872
6775414,1871
6775954,1872
6776493,1873
6777033,1873
6777572,1872
6778111,1873
6778650,1872
6779189,1872
6779728,1874
6780267,1871
6780807,1872
6781347,1872
6781886,1874
6782426,1872
6782965,1872
6783505,1873
6784044,1873
6784583,1872
6785123,1872
6785662,1873
6786201,1872
6786741,1871
6787281,1872
6787820,1873
6788360,1872
6788899,1872
6789439,1872
6789978,1874
6790518,1874
6791058,1872
6791601,1872
6792140,1872
6792679,1872
6793218,1873
6793757,1872
6794296,1872
6794836,1872
6795376,1873
6795915,1871
6796457,1872
6796996,1872
6797535,1872
6798074,1872
6798617,1872
6799157,1873
6799696,1872
6800235,1874
6800775,1873
6801315,1872
6801854,1873
6802394,1872
6802933,1872
6803474,1872
6804014,1870
6804554,1878
6805097,1872
6805636,1872
6806176,1870
6806715,1872
6807254,1871
6807793,1872
6808334,1872
6808873,1872
6809413,1872
6809952,1872
6810492,1872
6811032,1875
6811572,1874
6812111,1873
6812650,1872
6813191,1872
6813730,1872
6814269,1870
6814809,1875
6815349,1872
6815888,1872
6816428,1872
6816967,1873
6817506,1872
6818045,1872
6818584,1872
6819124,1871
6819663,1872
6820202,1872
6820741,1872
6821280,1872
6821819,1872
6822360,1872
6822899,1872
6823438,1872
6823977,1871
6824516,1877
6825055,1871
6825599,1872
6826138,1873
6826677,1872
6827216,1871
6827756,1872
6828295,1872
6828835,1872
6829375,1874
6829914,1872
6830456,1872
6830995,1874
6831534,1872
6832074,1872
6832617,1872
6833157,1872
6833696,1875
6834235,1872
6834774,1871
6835313,1872
6835852,1872
6836391,1872
6836930,1872
6837470,1871
6838009,1872
6838548,1871
6839088,1872
6839631,1872
6840170,1872
6840710,1872
6841250,1870
6841789,1872
6842328,1872
6842868,1872
6843408,1873
6843947,1872
6844489,1872
6845028,1874
6845567,1872
6846106,1872
6846645,1873
6847186,1873
6847725,1872
6848265,1872
6848804,1872
6849343,1872
6849882,1873
6850421,1872
6850961,1871
6851500,1872
6852039,1871
6852579,1872
6853119,1871
6853658,1872
6854198,1872
6854737,1872
6855276,1872
6855816,1873
6856356,1872
6856895,1872
6857434,1872
6857974,1872
6858513,1872
6859052,1872
6859591,1872
6860131,1872
6860670,1873
6861210,1873
6861749,1872
6862288,1871
6862828,1872
6863368,1872
6863907,1872
6864448,1872
6864987,1872
6865526,1872
6866065,1871
6866609,1872
6867149,1872
6867688,1872
6868227,1872
6868766,1872
6869307,1872
6869846,1873
6870385,1873
6870924,1872
6871464,1872
6872003,1875
6872543,1872
6873082,1872
6873626,1872
6874165,1872
6874704,1872
6875244,1872
6875783,1872
6876322,1872
6876861,1872
6877400,1872
6877940,1872
6878479,1872
6879019,1872
6879559,1873
6880099,1872
6880638,1873
6881178,1872
6881717,1872
6882256,1873
6882796,1872
6883335,1871
6883875,1872
6884415,1872
6884955,1875
6885495,1872
6886035,1872
6886574,1872
6887113,1871
6887653,1870
6888192,1872
6888731,1872
6889270,1872
6889810,1872
6890349,1871
6890889,1872
6891428,1872
6891967,1872
6892507,1872
6893046,1872
6893586,1872
6894126,1871
6894665,1871
6895205,1870
6895745,1872
6896285,1872
6896824,1875
6897363,1872
6897902,1872
6898442,1872
6898981,1872
6899520,1871
6900059,1872
6900603,1871
6901143,1871
6901682,1872
6902221,1872
6902760,1872
6903299,1872
6903838,1873
6904377,1872
6904916,1872
6905457,1872
6905996,1874
6906536,1872
6907075,1872
6907618,1872
6908158,1872
6908697,1873
6909236,1872
6909776,1875
6910315,1872
6910855,1873
6911395,1872
6911934,1872
6912474,1872
6913013,1872
6913552,1873
6914091,1872
6914634,1872
6915174,1871
6915714,1872
6916253,1872
6916792,1872
6917333,1872
6917872,1873
6918411,1872
6918951,1872
6919490,1874
6920030,1872
6920570,1872
6921110,1871
6921649,1871
6922189,1873
6922728,1871
6923268,1872
6923807,1872
6924347,1873
6924886,1871
6925427,1872
6925967,1873
6926507,1872
6927047,1872
6927586,1872
6928125,1872
6928665,1872
6929204,1872
6929744,1869
6930284,1871
6930823,1872
6931362,1872
6931902,1874
6932442,1872
6932981,1872
6933520,1872
6934059,1872
6934602,1873
6935142,1872
6935682,1872
6936221,1871
6936761,1872
6937300,1872
6937839,1877
6938379,1872
6938918,1873
6939458,1872
6939997,1872
6940538,1872
6941077,1872
6941620,1872
6942160,1872
6942699,1871
6943239,1872
6943778,1872
6944319,1872
6944858,1872
6945397,1873
6945936,1873
6946476,1870
6947015,1874
6947554,1872
6948097,1872
6948636,1872
6949176,1872
6949715,1872
6950254,1874
6950793,1871
6951332,1872
6951871,1872
6952412,1873
6952951,1872
6953490,1872
6954030,1869
6954570,1872
6955109,1872
6955649,1872
6956189,1873
6956728,1872
6957268,1872
6957807,1872
6958346,1872
6958886,1872
6959426,1872
6959966,1875
6960505,1872
6961045,1872
6961584,1872
6962124,1872
6962663,1872
6963203,1872
6963742,1875
6964281,1872
6964820,1872
6965360,1872
6965899,1872
6966439,1872
6966979,1871
6967518,1872
6968057,1872
6968601,1872
6969140,1872
6969679,1872
6970219,1872
6970758,1873
6971299,1872
6971838,1872
6972377,1872
6972917,1872
6973457,1872
6973996,1873
6974535,1872
6975074,1872
6975617,1874
6976156,1869
6976696,1872
6977235,1873
6977775,1872
6978315,1872
6978854,1872
6979394,1872
6979933,1872
6980474,1872
6981014,1871
6981554,1872
6982097,1872
6982636,1872
6983176,1872
6983715,1872
6984254,1872
6984794,1872
6985334,1872
6985873,1872
6986412,1872
6986951,1872
6987491,1872
6988030,1872
6988570,1872
6989110,1872
6989649,1872
6990188,1875
6990727,1873
6991267,1872
6991806,1871
6992346,1872
6992886,1872
6993426,1875
6993965,1872
6994505,1872
6995044,1872
6995583,1872
6996123,1872
6996662,1872
6997201,1872
6997741,1873
6998281,1872
6998820,1872
6999360,1874
6999899,1872
7000438,1875
7000977,1872
7001517,1873
7002057,1872
7002600,1872
7003140,1874
7003680,1872
7004219,1871
7004759,1871
7005299,1872
7005838,1873
7006378,1872
7006917,1872
7007457,1872
7007996,1872
7008535,1874
7009074,1874
7009618,1873
7010158,1874
7010697,1872
7011237,1872
7011776,1872
7012316,1872
7012855,1872
7013394,1872
7013933,1872
7014473,1871
7015012,1872
7015552,1872
7016097,1872
7016636,1872
7017176,1872
7017715,1874
7018254,1870
7018793,1871
7019332,1872
7019871,1873
7020410,1872
7020949,1872
7021490,1872
7022030,1872
7022569,1872
7023109,1872
7023648,1872
7024188,1873
7024727,1872
7025266,1872
7025805,1873
7026344,1872
7026884,1872
7027423,1872
7027962,1874
7028502,1873
7029041,1874
7029581,1873
7030120,1872
7030660,1874
7031199,1872
7031738,1872
7032277,1872
7032817,1872
7033356,1872
7033896,1872
7034435,1871
7034974,1874
7035513,1872
7036052,1872
7036592,1872
7037132,1871
7037671,1872
7038211,1874
7038750,1871
7039289,1873
7039828,1872
7040367,1872
7040906,1872
7041446,1871
7041985,1872
7042524,1872
7043063,1874
7043606,1874
7044145,1872
7044684,1872
7045223,1874
7045762,1869
7046302,1872
7046842,1872
7047381,1872
7047920,1872
7048460,1873
7048999,1873
7049538,1873
7050077,1872
7050620,1872
7051160,1872
7051700,1872
7052239,1872
7052778,1876
7053319,1872
7053858,1872
7054397,1872
7054936,1872
7055477,1873
7056017,1872
7056556,1872
7057097,1872
7057636,1871
7058175,1872
7058715,1873
7059254,1872
7059793,1871
7060333,1872
7060872,1872
7061411,1873
7061950,1872
7062490,1872
7063030,1872
7063570,1872
7064109,1872
7064648,1872
7065187,1870
7065727,1872
7066266,1871
7066805,1873
7067344,1872
7067883,1872
7068422,1872
7068961,1875
7069500,1872
7070039,1872
7070578,1873
7071118,1873
7071657,1873
7072196,1872
7072736,1874
7073275,1873
7073815,1872
7074355,1873
7074894,1872
7075434,1875
7075974,1872
7076514,1874
7077053,1872
7077597,1872
7078137,1872
7078676,1871
7079215,1873
7079755,1872
7080294,1872
7080834,1872
7081373,1872
7081913,1870
7082456,1872
7082995,1873
7083534,1872
7084074,1871
7084617,1872
7085156,1874
7085695,1872
7086235,1872
7086775,1872
7087315,1871
7087854,1872
7088394,1871
7088933,1872
7089474,1872
7090013,1872
7090552,1872
7091091,1874
7091634,1873
7092174,1872
7092713,1875
7093253,1871
7093792,1872
7094331,1872
7094870,1872
7095409,1872
7095949,1871
7096489,1872
7097028,1872
7097567,1873
7098106,1875
7098645,1872
7099185,1872
7099724,1872
7100263,1872
7100803,1872
7101342,1873
7101882,1873
7102422,1872
7102961,1873
7103501,1872
7104041,1875
7104580,1872
7105119,1871
7105659,1872
7106199,1873
7106738,1872
7107278,1872
7107817,1872
7108357,1871
7108896,1872
7109435,1872
7109974,1871
7110513,1871
7111052,1870
7111591,1872
7112131,1872
7112670,1873
7113209,1872
7113749,1872
7114288,1872
7114828,1872
7115367,1873
7115906,1872
7116447,1872
7116987,1872
7117526,1871
7118065,1872
7118609,1872
7119149,1872
7119688,1873
7120227,1872
7120767,1872
7121307,1873
7121846,1872
7122387,1872
7122926,1872
7123466,1874
7124005,1872
7124544,1871
7125083,1873
7125626,1872
7126166,1872
7126705,1872
7127244,1872
7127783,1873
7128322,1872
7128861,1872
7129401,1872
7129940,1872
7130482,1872
7131021,1872
7131561,1874
7132100,1873
7132640,1872
7133180,1872
7133719,1872
7134259,1873
7134798,1872
7135338,1873
7135877,1871
7136416,1872
7136955,1872
7137494,1872
7138035,1871
7138574,1872
7139113,1872
7139653,1870
7140192,1871
7140731,1872
7141271,1875
7141810,1872
7142350,1874
7142889,1873
7143429,1872
7143968,1871
7144507,1872
7145046,1872
7145585,1873
7146124,1872
7146663,1872
7147203,1871
7147742,1872
7148282,1872
7148821,1873
7149360,1872
7149899,1873
7150439,1873
7150978,1872
7151517,1872
7152057,1872
7152601,1872
7153140,1872
7153679,1872
7154218,1875
7154757,1871
7155296,1873
7155835,1873
7156375,1872
7156914,1871
7157456,1874
7157995,1872
7158534,1873
7159073,1872
7159616,1872
7160157,1872
7160696,1872
7161235,1874
7161775,1871
7162315,1872
7162854,1872
7163394,1872
7163933,1874
7164474,1872
7165014,1872
7165554,1872
7166097,1872
7166636,1870
7167176,1872
7167715,1872
7168254,1872
7168793,1872
7169334,1872
7169873,1875
7170412,1872
7170951,1873
7171490,1872
7172029,1872
7172568,1872
7173108,1873
7173647,1875
7174187,1871
7174726,1872
7175266,1872
7175805,1872
7176345,1872
7176884,1872
7177423,1872
7177963,1872
7178503,1872
7179042,1873
7179582,1874
7180122,1872
7180661,1872
7181200,1872
7181739,1872
7182280,1872
7182819,1872
7183359,1873
7183898,1872
7184437,1872
7184976,1873
7185516,1875
7186055,1872
7186599,1873
7187139,1874
7187678,1872
7188218,1872
7188757,1872
7189296,1873
7189836,1870
7190376,1872
7190915,1872
7191457,1873
7191997,1873
7192536,1873
7193075,1873
7193618,1873
7194158,1872
7194697,1872
7195236,1876
7195775,1874
7196315,1872
7196855,1874
7197395,1872
7197934,1872
7198474,1872
7199014,1872
7199554,1872
7200097,1872
7200636,1874
7201175,1872
7201715,1871
7202254,1872
7202794,1871
7203334,1872
7203873,1872
7204413,1872
7204952,1872
7205491,1872
7206031,1872
7206571,1872
7207110,1872
7207649,1871
7208189,1874
7208728,1872
7209268,1873
7209807,1874
7210347,1872
7210886,1872
7211425,1872
7211964,1873
7212505,1872
7213044,1872
7213583,1872
7214123,1872
7214662,1872
7215201,1876
7215741,1872
7216280,1871
7216819,1872
7217358,1875
7217897,1872
7218437,1874
7218976,1877
7219516,1874
7220055,1872
7220600,1872
7221139,1872
7221679,1873
7222219,1872
7222758,1873
7223298,1872
7223837,1872
7224377,1872
7224916,1872
7225457,1872
7225996,1872
7226536,1872
7227075,1872
7227618,1872
7228157,1873
7228696,1874
7229235,1872
7229775,1872
7230315,1872
7230854,1871
7231394,1872
7231933,1872
7232473,1872
7233012,1872
7233552,1873
7234091,1872
7234634,1872
7235173,1872
7235713,1872
7236253,1871
7236792,1872
7237331,1872
7237870,1871
7238409,1872
7238949,1872
7239489,1873
7240028,1875
7240567,1872
7241106,1872
7241646,1872
7242185,1874
7242724,1872
7243264,1872
7243804,1872
7244343,1872
7244883,1873
7245423,1872
7245962,1872
7246502,1872
7247041,1872
7247581,1872
7248120,1872
7248660,1872
7249199,1872
7249738,1872
7250278,1872
7250817,1872
7251356,1873
7251895,1872
7252434,1872
7252973,1874
7253513,1874
7254052,1872
7254592,1872
7255131,1871
7255670,1872
7256209,1871
7256748,1872
7257287,1873
7257826,1872
7258366,1872
7258906,1872
7259447,1872
7259987,1872
7260527,1873
7261066,1872
7261610,1872
7262150,1872
7262689,1872
7263229,1872
7263768,1872
7264307,1872
7264846,1873
7265387,1872
7265926,1870
7266466,1873
7267005,1870
7267544,1872
7268084,1872
7268628,1872
7269167,1876
7269707,1872
7270246,1871
7270786,1871
7271325,1872
7271865,1871
7272405,1871
7272945,1872
7273488,1872
7274028,1872
7274567,1872
7275106,1871
7275645,1872
7276185,1872
7276724,1872
7277264,1872
7277803,1872
7278342,1872
7278882,1872
7279422,1872
7279961,1872
7280500,1872
7281039,1872
7281578,1872
7282118,1872
7282657,1872
7283197,1872
7283736,1872
7284275,1872
7284814,1871
7285354,1872
7285893,1872
7286434,1873
7286974,1872
7287513,1872
7288052,1870
7288591,1872
7289131,1871
7289670,1871
7290209,1875
7290748,1873
7291288,1873
7291827,1872
7292368,1872
7292907,1872
7293448,1872
7293987,1872
7294526,1872
7295065,1871
7295609,1873
7296149,1872
7296688,1872
7297227,1871
7297766,1871
7298307,1872
7298846,1872
7299386,1871
7299925,1866
7300465,1872
7301004,1872
7301544,1872
7302084,1872
7302627,1872
7303166,1872
7303705,1872
7304244,1872
7304783,1872
7305322,1874
7305862,1872
7306401,1872
7306940,1872
7307482,1872
7308021,1872
7308560,1872
7309100,1872
7309639,1872
7310179,1872
7310719,1872
7311259,1872
7311798,1871
7312337,1872
7312876,1877
7313415,1872
7313954,1873
7314493,1872
7315033,1872
7315573,1872
7316112,1872
7316651,1872
7317192,1875
7317731,1872
7318271,1876
7318810,1873
7319350,1872
7319889,1872
7320428,1872
7320967,1872
7321506,1872
7322045,1872
7322584,1870
7323124,1872
7323663,1872
7324202,1872
7324741,1872
7325280,1869
7325819,1873
7326360,1872
7326899,1872
7327438,1872
7327977,1871
7328516,1872
7329055,1872
7329599,1872
7330138,1872
7330677,1872
7331218,1872
7331757,1873
7332296,1873
7332836,1872
7333375,1872
7333914,1872
7334456,1872
7334995,1872
7335534,1872
7336073,1872
7336617,1872
7337157,1872
7337696,1872
7338235,1874
7338775,1872
7339315,1872
7339854,1872
7340394,1873
7340933,1872
7341473,1872
7342013,1872
7342552,1872
7343091,1872
7343634,1873
7344173,1872
7344712,1873
7345253,1872
7345792,1871
7346332,1872
7346871,1872
7347410,1872
7347950,1872
7348489,1872
7349028,1871
7349567,1872
7350106,1872
7350646,1878
7351185,1872
7351724,1872
7352263,1872
7352802,1872
7353342,1873
7353882,1869
7354422,1873
7354961,1872
7355501,1873
7356041,1872
7356580,1872
7357119,1872
7357658,1872
7358199,1870
7358738,1872
7359278,1873
7359817,1872
7360356,1873
7360895,1872
7361435,1872
7361974,1872
7362514,1872
7363053,1873
7363596,1873
7364136,1872
7364676,1872
7365216,1872
7365755,1871
7366294,1875
7366834,1872
7367374,1874
7367913,1872
7368456,1873
7368995,1872
7369535,1872
7370075,1873
7370618,1872
7371158,1873
7371697,1872
7372238,1872
7372777,1872
7373316,1873
7373856,1871
7374395,1872
7374934,1872
7375475,1872
7376014,1870
7376553,1872
7377097,1872
7377636,1872
7378176,1872
7378715,1872
7379254,1872
7379794,1872
7380334,1872
7380873,1873
7381413,1872
7381952,1873
7382492,1874
7383031,1872
7383571,1872
7384111,1873
7384650,1872
7385189,1872
7385728,1875
7386267,1872
7386807,1871
7387346,1872
7387886,1873
7388426,1874
7388965,1872
7389505,1873
7390045,1874
7390584,1872
7391124,1872
7391663,1872
7392202,1872
7392741,1872
7393281,1874
7393821,1873
7394361,1873
7394900,1871
7395439,1872
7395978,1872
7396517,1872
7397056,1873
7397599,1871
7398138,1872
7398677,1872
7399216,1872
7399756,1872
7400295,1872
7400835,1872
7401375,1872
7401914,1872
7402456,1872
7402995,1875
7403534,1872
7404073,1873
7404617,1872
7405157,1872
7405696,1872
7406235,1873
7406775,1872
7407315,1874
7407854,1872
7408394,1872
7408933,1872
7409473,1869
7410012,1872
7410551,1872
7411090,1873
7411633,1871
7412172,1872
7412712,1873
7413252,1871
7413791,1872
7414330,1873
7414870,1872
7415409,1873
7415949,1872
7416489,1872
7417028,1872
7417567,1872
7418106,1872
7418645,1872
7419185,1872
7419724,1873
7420263,1872
7420803,1871
7421342,1872
7421882,1872
7422422,1872
7422961,1872
7423501,1872
7424040,1871
7424579,1873
7425119,1872
7425658,1875
7426198,1874
7426737,1873
7427276,1872
7427815,1872
7428355,1871
7428894,1872
7429435,1872
7429974,1872
7430513,1872
7431052,1871
7431593,1872
7432132,1872
7432671,1872
7433210,1872
7433750,1872
7434290,1872
7434829,1873
7435368,1872
7435907,1874
7436449,1873
7436988,1872
7437527,1872
7438067,1872
7438610,1872
7439150,1872
7439689,1872
7440228,1872
7440768,1872
7441308,1873
7441847,1872
7442387,1872
7442926,1871
7443466,1872
7444005,1874
7444544,1873
7445083,1872
7445626,1872
7446165,1872
7446704,1872
7447245,1870
7447784,1872
7448323,1872
7448863,1872
7449403,1874
7449943,1872
7450483,1871
7451022,1872
7451561,1873
7452100,1873
7452640,1873
7453180,1871
7453719,1872
7454259,1872
7454798,1872
7455338,1873
7455877,1872
7456416,1872
7456955,1872
7457495,1872
7458035,1878
7458575,1872
7459115,1873
7459654,1874
7460193,1873
7460732,1872
7461273,1872
7461812,1872
7462352,1872
7462891,1873
7463431,1872
7463970,1873
7464510,1872
7465049,1872
7465588,1872
7466127,1872
7466667,1873
7467207,1872
7467746,1872
7468285,1871
7468824,1872
7469363,1872
7469902,1874
7470443,1872
7470982,1873
7471521,1872
7472061,1873
7472604,1872
7473144,1872
7473683,1872
7474222,1872
7474761,1872
7475301,1872
7475840,1873
7476380,1872
7476919,1872
7477460,1872
7478000,1872
7478539,1872
7479078,1874
7479622,1872
7480162,1872
7480701,1873
7481240,1872
7481779,1872
7482320,1872
7482859,1872
7483398,1871
7483938,1873
7484477,1872
7485017,1872
7485556,1872
7486097,1873
7486636,1872
7487176,1872
7487715,1872
7488254,1876
7488793,1873
7489334,1872
7489873,1875
7490413,1871
7490952,1872
7491491,1872
7492031,1873
7492570,1872
7493110,1872
7493649,1872
7494188,1872
7494727,1872
7495266,1872
7495805,1874
7496345,1872
7496885,1872
7497424,1872
7497963,1872
7498502,1873
7499042,1872
7499581,1875
7500120,1872
7500660,1872
7501200,1874
7501739,1872
7502279,1872
7502818,1873
7503357,1872
7503896,1872
7504436,1872
7504975,1872
7505515,1872
7506055,1870
7506598,1872
7507137,1872
7507676,1872
7508215,1872
7508754,1871
7509293,1872
7509832,1872
7510371,1872
7510910,1872
7511450,1872
7511989,1875
7512528,1873
7513068,1872
7513612,1872
7514152,1872
7514691,1871
7515231,1871
7515770,1872
7516309,1872
7516849,1872
7517389,1871
7517928,1872
7518468,1872
7519008,1874
7519548,1872
7520088,1873
7520631,1870
7521170,1877
7521709,1873
7522248,1870
7522788,1872
7523328,1873
7523867,1872
7524407,1872
7524946,1872
7525488,1870
7526028,1874
7526567,1873
7527107,1873
7527646,1871
7528185,1872
7528724,1872
7529264,1872
7529803,1872
7530342,1872
7530881,1872
7531422,1874
7531961,1875
7532501,1872
7533041,1871
7533581,1872
7534120,1872
7534660,1875
7535199,1871
7535738,1872
7536278,1872
7536817,1872
7537356,1873
7537896,1872
7538435,1873
7538974,1872
7539513,1872
7540053,1872
7540593,1872
7541132,1872
7541671,1872
7542211,1872
7542751,1871
7543291,1872
7543830,1871
7544369,1872
7544908,1867
7545449,1872
7545989,1870
7546529,1872
7547069,1873
7547612,1873
7548153,1872
7548692,1872
7549231,1871
7549771,1871
7550311,1872
7550850,1872
7551389,1872
7551929,1872
7552470,1872
7553009,1872
7553549,1872
7554088,1874
7554632,1872
7555171,1873
7555710,1872
7556250,1872
7556790,1872
7557329,1874
7557869,1871
7558409,1873
7558949,1872
7559488,1874
7560028,1874
7560567,1872
7561107,1871
7561646,1872
7562185,1873
7562724,1872
7563263,1873
7563803,1873
7564342,1872
7564881,1875
7565421,1874
7565961,1873
7566501,1872
7567040,1872
7567579,1872
7568118,1872
7568657,1872
7569198,1872
7569737,1872
7570277,1870
7570816,1872
7571355,1872
7571894,1872
7572435,1872
7572974,1872
7573513,1872
7574052,1872
7574592,1872
7575131,1871
7575670,1873
7576209,1872
7576748,1873
7577287,1872
7577826,1874
7578366,1872
7578906,1872
7579446,1872
7579985,1870
7580524,1872
7581064,1874
7581607,1870
7582147,1871
7582686,1872
7583225,1872
7583764,1872
7584303,1872
7584842,1875
7585381,1872
7585920,1872
7586460,1872
7587000,1872
7587540,1874
7588079,1872
7588623,1872
7589163,1872
7589702,1872
7590241,1873
7590781,1872
7591320,1874
7591859,1872
7592400,1874
7592939,1874
7593479,1872
7594018,1872
7594557,1872
7595097,1872
7595636,1872
7596176,1872
7596715,1872
7597254,1874
7597793,1871
7598333,1872
7598872,1872
7599411,1873
7599950,1872
7600489,1872
7601028,1876
7601567,1872
7602107,1872
7602646,1872
7603185,1873
7603724,1872
7604265,1873
7604804,1873
7605343,1872
7605882,1873
7606421,1872
7606960,1872
7607499,1872
7608038,1872
7608577,1872
7609117,1871
7609656,1872
7610195,1872
7610734,1873
7611274,1872
7611814,1873
7612354,1872
7612893,1875
7613432,1872
7613971,1872
7614511,1873
7615051,1872
7615591,1871
7616130,1874
7616670,1872
7617209,1873
7617748,1875
7618287,1872
7618827,1874
7619366,1870
7619906,1870
7620447,1872
7620987,1872
7621527,1872
7622066,1871
7622610,1874
7623150,1872
7623689,1872
7624228,1873
7624767,1873
7625306,1872
7625845,1872
7626385,1872
7626924,1872
7627463,1872
7628002,1872
7628541,1872
7629081,1873
7629625,1873
7630165,1871
7630704,1873
7631244,1872
7631783,1872
7632322,1872
7632862,1873
7633401,1872
7633940,1873
7634481,1872
7635020,1872
7635560,1872
7636099,1872
7636639,1872
7637179,1872
7637718,1872
7638258,1873
7638797,1872
7639336,1872
7639876,1872
7640415,1870
7640954,1872
7641493,1872
7642032,1873
7642571,1872
7643111,1872
7643650,1872
7644191,1872
7644730,1872
7645270,1873
7645809,1872
7646348,1872
7646887,1872
7647426,1872
7647965,1872
7648504,1872
7649043,1874
7649583,1871
7650123,1872
7650662,1875
7651201,1873
7651741,1872
7652281,1873
7652820,1870
7653360,1872
7653899,1873
7654438,1872
7654978,1872
7655518,1872
7656057,1874
7656600,1872
7657140,1873
7657680,1873
7658220,1872
7658759,1873
7659299,1872
7659838,1872
7660378,1872
7660917,1871
7661457,1872
7661997,1872
7662536,1871
7663076,1872
7663619,1872
7664159,1873
7664698,1875
7665239,1872
7665778,1872
7666318,1871
7666857,1872
7667397,1873
7667936,1873
7668477,1872
7669017,1873
7669556,1872
7670097,1873
7670636,1874
7671176,1873
7671715,1872
7672254,1872
7672794,1874
7673334,1872
7673873,1872
7674412,1873
7674952,1873
7675491,1872
7676031,1871
7676571,1872
7677111,1872
7677650,1872
7678190,1873
7678729,1874
7679269,1871
7679808,1872
7680348,1872
7680888,1873
7681428,1873
7681967,1872
7682508,1872
7683048,1873
7683588,1872
7684128,1872
7684667,1872
7685207,1872
7685746,1872
7686286,1872
7686825,1875
7687364,1872
7687903,1872
7688443,1875
7688982,1872
7689522,1872
7690062,1871
7690605,1872
7691144,1874
7691683,1874
7692222,1872
7692761,1869
7693301,1871
7693841,1872
7694380,1872
7694919,1872
7695460,1872
7696000,1872
7696539,1872
7697078,1871
7697622,1872
7698162,1873
7698701,1872
7699241,1872
7699780,1872
7700319,1873
7700858,1873
7701398,1872
7701938,1873
7702478,1872
7703017,1872
7703556,1872
7704097,1872
7704636,1873
7705176,1872
7705715,1873
7706255,1871
7706794,1872
7707333,1872
7707872,1872
7708411,1872
7708950,1872
7709490,1874
7710030,1872
7710569,1872
7711109,1872
7711648,1872
7712187,1871
7712727,1872
7713267,1872
7713806,1872
7714346,1873
7714885,1872
7715424,1872
7715963,1872
7716502,1872
7717041,1873
7717581,1872
7718120,1872
7718660,1873
7719199,1872
7719738,1873
7720278,1872
7720817,1873
7721356,1872
7721896,1873
7722435,1872
7722974,1873
7723513,1871
7724052,1872
7724591,1872
7725131,1872
7725670,1872
7726209,1872
7726748,1872
7727287,1874
7727826,1874
7728367,1873
7728906,1872
7729447,1872
7729987,1872
7730526,1873
7731065,1875
7731609,1872
7732149,1872
7732688,1869
7733228,1873
7733767,1871
7734306,1872
7734845,1871
7735384,1871
7735924,1869
7736463,1872
7737002,1871
7737541,1876
7738081,1871
7738625,1872
7739165,1873
7739704,1872
7740244,1872
7740783,1871
7741322,1870
7741862,1874
7742402,1875
7742941,1872
7743482,1872
7744021,1873
7744560,1872
7745099,1873
7745638,1871
7746178,1872
7746717,1874
7747257,1871
7747796,1872
7748336,1872
7748875,1872
7749414,1873
7749954,1872
7750494,1872
7751034,1872
7751573,1872
7752112,1875
7752651,1872
7753192,1872
7753731,1872
7754271,1872
7754810,1872
7755350,1872
7755889,1873
7756428,1874
7756967,1872
7757506,1872
7758046,1872
7758585,1873
7759124,1873
7759664,1872
7760204,1872
7760743,1872
7761282,1872
7761822,1872
7762362,1872
7762901,1875
7763441,1872
7763980,1874
7764520,1872
7765059,1874
7765602,1873
7766141,1872
7766681,1872
7767220,1872
7767759,1872
7768300,1872
7768839,1871
7769379,1872
7769918,1871
7770458,1873
7770997,1872
7771537,1871
7772076,1879
7772619,1872
7773158,1872
7773697,1872
7774237,1872
7774776,1873
7775315,1872
7775854,1872
7776395,1872
7776934,1872
7777475,1874
7778015,1872
7778555,1872
7779097,1872
7779636,1872
7780175,1873
7780714,1872
7781253,1871
7781792,1872
7782333,1871
7782872,1877
7783411,1872
7783950,1872
7784490,1872
7785029,1871
7785568,1874
7786107,1872
7786647,1872
7787187,1872
7787726,1874
7788266,1872
7788805,1872
7789345,1872
7789884,1872
7790424,1875
7790963,1873
7791503,1871
7792042,1873
7792581,1872
7793120,1872
7793660,1872
7794199,1872
7794738,1872
7795277,1871
7795816,1872
7796356,1872
7796896,1874
7797436,1872
7797975,1872
7798514,1872
7799053,1872
7799596,1872
7800136,1872
7800675,1872
7801215,1872
7801754,1873
7802293,1872
7802832,1872
7803371,1872
7803910,1871
7804450,1870
7804990,1872
7805530,1872
7806069,1872
7806612,1872
7807151,1872
7807690,1873
7808229,1872
7808768,1872
7809307,1872
7809847,1872
7810387,1871
7810926,1869
7811467,1873
7812007,1873
7812546,1870
7813085,1872
7813628,1874
7814167,1873
7814706,1872
7815245,1875
7815784,1872
7816323,1873
7816863,1872
7817402,1872
7817942,1872
7818482,1873
7819021,1872
7819560,1872
7820100,1872
7820639,1872
7821178,1873
7821717,1873
7822256,1872
7822795,1874
7823334,1872
7823873,1873
7824412,1873
7824951,1872
7825491,1872
7826030,1873
7826569,1871
7827109,1872
7827648,1872
7828188,1872
7828727,1872
7829266,1875
7829805,1872
7830346,1872
7830885,1872
7831424,1872
7831963,1872
7832503,1872
7833042,1872
7833583,1870
7834123,1870
7834662,1872
7835201,1870
7835741,1871
7836280,1869
7836819,1872
7837358,1873
7837897,1872
7838437,1872
7838976,1872
7839516,1872
7840055,1872
7840600,1874
7841139,1872
7841678,1872
7842219,1871
7842758,1872
7843298,1872
7843837,1872
7844376,1873
7844915,1872
7845457,1872
7845996,1872
7846536,1873
7847075,1871
7847619,1872
7848158,1872
7848697,1872
7849236,1872
7849776,1872
7850315,1873
7850854,1874
7851393,1872
7851933,1870
7852474,1872
7853014,1873
7853554,1873
7854097,1873
7854636,1875
7855175,1872
7855715,1872
7856254,1872
7856793,1872
7857333,1872
7857872,1872
7858411,1871
7858951,1871
7859490,1871
7860030,1873
7860569,1872
7861109,1872
7861648,1874
7862187,1875
7862726,1874
7863267,1872
7863806,1872
7864345,1872
7864885,1872
7865424,1872
7865963,1872
7866503,1872
7867042,1870
7867583,1872
7868123,1872
7868662,1872
7869201,1871
7869740,1872
7870279,1872
7870818,1871
7871357,1872
7871896,1872
7872436,1870
7872975,1872
7873515,1872
7874054,1878
7874598,1872
7875138,1872
7875677,1873
7876217,1872
7876756,1872
7877295,1872
7877835,1872
7878375,1872
7878914,1872
7879456,1872
7879995,1872
7880534,1872
7881073,1873
7881616,1873
7882155,1871
7882695,1869
7883234,1871
7883773,1872
7884314,1872
7884853,1871
7885393,1872
7885932,1872
7886472,1872
7887011,1873
7887550,1874
7888089,1872
7888634,1873
7889173,1872
7889713,1872
7890253,1872
7890792,1872
7891332,1872
7891871,1872
7892410,1872
7892949,1878
7893489,1872
7894028,1872
7894568,1874
7895108,1872
7895647,1872
7896187,1874
7896726,1871
7897266,1872
7897805,1874
7898346,1872
7898885,1873
7899424,1873
7899963,1872
7900503,1872
7901042,1872
7901581,1872
7902120,1872
7902659,1872
7903198,1873
7903737,1872
7904276,1872
7904815,1872
7905354,1874
7905893,1873
7906434,1872
7906973,1874
7907512,1873
7908051,1872
7908591,1872
7909131,1871
7909670,1876
7910209,1872
7910748,1872
7911287,1872
7911826,1872
7912365,1873
7912905,1872
7913445,1872
7913985,1872
7914525,1872
7915064,1872
7915608,1872
7916147,1872
7916687,1872
7917227,1872
7917766,1871
7918306,1872
7918845,1872
7919384,1874
7919923,1871
7920464,1872
7921003,1873
7921543,1873
7922082,1872
7922626,1872
7923165,1873
7923704,1869
7924244,1872
7924783,1872
7925323,1872
7925862,1872
7926401,1872
7926940,1872
7927482,1872
7928021,1872
7928562,1874
7929102,1872
7929641,1872
7930181,1872
7930720,1869
7931259,1872
7931798,1872
7932339,1874
7932878,1871
7933417,1872
7933956,1871
7934496,1872
7935035,1872
7935574,1873
7936113,1872
7936652,1872
7937191,1872
7937730,1872
7938269,1872
7938808,1872
7939347,1872
7939886,1872
7940425,1872
7940964,1871
7941503,1873
7942042,1872
7942582,1873
7943122,1872
7943661,1873
7944200,1874
7944740,1872
7945280,1871
7945819,1872
7946358,1872
7946898,1873
7947437,1872
7947976,1870
7948516,1873
7949055,1872
7949599,1872
7950138,1871
7950677,1871
7951216,1870
7951755,1872
7952294,1875
7952833,1872
7953373,1872
7953913,1872
7954456,1873
7954996,1875
7955536,1873
7956075,1872
7956618,1872
7957158,1872
7957697,1872
7958236,1872
7958775,1872
7959314,1875
7959853,1872
7960392,1869
7960932,1872
7961472,1871
7962011,1872
7962550,1872
7963089,1872
7963634,1871
7964173,1873
7964712,1872
7965253,1874
7965792,1872
7966331,1871
7966870,1872
7967410,1872
7967950,1872
7968490,1873
7969029,1872
7969568,1872
7970107,1871
7970646,1870
7971185,1872
7971724,1871
7972263,1871
7972802,1872
7973342,1872
7973882,1872
7974421,1872
7974960,1872
7975499,1872
7976038,1872
7976579,1876
7977118,1872
7977657,1872
7978196,1872
7978736,1872
7979275,1872
7979815,1873
7980355,1873
7980894,1872
7981434,1872
7981974,1872
7982513,1872
7983053,1870
7983593,1873
7984132,1872
7984671,1872
7985212,1874
7985751,1875
7986291,1872
7986830,1869
7987369,1872
7987908,1872
7988449,1871
7988988,1872
7989528,1872
7990068,1872
7990611,1874
7991151,1872
7991690,1872
7992229,1872
7992768,1872
7993308,1873
7993847,1873
7994388,1872
7994927,1871
7995468,1872
7996007,1872
7996546,1872
7997085,1869
7997629,1872
7998168,1873
7998708,1874
7999248,1872
7999787,1872
8000326,1872
8000865,1872
8001404,1871
8001943,1871
8002487,1872
8003027,1872
8003566,1872
8004105,1872
8004644,1872
8005184,1873
8005724,1872
8006263,1872
8006803,1873
8007342,1872
8007881,1872
8008420,1872
8008959,1872
8009498,1871
8010037,1872
8010576,1872
8011116,1872
8011655,1872
8012194,1871
8012733,1872
8013273,1872
8013812,1872
8014351,1872
8014891,1872
8015430,1873
8015969,1874
8016508,1872
8017048,1872
8017587,1872
8018128,1872
8018667,1872
8019207,1872
8019746,1872
8020286,1872
8020825,1872
8021365,1871
8021904,1872
8022444,1872
8022983,1872
8023523,1870
8024062,1871
8024606,1872
8025146,1874
8025685,1871
8026225,1871
8026764,1871
8027303,1872
8027843,1872
8028383,1872
8028922,1872
8029462,1872
8030001,1872
8030541,1870
8031081,1872
8031624,1872
8032164,1872
8032703,1872
8033243,1871
8033782,1872
8034321,1872
8034860,1872
8035399,1872
8035938,1872
8036478,1872
8037018,1872
8037557,1872
8038097,1873
8038636,1871
8039176,1872
8039715,1872
8040255,1872
8040794,1873
8041333,1872
8041872,1874
8042411,1870
8042950,1872
8043491,1872
8044030,1874
8044569,1872
8045109,1872
8045648,1872
8046187,1872
8046727,1872
8047267,1872
8047806,1871
8048346,1874
8048885,1872
8049424,1873
8049964,1873
8050503,1873
8051042,1873
8051581,1872
8052120,1872
8052660,1872
8053199,1875
8053739,1872
8054279,1872
8054818,1872
8055357,1872
8055896,1873
8056435,1872
8056974,1872
8057513,1872
8058052,1870
8058591,1873
8059131,1872
8059670,1872
8060210,1872
8060749,1872
8061289,1872
8061828,1873
8062368,1872
8062907,1872
8063448,1872
8063988,1872
8064527,1872
8065067,1874
8065610,1872
8066149,1874
8066689,1872
8067228,1873
8067768,1873
8068307,1872
8068846,1873
8069386,1872
8069925,1872
8070465,1872
8071004,1872
8071545,1872
8072084,1872
8072628,1873
8073167,1872
8073706,1872
8074247,1871
8074786,1872
8075326,1873
8075865,1874
8076404,1872
8076943,1875
8077488,1872
8078028,1870
8078568,1873
8079108,1874
8079647,1871
8080186,1872
8080726,1873
8081266,1871
8081805,1872
8082345,1872
8082884,1872
8083423,1872
8083962,1873
8084501,1872
8085041,1872
8085581,1873
8086120,1871
8086660,1872
8087199,1872
8087738,1873
8088279,1872
8088818,1874
8089357,1873
8089896,1872
8090435,1872
8090974,1871
8091513,1872
8092052,1872
8092593,1871
8093133,1873
8093672,1872
8094212,1872
8094751,1872
8095291,1872
8095830,1872
8096370,1870
8096909,1872
8097450,1872
8097989,1872
8098528,1871
8099067,1872
8099611,1872
8100151,1874
8100690,1872
8101230,1872
8101769,1867
8102308,1872
8102848,1872
8103388,1872
8103927,1871
8104468,1872
8105008,1873
8105547,1871
8106087,1872
8106630,1872
8107170,1872
8107709,1872
8108249,1871
8108788,1872
8109327,1872
8109866,1872
8110406,1872
8110945,1872
8111486,1872
8112027,1872
8112567,1873
8113107,1873
8113646,1872
8114185,1871
8114724,1871
8115265,1871
8115804,1872
8116343,1871
8116882,1874
8117421,1872
8117961,1872
8118500,1872
8119041,1872
8119580,1871
8120119,1872
8120658,1872
8121197,1872
8121736,1869
8122277,1872
8122816,1872
8123355,1873
8123894,1873
8124433,1871
8124973,1871
8125513,1872
8126053,1869
8126593,1872
8127132,1872
8127671,1873
8128212,1872
8128751,1875
8129291,1873
8129830,1872
8130369,1875
8130908,1872
8131449,1872
8131988,1872
8132528,1872
8133068,1871
8133611,1872
8134151,1872
8134690,1872
8135229,1872
8135768,1872
8136307,1872
8136846,1871
8137386,1868
8137925,1872
8138465,1872
8139004,1872
8139543,1873
8140082,1872
8140625,1872
8141164,1873
8141703,1872
8142242,1872
8142781,1872
8143320,1873
8143859,1873
8144399,1871
8144938,1871
8145478,1871
8146017,1872
8146557,1874
8147097,1872
8147636,1872
8148176,1872
8148715,1872
8149255,1873
8149794,1872
8150333,1872
8150872,1875
8151411,1872
8151950,1872
8152491,1872
8153030,1872
8153569,1873
8154109,1871
8154648,1872
8155187,1872
8155727,1872
8156267,1872
8156806,1873
8157345,1872
8157884,1873
8158423,1873
8158962,1872
8159501,1872
8160041,1869
8160580,1872
8161120,1872
8161660,1871
8162199,1872
8162739,1871
8163279,1872
8163818,1872
8164357,1871
8164897,1870
8165437,1873
8165976,1872
8166516,1871
8167055,1872
8167599,1871
8168138,1872
8168677,1871
8169217,1872
8169756,1871
8170295,1871
8170834,1872
8171374,1872
8171913,1873
8172456,1872
8172995,1872
8173535,1873
8174075,1874
8174618,1873
8175158,1872
8175697,1872
8176237,1872
8176776,1871
8177316,1873
8177855,1871
8178394,1872
8178933,1873
8179473,1873
8180014,1872
8180553,1871
8181097,1872
8181636,1873
8182175,1872
8182715,1875
8183255,1872
8183794,1871
8184333,1875
8184872,1872
8185411,1871
8185950,1875
8186489,1871
8187028,1872
8187568,1869
8188108,1874
8188647,1872
8189186,1872
8189725,1872
8190266,1872
8190805,1872
8191344,1873
8191883,1871
8192422,1872
8192961,1872
8193500,1872
8194040,1873
8194579,1872
8195119,1872
8195658,1870
8196197,1871
8196737,1872
8197277,1873
8197816,1872
8198356,1873
8198895,1872
8199434,1873
8199974,1872
8200514,1872
8201053,1874
8201596,1875
8202135,1872
8202675,1872
8203214,1872
8203754,1872
8204293,1872
8204832,1872
8205371,1872
8205910,1871
8206450,1871
8206989,1872
8207528,1872
8208068,1872
8208611,1872
8209151,1870
8209690,1872
8210230,1872
8210769,1873
8211308,1872
8211847,1872
8212388,1871
8212927,1872
8213468,1875
8214008,1872
8214547,1872
8215087,1871
8215630,1872
8216170,1872
8216709,1875
8217249,1872
8217788,1872
8218328,1871
8218867,1873
8219407,1874
8219946,1872
8220487,1872
8221027,1872
8221566,1872
8222106,1872
8222645,1872
8223185,1873
8223724,1872
8224263,1873
8224802,1872
8225342,1874
8225882,1873
8226422,1872
8226961,1872
8227500,1872
8228039,1872
8228579,1872
8229119,1872
8229659,1872
8230199,1872
8230738,1872
8231278,1872
8231817,1873
8232356,1872
8232895,1872
8233434,1872
8233974,1872
8234514,1872
8235053,1872
8235596,1873
8236137,1872
8236676,1872
8237216,1872
8237755,1872
8238294,1872
8238833,1873
8239374,1872
8239913,1871
8240456,1872
8240995,1873
8241534,1872
8242073,1872
8242617,1872
8243157,1872
8243696,1871
8244235,1872
8244774,1873
8245313,1872
8245852,1872
8246392,1873
8246931,1872
8247471,1871
8248010,1870
8248550,1872
8249089,1872
8249633,1872
8250173,1872
8250713,1872
8251253,1872
8251792,1872
8252332,1872
8252871,1873
8253410,1873
8253949,1872
8254490,1872
8255029,1871
8255568,1874
8256109,1872
8256648,1872
8257187,1872
8257726,1872
8258267,1873
8258806,1872
8259346,1873
8259885,1872
8260424,1872
8260963,1872
8261503,1872
8262042,1872
8262583,1872
8263123,1872
8263662,1872
8264201,1870
8264740,1873
8265279,1873
8265818,1872
8266357,1872
8266897,1872
8267437,1873
8267976,1872
8268515,1872
8269055,1872
8269598,1873
8270138,1872
8270677,1873
8271217,1872
8271756,1872
8272295,1872
8272834,1872
8273374,1872
8273913,1871
8274456,1874
8274995,1873
8275534,1873
8276075,1874
8276618,1873
8277158,1872
8277697,1873
8278238,1872
8278777,1872
8279316,1875
8279855,1872
8280394,1870
8280933,1873
8281474,1872
8282014,1872
8282553,1872
8283097,1872
8283636,1872
8284176,1872
8284715,1872
8285255,1872
8285794,1872
8286333,1872
8286872,1872
8287411,1873
8287951,1872
8288490,1873
8289029,1872
8289568,1872
8290107,1872
8290646,1872
8291185,1872
8291724,1873
8292263,1873
8292802,1872
8293341,1872
8293881,1875
8294421,1872
8294961,1872
8295501,1872
8296041,1872
8296580,1872
8297119,1869
8297659,1872
8298198,1872
8298737,1872
8299276,1873
8299816,1872
8300356,1872
8300895,1871
8301435,1872
8301974,1872
8302515,1872
8303055,1872
8303598,1872
8304138,1872
8304677,1872
8305217,1872
8305756,1872
8306296,1874
8306835,1872
8307374,1872
8307913,1872
8308456,1872
8308995,1872
8309534,1873
8310074,1872
8310617,1872
8311157,1872
8311696,1872
8312235,1872
8312775,1872
8313315,1872
8313854,1872
8314394,1872
8314933,1872
8315474,1872
8316014,1872
8316553,1874
8317096,1873
8317636,1872
8318176,1872
8318715,1873
8319255,1872
8319794,1872
8320333,1872
8320872,1872
8321411,1872
8321951,1872
8322490,1872
8323029,1873
8323569,1872
8324109,1872
8324648,1872
8325187,1872
8325727,1872
8326267,1872
8326806,1871
8327345,1872
8327885,1872
8328424,1874
8328964,1874
8329503,1872
8330042,1871
8330581,1872
8331120,1873
8331660,1872
8332199,1872
8332738,1872
8333279,1872
8333818,1872
8334357,1874
8334896,1872
8335435,1873
8335974,1872
8336514,1872
8337054,1874
8337597,1872
8338137,1872
8338676,1872
8339215,1872
8339754,1873
8340294,1872
8340833,1872
8341373,1872
8341913,1871
8342456,1872
8342996,1875
8343536,1871
8344076,1872
8344619,1873
8345158,1870
8345697,1872
8346238,1872
8346777,1873
8347316,1872
8347855,1875
8348394,1872
8348933,1872
8349473,1871
8350014,1872
8350553,1873
8351097,1872
8351636,1871
8352175,1874
8352715,1872
8353254,1873
8353794,1872
8354334,1872
8354873,1872
8355412,1872
8355952,1872
8356491,1872
8357030,1872
8357570,1871
8358110,1872
8358649,1875
8359189,1872
8359728,1872
8360267,1873
8360806,1872
8361347,1874
8361886,1873
8362426,1873
8362965,1873
8363505,1872
8364044,1871
8364584,1874
8365123,1872
8365663,1871
8366203,1872
8366742,1874
8367282,1872
8367821,1872
8368361,1872
8368900,1873
8369440,1874
8369980,1872
8370519,1872
8371058,1873
8371601,1871
8372140,1872
8372680,1872
8373220,1872
8373759,1872
8374298,1872
8374837,1871
8375376,1872
8375915,1871
8376456,1872
8376995,1872
8377534,1872
8378073,1871
8378616,1872
8379157,1872
8379696,1872
8380235,1870
8380774,1871
8381314,1872
8381853,1872
8382392,1872
8382932,1872
8383471,1872
8384011,1872
8384551,1872
8385090,1872
8385633,1873
8386173,1872
8386712,1872
8387251,1872
8387791,1871
8388331,1873
8388870,1872
8389410,1872
8389949,1872
8390490,1872
8391029,1872
8391568,1872
8392108,1871
8392647,1873
8393187,1872
8393727,1872
8394267,1872
8394806,1872
8395346,1872
8395886,1870
8396426,1872
8396965,1872
8397505,1872
8398044,1872
8398583,1873
8399123,1875
8399662,1872
8400202,1871
8400741,1870
8401281,1874
8401820,1873
8402360,1872
8402899,1872
8403438,1871
8403977,1872
8404517,1873
8405056,1872
8405600,1872
8406139,1873
8406679,1872
8407219,1872
8407758,1872
8408298,1871
8408837,1872
8409377,1873
8409916,1872
8410457,1874
8410996,1872
8411536,1872
8412075,1869
8412619,1871
8413159,1872
8413698,1872
8414237,1872
8414777,1872
8415316,1872
8415856,1872
8416395,1872
8416935,1872
8417475,1869
8418014,1871
8418554,1872
8419097,1872
8419636,1875
8420175,1872
8420714,1872
8421253,1872
8421792,1872
8422332,1871
8422871,1873
8423411,1872
8423951,1872
8424490,1872
8425029,1872
8425569,1872
8426109,1872
8426648,1872
8427187,1872
8427726,1872
8428266,1872
8428806,1872
8429346,1872
8429885,1872
8430424,1873
8430963,1872
8431503,1872
8432042,1873
8432583,1873
8433123,1870
8433662,1872
8434201,1872
8434740,1873
8435279,1872
8435818,1872
8436357,1872
8436896,1872
8437435,1872
8437974,1872
8438513,1873
8439052,1871
8439591,1873
8440131,1871
8440670,1872
8441209,1872
8441748,1871
8442287,1873
8442826,1870
8443366,1872
8443905,1872
8444446,1872
8444985,1872
8445524,1870
8446063,1872
8446607,1872
8447146,1872
8447686,1872
8448226,1870
8448765,1872
8449304,1872
8449844,1871
8450383,1873
8450923,1870
8451462,1872
8452001,1872
8452541,1872
8453080,1872
8453624,1872
8454164,1873
8454703,1872
8455242,1873
8455782,1872
8456321,1873
8456861,1870
8457400,1872
8457940,1873
8458481,1872
8459020,1872
8459559,1872
8460098,1872
8460637,1868
8461176,1872
8461716,1872
8462255,1871
8462795,1872
8463334,1873
8463873,1872
8464412,1872
8464951,1870
8465490,1872
8466029,1872
8466568,1872
8467108,1871
8467648,1871
8468187,1872
8468727,1870
8469266,1872
8469805,1872
8470344,1871
8470884,1873
8471423,1871
8471962,1871
8472501,1872
8473040,1871
8473579,1870
8474118,1872
8474657,1873
8475198,1872
8475737,1872
8476276,1872
8476816,1872
8477355,1873
8477894,1872
8478433,1873
8478972,1872
8479511,1873
8480051,1872
8480591,1872
8481131,1872
8481670,1872
8482209,1872
8482748,1872
8483288,1872
8483828,1872
8484368,1872
8484907,1872
8485448,1873
8485987,1873
8486528,1872
8487068,1875
8487611,1875
8488151,1872
8488690,1872
8489229,1873
8489768,1871
8490308,1872
8490847,1872
8491388,1871
8491927,1871
8492468,1872
8493007,1872
8493547,1874
8494087,1872
8494630,1872
8495170,1872
8495709,1872
8496249,1872
8496788,1872
8497327,1871
8497866,1872
8498405,1874
8498944,1872
8499487,1871
8500026,1872
8500566,1874
8501105,1872
8501645,1872
8502184,1872
8502724,1872
8503264,1873
8503803,1872
8504343,1872
8504882,1870
8505422,1872
8505961,1872
8506501,1872
8507040,1872
8507579,1871
8508118,1873
8508657,1872
8509196,1872
8509735,1873
8510275,1872
8510815,1870
8511354,1872
8511893,1872
8512433,1871
8512972,1872
8513512,1872
8514052,1872
8514592,1872
8515132,1872
8515671,1872
8516211,1872
8516750,1872
8517289,1872
8517828,1872
8518367,1874
8518906,1872
8519447,1872
8519987,1873
8520526,1872
8521065,1873
8521609,1873
8522149,1874
8522688,1874
8523228,1872
8523767,1872
8524306,1872
8524845,1872
8525384,1872
8525923,1872
8526464,1872
8527003,1873
8527543,1872
8528082,1872
8528626,1873
8529165,1872
8529704,1874
8530244,1871
8530783,1872
8531323,1872
8531862,1872
8532401,1872
8532940,1873
8533482,1871
8534021,1872
8534561,1872
8535100,1874
8535640,1872
8536180,1873
8536719,1873
8537259,1871
8537798,1872
8538338,1872
8538877,1872
8539416,1872
8539956,1872
8540496,1872
8541035,1872
8541574,1872
8542113,1871
8542652,1868
8543191,1872
8543730,1871
8544269,1872
8544809,1872
8545349,1872
8545888,1872
8546427,1872
8546966,1872
8547505,1872
8548044,1872
8548583,1872
8549123,1873
8549662,1872
8550201,1872
8550740,1872
8551279,1872
8551818,1872
8552358,1872
8552898,1873
8553438,1874
8553977,1871
8554517,1872
8555056,1872
8555600,1872
8556139,1872
8556678,1872
8557217,1872
8557757,1872
8558297,1872
8558836,1872
8559375,1873
8559915,1873
8560456,1872
8560995,1872
8561535,1873
8562075,1874
8562618,1872
8563157,1871
8563696,1871
8564235,1871
8564775,1872
8565315,1872
8565854,1872
8566394,1870
8566933,1871
8567473,1872
8568013,1872
8568552,1872
8569091,1873
8569634,1872
8570174,1873
8570713,1872
8571252,1871
8571791,1872
8572330,1872
8572869,1872
8573409,1872
8573949,1873
8574488,1872
8575028,1872
8575567,1873
8576106,1872
8576646,1872
8577186,1872
8577725,1872
8578265,1873
8578804,1874
8579343,1871
8579882,1872
8580421,1872
8580960,1872
8581499,1871
8582038,1872
8582579,1872
8583118,1872
8583657,1867
8584196,1873
8584736,1872
8585275,1872
8585814,1872
8586354,1872
8586893,1872
8587434,1873
8587973,1872
8588512,1872
8589051,1872
8589591,1870
8590131,1872
8590670,1872
8591210,1875
8591749,1872
8592289,1872
8592828,1870
8593367,1873
8593906,1872
8594447,1872
8594987,1872
8595526,1872
8596065,1871
8596609,1872
8597149,1872
8597688,1872
8598228,1872
8598767,1872
8599307,1872
8599846,1870
8600386,1872
8600925,1872
8601465,1872
8602005,1871
8602545,1874
8603084,1870
8603628,1872
8604167,1872
8604707,1874
8605246,1872
8605785,1873
8606325,1870
8606864,1872
8607403,1872
8607943,1872
8608483,1871
8609022,1872
8609561,1871
8610100,1872
8610640,1873
8611180,1872
8611719,1873
8612259,1873
8612798,1872
8613337,1872
8613876,1872
8614416,1872
8614955,1872
8615495,1872
8616034,1872
8616573,1872
8617112,1872
8617651,1872
8618190,1872
8618730,1872
8619270,1872
8619809,1872
8620348,1872
8620887,1871
8621426,1872
8621965,1872
8622504,1872
8623043,1872
8623582,1872
8624123,1872
8624662,1872
8625202,1873
8625741,1872
8626280,1873
8626819,1872
8627359,1872
8627898,1872
8628437,1872
8628976,1872
8629515,1872
8630054,1873
8630598,1871
8631137,1872
8631676,1872
8632216,1873
8632755,1872
8633295,1872
8633834,1869
8634374,1874
8634913,1871
8635456,1872
8635995,1869
8636535,1872
8637074,1872
8637618,1872
8638158,1872
8638697,1872
8639236,1872
8639775,1872
8640315,1874
8640855,1872
8641395,1870
8641934,1872
8642474,1870
8643014,1872
8643553,1872
8644097,1872
8644636,1872
8645175,1869
8645715,1872
8646254,1872
8646794,1873
8647333,1873
8647872,1873
8648411,1872
8648950,1871
8649489,1872
8650028,1871
8650567,1872
8651106,1872
8651646,1875
8652186,1872
8652725,1872
8653265,1872
8653804,1872
8654343,1872
8654882,1873
8655421,1872
8655961,1872
8656501,1873
8657040,1871
8657579,1872
8658119,1873
8658658,1872
8659197,1872
8659737,1872
8660277,1872
8660816,1874
8661356,1872
8661895,1872
8662434,1872
8662974,1872
8663514,1872
8664053,1872
8664597,1873
8665136,1872
8665675,1872
8666214,1871
8666754,1872
8667294,1872
8667833,1873
8668372,1871
8668911,1873
8669451,1872
8669990,1872
8670529,1872
8671068,1872
8671611,1872
8672152,1873
8672691,1871
8673231,1876
8673770,1872
8674309,1871
8674848,1871
8675387,1872
8675926,1872
8676466,1872
8677006,1874
8677545,1872
8678084,1872
8678628,1873
8679168,1872
8679707,1871
8680246,1872
8680785,1873
8681325,1872
8681864,1872
8682404,1873
8682944,1872
8683487,1872
8684027,1872
8684567,1872
8685106,1871
8685646,1872
8686186,1872
8686725,1874
8687266,1873
8687805,1872
8688344,1872
8688883,1872
8689422,1873
8689962,1872
8690502,1872
8691041,1872
8691580,1873
8692119,1872
8692659,1872
8693199,1872
8693738,1871
8694277,1873
8694816,1872
8695356,1871
8695896,1872
8696435,1872
8696974,1872
8697513,1872
8698052,1872
8698591,1872
8699131,1872
8699670,1873
8700209,1871
8700748,1872
8701287,1872
8701827,1872
8702367,1872
8702906,1872
8703446,1872
8703985,1873
8704525,1870
8705064,1872
8705608,1873
8706147,1869
8706687,1872
8707227,1873
8707766,1872
8708306,1872
8708845,1872
8709385,1872
8709924,1870
8710464,1872
8711003,1872
8711543,1872
8712082,1872
8712626,1872
8713165,1872
8713704,1873
8714244,1872
8714783,1872
8715323,1873
8715862,1872
8716401,1872
8716940,1872
8717481,1872
8718021,1872
8718560,1872
8719100,1871
8719639,1872
8720178,1872
8720717,1872
8721257,1872
8721796,1872
8722335,1871
8722875,1872
8723415,1872
8723954,1872
8724494,1872
8725033,1872
8725573,1872
8726112,1870
8726651,1876
8727190,1872
8727730,1872
8728270,1872
8728809,1870
8729348,1872
8729887,1872
8730428,1872
8730967,1872
8731507,1872
8732047,1873
8732586,1873
8733126,1873
8733665,1871
8734204,1872
8734743,1872
8735282,1872
8735821,1869
8736360,1872
8736899,1872
8737438,1867
8737977,1874
8738517,1872
8739056,1872
8739599,1871
8740139,1873
8740678,1873
8741219,1872
8741758,1871
8742297,1872
8742837,1871
8743376,1872
8743916,1872
8744457,1872
8744996,1872
8745535,1872
8746074,1872
8746617,1871
8747156,1872
8747695,1872
8748234,1872
8748774,1871
8749313,1872
8749852,1872
8750392,1872
8750931,1872
8751471,1872
8752010,1871
8752550,1870
8753089,1872
8753633,1872
8754173,1874
8754712,1871
8755252,1872
8755791,1872
8756330,1872
8756870,1873
8757410,1872
8757950,1872
8758490,1872
8759029,1872
8759568,1872
8760108,1871
8760647,1871
8761187,1872
8761726,1872
8762265,1872
8762804,1872
8763343,1872
8763882,1872
8764421,1873
8764961,1872
8765500,1872
8766039,1875
8766578,1872
8767117,1874
8767656,1872
8768195,1872
8768734,1875
8769273,1873
8769812,1872
8770352,1872
8770891,1872
8771431,1872
8771970,1869
8772510,1872
8773049,1872
8773588,1871
8774127,1870
8774666,1872
8775205,1872
8775744,1872
8776284,1872
8776823,1873
8777363,1870
8777902,1872
8778442,1872
8778981,1872
8779520,1870
8780059,1872
8780603,1872
8781143,1872
8781682,1872
8782222,1872
8782761,1870
8783300,1872
8783840,1872
8784380,1872
8784919,1871
8785460,1872
8785999,1872
8786538,1872
8787078,1871
8787621,1870
8788160,1872
8788699,1874
8789239,1872
8789778,1873
8790317,1872
8790856,1872
8791395,1873
8791934,1872
8792474,1873
8793014,1872
8793553,1871
8794097,1873
8794636,1871
8795176,1872
8795715,1872
8796254,1872
8796793,1872
8797334,1872
8797873,1872
8798413,1872
8798952,1872
8799491,1872
8800030,1872
8800570,1872
8801110,1871
8801649,1872
8802189,1872
8802728,1873
8803267,1872
8803807,1871
8804347,1871
8804886,1872
8805426,1872
8805965,1871
8806505,1873
8807044,1872
8807583,1872
8808123,1873
8808662,1872
8809202,1874
8809741,1872
8810280,1872
8810819,1872
8811360,1872
8811899,1872
8812438,1872
8812977,1875
8813516,1872
8814055,1871
8814599,1872
8815139,1872
8815678,1872
8816218,1872
8816757,1872
8817296,1872
8817835,1872
8818374,1872
8818913,1869
8819456,1872
8819995,1871
8820535,1872
8821075,1872
8821618,1872
8822158,1872
8822697,1873
8823236,1872
8823775,1872
8824314,1872
8824853,1872
8825393,1872
8825933,1872
8826473,1872
8827013,1872
8827552,1871
8828097,1872
8828636,1873
8829176,1874
8829715,1871
8830254,1874
8830793,1866
8831334,1872
8831873,1870
8832413,1871
8832952,1872
8833491,1872
8834030,1872
8834570,1872
8835109,1872
8835649,1872
8836189,1872
8836728,1872
8837267,1872
8837807,1872
8838347,1872
8838886,1872
8839425,1872
8839964,1872
8840504,1873
# end
