# sketch,characterise_v2loop
# mode_number,3
# mode_name,3_freerun_ts_before_v2_arithmetic
# label,D_b1
# ---- CHECK THE THREE LINES ABOVE BEFORE YOU KEEP THIS CAPTURE ----
# waiting 600 s for thermal settle - press any key to skip
# warm 0 s
# measuring bias (Feather 2 DC midpoint), as V2 does
# bias_volts,1.508974
# ----------------------------------------------------------
# n,16384
# fs_hz_window,1815.6872
# span_s,9.023030
# dt_mean_us,550.7221
# dt_sd_us,1.2071
# dt_min_us,549
# dt_max_us,560
# fs_hz_from_mean,1815.7979
# mean_code,1872.1509
# sd_code,0.9215
# min_code,1866
# max_code,1879
# mean_volts,1.508693
# sd_millivolts,0.7426
# adc,12bit_default_11dB_attenuation
# conv,linear_3.3_over_4095
# crossings_pos,2648
# crossings_neg,2648
# sink,2410801546
# ----------------------------------------------------------
t_us,code
1,1872
559,1873
1119,1874
1669,1872
2224,1872
2775,1872
3329,1872
3879,1873
4430,1872
4981,1873
5532,1872
6083,1872
6633,1872
7184,1872
7734,1872
8285,1872
8834,1872
9384,1873
9935,1872
10486,1872
11036,1872
11586,1872
12136,1872
12687,1872
13237,1872
13786,1873
14342,1872
14892,1872
15442,1871
15993,1872
16543,1873
17095,1873
17645,1872
18196,1873
18747,1874
19298,1872
19848,1872
20398,1872
20949,1872
21499,1871
22049,1872
22599,1872
23150,1872
23700,1874
24251,1873
24804,1871
25356,1873
25907,1872
26457,1872
27007,1872
27557,1872
28108,1871
28658,1873
29209,1872
29759,1872
30313,1873
30865,1873
31415,1872
31967,1873
32518,1872
33069,1874
33620,1872
34171,1872
34721,1872
35272,1873
35823,1872
36374,1872
36925,1872
37475,1872
38024,1872
38574,1872
39124,1873
39675,1872
40226,1872
40777,1872
41331,1872
41881,1873
42432,1871
42983,1871
43533,1872
44083,1872
44633,1870
45184,1870
45735,1871
46284,1872
46835,1872
47385,1873
47937,1872
48488,1876
49038,1872
49590,1872
50139,1872
50689,1872
51240,1872
51790,1873
52345,1874
52895,1873
53445,1872
53996,1872
54546,1872
55096,1873
55647,1872
56202,1872
56751,1873
57306,1872
57858,1871
58408,1872
58959,1873
59510,1872
60061,1871
60611,1873
61162,1872
61712,1872
62262,1874
62813,1872
63364,1874
63915,1872
64466,1875
65017,1873
65567,1874
66118,1872
66668,1872
67218,1872
67769,1873
68324,1872
68874,1872
69424,1872
69974,1872
70524,1872
71075,1873
71626,1872
72176,1872
72726,1872
73277,1872
73828,1871
74378,1872
74928,1873
75479,1872
76030,1872
76580,1872
77131,1872
77682,1873
78233,1872
78784,1872
79338,1872
79888,1872
80439,1872
80988,1872
81538,1872
82089,1872
82639,1872
83191,1872
83741,1875
84292,1872
84843,1872
85393,1872
85944,1872
86494,1872
87043,1872
87593,1871
88144,1872
88694,1874
89245,1873
89795,1872
90349,1872
90900,1872
91450,1872
92001,1872
92551,1873
93102,1872
93653,1872
94205,1873
94756,1877
95310,1874
95859,1875
96409,1873
96960,1872
97510,1872
98061,1873
98611,1872
99166,1873
99718,1872
100268,1874
100820,1872
101371,1873
101921,1872
102472,1871
103023,1872
103573,1873
104124,1873
104674,1872
105225,1872
105775,1872
106329,1871
106879,1872
107429,1872
107980,1872
108530,1873
109081,1873
109631,1871
110183,1872
110732,1873
111283,1872
111833,1872
112383,1871
112934,1872
113484,1871
114035,1873
114586,1872
115136,1871
115686,1872
116237,1872
116787,1872
117343,1872
117894,1870
118444,1872
118994,1874
119545,1872
120095,1872
120645,1873
121197,1873
121746,1872
122297,1873
122848,1873
123398,1873
123948,1872
124499,1871
125049,1874
125600,1873
126151,1874
126702,1872
127252,1872
127805,1875
128355,1870
128906,1872
129456,1872
130007,1873
130557,1872
131108,1872
131658,1872
132208,1873
132760,1874
133314,1872
133866,1872
134416,1874
134967,1872
135517,1872
136068,1872
136618,1872
137169,1872
137718,1872
138268,1872
138819,1872
139369,1872
139920,1875
140470,1872
141021,1873
141572,1872
142123,1872
142673,1874
143225,1871
143776,1872
144330,1876
144880,1872
145431,1872
145981,1873
146532,1873
147083,1873
147633,1872
148185,1872
148736,1872
149286,1874
149837,1871
150387,1872
150938,1871
151488,1872
152038,1873
152589,1872
153140,1872
153690,1872
154241,1872
154791,1872
155345,1873
155895,1872
156447,1873
156997,1872
157548,1872
158098,1872
158648,1873
159201,1875
159752,1873
160306,1872
160858,1872
161408,1873
161958,1873
162509,1872
163059,1873
163610,1872
164161,1872
164711,1872
165261,1873
165813,1875
166363,1872
166914,1874
167465,1873
168016,1872
168566,1872
169116,1872
169667,1872
170217,1872
170767,1873
171322,1875
171872,1872
172423,1872
172974,1872
173524,1872
174074,1872
174624,1872
175175,1872
175725,1872
176275,1872
176826,1872
177376,1872
177927,1874
178477,1872
179029,1872
179579,1872
180128,1872
180678,1872
181228,1872
181779,1872
182333,1872
182884,1874
183435,1873
183985,1872
184535,1873
185085,1872
185636,1872
186187,1872
186737,1875
187288,1874
187838,1872
188389,1872
188940,1873
189491,1872
190041,1874
190592,1872
191144,1872
191694,1873
192245,1872
192796,1874
193350,1872
193901,1872
194451,1872
195002,1873
195552,1872
196103,1873
196654,1872
197205,1872
197756,1872
198310,1872
198860,1875
199410,1871
199962,1873
200513,1874
201063,1874
201614,1870
202167,1872
202717,1874
203268,1872
203819,1872
204369,1871
204920,1872
205470,1873
206020,1872
206571,1874
207123,1874
207673,1875
208223,1872
208775,1872
209329,1872
209880,1873
210431,1872
210981,1872
211531,1873
212082,1873
212632,1872
213184,1872
213735,1874
214286,1876
214837,1873
215387,1872
215938,1872
216488,1873
217039,1872
217590,1872
218141,1872
218690,1872
219240,1872
219790,1872
220344,1872
220893,1872
221443,1872
221994,1872
222544,1872
223095,1872
223645,1873
224197,1874
224747,1872
225299,1871
225848,1873
226399,1873
226949,1873
227499,1872
228050,1872
228600,1872
229151,1872
229702,1873
230253,1872
230805,1872
231355,1872
231906,1872
232456,1873
233007,1872
233557,1873
234108,1872
234659,1872
235209,1873
235759,1872
236314,1872
236865,1872
237415,1872
237966,1873
238516,1871
239068,1872
239618,1871
240169,1872
240719,1872
241269,1872
241819,1872
242369,1873
242920,1872
243471,1873
244022,1872
244574,1872
245124,1874
245675,1871
246225,1872
246776,1871
247330,1872
247881,1876
248432,1873
248982,1872
249532,1871
250083,1872
250633,1871
251184,1872
251734,1873
252285,1876
252835,1872
253386,1872
253936,1869
254486,1871
255036,1872
255586,1872
256137,1872
256688,1872
257238,1872
257788,1872
258344,1872
258894,1872
259444,1872
259994,1872
260544,1872
261095,1873
261646,1872
262198,1872
262749,1875
263300,1872
263851,1872
264401,1872
264950,1874
265501,1872
266053,1872
266603,1872
267153,1872
267703,1872
268253,1872
268805,1872
269355,1870
269905,1872
270455,1872
271006,1872
271555,1872
272105,1875
272656,1872
273208,1872
273757,1871
274311,1872
274861,1872
275412,1873
275962,1872
276513,1872
277063,1873
277614,1873
278167,1872
278718,1872
279268,1872
279819,1872
280369,1872
280919,1872
281469,1872
282020,1873
282571,1872
283122,1872
283672,1872
284222,1872
284772,1871
285326,1873
285878,1872
286429,1872
286980,1872
287530,1872
288080,1873
288631,1871
289182,1872
289731,1872
290281,1873
290832,1872
291383,1872
291934,1873
292484,1872
293035,1872
293585,1870
294136,1872
294686,1872
295237,1872
295788,1868
296342,1872
296892,1873
297443,1872
297995,1873
298546,1872
299097,1872
299647,1873
300202,1871
300753,1872
301308,1872
301858,1872
302408,1872
302959,1872
303509,1872
304060,1872
304609,1872
305160,1872
305710,1873
306262,1873
306811,1871
307362,1872
307913,1872
308463,1872
309012,1873
309563,1876
310114,1872
310665,1872
311215,1872
311765,1872
312319,1872
312869,1872
313419,1872
313969,1872
314519,1872
315069,1872
315619,1871
316171,1872
316720,1871
317270,1873
317820,1874
318370,1872
318922,1872
319472,1874
320023,1874
320573,1872
321124,1873
321676,1872
322226,1872
322777,1872
323331,1871
323881,1872
324431,1872
324982,1872
325532,1872
326083,1872
326633,1873
327185,1872
327736,1872
328287,1871
328838,1873
329389,1872
329939,1872
330489,1873
331040,1872
331591,1874
332142,1876
332693,1872
333244,1872
333793,1872
334348,1872
334897,1872
335447,1872
335998,1870
336548,1874
337098,1872
337649,1872
338202,1874
338752,1873
339307,1872
339859,1872
340409,1872
340960,1872
341510,1872
342061,1872
342611,1872
343165,1872
343716,1872
344267,1871
344818,1873
345369,1874
345919,1872
346469,1869
347020,1873
347571,1873
348121,1871
348671,1874
349222,1872
349774,1872
350328,1875
350879,1872
351430,1872
351981,1871
352531,1872
353082,1873
353632,1872
354184,1875
354735,1872
355286,1872
355837,1872
356386,1873
356937,1872
357488,1871
358038,1872
358588,1872
359138,1872
359689,1872
360239,1871
360788,1872
361344,1870
361893,1872
362443,1872
362993,1873
363544,1871
364095,1872
364645,1871
365197,1871
365746,1872
366297,1872
366847,1872
367397,1875
367948,1873
368498,1872
369049,1872
369599,1872
370150,1872
370701,1873
371251,1873
371804,1872
372356,1872
372906,1873
373456,1872
374007,1875
374558,1873
375108,1872
375659,1872
376210,1872
376760,1872
377315,1870
377865,1872
378415,1872
378966,1872
379516,1872
380067,1872
380617,1872
381168,1872
381718,1874
382269,1873
382818,1872
383369,1872
383920,1872
384470,1871
385021,1872
385571,1872
386122,1872
386671,1872
387221,1871
387771,1872
388325,1872
388875,1872
389425,1872
389975,1872
390525,1873
391076,1872
391628,1872
392179,1872
392729,1872
393280,1872
393831,1872
394381,1872
394930,1872
395480,1872
396030,1872
396580,1873
397131,1872
397682,1872
398233,1872
398784,1872
399338,1872
399888,1872
400439,1872
400989,1872
401539,1872
402090,1873
402641,1874
403192,1872
403742,1872
404292,1872
404843,1875
405394,1873
405943,1872
406494,1872
407044,1872
407594,1873
408146,1872
408696,1872
409246,1872
409796,1872
410350,1873
410901,1872
411452,1872
412002,1873
412553,1872
413104,1873
413655,1872
414207,1872
414756,1872
415310,1874
415861,1874
416411,1872
416962,1871
417512,1872
418062,1873
418613,1872
419168,1872
419717,1872
420267,1875
420819,1872
421369,1874
421919,1872
422470,1873
423021,1871
423572,1872
424123,1872
424674,1872
425224,1869
425775,1872
426329,1874
426880,1874
427430,1872
427981,1872
428531,1875
429082,1870
429633,1872
430184,1872
430735,1872
431285,1872
431834,1872
432384,1872
432935,1872
433485,1874
434036,1872
434587,1872
435137,1872
435688,1873
436239,1872
436790,1871
437344,1872
437894,1872
438444,1871
438995,1872
439545,1871
440095,1872
440645,1872
441197,1872
441746,1871
442297,1873
442847,1872
443398,1872
443948,1872
444498,1873
445049,1872
445600,1872
446150,1872
446701,1876
447252,1872
447805,1872
448355,1872
448905,1872
449455,1873
450006,1872
450556,1872
451107,1873
451658,1873
452208,1877
452757,1872
453312,1873
453864,1871
454414,1872
454965,1872
455515,1872
456064,1872
456614,1872
457167,1872
457717,1872
458267,1873
458818,1872
459369,1872
459920,1872
460470,1871
461020,1872
461570,1873
462121,1872
462672,1872
463222,1872
463772,1872
464326,1872
464876,1872
465426,1873
465978,1872
466528,1873
467078,1871
467629,1872
468180,1872
468730,1872
469281,1872
469832,1872
470382,1874
470933,1872
471484,1872
472035,1872
472585,1872
473135,1872
473685,1872
474235,1871
474786,1871
475340,1872
475891,1872
476440,1872
476990,1871
477540,1872
478090,1872
478640,1872
479192,1873
479742,1872
480293,1872
480844,1872
481394,1872
481943,1872
482493,1871
483043,1874
483594,1872
484145,1872
484695,1872
485245,1877
485796,1872
486350,1872
486901,1872
487451,1874
488002,1872
488553,1872
489103,1872
489653,1872
490205,1872
490756,1872
491310,1872
491860,1872
492410,1872
492961,1872
493511,1871
494061,1871
494611,1872
495165,1875
495716,1874
496267,1874
496817,1872
497369,1874
497919,1873
498469,1872
499021,1872
499571,1872
500122,1872
500673,1872
501223,1869
501772,1872
502326,1873
502878,1872
503429,1873
503980,1872
504530,1872
505081,1872
505631,1872
506181,1872
506732,1872
507283,1872
507833,1872
508383,1872
508934,1872
509484,1872
510035,1872
510585,1869
511136,1871
511686,1871
512237,1871
512786,1874
513341,1872
513893,1872
514443,1872
514993,1872
515544,1872
516094,1872
516644,1872
517196,1870
517746,1872
518296,1873
518847,1873
519397,1873
519947,1872
520498,1873
521049,1870
521600,1874
522151,1873
522702,1872
523253,1873
523805,1872
524355,1871
524906,1873
525456,1872
526008,1872
526558,1873
527109,1872
527660,1870
528211,1872
528761,1872
529316,1872
529865,1872
530415,1872
530966,1872
531516,1872
532067,1871
532617,1872
533169,1872
533720,1871
534271,1874
534821,1872
535372,1873
535923,1873
536473,1872
537024,1871
537574,1872
538125,1872
538676,1873
539226,1873
539776,1872
540332,1872
540881,1871
541431,1873
541982,1871
542533,1872
543083,1871
543633,1871
544185,1870
544736,1872
545286,1872
545835,1873
546386,1872
546938,1872
547488,1873
548038,1872
548589,1873
549140,1872
549691,1872
550242,1872
550792,1873
551347,1872
551897,1872
552447,1872
552998,1873
553549,1872
554099,1872
554649,1873
555201,1872
555752,1872
556307,1873
556857,1873
557407,1872
557959,1872
558509,1872
559060,1873
559610,1872
560162,1872
560711,1872
561261,1871
561812,1872
562362,1873
562913,1873
563463,1872
564015,1872
564565,1872
565116,1872
565666,1871
566216,1874
566768,1874
567322,1872
567873,1874
568424,1873
568975,1872
569525,1873
570076,1872
570626,1872
571178,1873
571729,1872
572280,1872
572830,1872
573381,1872
573930,1872
574480,1872
575030,1872
575580,1875
576131,1872
576682,1871
577232,1872
577783,1873
578338,1873
578888,1872
579439,1872
579989,1872
580539,1871
581089,1872
581639,1872
582190,1872
582739,1872
583289,1874
583841,1872
584391,1873
584941,1872
585492,1874
586043,1872
586594,1872
587144,1872
587694,1871
588245,1872
588796,1874
589349,1872
589900,1872
590450,1873
591001,1872
591552,1874
592103,1872
592655,1872
593205,1871
593756,1872
594310,1871
594859,1872
595409,1874
595960,1872
596511,1872
597062,1872
597612,1872
598165,1872
598716,1873
599266,1872
599818,1872
600368,1872
600919,1872
601469,1872
602019,1873
602570,1872
603122,1872
603673,1873
604223,1872
604774,1872
605328,1872
605879,1874
606429,1873
606979,1872
607531,1872
608081,1872
608631,1872
609182,1872
609731,1872
610281,1874
610832,1872
611383,1872
611934,1869
612484,1872
613034,1871
613584,1872
614135,1873
614685,1873
615235,1872
615786,1872
616341,1872
616890,1870
617440,1870
617991,1872
618540,1872
619090,1872
619640,1872
620191,1871
620742,1872
621293,1872
621844,1874
622395,1872
622946,1873
623496,1873
624046,1872
624597,1872
625148,1872
625697,1872
626247,1872
626797,1870
627352,1872
627901,1872
628451,1872
629002,1872
629552,1872
630103,1872
630653,1872
631205,1873
631756,1872
632310,1873
632861,1873
633411,1872
633962,1872
634512,1873
635063,1873
635613,1871
636168,1872
636717,1872
637267,1873
637819,1872
638369,1872
638920,1871
639470,1872
640021,1867
640571,1872
641121,1872
641671,1872
642222,1872
642771,1871
643325,1872
643875,1872
644425,1872
644975,1872
645525,1872
646075,1872
646625,1871
647176,1872
647725,1872
648275,1871
648826,1872
649376,1871
649926,1871
650476,1872
651027,1871
651577,1872
652127,1872
652676,1871
653226,1872
653777,1872
654331,1872
654881,1872
655431,1872
655982,1872
656532,1871
657083,1872
657633,1872
658184,1872
658733,1871
659283,1872
659834,1870
660384,1873
660934,1875
661484,1873
662034,1875
662584,1872
663136,1872
663686,1872
664237,1871
664786,1872
665340,1872
665890,1872
666440,1872
666991,1873
667542,1872
668092,1873
668643,1872
669196,1872
669746,1872
670297,1872
670847,1871
671397,1872
671947,1872
672497,1873
673049,1874
673599,1874
674150,1873
674700,1872
675252,1874
675805,1872
676355,1872
676906,1871
677456,1873
678008,1872
678558,1872
679108,1872
679659,1872
680209,1872
680758,1872
681312,1872
681862,1872
682412,1874
682964,1872
683515,1872
684064,1874
684615,1872
685169,1872
685718,1872
686268,1872
686819,1871
687369,1872
687920,1872
688470,1872
689020,1872
689570,1872
690121,1872
690670,1872
691220,1873
691771,1873
692325,1873
692875,1872
693427,1872
693977,1872
694527,1871
695078,1872
695628,1871
696179,1871
696729,1872
697280,1872
697831,1872
698381,1873
698932,1870
699484,1875
700035,1873
700585,1872
701135,1872
701685,1872
702235,1874
702786,1872
703341,1871
703892,1872
704442,1873
704993,1872
705545,1872
706095,1872
706645,1873
707196,1872
707747,1871
708298,1871
708849,1874
709400,1872
709950,1872
710500,1872
711050,1872
711600,1874
712152,1872
712703,1872
713254,1872
713805,1872
714356,1872
714907,1875
715458,1872
716008,1875
716559,1872
717110,1873
717661,1872
718212,1872
718762,1872
719316,1871
719866,1873
720417,1872
720968,1872
721518,1872
722069,1871
722619,1871
723170,1872
723719,1873
724271,1869
724821,1872
725371,1872
725921,1872
726471,1871
727022,1872
727572,1872
728123,1872
728673,1872
729223,1873
729775,1872
730330,1874
730880,1872
731431,1872
731981,1872
732531,1872
733082,1872
733632,1872
734183,1873
734733,1872
735284,1873
735835,1871
736386,1871
736936,1872
737486,1874
738037,1872
738588,1872
739138,1873
739689,1872
740240,1872
740790,1872
741343,1872
741894,1872
742444,1872
742994,1872
743544,1871
744095,1872
744645,1872
745196,1872
745746,1872
746297,1872
746847,1874
747398,1872
747949,1872
748499,1872
749049,1871
749599,1872
750150,1873
750701,1872
751252,1873
751805,1872
752355,1872
752906,1874
753456,1872
754007,1873
754558,1872
755110,1872
755660,1872
756210,1872
756760,1872
757315,1872
757865,1872
758415,1872
758966,1870
759516,1872
760067,1871
760617,1872
761168,1872
761718,1872
762268,1872
762819,1872
763369,1872
763920,1873
764471,1873
765022,1872
765573,1872
766123,1872
766674,1872
767225,1873
767775,1872
768330,1871
768881,1874
769432,1872
769982,1873
770533,1871
771084,1872
771634,1872
772185,1872
772736,1872
773286,1872
773835,1873
774386,1872
774938,1874
775488,1872
776038,1872
776588,1871
777138,1872
777689,1873
778239,1873
778790,1872
779344,1872
779894,1872
780444,1872
780994,1872
781544,1872
782095,1871
782645,1872
783197,1872
783746,1872
784297,1872
784847,1872
785397,1874
785948,1872
786499,1869
787049,1871
787599,1872
788150,1872
788699,1872
789249,1872
789799,1872
790354,1872
790903,1872
791454,1872
792003,1874
792554,1872
793106,1872
793655,1871
794205,1872
794756,1874
795309,1871
795860,1872
796410,1873
796962,1871
797512,1872
798062,1872
798612,1872
799166,1872
799716,1871
800266,1872
800817,1872
801367,1872
801916,1872
802466,1872
803016,1872
803567,1873
804117,1872
804669,1871
805219,1874
805770,1872
806325,1872
806876,1872
807426,1872
807975,1871
808525,1872
809075,1872
809625,1872
810176,1872
810725,1872
811276,1872
811826,1872
812376,1875
812927,1875
813477,1869
814029,1872
814579,1872
815129,1871
815679,1872
816229,1873
816780,1873
817335,1872
817886,1872
818436,1872
818985,1872
819535,1872
820085,1872
820635,1872
821186,1872
821736,1872
822287,1872
822837,1872
823387,1872
823936,1873
824487,1871
825038,1873
825589,1871
826141,1870
826691,1872
827241,1872
827791,1873
828346,1872
828898,1872
829448,1872
829999,1873
830550,1872
831100,1875
831651,1872
832202,1872
832752,1872
833307,1872
833858,1871
834408,1872
834958,1873
835509,1872
836061,1872
836611,1872
837165,1873
837716,1872
838268,1872
838818,1872
839368,1872
839919,1872
840469,1872
841019,1872
841569,1875
842120,1872
842670,1871
843220,1872
843771,1872
844325,1872
844875,1872
845425,1872
845975,1872
846525,1872
847076,1872
847626,1871
848177,1872
848727,1872
849278,1872
849827,1871
850377,1872
850927,1872
851477,1873
852028,1872
852579,1872
853130,1872
853680,1872
854231,1872
854780,1872
855335,1870
855886,1872
856436,1872
856987,1872
857537,1872
858088,1872
858638,1874
859189,1872
859739,1872
860290,1872
860839,1871
861389,1872
861939,1873
862490,1872
863041,1872
863591,1872
864142,1872
864691,1870
865241,1872
865791,1873
866346,1871
866896,1875
867447,1872
867998,1872
868548,1875
869099,1872
869651,1872
870202,1873
870752,1872
871307,1873
871859,1872
872409,1872
872960,1872
873510,1872
874061,1873
874612,1872
875166,1875
875718,1872
876269,1872
876818,1872
877368,1872
877919,1872
878469,1872
879018,1872
879568,1875
880120,1872
880670,1872
881220,1872
881770,1872
882324,1872
882875,1872
883425,1872
883975,1871
884525,1872
885075,1872
885625,1871
886177,1872
886726,1873
887278,1872
887828,1872
888378,1872
888928,1872
889478,1872
890028,1872
890578,1872
891128,1872
891678,1872
892228,1872
892778,1872
893332,1872
893882,1872
894432,1872
894982,1876
895533,1872
896084,1872
896634,1873
897185,1872
897736,1872
898287,1874
898838,1872
899388,1872
899939,1873
900489,1872
901041,1872
901591,1872
902142,1872
902692,1873
903243,1872
903794,1872
904349,1872
904898,1872
905449,1872
905999,1872
906549,1872
907099,1872
907649,1872
908201,1872
908751,1873
909307,1872
909858,1872
910408,1871
910958,1872
911508,1872
912059,1872
912609,1872
913161,1871
913710,1872
914260,1873
914812,1872
915362,1872
915913,1872
916463,1873
917014,1873
917564,1870
918116,1872
918667,1872
919217,1872
919767,1872
920322,1872
920871,1872
921422,1873
921973,1872
922523,1872
923074,1873
923625,1872
924175,1871
924725,1872
925275,1872
925825,1872
926375,1873
926927,1873
927477,1873
928027,1872
928578,1873
929129,1873
929678,1872
930229,1872
930779,1872
931333,1872
931883,1871
932433,1871
932983,1872
933533,1872
934083,1872
934633,1872
935184,1872
935733,1872
936284,1872
936834,1873
937385,1871
937936,1873
938487,1871
939038,1874
939589,1872
940141,1872
940690,1870
941240,1869
941791,1872
942344,1872
942893,1872
943443,1872
943993,1872
944543,1872
945094,1872
945644,1873
946196,1872
946746,1874
947298,1871
947848,1872
948398,1871
948948,1872
949498,1872
950049,1872
950599,1871
951149,1872
951699,1872
952249,1872
952799,1873
953352,1872
953904,1873
954455,1874
955006,1872
955557,1872
956106,1876
956657,1872
957209,1873
957759,1872
958314,1875
958866,1872
959416,1872
959966,1872
960516,1872
961066,1872
961617,1872
962169,1872
962720,1872
963270,1872
963820,1872
964370,1872
964920,1872
965470,1872
966020,1872
966570,1872
967121,1872
967671,1873
968223,1872
968773,1877
969328,1873
969878,1873
970428,1872
970980,1872
971530,1872
972080,1872
972630,1873
973180,1872
973731,1872
974281,1872
974832,1872
975382,1872
975933,1872
976482,1872
977032,1872
977582,1873
978134,1873
978684,1872
979235,1872
979785,1872
980339,1872
980889,1872
981439,1872
981989,1873
982540,1872
983091,1872
983642,1872
984192,1872
984743,1872
985293,1872
985844,1872
986393,1875
986945,1872
987495,1873
988045,1871
988596,1872
989146,1871
989696,1871
990246,1871
990796,1872
991350,1872
991901,1872
992451,1872
993001,1872
993551,1871
994102,1872
994652,1872
995204,1873
995754,1871
996308,1872
996859,1872
997409,1873
997960,1873
998510,1872
999062,1873
999612,1872
1000167,1871
1000718,1872
1001267,1872
1001818,1872
1002368,1872
1002919,1873
1003469,1872
1004020,1875
1004571,1873
1005121,1872
1005672,1872
1006222,1872
1006772,1872
1007326,1872
1007876,1872
1008426,1872
1008976,1872
1009526,1873
1010077,1872
1010628,1870
1011179,1868
1011730,1872
1012280,1873
1012832,1873
1013382,1873
1013933,1871
1014483,1872
1015034,1872
1015584,1872
1016135,1873
1016685,1872
1017237,1873
1017787,1871
1018343,1872
1018893,1872
1019443,1872
1019994,1872
1020544,1872
1021095,1873
1021645,1872
1022197,1872
1022747,1874
1023299,1871
1023849,1871
1024399,1872
1024949,1877
1025500,1870
1026052,1872
1026602,1872
1027151,1872
1027702,1872
1028252,1872
1028805,1872
1029355,1872
1029905,1872
1030455,1872
1031006,1874
1031557,1872
1032107,1872
1032657,1873
1033208,1872
1033759,1872
1034313,1873
1034865,1876
1035415,1872
1035966,1872
1036516,1872
1037067,1872
1037617,1871
1038169,1872
1038718,1872
1039268,1871
1039819,1874
1040370,1872
1040920,1873
1041471,1873
1042021,1872
1042572,1872
1043122,1871
1043673,1872
1044223,1872
1044772,1872
1045326,1872
1045877,1874
1046427,1872
1046979,1873
1047530,1872
1048081,1872
1048631,1872
1049181,1874
1049732,1872
1050283,1871
1050833,1872
1051383,1872
1051934,1873
1052485,1872
1053035,1872
1053585,1872
1054136,1872
1054685,1872
1055235,1873
1055787,1872
1056342,1873
1056892,1872
1057443,1872
1057993,1872
1058543,1872
1059094,1872
1059643,1873
1060196,1871
1060747,1872
1061297,1872
1061847,1873
1062398,1873
1062948,1873
1063498,1868
1064050,1873
1064600,1873
1065151,1872
1065702,1872
1066251,1872
1066804,1872
1067354,1872
1067905,1872
1068455,1872
1069006,1872
1069556,1872
1070105,1872
1070656,1872
1071206,1874
1071757,1871
1072312,1871
1072863,1872
1073413,1872
1073962,1872
1074512,1872
1075062,1874
1075613,1872
1076168,1872
1076717,1872
1077267,1874
1077819,1872
1078369,1872
1078919,1872
1079469,1872
1080020,1872
1080570,1871
1081120,1872
1081670,1872
1082221,1872
1082772,1872
1083326,1871
1083875,1872
1084425,1872
1084975,1872
1085525,1872
1086076,1872
1086626,1870
1087178,1873
1087729,1872
1088279,1872
1088829,1873
1089380,1873
1089931,1872
1090482,1872
1091033,1873
1091584,1873
1092134,1871
1092684,1873
1093235,1872
1093786,1872
1094340,1870
1094891,1873
1095441,1872
1095992,1872
1096542,1874
1097094,1872
1097645,1871
1098197,1872
1098746,1872
1099296,1872
1099846,1872
1100396,1872
1100947,1875
1101498,1872
1102048,1872
1102598,1870
1103149,1872
1103699,1872
1104249,1872
1104799,1873
1105354,1872
1105905,1872
1106455,1873
1107007,1872
1107557,1872
1108108,1873
1108659,1872
1109210,1872
1109760,1872
1110315,1872
1110865,1872
1111415,1872
1111966,1872
1112516,1874
1113066,1872
1113617,1872
1114168,1872
1114718,1872
1115269,1872
1115819,1872
1116369,1872
1116919,1872
1117469,1873
1118021,1872
1118571,1872
1119122,1872
1119672,1872
1120222,1872
1120772,1874
1121327,1875
1121878,1872
1122429,1872
1122978,1873
1123529,1872
1124080,1872
1124630,1872
1125181,1872
1125731,1871
1126281,1872
1126832,1872
1127382,1873
1127933,1872
1128484,1872
1129035,1872
1129585,1871
1130136,1872
1130685,1873
1131236,1872
1131787,1872
1132343,1872
1132893,1872
1133443,1872
1133994,1871
1134544,1873
1135095,1873
1135645,1873
1136197,1872
1136747,1872
1137298,1872
1137847,1872
1138397,1872
1138947,1872
1139497,1872
1140048,1871
1140598,1872
1141149,1873
1141699,1874
1142250,1872
1142805,1872
1143355,1872
1143906,1872
1144456,1873
1145007,1872
1145557,1873
1146108,1872
1146659,1872
1147210,1875
1147760,1870
1148316,1872
1148866,1872
1149416,1872
1149967,1872
1150517,1873
1151068,1872
1151618,1872
1152169,1875
1152721,1872
1153272,1872
1153822,1872
1154372,1873
1154923,1872
1155474,1874
1156026,1872
1156576,1873
1157127,1872
1157677,1872
1158227,1872
1158777,1873
1159332,1872
1159883,1872
1160433,1873
1160984,1872
1161536,1869
1162086,1872
1162636,1869
1163186,1872
1163737,1872
1164288,1871
1164839,1872
1165389,1872
1165939,1872
1166490,1872
1167040,1872
1167590,1870
1168141,1872
1168690,1872
1169240,1869
1169790,1872
1170344,1873
1170895,1872
1171446,1872
1171996,1872
1172546,1872
1173096,1872
1173646,1869
1174198,1872
1174748,1872
1175298,1872
1175848,1872
1176398,1872
1176948,1873
1177499,1872
1178050,1872
1178601,1872
1179150,1873
1179701,1872
1180252,1872
1180805,1872
1181355,1872
1181906,1871
1182456,1873
1183007,1872
1183557,1872
1184108,1872
1184659,1872
1185208,1875
1185759,1872
1186314,1872
1186865,1872
1187415,1872
1187966,1872
1188516,1872
1189065,1873
1189616,1872
1190169,1872
1190720,1872
1191270,1872
1191819,1872
1192369,1872
1192920,1872
1193470,1872
1194021,1872
1194571,1872
1195121,1872
1195670,1872
1196220,1871
1196770,1872
1197324,1872
1197874,1873
1198425,1870
1198976,1871
1199526,1873
1200077,1872
1200629,1872
1201179,1872
1201729,1872
1202279,1872
1202829,1872
1203379,1872
1203929,1872
1204479,1872
1205029,1872
1205579,1869
1206129,1872
1206680,1872
1207231,1873
1207781,1873
1208336,1872
1208886,1872
1209436,1872
1209986,1872
1210536,1872
1211087,1872
1211637,1872
1212187,1874
1212738,1871
1213290,1872
1213839,1874
1214390,1873
1214941,1872
1215491,1874
1216042,1871
1216593,1875
1217144,1872
1217695,1872
1218246,1872
1218796,1872
1219350,1872
1219900,1872
1220450,1871
1221001,1872
1221551,1872
1222101,1872
1222651,1872
1223202,1872
1223752,1872
1224307,1872
1224858,1874
1225409,1872
1225960,1872
1226510,1872
1227061,1872
1227611,1875
1228162,1872
1228714,1872
1229265,1872
1229815,1872
1230365,1871
1230915,1872
1231465,1873
1232016,1872
1232568,1871
1233117,1872
1233667,1872
1234218,1872
1234768,1872
1235322,1872
1235873,1873
1236424,1872
1236974,1872
1237524,1872
1238074,1873
1238625,1872
1239177,1873
1239727,1872
1240278,1872
1240829,1872
1241379,1872
1241928,1871
1242478,1872
1243028,1872
1243578,1872
1244129,1872
1244679,1872
1245229,1873
1245780,1872
1246335,1870
1246885,1871
1247435,1870
1247986,1875
1248536,1872
1249088,1872
1249638,1871
1250189,1871
1250739,1872
1251290,1872
1251840,1872
1252390,1872
1252940,1872
1253490,1872
1254041,1872
1254591,1872
1255142,1871
1255691,1872
1256242,1872
1256792,1873
1257346,1872
1257898,1872
1258448,1872
1258999,1872
1259549,1873
1260101,1872
1260651,1872
1261203,1873
1261753,1872
1262308,1872
1262858,1872
1263408,1872
1263959,1872
1264509,1872
1265060,1872
1265610,1872
1266160,1877
1266711,1872
1267262,1872
1267813,1869
1268363,1870
1268912,1873
1269463,1872
1270015,1872
1270565,1872
1271116,1872
1271666,1873
1272217,1872
1272769,1872
1273323,1872
1273873,1872
1274423,1872
1274974,1871
1275524,1872
1276074,1872
1276624,1872
1277175,1872
1277725,1872
1278276,1872
1278825,1873
1279376,1872
1279927,1872
1280477,1872
1281028,1872
1281578,1875
1282129,1872
1282680,1872
1283230,1873
1283781,1872
1284337,1873
1284887,1872
1285438,1872
1285989,1872
1286539,1872
1287089,1872
1287639,1872
1288190,1874
1288742,1871
1289293,1872
1289842,1872
1290392,1873
1290943,1872
1291494,1872
1292044,1872
1292594,1872
1293144,1871
1293694,1873
1294245,1872
1294797,1872
1295350,1872
1295900,1872
1296450,1872
1297001,1872
1297551,1872
1298102,1872
1298652,1872
1299203,1873
1299753,1872
1300308,1872
1300859,1872
1301409,1872
1301960,1872
1302510,1872
1303061,1872
1303611,1872
1304162,1873
1304712,1870
1305263,1872
1305813,1875
1306364,1872
1306915,1871
1307465,1874
1308016,1871
1308567,1873
1309118,1877
1309669,1872
1310219,1872
1310769,1872
1311323,1872
1311873,1873
1312424,1872
1312976,1873
1313527,1872
1314077,1871
1314627,1869
1315178,1872
1315728,1872
1316278,1873
1316828,1872
1317379,1875
1317930,1873
1318480,1872
1319032,1872
1319582,1872
1320131,1872
1320681,1873
1321232,1872
1321783,1875
1322337,1872
1322888,1872
1323438,1872
1323989,1872
1324539,1872
1325089,1872
1325639,1872
1326190,1872
1326740,1872
1327290,1872
1327840,1873
1328391,1872
1328942,1872
1329492,1873
1330043,1872
1330594,1871
1331145,1872
1331695,1872
1332245,1872
1332795,1872
1333348,1872
1333899,1872
1334449,1872
1335000,1872
1335550,1872
1336101,1872
1336651,1868
1337202,1872
1337752,1872
1338307,1872
1338858,1872
1339408,1872
1339957,1872
1340507,1871
1341057,1871
1341607,1872
1342158,1872
1342709,1872
1343259,1872
1343810,1870
1344360,1871
1344910,1873
1345461,1872
1346013,1870
1346563,1871
1347112,1871
1347664,1872
1348213,1872
1348763,1872
1349317,1872
1349867,1873
1350418,1874
1350968,1872
1351519,1872
1352069,1871
1352619,1873
1353171,1872
1353721,1873
1354272,1872
1354823,1872
1355373,1872
1355923,1873
1356474,1872
1357026,1872
1357576,1872
1358127,1872
1358676,1873
1359227,1872
1359779,1873
1360333,1873
1360883,1873
1361433,1872
1361985,1872
1362535,1872
1363084,1875
1363635,1870
1364187,1873
1364737,1872
1365288,1872
1365839,1872
1366389,1872
1366940,1872
1367490,1872
1368041,1872
1368591,1872
1369142,1872
1369691,1871
1370242,1872
1370791,1872
1371346,1872
1371895,1872
1372445,1873
1372996,1872
1373548,1872
1374097,1872
1374647,1872
1375202,1872
1375751,1872
1376306,1870
1376857,1872
1377407,1872
1377957,1872
1378507,1872
1379057,1873
1379608,1872
1380159,1873
1380710,1872
1381261,1873
1381812,1872
1382363,1872
1382913,1871
1383463,1872
1384014,1873
1384565,1872
1385116,1873
1385666,1874
1386216,1872
1386767,1872
1387321,1872
1387872,1872
1388422,1872
1388972,1872
1389522,1872
1390072,1874
1390623,1872
1391174,1873
1391725,1872
1392276,1872
1392826,1874
1393377,1872
1393928,1871
1394478,1872
1395029,1871
1395579,1873
1396130,1871
1396682,1874
1397233,1873
1397783,1872
1398339,1872
1398888,1872
1399438,1871
1399988,1872
1400538,1872
1401089,1872
1401639,1872
1402190,1872
1402739,1873
1403291,1872
1403841,1874
1404392,1872
1404943,1873
1405494,1872
1406045,1872
1406595,1872
1407145,1872
1407696,1872
1408246,1872
1408797,1872
1409350,1875
1409901,1872
1410452,1872
1411002,1870
1411552,1872
1412103,1872
1412653,1872
1413204,1872
1413753,1872
1414308,1874
1414859,1872
1415410,1873
1415962,1872
1416512,1872
1417062,1874
1417613,1872
1418168,1872
1418717,1871
1419268,1872
1419819,1874
1420370,1872
1420920,1871
1421470,1872
1422021,1872
1422571,1872
1423121,1874
1423672,1872
1424224,1872
1424773,1872
1425327,1872
1425878,1872
1426428,1872
1426977,1872
1427527,1872
1428077,1872
1428627,1871
1429179,1872
1429729,1872
1430279,1872
1430830,1872
1431380,1869
1431930,1873
1432481,1872
1433033,1872
1433583,1872
1434134,1871
1434684,1871
1435234,1872
1435784,1872
1436338,1872
1436888,1872
1437438,1870
1437988,1872
1438538,1872
1439088,1872
1439638,1872
1440189,1871
1440739,1872
1441289,1872
1441839,1872
1442389,1873
1442940,1872
1443491,1873
1444042,1872
1444594,1872
1445143,1874
1445695,1872
1446246,1872
1446797,1872
1447350,1872
1447901,1871
1448451,1872
1449001,1872
1449551,1871
1450102,1872
1450652,1872
1451202,1872
1451752,1872
1452307,1873
1452859,1873
1453409,1873
1453960,1872
1454510,1872
1455060,1873
1455611,1871
1456166,1872
1456716,1875
1457266,1873
1457816,1873
1458366,1871
1458918,1872
1459468,1872
1460017,1873
1460568,1871
1461119,1872
1461669,1872
1462219,1871
1462769,1872
1463323,1872
1463873,1872
1464423,1872
1464974,1872
1465524,1872
1466075,1871
1466625,1870
1467176,1872
1467725,1871
1468275,1872
1468826,1872
1469376,1871
1469926,1872
1470476,1872
1471027,1872
1471577,1872
1472127,1871
1472676,1872
1473226,1873
1473777,1872
1474332,1872
1474883,1872
1475432,1871
1475982,1872
1476532,1872
1477083,1872
1477633,1872
1478184,1872
1478735,1872
1479285,1872
1479834,1872
1480384,1872
1480934,1872
1481484,1872
1482035,1872
1482585,1872
1483135,1872
1483686,1872
1484235,1872
1484785,1872
1485339,1872
1485890,1872
1486440,1872
1486989,1872
1487539,1872
1488089,1872
1488639,1872
1489190,1872
1489741,1872
1490290,1872
1490840,1869
1491390,1871
1491940,1871
1492490,1872
1493041,1872
1493591,1870
1494142,1872
1494692,1871
1495242,1870
1495792,1872
1496346,1872
1496895,1872
1497445,1872
1497995,1872
1498545,1872
1499095,1872
1499645,1872
1500197,1872
1500746,1872
1501297,1872
1501847,1872
1502397,1873
1502948,1873
1503498,1872
1504049,1872
1504599,1873
1505151,1872
1505702,1872
1506252,1872
1506805,1875
1507356,1872
1507906,1873
1508457,1872
1509008,1872
1509558,1872
1510109,1871
1510660,1874
1511211,1872
1511761,1871
1512315,1872
1512865,1873
1513416,1869
1513967,1872
1514517,1872
1515067,1875
1515618,1872
1516169,1872
1516720,1872
1517270,1872
1517819,1872
1518369,1871
1518920,1871
1519470,1871
1520020,1872
1520570,1872
1521121,1870
1521671,1872
1522222,1872
1522773,1872
1523327,1869
1523878,1872
1524428,1872
1524977,1872
1525528,1872
1526077,1870
1526627,1872
1527178,1872
1527729,1872
1528278,1872
1528828,1872
1529378,1873
1529929,1872
1530480,1872
1531030,1872
1531580,1872
1532130,1874
1532681,1872
1533232,1872
1533783,1872
1534337,1872
1534887,1872
1535437,1872
1535988,1872
1536538,1873
1537089,1872
1537640,1872
1538191,1874
1538743,1872
1539293,1872
1539844,1872
1540394,1872
1540944,1873
1541495,1872
1542045,1872
1542595,1872
1543145,1871
1543696,1872
1544246,1873
1544796,1872
1545350,1872
1545900,1872
1546450,1872
1547001,1871
1547551,1872
1548102,1872
1548652,1871
1549203,1872
1549753,1872
1550308,1872
1550859,1872
1551409,1872
1551960,1872
1552510,1872
1553061,1873
1553612,1872
1554166,1873
1554717,1872
1555268,1872
1555819,1871
1556369,1872
1556918,1872
1557468,1873
1558020,1872
1558571,1872
1559121,1873
1559672,1874
1560222,1874
1560772,1872
1561327,1872
1561878,1873
1562429,1872
1562980,1874
1563530,1873
1564081,1873
1564631,1872
1565183,1872
1565733,1875
1566285,1872
1566836,1872
1567386,1872
1567935,1872
1568485,1872
1569035,1871
1569585,1873
1570136,1872
1570688,1872
1571238,1872
1571787,1874
1572343,1872
1572894,1873
1573445,1872
1573995,1877
1574546,1874
1575096,1872
1575647,1872
1576202,1871
1576752,1873
1577307,1872
1577858,1872
1578408,1871
1578959,1873
1579510,1872
1580061,1873
1580611,1871
1581166,1872
1581716,1873
1582266,1872
1582818,1872
1583368,1873
1583920,1872
1584470,1875
1585021,1869
1585572,1872
1586123,1871
1586673,1872
1587224,1871
1587775,1872
1588329,1872
1588880,1872
1589429,1873
1589981,1872
1590531,1872
1591081,1870
1591631,1872
1592181,1869
1592732,1872
1593283,1874
1593833,1872
1594384,1872
1594934,1872
1595484,1872
1596034,1872
1596584,1872
1597135,1872
1597684,1873
1598234,1873
1598784,1872
1599339,1872
1599890,1871
1600440,1872
1600989,1872
1601539,1872
1602090,1871
1602640,1871
1603191,1872
1603742,1872
1604292,1872
1604843,1872
1605392,1872
1605942,1872
1606492,1872
1607042,1872
1607592,1872
1608143,1872
1608694,1872
1609244,1872
1609793,1872
1610348,1872
1610897,1872
1611447,1872
1611997,1872
1612547,1873
1613098,1872
1613649,1872
1614201,1872
1614751,1872
1615306,1873
1615858,1873
1616408,1872
1616960,1872
1617510,1872
1618061,1872
1618611,1872
1619161,1872
1619711,1872
1620262,1872
1620811,1872
1621361,1867
1621912,1871
1622462,1871
1623013,1872
1623563,1872
1624112,1872
1624664,1871
1625213,1872
1625763,1871
1626317,1872
1626868,1872
1627418,1872
1627969,1872
1628519,1872
1629070,1871
1629620,1871
1630171,1872
1630722,1872
1631272,1872
1631822,1874
1632373,1872
1632925,1873
1633476,1872
1634026,1871
1634576,1872
1635127,1872
1635677,1872
1636227,1872
1636777,1872
1637331,1872
1637881,1872
1638432,1872
1638982,1872
1639533,1872
1640083,1872
1640633,1871
1641184,1872
1641734,1872
1642285,1873
1642835,1872
1643386,1872
1643936,1872
1644486,1871
1645036,1872
1645586,1872
1646136,1872
1646686,1872
1647237,1873
1647787,1872
1648343,1872
1648892,1872
1649442,1872
1649993,1872
1650543,1872
1651093,1872
1651644,1872
1652194,1872
1652744,1872
1653295,1872
1653845,1873
1654396,1872
1654948,1872
1655498,1872
1656048,1872
1656598,1872
1657149,1874
1657699,1872
1658250,1875
1658805,1871
1659355,1872
1659906,1872
1660456,1873
1661007,1872
1661557,1872
1662108,1872
1662659,1872
1663208,1874
1663759,1873
1664313,1872
1664865,1871
1665415,1870
1665966,1872
1666516,1872
1667067,1872
1667617,1872
1668169,1873
1668719,1872
1669270,1872
1669820,1871
1670370,1872
1670921,1875
1671472,1872
1672022,1872
1672572,1872
1673123,1872
1673674,1872
1674225,1872
1674775,1872
1675329,1872
1675879,1872
1676429,1872
1676980,1872
1677530,1872
1678079,1872
1678629,1872
1679180,1872
1679730,1872
1680280,1872
1680830,1872
1681381,1873
1681932,1872
1682482,1873
1683034,1874
1683584,1872
1684135,1872
1684686,1872
1685236,1874
1685786,1873
1686340,1872
1686892,1872
1687442,1872
1687992,1872
1688542,1871
1689092,1872
1689642,1873
1690194,1873
1690744,1872
1691295,1874
1691846,1872
1692397,1872
1692948,1872
1693498,1872
1694049,1872
1694599,1872
1695148,1872
1695698,1874
1696249,1872
1696805,1872
1697355,1871
1697905,1872
1698455,1872
1699004,1874
1699555,1873
1700105,1873
1700656,1873
1701206,1871
1701757,1872
1702311,1875
1702863,1871
1703414,1871
1703963,1876
1704514,1872
1705066,1872
1705616,1872
1706169,1872
1706720,1872
1707270,1872
1707819,1873
1708370,1872
1708921,1875
1709472,1872
1710024,1873
1710574,1873
1711125,1874
1711675,1873
1712225,1872
1712776,1872
1713330,1871
1713880,1872
1714430,1873
1714981,1873
1715531,1872
1716082,1870
1716632,1872
1717183,1872
1717733,1874
1718285,1872
1718835,1872
1719385,1872
1719935,1872
1720485,1871
1721036,1872
1721586,1872
1722136,1875
1722688,1873
1723238,1872
1723789,1872
1724343,1873
1724894,1872
1725445,1872
1725995,1871
1726545,1872
1727096,1872
1727646,1873
1728198,1870
1728749,1872
1729299,1874
1729850,1872
1730401,1873
1730952,1873
1731502,1874
1732053,1872
1732604,1872
1733154,1874
1733705,1872
1734256,1872
1734806,1872
1735356,1872
1735907,1872
1736457,1872
1737008,1873
1737559,1872
1738109,1872
1738659,1873
1739210,1873
1739760,1872
1740316,1871
1740866,1872
1741416,1871
1741965,1871
1742515,1874
1743067,1872
1743617,1872
1744169,1872
1744719,1873
1745270,1873
1745820,1872
1746371,1872
1746921,1872
1747471,1873
1748022,1872
1748574,1872
1749123,1872
1749673,1873
1750225,1875
1750774,1872
1751329,1872
1751880,1873
1752431,1873
1752981,1872
1753531,1872
1754082,1872
1754632,1872
1755182,1872
1755732,1872
1756282,1872
1756832,1872
1757382,1872
1757932,1872
1758482,1871
1759032,1872
1759583,1872
1760132,1872
1760682,1872
1761233,1872
1761784,1872
1762338,1872
1762888,1873
1763439,1872
1763990,1872
1764540,1872
1765090,1872
1765640,1872
1766192,1872
1766743,1872
1767293,1872
1767842,1871
1768392,1872
1768942,1872
1769492,1872
1770043,1872
1770593,1872
1771144,1871
1771693,1874
1772244,1873
1772795,1873
1773348,1872
1773900,1871
1774450,1872
1775001,1872
1775551,1871
1776101,1872
1776651,1873
1777202,1872
1777753,1874
1778308,1871
1778859,1872
1779409,1873
1779961,1872
1780512,1872
1781063,1872
1781613,1872
1782166,1872
1782716,1872
1783267,1873
1783818,1871
1784368,1872
1784919,1875
1785469,1872
1786020,1873
1786571,1872
1787123,1872
1787673,1872
1788224,1872
1788773,1875
1789328,1874
1789879,1874
1790429,1872
1790980,1872
1791530,1872
1792081,1872
1792631,1871
1793181,1872
1793732,1872
1794282,1873
1794834,1872
1795384,1871
1795934,1872
1796484,1872
1797035,1872
1797585,1871
1798136,1872
1798685,1871
1799235,1872
1799785,1872
1800339,1872
1800889,1872
1801439,1871
1801990,1872
1802540,1872
1803090,1872
1803640,1871
1804191,1872
1804742,1872
1805292,1872
1805842,1872
1806392,1872
1806942,1872
1807492,1871
1808042,1870
1808592,1873
1809143,1872
1809695,1872
1810244,1873
1810795,1872
1811349,1872
1811900,1872
1812450,1872
1813000,1874
1813551,1872
1814101,1872
1814651,1872
1815202,1872
1815752,1872
1816307,1872
1816858,1871
1817408,1871
1817958,1872
1818509,1871
1819059,1872
1819609,1872
1820159,1872
1820709,1872
1821260,1872
1821811,1875
1822362,1872
1822913,1872
1823463,1873
1824014,1871
1824564,1872
1825115,1872
1825665,1873
1826216,1872
1826768,1872
1827322,1872
1827873,1872
1828423,1872
1828973,1872
1829523,1872
1830072,1870
1830622,1872
1831173,1872
1831723,1872
1832274,1873
1832824,1872
1833375,1872
1833926,1872
1834476,1872
1835027,1872
1835577,1872
1836127,1872
1836676,1872
1837226,1875
1837777,1872
1838332,1872
1838883,1872
1839433,1872
1839982,1875
1840533,1872
1841084,1873
1841635,1871
1842186,1872
1842736,1872
1843286,1872
1843837,1872
1844387,1872
1844936,1872
1845486,1872
1846036,1872
1846586,1874
1847137,1872
1847688,1875
1848239,1872
1848789,1872
1849344,1872
1849893,1871
1850443,1873
1850995,1872
1851546,1872
1852096,1872
1852646,1873
1853198,1872
1853750,1872
1854300,1872
1854851,1872
1855401,1871
1855950,1873
1856501,1872
1857052,1872
1857602,1872
1858152,1872
1858703,1872
1859254,1872
1859805,1872
1860355,1872
1860905,1872
1861455,1871
1862006,1872
1862556,1872
1863107,1872
1863658,1873
1864209,1872
1864759,1872
1865313,1872
1865864,1872
1866414,1872
1866963,1872
1867513,1873
1868064,1872
1868615,1872
1869169,1872
1869720,1872
1870270,1872
1870819,1872
1871369,1872
1871920,1873
1872470,1872
1873021,1872
1873571,1872
1874122,1873
1874672,1872
1875224,1871
1875773,1872
1876327,1872
1876878,1872
1877428,1872
1877978,1872
1878528,1875
1879078,1872
1879629,1872
1880181,1872
1880731,1872
1881281,1872
1881831,1872
1882381,1872
1882932,1872
1883482,1873
1884032,1873
1884583,1872
1885134,1872
1885683,1872
1886233,1872
1886784,1873
1887338,1873
1887888,1872
1888440,1872
1888989,1872
1889539,1872
1890089,1872
1890639,1871
1891190,1872
1891740,1872
1892291,1872
1892841,1872
1893391,1872
1893941,1874
1894492,1873
1895042,1872
1895592,1872
1896143,1874
1896693,1874
1897244,1872
1897794,1871
1898348,1874
1898899,1874
1899449,1872
1900001,1872
1900551,1872
1901102,1871
1901652,1872
1902204,1872
1902754,1872
1903308,1873
1903859,1873
1904409,1874
1904960,1873
1905510,1872
1906061,1872
1906611,1875
1907166,1872
1907717,1872
1908267,1872
1908818,1873
1909369,1872
1909919,1872
1910469,1872
1911020,1873
1911571,1871
1912122,1872
1912672,1872
1913222,1872
1913772,1872
1914326,1870
1914876,1873
1915427,1871
1915978,1873
1916529,1873
1917080,1872
1917630,1872
1918180,1875
1918731,1872
1919282,1872
1919832,1873
1920383,1872
1920935,1870
1921485,1872
1922036,1872
1922586,1872
1923136,1872
1923686,1872
1924237,1872
1924786,1871
1925340,1874
1925892,1872
1926443,1873
1926993,1871
1927544,1872
1928095,1871
1928645,1872
1929197,1873
1929748,1872
1930299,1872
1930850,1872
1931400,1872
1931949,1872
1932499,1872
1933049,1872
1933599,1870
1934150,1872
1934700,1871
1935251,1871
1935805,1872
1936355,1872
1936904,1871
1937454,1873
1938005,1872
1938556,1872
1939107,1874
1939658,1873
1940208,1873
1940758,1872
1941313,1874
1941865,1872
1942415,1872
1942966,1872
1943516,1873
1944067,1872
1944617,1873
1945168,1872
1945719,1872
1946269,1872
1946819,1872
1947369,1869
1947920,1872
1948470,1870
1949020,1871
1949570,1872
1950121,1872
1950670,1872
1951220,1871
1951771,1872
1952325,1871
1952874,1872
1953424,1871
1953974,1872
1954524,1872
1955075,1873
1955625,1872
1956177,1872
1956726,1872
1957276,1872
1957826,1872
1958376,1867
1958927,1871
1959477,1871
1960027,1872
1960577,1872
1961127,1873
1961678,1872
1962229,1872
1962779,1873
1963334,1871
1963885,1874
1964436,1872
1964988,1872
1965538,1872
1966089,1872
1966639,1872
1967189,1872
1967739,1872
1968289,1871
1968839,1872
1969389,1875
1969941,1874
1970491,1872
1971043,1872
1971593,1873
1972144,1872
1972695,1872
1973245,1872
1973795,1872
1974349,1872
1974898,1873
1975449,1872
1976001,1872
1976551,1872
1977102,1872
1977652,1872
1978204,1872
1978754,1872
1979308,1872
1979859,1872
1980409,1873
1980960,1875
1981510,1872
1982062,1871
1982612,1872
1983167,1872
1983717,1872
1984267,1873
1984819,1873
1985369,1872
1985919,1873
1986470,1873
1987020,1868
1987572,1875
1988122,1872
1988674,1871
1989225,1873
1989775,1872
1990331,1872
1990880,1872
1991430,1872
1991981,1872
1992531,1872
1993081,1872
1993631,1872
1994181,1872
1994731,1873
1995282,1871
1995833,1872
1996383,1872
1996933,1872
1997483,1872
1998034,1872
1998584,1872
1999135,1872
1999684,1872
2000234,1874
2000785,1872
2001340,1872
2001890,1872
2002440,1872
2002991,1872
2003541,1872
2004092,1872
2004642,1872
2005193,1872
2005743,1872
2006293,1873
2006845,1872
2007395,1875
2007947,1871
2008497,1873
2009049,1872
2009600,1872
2010151,1873
2010702,1872
2011253,1872
2011805,1872
2012355,1871
2012906,1872
2013456,1872
2014005,1870
2014555,1872
2015105,1873
2015656,1872
2016207,1874
2016758,1871
2017314,1872
2017864,1871
2018414,1872
2018963,1873
2019514,1871
2020066,1874
2020616,1872
2021168,1872
2021718,1872
2022268,1873
2022820,1872
2023370,1873
2023920,1873
2024470,1872
2025022,1871
2025572,1873
2026124,1872
2026675,1873
2027225,1872
2027776,1872
2028330,1872
2028880,1872
2029430,1873
2029981,1873
2030531,1872
2031082,1872
2031632,1871
2032182,1872
2032732,1872
2033283,1872
2033833,1872
2034383,1873
2034934,1869
2035485,1874
2036036,1873
2036586,1873
2037136,1872
2037688,1871
2038238,1872
2038787,1873
2039342,1872
2039893,1872
2040443,1873
2040995,1872
2041546,1874
2042096,1872
2042647,1872
2043202,1872
2043751,1874
2044306,1871
2044858,1873
2045409,1873
2045959,1872
2046510,1871
2047061,1872
2047611,1871
2048165,1870
2048715,1872
2049266,1873
2049816,1871
2050367,1871
2050918,1872
2051468,1870
2052019,1872
2052569,1872
2053119,1874
2053670,1872
2054221,1872
2054772,1872
2055326,1873
2055878,1872
2056429,1872
2056980,1871
2057530,1872
2058081,1874
2058632,1869
2059182,1872
2059732,1873
2060284,1872
2060834,1872
2061384,1872
2061934,1872
2062484,1872
2063035,1874
2063585,1872
2064136,1871
2064686,1872
2065236,1874
2065788,1874
2066342,1872
2066893,1872
2067443,1871
2067994,1872
2068544,1872
2069093,1872
2069643,1872
2070195,1872
2070744,1872
2071294,1872
2071845,1872
2072395,1872
2072946,1872
2073496,1872
2074046,1873
2074597,1872
2075148,1872
2075698,1872
2076248,1872
2076798,1872
2077353,1872
2077902,1872
2078453,1871
2079003,1872
2079554,1872
2080103,1872
2080653,1873
2081205,1872
2081756,1874
2082309,1872
2082860,1872
2083410,1872
2083961,1872
2084511,1872
2085061,1872
2085611,1872
2086162,1871
2086712,1873
2087263,1872
2087814,1872
2088364,1872
2088914,1873
2089465,1873
2090015,1871
2090566,1872
2091116,1873
2091667,1872
2092218,1872
2092768,1873
2093323,1874
2093873,1871
2094424,1873
2094975,1872
2095526,1872
2096077,1872
2096627,1872
2097177,1873
2097729,1872
2098279,1872
2098829,1873
2099380,1872
2099932,1872
2100482,1872
2101033,1872
2101582,1872
2102132,1872
2102682,1875
2103234,1871
2103784,1872
2104339,1873
2104890,1873
2105440,1872
2105990,1871
2106540,1871
2107090,1872
2107640,1874
2108191,1871
2108743,1872
2109293,1870
2109844,1872
2110394,1872
2110945,1869
2111495,1872
2112046,1872
2112596,1873
2113148,1872
2113698,1872
2114248,1872
2114799,1873
2115353,1872
2115904,1873
2116455,1871
2117006,1872
2117556,1872
2118105,1872
2118656,1872
2119206,1872
2119756,1872
2120310,1872
2120860,1872
2121410,1873
2121961,1873
2122511,1872
2123062,1874
2123612,1872
2124167,1873
2124717,1872
2125268,1873
2125819,1872
2126370,1872
2126921,1872
2127471,1872
2128021,1871
2128571,1872
2129122,1872
2129672,1873
2130223,1872
2130775,1872
2131329,1873
2131880,1873
2132430,1870
2132981,1872
2133531,1872
2134082,1873
2134633,1869
2135184,1870
2135733,1871
2136283,1872
2136834,1872
2137384,1872
2137934,1872
2138484,1871
2139035,1872
2139585,1872
2140135,1873
2140686,1872
2141237,1872
2141787,1872
2142343,1872
2142892,1872
2143442,1872
2143992,1879
2144543,1872
2145094,1872
2145644,1872
2146195,1872
2146745,1872
2147296,1872
2147847,1872
2148397,1872
2148947,1872
2149497,1872
2150048,1871
2150598,1872
2151148,1873
2151699,1873
2152249,1873
2152799,1874
2153353,1872
2153903,1873
2154454,1870
2155005,1872
2155555,1874
2156107,1871
2156658,1872
2157209,1872
2157759,1872
2158313,1872
2158864,1871
2159414,1874
2159965,1874
2160515,1872
2161066,1872
2161616,1872
2162168,1871
2162717,1872
2163267,1872
2163818,1872
2164368,1872
2164919,1872
2165469,1873
2166021,1872
2166571,1872
2167122,1872
2167671,1872
2168221,1875
2168772,1870
2169327,1872
2169878,1872
2170428,1873
2170978,1872
2171529,1872
2172080,1875
2172631,1872
2173181,1872
2173731,1873
2174282,1872
2174833,1873
2175384,1872
2175935,1872
2176485,1874
2177036,1873
2177586,1872
2178137,1872
2178687,1875
2179238,1872
2179790,1873
2180344,1872
2180895,1873
2181446,1872
2181997,1872
2182547,1872
2183097,1872
2183647,1873
2184201,1871
2184752,1873
2185308,1872
2185858,1871
2186408,1872
2186959,1872
2187509,1873
2188059,1873
2188609,1872
2189162,1872
2189713,1872
2190263,1872
2190812,1872
2191362,1872
2191913,1872
2192463,1876
2193013,1871
2193565,1874
2194116,1872
2194666,1872
2195216,1872
2195766,1872
2196320,1872
2196871,1872
2197421,1872
2197972,1872
2198522,1874
2199073,1872
2199624,1872
2200175,1872
2200724,1872
2201274,1872
2201825,1872
2202375,1872
2202925,1872
2203475,1873
2204027,1873
2204577,1874
2205128,1875
2205677,1873
2206227,1872
2206778,1872
2207332,1873
2207884,1872
2208434,1872
2208984,1873
2209536,1872
2210086,1873
2210637,1872
2211188,1872
2211738,1872
2212288,1872
2212839,1872
2213389,1876
2213939,1872
2214490,1872
2215041,1872
2215591,1872
2216142,1872
2216693,1872
2217243,1872
2217792,1873
2218347,1873
2218898,1872
2219448,1872
2219999,1872
2220549,1872
2221098,1874
2221649,1875
2222202,1872
2222752,1872
2223307,1872
2223858,1872
2224408,1873
2224959,1872
2225509,1872
2226060,1875
2226611,1872
2227162,1873
2227713,1872
2228265,1875
2228815,1872
2229366,1872
2229917,1875
2230468,1872
2231018,1871
2231568,1872
2232118,1871
2232668,1872
2233218,1872
2233769,1872
2234323,1871
2234873,1872
2235423,1870
2235974,1873
2236524,1872
2237075,1867
2237625,1872
2238175,1872
2238725,1872
2239276,1874
2239827,1873
2240377,1871
2240929,1871
2241479,1875
2242030,1872
2242582,1873
2243132,1872
2243683,1871
2244233,1876
2244784,1872
2245339,1873
2245891,1872
2246442,1872
2246993,1872
2247543,1873
2248094,1870
2248644,1872
2249196,1872
2249746,1873
2250297,1872
2250848,1875
2251399,1873
2251949,1872
2252501,1872
2253050,1872
2253600,1873
2254151,1874
2254702,1872
2255253,1872
2255805,1872
2256355,1872
2256906,1875
2257457,1872
2258007,1872
2258557,1872
2259108,1872
2259658,1873
2260208,1872
2260759,1872
2261313,1872
2261864,1871
2262414,1872
2262965,1872
2263515,1872
2264064,1872
2264614,1872
2265167,1872
2265718,1872
2266267,1871
2266818,1872
2267368,1872
2267919,1872
2268469,1872
2269020,1872
2269570,1872
2270119,1873
2270670,1875
2271220,1873
2271770,1874
2272324,1872
2272875,1872
2273425,1869
2273975,1872
2274525,1873
2275076,1872
2275627,1872
2276178,1875
2276730,1872
2277281,1873
2277831,1872
2278382,1871
2278933,1872
2279483,1871
2280034,1872
2280584,1873
2281136,1875
2281686,1872
2282237,1872
2282787,1874
2283342,1872
2283893,1872
2284443,1872
2284994,1872
2285544,1872
2286095,1871
2286645,1872
2287197,1873
2287747,1872
2288299,1874
2288849,1871
2289400,1872
2289950,1872
2290500,1872
2291050,1874
2291601,1872
2292152,1872
2292702,1872
2293253,1872
2293805,1873
2294355,1872
2294907,1871
2295457,1875
2296009,1873
2296559,1872
2297111,1872
2297661,1872
2298212,1869
2298761,1872
2299316,1875
2299866,1872
2300417,1872
2300968,1872
2301517,1872
2302068,1872
2302618,1871
2303169,1871
2303719,1873
2304270,1872
2304821,1871
2305371,1872
2305921,1872
2306471,1872
2307022,1872
2307572,1872
2308123,1871
2308672,1872
2309222,1872
2309772,1872
2310326,1873
2310878,1869
2311429,1873
2311979,1872
2312530,1872
2313081,1873
2313631,1869
2314183,1873
2314733,1872
2315284,1872
2315834,1871
2316384,1872
2316934,1872
2317484,1873
2318035,1872
2318586,1872
2319136,1872
2319687,1872
2320237,1872
2320786,1872
2321340,1872
2321891,1872
2322441,1870
2322992,1872
2323542,1871
2324091,1873
2324642,1872
2325194,1872
2325744,1872
2326294,1872
2326845,1872
2327395,1872
2327946,1871
2328496,1872
2329047,1872
2329597,1872
2330146,1872
2330697,1872
2331247,1873
2331797,1872
2332352,1872
2332901,1872
2333451,1870
2334001,1872
2334551,1872
2335102,1871
2335652,1872
2336204,1873
2336754,1873
2337308,1872
2337859,1873
2338410,1872
2338961,1872
2339511,1872
2340062,1871
2340612,1872
2341165,1871
2341716,1872
2342266,1870
2342817,1872
2343367,1870
2343916,1872
2344466,1874
2345018,1872
2345568,1872
2346119,1872
2346670,1870
2347220,1873
2347770,1872
2348325,1871
2348875,1872
2349425,1871
2349975,1872
2350525,1872
2351076,1871
2351626,1869
2352177,1873
2352727,1872
2353278,1872
2353829,1872
2354379,1872
2354929,1870
2355479,1872
2356029,1873
2356580,1872
2357131,1872
2357681,1872
2358232,1875
2358783,1873
2359337,1872
2359887,1872
2360437,1872
2360988,1873
2361539,1872
2362089,1872
2362639,1872
2363190,1872
2363739,1873
2364290,1873
2364840,1872
2365391,1869
2365941,1872
2366491,1872
2367042,1872
2367592,1873
2368143,1871
2368694,1872
2369244,1872
2369795,1872
2370348,1872
2370898,1872
2371449,1873
2372000,1872
2372550,1872
2373101,1872
2373651,1875
2374202,1872
2374752,1871
2375307,1872
2375858,1872
2376408,1871
2376957,1872
2377508,1872
2378057,1872
2378607,1876
2379159,1872
2379709,1871
2380259,1872
2380809,1872
2381359,1872
2381909,1873
2382460,1872
2383012,1872
2383561,1871
2384111,1872
2384661,1872
2385211,1872
2385761,1874
2386316,1872
2386868,1871
2387418,1872
2387968,1873
2388519,1872
2389070,1872
2389620,1873
2390171,1872
2390722,1873
2391272,1871
2391824,1872
2392374,1872
2392925,1872
2393475,1874
2394026,1873
2394576,1872
2395128,1871
2395677,1873
2396229,1872
2396779,1873
2397334,1873
2397885,1871
2398436,1872
2398986,1872
2399536,1872
2400087,1873
2400638,1872
2401188,1872
2401738,1872
2402288,1872
2402839,1873
2403390,1872
2403940,1872
2404490,1872
2405041,1872
2405591,1872
2406142,1872
2406691,1874
2407242,1872
2407793,1871
2408348,1872
2408899,1872
2409449,1870
2410000,1871
2410550,1871
2411101,1872
2411651,1872
2412203,1872
2412754,1872
2413308,1872
2413858,1875
2414409,1872
2414960,1872
2415510,1872
2416061,1872
2416611,1872
2417165,1872
2417716,1872
2418265,1871
2418815,1872
2419365,1869
2419916,1872
2420466,1872
2421016,1872
2421566,1873
2422118,1872
2422669,1872
2423220,1872
2423770,1872
2424324,1872
2424874,1872
2425424,1872
2425975,1873
2426525,1873
2427075,1872
2427626,1869
2428177,1872
2428726,1872
2429277,1873
2429827,1872
2430378,1872
2430929,1873
2431480,1871
2432030,1872
2432580,1872
2433130,1872
2433680,1872
2434231,1871
2434781,1872
2435336,1870
2435885,1872
2436435,1871
2436986,1872
2437536,1872
2438087,1872
2438637,1872
2439187,1872
2439737,1872
2440287,1871
2440838,1872
2441388,1872
2441938,1872
2442488,1872
2443039,1872
2443589,1873
2444139,1872
2444690,1872
2445241,1872
2445791,1870
2446345,1874
2446896,1872
2447448,1872
2447997,1872
2448547,1872
2449097,1873
2449648,1872
2450201,1872
2450751,1872
2451306,1872
2451856,1872
2452406,1872
2452956,1872
2453507,1872
2454056,1872
2454606,1872
2455157,1873
2455708,1875
2456259,1872
2456810,1872
2457360,1872
2457910,1872
2458460,1872
2459010,1872
2459561,1872
2460110,1872
2460660,1872
2461211,1871
2461761,1872
2462316,1872
2462867,1873
2463418,1872
2463968,1872
2464518,1872
2465069,1872
2465619,1872
2466171,1871
2466721,1872
2467272,1873
2467822,1872
2468373,1870
2468924,1872
2469474,1871
2470023,1872
2470573,1872
2471123,1872
2471674,1872
2472224,1872
2472773,1872
2473327,1872
2473878,1874
2474429,1872
2474980,1873
2475531,1874
2476080,1872
2476631,1871
2477182,1874
2477734,1872
2478285,1872
2478835,1872
2479385,1872
2479935,1872
2480485,1872
2481035,1870
2481585,1872
2482136,1872
2482685,1869
2483235,1872
2483785,1872
2484339,1872
2484889,1872
2485440,1872
2485989,1872
2486539,1871
2487089,1872
2487639,1871
2488190,1872
2488740,1871
2489291,1872
2489840,1872
2490390,1872
2490940,1872
2491490,1871
2492041,1872
2492591,1872
2493142,1871
2493691,1872
2494241,1871
2494791,1872
2495345,1872
2495895,1873
2496446,1872
2496997,1872
2497547,1873
2498098,1871
2498649,1872
2499201,1872
2499751,1872
2500306,1872
2500857,1872
2501407,1873
2501959,1872
2502509,1870
2503060,1872
2503610,1872
2504160,1872
2504711,1872
2505262,1869
2505811,1872
2506361,1872
2506911,1872
2507461,1875
2508013,1872
2508564,1872
2509113,1872
2509664,1871
2510213,1872
2510763,1872
2511317,1872
2511867,1872
2512417,1872
2512967,1872
2513517,1869
2514067,1872
2514617,1872
2515169,1872
2515720,1871
2516270,1872
2516819,1872
2517369,1869
2517920,1872
2518470,1874
2519021,1872
2519572,1872
2520123,1872
2520674,1872
2521224,1872
2521773,1872
2522328,1873
2522879,1872
2523429,1872
2523980,1872
2524530,1872
2525081,1872
2525631,1872
2526182,1873
2526732,1872
2527284,1872
2527834,1872
2528384,1872
2528934,1871
2529484,1872
2530035,1871
2530585,1873
2531136,1872
2531688,1872
2532237,1872
2532787,1872
2533342,1872
2533893,1872
2534443,1872
2534994,1872
2535544,1872
2536095,1872
2536645,1871
2537197,1871
2537746,1873
2538298,1870
2538848,1872
2539398,1872
2539948,1872
2540498,1872
2541049,1872
2541599,1872
2542150,1872
2542699,1872
2543249,1872
2543799,1872
2544353,1872
2544903,1872
2545453,1874
2546005,1872
2546556,1872
2547105,1872
2547655,1872
2548205,1872
2548756,1873
2549309,1872
2549860,1872
2550410,1872
2550961,1872
2551511,1872
2552061,1872
2552611,1872
2553165,1876
2553716,1871
2554267,1872
2554818,1873
2555368,1871
2555919,1871
2556469,1872
2557020,1872
2557570,1872
2558121,1872
2558670,1870
2559220,1872
2559770,1872
2560324,1872
2560874,1872
2561424,1872
2561974,1872
2562524,1871
2563074,1873
2563625,1872
2564177,1872
2564727,1871
2565277,1872
2565828,1871
2566378,1872
2566928,1871
2567478,1872
2568028,1872
2568578,1872
2569129,1872
2569679,1872
2570229,1872
2570779,1872
2571333,1871
2571884,1872
2572434,1870
2572983,1871
2573533,1872
2574083,1872
2574633,1871
2575185,1872
2575736,1874
2576287,1871
2576838,1872
2577388,1872
2577939,1872
2578489,1870
2579039,1873
2579590,1872
2580140,1872
2580690,1872
2581240,1871
2581790,1872
2582344,1870
2582894,1873
2583445,1872
2583996,1872
2584546,1872
2585097,1872
2585647,1872
2586202,1872
2586752,1871
2587307,1872
2587858,1872
2588408,1872
2588959,1871
2589509,1870
2590058,1872
2590608,1872
2591159,1871
2591710,1872
2592260,1874
2592811,1873
2593361,1871
2593912,1872
2594462,1873
2595014,1872
2595564,1875
2596115,1872
2596665,1871
2597215,1872
2597765,1872
2598319,1872
2598870,1872
2599420,1872
2599969,1871
2600519,1869
2601069,1871
2601619,1872
2602171,1871
2602720,1872
2603270,1867
2603820,1870
2604370,1872
2604920,1872
2605470,1872
2606020,1872
2606570,1872
2607120,1873
2607671,1871
2608223,1872
2608772,1872
2609326,1872
2609876,1872
2610426,1872
2610976,1870
2611527,1872
2612077,1872
2612627,1872
2613177,1873
2613729,1872
2614280,1872
2614830,1871
2615380,1872
2615930,1869
2616480,1872
2617030,1872
2617580,1873
2618131,1872
2618682,1872
2619232,1872
2619782,1872
2620336,1872
2620886,1872
2621436,1874
2621987,1872
2622538,1873
2623089,1872
2623640,1872
2624191,1872
2624741,1873
2625292,1872
2625843,1870
2626393,1873
2626945,1872
2627495,1873
2628046,1874
2628596,1873
2629145,1872
2629696,1872
2630247,1872
2630797,1871
2631350,1872
2631900,1872
2632450,1872
2633001,1872
2633551,1875
2634102,1872
2634653,1872
2635204,1872
2635753,1871
2636308,1872
2636859,1872
2637409,1873
2637960,1872
2638511,1871
2639062,1872
2639612,1872
2640166,1872
2640716,1872
2641266,1872
2641817,1873
2642368,1872
2642918,1872
2643468,1872
2644018,1872
2644568,1872
2645119,1872
2645668,1873
2646219,1872
2646770,1873
2647325,1874
2647875,1872
2648426,1872
2648976,1873
2649527,1874
2650077,1872
2650628,1872
2651180,1872
2651729,1872
2652280,1872
2652831,1872
2653381,1872
2653931,1872
2654481,1872
2655030,1872
2655580,1871
2656130,1872
2656680,1872
2657231,1872
2657780,1872
2658335,1872
2658884,1872
2659434,1872
2659985,1872
2660535,1872
2661084,1872
2661634,1872
2662185,1872
2662735,1872
2663285,1872
2663836,1872
2664386,1872
2664935,1872
2665485,1872
2666035,1873
2666586,1872
2667137,1869
2667688,1871
2668238,1872
2668789,1872
2669344,1873
2669894,1872
2670445,1872
2670995,1872
2671545,1874
2672097,1872
2672648,1872
2673202,1872
2673752,1874
2674307,1872
2674859,1872
2675409,1872
2675959,1871
2676509,1872
2677060,1872
2677610,1871
2678160,1872
2678711,1872
2679260,1872
2679811,1872
2680361,1872
2680912,1872
2681462,1871
2682013,1872
2682563,1872
2683113,1874
2683664,1872
2684215,1872
2684765,1872
2685320,1872
2685871,1872
2686420,1872
2686971,1870
2687521,1872
2688070,1869
2688620,1872
2689171,1874
2689722,1872
2690273,1872
2690824,1872
2691374,1872
2691925,1872
2692475,1872
2693024,1873
2693575,1872
2694126,1872
2694676,1874
2695228,1872
2695778,1871
2696333,1872
2696882,1872
2697432,1874
2697983,1874
2698534,1872
2699084,1870
2699634,1871
2700185,1872
2700736,1872
2701286,1873
2701837,1873
2702387,1872
2702939,1872
2703489,1872
2704039,1872
2704589,1872
2705138,1868
2705689,1871
2706239,1873
2706790,1873
2707345,1872
2707895,1872
2708445,1872
2708995,1873
2709546,1873
2710097,1872
2710647,1872
2711202,1873
2711752,1872
2712307,1872
2712858,1872
2713408,1872
2713957,1872
2714507,1871
2715057,1872
2715608,1872
2716158,1872
2716709,1872
2717258,1872
2717808,1872
2718358,1870
2718908,1872
2719458,1873
2720009,1873
2720559,1873
2721109,1872
2721663,1874
2722213,1872
2722765,1872
2723319,1872
2723869,1872
2724419,1872
2724969,1872
2725519,1872
2726069,1873
2726620,1871
2727171,1871
2727722,1872
2728272,1872
2728823,1871
2729373,1872
2729924,1872
2730474,1872
2731023,1871
2731573,1872
2732124,1872
2732675,1872
2733225,1872
2733775,1872
2734329,1872
2734880,1871
2735430,1872
2735980,1872
2736530,1872
2737081,1875
2737631,1871
2738183,1871
2738732,1872
2739282,1871
2739832,1872
2740382,1872
2740932,1873
2741483,1872
2742034,1872
2742584,1872
2743135,1871
2743685,1872
2744235,1873
2744786,1872
2745341,1874
2745893,1871
2746443,1872
2746994,1871
2747544,1872
2748095,1872
2748645,1873
2749197,1872
2749747,1872
2750298,1872
2750847,1872
2751397,1872
2751948,1872
2752498,1873
2753049,1873
2753599,1872
2754150,1872
2754701,1871
2755252,1872
2755805,1872
2756355,1872
2756905,1872
2757455,1872
2758006,1872
2758556,1872
2759105,1872
2759656,1872
2760206,1872
2760757,1872
2761311,1872
2761861,1872
2762411,1872
2762961,1872
2763511,1872
2764061,1872
2764611,1872
2765165,1872
2765715,1872
2766266,1872
2766817,1872
2767367,1872
2767916,1872
2768467,1872
2769016,1872
2769566,1872
2770116,1872
2770667,1872
2771217,1873
2771767,1873
2772322,1872
2772873,1873
2773423,1874
2773974,1872
2774524,1872
2775074,1874
2775625,1872
2776176,1871
2776726,1872
2777277,1872
2777827,1872
2778377,1872
2778927,1872
2779477,1875
2780029,1872
2780579,1872
2781129,1873
2781680,1872
2782232,1872
2782782,1872
2783336,1872
2783886,1872
2784436,1873
2784987,1872
2785538,1872
2786089,1871
2786639,1872
2787189,1871
2787739,1871
2788289,1872
2788839,1872
2789389,1872
2789940,1872
2790489,1872
2791040,1872
2791590,1872
2792139,1872
2792689,1871
2793239,1872
2793790,1873
2794344,1872
2794895,1872
2795445,1871
2795995,1871
2796545,1871
2797095,1872
2797645,1872
2798197,1872
2798746,1872
2799297,1872
2799847,1872
2800397,1873
2800948,1872
2801499,1872
2802049,1873
2802600,1872
2803151,1872
2803702,1872
2804251,1874
2804805,1872
2805355,1871
2805906,1872
2806456,1872
2807006,1873
2807557,1872
2808109,1872
2808659,1872
2809210,1872
2809760,1872
2810315,1872
2810866,1873
2811417,1873
2811968,1874
2812518,1872
2813069,1873
2813620,1872
2814171,1872
2814722,1872
2815272,1871
2815822,1872
2816372,1872
2816922,1872
2817472,1872
2818022,1872
2818572,1872
2819123,1872
2819673,1874
2820224,1872
2820776,1872
2821330,1873
2821881,1872
2822432,1872
2822982,1871
2823532,1868
2824082,1874
2824633,1872
2825184,1872
2825735,1872
2826286,1872
2826837,1874
2827388,1871
2827938,1872
2828488,1872
2829039,1873
2829589,1872
2830141,1872
2830692,1872
2831242,1873
2831792,1872
2832346,1873
2832896,1872
2833448,1872
2833997,1872
2834547,1872
2835097,1872
2835647,1874
2836203,1872
2836754,1872
2837308,1872
2837859,1872
2838409,1872
2838960,1872
2839510,1872
2840061,1871
2840611,1873
2841162,1872
2841713,1871
2842264,1872
2842813,1872
2843363,1872
2843913,1870
2844463,1872
2845014,1873
2845565,1873
2846115,1872
2846665,1871
2847215,1871
2847765,1872
2848319,1872
2848869,1872
2849419,1872
2849969,1875
2850520,1872
2851072,1874
2851623,1872
2852174,1873
2852726,1872
2853277,1873
2853827,1871
2854378,1873
2854929,1872
2855480,1872
2856030,1873
2856581,1872
2857133,1872
2857682,1872
2858232,1872
2858783,1872
2859337,1872
2859887,1872
2860437,1873
2860988,1872
2861539,1871
2862089,1872
2862639,1873
2863190,1872
2863742,1873
2864292,1870
2864844,1876
2865395,1871
2865946,1872
2866496,1872
2867047,1872
2867597,1872
2868148,1872
2868697,1872
2869247,1872
2869797,1872
2870352,1872
2870901,1871
2871451,1870
2872001,1872
2872551,1872
2873102,1872
2873652,1872
2874203,1872
2874752,1871
2875307,1872
2875857,1872
2876407,1872
2876958,1872
2877508,1872
2878059,1872
2878609,1873
2879162,1873
2879711,1872
2880262,1870
2880813,1872
2881363,1872
2881913,1872
2882463,1872
2883014,1872
2883564,1872
2884115,1872
2884665,1872
2885215,1875
2885766,1872
2886322,1872
2886872,1872
2887422,1873
2887973,1872
2888524,1872
2889075,1872
2889625,1872
2890176,1872
2890727,1872
2891277,1872
2891826,1871
2892376,1872
2892927,1872
2893477,1872
2894028,1873
2894579,1871
2895129,1872
2895680,1874
2896230,1874
2896780,1872
2897336,1872
2897886,1875
2898437,1872
2898988,1872
2899538,1872
2900087,1872
2900637,1872
2901189,1872
2901739,1872
2902289,1871
2902840,1872
2903390,1871
2903940,1872
2904490,1872
2905041,1872
2905590,1872
2906140,1872
2906690,1872
2907240,1872
2907791,1872
2908344,1872
2908893,1872
2909443,1871
2909994,1872
2910544,1871
2911095,1872
2911645,1872
2912196,1872
2912746,1872
2913296,1872
2913847,1871
2914397,1872
2914948,1872
2915498,1872
2916048,1873
2916599,1873
2917149,1872
2917700,1871
2918251,1872
2918805,1872
2919355,1872
2919906,1872
2920456,1872
2921006,1872
2921556,1873
2922108,1872
2922659,1872
2923210,1871
2923759,1875
2924315,1872
2924865,1872
2925415,1871
2925966,1872
2926516,1869
2927066,1872
2927616,1872
2928168,1872
2928718,1872
2929268,1873
2929820,1872
2930371,1870
2930921,1872
2931471,1872
2932022,1872
2932572,1872
2933122,1872
2933673,1873
2934224,1872
2934774,1873
2935329,1872
2935880,1873
2936431,1872
2936982,1873
2937533,1872
2938084,1871
2938634,1872
2939185,1871
2939736,1874
2940287,1872
2940838,1872
2941388,1872
2941938,1872
2942488,1872
2943037,1872
2943587,1872
2944137,1872
2944687,1872
2945238,1872
2945788,1871
2946344,1872
2946893,1872
2947443,1872
2947993,1872
2948543,1872
2949094,1872
2949643,1872
2950194,1872
2950745,1872
2951294,1872
2951844,1872
2952395,1872
2952945,1872
2953495,1872
2954045,1872
2954595,1872
2955145,1872
2955696,1873
2956246,1873
2956796,1872
2957350,1872
2957901,1872
2958451,1872
2959001,1870
2959551,1872
2960102,1872
2960651,1868
2961202,1871
2961752,1871
2962307,1871
2962857,1872
2963407,1872
2963957,1871
2964507,1872
2965057,1873
2965608,1872
2966159,1872
2966710,1872
2967261,1872
2967811,1872
2968361,1872
2968912,1872
2969462,1871
2970013,1869
2970563,1873
2971114,1872
2971665,1872
2972216,1871
2972765,1872
2973319,1872
2973869,1872
2974419,1872
2974969,1874
2975520,1872
2976072,1871
2976622,1872
2977172,1873
2977724,1871
2978275,1872
2978825,1871
2979375,1872
2979926,1874
2980476,1872
2981028,1872
2981578,1872
2982128,1872
2982678,1872
2983229,1872
2983778,1872
2984332,1871
2984882,1869
2985432,1872
2985982,1872
2986532,1872
2987083,1871
2987633,1872
2988185,1872
2988735,1872
2989285,1872
2989836,1872
2990386,1872
2990935,1872
2991485,1872
2992035,1872
2992585,1872
2993136,1872
2993686,1872
2994237,1870
2994788,1872
2995342,1872
2995893,1872
2996443,1872
2996994,1872
2997544,1875
2998096,1874
2998646,1872
2999197,1872
2999748,1874
3000299,1873
3000849,1872
3001400,1873
3001952,1872
3002502,1872
3003053,1873
3003604,1872
3004155,1872
3004704,1871
3005254,1872
3005805,1872
3006355,1872
3006906,1872
3007456,1875
3008006,1872
3008557,1872
3009108,1873
3009659,1872
3010210,1872
3010761,1873
3011316,1871
3011866,1871
3012416,1872
3012967,1872
3013517,1872
3014066,1874
3014617,1870
3015170,1871
3015720,1873
3016271,1872
3016822,1872
3017372,1871
3017922,1874
3018473,1872
3019025,1872
3019575,1872
3020124,1872
3020675,1870
3021225,1872
3021774,1872
3022329,1874
3022880,1872
3023431,1872
3023981,1872
3024531,1872
3025082,1872
3025632,1872
3026183,1872
3026733,1872
3027283,1872
3027833,1872
3028383,1872
3028934,1873
3029485,1872
3030035,1872
3030585,1874
3031137,1872
3031688,1872
3032238,1872
3032787,1872
3033343,1873
3033893,1872
3034444,1872
3034994,1871
3035544,1872
3036095,1871
3036645,1872
3037197,1871
3037746,1872
3038296,1870
3038846,1872
3039396,1872
3039946,1872
3040496,1872
3041047,1872
3041597,1874
3042149,1872
3042699,1873
3043250,1873
3043804,1872
3044356,1872
3044906,1872
3045456,1872
3046007,1872
3046557,1872
3047108,1872
3047658,1873
3048208,1869
3048759,1873
3049314,1871
3049866,1872
3050416,1875
3050967,1872
3051518,1872
3052069,1872
3052619,1870
3053170,1872
3053721,1872
3054271,1872
3054822,1872
3055372,1872
3055921,1872
3056471,1873
3057022,1872
3057573,1872
3058123,1872
3058673,1872
3059223,1872
3059774,1872
3060328,1872
3060878,1872
3061428,1872
3061978,1872
3062528,1873
3063080,1872
3063630,1872
3064181,1872
3064730,1872
3065280,1872
3065830,1871
3066380,1875
3066932,1872
3067482,1872
3068033,1872
3068583,1872
3069132,1872
3069682,1872
3070232,1872
3070783,1872
3071337,1871
3071887,1870
3072437,1871
3072988,1872
3073538,1871
3074089,1875
3074640,1872
3075191,1872
3075741,1872
3076291,1872
3076841,1870
3077391,1873
3077942,1872
3078493,1872
3079043,1872
3079593,1872
3080143,1874
3080694,1870
3081246,1871
3081796,1872
3082349,1872
3082899,1872
3083449,1872
3084000,1873
3084551,1872
3085101,1872
3085651,1872
3086203,1872
3086752,1872
3087307,1872
3087858,1872
3088408,1872
3088958,1872
3089508,1871
3090057,1872
3090607,1872
3091158,1871
3091709,1872
3092259,1872
3092808,1872
3093358,1872
3093908,1873
3094459,1872
3095010,1873
3095561,1871
3096112,1873
3096664,1872
3097214,1872
3097765,1872
3098319,1872
3098869,1872
3099419,1872
3099969,1872
3100519,1869
3101069,1872
3101619,1872
3102171,1871
3102720,1872
3103271,1872
3103820,1871
3104370,1872
3104921,1874
3105472,1872
3106022,1872
3106572,1873
3107123,1872
3107674,1872
3108225,1871
3108776,1872
3109330,1873
3109882,1873
3110432,1872
3110983,1872
3111533,1872
3112083,1872
3112633,1870
3113185,1872
3113736,1872
3114286,1875
3114836,1872
3115387,1873
3115938,1872
3116490,1872
3117039,1872
3117589,1872
3118139,1873
3118690,1872
3119241,1872
3119791,1872
3120345,1873
3120896,1873
3121446,1872
3121998,1872
3122547,1872
3123097,1871
3123647,1872
3124202,1872
3124751,1871
3125306,1872
3125856,1872
3126406,1872
3126956,1872
3127507,1872
3128056,1869
3128606,1872
3129157,1872
3129707,1873
3130258,1872
3130808,1872
3131358,1872
3131908,1872
3132458,1869
3133008,1871
3133558,1872
3134109,1872
3134660,1873
3135210,1873
3135761,1872
3136315,1871
3136866,1872
3137416,1872
3137966,1872
3138516,1870
3139067,1870
3139616,1872
3140168,1872
3140718,1872
3141269,1869
3141819,1871
3142369,1872
3142919,1874
3143470,1872
3144021,1872
3144571,1872
3145122,1872
3145672,1872
3146222,1872
3146772,1871
3147326,1871
3147876,1871
3148427,1872
3148976,1870
3149526,1872
3150076,1872
3150626,1871
3151177,1870
3151727,1872
3152278,1872
3152827,1872
3153377,1872
3153927,1872
3154477,1872
3155028,1872
3155578,1872
3156129,1871
3156679,1872
3157229,1872
3157779,1871
3158333,1872
3158883,1871
3159433,1872
3159983,1872
3160533,1872
3161083,1871
3161633,1871
3162185,1872
3162736,1872
3163286,1872
3163835,1871
3164386,1872
3164935,1872
3165485,1872
3166036,1869
3166586,1871
3167137,1873
3167688,1871
3168238,1870
3168789,1872
3169344,1873
3169894,1872
3170445,1871
3170996,1872
3171546,1872
3172096,1872
3172646,1872
3173198,1872
3173748,1872
3174299,1872
3174848,1872
3175398,1872
3175948,1872
3176498,1872
3177048,1872
3177598,1869
3178148,1872
3178698,1871
3179248,1870
3179798,1872
3180353,1871
3180902,1872
3181452,1872
3182002,1872
3182552,1872
3183102,1871
3183652,1872
3184204,1872
3184755,1873
3185308,1872
3185860,1871
3186410,1872
3186961,1872
3187511,1871
3188061,1872
3188611,1872
3189165,1872
3189715,1872
3190265,1871
3190815,1869
3191365,1872
3191915,1872
3192466,1870
3193015,1872
3193565,1872
3194116,1873
3194666,1872
3195218,1873
3195768,1872
3196324,1872
3196875,1871
3197425,1872
3197975,1872
3198525,1872
3199075,1871
3199626,1870
3200176,1873
3200727,1872
3201279,1872
3201830,1872
3202380,1872
3202930,1873
3203481,1872
3204033,1872
3204583,1874
3205135,1873
3205685,1872
3206237,1872
3206786,1872
3207340,1872
3207891,1872
3208441,1872
3208991,1872
3209541,1871
3210091,1872
3210641,1872
3211192,1869
3211742,1872
3212293,1871
3212844,1872
3213394,1873
3213946,1872
3214497,1872
3215048,1873
3215598,1872
3216149,1872
3216700,1872
3217251,1872
3217805,1874
3218355,1871
3218906,1872
3219456,1872
3220006,1873
3220557,1873
3221108,1872
3221658,1872
3222209,1872
3222758,1873
3223313,1872
3223865,1872
3224415,1871
3224966,1871
3225516,1872
3226067,1873
3226618,1872
3227170,1872
3227721,1872
3228271,1872
3228822,1871
3229372,1872
3229921,1870
3230471,1875
3231023,1872
3231573,1872
3232123,1872
3232673,1871
3233224,1871
3233775,1872
3234329,1872
3234880,1872
3235430,1874
3235981,1872
3236532,1872
3237082,1872
3237632,1871
3238182,1872
3238732,1872
3239282,1872
3239833,1872
3240382,1872
3240933,1872
3241483,1870
3242033,1872
3242583,1872
3243134,1872
3243683,1875
3244234,1871
3244785,1872
3245339,1872
3245890,1872
3246440,1872
3246990,1872
3247540,1872
3248090,1870
3248640,1872
3249192,1872
3249742,1872
3250292,1872
3250841,1872
3251391,1872
3251942,1871
3252492,1872
3253041,1872
3253591,1871
3254142,1872
3254692,1872
3255242,1872
3255792,1872
3256346,1872
3256897,1872
3257447,1872
3257996,1872
3258546,1872
3259096,1872
3259646,1873
3260197,1872
3260749,1872
3261298,1872
3261848,1871
3262398,1871
3262948,1872
3263498,1872
3264048,1872
3264598,1872
3265149,1872
3265698,1872
3266248,1873
3266799,1872
3267353,1872
3267902,1872
3268452,1874
3269003,1872
3269554,1872
3270104,1872
3270655,1873
3271206,1872
3271756,1873
3272309,1871
3272860,1872
3273410,1875
3273962,1872
3274512,1873
3275064,1872
3275614,1871
3276167,1872
3276717,1872
3277268,1871
3277818,1872
3278368,1870
3278919,1873
3279470,1871
3280021,1872
3280571,1872
3281121,1872
3281670,1872
3282220,1872
3282770,1874
3283326,1872
3283876,1872
3284427,1871
3284976,1872
3285526,1872
3286077,1871
3286627,1872
3287178,1872
3287729,1872
3288279,1871
3288828,1872
3289378,1874
3289929,1872
3290481,1872
3291030,1872
3291580,1872
3292131,1871
3292682,1872
3293231,1870
3293782,1872
3294336,1872
3294886,1872
3295436,1872
3295987,1872
3296537,1872
3297087,1872
3297637,1871
3298189,1872
3298740,1872
3299289,1872
3299839,1874
3300390,1872
3300941,1872
3301491,1872
3302042,1871
3302592,1871
3303143,1872
3303694,1871
3304244,1873
3304795,1870
3305350,1872
3305899,1873
3306450,1872
3307001,1873
3307552,1872
3308104,1872
3308654,1871
3309205,1872
3309756,1870
3310310,1870
3310860,1871
3311410,1871
3311961,1872
3312511,1871
3313062,1871
3313612,1871
3314166,1872
3314716,1869
3315267,1872
3315817,1872
3316367,1872
3316917,1874
3317468,1872
3318018,1872
3318568,1872
3319118,1872
3319668,1872
3320218,1873
3320770,1872
3321324,1871
3321874,1872
3322424,1872
3322974,1872
3323524,1872
3324074,1873
3324625,1872
3325177,1872
3325727,1872
3326278,1872
3326827,1874
3327378,1871
3327929,1873
3328480,1874
3329030,1871
3329581,1874
3330133,1873
3330682,1871
3331233,1872
3331784,1872
3332338,1872
3332888,1872
3333439,1872
3333988,1872
3334538,1872
3335088,1871
3335638,1872
3336190,1873
3336740,1873
3337291,1871
3337841,1872
3338391,1872
3338942,1872
3339492,1872
3340042,1870
3340592,1872
3341143,1872
3341694,1872
3342245,1872
3342796,1869
3343348,1872
3343898,1872
3344448,1872
3344999,1872
3345549,1873
3346099,1875
3346649,1871
3347201,1872
3347751,1872
3348306,1874
3348858,1872
3349409,1871
3349958,1871
3350508,1872
3351059,1872
3351609,1872
3352160,1874
3352712,1872
3353263,1872
3353813,1872
3354363,1871
3354913,1871
3355463,1872
3356014,1872
3356563,1872
3357114,1872
3357664,1872
3358214,1872
3358764,1872
3359318,1872
3359868,1872
3360418,1871
3360968,1873
3361519,1875
3362069,1873
3362619,1872
3363171,1872
3363722,1872
3364271,1869
3364822,1872
3365372,1870
3365921,1872
3366471,1872
3367022,1873
3367573,1872
3368124,1874
3368675,1872
3369226,1872
3369775,1872
3370329,1871
3370879,1871
3371429,1871
3371980,1872
3372530,1872
3373079,1872
3373629,1872
3374180,1872
3374729,1872
3375279,1872
3375829,1872
3376379,1874
3376930,1872
3377482,1872
3378033,1871
3378583,1872
3379132,1872
3379682,1872
3380233,1871
3380783,1871
3381337,1874
3381888,1872
3382439,1872
3382989,1872
3383539,1871
3384089,1872
3384639,1872
3385191,1872
3385741,1872
3386292,1872
3386843,1872
3387393,1873
3387943,1872
3388494,1872
3389044,1872
3389594,1872
3390145,1872
3390695,1872
3391245,1872
3391796,1871
3392348,1872
3392899,1872
3393449,1872
3393999,1872
3394549,1872
3395098,1872
3395648,1872
3396202,1872
3396751,1873
3397306,1875
3397857,1873
3398407,1872
3398958,1872
3399508,1871
3400058,1872
3400609,1872
3401161,1872
3401711,1871
3402261,1872
3402812,1872
3403362,1872
3403913,1872
3404463,1872
3405013,1871
3405563,1872
3406114,1871
3406663,1873
3407215,1871
3407765,1871
3408319,1872
3408870,1871
3409420,1873
3409970,1873
3410520,1872
3411072,1872
3411622,1872
3412172,1872
3412723,1872
3413273,1872
3413824,1872
3414374,1872
3414925,1871
3415475,1872
3416026,1872
3416576,1872
3417125,1872
3417675,1872
3418226,1871
3418776,1872
3419331,1873
3419881,1872
3420432,1873
3420983,1872
3421534,1872
3422084,1872
3422634,1872
3423184,1872
3423734,1872
3424285,1872
3424834,1872
3425384,1872
3425934,1877
3426485,1872
3427036,1872
3427586,1872
3428136,1872
3428686,1873
3429237,1872
3429788,1877
3430344,1872
3430895,1872
3431445,1872
3431996,1872
3432546,1873
3433097,1872
3433648,1875
3434202,1874
3434752,1872
3435307,1872
3435857,1872
3436407,1872
3436958,1872
3437508,1871
3438057,1872
3438607,1871
3439158,1872
3439708,1872
3440259,1875
3440809,1867
3441360,1872
3441910,1871
3442460,1872
3443010,1872
3443560,1872
3444111,1872
3444661,1872
3445212,1873
3445763,1873
3446317,1872
3446868,1871
3447419,1873
3447969,1873
3448519,1872
3449071,1872
3449621,1870
3450172,1872
3450722,1873
3451273,1871
3451825,1872
3452375,1873
3452927,1872
3453478,1872
3454028,1871
3454578,1872
3455128,1872
3455678,1872
3456228,1872
3456778,1872
3457332,1872
3457883,1871
3458433,1871
3458982,1870
3459532,1872
3460083,1871
3460633,1872
3461184,1872
3461734,1872
3462285,1874
3462835,1872
3463386,1872
3463937,1872
3464487,1872
3465036,1872
3465586,1872
3466136,1872
3466686,1872
3467236,1872
3467787,1872
3468340,1872
3468891,1872
3469441,1873
3469991,1872
3470542,1872
3471093,1872
3471642,1872
3472194,1872
3472744,1872
3473294,1872
3473845,1872
3474395,1872
3474945,1872
3475495,1872
3476045,1872
3476595,1872
3477145,1871
3477696,1872
3478246,1871
3478797,1872
3479350,1871
3479901,1872
3480451,1872
3481001,1872
3481551,1871
3482102,1872
3482652,1873
3483203,1871
3483754,1873
3484308,1871
3484860,1872
3485410,1871
3485959,1872
3486510,1872
3487060,1873
3487611,1872
3488162,1872
3488712,1872
3489262,1873
3489813,1872
3490364,1872
3490914,1872
3491464,1872
3492014,1872
3492564,1872
3493115,1872
3493665,1872
3494216,1872
3494766,1872
3495321,1872
3495871,1872
3496421,1873
3496973,1875
3497523,1872
3498075,1872
3498625,1871
3499176,1872
3499725,1872
3500275,1872
3500826,1873
3501376,1872
3501928,1874
3502479,1872
3503029,1872
3503579,1872
3504130,1872
3504680,1872
3505231,1872
3505780,1872
3506335,1871
3506885,1872
3507435,1872
3507986,1872
3508536,1872
3509087,1872
3509637,1872
3510188,1872
3510738,1872
3511288,1871
3511839,1872
3512389,1873
3512940,1873
3513490,1872
3514041,1873
3514591,1872
3515143,1873
3515693,1871
3516245,1873
3516796,1872
3517350,1872
3517900,1874
3518450,1872
3519001,1872
3519551,1872
3520102,1872
3520652,1872
3521204,1873
3521754,1872
3522308,1872
3522859,1872
3523409,1872
3523960,1872
3524510,1872
3525061,1872
3525611,1869
3526166,1872
3526716,1872
3527267,1872
3527818,1873
3528368,1872
3528920,1872
3529470,1871
3530021,1872
3530571,1872
3531120,1872
3531670,1871
3532221,1872
3532772,1871
3533326,1872
3533876,1871
3534426,1872
3534976,1872
3535526,1872
3536076,1869
3536626,1872
3537177,1872
3537728,1872
3538279,1872
3538829,1872
3539379,1872
3539929,1871
3540479,1872
3541029,1872
3541579,1872
3542130,1874
3542680,1872
3543232,1872
3543782,1875
3544337,1872
3544887,1874
3545438,1872
3545989,1872
3546539,1872
3547089,1869
3547639,1872
3548191,1872
3548741,1872
3549292,1872
3549841,1873
3550392,1873
3550942,1872
3551493,1874
3552045,1873
3552595,1872
3553146,1872
3553696,1872
3554246,1872
3554797,1872
3555350,1873
3555901,1871
3556452,1872
3557002,1872
3557552,1872
3558102,1872
3558652,1872
3559204,1872
3559754,1872
3560308,1872
3560858,1872
3561408,1872
3561959,1872
3562509,1872
3563060,1872
3563610,1874
3564161,1873
3564711,1872
3565263,1872
3565813,1872
3566363,1872
3566914,1872
3567464,1872
3568014,1873
3568565,1872
3569117,1872
3569667,1873
3570219,1869
3570769,1873
3571324,1872
3571875,1872
3572425,1871
3572975,1872
3573525,1871
3574076,1873
3574626,1872
3575178,1872
3575729,1872
3576279,1874
3576829,1872
3577380,1874
3577932,1872
3578482,1872
3579033,1872
3579583,1873
3580134,1872
3580684,1872
3581234,1872
3581784,1872
3582338,1872
3582888,1872
3583438,1872
3583989,1872
3584539,1872
3585089,1870
3585639,1872
3586190,1872
3586741,1872
3587291,1872
3587841,1872
3588391,1872
3588941,1872
3589491,1872
3590042,1872
3590592,1872
3591143,1874
3591693,1872
3592244,1872
3592794,1872
3593348,1873
3593900,1872
3594450,1872
3595001,1872
3595551,1872
3596102,1872
3596652,1871
3597203,1873
3597753,1872
3598308,1873
3598859,1872
3599410,1872
3599961,1872
3600511,1872
3601061,1874
3601612,1870
3602166,1872
3602716,1872
3603267,1872
3603818,1872
3604368,1872
3604919,1872
3605469,1872
3606020,1872
3606570,1872
3607119,1873
3607670,1872
3608221,1873
3608772,1872
3609328,1874
3609879,1872
3610429,1871
3610980,1872
3611530,1871
3612081,1875
3612632,1871
3613183,1872
3613733,1872
3614284,1871
3614833,1872
3615383,1874
3615934,1873
3616484,1872
3617035,1872
3617585,1872
3618136,1872
3618686,1872
3619237,1872
3619788,1870
3620342,1872
3620892,1872
3621442,1872
3621993,1872
3622543,1871
3623094,1872
3623644,1872
3624196,1872
3624747,1875
3625298,1872
3625848,1873
3626399,1872
3626950,1872
3627500,1873
3628051,1874
3628601,1872
3629153,1873
3629703,1872
3630255,1874
3630805,1872
3631356,1871
3631906,1874
3632457,1872
3633008,1873
3633559,1872
3634110,1872
3634663,1872
3635213,1872
3635764,1871
3636318,1869
3636868,1872
3637418,1874
3637969,1872
3638521,1871
3639070,1870
3639620,1869
3640171,1872
3640722,1872
3641271,1872
3641821,1872
3642371,1871
3642921,1871
3643471,1872
3644021,1869
3644571,1872
3645122,1872
3645673,1872
3646223,1872
3646773,1873
3647328,1872
3647879,1872
3648429,1872
3648980,1871
3649530,1872
3650081,1872
3650631,1870
3651181,1872
3651731,1872
3652282,1873
3652832,1872
3653383,1872
3653934,1874
3654484,1872
3655035,1872
3655585,1872
3656136,1873
3656686,1872
3657238,1872
3657788,1872
3658343,1873
3658894,1872
3659445,1872
3659995,1872
3660545,1874
3661097,1872
3661647,1873
3662201,1872
3662752,1872
3663307,1872
3663858,1866
3664408,1872
3664957,1872
3665508,1871
3666057,1872
3666607,1874
3667159,1873
3667709,1872
3668260,1871
3668811,1872
3669361,1872
3669912,1871
3670462,1872
3671012,1874
3671563,1872
3672113,1872
3672664,1873
3673215,1872
3673765,1872
3674319,1873
3674871,1872
3675421,1872
3675972,1872
3676522,1872
3677072,1873
3677623,1871
3678174,1870
3678724,1872
3679275,1872
3679825,1872
3680375,1872
3680926,1872
3681476,1872
3682025,1872
3682575,1872
3683125,1872
3683676,1872
3684226,1872
3684777,1872
3685331,1873
3685883,1872
3686433,1872
3686984,1872
3687534,1872
3688084,1872
3688634,1871
3689185,1872
3689735,1872
3690286,1872
3690837,1873
3691388,1873
3691939,1873
3692489,1870
3693040,1872
3693590,1871
3694141,1872
3694690,1872
3695240,1872
3695791,1872
3696344,1872
3696893,1870
3697443,1873
3697995,1872
3698545,1872
3699095,1872
3699645,1872
3700197,1871
3700746,1871
3701297,1872
3701848,1872
3702398,1874
3702949,1872
3703501,1872
3704052,1872
3704602,1870
3705153,1873
3705703,1872
3706254,1872
3706805,1871
3707355,1872
3707906,1872
3708456,1873
3709007,1871
3709557,1873
3710108,1872
3710659,1874
3711210,1871
3711760,1872
3712314,1872
3712865,1872
3713415,1872
3713965,1875
3714516,1872
3715068,1873
3715618,1872
3716170,1874
3716720,1872
3717271,1872
3717822,1871
3718372,1872
3718921,1872
3719471,1874
3720023,1872
3720574,1873
3721124,1872
3721676,1872
3722226,1872
3722777,1870
3723331,1872
3723882,1872
3724432,1873
3724984,1872
3725534,1872
3726084,1872
3726634,1872
3727185,1872
3727734,1872
3728285,1873
3728836,1872
3729387,1872
3729938,1872
3730488,1872
3731038,1872
3731588,1872
3732138,1872
3732688,1872
3733239,1872
3733790,1872
3734345,1872
3734894,1872
3735444,1872
3735995,1872
3736545,1872
3737096,1872
3737646,1872
3738197,1872
3738748,1872
3739298,1872
3739849,1872
3740399,1872
3740949,1872
3741500,1872
3742049,1872
3742599,1872
3743150,1873
3743700,1873
3744250,1872
3744805,1872
3745355,1872
3745906,1873
3746457,1873
3747008,1872
3747559,1872
3748110,1872
3748660,1872
3749210,1872
3749760,1873
3750315,1873
3750865,1872
3751416,1872
3751967,1870
3752517,1872
3753067,1872
3753617,1872
3754169,1872
3754718,1872
3755268,1872
3755818,1872
3756368,1869
3756919,1872
3757469,1872
3758020,1872
3758570,1872
3759121,1872
3759670,1872
3760220,1872
3760770,1871
3761324,1872
3761874,1872
3762424,1872
3762975,1871
3763525,1872
3764076,1874
3764627,1868
3765177,1872
3765727,1872
3766278,1872
3766829,1873
3767380,1871
3767930,1872
3768481,1872
3769030,1871
3769580,1872
3770130,1872
3770680,1872
3771230,1872
3771781,1870
3772335,1872
3772885,1872
3773435,1872
3773985,1872
3774536,1873
3775086,1872
3775637,1873
3776189,1872
3776739,1873
3777291,1871
3777841,1872
3778391,1872
3778941,1872
3779491,1872
3780042,1872
3780592,1871
3781143,1872
3781694,1872
3782244,1871
3782793,1872
3783348,1872
3783899,1872
3784449,1872
3784999,1872
3785549,1872
3786100,1871
3786650,1872
3787201,1872
3787751,1874
3788306,1872
3788858,1872
3789408,1872
3789958,1872
3790508,1872
3791058,1871
3791608,1872
3792159,1872
3792709,1872
3793260,1872
3793809,1873
3794360,1871
3794912,1870
3795462,1872
3796013,1872
3796563,1872
3797112,1872
3797664,1872
3798213,1872
3798764,1871
3799318,1872
3799868,1874
3800419,1871
3800971,1872
3801521,1872
3802071,1872
3802621,1872
3803172,1871
3803722,1874
3804273,1871
3804825,1872
3805375,1872
3805925,1872
3806475,1872
3807026,1871
3807576,1872
3808126,1872
3808676,1872
3809226,1873
3809778,1873
3810332,1873
3810883,1872
3811434,1872
3811984,1873
3812535,1872
3813087,1872
3813637,1872
3814188,1871
3814738,1874
3815289,1872
3815840,1871
3816390,1872
3816941,1872
3817491,1872
3818040,1873
3818592,1872
3819143,1873
3819694,1872
3820245,1872
3820796,1873
3821349,1872
3821901,1872
3822451,1872
3823001,1872
3823551,1872
3824101,1872
3824651,1872
3825202,1872
3825752,1872
3826307,1871
3826858,1872
3827408,1872
3827959,1872
3828509,1871
3829058,1872
3829609,1872
3830161,1872
3830711,1872
3831261,1872
3831812,1871
3832362,1872
3832912,1872
3833463,1872
3834013,1873
3834564,1872
3835114,1872
3835664,1871
3836214,1872
3836764,1872
3837318,1872
3837868,1871
3838418,1872
3838968,1872
3839518,1872
3840069,1871
3840619,1872
3841171,1871
3841722,1871
3842271,1873
3842823,1871
3843373,1871
3843923,1872
3844473,1872
3845023,1872
3845573,1872
3846123,1871
3846673,1872
3847224,1872
3847773,1872
3848327,1872
3848878,1872
3849428,1872
3849977,1872
3850528,1872
3851077,1872
3851627,1871
3852179,1872
3852729,1872
3853279,1872
3853829,1870
3854379,1872
3854929,1872
3855479,1872
3856029,1872
3856579,1872
3857130,1872
3857680,1872
3858230,1871
3858780,1872
3859335,1873
3859885,1872
3860436,1869
3860987,1873
3861538,1872
3862089,1872
3862639,1871
3863190,1872
3863740,1872
3864291,1871
3864840,1872
3865390,1873
3865942,1872
3866492,1872
3867042,1872
3867592,1872
3868143,1874
3868693,1872
3869245,1872
3869795,1872
3870348,1872
3870899,1872
3871449,1872
3872000,1872
3872550,1872
3873101,1870
3873651,1872
3874203,1872
3874753,1872
3875308,1870
3875859,1872
3876409,1872
3876958,1872
3877508,1871
3878059,1873
3878610,1873
3879160,1872
3879711,1872
3880261,1872
3880812,1872
3881362,1872
3881912,1872
3882462,1872
3883012,1871
3883563,1872
3884112,1871
3884663,1872
3885214,1872
3885764,1872
3886318,1872
3886868,1871
3887418,1872
3887968,1873
3888519,1871
3889071,1871
3889621,1871
3890173,1873
3890723,1872
3891274,1872
3891825,1872
3892375,1872
3892926,1872
3893476,1872
3894027,1872
3894577,1872
3895127,1872
3895677,1870
3896227,1872
3896777,1872
3897331,1872
3897882,1872
3898432,1872
3898982,1872
3899532,1871
3900083,1872
3900633,1872
3901184,1872
3901734,1872
3902284,1873
3902835,1872
3903386,1872
3903936,1872
3904486,1872
3905036,1872
3905586,1872
3906136,1871
3906686,1872
3907237,1872
3907787,1872
3908343,1871
3908893,1872
3909443,1872
3909993,1872
3910543,1874
3911094,1872
3911645,1871
3912197,1872
3912747,1873
3913298,1873
3913849,1872
3914400,1872
3914950,1872
3915500,1872
3916050,1872
3916601,1872
3917150,1872
3917701,1870
3918252,1872
3918805,1872
3919355,1872
3919906,1872
3920456,1872
3921005,1872
3921555,1872
3922106,1872
3922655,1872
3923205,1872
3923756,1874
3924309,1872
3924860,1872
3925410,1872
3925961,1872
3926511,1872
3927062,1872
3927612,1872
3928166,1872
3928716,1873
3929266,1873
3929817,1872
3930368,1871
3930919,1872
3931469,1872
3932020,1872
3932570,1873
3933121,1875
3933671,1872
3934223,1870
3934772,1872
3935326,1872
3935876,1872
3936426,1870
3936976,1872
3937526,1873
3938077,1875
3938628,1872
3939178,1873
3939729,1872
3940281,1872
3940831,1874
3941382,1871
3941934,1872
3942484,1872
3943034,1872
3943584,1872
3944135,1872
3944685,1872
3945235,1872
3945786,1872
3946340,1871
3946891,1872
3947441,1871
3947991,1872
3948541,1872
3949091,1872
3949641,1872
3950192,1873
3950743,1872
3951295,1870
3951846,1871
3952396,1871
3952946,1872
3953496,1872
3954047,1872
3954597,1872
3955146,1872
3955697,1871
3956247,1872
3956797,1872
3957351,1872
3957901,1873
3958452,1872
3959003,1872
3959553,1872
3960104,1871
3960654,1871
3961204,1872
3961754,1871
3962308,1872
3962859,1872
3963409,1872
3963960,1872
3964510,1872
3965060,1871
3965610,1872
3966162,1872
3966712,1872
3967262,1872
3967812,1872
3968362,1872
3968912,1875
3969463,1869
3970015,1872
3970565,1872
3971115,1873
3971666,1872
3972217,1872
3972767,1872
3973322,1872
3973872,1871
3974422,1872
3974971,1870
3975521,1872
3976072,1872
3976622,1870
3977173,1872
3977722,1872
3978273,1872
3978824,1872
3979374,1872
3979925,1871
3980475,1872
3981026,1872
3981576,1872
3982125,1872
3982675,1872
3983226,1872
3983777,1872
3984331,1872
3984881,1872
3985431,1873
3985982,1874
3986532,1872
3987083,1872
3987633,1872
3988185,1873
3988736,1873
3989286,1872
3989838,1873
3990388,1873
3990939,1872
3991490,1872
3992041,1872
3992591,1873
3993142,1872
3993694,1870
3994243,1872
3994793,1874
3995348,1872
3995899,1872
3996449,1873
3997001,1872
3997551,1872
3998102,1872
3998652,1871
3999202,1872
3999752,1872
4000306,1873
4000858,1872
4001408,1872
4001959,1872
4002509,1872
4003060,1871
4003610,1872
4004160,1872
4004710,1872
4005260,1872
4005811,1872
4006361,1872
4006911,1872
4007461,1872
4008011,1872
4008561,1872
4009111,1872
4009664,1870
4010213,1873
4010765,1872
4011320,1872
4011871,1872
4012421,1872
4012970,1872
4013520,1872
4014070,1872
4014620,1872
4015171,1872
4015722,1872
4016271,1873
4016823,1873
4017373,1872
4017923,1872
4018473,1872
4019023,1874
4019574,1872
4020126,1872
4020676,1872
4021226,1872
4021776,1872
4022330,1873
4022881,1872
4023432,1873
4023983,1875
4024533,1872
4025084,1872
4025634,1870
4026185,1872
4026735,1873
4027286,1872
4027838,1872
4028388,1872
4028939,1874
4029490,1872
4030041,1872
4030591,1872
4031142,1872
4031691,1871
4032241,1872
4032791,1873
4033346,1872
4033896,1872
4034446,1872
4034996,1872
4035546,1872
4036097,1871
4036647,1872
4037201,1872
4037751,1871
4038306,1873
4038858,1872
4039408,1872
4039958,1874
4040509,1872
4041061,1875
4041611,1872
4042166,1872
4042716,1872
4043267,1872
4043817,1872
4044367,1870
4044918,1871
4045468,1872
4046018,1874
4046569,1871
4047120,1872
4047670,1872
4048220,1871
4048770,1871
4049324,1872
4049874,1872
4050424,1875
4050975,1871
4051526,1872
4052076,1874
4052627,1869
4053179,1872
4053729,1873
4054280,1872
4054832,1872
4055382,1872
4055933,1872
4056483,1872
4057032,1872
4057582,1877
4058134,1871
4058684,1872
4059234,1873
4059786,1871
4060340,1872
4060891,1873
4061442,1872
4061992,1872
4062542,1874
4063094,1872
4063645,1873
4064197,1871
4064747,1872
4065298,1872
4065847,1872
4066397,1871
4066947,1873
4067498,1872
4068049,1872
4068599,1872
4069150,1872
4069700,1871
4070251,1873
4070805,1872
4071355,1872
4071905,1871
4072455,1869
4073005,1872
4073555,1872
4074106,1872
4074655,1872
4075205,1875
4075756,1875
4076310,1872
4076860,1872
4077410,1872
4077961,1872
4078511,1872
4079061,1873
4079612,1870
4080166,1872
4080716,1874
4081268,1872
4081818,1872
4082368,1872
4082919,1873
4083470,1872
4084021,1872
4084571,1872
4085121,1872
4085671,1872
4086222,1872
4086773,1872
4087327,1872
4087877,1871
4088428,1872
4088977,1872
4089528,1877
4090079,1873
4090629,1871
4091181,1872
4091731,1872
4092281,1872
4092832,1872
4093382,1873
4093933,1872
4094484,1872
4095035,1872
4095585,1872
4096136,1872
4096686,1872
4097237,1872
4097787,1872
4098342,1872
4098892,1873
4099443,1872
4099994,1872
4100544,1873
4101096,1872
4101646,1872
4102198,1871
4102748,1873
4103299,1872
4103851,1872
4104401,1872
4104952,1872
4105502,1872
4106053,1872
4106603,1872
4107154,1871
4107703,1872
4108253,1870
4108805,1872
4109355,1872
4109906,1872
4110456,1872
4111007,1874
4111558,1871
4112109,1874
4112660,1872
4113211,1869
4113761,1874
4114317,1872
4114867,1872
4115417,1873
4115968,1872
4116519,1872
4117069,1872
4117619,1872
4118170,1873
4118721,1872
4119272,1873
4119824,1872
4120374,1871
4120925,1872
4121475,1872
4122026,1873
4122576,1872
4123128,1873
4123678,1871
4124229,1872
4124779,1872
4125333,1872
4125883,1871
4126433,1872
4126983,1872
4127533,1872
4128083,1872
4128633,1872
4129185,1872
4129736,1872
4130286,1871
4130837,1872
4131387,1872
4131937,1872
4132487,1872
4133037,1872
4133587,1871
4134137,1872
4134688,1873
4135238,1872
4135789,1872
4136344,1873
4136895,1872
4137446,1872
4137996,1869
4138547,1872
4139096,1872
4139646,1872
4140197,1872
4140747,1872
4141297,1872
4141847,1872
4142397,1872
4142947,1872
4143497,1872
4144048,1871
4144598,1869
4145148,1874
4145699,1872
4146251,1872
4146805,1872
4147355,1871
4147906,1872
4148456,1872
4149007,1872
4149557,1871
4150107,1872
4150657,1872
4151207,1874
4151757,1870
4152313,1873
4152864,1872
4153415,1871
4153966,1873
4154516,1872
4155068,1872
4155618,1871
4156170,1872
4156721,1872
4157271,1873
4157821,1871
4158372,1872
4158922,1873
4159473,1872
4160025,1872
4160575,1872
4161124,1872
4161675,1871
4162225,1872
4162774,1872
4163329,1873
4163879,1872
4164430,1872
4164980,1874
4165531,1873
4166082,1873
4166632,1872
4167184,1872
4167733,1872
4168283,1872
4168833,1872
4169383,1874
4169934,1873
4170484,1872
4171035,1872
4171585,1872
4172136,1872
4172686,1873
4173238,1872
4173788,1872
4174343,1872
4174894,1871
4175444,1872
4175993,1872
4176543,1872
4177094,1872
4177644,1872
4178194,1872
4178744,1873
4179295,1872
4179846,1872
4180396,1872
4180946,1872
4181496,1872
4182047,1872
4182597,1872
4183148,1874
4183698,1873
4184248,1872
4184799,1873
4185354,1872
4185905,1872
4186455,1872
4187006,1872
4187556,1872
4188105,1873
4188656,1872
4189207,1872
4189758,1873
4190312,1872
4190864,1872
4191414,1874
4191965,1872
4192516,1872
4193066,1872
4193616,1872
4194168,1872
4194717,1872
4195267,1872
4195818,1872
4196368,1871
4196917,1872
4197467,1875
4198019,1873
4198569,1872
4199121,1873
4199671,1872
4200223,1872
4200773,1873
4201328,1872
4201880,1872
4202430,1871
4202981,1872
4203531,1874
4204082,1873
4204632,1872
4205184,1872
4205734,1872
4206285,1873
4206836,1872
4207387,1872
4207938,1874
4208489,1874
4209038,1872
4209590,1872
4210139,1869
4210689,1873
4211239,1872
4211790,1872
4212344,1873
4212894,1872
4213445,1872
4213996,1872
4214546,1872
4215097,1872
4215647,1872
4216202,1872
4216752,1872
4217307,1872
4217858,1872
4218408,1872
4218959,1873
4219510,1872
4220061,1872
4220611,1873
4221166,1873
4221716,1872
4222267,1872
4222817,1872
4223368,1869
4223919,1872
4224469,1872
4225020,1872
4225570,1873
4226120,1872
4226671,1872
4227222,1873
4227772,1872
4228327,1872
4228878,1871
4229428,1872
4229979,1872
4230529,1872
4231080,1872
4231630,1872
4232180,1872
4232730,1872
4233280,1872
4233831,1874
4234382,1873
4234932,1872
4235483,1872
4236033,1872
4236583,1872
4237133,1872
4237683,1871
4238233,1872
4238784,1872
4239338,1872
4239888,1871
4240438,1872
4240988,1872
4241538,1872
4242089,1872
4242639,1872
4243191,1873
4243742,1872
4244292,1872
4244842,1874
4245393,1874
4245944,1872
4246495,1872
4247044,1872
4247594,1873
4248145,1872
4248696,1872
4249246,1872
4249797,1872
4250350,1872
4250901,1872
4251451,1871
4252001,1872
4252551,1872
4253102,1871
4253652,1873
4254204,1867
4254755,1872
4255308,1872
4255859,1872
4256409,1872
4256959,1873
4257510,1872
4258061,1872
4258611,1873
4259166,1872
4259717,1872
4260267,1872
4260818,1873
4261368,1872
4261920,1872
4262470,1872
4263021,1872
4263571,1872
4264121,1872
4264671,1872
4265221,1871
4265771,1872
4266325,1872
4266875,1873
4267426,1872
4267977,1872
4268528,1870
4269077,1872
4269627,1872
4270178,1872
4270729,1871
4271278,1872
4271828,1871
4272378,1871
4272928,1872
4273478,1872
4274028,1873
4274579,1873
4275129,1872
4275680,1872
4276231,1873
4276781,1872
4277337,1873
4277887,1872
4278438,1872
4278988,1873
4279539,1872
4280090,1872
4280640,1872
4281190,1872
4281740,1873
4282291,1872
4282842,1872
4283392,1872
4283942,1872
4284492,1873
4285043,1872
4285594,1872
4286144,1872
4286694,1872
4287245,1872
4287795,1872
4288349,1872
4288899,1872
4289449,1872
4290000,1873
4290551,1875
4291100,1872
4291652,1872
4292202,1870
4292752,1872
4293307,1872
4293857,1872
4294407,1872
4294958,1871
4295508,1872
4296058,1871
4296608,1872
4297159,1871
4297709,1872
4298259,1872
4298809,1872
4299359,1872
4299909,1872
4300459,1871
4301009,1873
4301560,1872
4302111,1872
4302662,1871
4303211,1872
4303762,1872
4304316,1872
4304867,1872
4305417,1872
4305968,1872
4306518,1872
4307067,1872
4307617,1871
4308169,1871
4308718,1872
4309268,1872
4309819,1872
4310369,1873
4310920,1872
4311471,1872
4312021,1872
4312571,1871
4313122,1872
4313671,1872
4314221,1872
4314771,1871
4315325,1873
4315877,1872
4316428,1872
4316977,1872
4317527,1873
4318079,1872
4318629,1869
4319179,1872
4319730,1873
4320281,1874
4320832,1872
4321382,1871
4321933,1872
4322483,1871
4323034,1872
4323584,1873
4324135,1872
4324685,1873
4325236,1873
4325786,1872
4326342,1872
4326892,1872
4327442,1873
4327992,1872
4328544,1872
4329094,1872
4329644,1872
4330196,1872
4330746,1872
4331296,1872
4331846,1872
4332396,1872
4332947,1872
4333497,1872
4334048,1872
4334598,1872
4335149,1870
4335699,1872
4336249,1873
4336805,1872
4337355,1872
4337905,1872
4338456,1872
4339006,1872
4339556,1872
4340107,1871
4340656,1872
4341206,1872
4341756,1874
4342309,1872
4342861,1871
4343411,1873
4343963,1872
4344513,1872
4345063,1873
4345614,1870
4346168,1873
4346720,1872
4347271,1872
4347820,1873
4348371,1873
4348921,1872
4349472,1872
4350023,1872
4350573,1874
4351124,1871
4351676,1872
4352226,1873
4352777,1872
4353332,1872
4353882,1872
4354432,1872
4354982,1872
4355532,1874
4356083,1872
4356634,1872
4357185,1871
4357736,1872
4358285,1872
4358835,1872
4359385,1872
4359935,1872
4360485,1872
4361035,1870
4361585,1874
4362136,1872
4362688,1873
4363238,1872
4363790,1873
4364345,1873
4364894,1871
4365445,1872
4365995,1872
4366545,1872
4367095,1871
4367645,1872
4368197,1872
4368746,1872
4369296,1872
4369846,1873
4370397,1872
4370948,1872
4371498,1873
4372050,1874
4372600,1872
4373151,1872
4373701,1872
4374252,1872
4374805,1872
4375355,1871
4375905,1871
4376455,1872
4377006,1872
4377556,1872
4378107,1872
4378656,1872
4379206,1873
4379757,1872
4380312,1872
4380862,1872
4381412,1872
4381962,1872
4382512,1872
4383062,1872
4383612,1871
4384166,1872
4384716,1872
4385267,1872
4385817,1874
4386369,1872
4386919,1872
4387469,1873
4388021,1872
4388571,1872
4389122,1872
4389672,1873
4390223,1873
4390773,1872
4391328,1872
4391879,1872
4392429,1875
4392980,1872
4393531,1871
4394081,1872
4394631,1872
4395181,1872
4395731,1872
4396281,1871
4396831,1874
4397382,1872
4397934,1870
4398484,1872
4399035,1872
4399585,1874
4400136,1872
4400686,1873
4401238,1872
4401788,1872
4402344,1872
4402894,1873
4403445,1872
4403996,1872
4404546,1872
4405096,1871
4405646,1873
4406198,1872
4406748,1872
4407298,1873
4407850,1873
4408400,1872
4408950,1872
4409500,1872
4410050,1872
4410600,1872
4411151,1873
4411702,1872
4412253,1872
4412805,1873
4413356,1869
4413907,1872
4414456,1872
4415007,1873
4415557,1871
4416108,1872
4416658,1872
4417209,1872
4417759,1872
4418313,1872
4418863,1870
4419413,1873
4419965,1870
4420515,1872
4421065,1872
4421616,1872
4422169,1873
4422719,1872
4423270,1873
4423821,1871
4424372,1873
4424923,1872
4425475,1872
4426024,1871
4426575,1872
4427126,1872
4427675,1870
4428225,1869
4428775,1872
4429329,1872
4429880,1872
4430430,1874
4430980,1872
4431531,1873
4432082,1873
4432632,1872
4433184,1872
4433733,1871
4434284,1872
4434834,1872
4435384,1873
4435935,1871
4436486,1873
4437038,1873
4437588,1872
4438139,1872
4438689,1874
4439241,1872
4439791,1872
4440346,1872
4440895,1872
4441445,1873
4441996,1873
4442547,1872
4443097,1874
4443648,1874
4444202,1872
4444752,1872
4445307,1873
4445859,1872
4446409,1872
4446959,1873
4447510,1872
4448062,1872
4448612,1872
4449166,1872
4449716,1872
4450266,1872
4450817,1875
4451368,1872
4451918,1872
4452469,1873
4453020,1872
4453570,1873
4454121,1872
4454672,1873
4455224,1873
4455775,1872
4456329,1873
4456880,1872
4457430,1873
4457981,1872
4458532,1872
4459082,1872
4459632,1870
4460182,1869
4460732,1872
4461282,1872
4461832,1877
4462383,1872
4462934,1873
4463485,1872
4464036,1873
4464587,1872
4465138,1873
4465689,1872
4466240,1872
4466791,1874
4467345,1871
4467895,1872
4468445,1872
4468995,1872
4469545,1872
4470096,1873
4470646,1872
4471198,1872
4471747,1873
4472299,1873
4472849,1872
4473400,1875
4473952,1874
4474502,1871
4475054,1873
4475604,1874
4476154,1873
4476704,1872
4477256,1872
4477806,1873
4478357,1872
4478909,1874
4479459,1872
4480011,1872
4480561,1872
4481110,1872
4481660,1871
4482211,1875
4482762,1872
4483316,1872
4483867,1872
4484417,1872
4484968,1872
4485518,1872
4486069,1872
4486619,1873
4487170,1872
4487721,1872
4488272,1870
4488822,1871
4489372,1872
4489922,1873
4490473,1873
4491023,1872
4491574,1872
4492124,1872
4492675,1872
4493226,1873
4493776,1872
4494331,1872
4494881,1872
4495431,1872
4495981,1874
4496532,1875
4497083,1872
4497634,1872
4498185,1872
4498736,1873
4499286,1874
4499836,1872
4500387,1872
4500938,1872
4501488,1872
4502038,1871
4502588,1872
4503138,1872
4503688,1872
4504239,1872
4504789,1872
4505344,1872
4505893,1872
4506443,1872
4506994,1872
4507544,1870
4508095,1874
4508646,1872
4509197,1872
4509747,1872
4510298,1872
4510847,1872
4511397,1872
4511947,1872
4512497,1871
4513047,1872
4513597,1872
4514147,1872
4514697,1873
4515248,1871
4515799,1872
4516353,1871
4516904,1871
4517454,1873
4518006,1872
4518557,1872
4519106,1872
4519656,1872
4520206,1870
4520757,1873
4521312,1871
4521862,1872
4522412,1872
4522962,1873
4523513,1873
4524063,1872
4524614,1872
4525167,1873
4525718,1871
4526269,1873
4526820,1871
4527371,1872
4527921,1872
4528471,1872
4529021,1872
4529571,1872
4530122,1872
4530673,1872
4531223,1873
4531773,1874
4532327,1872
4532879,1873
4533430,1872
4533980,1872
4534530,1871
4535081,1872
4535631,1872
4536181,1872
4536731,1871
4537281,1873
4537833,1877
4538383,1873
4538934,1872
4539484,1872
4540034,1872
4540584,1871
4541135,1872
4541684,1872
4542234,1871
4542784,1872
4543338,1872
4543888,1872
4544438,1872
4544988,1872
4545538,1872
4546089,1871
4546639,1872
4547190,1872
4547740,1874
4548291,1872
4548843,1872
4549393,1874
4549943,1872
4550494,1872
4551045,1871
4551595,1872
4552144,1872
4552694,1873
4553246,1872
4553796,1873
4554350,1872
4554901,1872
4555451,1872
4556002,1872
4556552,1873
4557103,1872
4557655,1875
4558206,1872
4558757,1872
4559311,1875
4559863,1872
4560414,1872
4560963,1872
4561513,1872
4562063,1872
4562613,1872
4563167,1874
4563717,1872
4564268,1874
4564820,1872
4565371,1870
4565921,1872
4566471,1872
4567022,1872
4567572,1872
4568122,1872
4568671,1872
4569221,1873
4569772,1872
4570327,1873
4570879,1873
4571429,1872
4571981,1872
4572531,1873
4573082,1872
4573633,1872
4574185,1874
4574736,1872
4575286,1872
4575837,1873
4576388,1872
4576939,1875
4577490,1873
4578040,1872
4578590,1872
4579141,1872
4579690,1872
4580240,1872
4580790,1872
4581344,1872
4581893,1872
4582443,1871
4582994,1872
4583544,1872
4584095,1872
4584645,1876
4585197,1872
4585747,1873
4586299,1872
4586849,1871
4587400,1872
4587949,1872
4588499,1872
4589050,1872
4589600,1870
4590151,1872
4590702,1872
4591252,1872
4591805,1872
4592355,1872
4592906,1872
4593456,1872
4594007,1872
4594557,1872
4595107,1872
4595657,1871
4596207,1872
4596756,1872
4597310,1872
4597859,1872
4598409,1872
4598960,1872
4599510,1872
4600059,1872
4600609,1873
4601162,1872
4601712,1872
4602262,1872
4602812,1874
4603363,1872
4603914,1872
4604464,1872
4605014,1871
4605564,1872
4606115,1872
4606664,1872
4607215,1871
4607765,1872
4608320,1872
4608870,1872
4609420,1872
4609969,1872
4610519,1872
4611069,1872
4611619,1871
4612170,1873
4612721,1872
4613272,1871
4613823,1872
4614373,1872
4614923,1872
4615473,1871
4616023,1872
4616574,1872
4617123,1872
4617673,1872
4618224,1872
4618773,1872
4619327,1871
4619878,1870
4620428,1872
4620978,1872
4621527,1872
4622077,1870
4622627,1872
4623178,1872
4623729,1872
4624279,1870
4624830,1872
4625380,1872
4625929,1873
4626480,1872
4627032,1870
4627582,1871
4628133,1872
4628682,1873
4629233,1872
4629784,1872
4630338,1872
4630888,1872
4631438,1872
4631988,1871
4632538,1871
4633089,1875
4633639,1872
4634190,1873
4634742,1872
4635293,1872
4635844,1872
4636394,1873
4636944,1872
4637496,1872
4638046,1872
4638596,1872
4639146,1873
4639698,1872
4640249,1873
4640799,1871
4641352,1871
4641902,1872
4642453,1872
4643002,1872
4643552,1872
4644102,1872
4644652,1872
4645204,1873
4645754,1872
4646308,1872
4646859,1872
4647409,1874
4647960,1872
4648511,1872
4649062,1872
4649612,1872
4650165,1872
4650715,1873
4651266,1873
4651816,1873
4652367,1871
4652918,1872
4653468,1872
4654017,1870
4654567,1872
4655117,1872
4655667,1874
4656218,1872
4656770,1873
4657324,1873
4657875,1872
4658425,1872
4658975,1872
4659525,1872
4660075,1871
4660625,1872
4661177,1872
4661728,1870
4662279,1872
4662829,1875
4663380,1872
4663932,1873
4664483,1872
4665034,1873
4665584,1872
4666136,1873
4666686,1872
4667237,1872
4667788,1872
4668342,1872
4668893,1874
4669444,1872
4669994,1872
4670544,1873
4671095,1872
4671646,1872
4672198,1872
4672748,1872
4673299,1874
4673849,1872
4674401,1874
4674951,1875
4675501,1872
4676053,1872
4676603,1872
4677153,1872
4677704,1872
4678255,1872
4678804,1869
4679355,1872
4679905,1872
4680455,1872
4681006,1873
4681557,1872
4682108,1873
4682658,1872
4683210,1873
4683760,1873
4684314,1872
4684866,1871
4685416,1872
4685966,1872
4686516,1872
4687067,1872
4687616,1872
4688168,1871
4688718,1872
4689268,1872
4689819,1872
4690369,1869
4690920,1874
4691471,1873
4692021,1872
4692571,1872
4693122,1872
4693672,1872
4694222,1873
4694773,1872
4695329,1872
4695879,1873
4696430,1872
4696981,1872
4697531,1872
4698082,1872
4698632,1871
4699183,1872
4699732,1871
4700282,1873
4700833,1872
4701384,1874
4701935,1871
4702486,1872
4703037,1871
4703587,1872
4704137,1872
4704688,1871
4705237,1872
4705788,1872
4706342,1872
4706893,1873
4707444,1873
4707994,1870
4708545,1872
4709096,1872
4709646,1872
4710198,1873
4710749,1873
4711300,1874
4711851,1872
4712402,1872
4712952,1872
4713502,1872
4714053,1872
4714603,1872
4715153,1872
4715703,1872
4716253,1872
4716805,1871
4717355,1872
4717906,1872
4718456,1871
4719007,1872
4719557,1871
4720108,1872
4720658,1872
4721209,1872
4721758,1870
4722312,1874
4722864,1872
4723414,1871
4723965,1872
4724515,1872
4725065,1872
4725615,1872
4726168,1872
4726717,1872
4727267,1873
4727819,1872
4728369,1871
4728920,1872
4729470,1872
4730021,1871
4730571,1872
4731122,1872
4731672,1875
4732223,1872
4732775,1874
4733330,1872
4733880,1872
4734430,1873
4734982,1871
4735533,1872
4736083,1871
4736633,1869
4737184,1872
4737734,1871
4738285,1872
4738835,1873
4739386,1872
4739938,1872
4740488,1872
4741038,1875
4741589,1872
4742141,1872
4742691,1872
4743241,1874
4743792,1872
4744346,1872
4744896,1872
4745447,1872
4745996,1872
4746546,1872
4747096,1872
4747646,1874
4748198,1872
4748750,1874
4749305,1872
4749855,1872
4750405,1872
4750955,1872
4751505,1871
4752055,1872
4752605,1872
4753156,1872
4753706,1872
4754256,1872
4754807,1872
4755357,1872
4755908,1872
4756458,1872
4757009,1872
4757559,1872
4758109,1872
4758659,1873
4759211,1871
4759762,1872
4760316,1873
4760867,1873
4761417,1872
4761968,1872
4762518,1872
4763069,1873
4763620,1872
4764171,1873
4764722,1873
4765273,1874
4765824,1872
4766374,1872
4766925,1872
4767475,1872
4768024,1873
4768576,1872
4769127,1872
4769676,1873
4770228,1872
4770778,1872
4771333,1872
4771882,1872
4772432,1873
4772983,1873
4773533,1872
4774084,1872
4774634,1874
4775185,1872
4775737,1872
4776286,1872
4776837,1872
4777387,1874
4777939,1874
4778489,1872
4779040,1872
4779590,1872
4780140,1872
4780690,1872
4781240,1873
4781792,1872
4782346,1871
4782896,1872
4783447,1872
4783998,1871
4784548,1872
4785099,1872
4785649,1872
4786202,1872
4786751,1873
4787306,1871
4787858,1871
4788408,1873
4788959,1872
4789509,1873
4790059,1872
4790611,1872
4791162,1872
4791712,1872
4792262,1872
4792812,1872
4793362,1872
4793912,1872
4794462,1872
4795013,1872
4795563,1873
4796115,1872
4796665,1872
4797216,1872
4797766,1872
4798320,1872
4798870,1872
4799420,1872
4799971,1870
4800521,1872
4801070,1872
4801620,1872
4802171,1872
4802722,1872
4803272,1872
4803821,1873
4804372,1872
4804923,1872
4805473,1872
4806024,1872
4806574,1872
4807125,1873
4807675,1870
4808226,1872
4808776,1873
4809331,1872
4809882,1869
4810433,1871
4810982,1872
4811532,1872
4812082,1872
4812632,1871
4813183,1871
4813732,1872
4814282,1872
4814833,1872
4815383,1871
4815934,1873
4816484,1871
4817035,1872
4817585,1872
4818136,1872
4818685,1872
4819235,1870
4819785,1875
4820340,1872
4820892,1872
4821442,1872
4821992,1874
4822543,1872
4823093,1872
4823643,1871
4824194,1873
4824745,1872
4825296,1872
4825846,1873
4826397,1872
4826948,1872
4827498,1872
4828049,1872
4828599,1872
4829150,1872
4829700,1872
4830251,1872
4830805,1872
4831355,1872
4831906,1871
4832456,1872
4833007,1872
4833557,1872
4834108,1872
4834659,1873
4835210,1871
4835760,1869
4836314,1873
4836866,1872
4837417,1872
4837967,1872
4838517,1872
4839068,1873
4839619,1872
4840170,1872
4840721,1872
4841271,1872
4841820,1873
4842371,1872
4842922,1872
4843472,1872
4844023,1873
4844573,1872
4845124,1871
4845675,1873
4846226,1872
4846776,1874
4847331,1870
4847883,1871
4848433,1871
4848983,1871
4849533,1872
4850083,1872
4850633,1872
4851185,1872
4851735,1873
4852286,1872
4852837,1872
4853387,1872
4853938,1872
4854488,1873
4855038,1873
4855589,1872
4856139,1873
4856691,1872
4857242,1872
4857792,1872
4858346,1873
4858898,1872
4859449,1871
4859998,1871
4860548,1872
4861099,1872
4861649,1875
4862201,1873
4862752,1873
4863306,1870
4863858,1872
4864408,1872
4864958,1871
4865508,1874
4866060,1872
4866611,1872
4867161,1872
4867711,1873
4868262,1872
4868813,1872
4869363,1873
4869914,1872
4870465,1874
4871016,1873
4871566,1871
4872117,1872
4872667,1872
4873218,1872
4873769,1873
4874323,1876
4874873,1872
4875424,1872
4875974,1873
4876525,1872
4877077,1872
4877627,1872
4878178,1872
4878728,1872
4879278,1875
4879828,1872
4880379,1873
4880931,1872
4881481,1872
4882031,1872
4882581,1870
4883132,1868
4883683,1873
4884234,1873
4884785,1872
4885339,1876
4885890,1874
4886440,1872
4886990,1872
4887540,1872
4888090,1872
4888640,1871
4889192,1872
4889742,1873
4890293,1872
4890844,1873
4891395,1875
4891945,1872
4892495,1872
4893046,1872
4893596,1872
4894146,1872
4894696,1871
4895246,1872
4895796,1872
4896350,1872
4896901,1872
4897451,1873
4898003,1872
4898553,1872
4899103,1872
4899653,1873
4900205,1871
4900756,1872
4901310,1873
4901860,1873
4902410,1871
4902961,1872
4903511,1872
4904062,1871
4904612,1873
4905167,1872
4905717,1872
4906267,1874
4906818,1872
4907369,1873
4907920,1872
4908471,1872
4909021,1872
4909571,1872
4910122,1872
4910672,1872
4911222,1872
4911772,1872
4912326,1873
4912878,1873
4913428,1872
4913980,1871
4914530,1872
4915081,1874
4915631,1871
4916183,1872
4916732,1871
4917282,1871
4917832,1872
4918382,1872
4918933,1872
4919483,1872
4920032,1874
4920583,1872
4921135,1872
4921685,1872
4922235,1872
4922785,1873
4923340,1872
4923892,1873
4924442,1873
4924992,1872
4925544,1872
4926094,1872
4926644,1872
4927196,1872
4927745,1872
4928296,1872
4928846,1872
4929396,1874
4929947,1872
4930498,1870
4931048,1872
4931598,1872
4932148,1872
4932698,1870
4933248,1872
4933798,1872
4934353,1872
4934902,1873
4935454,1872
4936004,1871
4936555,1872
4937104,1870
4937654,1872
4938206,1872
4938757,1872
4939311,1872
4939861,1872
4940411,1873
4940962,1872
4941514,1869
4942063,1872
4942613,1869
4943166,1872
4943716,1872
4944266,1872
4944817,1872
4945367,1870
4945918,1870
4946468,1872
4947017,1872
4947567,1872
4948117,1872
4948668,1872
4949218,1872
4949767,1872
4950322,1874
4950873,1873
4951423,1872
4951975,1872
4952525,1872
4953075,1871
4953625,1870
4954177,1872
4954726,1872
4955276,1872
4955826,1872
4956376,1871
4956927,1872
4957477,1872
4958028,1873
4958579,1872
4959129,1872
4959679,1873
4960230,1871
4960781,1872
4961335,1877
4961886,1872
4962437,1872
4962988,1872
4963538,1875
4964089,1872
4964640,1871
4965191,1872
4965741,1872
4966292,1872
4966843,1873
4967394,1872
4967945,1872
4968495,1872
4969044,1871
4969594,1871
4970145,1872
4970696,1872
4971246,1872
4971797,1872
4972350,1872
4972901,1872
4973451,1871
4974001,1872
4974551,1873
4975102,1873
4975652,1872
4976204,1872
4976755,1869
4977308,1872
4977859,1872
4978409,1875
4978959,1872
4979511,1871
4980060,1872
4980610,1872
4981162,1870
4981713,1872
4982262,1872
4982812,1871
4983362,1872
4983913,1872
4984463,1872
4985013,1872
4985563,1871
4986113,1870
4986664,1875
4987215,1872
4987765,1873
4988320,1872
4988872,1873
4989422,1872
4989974,1874
4990524,1872
4991076,1874
4991627,1872
4992178,1872
4992728,1871
4993278,1874
4993828,1872
4994379,1872
4994929,1872
4995479,1872
4996029,1871
4996579,1872
4997130,1873
4997681,1872
4998232,1872
4998783,1870
4999337,1874
4999888,1874
5000439,1872
5000989,1871
5001539,1871
5002089,1872
5002639,1872
5003190,1872
5003740,1871
5004290,1871
5004840,1872
5005390,1871
5005940,1873
5006491,1872
5007042,1872
5007592,1872
5008143,1872
5008693,1872
5009243,1872
5009793,1872
5010347,1872
5010898,1873
5011449,1874
5012000,1872
5012550,1872
5013101,1872
5013651,1872
5014202,1872
5014752,1875
5015307,1872
5015859,1872
5016409,1872
5016959,1873
5017510,1872
5018062,1871
5018612,1872
5019166,1872
5019716,1872
5020267,1874
5020818,1872
5021368,1872
5021919,1873
5022470,1873
5023019,1875
5023570,1873
5024121,1872
5024671,1872
5025221,1872
5025771,1873
5026326,1872
5026878,1872
5027428,1872
5027979,1872
5028529,1872
5029080,1872
5029630,1870
5030180,1875
5030731,1872
5031282,1873
5031834,1872
5032384,1872
5032935,1872
5033485,1873
5034036,1871
5034588,1872
5035138,1872
5035688,1872
5036238,1872
5036788,1874
5037344,1872
5037894,1873
5038445,1872
5038996,1872
5039546,1873
5040097,1871
5040648,1873
5041201,1872
5041752,1872
5042307,1872
5042858,1872
5043408,1872
5043959,1872
5044508,1872
5045058,1872
5045608,1872
5046159,1873
5046710,1872
5047261,1873
5047812,1872
5048363,1873
5048914,1873
5049464,1873
5050014,1872
5050565,1873
5051117,1872
5051668,1872
5052217,1872
5052767,1872
5053321,1872
5053872,1869
5054422,1874
5054973,1872
5055523,1872
5056074,1874
5056625,1872
5057175,1872
5057725,1873
5058277,1872
5058827,1873
5059379,1873
5059930,1872
5060481,1873
5061031,1874
5061582,1872
5062132,1872
5062682,1872
5063232,1874
5063783,1872
5064338,1872
5064888,1872
5065438,1871
5065989,1873
5066539,1872
5067090,1872
5067640,1872
5068192,1872
5068743,1872
5069293,1872
5069844,1874
5070395,1872
5070946,1872
5071496,1872
5072047,1873
5072598,1872
5073148,1872
5073698,1872
5074248,1872
5074798,1872
5075353,1872
5075902,1872
5076452,1873
5077003,1873
5077554,1872
5078104,1873
5078656,1872
5079206,1872
5079756,1874
5080309,1872
5080861,1872
5081411,1872
5081962,1872
5082512,1873
5083063,1874
5083613,1872
5084168,1872
5084717,1872
5085267,1872
5085818,1873
5086368,1873
5086919,1872
5087470,1870
5088021,1872
5088571,1872
5089122,1872
5089673,1872
5090223,1872
5090773,1871
5091327,1873
5091878,1872
5092429,1872
5092980,1872
5093530,1872
5094081,1871
5094631,1872
5095181,1873
5095733,1872
5096284,1874
5096834,1872
5097385,1873
5097936,1872
5098487,1874
5099038,1872
5099590,1873
5100141,1872
5100691,1873
5101243,1873
5101793,1872
5102348,1872
5102899,1871
5103449,1875
5104001,1872
5104552,1875
5105103,1872
5105653,1872
5106204,1872
5106753,1872
5107308,1872
5107859,1872
5108409,1875
5108960,1872
5109511,1870
5110062,1872
5110612,1872
5111166,1872
5111716,1873
5112267,1875
5112818,1871
5113369,1873
5113919,1872
5114470,1872
5115021,1872
5115571,1872
5116121,1874
5116672,1872
5117223,1872
5117773,1873
5118328,1872
5118880,1870
5119430,1872
5119980,1873
5120531,1872
5121082,1872
5121632,1871
5122183,1872
5122732,1872
5123282,1874
5123833,1872
5124385,1873
5124935,1872
5125486,1872
5126036,1872
5126586,1869
5127136,1873
5127688,1873
5128238,1872
5128788,1872
5129344,1872
5129894,1872
5130444,1872
5130994,1872
5131544,1873
5132095,1872
5132646,1870
5133198,1872
5133749,1874
5134300,1872
5134851,1873
5135401,1871
5135952,1872
5136503,1872
5137052,1871
5137602,1872
5138153,1872
5138702,1872
5139252,1872
5139805,1872
5140355,1873
5140907,1872
5141457,1872
5142007,1872
5142557,1872
5143108,1873
5143658,1874
5144208,1872
5144759,1872
5145313,1873
5145865,1872
5146415,1872
5146966,1872
5147516,1872
5148067,1872
5148617,1872
5149168,1872
5149718,1872
5150268,1872
5150819,1873
5151370,1872
5151920,1872
5152470,1872
5153021,1872
5153571,1875
5154122,1872
5154673,1873
5155225,1872
5155776,1875
5156331,1872
5156881,1872
5157431,1872
5157981,1873
5158532,1872
5159084,1872
5159634,1872
5160184,1872
5160735,1873
5161286,1872
5161837,1874
5162388,1872
5162939,1873
5163490,1872
5164041,1872
5164591,1872
5165142,1871
5165693,1872
5166243,1872
5166793,1872
5167347,1872
5167898,1872
5168448,1872
5168998,1872
5169548,1872
5170097,1872
5170647,1873
5171202,1872
5171752,1873
5172307,1872
5172859,1873
5173410,1872
5173960,1873
5174511,1872
5175062,1872
5175612,1872
5176166,1876
5176718,1872
5177269,1872
5177819,1872
5178369,1872
5178919,1872
5179469,1873
5180021,1872
5180571,1872
5181122,1872
5181672,1872
5182222,1871
5182772,1872
5183326,1872
5183877,1873
5184427,1872
5184979,1872
5185529,1874
5186080,1872
5186631,1871
5187181,1873
5187732,1872
5188283,1873
5188834,1872
5189385,1873
5189937,1872
5190488,1872
5191038,1873
5191589,1872
5192140,1872
5192690,1872
5193240,1869
5193790,1870
5194344,1875
5194894,1872
5195445,1872
5195996,1872
5196546,1872
5197097,1873
5197647,1872
5198202,1873
5198753,1872
5199308,1873
5199859,1872
5200410,1872
5200960,1872
5201510,1873
5202062,1872
5202613,1872
5203167,1873
5203717,1872
5204268,1872
5204819,1872
5205369,1872
5205918,1873
5206469,1874
5207020,1872
5207571,1872
5208121,1872
5208671,1874
5209223,1872
5209773,1872
5210328,1869
5210878,1872
5211428,1872
5211979,1872
5212529,1871
5213080,1872
5213630,1870
5214181,1872
5214730,1871
5215280,1872
5215831,1872
5216381,1872
5216932,1873
5217483,1872
5218034,1875
5218585,1872
5219135,1872
5219685,1872
5220235,1872
5220785,1873
5221340,1872
5221892,1872
5222442,1871
5222992,1872
5223542,1872
5224092,1875
5224643,1872
5225194,1875
5225745,1872
5226297,1871
5226847,1872
5227397,1872
5227947,1872
5228497,1871
5229048,1872
5229598,1872
5230147,1873
5230698,1872
5231250,1872
5231805,1873
5232356,1872
5232906,1872
5233456,1871
5234007,1874
5234558,1872
5235108,1872
5235658,1872
5236208,1872
5236758,1872
5237312,1872
5237863,1872
5238413,1872
5238962,1872
5239512,1873
5240063,1872
5240614,1872
5241167,1872
5241718,1871
5242268,1872
5242819,1870
5243369,1872
5243919,1872
5244469,1872
5245020,1872
5245570,1872
5246119,1871
5246669,1871
5247219,1872
5247770,1872
5248324,1872
5248874,1873
5249425,1873
5249976,1872
5250526,1872
5251076,1872
5251626,1872
5252178,1872
5252728,1873
5253279,1872
5253831,1873
5254382,1872
5254932,1873
5255483,1872
5256034,1872
5256584,1872
5257135,1872
5257684,1872
5258234,1872
5258784,1871
5259338,1871
5259888,1872
5260438,1870
5260988,1872
5261538,1872
5262089,1872
5262639,1872
5263190,1872
5263739,1875
5264290,1872
5264841,1872
5265391,1872
5265941,1875
5266492,1874
5267042,1873
5267592,1872
5268143,1872
5268693,1872
5269243,1872
5269793,1872
5270347,1872
5270898,1872
5271448,1872
5271997,1872
5272547,1872
5273097,1869
5273647,1872
5274202,1872
5274752,1871
5275308,1872
5275858,1873
5276410,1872
5276961,1872
5277511,1872
5278062,1872
5278612,1872
5279165,1873
5279716,1872
5280267,1872
5280818,1872
5281368,1872
5281919,1872
5282469,1872
5283018,1872
5283568,1872
5284118,1869
5284668,1872
5285219,1872
5285769,1872
5286323,1871
5286873,1873
5287424,1873
5287975,1872
5288525,1875
5289076,1873
5289626,1870
5290178,1872
5290728,1872
5291278,1872
5291829,1872
5292379,1873
5292929,1872
5293480,1873
5294032,1873
5294582,1873
5295131,1873
5295682,1872
5296233,1872
5296783,1872
5297337,1871
5297887,1872
5298437,1874
5298989,1872
5299540,1872
5300090,1873
5300642,1872
5301192,1872
5301742,1872
5302293,1872
5302844,1872
5303394,1873
5303945,1872
5304495,1873
5305046,1874
5305596,1873
5306147,1874
5306697,1872
5307248,1872
5307798,1871
5308353,1873
5308903,1872
5309455,1872
5310005,1872
5310555,1872
5311104,1872
5311655,1872
5312205,1872
5312756,1874
5313309,1872
5313861,1872
5314411,1872
5314961,1872
5315511,1872
5316062,1871
5316612,1872
5317166,1872
5317717,1874
5318267,1874
5318818,1872
5319368,1871
5319919,1872
5320469,1872
5321020,1872
5321570,1871
5322120,1872
5322669,1873
5323221,1872
5323771,1872
5324326,1872
5324875,1873
5325426,1873
5325976,1871
5326527,1872
5327077,1874
5327628,1872
5328179,1875
5328730,1872
5329281,1872
5329832,1872
5330382,1872
5330932,1872
5331482,1872
5332032,1872
5332583,1872
5333133,1872
5333682,1872
5334232,1872
5334782,1872
5335336,1872
5335887,1873
5336438,1872
5336988,1873
5337539,1872
5338090,1872
5338640,1872
5339192,1872
5339743,1872
5340294,1873
5340845,1873
5341395,1872
5341947,1871
5342497,1870
5343048,1872
5343598,1872
5344149,1873
5344699,1872
5345251,1871
5345805,1872
5346355,1872
5346905,1872
5347455,1872
5348006,1872
5348556,1872
5349107,1872
5349656,1873
5350207,1872
5350758,1872
5351312,1872
5351862,1872
5352412,1872
5352962,1872
5353512,1874
5354063,1872
5354614,1872
5355168,1872
5355718,1872
5356268,1873
5356819,1872
5357370,1873
5357922,1872
5358472,1873
5359023,1872
5359574,1872
5360124,1876
5360676,1872
5361226,1872
5361776,1874
5362331,1873
5362881,1872
5363432,1872
5363982,1872
5364532,1871
5365082,1874
5365633,1867
5366185,1871
5366736,1872
5367287,1872
5367838,1872
5368388,1872
5368939,1872
5369489,1872
5370039,1872
5370589,1872
5371139,1872
5371689,1874
5372241,1872
5372791,1872
5373346,1873
5373897,1874
5374447,1875
5374998,1872
5375549,1872
5376098,1872
5376648,1873
5377202,1872
5377752,1872
5378307,1873
5378859,1873
5379409,1872
5379960,1872
5380510,1872
5381061,1872
5381611,1871
5382165,1872
5382716,1872
5383266,1872
5383817,1872
5384367,1872
5384916,1872
5385466,1873
5386018,1873
5386568,1874
5387119,1872
5387669,1874
5388221,1872
5388771,1873
5389326,1872
5389878,1872
5390428,1872
5390977,1872
5391527,1872
5392077,1872
5392627,1872
5393178,1873
5393730,1872
5394280,1872
5394831,1872
5395381,1870
5395932,1872
5396482,1872
5397031,1873
5397583,1872
5398134,1872
5398683,1872
5399233,1871
5399784,1872
5400338,1872
5400888,1871
5401438,1872
5401988,1872
5402538,1873
5403089,1872
5403640,1870
5404191,1872
5404741,1872
5405292,1872
5405843,1873
5406394,1873
5406945,1872
5407495,1873
5408046,1873
5408596,1871
5409146,1872
5409696,1875
5410248,1872
5410798,1872
5411353,1872
5411902,1873
5412453,1872
5413005,1872
5413555,1872
5414104,1872
5414654,1872
5415205,1871
5415756,1872
5416310,1872
5416860,1872
5417410,1871
5417961,1870
5418511,1869
5419061,1871
5419611,1872
5420165,1872
5420716,1872
5421266,1873
5421816,1872
5422368,1872
5422919,1872
5423469,1872
5424020,1872
5424570,1872
5425119,1874
5425670,1872
5426221,1874
5426772,1872
5427327,1874
5427879,1873
5428429,1872
5428980,1872
5429530,1872
5430081,1872
5430631,1871
5431182,1873
5431733,1872
5432285,1872
5432835,1872
5433385,1873
5433937,1872
5434487,1872
5435038,1873
5435589,1870
5436139,1872
5436689,1872
5437240,1872
5437789,1873
5438345,1873
5438895,1872
5439447,1871
5439997,1873
5440548,1874
5441098,1873
5441648,1874
5442202,1873
5442752,1872
5443307,1872
5443857,1872
5444408,1872
5444958,1872
5445508,1872
5446057,1872
5446607,1872
5447158,1872
5447708,1872
5448259,1872
5448808,1873
5449360,1873
5449911,1873
5450461,1872
5451013,1872
5451563,1872
5452114,1870
5452663,1872
5453213,1874
5453764,1872
5454320,1871
5454871,1872
5455420,1872
5455970,1872
5456520,1870
5457070,1872
5457620,1874
5458172,1872
5458722,1872
5459273,1872
5459824,1872
5460373,1869
5460923,1872
5461473,1872
5462023,1872
5462573,1872
5463123,1872
5463674,1872
5464225,1873
5464776,1872
5465330,1873
5465880,1872
5466431,1871
5466982,1872
5467532,1872
5468083,1872
5468633,1870
5469183,1872
5469732,1872
5470283,1873
5470833,1874
5471383,1874
5471934,1872
5472484,1872
5473035,1872
5473585,1871
5474134,1872
5474684,1872
5475234,1872
5475784,1872
5476338,1872
5476888,1872
5477438,1872
5477988,1872
5478538,1871
5479089,1872
5479639,1872
5480190,1872
5480741,1873
5481292,1872
5481842,1873
5482393,1872
5482944,1874
5483495,1872
5484047,1872
5484597,1872
5485147,1872
5485697,1872
5486247,1872
5486797,1875
5487351,1872
5487902,1872
5488452,1872
5489002,1872
5489552,1872
5490102,1871
5490652,1872
5491204,1872
5491753,1872
5492308,1872
5492859,1872
5493409,1873
5493961,1871
5494512,1871
5495062,1872
5495611,1873
5496166,1872
5496718,1872
5497268,1872
5497818,1872
5498368,1874
5498919,1872
5499469,1872
5500020,1872
5500570,1871
5501120,1872
5501670,1872
5502221,1872
5502771,1872
5503326,1871
5503876,1871
5504427,1872
5504976,1872
5505526,1872
5506076,1874
5506627,1872
5507178,1872
5507729,1873
5508280,1872
5508831,1872
5509381,1870
5509932,1872
5510482,1875
5511032,1872
5511584,1872
5512134,1872
5512684,1872
5513234,1872
5513784,1872
5514338,1872
5514888,1874
5515439,1872
5515990,1872
5516540,1872
5517090,1872
5517640,1872
5518192,1872
5518741,1872
5519291,1872
5519841,1872
5520391,1872
5520941,1872
5521491,1872
5522042,1872
5522592,1872
5523143,1872
5523694,1873
5524245,1872
5524796,1874
5525351,1872
5525901,1872
5526451,1872
5527001,1872
5527551,1872
5528102,1869
5528652,1873
5529204,1872
5529754,1873
5530308,1874
5530859,1872
5531409,1872
5531960,1872
5532510,1872
5533061,1873
5533611,1873
5534165,1871
5534716,1872
5535266,1872
5535817,1871
5536367,1874
5536919,1871
5537469,1873
5538020,1872
5538570,1872
5539120,1872
5539670,1872
5540220,1872
5540770,1872
5541324,1874
5541874,1872
5542425,1872
5542975,1870
5543525,1871
5544076,1871
5544626,1872
5545177,1871
5545727,1871
5546278,1872
5546827,1872
5547377,1872
5547927,1872
5548477,1872
5549028,1872
5549578,1873
5550130,1872
5550680,1872
5551230,1872
5551780,1872
5552335,1872
5552884,1872
5553434,1872
5553985,1872
5554534,1872
5555084,1872
5555634,1873
5556185,1872
5556736,1873
5557287,1870
5557838,1872
5558388,1872
5558939,1872
5559489,1871
5560040,1872
5560590,1872
5561141,1872
5561690,1872
5562240,1873
5562791,1873
5563345,1872
5563897,1872
5564447,1872
5564998,1872
5565548,1872
5566099,1869
5566649,1873
5567201,1872
5567752,1872
5568307,1871
5568858,1872
5569408,1871
5569957,1872
5570507,1873
5571058,1872
5571610,1872
5572160,1872
5572710,1872
5573260,1873
5573812,1872
5574362,1873
5574914,1872
5575465,1872
5576015,1872
5576565,1872
5577116,1872
5577666,1872
5578217,1872
5578766,1872
5579320,1873
5579872,1873
5580422,1873
5580973,1872
5581524,1872
5582074,1873
5582625,1871
5583175,1872
5583725,1873
5584276,1872
5584827,1873
5585378,1872
5585930,1872
5586480,1873
5587031,1873
5587581,1872
5588133,1872
5588682,1872
5589232,1871
5589783,1873
5590338,1873
5590887,1872
5591438,1872
5591988,1873
5592539,1872
5593090,1872
5593640,1872
5594191,1873
5594743,1872
5595294,1872
5595844,1872
5596394,1873
5596944,1871
5597496,1872
5598046,1872
5598596,1872
5599146,1871
5599696,1872
5600246,1872
5600797,1872
5601350,1872
5601900,1871
5602450,1872
5603001,1869
5603551,1872
5604102,1871
5604652,1871
5605202,1872
5605752,1872
5606307,1872
5606858,1872
5607408,1872
5607958,1872
5608508,1872
5609057,1871
5609607,1870
5610159,1872
5610709,1872
5611260,1873
5611811,1872
5612361,1872
5612911,1876
5613462,1872
5614013,1872
5614563,1872
5615113,1873
5615665,1872
5616216,1872
5616767,1872
5617321,1872
5617872,1872
5618422,1871
5618973,1870
5619523,1872
5620074,1874
5620625,1872
5621175,1872
5621725,1872
5622275,1871
5622826,1872
5623376,1872
5623926,1872
5624476,1872
5625027,1872
5625577,1872
5626128,1872
5626677,1873
5627228,1873
5627779,1872
5628333,1872
5628884,1872
5629434,1873
5629984,1872
5630536,1874
5631087,1872
5631637,1872
5632187,1872
5632737,1872
5633287,1872
5633838,1872
5634388,1872
5634938,1874
5635489,1875
5636040,1872
5636591,1872
5637142,1872
5637692,1872
5638243,1873
5638793,1877
5639348,1872
5639899,1873
5640449,1872
5641001,1873
5641551,1872
5642101,1873
5642652,1873
5643203,1873
5643752,1872
5644307,1872
5644858,1870
5645408,1872
5645957,1874
5646508,1872
5647060,1872
5647610,1872
5648162,1872
5648712,1874
5649263,1872
5649814,1873
5650365,1872
5650916,1869
5651466,1873
5652018,1872
5652568,1872
5653118,1871
5653668,1871
5654219,1872
5654770,1872
5655324,1872
5655874,1872
5656424,1875
5656975,1872
5657526,1874
5658077,1872
5658629,1871
5659179,1872
5659729,1872
5660280,1873
5660831,1873
5661381,1871
5661932,1872
5662482,1874
5663033,1872
5663583,1872
5664134,1873
5664684,1873
5665234,1872
5665786,1872
5666340,1872
5666891,1872
5667441,1872
5667991,1872
5668541,1872
5669092,1872
5669642,1872
5670192,1872
5670743,1872
5671293,1873
5671845,1872
5672395,1872
5672946,1874
5673497,1874
5674047,1873
5674597,1872
5675148,1872
5675698,1873
5676250,1872
5676805,1872
5677355,1872
5677906,1872
5678456,1872
5679007,1872
5679557,1872
5680108,1872
5680657,1874
5681208,1872
5681759,1872
5682313,1872
5682864,1872
5683414,1873
5683966,1872
5684516,1872
5685067,1872
5685617,1871
5686168,1871
5686718,1872
5687268,1872
5687818,1872
5688368,1872
5688919,1872
5689469,1872
5690018,1872
5690568,1871
5691119,1871
5691668,1872
5692218,1872
5692768,1870
5693322,1874
5693873,1870
5694424,1872
5694974,1872
5695524,1872
5696074,1872
5696624,1872
5697176,1874
5697727,1874
5698277,1871
5698827,1872
5699377,1870
5699927,1872
5700477,1872
5701028,1872
5701578,1872
5702128,1872
5702679,1873
5703229,1872
5703780,1873
5704335,1872
5704887,1871
5705437,1872
5705988,1872
5706538,1872
5707089,1872
5707639,1872
5708189,1874
5708740,1872
5709292,1872
5709841,1873
5710392,1871
5710943,1870
5711493,1872
5712043,1874
5712594,1872
5713145,1871
5713696,1872
5714246,1871
5714796,1874
5715350,1872
5715901,1872
5716451,1869
5717001,1874
5717552,1874
5718102,1872
5718652,1872
5719202,1872
5719752,1872
5720307,1872
5720857,1873
5721408,1872
5721959,1872
5722509,1873
5723059,1871
5723610,1872
5724162,1873
5724712,1872
5725264,1874
5725814,1872
5726366,1872
5726915,1872
5727465,1872
5728015,1873
5728566,1872
5729117,1872
5729667,1871
5730218,1872
5730769,1872
5731323,1870
5731873,1872
5732423,1872
5732974,1872
5733524,1872
5734075,1870
5734625,1872
5735176,1873
5735726,1870
5736277,1872
5736827,1872
5737377,1872
5737927,1872
5738477,1872
5739028,1872
5739578,1872
5740128,1875
5740680,1872
5741231,1872
5741781,1872
5742336,1872
5742886,1872
5743436,1875
5743988,1872
5744539,1872
5745090,1873
5745641,1872
5746192,1873
5746743,1872
5747295,1873
5747845,1871
5748396,1872
5748946,1872
5749496,1872
5750047,1873
5750598,1873
5751148,1872
5751700,1869
5752250,1872
5752804,1872
5753354,1873
5753906,1872
5754456,1872
5755007,1872
5755557,1872
5756108,1871
5756658,1871
5757209,1871
5757758,1872
5758312,1872
5758862,1873
5759413,1872
5759964,1870
5760514,1872
5761064,1872
5761614,1871
5762167,1872
5762718,1871
5763269,1872
5763818,1872
5764368,1872
5764919,1872
5765469,1872
5766020,1872
5766570,1872
5767120,1872
5767669,1871
5768219,1873
5768770,1874
5769324,1872
5769875,1872
5770426,1871
5770975,1872
5771525,1872
5772075,1871
5772625,1874
5773176,1872
5773728,1872
5774278,1872
5774827,1875
5775378,1872
5775929,1872
5776479,1873
5777030,1871
5777581,1871
5778131,1872
5778681,1870
5779232,1872
5779783,1872
5780337,1873
5780888,1873
5781438,1872
5781989,1872
5782539,1873
5783090,1872
5783641,1872
5784192,1872
5784743,1872
5785294,1872
5785845,1872
5786394,1872
5786944,1873
5787495,1872
5788047,1870
5788597,1872
5789148,1873
5789698,1872
5790249,1872
5790799,1871
5791353,1872
5791903,1872
5792453,1872
5793003,1872
5793553,1875
5794104,1872
5794656,1872
5795206,1872
5795756,1872
5796310,1872
5796860,1872
5797410,1873
5797962,1872
5798512,1872
5799062,1871
5799612,1872
5800166,1872
5800716,1872
5801266,1873
5801817,1871
5802369,1872
5802919,1872
5803469,1872
5804020,1872
5804570,1872
5805119,1872
5805669,1872
5806219,1875
5806770,1872
5807325,1872
5807875,1871
5808425,1872
5808975,1872
5809525,1872
5810076,1872
5810626,1872
5811177,1872
5811726,1872
5812276,1872
5812827,1872
5813377,1868
5813928,1871
5814478,1875
5815028,1872
5815579,1872
5816130,1871
5816681,1872
5817231,1872
5817780,1872
5818335,1872
5818884,1873
5819435,1875
5819986,1872
5820536,1872
5821087,1872
5821637,1872
5822188,1872
5822737,1873
5823288,1872
5823839,1874
5824390,1873
5824940,1872
5825491,1872
5826041,1872
5826591,1873
5827142,1872
5827692,1872
5828243,1872
5828793,1872
5829348,1872
5829897,1872
5830447,1872
5830998,1872
5831548,1872
5832099,1877
5832650,1873
5833202,1875
5833751,1872
5834306,1873
5834857,1872
5835409,1871
5835958,1872
5836508,1871
5837058,1872
5837608,1872
5838159,1872
5838710,1873
5839261,1873
5839811,1872
5840361,1873
5840911,1872
5841463,1872
5842012,1870
5842562,1872
5843113,1872
5843663,1872
5844213,1872
5844763,1872
5845317,1872
5845867,1871
5846417,1872
5846968,1875
5847518,1869
5848069,1872
5848619,1872
5849170,1872
5849720,1872
5850270,1872
5850820,1873
5851371,1872
5851922,1872
5852472,1872
5853022,1872
5853572,1872
5854123,1872
5854674,1872
5855224,1872
5855775,1872
5856329,1872
5856879,1872
5857429,1871
5857980,1875
5858531,1871
5859081,1872
5859631,1872
5860181,1872
5860731,1872
5861282,1872
5861832,1871
5862382,1872
5862933,1872
5863483,1872
5864032,1872
5864583,1871
5865134,1872
5865683,1873
5866234,1873
5866784,1872
5867339,1872
5867889,1872
5868439,1872
5868989,1872
5869539,1874
5870090,1873
5870640,1872
5871191,1872
5871741,1873
5872293,1872
5872844,1872
5873394,1872
5873945,1872
5874495,1872
5875045,1871
5875595,1873
5876147,1873
5876696,1871
5877247,1873
5877798,1872
5878353,1872
5878903,1872
5879453,1873
5880004,1872
5880555,1872
5881106,1874
5881656,1872
5882208,1873
5882758,1872
5883314,1874
5883865,1873
5884415,1871
5884967,1872
5885517,1872
5886067,1872
5886617,1872
5887169,1874
5887719,1871
5888270,1872
5888820,1872
5889370,1871
5889920,1872
5890470,1872
5891021,1872
5891571,1872
5892122,1872
5892672,1872
5893222,1872
5893772,1872
5894326,1872
5894877,1872
5895427,1872
5895977,1871
5896528,1872
5897077,1872
5897627,1872
5898178,1873
5898729,1872
5899281,1873
5899831,1873
5900381,1873
5900932,1871
5901483,1872
5902033,1874
5902584,1872
5903135,1873
5903685,1872
5904236,1872
5904786,1872
5905340,1874
5905892,1872
5906443,1872
5906994,1873
5907545,1872
5908096,1872
5908646,1872
5909196,1872
5909746,1872
5910296,1871
5910846,1872
5911396,1872
5911947,1872
5912497,1872
5913048,1872
5913598,1872
5914149,1872
5914698,1872
5915249,1874
5915799,1872
5916353,1869
5916903,1872
5917453,1872
5918003,1872
5918553,1872
5919103,1872
5919653,1874
5920205,1873
5920756,1872
5921310,1872
5921859,1871
5922409,1872
5922960,1872
5923510,1871
5924061,1871
5924611,1872
5925165,1872
5925715,1871
5926266,1874
5926817,1872
5927368,1872
5927918,1872
5928468,1872
5929018,1874
5929569,1875
5930119,1871
5930670,1873
5931222,1872
5931772,1876
5932327,1871
5932879,1873
5933430,1873
5933980,1872
5934531,1872
5935082,1872
5935632,1872
5936182,1872
5936732,1872
5937283,1872
5937833,1873
5938384,1870
5938935,1872
5939485,1873
5940036,1872
5940587,1872
5941137,1873
5941688,1872
5942239,1872
5942789,1873
5943344,1873
5943894,1872
5944445,1874
5944996,1874
5945546,1873
5946097,1874
5946647,1873
5947201,1872
5947752,1874
5948307,1872
5948858,1874
5949409,1873
5949959,1872
5950510,1873
5951062,1872
5951612,1873
5952166,1870
5952717,1871
5953267,1872
5953818,1872
5954368,1872
5954917,1874
5955468,1872
5956020,1873
5956571,1872
5957122,1873
5957672,1872
5958223,1872
5958773,1873
5959328,1872
5959879,1872
5960429,1874
5960981,1872
5961531,1872
5962082,1872
5962632,1872
5963182,1873
5963733,1872
5964285,1872
5964834,1872
5965384,1872
5965935,1873
5966485,1872
5967036,1872
5967586,1872
5968136,1872
5968687,1872
5969238,1872
5969787,1872
5970343,1872
5970893,1873
5971444,1872
5971995,1874
5972546,1873
5973096,1873
5973646,1872
5974198,1870
5974748,1872
5975298,1874
5975848,1872
5976399,1872
5976949,1872
5977499,1871
5978049,1872
5978599,1872
5979150,1873
5979701,1872
5980251,1874
5980805,1872
5981355,1872
5981906,1872
5982456,1872
5983007,1872
5983557,1872
5984108,1877
5984658,1872
5985210,1872
5985759,1872
5986314,1872
5986863,1873
5987414,1873
5987964,1872
5988515,1872
5989066,1872
5989616,1869
5990168,1873
5990718,1872
5991270,1872
5991819,1872
5992369,1872
5992920,1870
5993470,1872
5994019,1872
5994569,1873
5995121,1872
5995671,1873
5996223,1872
5996773,1872
5997328,1872
5997878,1872
5998428,1872
5998979,1872
5999529,1872
6000078,1872
6000628,1872
6001180,1872
6001730,1872
6002280,1872
6002831,1872
6003381,1872
6003932,1872
6004482,1872
6005033,1872
6005583,1872
6006134,1870
6006683,1873
6007235,1873
6007784,1875
6008338,1874
6008888,1872
6009439,1873
6009990,1872
6010542,1872
6011091,1872
6011641,1872
6012192,1872
6012743,1874
6013294,1872
6013845,1872
6014395,1876
6014947,1872
6015497,1872
6016048,1872
6016598,1872
6017147,1872
6017697,1874
6018249,1873
6018798,1871
6019353,1871
6019902,1872
6020452,1872
6021002,1872
6021552,1871
6022102,1872
6022652,1872
6023203,1872
6023752,1872
6024307,1871
6024858,1873
6025408,1875
6025959,1873
6026509,1872
6027061,1872
6027611,1877
6028166,1875
6028717,1874
6029266,1871
6029818,1872
6030368,1872
6030918,1872
6031468,1872
6032017,1872
6032567,1871
6033117,1872
6033667,1872
6034218,1872
6034768,1872
6035323,1872
6035873,1872
6036423,1872
6036974,1872
6037524,1872
6038075,1872
6038625,1872
6039176,1872
6039727,1873
6040278,1872
6040828,1874
6041379,1870
6041931,1872
6042481,1872
6043030,1872
6043580,1872
6044130,1874
6044682,1872
6045233,1873
6045783,1873
6046337,1874
6046887,1868
6047438,1872
6047988,1872
6048538,1872
6049089,1872
6049639,1871
6050190,1872
6050739,1873
6051290,1872
6051841,1872
6052392,1872
6052942,1872
6053492,1870
6054042,1873
6054593,1872
6055144,1872
6055694,1875
6056246,1871
6056797,1872
6057350,1872
6057901,1871
6058451,1872
6059001,1872
6059551,1872
6060102,1872
6060652,1872
6061203,1872
6061752,1873
6062307,1874
6062858,1872
6063408,1872
6063959,1872
6064509,1874
6065059,1872
6065610,1872
6066161,1872
6066711,1874
6067263,1872
6067813,1871
6068363,1872
6068913,1874
6069464,1873
6070014,1875
6070564,1872
6071115,1872
6071665,1872
6072215,1873
6072766,1872
6073321,1873
6073873,1872
6074423,1872
6074973,1873
6075524,1872
6076075,1872
6076625,1872
6077177,1874
6077727,1872
6078278,1872
6078828,1875
6079379,1872
6079930,1872
6080480,1872
6081030,1872
6081580,1872
6082130,1872
6082681,1872
6083230,1872
6083780,1872
6084334,1872
6084885,1872
6085435,1872
6085985,1872
6086535,1872
6087084,1873
6087635,1872
6088186,1875
6088737,1872
6089288,1873
6089839,1872
6090390,1872
6090941,1872
6091491,1872
6092041,1872
6092591,1873
6093142,1872
6093692,1872
6094242,1871
6094792,1872
6095346,1875
6095898,1873
6096448,1874
6096997,1872
6097549,1873
6098100,1872
6098651,1872
6099202,1873
6099752,1872
6100307,1872
6100857,1872
6101407,1872
6101958,1872
6102508,1872
6103057,1873
6103608,1875
6104159,1873
6104709,1873
6105260,1872
6105811,1873
6106362,1872
6106913,1872
6107463,1872
6108014,1875
6108564,1872
6109116,1872
6109665,1872
6110216,1873
6110766,1872
6111321,1872
6111872,1872
6112422,1872
6112973,1872
6113523,1872
6114074,1873
6114625,1872
6115175,1873
6115726,1872
6116277,1875
6116828,1870
6117379,1872
6117930,1873
6118481,1872
6119031,1872
6119581,1872
6120131,1872
6120681,1872
6121232,1872
6121783,1873
6122338,1872
6122888,1873
6123439,1872
6123990,1872
6124540,1872
6125090,1872
6125640,1871
6126192,1872
6126742,1872
6127292,1872
6127842,1873
6128394,1873
6128943,1872
6129494,1873
6130046,1873
6130596,1872
6131147,1872
6131696,1872
6132246,1872
6132797,1873
6133350,1872
6133902,1873
6134452,1873
6135002,1872
6135553,1875
6136104,1872
6136655,1872
6137205,1872
6137756,1872
6138310,1872
6138860,1872
6139410,1872
6139960,1872
6140510,1873
6141062,1872
6141612,1872
6142167,1872
6142717,1872
6143267,1872
6143818,1873
6144369,1872
6144919,1872
6145469,1872
6146020,1872
6146570,1872
6147121,1873
6147671,1875
6148221,1874
6148771,1874
6149325,1872
6149876,1870
6150427,1872
6150976,1872
6151526,1872
6152076,1872
6152626,1872
6153177,1872
6153728,1873
6154279,1873
6154828,1872
6155379,1872
6155930,1872
6156480,1875
6157030,1872
6157581,1873
6158133,1873
6158683,1871
6159234,1872
6159784,1872
6160338,1870
6160888,1872
6161438,1872
6161988,1871
6162538,1872
6163089,1872
6163639,1873
6164190,1872
6164740,1872
6165290,1872
6165840,1872
6166390,1872
6166940,1873
6167491,1872
6168043,1872
6168593,1873
6169144,1871
6169696,1872
6170246,1873
6170797,1873
6171352,1872
6171902,1872
6172452,1872
6173002,1872
6173552,1872
6174103,1873
6174653,1872
6175205,1874
6175755,1874
6176308,1872
6176860,1872
6177410,1872
6177961,1872
6178511,1872
6179060,1873
6179612,1872
6180166,1872
6180716,1872
6181266,1872
6181817,1872
6182367,1872
6182918,1872
6183468,1872
6184017,1872
6184567,1872
6185118,1871
6185668,1872
6186219,1872
6186770,1872
6187324,1872
6187875,1872
6188425,1872
6188976,1872
6189526,1874
6190077,1873
6190628,1872
6191178,1873
6191729,1872
6192281,1873
6192832,1872
6193382,1872
6193933,1871
6194483,1872
6195034,1872
6195584,1876
6196136,1873
6196685,1872
6197236,1874
6197788,1872
6198343,1872
6198893,1872
6199443,1872
6199994,1873
6200544,1875
6201094,1872
6201645,1872
6202197,1873
6202747,1872
6203299,1874
6203850,1872
6204401,1873
6204952,1871
6205502,1873
6206052,1873
6206603,1872
6207153,1872
6207703,1872
6208253,1874
6208805,1873
6209355,1874
6209905,1871
6210456,1874
6211008,1874
6211558,1873
6212108,1873
6212659,1872
6213210,1873
6213760,1872
6214316,1872
6214866,1873
6215417,1872
6215969,1872
6216519,1872
6217069,1873
6217620,1872
6218171,1872
6218722,1872
6219271,1872
6219822,1872
6220372,1869
6220921,1870
6221471,1872
6222021,1872
6222571,1871
6223122,1871
6223672,1873
6224223,1872
6224775,1872
6225329,1872
6225880,1872
6226430,1872
6226980,1872
6227530,1873
6228082,1872
6228633,1872
6229184,1873
6229734,1873
6230285,1872
6230835,1873
6231386,1874
6231937,1872
6232487,1875
6233037,1873
6233587,1874
6234137,1872
6234689,1872
6235239,1872
6235790,1872
6236345,1872
6236895,1874
6237446,1872
6237998,1872
6238548,1872
6239097,1872
6239647,1872
6240202,1870
6240751,1872
6241306,1870
6241856,1872
6242406,1872
6242956,1872
6243506,1872
6244056,1872
6244606,1871
6245157,1872
6245708,1872
6246258,1874
6246808,1872
6247360,1872
6247909,1872
6248459,1872
6249010,1873
6249561,1873
6250111,1872
6250663,1873
6251213,1872
6251764,1874
6252319,1873
6252869,1872
6253420,1873
6253972,1873
6254522,1872
6255074,1872
6255624,1872
6256174,1872
6256724,1872
6257274,1872
6257825,1872
6258375,1873
6258926,1872
6259476,1871
6260027,1872
6260577,1872
6261127,1869
6261678,1872
6262229,1872
6262779,1872
6263334,1871
6263883,1872
6264433,1872
6264983,1873
6265534,1874
6266084,1872
6266635,1872
6267187,1872
6267738,1872
6268287,1872
6268837,1871
6269387,1872
6269937,1873
6270488,1872
6271040,1872
6271590,1872
6272141,1873
6272691,1872
6273243,1872
6273794,1872
6274348,1873
6274899,1875
6275449,1872
6276001,1872
6276551,1872
6277102,1872
6277652,1872
6278203,1872
6278752,1872
6279307,1872
6279858,1872
6280408,1873
6280959,1873
6281509,1872
6282061,1872
6282611,1872
6283165,1873
6283716,1872
6284267,1873
6284817,1872
6285368,1872
6285919,1872
6286469,1874
6287021,1872
6287572,1873
6288123,1871
6288673,1872
6289223,1875
6289775,1872
6290329,1873
6290880,1872
6291431,1872
6291981,1872
6292531,1872
6293082,1872
6293632,1871
6294182,1872
6294732,1872
6295282,1873
6295833,1872
6296384,1870
6296934,1872
6297484,1874
6298036,1872
6298586,1876
6299136,1874
6299686,1872
6300238,1872
6300787,1872
6301343,1872
6301893,1872
6302443,1872
6302994,1872
6303544,1872
6304095,1872
6304645,1872
6305197,1874
6305747,1872
6306298,1872
6306848,1871
6307398,1872
6307948,1872
6308498,1872
6309049,1869
6309599,1873
6310151,1872
6310702,1873
6311253,1873
6311805,1874
6312355,1871
6312906,1869
6313456,1872
6314007,1872
6314557,1871
6315108,1872
6315658,1873
6316210,1872
6316760,1872
6317314,1874
6317866,1872
6318417,1871
6318968,1872
6319518,1870
6320068,1872
6320618,1872
6321169,1872
6321720,1872
6322271,1872
6322821,1872
6323371,1872
6323921,1872
6324471,1872
6325021,1872
6325571,1873
6326123,1871
6326673,1872
6327223,1873
6327774,1872
6328329,1869
6328879,1871
6329429,1872
6329980,1872
6330530,1870
6331081,1872
6331631,1867
6332182,1872
6332733,1872
6333283,1873
6333833,1872
6334384,1872
6334934,1872
6335484,1872
6336035,1872
6336585,1872
6337135,1872
6337685,1870
6338236,1875
6338786,1872
6339341,1875
6339893,1872
6340444,1872
6340994,1872
6341544,1872
6342095,1871
6342645,1872
6343197,1872
6343746,1872
6344296,1872
6344846,1872
6345396,1871
6345947,1872
6346497,1872
6347047,1873
6347599,1873
6348148,1872
6348699,1872
6349250,1872
6349804,1872
6350354,1872
6350904,1872
6351454,1872
6352004,1872
6352554,1872
6353104,1872
6353654,1872
6354206,1874
6354756,1873
6355310,1872
6355860,1872
6356410,1872
6356961,1874
6357511,1873
6358062,1872
6358613,1873
6359166,1871
6359718,1872
6360268,1872
6360819,1872
6361369,1869
6361920,1870
6362470,1872
6363021,1872
6363571,1867
6364122,1872
6364673,1872
6365223,1873
6365773,1872
6366328,1872
6366879,1872
6367429,1872
6367980,1871
6368530,1872
6369080,1872
6369630,1872
6370180,1872
6370730,1874
6371281,1872
6371832,1872
6372382,1872
6372933,1872
6373483,1872
6374034,1872
6374584,1872
6375135,1876
6375685,1872
6376237,1875
6376787,1872
6377343,1870
6377892,1872
6378442,1872
6378993,1872
6379543,1872
6380093,1872
6380643,1872
6381193,1872
6381743,1873
6382293,1872
6382845,1872
6383395,1872
6383946,1872
6384496,1872
6385045,1872
6385595,1872
6386145,1872
6386695,1872
6387245,1872
6387796,1872
6388349,1872
6388899,1872
6389449,1872
6390000,1872
6390550,1872
6391101,1872
6391651,1871
6392202,1872
6392751,1873
6393306,1873
6393857,1872
6394407,1872
6394957,1872
6395508,1875
6396058,1871
6396609,1874
6397160,1873
6397710,1872
6398261,1872
6398812,1872
6399362,1872
6399913,1872
6400463,1872
6401014,1874
6401565,1874
6402115,1872
6402667,1872
6403218,1872
6403769,1872
6404323,1873
6404874,1872
6405426,1872
6405975,1872
6406525,1872
6407075,1872
6407625,1873
6408176,1872
6408727,1872
6409278,1872
6409827,1873
6410378,1872
6410929,1872
6411479,1872
6412029,1872
6412579,1873
6413130,1872
6413682,1872
6414232,1872
6414782,1872
6415336,1872
6415886,1871
6416436,1872
6416986,1872
6417536,1874
6418087,1872
6418638,1871
6419189,1873
6419739,1872
6420290,1872
6420840,1872
6421390,1872
6421940,1872
6422490,1872
6423041,1872
6423591,1872
6424142,1872
6424692,1871
6425242,1873
6425793,1872
6426348,1872
6426897,1876
6427448,1873
6427998,1872
6428550,1872
6429100,1872
6429650,1872
6430201,1872
6430751,1871
6431306,1872
6431857,1872
6432407,1872
6432957,1872
6433508,1872
6434057,1872
6434607,1872
6435158,1872
6435709,1872
6436260,1871
6436811,1872
6437361,1873
6437911,1872
6438462,1873
6439013,1875
6439563,1872
6440115,1871
6440666,1873
6441217,1872
6441767,1872
6442322,1871
6442871,1873
6443422,1872
6443973,1872
6444523,1872
6445074,1872
6445624,1871
6446175,1872
6446724,1872
6447274,1872
6447825,1872
6448375,1873
6448926,1872
6449476,1872
6450027,1872
6450577,1872
6451127,1875
6451678,1872
6452230,1873
6452780,1872
6453335,1872
6453886,1872
6454436,1871
6454985,1872
6455535,1872
6456086,1872
6456635,1872
6457186,1872
6457736,1874
6458287,1872
6458838,1871
6459388,1871
6459939,1871
6460489,1872
6461040,1871
6461590,1872
6462141,1872
6462690,1871
6463240,1872
6463791,1872
6464344,1872
6464894,1873
6465445,1875
6465995,1872
6466546,1873
6467098,1872
6467648,1871
6468202,1872
6468751,1872
6469306,1874
6469857,1873
6470407,1872
6470959,1873
6471510,1872
6472061,1870
6472611,1871
6473165,1872
6473716,1872
6474265,1872
6474816,1874
6475367,1872
6475918,1872
6476468,1874
6477018,1873
6477568,1872
6478120,1872
6478669,1872
6479219,1872
6479770,1872
6480324,1873
6480876,1872
6481426,1872
6481976,1872
6482526,1872
6483077,1872
6483627,1872
6484178,1872
6484729,1873
6485280,1872
6485831,1872
6486381,1872
6486932,1872
6487482,1872
6488031,1872
6488581,1872
6489131,1872
6489681,1873
6490232,1872
6490783,1872
6491337,1872
6491887,1872
6492437,1874
6492988,1872
6493539,1874
6494090,1872
6494641,1871
6495193,1871
6495743,1872
6496293,1872
6496843,1872
6497393,1872
6497944,1871
6498494,1871
6499043,1873
6499594,1872
6500145,1872
6500695,1872
6501246,1872
6501796,1872
6502350,1874
6502902,1872
6503452,1872
6504002,1874
6504553,1872
6505105,1872
6505656,1872
6506207,1873
6506757,1872
6507313,1872
6507863,1872
6508413,1872
6508962,1872
6509512,1872
6510063,1872
6510613,1872
6511166,1872
6511716,1872
6512267,1872
6512816,1872
6513366,1873
6513917,1872
6514468,1872
6515018,1872
6515568,1872
6516118,1876
6516669,1872
6517220,1872
6517770,1873
6518325,1872
6518877,1872
6519427,1872
6519976,1872
6520526,1871
6521076,1872
6521626,1872
6522178,1872
6522729,1874
6523280,1872
6523831,1873
6524382,1871
6524933,1873
6525484,1872
6526035,1872
6526585,1872
6527135,1876
6527685,1872
6528236,1875
6528787,1872
6529342,1872
6529892,1872
6530442,1873
6530992,1872
6531544,1872
6532094,1872
6532644,1875
6533196,1872
6533746,1872
6534297,1872
6534846,1873
6535397,1872
6535949,1873
6536500,1872
6537050,1872
6537600,1872
6538151,1873
6538702,1872
6539253,1872
6539804,1873
6540356,1872
6540907,1873
6541457,1872
6542008,1872
6542558,1874
6543109,1872
6543660,1872
6544211,1872
6544761,1872
6545315,1874
6545866,1872
6546417,1871
6546967,1874
6547518,1870
6548070,1872
6548620,1871
6549171,1872
6549721,1872
6550271,1874
6550822,1872
6551373,1872
6551923,1872
6552473,1872
6553023,1872
6553573,1874
6554124,1872
6554675,1873
6555226,1872
6555777,1872
6556331,1872
6556881,1872
6557431,1875
6557982,1871
6558534,1873
6559084,1872
6559635,1873
6560186,1874
6560736,1874
6561287,1873
6561838,1874
6562388,1873
6562939,1872
6563490,1873
6564040,1872
6564591,1872
6565141,1874
6565692,1872
6566243,1873
6566794,1871
6567350,1872
6567899,1875
6568450,1872
6569001,1872
6569551,1872
6570102,1872
6570652,1874
6571204,1874
6571754,1875
6572308,1872
6572859,1872
6573409,1872
6573959,1872
6574509,1871
6575060,1872
6575610,1873
6576161,1870
6576711,1872
6577261,1873
6577813,1872
6578363,1872
6578913,1872
6579463,1873
6580015,1872
6580566,1872
6581116,1872
6581667,1874
6582217,1871
6582769,1872
6583323,1872
6583873,1873
6584424,1872
6584976,1872
6585526,1872
6586076,1872
6586626,1871
6587177,1872
6587726,1873
6588277,1872
6588829,1872
6589379,1872
6589928,1872
6590478,1872
6591028,1872
6591578,1872
6592129,1872
6592678,1872
6593228,1872
6593778,1872
6594332,1872
6594882,1872
6595432,1872
6595982,1872
6596532,1872
6597082,1874
6597633,1872
6598185,1873
6598735,1872
6599286,1872
6599837,1874
6600388,1872
6600938,1873
6601489,1873
6602040,1872
6602591,1872
6603142,1872
6603691,1874
6604242,1872
6604792,1872
6605346,1873
6605896,1873
6606446,1872
6606998,1872
6607548,1872
6608097,1871
6608647,1872
6609201,1872
6609751,1872
6610306,1872
6610857,1872
6611407,1872
6611957,1872
6612507,1873
6613059,1869
6613610,1873
6614161,1872
6614712,1873
6615263,1872
6615814,1873
6616365,1873
6616916,1872
6617466,1872
6618016,1872
6618566,1872
6619116,1872
6619666,1874
6620218,1873
6620767,1872
6621323,1872
6621872,1872
6622422,1872
6622973,1872
6623523,1872
6624073,1872
6624623,1871
6625173,1872
6625724,1872
6626273,1872
6626824,1872
6627374,1873
6627924,1872
6628475,1872
6629026,1872
6629576,1872
6630126,1872
6630677,1872
6631226,1872
6631777,1873
6632331,1872
6632882,1873
6633433,1872
6633985,1873
6634536,1873
6635085,1872
6635637,1870
6636188,1872
6636737,1873
6637288,1872
6637839,1874
6638390,1872
6638941,1872
6639491,1872
6640042,1872
6640592,1872
6641141,1872
6641691,1871
6642241,1872
6642792,1872
6643346,1873
6643898,1872
6644448,1874
6644998,1872
6645549,1872
6646100,1872
6646650,1876
6647201,1872
6647752,1872
6648307,1873
6648859,1872
6649409,1871
6649960,1872
6650510,1872
6651059,1871
6651609,1872
6652160,1872
6652711,1875
6653261,1872
6653813,1873
6654363,1872
6654914,1873
6655464,1871
6656015,1873
6656566,1872
6657117,1872
6657668,1873
6658218,1871
6658770,1872
6659324,1872
6659874,1873
6660425,1872
6660976,1875
6661527,1872
6662078,1872
6662628,1871
6663179,1872
6663729,1873
6664279,1872
6664830,1872
6665381,1872
6665930,1872
6666480,1872
6667030,1874
6667581,1872
6668133,1872
6668682,1872
6669232,1872
6669783,1874
6670338,1872
6670888,1872
6671438,1874
6671990,1875
6672540,1872
6673091,1872
6673641,1873
6674192,1874
6674742,1872
6675294,1872
6675844,1872
6676395,1872
6676945,1874
6677496,1872
6678047,1872
6678597,1872
6679147,1877
6679698,1872
6680249,1872
6680799,1872
6681352,1874
6681902,1872
6682454,1873
6683004,1872
6683555,1871
6684105,1874
6684657,1874
6685207,1872
6685758,1872
6686312,1874
6686863,1872
6687414,1872
6687965,1872
6688515,1872
6689065,1872
6689616,1872
6690168,1872
6690717,1872
6691268,1873
6691818,1873
6692368,1872
6692920,1872
6693470,1873
6694021,1872
6694572,1872
6695123,1872
6695674,1872
6696224,1873
6696774,1873
6697329,1872
6697880,1871
6698429,1872
6698979,1873
6699530,1872
6700082,1872
6700632,1872
6701183,1872
6701732,1871
6702283,1872
6702833,1871
6703383,1872
6703934,1872
6704484,1873
6705035,1875
6705585,1872
6706137,1872
6706687,1872
6707237,1872
6707788,1872
6708342,1872
6708892,1874
6709443,1872
6709994,1872
6710544,1872
6711095,1872
6711645,1872
6712197,1874
6712747,1872
6713299,1872
6713848,1877
6714399,1872
6714951,1873
6715502,1872
6716052,1872
6716602,1872
6717152,1872
6717702,1872
6718252,1872
6718805,1872
6719355,1872
6719906,1872
6720456,1872
6721005,1872
6721555,1872
6722106,1873
6722656,1872
6723207,1873
6723758,1873
6724312,1872
6724864,1874
6725415,1872
6725966,1870
6726516,1872
6727067,1875
6727618,1872
6728170,1872
6728719,1872
6729269,1872
6729819,1874
6730370,1872
6730921,1872
6731471,1871
6732022,1872
6732572,1872
6733123,1873
6733673,1873
6734224,1873
6734775,1872
6735330,1874
6735880,1873
6736430,1872
6736981,1872
6737531,1872
6738082,1873
6738632,1872
6739183,1872
6739733,1873
6740285,1872
6740836,1872
6741386,1873
6741936,1872
6742487,1872
6743037,1872
6743587,1872
6744137,1873
6744688,1872
6745240,1872
6745790,1872
6746344,1875
6746894,1872
6747445,1872
6747996,1875
6748547,1872
6749097,1872
6749647,1873
6750201,1872
6750752,1872
6751307,1872
6751858,1873
6752409,1872
6752960,1872
6753510,1872
6754061,1872
6754611,1872
6755165,1872
6755715,1869
6756266,1872
6756817,1872
6757366,1872
6757916,1873
6758467,1872
6759018,1872
6759568,1872
6760118,1872
6760668,1872
6761219,1872
6761769,1871
6762324,1872
6762874,1872
6763424,1873
6763975,1872
6764526,1870
6765077,1872
6765627,1872
6766178,1872
6766729,1872
6767279,1873
6767830,1872
6768380,1872
6768930,1872
6769480,1872
6770030,1870
6770580,1872
6771131,1872
6771682,1874
6772233,1872
6772784,1872
6773338,1872
6773888,1873
6774439,1872
6774991,1872
6775541,1875
6776091,1873
6776642,1872
6777192,1872
6777742,1872
6778293,1872
6778844,1872
6779394,1871
6779943,1872
6780493,1873
6781044,1872
6781595,1872
6782145,1871
6782695,1871
6783245,1872
6783796,1872
6784348,1873
6784900,1872
6785451,1872
6786001,1872
6786551,1872
6787102,1872
6787652,1872
6788203,1872
6788752,1871
6789307,1872
6789858,1872
6790408,1873
6790959,1872
6791510,1874
6792061,1872
6792611,1871
6793165,1872
6793716,1872
6794266,1873
6794817,1872
6795367,1874
6795919,1872
6796470,1877
6797020,1872
6797571,1871
6798122,1874
6798672,1873
6799222,1873
6799772,1873
6800326,1872
6800878,1872
6801428,1872
6801977,1872
6802527,1872
6803077,1872
6803628,1872
6804178,1872
6804729,1876
6805279,1871
6805831,1872
6806380,1871
6806931,1872
6807481,1872
6808030,1872
6808580,1872
6809130,1872
6809680,1872
6810231,1872
6810781,1872
6811335,1872
6811886,1872
6812436,1875
6812987,1872
6813538,1872
6814089,1872
6814639,1872
6815190,1873
6815741,1872
6816292,1872
6816843,1872
6817393,1872
6817942,1872
6818492,1872
6819042,1872
6819592,1872
6820143,1872
6820692,1873
6821244,1873
6821793,1872
6822348,1872
6822897,1872
6823447,1873
6823999,1874
6824549,1872
6825101,1872
6825651,1873
6826202,1873
6826752,1872
6827307,1872
6827858,1872
6828408,1873
6828960,1872
6829510,1873
6830062,1875
6830612,1873
6831166,1874
6831716,1872
6832268,1872
6832818,1875
6833369,1872
6833921,1873
6834471,1873
6835022,1872
6835573,1872
6836123,1872
6836674,1872
6837224,1872
6837773,1872
6838327,1872
6838878,1872
6839428,1872
6839978,1872
6840528,1872
6841077,1872
6841627,1869
6842179,1874
6842729,1872
6843280,1874
6843832,1872
6844382,1869
6844932,1872
6845482,1872
6846032,1875
6846584,1872
6847135,1872
6847685,1872
6848235,1873
6848786,1872
6849341,1872
6849892,1872
6850442,1872
6850993,1872
6851543,1872
6852094,1872
6852643,1872
6853194,1872
6853744,1872
6854294,1872
6854845,1872
6855395,1872
6855944,1872
6856494,1871
6857044,1871
6857594,1873
6858145,1872
6858696,1872
6859246,1872
6859797,1873
6860350,1872
6860901,1872
6861451,1872
6862001,1872
6862551,1872
6863102,1872
6863652,1872
6864202,1872
6864752,1872
6865307,1875
6865857,1873
6866407,1872
6866959,1873
6867509,1873
6868060,1873
6868610,1874
6869160,1874
6869710,1872
6870261,1872
6870811,1873
6871362,1872
6871914,1872
6872464,1873
6873015,1872
6873565,1872
6874116,1872
6874665,1872
6875215,1872
6875765,1870
6876319,1872
6876869,1872
6877419,1872
6877969,1872
6878519,1872
6879069,1872
6879619,1872
6880170,1872
6880720,1873
6881271,1871
6881822,1872
6882372,1872
6882922,1872
6883472,1875
6884023,1872
6884574,1872
6885124,1872
6885675,1872
6886224,1873
6886775,1874
6887329,1872
6887880,1872
6888430,1873
6888981,1876
6889531,1874
6890082,1873
6890632,1868
6891184,1872
6891734,1872
6892285,1870
6892836,1872
6893386,1871
6893935,1872
6894485,1871
6895035,1874
6895586,1872
6896137,1872
6896688,1873
6897239,1871
6897790,1872
6898344,1872
6898894,1872
6899444,1872
6899994,1872
6900544,1871
6901095,1873
6901646,1873
6902196,1872
6902747,1872
6903297,1873
6903848,1872
6904400,1872
6904949,1873
6905500,1872
6906051,1872
6906601,1873
6907152,1873
6907703,1872
6908253,1872
6908805,1872
6909356,1873
6909906,1872
6910457,1872
6911008,1872
6911558,1872
6912109,1871
6912659,1874
6913210,1872
6913761,1872
6914315,1872
6914866,1878
6915417,1872
6915967,1872
6916517,1872
6917068,1872
6917617,1872
6918168,1872
6918718,1872
6919268,1872
6919819,1872
6920368,1872
6920919,1872
6921469,1872
6922019,1872
6922569,1872
6923118,1872
6923668,1872
6924218,1873
6924770,1872
6925324,1873
6925876,1873
6926426,1872
6926976,1873
6927527,1873
6928077,1873
6928627,1873
6929178,1872
6929730,1872
6930280,1872
6930831,1874
6931381,1872
6931932,1872
6932483,1872
6933032,1871
6933582,1871
6934132,1872
6934682,1872
6935233,1872
6935784,1873
6936338,1872
6936889,1872
6937439,1874
6937991,1874
6938541,1873
6939090,1874
6939640,1873
6940192,1872
6940743,1872
6941292,1872
6941842,1873
6942393,1872
6942945,1871
6943495,1871
6944044,1872
6944594,1872
6945144,1872
6945695,1872
6946245,1872
6946795,1874
6947349,1872
6947901,1872
6948451,1872
6949002,1872
6949552,1873
6950103,1872
6950654,1876
6951206,1873
6951755,1873
6952308,1874
6952859,1872
6953409,1872
6953959,1872
6954510,1872
6955059,1872
6955609,1873
6956160,1873
6956710,1873
6957261,1873
6957811,1874
6958361,1872
6958913,1872
6959463,1872
6960013,1872
6960563,1871
6961114,1875
6961665,1872
6962216,1872
6962767,1872
6963321,1870
6963872,1872
6964422,1870
6964971,1872
6965521,1872
6966072,1872
6966622,1872
6967172,1872
6967722,1873
6968273,1873
6968824,1873
6969374,1872
6969925,1872
6970475,1872
6971024,1873
6971575,1873
6972126,1872
6972676,1872
6973226,1872
6973776,1872
6974330,1872
6974881,1872
6975431,1871
6975981,1872
6976531,1873
6977083,1872
6977633,1872
6978185,1872
6978735,1872
6979286,1872
6979836,1871
6980386,1872
6980935,1872
6981485,1876
6982036,1872
6982587,1873
6983138,1872
6983689,1872
6984239,1877
6984790,1872
6985345,1871
6985894,1872
6986444,1872
6986994,1872
6987544,1873
6988095,1873
6988645,1872
6989197,1872
6989746,1872
6990297,1872
6990847,1872
6991398,1873
6991948,1871
6992499,1872
6993049,1872
6993599,1872
6994150,1872
6994700,1874
6995252,1871
6995805,1871
6996355,1872
6996904,1873
6997455,1872
6998006,1872
6998556,1871
6999107,1874
6999657,1872
7000208,1872
7000758,1872
7001312,1873
7001864,1872
7002414,1872
7002965,1872
7003515,1872
7004064,1870
7004614,1872
7005167,1872
7005717,1871
7006267,1872
7006818,1873
7007369,1872
7007920,1872
7008470,1873
7009021,1872
7009571,1872
7010121,1874
7010672,1872
7011224,1872
7011775,1872
7012329,1872
7012880,1875
7013431,1869
7013981,1870
7014531,1872
7015082,1872
7015632,1870
7016183,1873
7016733,1872
7017284,1872
7017834,1871
7018384,1872
7018934,1872
7019484,1872
7020035,1872
7020585,1873
7021136,1872
7021686,1873
7022238,1873
7022788,1872
7023343,1871
7023893,1875
7024444,1871
7024995,1870
7025545,1872
7026096,1872
7026646,1871
7027198,1872
7027748,1872
7028299,1872
7028848,1872
7029398,1873
7029949,1875
7030499,1872
7031051,1871
7031601,1872
7032151,1874
7032703,1872
7033253,1872
7033805,1873
7034356,1874
7034906,1872
7035457,1872
7036008,1872
7036558,1872
7037109,1873
7037660,1869
7038211,1872
7038762,1873
7039316,1875
7039866,1873
7040416,1872
7040967,1872
7041517,1872
7042067,1873
7042618,1872
7043170,1871
7043719,1872
7044269,1874
7044820,1872
7045372,1872
7045922,1872
7046472,1872
7047022,1872
7047572,1875
7048124,1872
7048675,1872
7049225,1872
7049774,1873
7050330,1872
7050880,1872
7051430,1873
7051982,1874
7052532,1873
7053082,1873
7053632,1872
7054184,1873
7054734,1872
7055286,1872
7055835,1873
7056386,1872
7056937,1872
7057487,1872
7058037,1872
7058587,1871
7059138,1872
7059689,1874
7060239,1872
7060790,1873
7061345,1871
7061895,1872
7062445,1872
7062995,1872
7063545,1872
7064095,1872
7064645,1873
7065196,1872
7065747,1872
7066297,1873
7066847,1872
7067398,1872
7067948,1871
7068498,1873
7069050,1873
7069600,1872
7070151,1872
7070702,1872
7071251,1873
7071805,1872
7072355,1874
7072907,1873
7073457,1873
7074008,1872
7074558,1872
7075109,1873
7075660,1872
7076211,1872
7076760,1873
7077315,1872
7077866,1872
7078416,1874
7078968,1872
7079518,1871
7080068,1874
7080619,1872
7081170,1872
7081721,1872
7082271,1872
7082822,1874
7083372,1873
7083922,1873
7084472,1872
7085023,1875
7085574,1872
7086125,1872
7086676,1872
7087226,1871
7087775,1872
7088329,1872
7088879,1872
7089429,1872
7089980,1873
7090530,1872
7091082,1873
7091633,1870
7092184,1872
7092733,1873
7093284,1872
7093836,1872
7094386,1874
7094936,1875
7095486,1872
7096037,1872
7096587,1873
7097138,1873
7097689,1872
7098239,1873
7098790,1872
7099345,1875
7099895,1872
7100446,1876
7100997,1872
7101548,1872
7102099,1873
7102650,1873
7103202,1872
7103752,1874
7104307,1872
7104858,1873
7105409,1872
7105961,1872
7106511,1872
7107061,1872
7107611,1873
7108166,1872
7108717,1872
7109267,1873
7109819,1872
7110370,1871
7110919,1872
7111469,1871
7112020,1874
7112571,1872
7113122,1870
7113672,1872
7114223,1872
7114773,1872
7115327,1873
7115879,1872
7116429,1872
7116980,1872
7117530,1872
7118081,1872
7118631,1872
7119181,1872
7119731,1873
7120283,1872
7120833,1872
7121383,1872
7121933,1873
7122484,1872
7123036,1875
7123587,1871
7124137,1876
7124689,1872
7125239,1873
7125790,1872
7126345,1875
7126895,1872
7127446,1873
7127997,1872
7128548,1872
7129099,1873
7129650,1872
7130202,1872
7130751,1875
7131306,1872
7131858,1872
7132408,1872
7132959,1872
7133508,1874
7134059,1872
7134611,1872
7135161,1873
7135712,1873
7136262,1873
7136812,1872
7137363,1872
7137913,1873
7138464,1871
7139015,1872
7139565,1873
7140117,1872
7140667,1873
7141218,1872
7141770,1872
7142324,1873
7142874,1872
7143425,1873
7143976,1872
7144527,1872
7145077,1872
7145627,1872
7146178,1872
7146729,1874
7147280,1873
7147831,1869
7148381,1872
7148932,1874
7149482,1874
7150033,1873
7150583,1872
7151134,1872
7151683,1874
7152234,1872
7152785,1872
7153339,1872
7153889,1872
7154439,1873
7154990,1872
7155541,1871
7156091,1872
7156641,1872
7157192,1872
7157742,1873
7158293,1875
7158844,1872
7159394,1873
7159945,1872
7160495,1872
7161045,1872
7161596,1872
7162145,1872
7162695,1872
7163245,1872
7163796,1872
7164348,1872
7164898,1873
7165450,1872
7166001,1872
7166551,1872
7167100,1874
7167651,1872
7168203,1873
7168753,1872
7169308,1872
7169858,1872
7170408,1872
7170959,1872
7171509,1871
7172058,1872
7172608,1872
7173159,1873
7173711,1872
7174262,1872
7174811,1872
7175361,1871
7175912,1872
7176462,1872
7177012,1872
7177562,1872
7178111,1872
7178664,1872
7179213,1872
7179763,1872
7180317,1873
7180868,1872
7181419,1873
7181971,1872
7182521,1872
7183072,1871
7183622,1872
7184174,1872
7184724,1872
7185274,1874
7185826,1872
7186377,1873
7186927,1872
7187478,1872
7188028,1872
7188578,1873
7189129,1872
7189680,1872
7190230,1871
7190780,1872
7191334,1872
7191885,1871
7192435,1872
7192985,1874
7193535,1872
7194086,1872
7194637,1872
7195188,1872
7195738,1872
7196288,1874
7196839,1872
7197390,1873
7197941,1872
7198492,1872
7199042,1872
7199592,1872
7200143,1873
7200693,1872
7201244,1871
7201795,1872
7202349,1872
7202899,1872
7203449,1871
7204000,1872
7204550,1872
7205100,1873
7205650,1873
7206202,1872
7206752,1872
7207307,1872
7207858,1873
7208409,1872
7208960,1873
7209511,1872
7210062,1874
7210612,1873
7211166,1871
7211717,1873
7212269,1872
7212819,1872
7213369,1872
7213920,1872
7214470,1872
7215020,1872
7215570,1871
7216121,1872
7216670,1872
7217220,1872
7217770,1872
7218324,1874
7218875,1872
7219427,1872
7219977,1872
7220527,1872
7221077,1875
7221628,1869
7222179,1872
7222729,1872
7223280,1872
7223829,1872
7224379,1872
7224929,1872
7225479,1872
7226029,1872
7226579,1872
7227130,1873
7227680,1873
7228230,1872
7228781,1871
7229335,1872
7229886,1873
7230437,1873
7230986,1873
7231536,1872
7232088,1872
7232638,1872
7233189,1872
7233738,1871
7234289,1873
7234839,1873
7235389,1872
7235940,1872
7236490,1874
7237041,1872
7237591,1872
7238142,1872
7238691,1872
7239241,1873
7239792,1872
7240347,1874
7240898,1872
7241449,1872
7242000,1873
7242550,1873
7243101,1872
7243652,1872
7244203,1872
7244753,1872
7245308,1874
7245860,1871
7246410,1872
7246961,1872
7247511,1872
7248061,1873
7248611,1872
7249166,1872
7249716,1872
7250266,1872
7250817,1870
7251367,1872
7251916,1872
7252467,1873
7253018,1871
7253569,1872
7254119,1872
7254670,1872
7255219,1872
7255769,1872
7256323,1872
7256874,1872
7257424,1875
7257974,1875
7258524,1872
7259076,1874
7259626,1872
7260178,1872
7260728,1873
7261278,1871
7261829,1873
7262380,1872
7262932,1870
7263482,1872
7264033,1874
7264583,1874
7265134,1872
7265684,1872
7266234,1875
7266785,1873
7267339,1873
7267890,1872
7268441,1873
7268992,1872
7269543,1872
7270093,1874
7270644,1872
7271196,1872
7271745,1872
7272296,1872
7272846,1872
7273396,1870
7273947,1872
7274497,1874
7275048,1873
7275598,1872
7276148,1872
7276698,1870
7277249,1871
7277800,1872
7278354,1871
7278904,1874
7279455,1872
7280007,1872
7280557,1872
7281108,1872
7281657,1872
7282208,1872
7282757,1873
7283312,1871
7283863,1874
7284414,1872
7284966,1873
7285517,1873
7286067,1870
7286617,1871
7287169,1873
7287719,1873
7288269,1872
7288820,1872
7289370,1872
7289920,1872
7290470,1872
7291021,1872
7291571,1873
7292121,1872
7292672,1872
7293223,1872
7293772,1874
7294327,1872
7294878,1872
7295428,1872
7295979,1872
7296529,1875
7297081,1874
7297631,1872
7298183,1872
7298732,1871
7299282,1872
7299833,1872
7300383,1872
7300934,1874
7301485,1872
7302035,1871
7302585,1872
7303136,1872
7303686,1872
7304237,1872
7304786,1872
7305341,1872
7305891,1873
7306442,1872
7306993,1874
7307543,1872
7308095,1873
7308646,1872
7309197,1872
7309748,1872
7310297,1872
7310847,1872
7311397,1872
7311947,1872
7312497,1872
7313047,1873
7313598,1874
7314149,1875
7314700,1872
7315251,1873
7315805,1873
7316355,1872
7316906,1873
7317457,1874
7318008,1872
7318558,1873
7319109,1873
7319659,1873
7320209,1872
7320761,1872
7321315,1873
7321866,1874
7322416,1872
7322967,1873
7323518,1872
7324069,1873
7324620,1872
7325171,1872
7325722,1873
7326273,1872
7326824,1872
7327374,1874
7327926,1872
7328477,1872
7329027,1872
7329577,1875
7330128,1872
7330679,1872
7331230,1872
7331780,1873
7332335,1872
7332887,1871
7333437,1872
7333987,1872
7334537,1872
7335088,1875
7335639,1871
7336190,1872
7336740,1872
7337290,1872
7337840,1872
7338390,1873
7338941,1874
7339491,1872
7340042,1873
7340593,1873
7341143,1873
7341693,1871
7342245,1872
7342796,1870
7343348,1871
7343899,1872
7344449,1872
7345000,1875
7345551,1872
7346102,1872
7346652,1874
7347204,1872
7347754,1872
7348308,1872
7348859,1872
7349409,1872
7349960,1872
7350510,1872
7351061,1873
7351612,1873
7352166,1872
7352716,1872
7353267,1872
7353818,1873
7354369,1872
7354919,1872
7355469,1873
7356021,1873
7356571,1872
7357122,1872
7357673,1872
7358223,1872
7358772,1870
7359326,1872
7359877,1872
7360427,1872
7360976,1872
7361526,1872
7362077,1872
7362627,1871
7363177,1872
7363728,1873
7364278,1874
7364829,1875
7365379,1871
7365929,1875
7366480,1872
7367031,1872
7367581,1872
7368131,1873
7368682,1873
7369233,1873
7369783,1872
7370339,1872
7370889,1872
7371439,1872
7371989,1872
7372540,1872
7373090,1872
7373640,1872
7374191,1872
7374742,1872
7375291,1872
7375841,1872
7376391,1871
7376941,1873
7377492,1873
7378042,1872
7378593,1875
7379144,1875
7379694,1873
7380244,1874
7380795,1872
7381349,1872
7381900,1872
7382450,1874
7383001,1873
7383551,1872
7384102,1873
7384653,1872
7385205,1873
7385756,1872
7386310,1873
7386860,1874
7387410,1872
7387961,1872
7388511,1872
7389062,1872
7389612,1872
7390166,1873
7390717,1871
7391268,1874
7391820,1872
7392370,1872
7392920,1872
7393470,1873
7394022,1872
7394573,1877
7395124,1872
7395674,1872
7396225,1872
7396775,1872
7397330,1873
7397881,1873
7398431,1869
7398983,1872
7399533,1872
7400083,1872
7400634,1872
7401184,1872
7401735,1872
7402285,1872
7402834,1872
7403384,1872
7403934,1872
7404484,1873
7405035,1873
7405585,1873
7406136,1872
7406686,1872
7407237,1872
7407786,1872
7408340,1872
7408891,1872
7409441,1872
7409990,1872
7410540,1873
7411091,1872
7411643,1872
7412194,1871
7412744,1872
7413295,1872
7413845,1869
7414395,1871
7414945,1872
7415495,1872
7416046,1872
7416596,1872
7417145,1871
7417695,1872
7418245,1872
7418795,1872
7419348,1872
7419899,1872
7420449,1872
7421000,1873
7421551,1873
7422101,1872
7422652,1872
7423203,1872
7423754,1872
7424308,1872
7424858,1874
7425409,1872
7425960,1873
7426511,1872
7427062,1872
7427612,1872
7428166,1872
7428716,1872
7429266,1872
7429816,1872
7430366,1871
7430916,1872
7431466,1872
7432016,1872
7432566,1872
7433116,1873
7433667,1872
7434218,1873
7434769,1873
7435323,1872
7435874,1872
7436424,1872
7436975,1872
7437525,1872
7438075,1872
7438625,1874
7439176,1872
7439727,1873
7440279,1872
7440830,1873
7441381,1872
7441932,1872
7442482,1872
7443033,1873
7443583,1872
7444135,1872
7444685,1872
7445235,1872
7445785,1873
7446340,1872
7446891,1872
7447441,1873
7447993,1872
7448543,1871
7449094,1872
7449644,1871
7450194,1872
7450745,1871
7451294,1873
7451846,1872
7452397,1872
7452947,1872
7453497,1872
7454047,1870
7454597,1871
7455148,1872
7455698,1872
7456248,1875
7456799,1872
7457353,1873
7457903,1872
7458455,1872
7459004,1872
7459554,1871
7460104,1872
7460655,1872
7461206,1872
7461757,1872
7462311,1871
7462861,1873
7463412,1872
7463964,1872
7464514,1872
7465063,1872
7465613,1871
7466166,1874
7466717,1872
7467269,1872
7467819,1872
7468369,1873
7468921,1872
7469471,1870
7470021,1871
7470571,1872
7471122,1872
7471673,1873
7472224,1872
7472774,1872
7473329,1872
7473879,1872
7474429,1872
7474980,1872
7475530,1872
7476081,1872
7476631,1872
7477181,1871
7477731,1872
7478281,1873
7478832,1872
7479383,1872
7479933,1872
7480483,1872
7481033,1873
7481584,1872
7482135,1872
7482685,1872
7483235,1872
7483785,1872
7484339,1872
7484889,1873
7485440,1872
7485992,1874
7486543,1869
7487094,1873
7487645,1873
7488197,1872
7488747,1872
7489298,1872
7489847,1873
7490398,1872
7490949,1872
7491499,1872
7492049,1873
7492600,1873
7493151,1872
7493702,1871
7494252,1872
7494805,1871
7495355,1873
7495906,1873
7496456,1871
7497008,1872
7497558,1872
7498109,1872
7498658,1874
7499210,1872
7499760,1871
7500314,1873
7500865,1872
7501416,1873
7501968,1871
7502518,1871
7503068,1872
7503618,1872
7504170,1872
7504721,1871
7505270,1871
7505820,1870
7506370,1872
7506920,1872
7507470,1872
7508021,1872
7508571,1874
7509121,1874
7509671,1872
7510223,1873
7510773,1871
7511329,1873
7511880,1873
7512430,1872
7512981,1872
7513531,1873
7514082,1869
7514633,1870
7515184,1872
7515734,1872
7516285,1872
7516834,1872
7517384,1872
7517935,1871
7518485,1872
7519035,1870
7519585,1872
7520136,1872
7520686,1875
7521238,1872
7521788,1872
7522343,1872
7522893,1871
7523443,1872
7523994,1872
7524544,1872
7525094,1872
7525644,1873
7526196,1872
7526746,1872
7527297,1872
7527846,1872
7528396,1873
7528947,1872
7529498,1873
7530049,1872
7530600,1872
7531151,1872
7531701,1873
7532252,1872
7532804,1874
7533355,1873
7533906,1873
7534456,1875
7535007,1872
7535558,1872
7536108,1871
7536659,1872
7537208,1875
7537759,1874
7538313,1872
7538865,1872
7539415,1872
7539966,1872
7540516,1872
7541065,1874
7541616,1872
7542169,1873
7542719,1872
7543270,1872
7543820,1873
7544371,1872
7544922,1872
7545472,1874
7546023,1872
7546574,1874
7547126,1872
7547676,1873
7548227,1872
7548778,1872
7549332,1873
7549884,1872
7550435,1872
7550986,1872
7551536,1872
7552087,1873
7552638,1872
7553189,1871
7553739,1872
7554289,1872
7554839,1872
7555389,1872
7555940,1872
7556490,1872
7557041,1874
7557592,1872
7558143,1873
7558693,1872
7559245,1872
7559795,1873
7560349,1872
7560900,1871
7561450,1872
7562001,1872
7562551,1872
7563100,1875
7563651,1874
7564203,1872
7564753,1872
7565308,1875
7565859,1873
7566409,1873
7566960,1872
7567510,1872
7568061,1875
7568612,1872
7569166,1872
7569716,1872
7570266,1873
7570818,1873
7571368,1872
7571919,1875
7572470,1872
7573021,1873
7573572,1872
7574123,1872
7574674,1872
7575224,1873
7575774,1871
7576329,1872
7576880,1873
7577430,1872
7577981,1872
7578531,1872
7579082,1872
7579632,1872
7580184,1872
7580733,1872
7581283,1875
7581834,1872
7582386,1871
7582935,1872
7583485,1872
7584035,1872
7584585,1873
7585136,1872
7585687,1872
7586237,1872
7586787,1872
7587342,1872
7587893,1872
7588443,1872
7588993,1874
7589544,1872
7590095,1871
7590645,1872
7591197,1872
7591748,1871
7592298,1872
7592848,1874
7593399,1872
7593951,1872
7594501,1872
7595051,1872
7595601,1872
7596151,1872
7596702,1875
7597253,1875
7597805,1872
7598355,1872
7598905,1872
7599455,1873
7600005,1872
7600557,1871
7601106,1872
7601656,1873
7602208,1872
7602758,1872
7603312,1871
7603863,1872
7604413,1872
7604962,1872
7605512,1872
7606062,1872
7606612,1872
7607166,1871
7607716,1872
7608266,1872
7608816,1870
7609366,1873
7609918,1872
7610468,1872
7611018,1872
7611569,1872
7612118,1871
7612669,1872
7613219,1872
7613770,1873
7614325,1873
7614876,1872
7615427,1872
7615977,1871
7616527,1871
7617077,1872
7617627,1872
7618178,1872
7618729,1871
7619279,1872
7619829,1872
7620379,1872
7620929,1873
7621480,1874
7622030,1872
7622582,1874
7623133,1872
7623683,1872
7624233,1872
7624783,1872
7625337,1872
7625887,1873
7626438,1872
7626989,1871
7627539,1872
7628089,1873
7628640,1872
7629191,1872
7629742,1871
7630291,1872
7630841,1872
7631391,1873
7631942,1871
7632493,1872
7633043,1873
7633594,1871
7634145,1875
7634696,1872
7635248,1873
7635799,1872
7636353,1873
7636904,1871
7637455,1872
7638005,1872
7638555,1873
7639106,1874
7639655,1872
7640206,1872
7640756,1875
7641309,1872
7641861,1872
7642411,1872
7642962,1873
7643512,1872
7644063,1874
7644614,1872
7645168,1872
7645718,1872
7646268,1872
7646819,1873
7647370,1872
7647921,1872
7648471,1873
7649021,1873
7649571,1872
7650123,1872
7650673,1875
7651224,1872
7651775,1872
7652330,1872
7652879,1872
7653429,1875
7653981,1874
7654531,1872
7655081,1872
7655631,1872
7656183,1872
7656733,1872
7657283,1873
7657835,1873
7658385,1871
7658937,1872
7659487,1873
7660037,1872
7660588,1872
7661138,1872
7661688,1871
7662239,1875
7662790,1873
7663345,1872
7663895,1872
7664445,1872
7664995,1870
7665545,1872
7666095,1874
7666646,1872
7667198,1875
7667748,1872
7668299,1872
7668849,1872
7669399,1872
7669949,1873
7670500,1872
7671052,1873
7671603,1873
7672153,1872
7672703,1872
7673253,1872
7673805,1872
7674356,1872
7674906,1872
7675456,1873
7676007,1872
7676557,1872
7677108,1872
7677657,1872
7678208,1871
7678757,1872
7679311,1872
7679861,1872
7680411,1873
7680962,1874
7681512,1872
7682063,1872
7682613,1872
7683167,1873
7683719,1872
7684270,1875
7684820,1873
7685370,1872
7685921,1872
7686471,1872
7687022,1872
7687572,1872
7688122,1872
7688673,1872
7689223,1872
7689772,1872
7690326,1872
7690876,1872
7691426,1872
7691976,1872
7692526,1872
7693076,1875
7693627,1872
7694178,1874
7694729,1872
7695280,1873
7695832,1873
7696382,1872
7696934,1872
7697484,1875
7698036,1872
7698586,1872
7699136,1872
7699686,1872
7700236,1872
7700786,1872
7701340,1875
7701892,1871
7702443,1873
7702993,1872
7703544,1873
7704096,1873
7704646,1872
7705197,1872
7705747,1873
7706298,1874
7706847,1873
7707397,1872
7707948,1872
7708498,1872
7709048,1872
7709598,1873
7710150,1872
7710700,1872
7711250,1872
7711804,1873
7712355,1872
7712906,1872
7713456,1872
7714007,1872
7714557,1872
7715108,1872
7715659,1875
7716210,1872
7716760,1873
7717315,1872
7717866,1874
7718417,1872
7718968,1875
7719519,1872
7720070,1872
7720620,1871
7721171,1872
7721721,1872
7722272,1872
7722822,1873
7723373,1873
7723923,1872
7724474,1872
7725025,1873
7725576,1872
7726127,1872
7726676,1872
7727226,1872
7727776,1872
7728330,1872
7728880,1872
7729430,1872
7729980,1872
7730530,1870
7731081,1872
7731631,1871
7732181,1872
7732731,1872
7733281,1872
7733832,1872
7734382,1872
7734933,1872
7735483,1872
7736033,1872
7736583,1872
7737134,1872
7737684,1872
7738234,1871
7738784,1872
7739338,1872
7739888,1872
7740438,1872
7740989,1872
7741539,1872
7742089,1872
7742639,1872
7743190,1872
7743741,1871
7744291,1872
7744840,1872
7745390,1872
7745940,1873
7746491,1873
7747041,1872
7747592,1873
7748143,1875
7748694,1873
7749245,1872
7749796,1872
7750349,1872
7750899,1873
7751450,1872
7752002,1872
7752552,1872
7753102,1872
7753652,1872
7754203,1872
7754753,1872
7755308,1872
7755858,1872
7756408,1872
7756959,1872
7757509,1872
7758060,1872
7758610,1872
7759162,1872
7759712,1872
7760262,1872
7760812,1872
7761362,1871
7761912,1872
7762462,1872
7763013,1872
7763563,1872
7764114,1872
7764663,1872
7765213,1872
7765763,1872
7766317,1872
7766867,1872
7767417,1873
7767968,1873
7768518,1874
7769069,1872
7769619,1872
7770171,1873
7770722,1872
7771272,1872
7771823,1872
7772373,1872
7772922,1872
7773472,1872
7774022,1872
7774572,1873
7775124,1873
7775675,1875
7776225,1872
7776776,1873
7777331,1872
7777882,1874
7778432,1872
7778983,1875
7779534,1873
7780084,1873
7780634,1872
7781185,1872
7781735,1873
7782286,1873
7782837,1872
7783388,1871
7783937,1872
7784487,1871
7785038,1872
7785588,1871
7786138,1872
7786689,1872
7787239,1872
7787790,1869
7788344,1872
7788894,1872
7789444,1872
7789994,1873
7790545,1873
7791095,1872
7791646,1872
7792198,1875
7792748,1872
7793300,1872
7793849,1872
7794399,1871
7794949,1872
7795499,1872
7796049,1871
7796599,1872
7797150,1872
7797700,1871
7798251,1872
7798805,1872
7799355,1873
7799907,1872
7800457,1872
7801007,1871
7801557,1872
7802108,1872
7802657,1873
7803208,1872
7803759,1872
7804313,1872
7804864,1873
7805414,1873
7805964,1874
7806514,1872
7807065,1872
7807615,1870
7808167,1871
7808718,1872
7809267,1872
7809818,1873
7810368,1872
7810920,1872
7811470,1872
7812019,1872
7812570,1872
7813119,1872
7813669,1870
7814219,1873
7814770,1872
7815325,1871
7815875,1872
7816426,1873
7816976,1872
7817528,1873
7818078,1872
7818630,1869
7819180,1873
7819731,1872
7820282,1873
7820834,1873
7821384,1869
7821936,1874
7822486,1872
7823038,1872
7823588,1870
7824137,1872
7824688,1872
7825238,1872
7825787,1872
7826343,1874
7826894,1872
7827444,1873
7827995,1873
7828545,1872
7829095,1872
7829645,1872
7830197,1872
7830748,1873
7831298,1873
7831848,1872
7832400,1873
7832950,1872
7833501,1874
7834053,1872
7834604,1872
7835154,1874
7835705,1872
7836256,1872
7836806,1872
7837356,1872
7837906,1872
7838456,1872
7839007,1872
7839557,1872
7840108,1871
7840658,1872
7841209,1872
7841758,1872
7842312,1872
7842862,1871
7843412,1872
7843962,1871
7844512,1872
7845062,1872
7845612,1872
7846166,1872
7846716,1872
7847266,1872
7847817,1872
7848367,1872
7848916,1872
7849466,1872
7850016,1873
7850568,1874
7851117,1873
7851668,1872
7852219,1872
7852769,1872
7853324,1872
7853874,1871
7854424,1873
7854975,1872
7855526,1872
7856076,1872
7856626,1871
7857177,1872
7857726,1872
7858276,1872
7858826,1875
7859377,1872
7859929,1872
7860479,1872
7861029,1872
7861579,1872
7862129,1872
7862680,1872
7863231,1872
7863781,1873
7864336,1875
7864886,1872
7865437,1872
7865987,1873
7866538,1872
7867089,1871
7867639,1872
7868190,1872
7868739,1872
7869289,1874
7869840,1872
7870391,1872
7870941,1873
7871492,1873
7872042,1872
7872593,1872
7873144,1874
7873695,1875
7874245,1872
7874796,1872
7875350,1872
7875900,1875
7876451,1872
7877002,1872
7877552,1872
7878102,1872
7878652,1872
7879203,1875
7879755,1872
7880308,1872
7880859,1873
7881409,1872
7881961,1875
7882512,1872
7883063,1873
7883614,1872
7884167,1872
7884717,1873
7885268,1872
7885819,1872
7886369,1872
7886919,1872
7887469,1872
7888020,1872
7888570,1872
7889121,1872
7889670,1872
7890220,1872
7890770,1872
7891324,1872
7891874,1871
7892424,1874
7892975,1872
7893526,1872
7894076,1872
7894626,1872
7895177,1872
7895726,1872
7896277,1873
7896827,1873
7897378,1872
7897928,1872
7898478,1871
7899028,1872
7899578,1872
7900128,1872
7900679,1873
7901230,1872
7901780,1873
7902335,1872
7902886,1872
7903436,1872
7903987,1872
7904537,1872
7905088,1872
7905638,1872
7906189,1872
7906738,1871
7907288,1873
7907840,1872
7908390,1872
7908941,1872
7909490,1872
7910041,1872
7910591,1872
7911142,1872
7911691,1872
7912241,1872
7912792,1872
7913346,1872
7913897,1872
7914447,1872
7914997,1871
7915547,1872
7916097,1872
7916647,1871
7917201,1872
7917752,1872
7918306,1872
7918856,1872
7919406,1872
7919956,1872
7920506,1872
7921056,1872
7921606,1872
7922157,1873
7922708,1874
7923259,1871
7923810,1869
7924360,1873
7924911,1872
7925462,1872
7926013,1872
7926563,1872
7927112,1872
7927664,1872
7928214,1873
7928764,1871
7929319,1872
7929869,1873
7930420,1874
7930971,1872
7931522,1872
7932073,1873
7932624,1871
7933175,1874
7933725,1873
7934275,1872
7934826,1872
7935376,1872
7935926,1871
7936476,1872
7937027,1872
7937577,1872
7938127,1870
7938676,1872
7939226,1871
7939777,1870
7940331,1873
7940882,1872
7941433,1873
7941985,1869
7942535,1872
7943085,1874
7943636,1872
7944187,1872
7944738,1872
7945288,1872
7945837,1872
7946387,1872
7946937,1872
7947487,1872
7948037,1872
7948587,1873
7949138,1874
7949689,1872
7950239,1872
7950789,1873
7951344,1872
7951895,1872
7952445,1872
7952995,1874
7953546,1872
7954098,1872
7954648,1871
7955202,1872
7955751,1872
7956306,1873
7956858,1872
7957409,1873
7957960,1873
7958510,1872
7959061,1874
7959612,1872
7960166,1872
7960716,1872
7961267,1872
7961818,1874
7962369,1872
7962920,1872
7963470,1872
7964021,1872
7964571,1874
7965122,1872
7965672,1872
7966223,1872
7966774,1872
7967328,1872
7967879,1872
7968429,1872
7968980,1872
7969530,1872
7970081,1872
7970631,1870
7971182,1872
7971731,1872
7972282,1871
7972833,1872
7973383,1872
7973932,1873
7974483,1872
7975035,1872
7975585,1872
7976135,1872
7976685,1875
7977237,1873
7977788,1872
7978343,1870
7978893,1872
7979443,1872
7979994,1874
7980544,1873
7981094,1872
7981645,1872
7982197,1872
7982748,1872
7983298,1873
7983848,1871
7984399,1872
7984949,1872
7985499,1873
7986050,1873
7986600,1872
7987151,1871
7987702,1872
7988252,1874
7988805,1872
7989355,1871
7989905,1873
7990456,1873
7991005,1872
7991556,1873
7992108,1872
7992658,1873
7993208,1872
7993759,1873
7994314,1872
7994866,1873
7995417,1872
7995968,1872
7996518,1873
7997069,1872
7997620,1872
7998171,1874
7998722,1872
7999273,1872
7999824,1872
8000374,1872
8000925,1872
8001475,1872
8002026,1874
8002576,1872
8003128,1872
8003677,1873
8004229,1872
8004779,1872
8005333,1872
8005884,1873
8006435,1872
8006986,1874
8007537,1872
8008088,1873
8008638,1871
8009189,1873
8009740,1872
8010291,1872
8010841,1872
8011391,1872
8011941,1873
8012492,1870
8013043,1873
8013594,1872
8014146,1872
8014695,1873
8015247,1872
8015797,1872
8016351,1872
8016901,1872
8017451,1872
8018001,1872
8018551,1872
8019102,1873
8019653,1872
8020205,1872
8020756,1872
8021310,1872
8021860,1872
8022410,1869
8022960,1872
8023510,1873
8024061,1873
8024611,1872
8025167,1872
8025716,1874
8026267,1872
8026819,1875
8027370,1873
8027920,1873
8028470,1872
8029021,1872
8029571,1872
8030121,1872
8030671,1873
8031222,1872
8031773,1872
8032328,1876
8032878,1874
8033428,1872
8033980,1872
8034530,1873
8035082,1871
8035633,1870
8036184,1872
8036734,1872
8037285,1872
8037834,1873
8038385,1872
8038937,1872
8039487,1872
8040037,1872
8040587,1871
8041138,1872
8041689,1873
8042239,1873
8042790,1872
8043345,1872
8043894,1872
8044444,1872
8044994,1872
8045544,1872
8046095,1872
8046645,1873
8047197,1872
8047747,1873
8048299,1872
8048850,1872
8049400,1872
8049950,1872
8050501,1872
8051050,1872
8051600,1872
8052150,1872
8052700,1872
8053250,1872
8053805,1870
8054355,1872
8054906,1872
8055456,1875
8056008,1872
8056558,1872
8057108,1872
8057658,1872
8058209,1872
8058759,1872
8059313,1872
8059863,1872
8060413,1872
8060963,1873
8061514,1871
8062065,1872
8062616,1871
8063168,1872
8063717,1871
8064268,1871
8064819,1871
8065369,1872
8065918,1871
8066469,1872
8067018,1872
8067568,1873
8068120,1871
8068670,1872
8069220,1872
8069770,1873
8070325,1873
8070875,1872
8071427,1873
8071977,1872
8072528,1872
8073078,1872
8073628,1872
8074178,1877
8074729,1873
8075279,1872
8075831,1870
8076381,1871
8076932,1872
8077482,1870
8078033,1874
8078584,1873
8079134,1873
8079683,1872
8080234,1872
8080784,1873
8081339,1872
8081890,1872
8082440,1872
8082990,1872
8083540,1872
8084090,1872
8084640,1872
8085191,1872
8085742,1872
8086292,1873
8086842,1872
8087394,1872
8087945,1872
8088495,1872
8089044,1872
8089594,1872
8090144,1876
8090696,1872
8091247,1872
8091796,1873
8092350,1872
8092901,1872
8093451,1874
8094002,1872
8094553,1872
8095103,1873
8095654,1871
8096205,1872
8096756,1872
8097310,1872
8097860,1871
8098410,1871
8098960,1872
8099510,1874
8100061,1872
8100612,1872
8101165,1874
8101716,1874
8102266,1872
8102818,1872
8103368,1872
8103919,1872
8104469,1872
8105019,1872
8105569,1872
8106118,1872
8106669,1873
8107220,1872
8107770,1873
8108325,1872
8108877,1873
8109428,1874
8109979,1872
8110529,1867
8111080,1872
8111630,1872
8112180,1872
8112730,1873
8113281,1872
8113832,1872
8114382,1872
8114933,1872
8115483,1870
8116032,1872
8116582,1872
8117132,1873
8117683,1872
8118234,1872
8118784,1872
8119338,1874
8119890,1872
8120440,1872
8120990,1872
8121540,1872
8122090,1872
8122640,1871
8123191,1874
8123743,1874
8124294,1872
8124845,1872
8125395,1870
8125946,1873
8126497,1872
8127047,1872
8127597,1872
8128147,1871
8128698,1872
8129248,1872
8129797,1872
8130351,1872
8130901,1872
8131451,1873
8132002,1873
8132552,1871
8133103,1872
8133653,1872
8134204,1872
8134753,1873
8135308,1872
8135859,1872
8136409,1872
8136960,1874
8137511,1872
8138061,1872
8138611,1873
8139166,1873
8139716,1872
8140268,1872
8140817,1872
8141368,1872
8141919,1871
8142469,1873
8143020,1872
8143571,1871
8144121,1872
8144670,1871
8145220,1872
8145770,1872
8146325,1872
8146874,1871
8147424,1872
8147974,1872
8148524,1872
8149075,1873
8149625,1871
8150177,1872
8150726,1871
8151277,1872
8151828,1872
8152378,1872
8152928,1870
8153478,1872
8154028,1872
8154578,1872
8155129,1872
8155678,1872
8156228,1870
8156778,1873
8157333,1872
8157885,1872
8158435,1871
8158986,1872
8159536,1871
8160087,1872
8160637,1872
8161188,1872
8161737,1872
8162287,1872
8162838,1872
8163388,1872
8163938,1872
8164488,1872
8165039,1872
8165589,1872
8166138,1872
8166689,1872
8167239,1872
8167790,1871
8168344,1872
8168894,1872
8169444,1871
8169994,1871
8170544,1873
8171096,1872
8171646,1872
8172198,1872
8172748,1876
8173300,1872
8173851,1873
8174402,1872
8174953,1872
8175503,1873
8176054,1871
8176605,1873
8177157,1872
8177707,1874
8178258,1873
8178808,1874
8179358,1872
8179909,1872
8180459,1872
8181010,1871
8181560,1872
8182110,1872
8182663,1873
8183213,1871
8183764,1872
8184318,1873
8184870,1874
8185420,1873
8185969,1872
8186520,1872
8187070,1869
8187620,1872
8188171,1873
8188722,1872
8189273,1872
8189824,1871
8190374,1872
8190925,1872
8191475,1873
8192026,1872
8192576,1872
8193126,1871
8193677,1872
8194227,1872
8194777,1872
8195331,1872
8195881,1872
8196432,1874
8196982,1872
8197533,1872
8198083,1873
8198634,1870
8199185,1872
8199736,1872
8200286,1872
8200837,1872
8201387,1871
8201938,1872
8202488,1871
8203038,1872
8203589,1872
8204138,1871
8204689,1873
8205240,1872
8205791,1873
8206344,1872
8206895,1872
8207445,1872
8207995,1872
8208545,1872
8209095,1872
8209645,1872
8210197,1872
8210746,1872
8211296,1872
8211846,1872
8212396,1872
8212947,1872
8213497,1874
8214047,1872
8214598,1872
8215149,1872
8215700,1872
8216250,1872
8216799,1873
8217353,1872
8217905,1875
8218456,1872
8219007,1871
8219557,1869
8220108,1871
8220659,1872
8221209,1872
8221760,1872
8222314,1872
8222865,1873
8223416,1872
8223967,1872
8224517,1873
8225068,1872
8225619,1872
8226170,1872
8226721,1872
8227271,1872
8227821,1872
8228371,1872
8228921,1870
8229471,1872
8230021,1872
8230571,1875
8231122,1873
8231672,1872
8232223,1873
8232774,1872
8233330,1871
8233880,1872
8234430,1873
8234982,1871
8235532,1872
8236082,1872
8236632,1871
8237183,1872
8237734,1873
8238285,1872
8238836,1873
8239387,1872
8239937,1873
8240488,1872
8241040,1872
8241590,1871
8242141,1872
8242690,1873
8243241,1873
8243792,1872
8244346,1872
8244896,1872
8245447,1875
8245997,1874
8246547,1872
8247098,1871
8247648,1872
8248202,1873
8248752,1872
8249307,1871
8249858,1872
8250408,1873
8250960,1873
8251510,1872
8252061,1872
8252611,1872
8253166,1872
8253716,1872
8254267,1872
8254817,1872
8255367,1872
8255918,1871
8256468,1873
8257019,1872
8257569,1871
8258119,1874
8258670,1872
8259222,1872
8259771,1872
8260325,1872
8260876,1872
8261426,1871
8261976,1872
8262526,1872
8263076,1872
8263626,1872
8264178,1872
8264729,1872
8265279,1872
8265830,1871
8266380,1870
8266930,1871
8267480,1872
8268030,1872
8268580,1872
8269130,1873
8269681,1872
8270232,1872
8270783,1872
8271337,1874
8271887,1872
8272438,1872
8272988,1872
8273538,1872
8274089,1872
8274639,1872
8275191,1872
8275742,1872
8276292,1871
8276842,1873
8277393,1872
8277945,1872
8278495,1873
8279046,1872
8279596,1872
8280146,1873
8280697,1873
8281248,1874
8281797,1872
8282352,1872
8282901,1871
8283451,1875
8284002,1872
8284554,1872
8285104,1872
8285654,1872
8286205,1873
8286755,1873
8287310,1873
8287859,1872
8288410,1872
8288960,1872
8289510,1872
8290061,1875
8290612,1872
8291166,1872
8291716,1872
8292267,1872
8292818,1872
8293368,1872
8293919,1872
8294469,1872
8295018,1872
8295568,1871
8296118,1872
8296669,1872
8297219,1872
8297769,1872
8298323,1871
8298873,1872
8299423,1871
8299974,1873
8300524,1872
8301075,1875
8301626,1872
8302178,1872
8302729,1872
8303279,1872
8303829,1872
8304380,1871
8304930,1872
8305480,1872
8306029,1872
8306579,1872
8307129,1872
8307679,1872
8308229,1872
8308779,1872
8309333,1872
8309884,1873
8310435,1872
8310986,1869
8311536,1870
8312085,1871
8312635,1871
8313187,1873
8313737,1873
8314287,1872
8314839,1873
8315390,1872
8315940,1872
8316490,1872
8317041,1870
8317591,1872
8318141,1874
8318692,1874
8319242,1872
8319793,1873
8320347,1872
8320899,1872
8321449,1873
8322001,1872
8322551,1872
8323102,1872
8323652,1872
8324204,1872
8324754,1873
8325308,1872
8325860,1872
8326410,1872
8326961,1874
8327511,1872
8328062,1872
8328612,1872
8329166,1871
8329716,1872
8330266,1873
8330817,1872
8331369,1873
8331919,1875
8332469,1873
8333020,1873
8333570,1873
8334121,1874
8334670,1872
8335222,1872
8335771,1872
8336325,1871
8336875,1872
8337425,1869
8337975,1872
8338525,1872
8339076,1872
8339626,1872
8340177,1871
8340726,1872
8341276,1871
8341826,1872
8342376,1872
8342927,1872
8343477,1872
8344028,1874
8344579,1872
8345129,1872
8345680,1873
8346230,1872
8346781,1872
8347335,1872
8347886,1874
8348437,1872
8348988,1872
8349538,1872
8350088,1872
8350638,1873
8351190,1870
8351740,1872
8352290,1872
8352840,1872
8353390,1872
8353940,1872
8354490,1871
8355041,1874
8355591,1875
8356141,1871
8356692,1872
8357242,1872
8357792,1872
8358346,1872
8358897,1872
8359447,1872
8359996,1873
8360547,1872
8361099,1874
8361650,1873
8362201,1872
8362752,1872
8363307,1871
8363857,1872
8364407,1872
8364956,1872
8365506,1872
8366056,1872
8366606,1872
8367158,1873
8367709,1872
8368260,1872
8368811,1873
8369362,1871
8369913,1872
8370463,1872
8371013,1872
8371563,1872
8372114,1872
8372663,1872
8373214,1873
8373764,1872
8374319,1874
8374871,1872
8375421,1872
8375972,1870
8376521,1872
8377071,1872
8377621,1872
8378172,1871
8378722,1872
8379273,1872
8379823,1872
8380373,1875
8380923,1872
8381475,1872
8382024,1873
8382575,1871
8383127,1873
8383677,1872
8384229,1873
8384779,1873
8385333,1873
8385884,1873
8386434,1872
8386986,1872
8387536,1872
8388085,1873
8388637,1871
8389187,1872
8389737,1872
8390287,1873
8390838,1872
8391389,1872
8391940,1874
8392491,1870
8393041,1872
8393591,1872
8394142,1872
8394691,1872
8395241,1873
8395793,1871
8396346,1872
8396897,1872
8397447,1872
8397996,1872
8398547,1872
8399096,1873
8399647,1872
8400202,1873
8400752,1872
8401307,1872
8401858,1872
8402408,1872
8402957,1872
8403508,1873
8404058,1872
8404609,1869
8405161,1872
8405710,1872
8406260,1872
8406811,1873
8407362,1873
8407912,1872
8408463,1875
8409014,1872
8409565,1872
8410116,1872
8410665,1872
8411215,1872
8411766,1872
8412320,1873
8412872,1872
8413422,1873
8413973,1872
8414524,1872
8415075,1872
8415625,1872
8416177,1872
8416728,1872
8417278,1871
8417829,1874
8418380,1872
8418931,1875
8419482,1873
8420031,1872
8420583,1873
8421134,1872
8421684,1872
8422234,1872
8422785,1872
8423339,1872
8423889,1872
8424439,1872
8424989,1872
8425539,1872
8426089,1872
8426639,1872
8427191,1872
8427742,1872
8428293,1875
8428844,1872
8429395,1872
8429945,1872
8430495,1874
8431046,1873
8431596,1872
8432147,1872
8432697,1874
8433249,1872
8433799,1869
8434353,1872
8434903,1872
8435453,1871
8436003,1872
8436553,1872
8437103,1871
8437653,1872
8438204,1872
8438754,1872
8439308,1871
8439859,1873
8440410,1872
8440960,1871
8441510,1872
8442061,1872
8442611,1872
8443161,1872
8443711,1870
8444261,1872
8444812,1875
8445362,1873
8445912,1872
8446463,1871
8447013,1872
8447564,1872
8448113,1872
8448664,1872
8449214,1872
8449763,1872
8450317,1872
8450867,1872
8451417,1871
8451967,1872
8452517,1872
8453068,1872
8453618,1872
8454169,1871
8454720,1872
8455270,1873
8455820,1872
8456371,1872
8456921,1872
8457471,1872
8458021,1872
8458571,1872
8459122,1871
8459673,1872
8460222,1872
8460772,1873
8461327,1872
8461879,1873
8462430,1872
8462981,1873
8463532,1872
8464082,1872
8464632,1871
8465183,1872
8465732,1870
8466282,1872
8466833,1871
8467383,1872
8467934,1872
8468484,1874
8469034,1873
8469584,1871
8470136,1873
8470686,1872
8471238,1870
8471787,1872
8472343,1872
8472892,1873
8473443,1873
8473994,1873
8474544,1872
8475095,1872
8475645,1873
8476197,1874
8476746,1874
8477296,1872
8477848,1872
8478398,1873
8478948,1872
8479499,1872
8480050,1872
8480600,1872
8481151,1872
8481702,1873
8482252,1872
8482805,1872
8483355,1873
8483905,1872
8484456,1873
8485007,1873
8485557,1873
8486108,1872
8486659,1873
8487210,1872
8487760,1872
8488314,1871
8488865,1875
8489416,1872
8489967,1872
8490517,1873
8491068,1871
8491619,1872
8492170,1872
8492721,1872
8493271,1872
8493820,1872
8494370,1871
8494921,1872
8495471,1872
8496021,1873
8496572,1873
8497122,1874
8497672,1873
8498222,1872
8498773,1877
8499328,1872
8499879,1873
8500430,1878
8500981,1872
8501532,1871
8502082,1872
8502632,1872
8503183,1872
8503732,1873
8504283,1872
8504834,1872
8505384,1872
8505935,1872
8506485,1871
8507035,1872
8507585,1871
8508136,1873
8508686,1872
8509237,1872
8509787,1871
8510343,1872
8510892,1872
8511442,1873
8511994,1872
8512544,1872
8513094,1872
8513644,1872
8514197,1872
8514746,1873
8515297,1872
8515848,1872
8516398,1874
8516949,1872
8517500,1872
8518050,1874
8518601,1872
8519152,1872
8519703,1872
8520253,1872
8520805,1872
8521355,1872
8521906,1872
8522456,1872
8523007,1871
8523557,1874
8524108,1872
8524659,1872
8525208,1873
8525759,1876
8526313,1872
8526865,1873
8527415,1872
8527967,1873
8528517,1874
8529068,1871
8529619,1872
8530170,1871
8530721,1872
8531271,1873
8531822,1873
8532372,1874
8532922,1873
8533472,1873
8534022,1871
8534573,1872
8535123,1873
8535675,1872
8536226,1872
8536776,1872
8537330,1871
8537880,1872
8538430,1873
8538981,1871
8539532,1872
8540082,1872
8540632,1872
8541182,1872
8541732,1872
8542282,1873
8542833,1872
8543384,1872
8543935,1872
8544485,1872
8545035,1872
8545585,1872
8546136,1872
8546686,1872
8547237,1872
8547786,1871
8548341,1871
8548891,1872
8549441,1872
8549991,1870
8550541,1872
8551091,1872
8551641,1872
8552193,1872
8552743,1872
8553294,1875
8553844,1872
8554396,1872
8554946,1873
8555497,1872
8556047,1873
8556598,1873
8557149,1872
8557699,1872
8558249,1873
8558805,1872
8559356,1872
8559907,1872
8560457,1872
8561008,1872
8561558,1873
8562110,1872
8562660,1872
8563211,1872
8563762,1872
8564316,1872
8564866,1872
8565416,1872
8565967,1871
8566517,1873
8567067,1872
8567619,1872
8568170,1872
8568719,1872
8569269,1872
8569819,1872
8570369,1872
8570920,1872
8571470,1871
8572020,1873
8572571,1872
8573122,1872
8573671,1872
8574222,1872
8574771,1872
8575325,1872
8575875,1872
8576425,1873
8576976,1876
8577526,1872
8578078,1872
8578628,1872
8579179,1874
8579730,1873
8580280,1874
8580831,1872
8581382,1873
8581933,1873
8582483,1873
8583034,1872
8583585,1873
8584136,1872
8584686,1873
8585238,1872
8585789,1872
8586343,1871
8586894,1873
8587445,1872
8587995,1872
8588545,1872
8589096,1872
8589646,1872
8590196,1871
8590747,1872
8591298,1872
8591848,1872
8592398,1872
8592949,1872
8593499,1872
8594049,1872
8594599,1872
8595150,1872
8595700,1872
8596250,1872
8596805,1872
8597355,1871
8597905,1872
8598455,1872
8599006,1873
8599557,1872
8600108,1872
8600657,1872
8601208,1871
8601757,1872
8602311,1872
8602862,1872
8603412,1872
8603962,1872
8604513,1876
8605063,1872
8605614,1872
8606167,1872
8606718,1871
8607267,1873
8607818,1871
8608369,1872
8608920,1872
8609470,1875
8610020,1872
8610571,1872
8611122,1872
8611672,1870
8612222,1872
8612773,1872
8613327,1872
8613878,1871
8614428,1872
8614979,1872
8615528,1872
8616079,1871
8616628,1868
8617179,1872
8617730,1872
8618280,1872
8618830,1872
8619381,1871
8619930,1872
8620480,1873
8621031,1869
8621582,1871
8622132,1872
8622682,1872
8623232,1871
8623783,1871
8624337,1871
8624887,1872
8625437,1872
8625988,1872
8626538,1873
8627089,1873
8627639,1873
8628190,1871
8628742,1872
8629292,1872
8629841,1872
8630391,1872
8630941,1873
8631492,1872
8632044,1871
8632594,1872
8633144,1872
8633694,1872
8634245,1872
8634796,1872
8635349,1872
8635898,1872
8636448,1871
8636999,1877
8637549,1874
8638100,1873
8638650,1873
8639201,1872
8639752,1872
8640307,1872
8640858,1872
8641408,1872
8641959,1870
8642509,1872
8643059,1872
8643609,1873
8644162,1872
8644712,1873
8645263,1872
8645814,1872
8646365,1872
8646915,1872
8647465,1872
8648016,1872
8648566,1872
8649116,1872
8649666,1872
8650216,1873
8650767,1873
8651321,1872
8651873,1872
8652423,1872
8652973,1871
8653523,1872
8654074,1872
8654624,1872
8655174,1870
8655724,1872
8656274,1875
8656826,1872
8657376,1872
8657927,1872
8658477,1872
8659028,1872
8659578,1873
8660129,1872
8660680,1872
8661230,1872
8661780,1872
8662335,1872
8662884,1872
8663434,1872
8663985,1873
8664536,1873
8665085,1872
8665637,1872
8666187,1872
8666737,1873
8667288,1872
8667840,1873
8668391,1872
8668941,1872
8669491,1872
8670042,1872
8670592,1871
8671143,1872
8671692,1872
8672242,1872
8672792,1871
8673346,1872
8673897,1871
8674447,1874
8674997,1872
8675548,1872
8676098,1872
8676648,1872
8677202,1872
8677751,1872
8678306,1872
8678857,1872
8679407,1873
8679957,1872
8680508,1873
8681059,1872
8681610,1872
8682162,1872
8682712,1872
8683262,1872
8683812,1872
8684362,1872
8684913,1872
8685463,1871
8686014,1871
8686564,1872
8687114,1871
8687664,1872
8688214,1872
8688764,1872
8689318,1872
8689868,1872
8690418,1872
8690968,1872
8691518,1872
8692068,1872
8692618,1872
8693169,1872
8693719,1872
8694269,1871
8694819,1872
8695369,1872
8695920,1873
8696471,1872
8697022,1872
8697572,1872
8698122,1872
8698673,1875
8699224,1872
8699774,1878
8700330,1871
8700880,1872
8701430,1872
8701981,1873
8702531,1871
8703082,1872
8703632,1872
8704184,1873
8704734,1872
8705285,1872
8705835,1872
8706385,1871
8706935,1872
8707485,1872
8708036,1873
8708587,1871
8709137,1874
8709689,1872
8710240,1872
8710790,1873
8711345,1873
8711894,1873
8712444,1872
8712996,1873
8713546,1872
8714097,1872
8714647,1872
8715201,1871
8715751,1872
8716306,1872
8716856,1871
8717406,1872
8717956,1871
8718506,1872
8719056,1871
8719606,1872
8720158,1872
8720709,1872
8721259,1872
8721808,1873
8722359,1872
8722911,1872
8723461,1872
8724010,1872
8724560,1873
8725111,1873
8725661,1872
8726212,1873
8726763,1872
8727317,1871
8727867,1872
8728417,1875
8728968,1872
8729519,1872
8730069,1871
8730619,1872
8731171,1872
8731720,1872
8732270,1872
8732820,1872
8733370,1872
8733921,1872
8734471,1872
8735021,1872
8735571,1871
8736122,1872
8736672,1872
8737222,1872
8737772,1873
8738327,1872
8738879,1872
8739429,1874
8739980,1872
8740531,1869
8741082,1872
8741632,1870
8742182,1872
8742732,1873
8743284,1873
8743833,1873
8744383,1872
8744934,1872
8745484,1872
8746034,1876
8746585,1874
8747135,1872
8747687,1873
8748238,1872
8748789,1873
8749344,1872
8749894,1872
8750444,1872
8750994,1871
8751544,1874
8752095,1873
8752645,1872
8753196,1872
8753746,1872
8754296,1872
8754846,1872
8755396,1872
8755947,1872
8756497,1872
8757046,1872
8757597,1872
8758146,1873
8758697,1872
8759248,1875
8759799,1873
8760352,1872
8760903,1872
8761453,1872
8762003,1872
8762553,1872
8763103,1872
8763653,1872
8764205,1872
8764756,1872
8765310,1873
8765860,1872
8766411,1872
8766962,1874
8767513,1873
8768062,1874
8768612,1873
8769166,1872
8769718,1872
8770268,1872
8770818,1874
8771369,1872
8771919,1873
8772470,1873
8773021,1875
8773571,1872
8774123,1872
8774674,1872
8775225,1872
8775775,1872
8776329,1872
8776880,1871
8777430,1872
8777981,1872
8778531,1872
8779081,1872
8779631,1873
8780183,1873
8780733,1872
8781284,1872
8781834,1872
8782384,1871
8782934,1871
8783484,1875
8784036,1872
8784586,1873
8785137,1872
8785689,1872
8786240,1872
8786790,1874
8787345,1873
8787894,1873
8788444,1872
8788995,1872
8789545,1872
8790096,1872
8790646,1872
8791198,1872
8791747,1872
8792298,1872
8792849,1872
8793399,1874
8793949,1873
8794499,1871
8795050,1873
8795601,1872
8796152,1872
8796702,1872
8797253,1872
8797805,1872
8798355,1871
8798906,1872
8799456,1872
8800006,1872
8800556,1872
8801107,1873
8801657,1872
8802208,1873
8802759,1873
8803313,1872
8803865,1873
8804416,1875
8804966,1871
8805517,1872
8806068,1872
8806618,1872
8807169,1872
8807720,1871
8808270,1871
8808819,1873
8809370,1872
8809922,1871
8810472,1875
8811023,1872
8811575,1872
8812126,1872
8812675,1871
8813226,1872
8813777,1872
8814331,1872
8814881,1872
8815431,1872
8815982,1872
8816532,1871
8817082,1872
8817632,1872
8818183,1872
8818733,1874
8819284,1872
8819836,1872
8820386,1874
8820937,1872
8821487,1872
8822037,1873
8822588,1872
8823140,1872
8823689,1872
8824239,1872
8824790,1872
8825345,1872
8825894,1873
8826445,1872
8826996,1872
8827546,1872
8828096,1872
8828646,1872
8829198,1873
8829748,1873
8830298,1874
8830848,1872
8831400,1872
8831949,1872
8832499,1872
8833049,1875
8833600,1872
8834151,1872
8834701,1872
8835252,1872
8835805,1872
8836355,1872
8836906,1870
8837456,1873
8838007,1870
8838558,1872
8839109,1872
8839659,1872
8840210,1872
8840761,1872
8841315,1872
8841865,1872
8842415,1871
8842966,1872
8843516,1873
8844066,1872
8844617,1872
8845168,1873
8845719,1873
8846270,1872
8846820,1871
8847370,1873
8847921,1873
8848471,1873
8849021,1872
8849572,1872
8850123,1872
8850673,1872
8851224,1872
8851773,1871
8852327,1872
8852878,1872
8853428,1872
8853979,1872
8854529,1872
8855078,1872
8855628,1871
8856180,1872
8856730,1872
8857281,1873
8857832,1874
8858382,1871
8858933,1874
8859483,1872
8860034,1872
8860584,1872
8861135,1872
8861684,1872
8862234,1872
8862784,1872
8863338,1872
8863888,1872
8864438,1872
8864989,1872
8865539,1872
8866090,1872
8866640,1871
8867191,1872
8867742,1873
8868293,1872
8868844,1873
8869395,1872
8869946,1872
8870496,1874
8871047,1872
8871599,1874
8872149,1872
8872701,1872
8873251,1872
8873805,1872
8874355,1872
8874906,1872
8875456,1872
8876005,1872
8876555,1872
8877106,1872
8877655,1872
8878205,1872
8878756,1876
8879309,1872
8879860,1872
8880410,1872
8880961,1873
8881511,1872
8882062,1872
8882612,1872
8883166,1872
8883716,1872
8884266,1872
8884816,1872
8885366,1872
8885916,1872
8886466,1872
8887016,1872
8887566,1874
8888117,1873
8888668,1872
8889219,1872
8889770,1872
8890324,1872
8890874,1872
8891424,1872
8891974,1872
8892524,1872
8893074,1873
8893625,1871
8894177,1872
8894727,1871
8895278,1870
8895827,1872
8896377,1872
8896928,1871
8897478,1874
8898029,1872
8898580,1873
8899131,1872
8899682,1873
8900233,1873
8900784,1872
8901338,1872
8901888,1873
8902439,1871
8902991,1872
8903541,1873
8904091,1872
8904643,1871
8905193,1872
8905743,1874
8906294,1873
8906845,1871
8907396,1872
8907947,1872
8908497,1872
8909047,1871
8909597,1872
8910148,1872
8910697,1872
8911247,1872
8911797,1872
8912352,1872
8912901,1871
8913451,1874
8914002,1872
8914553,1872
8915104,1872
8915654,1872
8916205,1872
8916756,1872
8917310,1871
8917860,1870
8918410,1872
8918960,1872
8919511,1870
8920061,1871
8920611,1872
8921165,1872
8921716,1872
8922266,1873
8922818,1872
8923369,1871
8923919,1871
8924469,1872
8925018,1872
8925568,1872
8926118,1872
8926669,1872
8927219,1872
8927769,1872
8928324,1873
8928874,1872
8929426,1872
8929975,1872
8930525,1872
8931075,1871
8931625,1872
8932177,1872
8932727,1872
8933278,1872
8933829,1871
8934379,1872
8934928,1873
8935479,1872
8936030,1873
8936581,1872
8937133,1872
8937682,1872
8938232,1870
8938783,1872
8939337,1872
8939887,1872
8940437,1872
8940988,1871
8941538,1872
8942089,1872
8942639,1872
8943190,1872
8943739,1872
8944289,1872
8944839,1872
8945389,1871
8945940,1872
8946490,1871
8947040,1872
8947591,1872
8948142,1872
8948692,1872
8949242,1871
8949792,1872
8950346,1872
8950896,1872
8951446,1872
8951996,1872
8952546,1872
8953096,1871
8953646,1872
8954198,1873
8954748,1870
8955299,1872
8955849,1873
8956400,1873
8956951,1872
8957501,1872
8958051,1872
8958601,1872
8959151,1872
8959701,1873
8960252,1871
8960804,1872
8961354,1872
8961905,1872
8962455,1871
8963004,1872
8963554,1873
8964106,1872
8964656,1871
8965206,1872
8965757,1872
8966311,1873
8966862,1872
8967413,1872
8967963,1872
8968513,1872
8969063,1872
8969613,1872
8970166,1872
8970717,1872
8971266,1873
8971818,1871
8972369,1872
8972920,1874
8973471,1872
8974022,1872
8974572,1872
8975123,1872
8975673,1872
8976223,1872
8976774,1872
8977328,1872
8977878,1872
8978428,1873
8978980,1870
8979530,1871
8980081,1873
8980632,1872
8981182,1872
8981732,1872
8982282,1872
8982832,1872
8983382,1872
8983933,1872
8984483,1872
8985034,1872
8985584,1871
8986134,1872
8986684,1870
8987234,1871
8987784,1872
8988338,1872
8988888,1874
8989439,1872
8989991,1871
8990541,1871
8991090,1874
8991641,1872
8992192,1872
8992743,1872
8993293,1873
8993845,1872
8994395,1873
8994946,1873
8995496,1872
8996047,1872
8996597,1872
8997148,1872
8997697,1870
8998247,1873
8998799,1874
8999352,1868
8999903,1872
9000453,1872
9001003,1871
9001553,1872
9002104,1872
9002654,1872
9003206,1870
9003757,1872
9004311,1872
9004861,1872
9005411,1872
9005961,1871
9006511,1872
9007062,1873
9007613,1872
9008166,1874
9008717,1872
9009269,1872
9009818,1871
9010368,1870
9010919,1872
9011469,1872
9012019,1872
9012569,1872
9013119,1872
9013670,1872
9014219,1873
9014770,1872
9015325,1874
9015876,1872
9016428,1872
9016978,1870
9017528,1871
9018077,1872
9018627,1871
9019179,1871
9019729,1872
9020280,1872
9020831,1871
9021381,1872
9021931,1872
9022481,1872
# end
