# sketch,characterise_v2loop
# mode_number,3
# mode_name,3_freerun_ts_before_v2_arithmetic
# label,D_b2
# ---- CHECK THE THREE LINES ABOVE BEFORE YOU KEEP THIS CAPTURE ----
# waiting 600 s for thermal settle - press any key to skip
# warm 0 s
# measuring bias (Feather 2 DC midpoint), as V2 does
# bias_volts,1.509075
# ----------------------------------------------------------
# n,16384
# fs_hz_window,1815.7331
# span_s,9.022802
# dt_mean_us,550.7081
# dt_sd_us,1.1977
# dt_min_us,549
# dt_max_us,560
# fs_hz_from_mean,1815.8442
# mean_code,1872.1257
# sd_code,0.8896
# min_code,1867
# max_code,1878
# mean_volts,1.508673
# sd_millivolts,0.7169
# adc,12bit_default_11dB_attenuation
# conv,linear_3.3_over_4095
# crossings_pos,2486
# crossings_neg,2486
# sink,3348317836
# ----------------------------------------------------------
t_us,code
1,1872
559,1872
1110,1873
1670,1872
2225,1872
2775,1872
3329,1872
3879,1872
4429,1872
4979,1874
5530,1873
6081,1874
6631,1872
7182,1872
7732,1873
8283,1873
8833,1872
9384,1872
9935,1874
10486,1873
11036,1873
11586,1872
12137,1876
12689,1872
13240,1872
13790,1872
14344,1873
14895,1873
15445,1873
15995,1872
16546,1872
17096,1875
17647,1872
18200,1873
18750,1874
19300,1872
19852,1872
20402,1878
20953,1871
21503,1873
22055,1872
22605,1873
23155,1873
23705,1873
24255,1872
24810,1874
25361,1875
25911,1875
26461,1872
27012,1872
27562,1872
28111,1874
28663,1873
29213,1872
29764,1872
30318,1872
30869,1872
31419,1875
31970,1873
32520,1872
33072,1872
33622,1872
34174,1873
34724,1875
35275,1872
35825,1872
36375,1872
36925,1873
37476,1872
38028,1872
38578,1872
39128,1876
39678,1872
40229,1872
40779,1875
41334,1874
41885,1873
42435,1875
42985,1872
43537,1876
44088,1874
44638,1872
45188,1871
45738,1874
46289,1872
46840,1873
47391,1872
47942,1872
48492,1871
49042,1872
49592,1871
50143,1872
50693,1872
51244,1872
51794,1873
52349,1872
52901,1872
53451,1872
54001,1872
54551,1875
55102,1873
55652,1872
56205,1877
56756,1873
57305,1872
57857,1873
58408,1872
58959,1873
59510,1872
60060,1874
60611,1873
61162,1874
61712,1872
62263,1872
62814,1872
63364,1874
63914,1872
64465,1872
65016,1872
65566,1871
66117,1874
66667,1873
67218,1872
67769,1872
68323,1872
68874,1872
69424,1872
69973,1874
70525,1872
71076,1871
71626,1871
72177,1872
72727,1873
73279,1872
73830,1873
74381,1872
74932,1872
75482,1873
76033,1872
76584,1872
77135,1873
77685,1874
78235,1872
78786,1872
79340,1872
79891,1873
80442,1873
80992,1873
81542,1872
82092,1872
82642,1872
83193,1872
83743,1872
84293,1872
84844,1874
85395,1872
85946,1872
86496,1873
87047,1874
87597,1872
88149,1872
88699,1871
89249,1872
89799,1872
90353,1874
90905,1872
91456,1872
92007,1872
92557,1872
93106,1875
93657,1872
94208,1872
94758,1872
95313,1872
95864,1873
96415,1872
96966,1872
97516,1874
98066,1872
98618,1872
99172,1872
99723,1873
100274,1872
100824,1872
101374,1872
101924,1872
102474,1872
103025,1874
103575,1872
104127,1873
104677,1872
105228,1873
105779,1872
106335,1872
106884,1873
107435,1873
107986,1873
108536,1872
109087,1872
109637,1872
110188,1872
110737,1872
111288,1872
111838,1874
112389,1872
112941,1872
113491,1871
114041,1872
114591,1872
115142,1872
115692,1872
116242,1872
116792,1872
117346,1872
117896,1872
118446,1873
118998,1874
119548,1877
120097,1872
120648,1872
121200,1872
121750,1872
122301,1872
122852,1872
123402,1873
123953,1874
124503,1874
125054,1874
125604,1876
126153,1872
126704,1872
127255,1872
127804,1872
128357,1872
128907,1872
129457,1872
130007,1872
130557,1871
131108,1872
131658,1872
132210,1872
132760,1872
133314,1872
133865,1874
134416,1872
134966,1872
135516,1874
136068,1873
136618,1871
137172,1872
137722,1872
138273,1872
138824,1872
139374,1872
139925,1872
140475,1872
141024,1872
141574,1872
142124,1872
142674,1872
143225,1872
143774,1873
144329,1874
144880,1872
145430,1873
145981,1873
146531,1872
147082,1872
147632,1871
148183,1872
148733,1872
149284,1873
149834,1872
150385,1872
150935,1872
151485,1873
152037,1872
152587,1872
153137,1875
153689,1872
154240,1873
154790,1872
155345,1873
155896,1872
156447,1875
156998,1873
157548,1874
158099,1873
158649,1874
159200,1873
159750,1872
160302,1875
160852,1873
161403,1873
161953,1872
162504,1872
163055,1872
163605,1874
164157,1873
164706,1873
165256,1872
165811,1872
166361,1872
166912,1875
167463,1872
168013,1875
168564,1872
169116,1872
169667,1874
170218,1872
170768,1872
171322,1874
171873,1872
172424,1872
172974,1873
173525,1872
174077,1872
174627,1872
175178,1873
175728,1872
176279,1872
176829,1872
177379,1873
177931,1872
178482,1872
179033,1874
179583,1872
180134,1872
180684,1874
181235,1872
181786,1875
182341,1876
182892,1872
183443,1872
183994,1873
184544,1873
185094,1873
185644,1872
186196,1872
186746,1872
187297,1872
187846,1871
188396,1872
188946,1872
189496,1872
190047,1872
190597,1872
191147,1871
191696,1874
192248,1874
192798,1872
193353,1872
193904,1872
194454,1872
195004,1872
195554,1872
196104,1872
196654,1873
197208,1873
197758,1872
198314,1872
198864,1872
199414,1872
199965,1871
200515,1872
201064,1872
201614,1872
202166,1872
202716,1872
203266,1873
203818,1872
204368,1870
204919,1872
205469,1872
206020,1874
206571,1873
207121,1872
207671,1873
208221,1873
208771,1870
209326,1872
209877,1873
210428,1872
210978,1872
211528,1872
212079,1872
212629,1870
213180,1875
213731,1873
214282,1872
214832,1872
215382,1872
215933,1872
216483,1872
217034,1874
217585,1872
218135,1872
218685,1874
219236,1872
219787,1872
220342,1873
220893,1872
221444,1873
221994,1873
222544,1873
223095,1872
223645,1872
224195,1872
224745,1873
225296,1872
225847,1872
226397,1872
226947,1871
227497,1872
228048,1872
228598,1874
229149,1873
229699,1872
230251,1872
230800,1872
231353,1872
231903,1872
232453,1872
233003,1876
233554,1873
234104,1873
234654,1873
235208,1872
235758,1872
236313,1872
236863,1872
237413,1874
237965,1872
238516,1872
239066,1873
239617,1875
240172,1873
240723,1872
241273,1873
241825,1872
242375,1874
242925,1872
243476,1874
244028,1872
244578,1874
245129,1872
245680,1872
246230,1872
246780,1872
247334,1873
247886,1872
248436,1872
248987,1872
249537,1872
250087,1872
250637,1872
251188,1872
251738,1872
252288,1872
252839,1872
253389,1871
253940,1872
254490,1873
255041,1872
255591,1874
256142,1872
256693,1872
257243,1872
257793,1872
258349,1872
258899,1872
259449,1872
260000,1873
260550,1874
261100,1872
261651,1872
262203,1872
262753,1872
263303,1872
263853,1875
264404,1872
264955,1872
265505,1872
266056,1872
266606,1872
267155,1872
267705,1873
268256,1872
268811,1873
269362,1872
269912,1871
270462,1873
271014,1872
271565,1873
272115,1872
272666,1872
273219,1872
273770,1872
274324,1871
274874,1872
275424,1872
275974,1873
276525,1873
277075,1873
277625,1872
278177,1874
278727,1872
279278,1873
279830,1872
280381,1873
280932,1871
281483,1872
282034,1873
282585,1872
283136,1874
283686,1872
284238,1872
284788,1871
285342,1872
285893,1872
286443,1872
286994,1874
287544,1873
288095,1872
288645,1872
289195,1872
289745,1872
290295,1872
290846,1872
291396,1872
291947,1872
292497,1872
293048,1872
293598,1874
294149,1872
294700,1873
295252,1872
295803,1873
296357,1872
296909,1873
297460,1872
298010,1872
298561,1873
299112,1873
299663,1872
300214,1873
300765,1872
301319,1872
301869,1873
302420,1873
302970,1872
303521,1873
304073,1872
304623,1872
305175,1872
305724,1875
306275,1872
306826,1872
307376,1872
307926,1872
308476,1872
309027,1872
309577,1870
310128,1872
310677,1872
311227,1872
311777,1872
312331,1875
312882,1873
313432,1872
313984,1872
314534,1870
315084,1872
315634,1872
316185,1873
316737,1872
317288,1872
317838,1872
318388,1872
318939,1873
319490,1871
320041,1872
320591,1871
321142,1872
321691,1872
322241,1872
322791,1873
323346,1872
323898,1872
324448,1872
324998,1872
325548,1870
326098,1872
326648,1872
327200,1871
327749,1872
328300,1872
328851,1872
329401,1872
329951,1872
330501,1872
331051,1872
331601,1872
332151,1872
332701,1873
333252,1870
333803,1872
334357,1872
334907,1872
335457,1872
336007,1872
336557,1872
337108,1874
337659,1872
338210,1873
338760,1871
339315,1872
339865,1872
340415,1872
340965,1872
341515,1872
342066,1872
342616,1872
343166,1872
343716,1872
344266,1872
344817,1872
345367,1872
345917,1872
346467,1872
347016,1871
347566,1872
348117,1872
348667,1872
349218,1872
349768,1872
350323,1872
350872,1872
351422,1872
351972,1874
352523,1872
353075,1872
353625,1871
354176,1872
354726,1872
355276,1872
355827,1872
356377,1873
356928,1872
357479,1872
358029,1872
358579,1872
359129,1872
359679,1872
360230,1872
360780,1872
361334,1872
361885,1871
362435,1872
362984,1872
363534,1872
364084,1872
364634,1872
365185,1873
365736,1873
366286,1872
366838,1872
367388,1872
367938,1872
368488,1872
369038,1872
369588,1872
370138,1872
370689,1872
371239,1872
371789,1873
372344,1872
372894,1873
373445,1873
373995,1875
374545,1872
375096,1872
375646,1872
376197,1872
376747,1871
377297,1872
377847,1872
378397,1872
378948,1872
379498,1872
380047,1872
380597,1872
381148,1872
381698,1873
382249,1870
382800,1875
383354,1873
383904,1872
384455,1872
385005,1872
385555,1872
386106,1872
386656,1872
387207,1872
387757,1872
388311,1871
388861,1872
389411,1872
389962,1871
390512,1872
391063,1872
391612,1872
392163,1872
392713,1871
393263,1870
393813,1873
394364,1873
394915,1872
395465,1872
396016,1872
396566,1872
397117,1872
397667,1872
398218,1872
398769,1872
399323,1875
399873,1872
400424,1873
400976,1873
401526,1872
402077,1872
402627,1872
403179,1872
403729,1874
404280,1873
404830,1872
405381,1872
405932,1872
406482,1872
407033,1872
407583,1872
408134,1872
408684,1871
409234,1872
409784,1872
410338,1872
410888,1872
411438,1872
411988,1873
412539,1872
413090,1873
413641,1872
414192,1874
414743,1872
415294,1873
415846,1872
416396,1872
416947,1872
417497,1872
418047,1872
418597,1872
419148,1872
419698,1872
420248,1871
420798,1872
421353,1875
421904,1873
422454,1870
423004,1872
423554,1872
424104,1874
424655,1872
425208,1872
425758,1870
426313,1872
426864,1872
427414,1872
427963,1872
428513,1872
429064,1873
429615,1873
430166,1872
430716,1872
431266,1872
431817,1870
432367,1871
432916,1872
433466,1873
434018,1872
434568,1873
435118,1874
435670,1872
436221,1874
436773,1872
437327,1875
437878,1874
438428,1872
438980,1872
439530,1872
440081,1872
440631,1872
441181,1872
441731,1872
442282,1873
442833,1872
443384,1872
443934,1873
444485,1872
445035,1873
445586,1872
446138,1872
446688,1873
447239,1872
447790,1872
448344,1872
448895,1872
449445,1873
449995,1871
450546,1873
451097,1872
451648,1872
452199,1873
452751,1872
453301,1872
453852,1873
454402,1872
454953,1872
455503,1874
456054,1872
456605,1873
457157,1872
457707,1872
458258,1872
458811,1872
459362,1873
459912,1872
460463,1874
461014,1872
461565,1872
462116,1872
462666,1871
463219,1872
463770,1872
464324,1871
464874,1871
465424,1872
465974,1872
466524,1872
467074,1871
467624,1872
468175,1873
468727,1872
469278,1872
469828,1872
470378,1872
470928,1872
471478,1872
472028,1872
472578,1872
473129,1872
473678,1876
474229,1871
474780,1871
475334,1872
475885,1872
476435,1872
476985,1872
477535,1872
478084,1873
478635,1871
479187,1872
479737,1871
480287,1873
480838,1872
481389,1872
481940,1872
482490,1873
483042,1874
483592,1873
484142,1873
484693,1875
485242,1872
485793,1872
486349,1872
486898,1872
487448,1872
487998,1872
488548,1872
489099,1872
489649,1872
490200,1869
490750,1872
491301,1872
491852,1874
492403,1872
492953,1873
493504,1874
494054,1872
494605,1872
495156,1872
495706,1872
496256,1872
496810,1872
497360,1872
497911,1872
498461,1872
499010,1872
499560,1875
500112,1872
500662,1872
501213,1872
501762,1874
502316,1872
502868,1873
503419,1873
503968,1872
504519,1872
505070,1872
505620,1872
506173,1872
506723,1872
507274,1872
507824,1872
508374,1872
508924,1874
509475,1874
510025,1872
510576,1872
511126,1873
511677,1875
512228,1872
512778,1873
513333,1872
513885,1872
514435,1872
514986,1874
515537,1874
516087,1872
516638,1872
517188,1873
517740,1874
518290,1872
518840,1872
519390,1871
519940,1872
520490,1873
521041,1872
521592,1873
522144,1873
522695,1872
523246,1872
523796,1873
524351,1872
524902,1870
525452,1873
526004,1872
526555,1872
527105,1872
527655,1872
528207,1872
528758,1872
529312,1872
529862,1872
530412,1874
530963,1873
531513,1872
532064,1872
532614,1872
533165,1875
533716,1873
534266,1872
534818,1872
535368,1872
535918,1873
536469,1872
537019,1872
537569,1873
538121,1874
538671,1872
539221,1872
539771,1872
540325,1874
540876,1872
541427,1874
541978,1872
542530,1875
543080,1872
543632,1870
544183,1872
544732,1872
545283,1872
545833,1873
546384,1872
546935,1872
547485,1873
548036,1872
548587,1872
549137,1873
549689,1872
550240,1872
550790,1872
551344,1872
551895,1872
552445,1872
552996,1872
553546,1872
554095,1872
554646,1872
555196,1872
555746,1873
556297,1872
556848,1873
557399,1873
557950,1872
558500,1872
559050,1872
559600,1871
560150,1871
560700,1872
561251,1872
561800,1872
562353,1872
562903,1872
563453,1874
564003,1872
564554,1873
565106,1873
565656,1872
566209,1874
566759,1872
567314,1872
567864,1872
568414,1872
568964,1872
569514,1872
570065,1871
570615,1872
571167,1872
571717,1873
572268,1872
572819,1872
573369,1872
573920,1875
574471,1871
575021,1872
575571,1872
576121,1873
576672,1874
577222,1872
577773,1872
578327,1872
578877,1872
579427,1872
579977,1874
580528,1872
581079,1873
581630,1872
582181,1871
582731,1874
583282,1872
583833,1872
584383,1872
584933,1872
585483,1872
586033,1872
586583,1874
587134,1872
587685,1872
588235,1872
588785,1872
589339,1873
589891,1872
590442,1872
590993,1872
591543,1873
592095,1871
592645,1872
593195,1872
593745,1871
594295,1871
594846,1875
595396,1872
595947,1872
596497,1869
597048,1872
597598,1872
598149,1872
598699,1872
599249,1872
599800,1872
600354,1872
600903,1872
601453,1872
602003,1872
602553,1872
603103,1872
603653,1872
604208,1872
604757,1872
605312,1872
605862,1872
606412,1873
606963,1872
607514,1876
608065,1872
608616,1872
609168,1872
609717,1872
610267,1872
610818,1873
611369,1872
611920,1872
612470,1872
613021,1872
613571,1874
614122,1873
614673,1873
615223,1872
615773,1872
616327,1872
616877,1872
617427,1872
617978,1873
618529,1871
619079,1874
619630,1872
620182,1872
620731,1872
621281,1872
621832,1872
622382,1872
622933,1872
623483,1872
624034,1872
624584,1874
625134,1873
625684,1872
626235,1870
626785,1874
627340,1872
627892,1872
628442,1874
628992,1872
629543,1872
630093,1872
630643,1871
631194,1872
631744,1872
632295,1872
632845,1873
633396,1872
633947,1873
634498,1873
635048,1872
635599,1872
636149,1872
636699,1872
637249,1872
637799,1872
638353,1872
638904,1872
639454,1873
640004,1872
640555,1874
641106,1871
641657,1872
642208,1871
642758,1872
643313,1872
643864,1872
644414,1872
644964,1872
645514,1872
646064,1872
646614,1872
647166,1872
647716,1871
648266,1872
648817,1872
649367,1873
649918,1872
650468,1872
651019,1873
651570,1872
652121,1872
652671,1872
653221,1872
653771,1873
654326,1872
654878,1871
655428,1872
655979,1872
656529,1872
657078,1874
657629,1872
658181,1872
658730,1872
659280,1871
659831,1872
660381,1872
660932,1872
661482,1872
662031,1872
662581,1872
663131,1872
663681,1872
664231,1872
664781,1871
665336,1872
665887,1874
666438,1871
666988,1872
667538,1872
668088,1872
668638,1872
669188,1872
669738,1872
670288,1873
670839,1873
671389,1872
671940,1872
672490,1872
673041,1873
673591,1872
674142,1874
674693,1872
675244,1872
675793,1872
676347,1872
676897,1873
677448,1872
678000,1871
678550,1872
679101,1872
679651,1872
680203,1873
680753,1872
681304,1872
681854,1872
682404,1873
682955,1873
683505,1873
684055,1871
684606,1872
685156,1872
685706,1872
686256,1872
686810,1873
687362,1870
687912,1871
688462,1872
689012,1872
689562,1871
690112,1872
690663,1872
691213,1872
691764,1873
692318,1872
692870,1872
693420,1872
693969,1872
694519,1871
695069,1872
695619,1872
696173,1872
696723,1872
697274,1872
697824,1872
698374,1873
698926,1872
699476,1874
700027,1870
700577,1872
701128,1872
701677,1872
702228,1872
702778,1872
703332,1872
703883,1872
704433,1872
704983,1872
705533,1872
706084,1871
706634,1872
707184,1872
707735,1874
708285,1872
708836,1875
709387,1872
709939,1873
710490,1873
711040,1873
711590,1872
712140,1872
712690,1872
713241,1873
713791,1873
714345,1872
714896,1872
715446,1872
715996,1874
716547,1872
717099,1872
717649,1872
718200,1872
718750,1872
719300,1872
719850,1872
720400,1872
720950,1872
721501,1872
722051,1872
722602,1872
723151,1871
723702,1872
724252,1872
724801,1872
725355,1872
725906,1872
726456,1872
727007,1872
727557,1871
728108,1873
728659,1872
729209,1872
729760,1872
730315,1872
730865,1872
731415,1872
731965,1872
732515,1874
733066,1872
733617,1872
734172,1872
734723,1875
735274,1873
735824,1873
736374,1874
736924,1872
737475,1874
738027,1872
738578,1875
739128,1872
739679,1873
740230,1873
740780,1872
741335,1873
741886,1872
742437,1872
742987,1873
743538,1872
744089,1872
744639,1872
745191,1872
745741,1872
746291,1872
746841,1872
747391,1872
747941,1872
748491,1872
749041,1872
749591,1874
750141,1872
750692,1874
751244,1872
751794,1872
752349,1872
752900,1873
753450,1873
754000,1873
754551,1872
755101,1872
755651,1872
756202,1872
756752,1872
757302,1873
757853,1872
758404,1872
758954,1872
759504,1874
760055,1872
760606,1876
761158,1872
761709,1873
762260,1872
762811,1872
763362,1871
763912,1873
764463,1869
765014,1872
765564,1873
766116,1872
766666,1873
767218,1874
767768,1874
768323,1872
768875,1875
769426,1871
769976,1874
770527,1872
771079,1872
771629,1872
772180,1873
772731,1873
773282,1873
773833,1872
774384,1872
774933,1872
775483,1872
776034,1871
776584,1872
777134,1872
777684,1872
778234,1872
778784,1872
779338,1872
779888,1871
780439,1871
780988,1873
781539,1872
782090,1872
782640,1870
783192,1872
783742,1871
784293,1872
784844,1872
785394,1872
785945,1872
786495,1872
787044,1872
787594,1872
788144,1872
788695,1873
789245,1871
789797,1873
790351,1875
790901,1874
791451,1872
792002,1872
792552,1870
793102,1872
793652,1872
794204,1872
794754,1872
795304,1873
795855,1873
796405,1872
796956,1872
797506,1870
798057,1872
798607,1872
799157,1872
799708,1872
800258,1871
800811,1873
801362,1873
801913,1872
802463,1871
803014,1872
803564,1873
804115,1872
804666,1873
805219,1872
805770,1872
806324,1872
806874,1872
807424,1872
807974,1873
808525,1875
809075,1872
809627,1872
810177,1872
810727,1872
811277,1872
811827,1872
812377,1872
812927,1872
813477,1872
814028,1872
814578,1872
815129,1872
815679,1872
816229,1872
816779,1871
817333,1872
817883,1874
818434,1873
818985,1872
819535,1873
820087,1874
820637,1872
821188,1872
821737,1872
822287,1872
822838,1873
823389,1872
823940,1872
824490,1870
825041,1873
825591,1872
826142,1873
826693,1872
827245,1871
827794,1873
828350,1874
828899,1872
829451,1872
830000,1873
830551,1874
831102,1872
831653,1872
832204,1871
832753,1872
833303,1872
833853,1872
834403,1872
834954,1870
835504,1872
836055,1872
836605,1872
837156,1873
837706,1872
838257,1872
838811,1871
839361,1870
839912,1872
840462,1872
841013,1872
841563,1872
842112,1872
842662,1873
843214,1872
843764,1872
844318,1872
844869,1875
845419,1872
845970,1872
846520,1873
847071,1872
847622,1874
848174,1872
848725,1872
849275,1872
849826,1872
850376,1872
850926,1872
851476,1873
852027,1872
852578,1872
853129,1872
853679,1872
854229,1872
854779,1872
855333,1872
855884,1874
856435,1872
856986,1873
857537,1874
858087,1872
858638,1871
859188,1873
859739,1871
860290,1872
860841,1872
861391,1872
861941,1872
862491,1872
863042,1872
863592,1872
864141,1872
864691,1872
865241,1872
865791,1872
866345,1873
866896,1872
867448,1871
867998,1872
868548,1872
869098,1872
869648,1872
870199,1872
870750,1872
871300,1873
871852,1872
872402,1873
872953,1872
873504,1872
874054,1875
874605,1873
875154,1872
875705,1873
876257,1872
876812,1872
877362,1872
877912,1872
878462,1872
879011,1872
879561,1872
880111,1872
880662,1871
881212,1873
881763,1872
882318,1872
882868,1871
883418,1872
883968,1872
884518,1874
885070,1872
885621,1871
886173,1872
886723,1875
887275,1871
887825,1872
888375,1872
888926,1872
889476,1872
890027,1872
890577,1872
891127,1872
891677,1872
892227,1873
892778,1872
893333,1872
893883,1872
894434,1875
894985,1872
895535,1872
896085,1872
896635,1870
897186,1872
897736,1873
898288,1872
898838,1873
899389,1871
899940,1873
900491,1872
901043,1872
901593,1875
902144,1872
902694,1872
903244,1873
903795,1872
904350,1872
904900,1873
905451,1872
906002,1872
906552,1872
907102,1872
907652,1873
908204,1871
908755,1872
909305,1872
909854,1872
910404,1872
910955,1873
911506,1872
912056,1872
912606,1871
913157,1874
913707,1875
914258,1872
914811,1873
915362,1872
915912,1873
916463,1873
917013,1872
917565,1872
918114,1873
918666,1876
919216,1872
919766,1872
920320,1872
920870,1872
921420,1872
921971,1872
922521,1871
923071,1870
923621,1872
924175,1872
924724,1872
925274,1872
925825,1872
926375,1869
926926,1872
927476,1871
928025,1871
928575,1871
929126,1872
929676,1872
930226,1874
930778,1872
931332,1872
931882,1872
932432,1872
932982,1873
933533,1872
934084,1872
934634,1871
935185,1872
935736,1872
936286,1872
936836,1873
937387,1873
937937,1872
938488,1873
939040,1872
939591,1872
940141,1872
940691,1872
941241,1870
941792,1872
942346,1872
942896,1872
943446,1872
943997,1872
944547,1872
945097,1872
945647,1871
946199,1872
946749,1872
947299,1875
947850,1873
948400,1872
948951,1872
949502,1874
950053,1872
950604,1872
951154,1872
951704,1872
952254,1872
952804,1873
953358,1872
953909,1873
954460,1873
955010,1873
955560,1872
956111,1873
956663,1873
957214,1872
957764,1875
958319,1874
958869,1872
959420,1874
959972,1872
960523,1872
961072,1874
961623,1872
962175,1873
962725,1872
963276,1872
963827,1872
964377,1873
964928,1872
965478,1873
966028,1872
966579,1872
967129,1873
967680,1872
968232,1872
968782,1872
969336,1873
969887,1873
970437,1873
970987,1872
971538,1873
972089,1873
972639,1872
973191,1872
973742,1872
974291,1872
974841,1873
975392,1872
975943,1873
976494,1872
977045,1874
977596,1872
978148,1872
978697,1872
979247,1870
979797,1872
980351,1873
980901,1872
981452,1872
982002,1876
982553,1872
983104,1873
983655,1875
984208,1873
984758,1872
985313,1872
985864,1872
986414,1872
986963,1872
987513,1872
988063,1872
988614,1872
989165,1873
989715,1872
990266,1871
990816,1873
991368,1873
991918,1872
992468,1875
993019,1871
993570,1872
994121,1873
994672,1872
995222,1872
995772,1872
996326,1872
996876,1874
997427,1874
997977,1873
998527,1872
999078,1872
999628,1874
1000179,1873
1000730,1872
1001281,1873
1001832,1872
1002382,1873
1002933,1872
1003484,1872
1004035,1872
1004585,1872
1005136,1874
1005686,1872
1006237,1871
1006787,1872
1007342,1872
1007891,1873
1008442,1872
1008994,1872
1009544,1872
1010094,1871
1010644,1871
1011195,1872
1011745,1872
1012295,1871
1012846,1872
1013396,1871
1013946,1872
1014496,1872
1015047,1874
1015598,1872
1016149,1875
1016699,1873
1017249,1872
1017800,1872
1018354,1872
1018903,1872
1019453,1872
1020004,1872
1020554,1871
1021104,1874
1021655,1872
1022208,1872
1022758,1872
1023313,1875
1023865,1872
1024415,1871
1024966,1871
1025516,1872
1026067,1872
1026617,1872
1027168,1873
1027718,1872
1028270,1871
1028820,1872
1029370,1874
1029922,1872
1030473,1871
1031023,1871
1031573,1872
1032123,1872
1032673,1873
1033225,1874
1033774,1872
1034330,1872
1034880,1872
1035430,1870
1035981,1873
1036531,1872
1037082,1872
1037632,1870
1038183,1872
1038732,1870
1039282,1872
1039832,1872
1040382,1872
1040932,1873
1041483,1872
1042035,1872
1042585,1872
1043135,1872
1043685,1871
1044235,1872
1044785,1872
1045339,1872
1045889,1872
1046440,1875
1046990,1872
1047541,1872
1048091,1873
1048642,1872
1049193,1872
1049744,1872
1050295,1873
1050845,1871
1051397,1872
1051948,1872
1052498,1872
1053048,1872
1053598,1872
1054149,1872
1054699,1872
1055249,1872
1055799,1872
1056353,1872
1056903,1872
1057453,1872
1058003,1872
1058553,1872
1059103,1872
1059653,1872
1060208,1871
1060758,1872
1061313,1872
1061864,1873
1062415,1872
1062966,1870
1063516,1872
1064066,1872
1064616,1872
1065167,1874
1065717,1872
1066268,1872
1066819,1871
1067369,1872
1067920,1872
1068470,1872
1069021,1872
1069571,1872
1070121,1871
1070671,1872
1071220,1872
1071770,1872
1072324,1872
1072874,1872
1073424,1872
1073974,1872
1074524,1872
1075075,1872
1075625,1872
1076177,1872
1076726,1872
1077276,1872
1077826,1873
1078377,1872
1078929,1873
1079480,1872
1080030,1872
1080580,1872
1081130,1872
1081680,1872
1082230,1872
1082780,1872
1083334,1872
1083885,1872
1084435,1873
1084986,1872
1085537,1872
1086087,1872
1086637,1869
1087188,1873
1087738,1876
1088288,1873
1088839,1872
1089389,1873
1089939,1872
1090490,1871
1091041,1873
1091591,1874
1092142,1872
1092692,1872
1093242,1872
1093792,1874
1094347,1873
1094897,1877
1095447,1873
1095997,1873
1096547,1872
1097099,1872
1097649,1872
1098200,1871
1098750,1872
1099300,1873
1099851,1872
1100403,1873
1100954,1872
1101505,1872
1102056,1872
1102606,1872
1103155,1872
1103705,1872
1104255,1870
1104805,1872
1105358,1872
1105908,1872
1106458,1872
1107008,1871
1107558,1872
1108109,1870
1108659,1872
1109210,1872
1109760,1872
1110314,1872
1110864,1874
1111415,1872
1111967,1872
1112517,1872
1113067,1872
1113617,1872
1114167,1871
1114717,1872
1115267,1872
1115818,1872
1116368,1872
1116918,1874
1117469,1872
1118021,1873
1118572,1872
1119122,1875
1119673,1873
1120223,1871
1120774,1872
1121328,1872
1121879,1872
1122429,1872
1122980,1873
1123531,1872
1124081,1872
1124631,1872
1125182,1872
1125732,1873
1126283,1872
1126834,1872
1127384,1873
1127936,1872
1128486,1872
1129036,1871
1129586,1872
1130136,1872
1130686,1872
1131237,1871
1131786,1872
1132340,1872
1132891,1872
1133441,1872
1133990,1871
1134541,1872
1135090,1871
1135640,1870
1136191,1872
1136741,1872
1137291,1872
1137841,1875
1138392,1872
1138943,1873
1139494,1872
1140046,1872
1140596,1871
1141146,1873
1141697,1875
1142247,1872
1142798,1874
1143353,1871
1143904,1872
1144454,1873
1145004,1872
1145555,1872
1146105,1873
1146656,1872
1147208,1872
1147758,1873
1148313,1874
1148864,1871
1149415,1871
1149965,1872
1150515,1872
1151066,1872
1151616,1873
1152168,1872
1152718,1872
1153268,1872
1153818,1872
1154368,1873
1154919,1871
1155471,1872
1156020,1872
1156570,1872
1157120,1874
1157672,1873
1158223,1873
1158773,1873
1159327,1874
1159878,1872
1160428,1872
1160979,1872
1161529,1873
1162080,1872
1162631,1872
1163181,1874
1163732,1872
1164284,1872
1164834,1873
1165385,1872
1165936,1872
1166486,1872
1167037,1872
1167587,1872
1168137,1872
1168688,1874
1169238,1871
1169789,1874
1170345,1872
1170895,1873
1171446,1873
1171997,1872
1172548,1873
1173098,1872
1173649,1874
1174200,1873
1174750,1872
1175302,1872
1175852,1876
1176403,1872
1176955,1873
1177506,1872
1178056,1872
1178606,1872
1179157,1872
1179707,1872
1180257,1872
1180811,1873
1181362,1872
1181914,1873
1182465,1872
1183015,1872
1183565,1872
1184115,1872
1184666,1872
1185217,1873
1185767,1872
1186323,1872
1186873,1873
1187424,1872
1187974,1872
1188524,1874
1189075,1873
1189625,1872
1190177,1875
1190728,1873
1191278,1872
1191828,1872
1192378,1872
1192928,1872
1193478,1872
1194028,1872
1194578,1872
1195129,1869
1195679,1872
1196229,1872
1196779,1869
1197333,1872
1197884,1872
1198434,1872
1198984,1872
1199534,1872
1200084,1873
1200635,1872
1201187,1872
1201737,1872
1202287,1874
1202839,1874
1203389,1872
1203940,1873
1204491,1872
1205042,1872
1205592,1872
1206143,1872
1206693,1871
1207244,1872
1207794,1872
1208350,1872
1208900,1872
1209450,1872
1210000,1872
1210550,1872
1211100,1872
1211650,1873
1212202,1872
1212753,1871
1213303,1874
1213854,1872
1214405,1873
1214956,1872
1215507,1872
1216057,1872
1216607,1873
1217158,1872
1217710,1872
1218260,1872
1218811,1871
1219361,1872
1219912,1872
1220462,1878
1221014,1872
1221564,1872
1222115,1872
1222666,1873
1223217,1873
1223767,1873
1224322,1873
1224872,1871
1225423,1870
1225973,1873
1226524,1872
1227074,1871
1227624,1872
1228175,1874
1228726,1872
1229277,1872
1229827,1872
1230377,1872
1230927,1872
1231477,1873
1232029,1871
1232579,1871
1233129,1874
1233680,1872
1234231,1871
1234782,1871
1235336,1872
1235887,1873
1236438,1872
1236988,1873
1237539,1873
1238089,1872
1238640,1872
1239191,1872
1239741,1873
1240293,1872
1240844,1874
1241395,1872
1241946,1872
1242496,1873
1243048,1874
1243598,1872
1244149,1872
1244699,1872
1245249,1871
1245799,1874
1246354,1872
1246906,1874
1247456,1873
1248007,1871
1248557,1873
1249109,1872
1249659,1872
1250210,1873
1250760,1872
1251316,1872
1251866,1873
1252417,1874
1252967,1872
1253518,1872
1254068,1872
1254618,1872
1255172,1872
1255723,1872
1256273,1872
1256823,1872
1257373,1872
1257924,1872
1258474,1872
1259024,1874
1259575,1872
1260126,1872
1260676,1874
1261228,1873
1261778,1872
1262334,1873
1262885,1872
1263436,1872
1263987,1872
1264537,1872
1265088,1872
1265638,1872
1266189,1872
1266738,1872
1267288,1872
1267839,1873
1268389,1872
1268940,1872
1269490,1872
1270041,1872
1270591,1872
1271141,1872
1271691,1872
1272241,1872
1272791,1872
1273345,1871
1273895,1872
1274445,1872
1274995,1871
1275545,1872
1276095,1872
1276645,1871
1277195,1870
1277745,1871
1278295,1872
1278845,1872
1279395,1872
1279946,1872
1280496,1872
1281046,1873
1281597,1872
1282148,1872
1282698,1872
1283248,1872
1283798,1872
1284353,1871
1284902,1872
1285452,1872
1286003,1875
1286554,1872
1287104,1872
1287654,1872
1288208,1873
1288760,1874
1289315,1872
1289865,1872
1290415,1872
1290966,1871
1291516,1870
1292066,1872
1292616,1872
1293167,1872
1293717,1872
1294267,1871
1294818,1872
1295368,1872
1295919,1873
1296470,1872
1297021,1872
1297571,1872
1298122,1872
1298672,1872
1299222,1872
1299772,1872
1300326,1873
1300877,1872
1301428,1872
1301978,1872
1302528,1872
1303079,1872
1303629,1871
1304180,1872
1304729,1872
1305279,1872
1305829,1872
1306379,1872
1306930,1872
1307480,1872
1308030,1872
1308580,1869
1309130,1871
1309680,1872
1310231,1872
1310780,1872
1311334,1871
1311885,1872
1312435,1872
1312985,1872
1313535,1872
1314084,1872
1314634,1872
1315185,1872
1315735,1872
1316285,1872
1316835,1872
1317385,1872
1317936,1872
1318486,1872
1319035,1872
1319585,1871
1320135,1872
1320685,1872
1321235,1872
1321785,1873
1322340,1871
1322892,1872
1323442,1872
1323992,1871
1324542,1872
1325092,1872
1325642,1871
1326194,1872
1326744,1872
1327294,1872
1327844,1872
1328394,1872
1328944,1872
1329494,1873
1330045,1872
1330597,1872
1331147,1872
1331697,1874
1332247,1872
1332798,1872
1333353,1871
1333902,1872
1334452,1872
1335003,1872
1335553,1873
1336104,1872
1336655,1872
1337207,1874
1337758,1872
1338313,1872
1338864,1872
1339414,1872
1339964,1873
1340514,1875
1341064,1872
1341615,1872
1342167,1871
1342717,1872
1343267,1872
1343818,1872
1344368,1872
1344919,1872
1345469,1871
1346020,1872
1346570,1872
1347119,1872
1347669,1872
1348220,1872
1348770,1872
1349324,1872
1349874,1871
1350424,1872
1350975,1872
1351525,1871
1352074,1872
1352624,1871
1353176,1872
1353725,1872
1354275,1872
1354825,1872
1355375,1871
1355926,1872
1356475,1871
1357026,1872
1357576,1872
1358127,1872
1358676,1873
1359228,1872
1359778,1872
1360332,1872
1360882,1872
1361432,1871
1361982,1873
1362533,1871
1363084,1872
1363634,1871
1364185,1872
1364735,1872
1365285,1872
1365836,1872
1366386,1872
1366935,1872
1367485,1872
1368035,1872
1368585,1873
1369137,1872
1369688,1871
1370238,1872
1370787,1872
1371342,1872
1371892,1871
1372442,1872
1372993,1874
1373544,1872
1374095,1873
1374646,1872
1375196,1872
1375746,1872
1376296,1872
1376847,1872
1377397,1871
1377948,1872
1378498,1871
1379048,1873
1379598,1872
1380150,1877
1380701,1872
1381252,1872
1381801,1874
1382355,1874
1382906,1871
1383456,1872
1384007,1873
1384558,1872
1385109,1872
1385659,1871
1386210,1872
1386759,1873
1387314,1869
1387865,1872
1388415,1874
1388967,1872
1389517,1872
1390068,1872
1390618,1871
1391172,1873
1391723,1873
1392273,1872
1392825,1872
1393374,1873
1393926,1872
1394476,1872
1395027,1871
1395577,1872
1396128,1872
1396677,1872
1397227,1872
1397777,1872
1398331,1872
1398881,1872
1399431,1872
1399981,1872
1400531,1873
1401082,1872
1401633,1871
1402184,1873
1402734,1873
1403285,1872
1403835,1872
1404386,1872
1404935,1872
1405485,1873
1406036,1872
1406587,1873
1407139,1872
1407689,1872
1408240,1874
1408790,1872
1409345,1871
1409895,1872
1410445,1872
1410995,1872
1411545,1872
1412096,1872
1412645,1872
1413196,1872
1413746,1872
1414296,1874
1414847,1872
1415398,1872
1415948,1873
1416499,1873
1417050,1872
1417601,1872
1418151,1872
1418701,1872
1419252,1872
1419801,1871
1420355,1870
1420906,1872
1421456,1872
1422005,1873
1422556,1872
1423108,1872
1423658,1871
1424209,1872
1424759,1872
1425314,1872
1425865,1872
1426415,1872
1426966,1872
1427516,1872
1428065,1871
1428615,1872
1429167,1873
1429718,1872
1430269,1871
1430819,1872
1431369,1873
1431920,1873
1432470,1872
1433021,1872
1433571,1872
1434122,1872
1434672,1872
1435223,1872
1435773,1871
1436328,1872
1436878,1872
1437428,1873
1437979,1873
1438529,1872
1439081,1872
1439631,1873
1440183,1872
1440733,1872
1441283,1872
1441833,1871
1442383,1873
1442934,1872
1443485,1872
1444035,1871
1444585,1872
1445135,1874
1445686,1872
1446237,1872
1446787,1872
1447341,1872
1447892,1872
1448442,1872
1448993,1872
1449543,1872
1450094,1872
1450644,1871
1451195,1872
1451744,1873
1452295,1875
1452845,1872
1453396,1871
1453947,1872
1454497,1872
1455048,1874
1455599,1872
1456149,1873
1456701,1872
1457252,1870
1457803,1872
1458357,1872
1458908,1872
1459458,1872
1460008,1872
1460558,1874
1461110,1872
1461660,1872
1462210,1872
1462760,1872
1463314,1870
1463864,1872
1464414,1869
1464964,1872
1465514,1874
1466066,1872
1466616,1872
1467168,1872
1467717,1871
1468267,1873
1468818,1872
1469369,1873
1469920,1872
1470471,1872
1471021,1872
1471571,1872
1472122,1872
1472672,1873
1473224,1872
1473774,1872
1474329,1872
1474879,1870
1475429,1873
1475980,1872
1476532,1872
1477082,1872
1477632,1871
1478182,1871
1478732,1872
1479282,1872
1479833,1872
1480383,1872
1480934,1872
1481484,1872
1482034,1872
1482584,1871
1483134,1873
1483685,1872
1484237,1872
1484786,1873
1485341,1873
1485891,1872
1486442,1873
1486994,1872
1487545,1872
1488095,1872
1488644,1872
1489195,1870
1489745,1872
1490295,1873
1490847,1872
1491398,1872
1491948,1873
1492498,1872
1493050,1874
1493601,1872
1494151,1871
1494701,1871
1495251,1872
1495801,1873
1496355,1872
1496906,1873
1497457,1873
1498008,1872
1498558,1872
1499108,1872
1499658,1872
1500209,1873
1500760,1874
1501314,1872
1501866,1872
1502416,1872
1502966,1872
1503516,1871
1504067,1871
1504617,1872
1505168,1872
1505718,1871
1506269,1872
1506820,1871
1507370,1872
1507920,1872
1508470,1872
1509021,1871
1509571,1872
1510122,1871
1510672,1872
1511223,1872
1511773,1872
1512327,1872
1512877,1874
1513428,1872
1513980,1873
1514531,1872
1515081,1872
1515631,1872
1516182,1871
1516732,1873
1517283,1872
1517835,1872
1518385,1872
1518935,1872
1519485,1872
1520036,1872
1520586,1872
1521135,1872
1521685,1872
1522235,1872
1522785,1871
1523339,1872
1523890,1872
1524440,1872
1524989,1870
1525539,1872
1526090,1873
1526641,1870
1527192,1872
1527742,1870
1528292,1871
1528841,1875
1529392,1870
1529943,1872
1530493,1873
1531044,1872
1531596,1872
1532146,1872
1532696,1873
1533248,1872
1533798,1872
1534353,1872
1534902,1872
1535452,1873
1536003,1870
1536554,1872
1537104,1872
1537654,1871
1538207,1872
1538757,1873
1539312,1872
1539862,1872
1540412,1873
1540962,1872
1541513,1872
1542063,1872
1542613,1873
1543164,1872
1543716,1872
1544266,1873
1544817,1872
1545368,1873
1545920,1874
1546470,1871
1547021,1872
1547571,1873
1548123,1872
1548673,1872
1549223,1872
1549774,1872
1550328,1872
1550878,1872
1551428,1872
1551978,1872
1552528,1872
1553079,1872
1553629,1871
1554180,1872
1554730,1874
1555281,1872
1555832,1872
1556382,1871
1556933,1872
1557483,1872
1558034,1872
1558584,1873
1559134,1873
1559684,1872
1560235,1872
1560785,1872
1561339,1867
1561889,1872
1562439,1873
1562990,1872
1563541,1874
1564092,1872
1564643,1872
1565194,1872
1565744,1870
1566295,1874
1566846,1872
1567396,1872
1567947,1872
1568497,1873
1569048,1871
1569599,1873
1570150,1872
1570702,1872
1571252,1872
1571801,1876
1572355,1871
1572906,1872
1573456,1873
1574007,1872
1574558,1872
1575109,1872
1575659,1872
1576210,1872
1576759,1872
1577314,1872
1577864,1872
1578414,1872
1578965,1872
1579515,1872
1580064,1872
1580614,1872
1581166,1872
1581716,1872
1582267,1872
1582817,1872
1583367,1872
1583917,1872
1584467,1872
1585017,1872
1585567,1872
1586117,1872
1586667,1872
1587218,1872
1587767,1872
1588321,1872
1588872,1872
1589422,1872
1589972,1872
1590522,1874
1591073,1872
1591624,1872
1592174,1872
1592724,1871
1593274,1871
1593825,1872
1594375,1872
1594926,1872
1595476,1872
1596027,1872
1596577,1872
1597126,1871
1597676,1872
1598227,1872
1598777,1873
1599332,1872
1599883,1872
1600433,1872
1600983,1872
1601534,1872
1602083,1872
1602633,1872
1603184,1873
1603734,1872
1604286,1871
1604835,1872
1605386,1872
1605935,1871
1606485,1875
1607037,1872
1607588,1872
1608137,1872
1608688,1872
1609238,1873
1609789,1872
1610343,1871
1610894,1872
1611444,1873
1611995,1872
1612546,1872
1613097,1875
1613648,1871
1614199,1874
1614750,1872
1615302,1872
1615852,1872
1616402,1873
1616953,1873
1617503,1872
1618055,1872
1618605,1872
1619156,1872
1619705,1872
1620255,1870
1620806,1872
1621358,1874
1621909,1872
1622460,1872
1623010,1872
1623560,1873
1624111,1873
1624662,1872
1625212,1872
1625763,1872
1626315,1869
1626866,1871
1627416,1872
1627966,1872
1628516,1873
1629067,1873
1629617,1872
1630173,1872
1630723,1872
1631274,1871
1631825,1872
1632375,1872
1632926,1873
1633476,1872
1634026,1873
1634577,1872
1635129,1874
1635679,1872
1636231,1875
1636782,1872
1637336,1872
1637887,1872
1638437,1872
1638987,1872
1639537,1872
1640088,1872
1640638,1871
1641188,1872
1641738,1870
1642288,1872
1642838,1873
1643389,1871
1643940,1872
1644490,1870
1645041,1873
1645591,1872
1646142,1872
1646692,1872
1647243,1870
1647793,1872
1648349,1871
1648899,1872
1649449,1873
1650001,1873
1650551,1872
1651102,1872
1651652,1874
1652204,1872
1652755,1871
1653305,1872
1653854,1872
1654404,1871
1654954,1870
1655504,1871
1656055,1872
1656605,1872
1657155,1872
1657706,1872
1658256,1872
1658810,1872
1659360,1872
1659910,1869
1660460,1872
1661011,1872
1661561,1872
1662111,1872
1662662,1872
1663212,1872
1663762,1871
1664315,1872
1664866,1870
1665416,1872
1665965,1871
1666515,1873
1667067,1873
1667617,1872
1668168,1872
1668718,1872
1669269,1872
1669819,1872
1670369,1872
1670919,1870
1671470,1872
1672019,1872
1672569,1872
1673119,1871
1673670,1872
1674220,1872
1674770,1871
1675324,1871
1675874,1871
1676424,1872
1676974,1870
1677524,1874
1678075,1872
1678627,1871
1679177,1873
1679728,1873
1680278,1874
1680828,1871
1681379,1871
1681929,1871
1682479,1871
1683030,1869
1683580,1872
1684130,1872
1684680,1871
1685230,1872
1685780,1871
1686334,1872
1686885,1872
1687434,1872
1687984,1872
1688534,1872
1689085,1872
1689635,1870
1690186,1872
1690735,1873
1691286,1872
1691838,1872
1692388,1872
1692938,1874
1693489,1872
1694041,1873
1694591,1874
1695141,1873
1695691,1875
1696241,1872
1696792,1872
1697346,1871
1697896,1872
1698447,1872
1698997,1872
1699547,1872
1700097,1872
1700647,1872
1701199,1873
1701750,1872
1702301,1872
1702852,1872
1703402,1872
1703953,1872
1704503,1872
1705054,1871
1705604,1873
1706154,1876
1706704,1872
1707255,1869
1707805,1871
1708359,1873
1708910,1872
1709460,1872
1710010,1872
1710560,1871
1711110,1872
1711660,1871
1712210,1872
1712761,1872
1713314,1873
1713866,1872
1714416,1874
1714967,1872
1715518,1872
1716068,1872
1716618,1872
1717172,1871
1717722,1872
1718273,1872
1718823,1871
1719373,1870
1719923,1872
1720473,1872
1721024,1872
1721574,1875
1722125,1872
1722676,1873
1723227,1873
1723777,1872
1724332,1872
1724882,1875
1725433,1873
1725982,1872
1726534,1872
1727083,1872
1727633,1872
1728184,1871
1728734,1875
1729285,1871
1729836,1872
1730386,1872
1730936,1872
1731486,1872
1732036,1871
1732586,1873
1733137,1872
1733689,1872
1734239,1873
1734790,1871
1735345,1874
1735896,1872
1736447,1872
1736998,1872
1737548,1873
1738100,1872
1738651,1872
1739201,1872
1739751,1872
1740301,1872
1740851,1872
1741401,1872
1741951,1871
1742501,1872
1743052,1872
1743602,1873
1744152,1872
1744703,1872
1745253,1871
1745804,1872
1746357,1872
1746907,1872
1747457,1872
1748008,1872
1748558,1872
1749108,1872
1749658,1872
1750209,1872
1750759,1872
1751314,1872
1751864,1872
1752414,1874
1752966,1872
1753516,1872
1754067,1872
1754617,1872
1755167,1873
1755718,1872
1756269,1871
1756820,1872
1757370,1872
1757919,1871
1758469,1872
1759019,1871
1759569,1872
1760119,1872
1760670,1872
1761220,1872
1761770,1872
1762324,1872
1762875,1872
1763425,1872
1763974,1871
1764524,1871
1765075,1872
1765625,1872
1766177,1872
1766727,1872
1767278,1872
1767828,1872
1768379,1874
1768929,1872
1769481,1873
1770031,1872
1770582,1873
1771134,1872
1771684,1872
1772234,1874
1772785,1873
1773339,1872
1773890,1872
1774440,1872
1774990,1872
1775540,1872
1776090,1872
1776640,1872
1777192,1872
1777743,1872
1778294,1873
1778844,1872
1779395,1872
1779946,1872
1780496,1873
1781048,1872
1781598,1872
1782149,1872
1782699,1875
1783251,1872
1783801,1872
1784355,1872
1784906,1872
1785456,1873
1786008,1871
1786558,1874
1787110,1872
1787660,1874
1788211,1872
1788762,1872
1789315,1872
1789866,1872
1790416,1875
1790967,1873
1791517,1872
1792068,1872
1792619,1872
1793173,1872
1793724,1872
1794274,1872
1794823,1872
1795373,1873
1795924,1873
1796475,1872
1797025,1872
1797575,1872
1798125,1872
1798676,1872
1799226,1872
1799776,1869
1800330,1871
1800881,1870
1801431,1869
1801981,1873
1802532,1873
1803082,1872
1803633,1871
1804185,1871
1804736,1872
1805285,1872
1805836,1872
1806386,1871
1806936,1871
1807486,1872
1808037,1872
1808587,1874
1809137,1872
1809689,1872
1810239,1872
1810789,1873
1811344,1871
1811895,1871
1812445,1872
1812996,1874
1813547,1872
1814097,1872
1814647,1873
1815200,1872
1815750,1872
1816300,1872
1816851,1873
1817402,1872
1817953,1872
1818503,1872
1819054,1872
1819604,1872
1820155,1873
1820705,1872
1821256,1872
1821810,1872
1822360,1873
1822912,1871
1823463,1872
1824013,1872
1824563,1872
1825112,1872
1825663,1872
1826213,1872
1826763,1872
1827317,1872
1827868,1870
1828418,1872
1828967,1872
1829517,1873
1830067,1872
1830619,1872
1831173,1872
1831722,1872
1832272,1873
1832824,1872
1833374,1872
1833925,1872
1834475,1872
1835026,1874
1835577,1872
1836127,1872
1836677,1872
1837228,1872
1837778,1872
1838332,1872
1838882,1873
1839434,1870
1839985,1872
1840535,1872
1841084,1872
1841634,1871
1842185,1872
1842736,1871
1843287,1872
1843838,1872
1844388,1873
1844940,1872
1845490,1872
1846041,1872
1846591,1872
1847142,1873
1847692,1870
1848244,1872
1848793,1872
1849349,1872
1849899,1872
1850449,1872
1850999,1870
1851549,1872
1852099,1872
1852649,1873
1853200,1873
1853750,1873
1854300,1872
1854852,1871
1855402,1872
1855953,1872
1856503,1872
1857052,1872
1857602,1872
1858152,1872
1858703,1872
1859253,1872
1859803,1871
1860357,1872
1860907,1872
1861457,1872
1862008,1873
1862558,1873
1863108,1872
1863659,1872
1864210,1872
1864759,1872
1865314,1872
1865864,1872
1866414,1872
1866965,1872
1867515,1872
1868064,1872
1868614,1872
1869166,1872
1869716,1872
1870267,1872
1870818,1872
1871368,1872
1871918,1872
1872468,1872
1873017,1872
1873567,1873
1874118,1872
1874670,1872
1875221,1872
1875770,1870
1876324,1872
1876874,1872
1877424,1872
1877975,1871
1878525,1872
1879075,1873
1879626,1871
1880178,1872
1880729,1872
1881278,1872
1881829,1871
1882379,1871
1882929,1875
1883480,1872
1884031,1871
1884581,1872
1885131,1872
1885682,1872
1886232,1872
1886783,1873
1887338,1872
1887888,1872
1888438,1872
1888989,1872
1889539,1872
1890088,1872
1890638,1872
1891189,1872
1891738,1870
1892288,1873
1892840,1872
1893391,1872
1893940,1872
1894490,1872
1895041,1873
1895592,1873
1896142,1872
1896693,1872
1897243,1872
1897793,1873
1898348,1873
1898899,1873
1899449,1872
1899999,1872
1900549,1871
1901099,1873
1901650,1872
1902201,1872
1902751,1872
1903301,1872
1903852,1872
1904402,1872
1904953,1872
1905503,1872
1906053,1872
1906603,1871
1907154,1872
1907704,1872
1908255,1872
1908805,1872
1909358,1872
1909908,1873
1910459,1869
1911011,1872
1911561,1872
1912111,1872
1912662,1872
1913212,1873
1913763,1872
1914318,1872
1914869,1872
1915419,1871
1915969,1872
1916519,1872
1917069,1869
1917619,1872
1918172,1872
1918722,1872
1919272,1872
1919823,1872
1920373,1871
1920922,1872
1921472,1872
1922022,1872
1922572,1872
1923122,1872
1923672,1868
1924222,1872
1924772,1873
1925327,1872
1925879,1872
1926428,1872
1926978,1873
1927529,1871
1928081,1872
1928631,1872
1929182,1872
1929731,1873
1930282,1872
1930833,1872
1931383,1870
1931933,1872
1932483,1872
1933034,1873
1933585,1872
1934135,1871
1934685,1872
1935235,1872
1935785,1872
1936339,1873
1936890,1872
1937442,1873
1937992,1874
1938542,1872
1939093,1872
1939643,1872
1940194,1872
1940744,1869
1941294,1872
1941845,1872
1942395,1871
1942946,1871
1943496,1872
1944046,1872
1944596,1872
1945146,1872
1945696,1870
1946246,1872
1946797,1870
1947351,1872
1947901,1875
1948451,1872
1949002,1872
1949552,1872
1950102,1872
1950652,1872
1951203,1872
1951753,1872
1952303,1873
1952854,1872
1953405,1871
1953955,1872
1954505,1872
1955055,1872
1955605,1871
1956156,1871
1956705,1872
1957255,1869
1957805,1871
1958358,1872
1958908,1872
1959458,1872
1960008,1872
1960558,1873
1961109,1873
1961659,1873
1962210,1872
1962760,1872
1963315,1870
1963864,1872
1964414,1872
1964964,1872
1965514,1871
1966064,1872
1966614,1874
1967166,1872
1967717,1874
1968269,1872
1968820,1872
1969370,1872
1969920,1872
1970470,1873
1971021,1871
1971571,1872
1972122,1872
1972672,1872
1973222,1873
1973773,1873
1974327,1872
1974879,1872
1975429,1872
1975979,1872
1976528,1872
1977078,1872
1977628,1872
1978179,1872
1978730,1872
1979279,1873
1979830,1872
1980381,1871
1980931,1871
1981481,1872
1982031,1872
1982581,1874
1983132,1872
1983684,1872
1984235,1872
1984784,1871
1985338,1872
1985889,1872
1986439,1872
1986990,1872
1987540,1872
1988090,1872
1988640,1871
1989191,1872
1989742,1872
1990292,1874
1990842,1872
1991394,1872
1991943,1872
1992493,1871
1993043,1873
1993594,1871
1994146,1872
1994696,1872
1995246,1873
1995797,1872
1996351,1872
1996900,1873
1997451,1872
1998002,1872
1998552,1872
1999102,1872
1999652,1872
2000204,1872
2000753,1873
2001305,1872
2001855,1877
2002406,1872
2002958,1873
2003508,1873
2004058,1872
2004610,1872
2005159,1870
2005709,1872
2006260,1872
2006812,1872
2007362,1872
2007912,1872
2008462,1872
2009011,1873
2009562,1872
2010113,1872
2010663,1870
2011213,1872
2011763,1872
2012317,1872
2012868,1872
2013418,1872
2013968,1872
2014518,1872
2015069,1873
2015619,1874
2016173,1872
2016723,1872
2017273,1872
2017824,1874
2018374,1872
2018926,1874
2019477,1873
2020026,1874
2020576,1872
2021128,1872
2021677,1872
2022227,1872
2022777,1872
2023331,1872
2023882,1871
2024432,1872
2024982,1874
2025533,1872
2026084,1872
2026634,1872
2027185,1872
2027735,1872
2028286,1872
2028835,1872
2029386,1872
2029936,1873
2030488,1872
2031038,1872
2031588,1872
2032139,1874
2032689,1872
2033240,1872
2033790,1872
2034344,1877
2034894,1872
2035445,1872
2035995,1872
2036545,1872
2037095,1872
2037645,1872
2038196,1872
2038746,1872
2039297,1872
2039846,1874
2040397,1872
2040948,1872
2041498,1872
2042048,1872
2042598,1872
2043149,1872
2043699,1872
2044249,1872
2044799,1872
2045353,1872
2045903,1872
2046453,1872
2047003,1872
2047553,1872
2048104,1872
2048654,1872
2049208,1872
2049758,1872
2050313,1872
2050864,1872
2051414,1874
2051964,1872
2052515,1872
2053066,1872
2053616,1873
2054167,1872
2054718,1872
2055268,1872
2055819,1873
2056369,1872
2056920,1872
2057470,1872
2058021,1872
2058571,1873
2059122,1873
2059671,1873
2060221,1869
2060772,1872
2061326,1873
2061878,1872
2062429,1872
2062978,1872
2063528,1872
2064078,1872
2064628,1869
2065180,1872
2065730,1872
2066280,1872
2066831,1873
2067382,1872
2067932,1872
2068482,1872
2069033,1872
2069583,1872
2070132,1872
2070683,1873
2071234,1872
2071784,1872
2072338,1872
2072888,1872
2073438,1872
2073988,1875
2074539,1872
2075090,1871
2075640,1870
2076192,1872
2076743,1872
2077293,1873
2077845,1872
2078395,1872
2078945,1872
2079495,1873
2080047,1872
2080598,1872
2081148,1872
2081698,1873
2082249,1872
2082801,1872
2083355,1870
2083906,1874
2084456,1872
2085008,1871
2085558,1872
2086107,1872
2086657,1872
2087208,1873
2087759,1872
2088314,1870
2088865,1872
2089415,1872
2089966,1872
2090516,1872
2091067,1874
2091618,1872
2092172,1873
2092723,1872
2093274,1872
2093825,1872
2094375,1872
2094926,1871
2095476,1872
2096027,1872
2096577,1872
2097127,1872
2097677,1873
2098228,1872
2098780,1872
2099334,1872
2099885,1872
2100435,1872
2100986,1872
2101536,1872
2102087,1872
2102637,1872
2103187,1872
2103737,1875
2104289,1872
2104840,1872
2105390,1872
2105940,1872
2106490,1869
2107041,1872
2107591,1872
2108142,1871
2108692,1872
2109243,1872
2109792,1872
2110346,1872
2110896,1872
2111446,1872
2111997,1872
2112547,1875
2113097,1872
2113648,1871
2114200,1872
2114750,1872
2115300,1872
2115850,1872
2116400,1871
2116950,1872
2117500,1872
2118050,1872
2118600,1872
2119150,1872
2119700,1872
2120250,1872
2120800,1872
2121353,1872
2121904,1872
2122453,1872
2123003,1872
2123553,1872
2124103,1871
2124653,1872
2125208,1871
2125757,1872
2126311,1872
2126862,1872
2127412,1873
2127963,1872
2128515,1872
2129064,1873
2129615,1872
2130168,1872
2130717,1872
2131267,1871
2131818,1872
2132368,1872
2132919,1872
2133469,1873
2134019,1872
2134570,1872
2135121,1872
2135671,1872
2136220,1871
2136770,1872
2137324,1872
2137874,1872
2138424,1872
2138974,1872
2139524,1872
2140075,1873
2140625,1872
2141176,1872
2141726,1873
2142278,1872
2142828,1873
2143379,1872
2143930,1873
2144481,1873
2145031,1872
2145582,1872
2146133,1872
2146682,1869
2147233,1872
2147783,1872
2148337,1871
2148887,1873
2149438,1873
2149989,1872
2150540,1873
2151090,1871
2151642,1873
2152192,1873
2152743,1870
2153294,1872
2153844,1872
2154394,1871
2154943,1872
2155493,1873
2156045,1872
2156595,1872
2157145,1872
2157695,1871
2158246,1872
2158796,1872
2159350,1871
2159900,1872
2160450,1872
2161001,1872
2161551,1872
2162102,1872
2162652,1872
2163203,1872
2163753,1872
2164303,1872
2164853,1872
2165403,1872
2165953,1873
2166504,1873
2167054,1872
2167606,1873
2168156,1872
2168708,1872
2169258,1870
2169811,1871
2170361,1872
2170911,1873
2171462,1872
2172014,1871
2172564,1873
2173115,1872
2173666,1872
2174216,1871
2174766,1873
2175321,1872
2175872,1871
2176422,1870
2176972,1873
2177523,1872
2178075,1872
2178625,1871
2179176,1872
2179726,1872
2180276,1872
2180826,1872
2181376,1872
2181926,1875
2182477,1872
2183028,1871
2183578,1872
2184129,1872
2184679,1872
2185229,1872
2185779,1872
2186333,1872
2186883,1874
2187434,1872
2187985,1873
2188536,1871
2189088,1872
2189638,1871
2190188,1872
2190738,1872
2191288,1874
2191840,1873
2192390,1872
2192941,1872
2193491,1872
2194041,1872
2194591,1872
2195142,1872
2195692,1873
2196243,1872
2196794,1873
2197350,1872
2197900,1872
2198450,1872
2199001,1872
2199551,1872
2200102,1872
2200652,1874
2201204,1872
2201755,1872
2202305,1872
2202854,1872
2203404,1872
2203954,1872
2204504,1873
2205055,1873
2205605,1873
2206155,1873
2206705,1873
2207255,1872
2207810,1872
2208360,1872
2208911,1873
2209462,1872
2210012,1872
2210562,1873
2211114,1873
2211663,1873
2212214,1872
2212764,1872
2213318,1875
2213869,1872
2214420,1872
2214970,1871
2215520,1872
2216070,1872
2216620,1873
2217174,1872
2217725,1872
2218275,1872
2218825,1872
2219375,1875
2219925,1872
2220477,1873
2221028,1874
2221578,1872
2222128,1872
2222678,1871
2223228,1872
2223778,1872
2224332,1871
2224882,1872
2225432,1872
2225982,1872
2226532,1874
2227084,1871
2227635,1869
2228185,1871
2228735,1872
2229285,1872
2229835,1872
2230385,1872
2230936,1871
2231486,1872
2232036,1872
2232586,1873
2233137,1872
2233689,1872
2234239,1871
2234789,1872
2235343,1872
2235893,1873
2236444,1871
2236996,1872
2237545,1872
2238095,1873
2238646,1872
2239198,1873
2239749,1872
2240300,1872
2240849,1873
2241400,1874
2241951,1872
2242502,1872
2243053,1872
2243602,1872
2244152,1872
2244702,1872
2245253,1872
2245803,1872
2246356,1873
2246907,1872
2247457,1872
2248007,1870
2248557,1872
2249108,1872
2249658,1872
2250208,1873
2250759,1875
2251314,1872
2251865,1872
2252415,1872
2252966,1872
2253516,1872
2254067,1872
2254617,1872
2255168,1870
2255718,1871
2256268,1872
2256819,1872
2257369,1872
2257920,1872
2258470,1873
2259022,1871
2259573,1873
2260124,1871
2260675,1872
2261226,1873
2261777,1872
2262331,1872
2262881,1872
2263431,1872
2263981,1872
2264531,1872
2265082,1869
2265632,1872
2266183,1872
2266732,1872
2267282,1872
2267832,1872
2268382,1871
2268933,1871
2269483,1872
2270033,1872
2270583,1872
2271134,1872
2271684,1873
2272234,1872
2272785,1872
2273339,1872
2273889,1871
2274439,1872
2274990,1872
2275540,1873
2276090,1874
2276640,1870
2277192,1872
2277743,1871
2278292,1872
2278842,1872
2279392,1872
2279942,1870
2280492,1872
2281042,1872
2281592,1872
2282142,1872
2282692,1874
2283244,1873
2283794,1872
2284350,1872
2284901,1872
2285451,1872
2286000,1872
2286550,1872
2287101,1872
2287651,1872
2288201,1872
2288751,1872
2289301,1872
2289852,1870
2290402,1871
2290953,1872
2291503,1872
2292052,1872
2292602,1872
2293152,1872
2293703,1871
2294253,1871
2294804,1873
2295358,1872
2295909,1872
2296460,1871
2297009,1872
2297559,1872
2298109,1869
2298659,1872
2299210,1872
2299759,1872
2300314,1873
2300866,1872
2301416,1873
2301967,1872
2302518,1872
2303068,1873
2303619,1872
2304173,1872
2304724,1872
2305274,1872
2305824,1871
2306374,1872
2306924,1872
2307474,1872
2308024,1872
2308574,1872
2309124,1875
2309676,1872
2310226,1872
2310776,1872
2311331,1873
2311881,1872
2312432,1873
2312983,1872
2313534,1871
2314085,1872
2314635,1871
2315186,1872
2315736,1872
2316287,1872
2316838,1872
2317388,1872
2317939,1872
2318489,1872
2319040,1871
2319590,1872
2320139,1872
2320689,1872
2321240,1872
2321790,1872
2322344,1872
2322894,1872
2323444,1873
2323995,1872
2324546,1875
2325097,1874
2325647,1872
2326199,1872
2326750,1872
2327301,1872
2327851,1872
2328401,1872
2328952,1872
2329502,1872
2330052,1872
2330602,1872
2331152,1872
2331703,1871
2332253,1872
2332803,1872
2333356,1873
2333908,1869
2334459,1872
2335009,1872
2335559,1872
2336109,1872
2336659,1872
2337210,1872
2337760,1873
2338315,1871
2338865,1872
2339415,1872
2339966,1872
2340516,1872
2341066,1872
2341616,1874
2342167,1872
2342719,1874
2343270,1870
2343820,1872
2344370,1872
2344921,1872
2345471,1871
2346021,1872
2346571,1872
2347122,1872
2347672,1874
2348223,1872
2348774,1872
2349328,1873
2349880,1874
2350430,1874
2350979,1872
2351530,1873
2352082,1872
2352632,1871
2353184,1872
2353734,1872
2354284,1872
2354834,1872
2355385,1872
2355935,1872
2356485,1871
2357036,1871
2357586,1874
2358137,1872
2358689,1872
2359238,1870
2359788,1872
2360342,1872
2360893,1874
2361443,1872
2361995,1872
2362545,1873
2363097,1872
2363647,1872
2364199,1872
2364749,1873
2365299,1872
2365850,1872
2366400,1872
2366951,1872
2367501,1872
2368050,1874
2368601,1872
2369153,1872
2369703,1872
2370254,1871
2370804,1872
2371357,1872
2371907,1872
2372457,1872
2373007,1872
2373557,1872
2374108,1871
2374658,1872
2375209,1873
2375760,1873
2376314,1872
2376865,1872
2377415,1872
2377966,1872
2378516,1871
2379066,1871
2379616,1874
2380168,1872
2380718,1872
2381269,1871
2381819,1872
2382369,1873
2382920,1873
2383470,1873
2384021,1872
2384571,1872
2385121,1872
2385671,1873
2386222,1873
2386771,1872
2387326,1872
2387877,1872
2388427,1872
2388977,1872
2389527,1873
2390078,1873
2390628,1872
2391179,1875
2391730,1874
2392281,1872
2392832,1872
2393382,1872
2393933,1872
2394483,1872
2395034,1872
2395584,1872
2396135,1873
2396685,1872
2397236,1872
2397786,1873
2398341,1872
2398893,1872
2399443,1872
2399993,1872
2400543,1872
2401093,1872
2401644,1872
2402194,1871
2402744,1874
2403295,1872
2403846,1875
2404397,1872
2404948,1872
2405498,1874
2406049,1872
2406600,1872
2407150,1871
2407701,1872
2408250,1871
2408800,1872
2409353,1872
2409903,1872
2410454,1872
2411004,1873
2411555,1872
2412106,1872
2412656,1872
2413207,1872
2413757,1872
2414312,1870
2414861,1872
2415411,1872
2415961,1872
2416511,1874
2417063,1872
2417614,1872
2418164,1872
2418714,1872
2419265,1872
2419814,1872
2420364,1872
2420914,1872
2421464,1873
2422015,1872
2422566,1872
2423116,1873
2423667,1872
2424219,1872
2424769,1872
2425323,1872
2425872,1872
2426422,1872
2426973,1873
2427524,1872
2428075,1873
2428625,1872
2429176,1872
2429726,1875
2430278,1873
2430828,1874
2431378,1874
2431929,1875
2432479,1872
2433029,1872
2433579,1872
2434129,1872
2434679,1874
2435230,1873
2435780,1875
2436335,1873
2436884,1872
2437435,1872
2437985,1873
2438536,1872
2439087,1873
2439639,1872
2440190,1872
2440740,1872
2441290,1873
2441841,1872
2442392,1873
2442943,1872
2443494,1872
2444044,1871
2444594,1872
2445144,1872
2445694,1872
2446245,1872
2446794,1873
2447349,1872
2447900,1872
2448450,1873
2449002,1873
2449552,1872
2450103,1872
2450653,1872
2451207,1872
2451757,1872
2452312,1872
2452861,1870
2453411,1873
2453963,1872
2454514,1873
2455064,1869
2455615,1874
2456167,1872
2456718,1873
2457270,1871
2457820,1873
2458371,1873
2458921,1873
2459471,1872
2460022,1871
2460572,1872
2461122,1873
2461673,1871
2462224,1872
2462775,1872
2463329,1872
2463879,1872
2464429,1872
2464980,1872
2465530,1872
2466081,1872
2466631,1872
2467181,1872
2467731,1871
2468282,1872
2468833,1872
2469383,1872
2469933,1875
2470484,1872
2471035,1872
2471585,1871
2472136,1872
2472686,1873
2473237,1872
2473789,1872
2474343,1872
2474894,1873
2475445,1872
2475995,1872
2476545,1872
2477095,1872
2477645,1872
2478197,1872
2478747,1872
2479298,1872
2479848,1872
2480398,1870
2480948,1872
2481498,1872
2482048,1872
2482598,1872
2483149,1873
2483699,1872
2484251,1872
2484800,1872
2485354,1872
2485903,1872
2486453,1874
2487004,1873
2487554,1872
2488106,1873
2488656,1872
2489209,1872
2489758,1869
2490313,1874
2490865,1872
2491416,1872
2491967,1872
2492517,1873
2493068,1872
2493619,1873
2494174,1875
2494723,1872
2495275,1872
2495825,1872
2496375,1871
2496926,1872
2497476,1872
2498026,1872
2498576,1872
2499126,1872
2499677,1872
2500227,1872
2500777,1872
2501331,1874
2501882,1872
2502434,1872
2502984,1872
2503534,1873
2504086,1874
2504636,1870
2505188,1873
2505738,1872
2506289,1872
2506840,1872
2507389,1873
2507940,1872
2508491,1872
2509041,1874
2509593,1872
2510144,1874
2510695,1872
2511246,1873
2511796,1873
2512350,1872
2512901,1871
2513451,1873
2514002,1872
2514553,1872
2515103,1872
2515653,1871
2516208,1872
2516758,1872
2517313,1873
2517864,1872
2518415,1872
2518965,1871
2519515,1872
2520065,1872
2520615,1872
2521167,1872
2521717,1872
2522267,1877
2522819,1872
2523369,1872
2523920,1872
2524470,1872
2525021,1872
2525571,1872
2526122,1872
2526672,1872
2527223,1872
2527772,1872
2528326,1872
2528876,1871
2529426,1872
2529976,1870
2530526,1872
2531077,1872
2531627,1872
2532178,1872
2532728,1873
2533279,1873
2533828,1872
2534379,1872
2534929,1870
2535479,1871
2536030,1873
2536581,1872
2537131,1870
2537681,1871
2538231,1872
2538781,1872
2539336,1872
2539885,1872
2540435,1872
2540986,1872
2541536,1871
2542086,1872
2542636,1872
2543186,1873
2543737,1873
2544287,1871
2544838,1872
2545388,1871
2545939,1872
2546489,1872
2547040,1872
2547590,1872
2548141,1872
2548690,1871
2549241,1871
2549791,1873
2550347,1872
2550898,1872
2551448,1872
2551997,1872
2552547,1872
2553097,1872
2553647,1872
2554199,1872
2554750,1872
2555300,1872
2555850,1872
2556400,1872
2556951,1870
2557501,1873
2558052,1873
2558602,1873
2559153,1872
2559703,1872
2560253,1872
2560804,1871
2561357,1872
2561907,1872
2562457,1872
2563008,1872
2563558,1872
2564109,1873
2564659,1873
2565210,1872
2565760,1872
2566314,1871
2566865,1872
2567415,1872
2567964,1872
2568514,1872
2569064,1872
2569614,1872
2570165,1872
2570716,1873
2571267,1872
2571818,1872
2572368,1871
2572919,1874
2573470,1873
2574021,1872
2574571,1872
2575122,1874
2575672,1872
2576223,1872
2576774,1872
2577328,1873
2577879,1872
2578429,1872
2578979,1871
2579529,1874
2580081,1873
2580631,1872
2581183,1872
2581733,1872
2582283,1873
2582834,1873
2583385,1872
2583935,1872
2584485,1872
2585035,1872
2585585,1872
2586136,1872
2586686,1870
2587237,1872
2587786,1873
2588341,1872
2588893,1872
2589443,1872
2589993,1872
2590543,1871
2591094,1872
2591644,1871
2592194,1872
2592744,1872
2593295,1873
2593845,1872
2594396,1872
2594946,1872
2595496,1874
2596048,1872
2596598,1872
2597149,1872
2597699,1872
2598249,1872
2598799,1872
2599353,1872
2599903,1871
2600453,1872
2601003,1872
2601553,1872
2602103,1873
2602654,1873
2603209,1872
2603759,1873
2604314,1874
2604864,1874
2605414,1871
2605966,1877
2606517,1872
2607067,1872
2607617,1872
2608172,1872
2608723,1872
2609273,1872
2609824,1872
2610374,1874
2610926,1872
2611476,1872
2612027,1872
2612577,1875
2613128,1872
2613678,1872
2614228,1872
2614778,1872
2615332,1874
2615883,1872
2616434,1874
2616985,1873
2617536,1874
2618087,1873
2618637,1872
2619188,1872
2619737,1872
2620287,1873
2620838,1873
2621388,1872
2621939,1872
2622489,1872
2623039,1874
2623590,1872
2624142,1872
2624692,1872
2625242,1871
2625792,1873
2626347,1873
2626898,1873
2627448,1873
2627998,1874
2628548,1872
2629099,1872
2629649,1872
2630200,1872
2630750,1874
2631301,1872
2631852,1872
2632402,1872
2632953,1872
2633503,1873
2634054,1873
2634604,1872
2635156,1872
2635706,1874
2636257,1872
2636811,1872
2637361,1872
2637911,1873
2638462,1874
2639013,1871
2639563,1872
2640114,1873
2640664,1871
2641215,1872
2641765,1872
2642319,1873
2642870,1871
2643421,1872
2643972,1872
2644521,1872
2645071,1873
2645622,1871
2646174,1872
2646724,1872
2647275,1872
2647825,1873
2648376,1872
2648927,1870
2649477,1872
2650027,1873
2650578,1872
2651130,1874
2651680,1872
2652231,1874
2652783,1873
2653337,1873
2653887,1873
2654437,1872
2654988,1872
2655538,1872
2656088,1872
2656639,1872
2657189,1872
2657739,1872
2658289,1874
2658840,1872
2659391,1872
2659941,1872
2660491,1872
2661041,1870
2661591,1872
2662142,1875
2662692,1872
2663243,1872
2663793,1872
2664349,1872
2664898,1872
2665448,1874
2666000,1874
2666550,1872
2667102,1872
2667652,1872
2668203,1870
2668753,1872
2669303,1872
2669853,1873
2670404,1872
2670955,1874
2671506,1874
2672057,1873
2672607,1872
2673158,1873
2673710,1873
2674261,1872
2674812,1874
2675362,1873
2675912,1872
2676463,1872
2677014,1872
2677564,1872
2678115,1871
2678666,1872
2679216,1872
2679766,1872
2680320,1873
2680872,1875
2681422,1872
2681973,1872
2682523,1874
2683075,1872
2683625,1872
2684176,1872
2684726,1872
2685276,1872
2685827,1875
2686378,1873
2686927,1872
2687478,1876
2688030,1872
2688580,1872
2689130,1872
2689681,1872
2690231,1871
2690780,1871
2691335,1872
2691885,1873
2692436,1872
2692987,1872
2693537,1871
2694087,1872
2694637,1869
2695187,1872
2695737,1874
2696289,1874
2696840,1871
2697391,1872
2697940,1872
2698490,1871
2699041,1872
2699591,1872
2700141,1872
2700691,1872
2701241,1871
2701791,1872
2702345,1873
2702896,1872
2703447,1872
2703997,1872
2704547,1872
2705097,1872
2705647,1872
2706199,1872
2706750,1872
2707301,1872
2707852,1874
2708402,1871
2708954,1872
2709504,1875
2710056,1875
2710606,1872
2711157,1874
2711708,1872
2712259,1871
2712811,1876
2713362,1872
2713913,1872
2714464,1872
2715013,1875
2715564,1872
2716116,1872
2716666,1872
2717220,1872
2717770,1871
2718324,1872
2718874,1872
2719424,1872
2719975,1873
2720526,1872
2721076,1872
2721626,1872
2722177,1872
2722727,1874
2723278,1872
2723830,1873
2724381,1875
2724932,1873
2725482,1871
2726034,1872
2726584,1874
2727135,1872
2727685,1872
2728235,1872
2728785,1873
2729340,1872
2729892,1872
2730442,1872
2730992,1872
2731542,1872
2732091,1872
2732642,1872
2733192,1872
2733743,1872
2734293,1872
2734844,1873
2735395,1872
2735946,1872
2736496,1874
2737046,1872
2737597,1872
2738148,1872
2738698,1872
2739248,1872
2739798,1872
2740352,1872
2740902,1872
2741452,1871
2742003,1872
2742553,1869
2743102,1871
2743652,1871
2744204,1872
2744753,1872
2745303,1871
2745853,1872
2746403,1872
2746954,1872
2747504,1872
2748054,1872
2748604,1872
2749154,1874
2749705,1872
2750256,1872
2750810,1872
2751360,1872
2751911,1874
2752462,1872
2753013,1872
2753563,1872
2754112,1872
2754663,1872
2755213,1872
2755763,1873
2756318,1873
2756868,1872
2757419,1872
2757969,1872
2758519,1872
2759070,1872
2759620,1872
2760173,1873
2760724,1872
2761276,1872
2761826,1872
2762376,1874
2762928,1873
2763478,1874
2764029,1870
2764580,1872
2765131,1872
2765680,1872
2766230,1870
2766780,1875
2767335,1872
2767886,1872
2768436,1872
2768987,1872
2769537,1872
2770087,1872
2770637,1872
2771189,1873
2771739,1873
2772289,1872
2772841,1872
2773391,1873
2773941,1872
2774492,1872
2775042,1873
2775593,1872
2776145,1872
2776695,1872
2777245,1872
2777794,1871
2778349,1872
2778900,1872
2779450,1872
2780001,1872
2780551,1872
2781102,1872
2781652,1872
2782204,1871
2782754,1872
2783304,1872
2783854,1872
2784404,1872
2784954,1874
2785505,1872
2786056,1872
2786606,1872
2787157,1872
2787707,1872
2788257,1872
2788811,1869
2789362,1872
2789913,1872
2790463,1872
2791014,1871
2791564,1872
2792115,1872
2792666,1872
2793216,1872
2793766,1872
2794320,1873
2794872,1873
2795422,1871
2795974,1872
2796524,1872
2797075,1872
2797625,1872
2798176,1872
2798726,1872
2799276,1872
2799826,1872
2800376,1873
2800927,1872
2801478,1872
2802028,1872
2802578,1872
2803129,1872
2803679,1872
2804229,1872
2804779,1872
2805333,1872
2805883,1872
2806433,1873
2806984,1872
2807535,1872
2808085,1872
2808635,1870
2809186,1872
2809735,1872
2810286,1872
2810837,1872
2811386,1872
2811936,1874
2812487,1872
2813038,1873
2813589,1872
2814140,1872
2814690,1874
2815242,1871
2815793,1872
2816347,1872
2816898,1872
2817448,1872
2817997,1872
2818548,1872
2819097,1874
2819648,1872
2820199,1873
2820750,1873
2821301,1873
2821851,1872
2822402,1873
2822954,1872
2823504,1872
2824054,1872
2824604,1872
2825154,1872
2825704,1873
2826256,1872
2826810,1872
2827360,1874
2827912,1872
2828463,1872
2829014,1872
2829564,1873
2830116,1872
2830666,1873
2831219,1872
2831770,1873
2832325,1876
2832875,1872
2833426,1873
2833978,1872
2834529,1872
2835079,1871
2835630,1869
2836180,1873
2836731,1872
2837283,1873
2837833,1872
2838384,1873
2838936,1872
2839486,1871
2840037,1872
2840587,1870
2841137,1872
2841687,1874
2842239,1872
2842790,1872
2843344,1873
2843895,1872
2844446,1874
2844997,1873
2845547,1872
2846098,1872
2846648,1872
2847199,1873
2847750,1872
2848301,1873
2848853,1872
2849403,1872
2849953,1872
2850503,1873
2851055,1872
2851605,1872
2852156,1872
2852706,1874
2853258,1871
2853811,1872
2854362,1872
2854911,1873
2855462,1872
2856014,1872
2856564,1875
2857114,1873
2857664,1873
2858215,1872
2858765,1873
2859321,1872
2859871,1871
2860421,1872
2860972,1873
2861523,1872
2862074,1872
2862624,1873
2863175,1871
2863726,1871
2864276,1872
2864826,1872
2865376,1872
2865927,1872
2866477,1872
2867028,1872
2867578,1872
2868128,1872
2868678,1872
2869228,1875
2869779,1872
2870335,1872
2870885,1872
2871435,1870
2871986,1875
2872537,1872
2873088,1872
2873638,1872
2874188,1874
2874740,1872
2875291,1872
2875841,1870
2876391,1872
2876941,1872
2877491,1872
2878042,1873
2878592,1872
2879144,1872
2879693,1872
2880243,1872
2880793,1872
2881349,1873
2881900,1872
2882451,1872
2883002,1872
2883552,1872
2884102,1872
2884652,1872
2885203,1872
2885753,1872
2886303,1872
2886853,1872
2887403,1872
2887954,1873
2888505,1872
2889056,1873
2889606,1872
2890158,1871
2890708,1872
2891258,1871
2891811,1872
2892361,1872
2892912,1872
2893462,1872
2894011,1871
2894561,1872
2895111,1874
2895662,1875
2896213,1875
2896763,1872
2897318,1873
2897869,1873
2898419,1873
2898970,1869
2899521,1872
2900071,1872
2900622,1872
2901174,1872
2901724,1872
2902274,1873
2902825,1872
2903376,1873
2903927,1872
2904478,1872
2905029,1873
2905579,1872
2906130,1872
2906680,1872
2907231,1872
2907782,1874
2908336,1872
2908887,1874
2909438,1872
2909989,1871
2910539,1873
2911090,1872
2911641,1870
2912192,1872
2912743,1872
2913293,1874
2913845,1872
2914395,1872
2914945,1872
2915495,1872
2916045,1872
2916596,1872
2917146,1871
2917696,1872
2918247,1871
2918797,1872
2919351,1871
2919900,1873
2920451,1870
2921003,1872
2921553,1872
2922103,1872
2922653,1873
2923208,1872
2923759,1872
2924314,1872
2924865,1872
2925415,1872
2925966,1872
2926516,1872
2927066,1872
2927616,1873
2928167,1872
2928718,1872
2929268,1872
2929819,1872
2930369,1872
2930920,1872
2931470,1872
2932020,1872
2932570,1873
2933122,1873
2933671,1872
2934222,1872
2934772,1872
2935326,1872
2935877,1874
2936427,1872
2936979,1872
2937529,1872
2938080,1873
2938631,1871
2939182,1872
2939731,1872
2940281,1872
2940832,1872
2941382,1872
2941933,1873
2942484,1872
2943035,1871
2943585,1874
2944137,1872
2944688,1872
2945238,1872
2945787,1868
2946341,1872
2946892,1871
2947442,1872
2947991,1872
2948541,1873
2949092,1871
2949643,1872
2950194,1872
2950744,1872
2951294,1871
2951845,1872
2952395,1872
2952945,1872
2953495,1872
2954044,1869
2954594,1871
2955144,1873
2955695,1872
2956247,1872
2956797,1872
2957351,1870
2957900,1872
2958450,1872
2959001,1872
2959551,1873
2960102,1873
2960652,1872
2961205,1872
2961756,1872
2962307,1872
2962858,1872
2963408,1872
2963958,1872
2964508,1872
2965057,1871
2965607,1872
2966157,1872
2966707,1872
2967258,1870
2967811,1872
2968361,1872
2968912,1872
2969462,1871
2970013,1872
2970563,1872
2971114,1872
2971664,1872
2972214,1872
2972764,1872
2973318,1871
2973868,1872
2974418,1873
2974969,1869
2975520,1872
2976071,1872
2976621,1872
2977174,1872
2977724,1872
2978274,1872
2978825,1872
2979375,1872
2979926,1872
2980476,1873
2981028,1872
2981578,1872
2982128,1872
2982678,1873
2983229,1872
2983780,1872
2984334,1871
2984885,1872
2985435,1872
2985986,1872
2986536,1872
2987085,1872
2987635,1874
2988186,1871
2988737,1871
2989288,1872
2989838,1872
2990388,1872
2990939,1872
2991489,1872
2992039,1872
2992589,1871
2993139,1872
2993690,1871
2994240,1872
2994790,1872
2995344,1873
2995895,1872
2996446,1872
2996996,1872
2997546,1873
2998097,1872
2998648,1872
2999199,1872
2999749,1872
3000300,1873
3000851,1872
3001402,1872
3001953,1872
3002503,1873
3003054,1872
3003604,1872
3004154,1872
3004704,1872
3005255,1871
3005805,1872
3006358,1872
3006909,1872
3007459,1872
3008009,1871
3008559,1871
3009109,1872
3009659,1872
3010210,1872
3010759,1872
3011314,1872
3011865,1874
3012416,1872
3012966,1871
3013516,1872
3014066,1872
3014616,1873
3015168,1872
3015719,1874
3016271,1872
3016821,1872
3017371,1872
3017922,1875
3018473,1872
3019023,1873
3019574,1872
3020125,1872
3020676,1872
3021227,1872
3021777,1871
3022331,1872
3022882,1872
3023432,1871
3023982,1872
3024532,1872
3025083,1872
3025633,1872
3026183,1872
3026733,1872
3027283,1872
3027833,1873
3028384,1872
3028935,1872
3029485,1872
3030035,1872
3030585,1871
3031135,1872
3031685,1872
3032235,1870
3032785,1872
3033339,1872
3033890,1872
3034440,1872
3034990,1873
3035541,1872
3036092,1872
3036642,1872
3037193,1872
3037743,1873
3038293,1872
3038845,1872
3039395,1872
3039946,1872
3040496,1872
3041047,1872
3041597,1872
3042147,1872
3042696,1871
3043246,1872
3043797,1877
3044350,1872
3044902,1872
3045452,1872
3046002,1872
3046552,1872
3047102,1872
3047652,1873
3048204,1872
3048755,1872
3049304,1872
3049854,1872
3050404,1872
3050955,1872
3051505,1872
3052054,1872
3052604,1873
3053156,1872
3053706,1872
3054256,1869
3054810,1872
3055360,1871
3055911,1870
3056461,1872
3057011,1872
3057561,1870
3058111,1872
3058662,1872
3059212,1872
3059763,1872
3060315,1872
3060865,1872
3061415,1872
3061965,1872
3062515,1872
3063066,1872
3063616,1872
3064168,1873
3064718,1872
3065269,1871
3065819,1872
3066369,1872
3066920,1872
3067470,1871
3068021,1871
3068571,1872
3069122,1872
3069672,1872
3070222,1872
3070772,1872
3071326,1872
3071876,1873
3072427,1872
3072979,1872
3073529,1871
3074080,1872
3074630,1872
3075180,1872
3075730,1872
3076280,1872
3076831,1872
3077381,1874
3077931,1871
3078482,1872
3079033,1872
3079583,1872
3080134,1872
3080684,1873
3081234,1871
3081785,1872
3082339,1870
3082889,1872
3083439,1872
3083990,1872
3084540,1872
3085091,1873
3085641,1872
3086192,1869
3086742,1873
3087293,1872
3087845,1872
3088395,1872
3088944,1872
3089494,1872
3090044,1872
3090594,1872
3091144,1873
3091695,1872
3092246,1872
3092796,1872
3093350,1872
3093900,1872
3094450,1872
3095001,1875
3095552,1872
3096102,1872
3096652,1872
3097204,1872
3097754,1872
3098304,1872
3098854,1872
3099404,1872
3099954,1872
3100504,1872
3101055,1872
3101605,1873
3102156,1872
3102706,1872
3103257,1871
3103811,1872
3104362,1873
3104912,1872
3105463,1872
3106014,1872
3106564,1872
3107115,1872
3107666,1874
3108217,1873
3108766,1872
3109321,1872
3109872,1871
3110422,1872
3110972,1874
3111522,1874
3112073,1872
3112624,1873
3113175,1872
3113726,1872
3114277,1872
3114827,1873
3115378,1873
3115928,1872
3116479,1873
3117030,1873
3117580,1873
3118130,1872
3118682,1872
3119232,1870
3119783,1872
3120337,1872
3120887,1872
3121437,1872
3121987,1872
3122537,1872
3123088,1872
3123638,1871
3124188,1872
3124738,1872
3125288,1872
3125839,1872
3126389,1873
3126941,1872
3127492,1872
3128043,1872
3128593,1872
3129142,1872
3129692,1872
3130242,1872
3130792,1872
3131346,1872
3131896,1874
3132447,1874
3132997,1872
3133548,1872
3134098,1872
3134648,1873
3135200,1873
3135750,1872
3136302,1873
3136853,1872
3137404,1872
3137955,1872
3138505,1872
3139054,1873
3139605,1871
3140156,1872
3140706,1871
3141256,1872
3141810,1870
3142360,1872
3142911,1873
3143462,1872
3144013,1872
3144563,1871
3145113,1872
3145663,1873
3146215,1869
3146765,1872
3147319,1872
3147869,1873
3148420,1871
3148972,1872
3149522,1872
3150072,1872
3150622,1871
3151174,1872
3151724,1872
3152274,1872
3152825,1872
3153375,1872
3153925,1872
3154475,1872
3155026,1872
3155576,1871
3156125,1872
3156676,1872
3157227,1872
3157777,1872
3158331,1872
3158881,1871
3159431,1872
3159982,1872
3160532,1867
3161082,1872
3161632,1872
3162183,1870
3162732,1871
3163282,1872
3163832,1872
3164382,1872
3164933,1872
3165483,1873
3166034,1873
3166584,1872
3167135,1872
3167685,1872
3168235,1872
3168785,1872
3169339,1872
3169889,1872
3170439,1872
3170989,1872
3171539,1872
3172089,1872
3172639,1872
3173191,1872
3173742,1873
3174292,1871
3174844,1872
3175394,1873
3175946,1873
3176496,1872
3177046,1872
3177596,1872
3178146,1872
3178697,1872
3179246,1872
3179797,1872
3180351,1872
3180900,1872
3181450,1871
3182001,1872
3182551,1872
3183102,1872
3183652,1871
3184204,1872
3184755,1872
3185305,1872
3185854,1872
3186404,1872
3186954,1872
3187504,1871
3188055,1872
3188605,1872
3189156,1872
3189706,1871
3190256,1872
3190810,1871
3191360,1871
3191911,1871
3192461,1872
3193010,1872
3193560,1875
3194111,1872
3194663,1874
3195213,1871
3195764,1872
3196318,1874
3196870,1872
3197421,1872
3197972,1872
3198522,1872
3199071,1872
3199621,1872
3200174,1872
3200724,1871
3201274,1872
3201824,1875
3202375,1872
3202927,1872
3203477,1872
3204028,1872
3204578,1872
3205129,1872
3205678,1871
3206228,1872
3206778,1872
3207332,1873
3207883,1872
3208435,1871
3208984,1872
3209534,1873
3210085,1873
3210635,1871
3211187,1872
3211737,1874
3212289,1873
3212840,1872
3213391,1872
3213941,1872
3214491,1873
3215042,1872
3215593,1871
3216144,1871
3216694,1872
3217244,1872
3217794,1872
3218349,1871
3218899,1872
3219449,1870
3220000,1872
3220550,1874
3221100,1872
3221651,1871
3222203,1872
3222752,1871
3223302,1872
3223852,1872
3224402,1872
3224953,1872
3225503,1871
3226053,1872
3226603,1872
3227153,1872
3227703,1871
3228253,1872
3228804,1872
3229357,1872
3229907,1872
3230457,1872
3231008,1872
3231558,1872
3232108,1872
3232658,1872
3233209,1872
3233759,1871
3234314,1872
3234865,1872
3235415,1871
3235965,1872
3236515,1872
3237065,1872
3237615,1871
3238167,1872
3238717,1872
3239267,1872
3239818,1872
3240368,1872
3240919,1872
3241469,1872
3242020,1872
3242570,1873
3243122,1869
3243672,1872
3244222,1873
3244773,1872
3245329,1871
3245879,1872
3246429,1872
3246979,1872
3247529,1872
3248080,1872
3248629,1871
3249181,1872
3249730,1872
3250281,1872
3250831,1871
3251381,1872
3251930,1869
3252480,1873
3253031,1872
3253582,1873
3254134,1872
3254684,1872
3255234,1872
3255784,1872
3256338,1872
3256888,1875
3257439,1872
3257990,1872
3258540,1872
3259090,1872
3259640,1870
3260191,1874
3260743,1872
3261294,1872
3261844,1873
3262395,1874
3262945,1872
3263496,1871
3264046,1873
3264597,1873
3265147,1872
3265698,1872
3266248,1872
3266798,1872
3267353,1872
3267902,1872
3268452,1872
3269002,1872
3269552,1872
3270102,1872
3270652,1872
3271203,1872
3271754,1873
3272304,1873
3272855,1872
3273405,1871
3273955,1872
3274505,1871
3275056,1871
3275606,1872
3276156,1873
3276707,1872
3277258,1871
3277811,1872
3278362,1872
3278913,1872
3279463,1872
3280014,1872
3280564,1872
3281115,1872
3281666,1872
3282216,1872
3282766,1872
3283320,1871
3283870,1872
3284420,1872
3284970,1872
3285520,1872
3286070,1872
3286620,1872
3287173,1872
3287723,1873
3288274,1872
3288825,1873
3289376,1873
3289926,1872
3290477,1872
3291028,1872
3291578,1872
3292129,1873
3292679,1872
3293230,1870
3293780,1872
3294335,1871
3294885,1872
3295435,1871
3295986,1872
3296536,1872
3297087,1872
3297637,1870
3298187,1872
3298737,1872
3299287,1872
3299838,1872
3300388,1872
3300939,1873
3301490,1873
3302040,1872
3302591,1874
3303143,1871
3303693,1872
3304244,1872
3304794,1872
3305350,1872
3305900,1872
3306450,1872
3307000,1874
3307551,1870
3308103,1873
3308654,1872
3309209,1872
3309758,1872
3310313,1872
3310864,1873
3311415,1872
3311966,1872
3312516,1873
3313066,1872
3313618,1872
3314172,1873
3314723,1874
3315273,1872
3315825,1872
3316375,1872
3316926,1871
3317476,1872
3318026,1872
3318576,1872
3319126,1871
3319677,1872
3320226,1870
3320777,1872
3321331,1871
3321881,1871
3322431,1872
3322981,1872
3323531,1872
3324082,1872
3324632,1870
3325182,1871
3325732,1872
3326282,1872
3326832,1872
3327382,1872
3327933,1872
3328483,1872
3329034,1873
3329585,1872
3330135,1872
3330685,1872
3331235,1872
3331785,1872
3332339,1872
3332889,1872
3333439,1872
3333989,1871
3334539,1872
3335089,1872
3335639,1870
3336191,1872
3336741,1872
3337291,1872
3337841,1872
3338391,1872
3338941,1872
3339491,1872
3340041,1872
3340591,1872
3341142,1871
3341691,1872
3342241,1872
3342791,1872
3343345,1873
3343896,1872
3344448,1872
3344997,1872
3345547,1872
3346097,1872
3346647,1871
3347199,1872
3347749,1872
3348299,1872
3348849,1872
3349399,1872
3349949,1871
3350499,1872
3351049,1876
3351600,1872
3352151,1872
3352702,1872
3353251,1872
3353801,1872
3354355,1872
3354906,1875
3355456,1872
3356007,1872
3356557,1872
3357108,1872
3357658,1875
3358210,1871
3358760,1872
3359315,1872
3359864,1872
3360414,1874
3360966,1872
3361517,1872
3362068,1873
3362618,1873
3363173,1874
3363724,1874
3364273,1872
3364825,1872
3365375,1872
3365925,1872
3366475,1874
3367026,1872
3367578,1872
3368128,1872
3368678,1872
3369228,1874
3369779,1872
3370335,1873
3370886,1872
3371436,1872
3371987,1872
3372537,1872
3373087,1872
3373637,1871
3374189,1872
3374739,1872
3375290,1872
3375839,1873
3376390,1872
3376942,1872
3377492,1872
3378042,1872
3378592,1872
3379141,1873
3379692,1872
3380244,1872
3380793,1872
3381349,1871
3381899,1873
3382450,1872
3383001,1872
3383551,1872
3384102,1872
3384652,1874
3385204,1873
3385753,1872
3386304,1872
3386855,1872
3387405,1872
3387956,1872
3388506,1872
3389057,1871
3389607,1872
3390156,1872
3390706,1872
3391256,1872
3391810,1872
3392360,1872
3392911,1873
3393461,1871
3394013,1872
3394563,1872
3395113,1873
3395664,1873
3396214,1872
3396765,1872
3397319,1873
3397871,1873
3398421,1873
3398972,1872
3399523,1873
3400074,1872
3400624,1871
3401176,1873
3401726,1873
3402276,1873
3402827,1872
3403378,1872
3403928,1872
3404478,1872
3405028,1873
3405579,1874
3406130,1872
3406681,1872
3407231,1871
3407780,1872
3408335,1872
3408885,1873
3409435,1875
3409986,1872
3410537,1872
3411087,1872
3411637,1871
3412187,1872
3412737,1874
3413288,1872
3413839,1870
3414389,1872
3414940,1872
3415490,1872
3416041,1872
3416591,1872
3417142,1871
3417692,1872
3418243,1872
3418792,1872
3419346,1872
3419896,1871
3420446,1872
3420997,1872
3421547,1872
3422097,1872
3422647,1872
3423199,1872
3423749,1873
3424299,1874
3424850,1872
3425401,1872
3425950,1872
3426500,1872
3427050,1872
3427600,1873
3428152,1872
3428702,1875
3429254,1871
3429804,1872
3430358,1871
3430907,1872
3431457,1872
3432008,1872
3432558,1872
3433108,1872
3433658,1872
3434209,1872
3434759,1874
3435314,1873
3435864,1873
3436414,1872
3436966,1874
3437517,1872
3438067,1872
3438617,1872
3439172,1873
3439723,1872
3440274,1872
3440825,1872
3441375,1872
3441926,1873
3442477,1872
3443027,1872
3443578,1872
3444128,1871
3444678,1872
3445228,1872
3445778,1873
3446333,1873
3446883,1872
3447435,1872
3447985,1872
3448535,1873
3449085,1872
3449637,1872
3450188,1872
3450738,1871
3451289,1872
3451840,1873
3452391,1871
3452941,1872
3453491,1872
3454041,1872
3454591,1873
3455142,1872
3455693,1872
3456243,1872
3456793,1872
3457348,1872
3457899,1872
3458449,1872
3459000,1872
3459550,1872
3460099,1872
3460649,1872
3461201,1872
3461750,1871
3462300,1872
3462851,1872
3463401,1872
3463950,1874
3464501,1873
3465050,1874
3465600,1872
3466152,1872
3466702,1871
3467253,1872
3467804,1872
3468358,1872
3468907,1872
3469457,1872
3470008,1872
3470558,1872
3471109,1872
3471659,1872
3472210,1872
3472759,1872
3473314,1872
3473865,1872
3474415,1872
3474965,1871
3475515,1872
3476064,1872
3476614,1872
3477166,1872
3477715,1873
3478266,1872
3478817,1874
3479368,1873
3479919,1872
3480469,1871
3481020,1871
3481570,1872
3482120,1871
3482670,1872
3483220,1872
3483770,1872
3484325,1872
3484875,1872
3485425,1872
3485975,1876
3486526,1872
3487078,1872
3487628,1872
3488179,1872
3488729,1875
3489280,1871
3489831,1872
3490381,1871
3490931,1872
3491481,1872
3492031,1873
3492582,1872
3493133,1872
3493683,1872
3494233,1873
3494784,1872
3495339,1871
3495889,1874
3496440,1872
3496991,1872
3497542,1872
3498091,1872
3498641,1872
3499192,1872
3499743,1874
3500294,1872
3500845,1872
3501395,1871
3501946,1871
3502496,1872
3503047,1872
3503597,1872
3504146,1874
3504697,1873
3505248,1872
3505798,1872
3506353,1874
3506903,1870
3507454,1872
3508004,1872
3508554,1872
3509104,1872
3509654,1872
3510208,1872
3510757,1872
3511311,1872
3511861,1873
3512412,1873
3512962,1873
3513512,1872
3514064,1872
3514614,1872
3515165,1875
3515716,1872
3516267,1874
3516819,1872
3517369,1872
3517920,1872
3518470,1873
3519021,1872
3519573,1872
3520122,1872
3520672,1871
3521222,1872
3521773,1873
3522328,1872
3522879,1870
3523429,1872
3523979,1872
3524529,1872
3525079,1872
3525629,1872
3526180,1874
3526731,1872
3527282,1872
3527832,1872
3528382,1872
3528933,1870
3529483,1872
3530034,1872
3530584,1872
3531135,1872
3531685,1871
3532235,1875
3532786,1872
3533341,1872
3533892,1872
3534442,1872
3534992,1872
3535542,1874
3536093,1872
3536645,1872
3537195,1876
3537747,1872
3538298,1873
3538848,1872
3539399,1872
3539950,1872
3540500,1873
3541051,1872
3541603,1872
3542153,1872
3542703,1873
3543254,1869
3543805,1871
3544359,1872
3544908,1872
3545458,1872
3546009,1871
3546559,1872
3547110,1872
3547660,1872
3548210,1873
3548762,1874
3549314,1872
3549866,1871
3550416,1872
3550967,1872
3551517,1872
3552068,1872
3552618,1872
3553172,1872
3553723,1872
3554273,1872
3554823,1872
3555373,1872
3555923,1873
3556474,1873
3557024,1872
3557575,1872
3558125,1872
3558676,1873
3559226,1873
3559777,1871
3560331,1872
3560881,1873
3561432,1873
3561983,1873
3562533,1873
3563083,1872
3563634,1872
3564185,1873
3564736,1872
3565287,1872
3565838,1872
3566388,1872
3566938,1872
3567488,1872
3568038,1875
3568589,1872
3569140,1874
3569691,1873
3570241,1872
3570792,1872
3571346,1872
3571897,1872
3572447,1874
3572997,1872
3573549,1872
3574098,1872
3574648,1872
3575200,1872
3575750,1872
3576301,1872
3576851,1872
3577402,1872
3577952,1872
3578501,1872
3579051,1872
3579601,1872
3580151,1873
3580702,1872
3581254,1872
3581804,1872
3582357,1872
3582907,1872
3583457,1872
3584007,1872
3584557,1872
3585107,1873
3585658,1872
3586210,1871
3586760,1873
3587316,1875
3587866,1872
3588416,1872
3588967,1873
3589518,1871
3590069,1873
3590619,1872
3591173,1872
3591723,1872
3592274,1875
3592825,1871
3593375,1873
3593926,1872
3594477,1874
3595028,1872
3595579,1872
3596129,1871
3596679,1872
3597229,1873
3597780,1871
3598335,1872
3598886,1873
3599437,1875
3599987,1872
3600538,1873
3601090,1872
3601641,1872
3602192,1874
3602743,1872
3603294,1874
3603845,1872
3604396,1872
3604947,1873
3605497,1872
3606049,1872
3606599,1872
3607149,1872
3607699,1874
3608250,1872
3608801,1874
3609355,1872
3609907,1872
3610457,1872
3611007,1872
3611557,1872
3612108,1872
3612658,1873
3613209,1873
3613759,1874
3614314,1871
3614866,1872
3615416,1873
3615967,1872
3616518,1872
3617068,1871
3617618,1872
3618172,1872
3618723,1874
3619274,1872
3619825,1872
3620375,1872
3620926,1872
3621476,1871
3622027,1872
3622577,1872
3623128,1873
3623678,1870
3624229,1870
3624779,1872
3625333,1872
3625883,1875
3626434,1872
3626986,1871
3627536,1871
3628085,1872
3628635,1872
3629185,1871
3629735,1874
3630287,1872
3630838,1874
3631388,1872
3631939,1875
3632490,1873
3633041,1871
3633592,1872
3634142,1872
3634692,1874
3635244,1872
3635794,1871
3636349,1872
3636899,1872
3637450,1872
3637999,1872
3638549,1872
3639099,1871
3639649,1874
3640200,1871
3640751,1873
3641302,1874
3641852,1872
3642403,1870
3642953,1872
3643503,1873
3644055,1872
3644606,1872
3645156,1872
3645705,1872
3646255,1872
3646805,1872
3647358,1871
3647908,1873
3648459,1869
3649011,1874
3649562,1872
3650112,1872
3650663,1872
3651213,1872
3651763,1872
3652317,1873
3652868,1872
3653419,1872
3653969,1874
3654520,1872
3655071,1872
3655621,1872
3656174,1872
3656724,1872
3657275,1872
3657825,1871
3658375,1872
3658926,1871
3659476,1872
3660027,1872
3660577,1872
3661128,1873
3661678,1872
3662230,1872
3662779,1872
3663333,1873
3663885,1871
3664435,1875
3664986,1872
3665537,1874
3666087,1872
3666638,1870
3667190,1872
3667740,1872
3668291,1873
3668841,1872
3669392,1872
3669942,1872
3670492,1874
3671044,1872
3671594,1872
3672144,1871
3672694,1872
3673244,1872
3673794,1872
3674350,1872
3674900,1872
3675450,1872
3676001,1872
3676551,1872
3677102,1872
3677652,1872
3678204,1873
3678755,1873
3679305,1872
3679855,1873
3680406,1873
3680957,1872
3681507,1872
3682057,1872
3682607,1873
3683158,1872
3683709,1872
3684260,1872
3684811,1873
3685362,1872
3685913,1872
3686463,1875
3687014,1873
3687565,1872
3688116,1872
3688666,1871
3689219,1871
3689770,1872
3690324,1871
3690875,1872
3691425,1872
3691975,1872
3692525,1872
3693075,1872
3693625,1872
3694177,1871
3694728,1872
3695277,1872
3695828,1872
3696378,1873
3696929,1873
3697479,1871
3698030,1872
3698580,1873
3699132,1875
3699682,1872
3700233,1871
3700784,1872
3701338,1872
3701888,1872
3702438,1873
3702989,1872
3703540,1872
3704090,1872
3704640,1869
3705191,1871
3705741,1872
3706292,1870
3706842,1873
3707393,1872
3707944,1872
3708494,1872
3709044,1874
3709595,1872
3710146,1869
3710696,1871
3711247,1872
3711797,1872
3712350,1872
3712901,1871
3713451,1872
3714001,1872
3714551,1871
3715102,1872
3715652,1872
3716204,1872
3716754,1872
3717305,1873
3717855,1872
3718406,1872
3718956,1872
3719507,1872
3720057,1872
3720607,1872
3721157,1873
3721709,1872
3722260,1871
3722811,1871
3723361,1872
3723912,1872
3724462,1872
3725013,1872
3725563,1873
3726114,1872
3726665,1873
3727217,1873
3727767,1872
3728322,1872
3728872,1871
3729422,1872
3729973,1871
3730523,1872
3731073,1871
3731623,1872
3732174,1873
3732725,1872
3733276,1871
3733826,1871
3734376,1872
3734926,1872
3735476,1872
3736027,1872
3736577,1873
3737128,1872
3737678,1872
3738228,1872
3738778,1872
3739332,1872
3739882,1872
3740432,1871
3740983,1872
3741533,1872
3742083,1872
3742633,1872
3743183,1872
3743733,1872
3744283,1872
3744833,1872
3745383,1872
3745933,1873
3746485,1873
3747034,1873
3747584,1872
3748136,1873
3748686,1873
3749236,1872
3749787,1872
3750342,1871
3750891,1873
3751442,1872
3751994,1872
3752544,1872
3753094,1872
3753644,1872
3754196,1872
3754746,1871
3755297,1872
3755846,1872
3756396,1872
3756947,1872
3757497,1872
3758048,1873
3758598,1872
3759149,1873
3759701,1872
3760252,1872
3760803,1873
3761357,1871
3761908,1872
3762458,1873
3763010,1872
3763561,1875
3764111,1873
3764662,1873
3765212,1872
3765763,1873
3766318,1871
3766870,1872
3767420,1872
3767969,1873
3768520,1872
3769072,1871
3769622,1872
3770174,1872
3770723,1873
3771274,1873
3771824,1872
3772375,1872
3772926,1872
3773476,1872
3774026,1873
3774577,1872
3775128,1872
3775678,1872
3776228,1872
3776778,1873
3777333,1872
3777885,1873
3778436,1872
3778986,1871
3779537,1872
3780087,1872
3780637,1872
3781188,1872
3781738,1872
3782288,1872
3782838,1871
3783388,1872
3783939,1872
3784489,1873
3785041,1872
3785591,1874
3786142,1872
3786693,1872
3787243,1872
3787793,1872
3788349,1870
3788899,1872
3789449,1873
3790000,1872
3790551,1871
3791102,1872
3791652,1872
3792204,1874
3792755,1872
3793306,1874
3793856,1874
3794406,1872
3794957,1872
3795507,1873
3796059,1874
3796609,1872
3797159,1874
3797711,1871
3798262,1870
3798812,1872
3799362,1872
3799912,1874
3800463,1875
3801014,1873
3801564,1872
3802115,1873
3802666,1873
3803219,1872
3803770,1874
3804325,1872
3804877,1872
3805427,1873
3805977,1872
3806529,1873
3807080,1871
3807631,1872
3808182,1871
3808731,1873
3809283,1872
3809833,1872
3810383,1874
3810935,1870
3811485,1874
3812036,1872
3812587,1872
3813137,1872
3813688,1872
3814238,1872
3814787,1872
3815342,1871
3815891,1872
3816441,1875
3816993,1871
3817543,1872
3818094,1872
3818644,1872
3819195,1872
3819744,1872
3820294,1872
3820845,1873
3821395,1872
3821946,1874
3822497,1873
3823048,1870
3823598,1872
3824149,1872
3824699,1872
3825249,1871
3825799,1872
3826353,1872
3826904,1872
3827454,1873
3828004,1871
3828555,1873
3829107,1873
3829657,1873
3830207,1872
3830758,1872
3831313,1872
3831864,1872
3832414,1872
3832963,1872
3833514,1872
3834063,1872
3834613,1871
3835164,1873
3835716,1872
3836266,1872
3836817,1872
3837367,1872
3837917,1872
3838467,1872
3839018,1871
3839568,1872
3840119,1873
3840669,1875
3841219,1875
3841770,1872
3842324,1872
3842875,1873
3843426,1873
3843976,1873
3844526,1873
3845076,1872
3845627,1871
3846178,1872
3846728,1873
3847280,1872
3847831,1872
3848381,1873
3848933,1872
3849483,1872
3850034,1878
3850585,1872
3851135,1872
3851685,1872
3852235,1871
3852785,1872
3853339,1872
3853889,1872
3854439,1872
3854989,1871
3855539,1873
3856090,1872
3856641,1872
3857192,1874
3857743,1872
3858295,1873
3858846,1872
3859396,1871
3859946,1872
3860496,1872
3861047,1871
3861597,1872
3862148,1872
3862698,1872
3863248,1874
3863799,1872
3864355,1873
3864905,1872
3865456,1874
3866008,1872
3866559,1873
3867109,1872
3867660,1871
3868211,1872
3868760,1872
3869314,1872
3869865,1872
3870415,1872
3870965,1869
3871515,1871
3872065,1872
3872615,1872
3873167,1872
3873717,1872
3874267,1872
3874818,1872
3875368,1872
3875917,1872
3876467,1872
3877017,1872
3877567,1873
3878118,1873
3878670,1872
3879220,1870
3879770,1872
3880324,1873
3880875,1872
3881426,1872
3881976,1873
3882527,1872
3883079,1872
3883629,1871
3884180,1872
3884730,1872
3885281,1872
3885832,1873
3886382,1872
3886933,1872
3887483,1872
3888033,1871
3888583,1870
3889134,1872
3889684,1872
3890235,1872
3890785,1871
3891339,1873
3891890,1872
3892441,1872
3892991,1871
3893541,1874
3894092,1872
3894643,1872
3895194,1872
3895744,1872
3896295,1872
3896845,1872
3897395,1872
3897946,1872
3898496,1869
3899047,1872
3899597,1872
3900148,1873
3900698,1872
3901250,1870
3901799,1872
3902353,1874
3902904,1872
3903455,1872
3904006,1872
3904556,1874
3905107,1872
3905657,1873
3906208,1871
3906759,1875
3907314,1873
3907864,1873
3908414,1873
3908965,1873
3909514,1873
3910064,1872
3910615,1872
3911167,1874
3911717,1874
3912267,1871
3912818,1873
3913369,1872
3913920,1872
3914470,1872
3915021,1872
3915571,1872
3916122,1875
3916672,1872
3917223,1873
3917774,1876
3918329,1873
3918880,1873
3919430,1872
3919981,1872
3920531,1872
3921082,1872
3921632,1873
3922182,1872
3922733,1872
3923283,1873
3923835,1872
3924385,1872
3924935,1873
3925486,1870
3926038,1871
3926588,1872
3927138,1871
3927689,1872
3928239,1872
3928790,1872
3929344,1872
3929895,1872
3930445,1872
3930995,1872
3931545,1872
3932095,1872
3932645,1872
3933196,1872
3933746,1872
3934296,1874
3934848,1873
3935398,1872
3935948,1871
3936498,1872
3937048,1873
3937599,1872
3938151,1872
3938702,1873
3939253,1874
3939803,1872
3940357,1872
3940907,1874
3941458,1872
3942009,1872
3942559,1873
3943110,1872
3943662,1871
3944212,1872
3944763,1872
3945315,1874
3945867,1873
3946417,1872
3946968,1873
3947519,1872
3948071,1872
3948621,1872
3949174,1872
3949724,1873
3950276,1872
3950826,1872
3951376,1872
3951926,1872
3952476,1872
3953027,1869
3953577,1871
3954128,1872
3954677,1872
3955227,1872
3955777,1872
3956331,1872
3956881,1871
3957431,1872
3957981,1871
3958531,1872
3959081,1871
3959631,1872
3960183,1872
3960733,1872
3961283,1871
3961833,1872
3962383,1872
3962933,1873
3963484,1872
3964035,1872
3964585,1872
3965136,1872
3965686,1871
3966237,1874
3966787,1871
3967342,1871
3967893,1872
3968443,1873
3968993,1872
3969545,1870
3970094,1872
3970644,1873
3971195,1872
3971746,1872
3972296,1876
3972848,1874
3973398,1872
3973948,1876
3974499,1872
3975050,1872
3975600,1872
3976150,1872
3976700,1872
3977251,1872
3977800,1872
3978354,1873
3978904,1872
3979455,1872
3980006,1872
3980556,1871
3981105,1872
3981655,1872
3982207,1872
3982757,1873
3983311,1872
3983862,1872
3984412,1872
3984963,1872
3985513,1872
3986063,1872
3986613,1869
3987164,1873
3987716,1872
3988267,1872
3988817,1872
3989367,1872
3989917,1874
3990467,1872
3991019,1875
3991570,1872
3992121,1872
3992671,1872
3993221,1872
3993771,1872
3994325,1872
3994876,1872
3995426,1872
3995976,1872
3996526,1872
3997077,1871
3997626,1871
3998178,1872
3998729,1873
3999280,1872
3999830,1872
4000380,1872
4000931,1873
4001482,1872
4002033,1873
4002584,1873
4003134,1872
4003685,1875
4004237,1872
4004787,1872
4005341,1872
4005892,1872
4006442,1874
4006994,1873
4007544,1873
4008094,1873
4008645,1872
4009195,1874
4009746,1873
4010296,1874
4010846,1872
4011397,1872
4011947,1872
4012497,1872
4013048,1872
4013598,1872
4014149,1872
4014699,1872
4015249,1874
4015801,1872
4016355,1872
4016906,1872
4017456,1872
4018006,1873
4018557,1872
4019109,1872
4019659,1871
4020209,1872
4020759,1872
4021314,1872
4021865,1872
4022415,1876
4022967,1874
4023517,1873
4024068,1872
4024618,1872
4025173,1872
4025722,1873
4026273,1872
4026825,1872
4027375,1872
4027925,1872
4028475,1871
4029026,1873
4029577,1868
4030128,1873
4030678,1874
4031228,1872
4031779,1872
4032333,1875
4032885,1873
4033435,1872
4033987,1872
4034537,1872
4035088,1871
4035638,1872
4036188,1872
4036738,1872
4037288,1872
4037839,1872
4038389,1871
4038940,1873
4039490,1872
4040041,1872
4040592,1872
4041141,1874
4041692,1872
4042244,1872
4042793,1873
4043348,1872
4043899,1872
4044449,1872
4045000,1872
4045550,1872
4046101,1873
4046652,1872
4047204,1873
4047755,1872
4048306,1873
4048857,1873
4049407,1872
4049959,1872
4050509,1872
4051059,1873
4051610,1872
4052162,1872
4052712,1874
4053263,1872
4053814,1872
4054364,1872
4054914,1872
4055464,1872
4056014,1872
4056564,1872
4057114,1872
4057664,1871
4058214,1872
4058764,1873
4059319,1874
4059870,1872
4060421,1872
4060972,1872
4061522,1872
4062072,1872
4062622,1872
4063175,1873
4063725,1871
4064276,1874
4064828,1872
4065378,1874
4065929,1872
4066480,1872
4067030,1872
4067580,1872
4068130,1872
4068681,1874
4069232,1872
4069783,1872
4070337,1873
4070888,1872
4071438,1872
4071989,1872
4072539,1875
4073090,1872
4073641,1872
4074192,1872
4074743,1872
4075293,1871
4075842,1872
4076392,1872
4076942,1872
4077492,1872
4078042,1872
4078592,1872
4079143,1872
4079693,1875
4080244,1872
4080796,1871
4081350,1874
4081900,1872
4082451,1873
4083003,1873
4083553,1872
4084104,1872
4084654,1873
4085208,1872
4085759,1876
4086314,1872
4086865,1873
4087416,1872
4087968,1873
4088519,1872
4089069,1872
4089619,1872
4090174,1871
4090724,1872
4091274,1872
4091824,1872
4092374,1872
4092924,1869
4093475,1872
4094024,1873
4094576,1873
4095125,1871
4095676,1872
4096226,1872
4096777,1871
4097331,1872
4097882,1872
4098432,1872
4098983,1872
4099533,1873
4100083,1867
4100634,1870
4101185,1872
4101736,1872
4102287,1873
4102837,1872
4103389,1873
4103940,1873
4104490,1872
4105040,1873
4105591,1874
4106142,1872
4106692,1872
4107242,1872
4107792,1872
4108346,1872
4108896,1872
4109446,1872
4109996,1872
4110546,1872
4111096,1873
4111647,1874
4112199,1872
4112750,1872
4113300,1872
4113851,1872
4114401,1872
4114952,1872
4115502,1872
4116052,1872
4116602,1872
4117152,1873
4117703,1872
4118254,1869
4118804,1872
4119357,1872
4119908,1872
4120458,1872
4121009,1873
4121560,1872
4122110,1874
4122661,1873
4123212,1872
4123763,1872
4124315,1873
4124866,1872
4125417,1872
4125967,1872
4126517,1872
4127068,1872
4127618,1872
4128173,1872
4128723,1872
4129274,1873
4129825,1872
4130375,1872
4130926,1873
4131476,1871
4132027,1872
4132577,1872
4133128,1873
4133678,1872
4134229,1872
4134779,1872
4135333,1872
4135883,1872
4136433,1871
4136984,1872
4137534,1870
4138085,1872
4138635,1869
4139186,1872
4139736,1873
4140287,1875
4140838,1872
4141388,1872
4141939,1872
4142489,1872
4143040,1872
4143590,1872
4144141,1872
4144690,1872
4145240,1871
4145790,1872
4146344,1872
4146894,1872
4147444,1872
4147994,1872
4148544,1872
4149095,1872
4149645,1873
4150197,1872
4150747,1872
4151297,1872
4151847,1873
4152398,1875
4152948,1872
4153499,1872
4154049,1872
4154599,1873
4155150,1872
4155702,1872
4156251,1872
4156801,1873
4157355,1872
4157907,1873
4158457,1872
4159008,1872
4159558,1874
4160109,1872
4160660,1872
4161210,1872
4161760,1872
4162315,1872
4162865,1872
4163415,1870
4163965,1873
4164517,1872
4165068,1872
4165618,1872
4166172,1872
4166723,1872
4167274,1872
4167825,1872
4168375,1872
4168925,1872
4169475,1872
4170025,1872
4170575,1872
4171125,1872
4171676,1872
4172226,1872
4172777,1873
4173331,1872
4173882,1872
4174432,1873
4174983,1872
4175534,1872
4176085,1872
4176635,1871
4177186,1872
4177736,1873
4178287,1872
4178838,1872
4179388,1872
4179939,1872
4180489,1872
4181040,1872
4181590,1872
4182141,1872
4182690,1872
4183241,1872
4183791,1872
4184345,1872
4184896,1872
4185446,1872
4185996,1873
4186547,1871
4187099,1872
4187649,1874
4188201,1872
4188751,1873
4189302,1872
4189853,1872
4190403,1872
4190953,1872
4191503,1872
4192053,1873
4192604,1873
4193155,1872
4193705,1872
4194255,1874
4194810,1871
4195362,1872
4195913,1872
4196463,1872
4197014,1872
4197564,1873
4198115,1873
4198665,1872
4199216,1872
4199766,1872
4200320,1872
4200870,1872
4201420,1872
4201970,1872
4202520,1872
4203070,1872
4203620,1873
4204174,1872
4204725,1872
4205275,1870
4205825,1871
4206376,1871
4206925,1872
4207475,1872
4208025,1871
4208575,1873
4209126,1873
4209676,1873
4210227,1871
4210777,1872
4211331,1872
4211882,1873
4212433,1872
4212983,1873
4213534,1872
4214086,1871
4214636,1872
4215187,1872
4215737,1872
4216287,1870
4216838,1872
4217388,1872
4217939,1872
4218489,1872
4219039,1873
4219590,1873
4220141,1872
4220691,1872
4221242,1872
4221792,1871
4222346,1872
4222896,1871
4223446,1872
4223997,1874
4224547,1872
4225098,1872
4225648,1872
4226199,1874
4226750,1872
4227302,1873
4227853,1872
4228404,1873
4228955,1874
4229505,1872
4230057,1871
4230607,1872
4231158,1873
4231709,1872
4232260,1871
4232811,1874
4233361,1872
4233913,1872
4234463,1872
4235014,1873
4235564,1872
4236115,1872
4236665,1874
4237217,1872
4237767,1872
4238321,1876
4238873,1872
4239423,1873
4239975,1872
4240526,1873
4241076,1871
4241627,1872
4242179,1873
4242729,1874
4243280,1872
4243831,1872
4244381,1872
4244930,1872
4245480,1872
4246030,1872
4246580,1872
4247130,1873
4247681,1872
4248232,1873
4248784,1871
4249338,1872
4249888,1872
4250438,1872
4250989,1872
4251539,1872
4252089,1872
4252639,1871
4253190,1872
4253739,1872
4254289,1872
4254839,1872
4255389,1872
4255940,1872
4256490,1872
4257041,1872
4257591,1873
4258143,1872
4258693,1872
4259243,1872
4259793,1872
4260349,1872
4260899,1872
4261449,1872
4262000,1873
4262551,1872
4263102,1873
4263652,1871
4264205,1872
4264755,1872
4265306,1872
4265855,1872
4266405,1871
4266955,1872
4267505,1872
4268056,1872
4268606,1872
4269155,1870
4269705,1872
4270255,1871
4270805,1872
4271358,1873
4271909,1872
4272460,1872
4273010,1872
4273561,1872
4274110,1872
4274660,1873
4275212,1872
4275763,1872
4276315,1875
4276866,1872
4277417,1872
4277967,1873
4278518,1873
4279068,1872
4279619,1872
4280173,1873
4280724,1869
4281274,1872
4281825,1873
4282375,1872
4282926,1872
4283476,1869
4284027,1872
4284577,1872
4285128,1872
4285677,1872
4286227,1873
4286778,1872
4287333,1872
4287883,1872
4288433,1872
4288984,1872
4289534,1872
4290084,1872
4290634,1872
4291185,1875
4291736,1872
4292287,1872
4292838,1872
4293388,1872
4293939,1872
4294489,1872
4295039,1872
4295589,1872
4296139,1872
4296689,1874
4297241,1872
4297791,1875
4298346,1872
4298898,1872
4299448,1872
4299997,1873
4300548,1872
4301100,1872
4301650,1872
4302201,1872
4302751,1872
4303301,1872
4303852,1872
4304402,1871
4304953,1873
4305504,1872
4306054,1872
4306604,1872
4307155,1871
4307704,1872
4308255,1870
4308805,1870
4309358,1871
4309909,1872
4310459,1872
4311009,1871
4311559,1872
4312110,1873
4312661,1872
4313211,1872
4313762,1872
4314314,1872
4314865,1873
4315415,1871
4315967,1872
4316517,1872
4317068,1872
4317618,1872
4318172,1873
4318723,1872
4319275,1872
4319826,1873
4320377,1872
4320928,1872
4321478,1871
4322029,1870
4322579,1872
4323129,1872
4323679,1872
4324230,1870
4324780,1872
4325334,1872
4325885,1872
4326435,1872
4326984,1872
4327534,1873
4328085,1872
4328636,1872
4329187,1872
4329737,1873
4330289,1872
4330840,1872
4331390,1872
4331941,1872
4332491,1872
4333041,1872
4333591,1873
4334143,1872
4334693,1872
4335243,1872
4335793,1872
4336349,1872
4336898,1871
4337448,1871
4337998,1873
4338549,1872
4339100,1872
4339650,1868
4340202,1872
4340751,1872
4341302,1872
4341853,1872
4342403,1871
4342953,1871
4343503,1873
4344055,1872
4344605,1872
4345156,1872
4345706,1870
4346256,1872
4346810,1872
4347360,1872
4347910,1872
4348460,1873
4349011,1873
4349561,1872
4350113,1871
4350662,1872
4351212,1872
4351762,1872
4352315,1872
4352866,1872
4353416,1873
4353967,1871
4354518,1873
4355070,1872
4355620,1872
4356173,1872
4356723,1872
4357274,1873
4357824,1873
4358374,1872
4358925,1872
4359475,1873
4360027,1872
4360578,1872
4361129,1872
4361679,1872
4362229,1871
4362780,1872
4363334,1872
4363884,1872
4364434,1872
4364984,1872
4365534,1872
4366084,1872
4366634,1872
4367185,1872
4367736,1872
4368286,1872
4368835,1872
4369386,1872
4369935,1875
4370486,1872
4371037,1872
4371587,1872
4372137,1872
4372687,1872
4373237,1872
4373787,1872
4374341,1872
4374891,1872
4375441,1872
4375991,1873
4376542,1875
4377092,1873
4377642,1872
4378193,1871
4378743,1873
4379293,1873
4379843,1872
4380395,1873
4380946,1872
4381497,1872
4382048,1872
4382598,1872
4383149,1872
4383699,1873
4384250,1873
4384800,1872
4385355,1872
4385905,1872
4386455,1872
4387006,1872
4387556,1871
4388107,1872
4388657,1869
4389207,1872
4389757,1873
4390313,1871
4390864,1875
4391414,1872
4391965,1872
4392515,1875
4393067,1872
4393618,1872
4394173,1871
4394723,1874
4395275,1872
4395825,1871
4396376,1872
4396925,1872
4397475,1872
4398025,1872
4398575,1872
4399125,1872
4399675,1872
4400226,1872
4400777,1872
4401331,1872
4401881,1872
4402431,1872
4402981,1872
4403531,1872
4404081,1872
4404631,1872
4405182,1870
4405732,1872
4406282,1871
4406833,1871
4407383,1871
4407933,1872
4408483,1871
4409034,1872
4409584,1872
4410135,1871
4410684,1872
4411234,1872
4411784,1872
4412338,1873
4412889,1872
4413440,1872
4413990,1872
4414540,1872
4415090,1872
4415640,1872
4416191,1873
4416743,1873
4417293,1872
4417844,1871
4418395,1872
4418945,1872
4419495,1869
4420046,1872
4420596,1872
4421147,1872
4421696,1872
4422246,1872
4422797,1872
4423351,1872
4423901,1873
4424452,1872
4425004,1870
4425554,1872
4426105,1872
4426655,1872
4427207,1872
4427757,1872
4428312,1871
4428861,1872
4429411,1872
4429961,1875
4430512,1872
4431063,1872
4431613,1872
4432165,1872
4432716,1872
4433266,1872
4433816,1874
4434367,1870
4434919,1874
4435470,1872
4436020,1874
4436571,1871
4437122,1872
4437672,1872
4438222,1872
4438772,1872
4439326,1872
4439876,1872
4440426,1872
4440977,1872
4441527,1872
4442078,1872
4442628,1870
4443179,1872
4443729,1872
4444280,1872
4444831,1872
4445381,1874
4445932,1872
4446483,1872
4447033,1872
4447583,1872
4448133,1872
4448683,1872
4449233,1872
4449783,1870
4450337,1872
4450887,1872
4451437,1872
4451987,1869
4452538,1872
4453088,1872
4453638,1869
4454188,1872
4454738,1872
4455288,1872
4455839,1872
4456389,1872
4456940,1872
4457490,1875
4458042,1872
4458592,1873
4459143,1872
4459694,1872
4460244,1874
4460796,1873
4461350,1873
4461901,1872
4462451,1873
4463002,1872
4463552,1872
4464102,1872
4464652,1872
4465204,1872
4465753,1872
4466303,1872
4466853,1873
4467404,1871
4467955,1872
4468505,1872
4469055,1872
4469605,1873
4470157,1872
4470707,1871
4471258,1868
4471812,1872
4472362,1872
4472913,1872
4473463,1872
4474013,1872
4474563,1874
4475115,1872
4475666,1872
4476216,1872
4476766,1872
4477320,1873
4477872,1872
4478423,1873
4478974,1871
4479525,1872
4480074,1873
4480625,1871
4481178,1873
4481729,1873
4482280,1872
4482831,1873
4483382,1871
4483933,1872
4484483,1872
4485034,1872
4485584,1873
4486134,1872
4486685,1872
4487235,1872
4487785,1872
4488339,1872
4488889,1872
4489439,1873
4489991,1871
4490541,1872
4491091,1872
4491641,1872
4492192,1872
4492743,1872
4493293,1873
4493844,1872
4494394,1875
4494945,1873
4495495,1872
4496046,1872
4496596,1872
4497145,1872
4497695,1872
4498245,1872
4498795,1872
4499350,1872
4499901,1872
4500451,1874
4501002,1872
4501553,1873
4502104,1872
4502655,1873
4503208,1872
4503759,1872
4504314,1872
4504865,1872
4505415,1872
4505964,1872
4506514,1872
4507064,1872
4507614,1872
4508166,1872
4508716,1871
4509267,1872
4509818,1872
4510368,1872
4510918,1872
4511468,1872
4512019,1872
4512568,1872
4513118,1872
4513670,1872
4514220,1872
4514770,1872
4515324,1873
4515875,1872
4516426,1872
4516977,1871
4517527,1872
4518078,1872
4518628,1870
4519179,1874
4519730,1873
4520280,1872
4520832,1872
4521382,1872
4521931,1872
4522481,1872
4523031,1872
4523581,1873
4524133,1870
4524683,1873
4525234,1872
4525785,1872
4526339,1872
4526889,1872
4527439,1872
4527989,1872
4528539,1872
4529090,1872
4529640,1872
4530192,1875
4530743,1872
4531294,1872
4531844,1872
4532394,1872
4532944,1872
4533494,1872
4534044,1874
4534594,1872
4535146,1872
4535696,1872
4536247,1872
4536796,1872
4537351,1872
4537901,1872
4538451,1871
4539001,1871
4539551,1872
4540102,1872
4540652,1872
4541204,1872
4541753,1872
4542304,1873
4542854,1872
4543405,1872
4543955,1873
4544506,1872
4545057,1872
4545607,1872
4546158,1872
4546709,1873
4547260,1871
4547811,1870
4548361,1872
4548912,1872
4549462,1873
4550013,1872
4550563,1871
4551114,1870
4551664,1872
4552213,1872
4552764,1872
4553318,1872
4553868,1872
4554418,1871
4554968,1872
4555518,1872
4556069,1871
4556619,1872
4557173,1872
4557723,1874
4558275,1872
4558825,1871
4559376,1872
4559926,1873
4560477,1872
4561027,1874
4561578,1873
4562129,1873
4562679,1872
4563231,1872
4563780,1872
4564335,1872
4564884,1872
4565434,1871
4565985,1872
4566535,1873
4567085,1872
4567636,1871
4568186,1874
4568737,1873
4569287,1872
4569839,1872
4570389,1872
4570940,1872
4571490,1872
4572041,1872
4572591,1870
4573142,1873
4573692,1872
4574244,1871
4574794,1872
4575350,1867
4575900,1873
4576451,1872
4577002,1872
4577552,1872
4578102,1872
4578652,1873
4579204,1873
4579753,1872
4580304,1873
4580855,1872
4581406,1871
4581957,1871
4582507,1872
4583057,1871
4583607,1873
4584158,1872
4584709,1872
4585260,1869
4585811,1872
4586361,1872
4586912,1872
4587462,1872
4588012,1870
4588562,1872
4589111,1871
4589662,1872
4590212,1872
4590763,1872
4591315,1873
4591866,1872
4592417,1872
4592967,1872
4593517,1872
4594068,1871
4594618,1872
4595173,1872
4595723,1872
4596274,1872
4596824,1872
4597374,1872
4597924,1872
4598474,1872
4599024,1871
4599574,1872
4600124,1872
4600674,1871
4601225,1871
4601774,1872
4602328,1872
4602879,1872
4603429,1872
4603979,1874
4604530,1872
4605081,1872
4605631,1872
4606182,1872
4606731,1872
4607282,1872
4607832,1873
4608383,1872
4608935,1871
4609485,1872
4610035,1872
4610585,1872
4611136,1872
4611686,1872
4612236,1873
4612788,1871
4613342,1874
4613894,1872
4614445,1872
4614995,1872
4615545,1872
4616096,1872
4616646,1871
4617196,1872
4617747,1874
4618298,1873
4618847,1872
4619398,1872
4619948,1871
4620498,1872
4621048,1872
4621598,1872
4622149,1872
4622699,1872
4623249,1872
4623799,1872
4624353,1872
4624904,1872
4625454,1872
4626004,1872
4626554,1872
4627104,1872
4627654,1873
4628208,1872
4628759,1872
4629314,1871
4629865,1871
4630415,1874
4630967,1872
4631517,1874
4632068,1872
4632619,1873
4633174,1871
4633724,1872
4634274,1872
4634825,1872
4635374,1872
4635925,1872
4636475,1872
4637024,1872
4637574,1871
4638124,1871
4638675,1871
4639225,1872
4639774,1872
4640329,1871
4640878,1872
4641428,1870
4641978,1871
4642528,1872
4643079,1872
4643629,1867
4644180,1872
4644730,1872
4645280,1873
4645832,1870
4646382,1870
4646932,1872
4647482,1872
4648032,1871
4648582,1870
4649132,1872
4649682,1872
4650233,1872
4650784,1873
4651339,1874
4651888,1872
4652439,1871
4652989,1872
4653539,1871
4654089,1869
4654639,1871
4655190,1872
4655740,1872
4656290,1871
4656840,1872
4657390,1872
4657940,1872
4658490,1870
4659041,1872
4659591,1872
4660142,1872
4660692,1871
4661242,1872
4661792,1872
4662347,1872
4662896,1872
4663446,1873
4663998,1872
4664548,1872
4665098,1872
4665648,1872
4666200,1872
4666750,1870
4667301,1872
4667852,1871
4668402,1873
4668953,1872
4669504,1871
4670055,1872
4670605,1872
4671156,1873
4671706,1872
4672258,1872
4672811,1872
4673362,1872
4673912,1871
4674462,1872
4675013,1872
4675563,1872
4676114,1872
4676664,1872
4677213,1872
4677763,1872
4678317,1870
4678868,1873
4679418,1872
4679969,1872
4680519,1872
4681069,1872
4681619,1872
4682173,1872
4682723,1872
4683273,1872
4683824,1872
4684374,1872
4684925,1871
4685475,1872
4686025,1873
4686576,1872
4687127,1872
4687676,1872
4688227,1872
4688777,1872
4689331,1872
4689881,1872
4690431,1872
4690981,1872
4691531,1872
4692082,1872
4692632,1869
4693183,1872
4693733,1872
4694283,1872
4694833,1870
4695383,1873
4695935,1872
4696485,1871
4697035,1872
4697585,1874
4698136,1871
4698687,1873
4699239,1871
4699790,1872
4700344,1871
4700894,1872
4701444,1872
4701994,1872
4702544,1873
4703095,1872
4703646,1873
4704197,1871
4704749,1872
4705298,1872
4705848,1872
4706398,1872
4706948,1872
4707498,1872
4708048,1872
4708598,1872
4709149,1872
4709699,1872
4710249,1871
4710799,1872
4711354,1872
4711903,1872
4712453,1872
4713003,1873
4713554,1873
4714104,1872
4714656,1873
4715208,1872
4715759,1871
4716314,1872
4716865,1870
4717415,1869
4717965,1872
4718515,1872
4719066,1872
4719616,1870
4720167,1872
4720717,1871
4721267,1872
4721818,1872
4722368,1872
4722918,1874
4723469,1871
4724020,1872
4724570,1872
4725119,1872
4725669,1874
4726220,1872
4726771,1872
4727325,1872
4727875,1872
4728425,1872
4728976,1872
4729526,1871
4730076,1872
4730626,1872
4731177,1872
4731728,1872
4732279,1872
4732830,1872
4733380,1870
4733930,1872
4734480,1875
4735032,1872
4735582,1872
4736132,1871
4736683,1872
4737233,1871
4737783,1871
4738337,1871
4738888,1872
4739438,1872
4739989,1871
4740539,1872
4741090,1872
4741640,1872
4742191,1872
4742740,1872
4743291,1872
4743841,1871
4744391,1872
4744941,1873
4745492,1872
4746044,1872
4746594,1872
4747144,1872
4747694,1872
4748244,1872
4748794,1874
4749349,1872
4749900,1869
4750450,1872
4751001,1872
4751551,1872
4752101,1872
4752651,1872
4753202,1872
4753752,1872
4754302,1872
4754853,1872
4755403,1871
4755953,1872
4756503,1871
4757054,1872
4757604,1872
4758154,1873
4758704,1872
4759256,1871
4759805,1872
4760358,1872
4760908,1872
4761458,1874
4762010,1871
4762561,1872
4763111,1872
4763662,1872
4764212,1872
4764763,1871
4765315,1871
4765865,1872
4766415,1874
4766966,1872
4767516,1871
4768067,1872
4768617,1873
4769172,1872
4769724,1872
4770274,1870
4770824,1873
4771375,1871
4771927,1872
4772477,1872
4773027,1872
4773577,1872
4774128,1872
4774677,1874
4775228,1872
4775778,1872
4776332,1872
4776882,1874
4777433,1872
4777985,1874
4778536,1872
4779087,1873
4779638,1872
4780188,1871
4780738,1872
4781288,1873
4781839,1872
4782390,1872
4782940,1873
4783491,1872
4784042,1872
4784592,1872
4785143,1872
4785694,1872
4786244,1872
4786793,1869
4787349,1872
4787899,1872
4788449,1872
4788998,1872
4789548,1873
4790099,1872
4790651,1872
4791202,1872
4791751,1872
4792301,1873
4792852,1872
4793403,1871
4793953,1875
4794504,1872
4795056,1872
4795606,1873
4796156,1872
4796707,1876
4797259,1871
4797811,1872
4798361,1871
4798912,1872
4799462,1872
4800013,1872
4800563,1872
4801113,1873
4801664,1871
4802214,1872
4802764,1872
4803318,1872
4803869,1872
4804419,1872
4804969,1872
4805520,1872
4806069,1872
4806619,1871
4807173,1872
4807722,1872
4808273,1872
4808824,1872
4809374,1872
4809924,1871
4810474,1872
4811023,1872
4811573,1872
4812123,1872
4812673,1873
4813225,1872
4813776,1867
4814330,1872
4814881,1872
4815431,1872
4815981,1872
4816531,1872
4817081,1872
4817631,1872
4818182,1871
4818732,1870
4819282,1872
4819832,1873
4820384,1872
4820934,1872
4821484,1872
4822035,1872
4822585,1872
4823135,1872
4823685,1873
4824236,1872
4824787,1871
4825341,1871
4825892,1872
4826442,1871
4826993,1871
4827543,1873
4828094,1872
4828644,1872
4829195,1872
4829744,1872
4830294,1873
4830845,1872
4831396,1872
4831946,1872
4832496,1873
4833048,1872
4833598,1872
4834149,1872
4834699,1873
4835250,1872
4835801,1872
4836355,1872
4836906,1872
4837455,1872
4838005,1872
4838555,1871
4839105,1871
4839655,1871
4840207,1871
4840757,1872
4841312,1871
4841861,1871
4842411,1872
4842961,1870
4843511,1872
4844062,1873
4844612,1872
4845164,1872
4845714,1872
4846264,1872
4846814,1871
4847364,1872
4847914,1870
4848464,1871
4849014,1872
4849564,1872
4850115,1872
4850665,1872
4851215,1872
4851765,1872
4852319,1872
4852869,1872
4853419,1871
4853970,1872
4854520,1872
4855071,1872
4855621,1871
4856174,1872
4856723,1872
4857274,1872
4857825,1870
4858375,1869
4858926,1873
4859477,1872
4860027,1872
4860578,1870
4861129,1872
4861680,1872
4862230,1874
4862780,1872
4863336,1872
4863886,1870
4864436,1871
4864987,1872
4865537,1872
4866087,1872
4866637,1872
4867189,1872
4867739,1873
4868291,1872
4868841,1873
4869392,1872
4869944,1873
4870494,1872
4871046,1872
4871596,1870
4872145,1872
4872695,1872
4873246,1872
4873797,1872
4874351,1872
4874901,1872
4875451,1873
4876002,1872
4876553,1872
4877104,1873
4877655,1872
4878209,1872
4878758,1872
4879313,1872
4879863,1873
4880413,1875
4880963,1871
4881515,1872
4882064,1872
4882614,1872
4883166,1871
4883715,1871
4884265,1872
4884815,1871
4885365,1872
4885915,1872
4886465,1871
4887015,1872
4887565,1870
4888116,1872
4888666,1872
4889219,1872
4889769,1872
4890323,1872
4890873,1872
4891423,1872
4891974,1872
4892524,1872
4893075,1872
4893625,1872
4894177,1872
4894726,1872
4895276,1872
4895827,1873
4896378,1873
4896928,1872
4897478,1871
4898028,1872
4898578,1870
4899128,1872
4899678,1873
4900229,1870
4900780,1872
4901334,1871
4901885,1872
4902435,1872
4902985,1872
4903535,1872
4904085,1872
4904635,1872
4905186,1872
4905736,1873
4906288,1872
4906838,1872
4907388,1873
4907939,1872
4908491,1872
4909041,1872
4909590,1872
4910140,1872
4910690,1872
4911241,1872
4911790,1871
4912344,1872
4912895,1872
4913445,1871
4913995,1872
4914545,1872
4915095,1871
4915645,1870
4916196,1871
4916745,1870
4917295,1872
4917846,1872
4918396,1871
4918947,1872
4919497,1872
4920048,1872
4920598,1872
4921149,1874
4921699,1869
4922250,1873
4922801,1870
4923355,1874
4923906,1875
4924456,1872
4925008,1872
4925558,1872
4926109,1872
4926659,1872
4927210,1872
4927759,1872
4928314,1872
4928864,1871
4929414,1870
4929964,1872
4930514,1872
4931065,1871
4931615,1872
4932168,1872
4932717,1872
4933268,1875
4933818,1872
4934369,1872
4934919,1872
4935469,1872
4936020,1872
4936570,1872
4937119,1872
4937669,1872
4938219,1872
4938770,1872
4939324,1871
4939874,1872
4940424,1871
4940974,1873
4941525,1872
4942076,1872
4942626,1872
4943177,1872
4943727,1871
4944277,1872
4944827,1872
4945377,1871
4945927,1872
4946477,1872
4947028,1870
4947578,1872
4948129,1872
4948679,1872
4949229,1874
4949780,1872
4950335,1870
4950886,1872
4951436,1872
4951987,1871
4952537,1872
4953088,1872
4953638,1872
4954189,1872
4954739,1872
4955290,1872
4955840,1871
4956390,1875
4956941,1872
4957491,1873
4958042,1872
4958593,1872
4959144,1872
4959693,1872
4960244,1873
4960794,1871
4961350,1870
4961899,1872
4962449,1872
4963000,1871
4963550,1872
4964101,1871
4964651,1871
4965201,1872
4965751,1871
4966302,1871
4966853,1872
4967403,1871
4967954,1873
4968504,1872
4969056,1872
4969606,1872
4970155,1872
4970705,1872
4971255,1872
4971805,1872
4972359,1870
4972908,1872
4973458,1873
4974010,1872
4974560,1872
4975110,1872
4975660,1872
4976210,1873
4976762,1872
4977315,1872
4977866,1871
4978416,1872
4978967,1871
4979517,1872
4980067,1871
4980617,1871
4981172,1872
4981722,1872
4982273,1874
4982824,1872
4983374,1872
4983924,1872
4984474,1870
4985024,1869
4985574,1872
4986124,1872
4986675,1873
4987226,1872
4987776,1872
4988330,1872
4988881,1874
4989431,1875
4989982,1872
4990532,1872
4991083,1872
4991633,1870
4992183,1871
4992733,1872
4993283,1872
4993833,1872
4994383,1872
4994933,1872
4995483,1872
4996034,1872
4996584,1871
4997134,1871
4997684,1871
4998234,1872
4998784,1872
4999338,1871
4999889,1872
5000439,1872
5000989,1873
5001540,1869
5002092,1872
5002642,1872
5003192,1872
5003742,1872
5004292,1872
5004842,1872
5005393,1873
5005944,1872
5006494,1872
5007044,1873
5007595,1874
5008145,1872
5008696,1872
5009246,1872
5009797,1872
5010351,1872
5010901,1872
5011451,1872
5012002,1872
5012552,1872
5013102,1872
5013652,1871
5014203,1870
5014753,1872
5015304,1872
5015854,1872
5016404,1872
5016955,1873
5017506,1872
5018056,1872
5018606,1872
5019157,1871
5019706,1872
5020256,1873
5020811,1872
5021361,1872
5021912,1873
5022463,1873
5023013,1872
5023564,1872
5024115,1872
5024665,1872
5025215,1872
5025764,1872
5026318,1873
5026869,1872
5027420,1873
5027971,1872
5028522,1872
5029072,1872
5029622,1872
5030175,1872
5030724,1874
5031275,1872
5031826,1872
5032376,1872
5032926,1872
5033476,1872
5034027,1872
5034577,1872
5035126,1872
5035676,1872
5036227,1875
5036777,1872
5037332,1872
5037882,1873
5038433,1872
5038985,1872
5039535,1871
5040084,1872
5040634,1872
5041185,1872
5041736,1872
5042287,1872
5042838,1874
5043389,1872
5043939,1872
5044489,1872
5045040,1872
5045590,1872
5046139,1871
5046689,1872
5047239,1872
5047790,1873
5048345,1872
5048895,1874
5049446,1872
5049997,1873
5050548,1871
5051100,1872
5051649,1870
5052200,1873
5052751,1872
5053302,1873
5053854,1872
5054405,1873
5054956,1872
5055506,1871
5056057,1871
5056607,1872
5057156,1872
5057706,1871
5058256,1871
5058810,1872
5059360,1871
5059911,1872
5060460,1872
5061010,1872
5061560,1872
5062110,1872
5062660,1872
5063211,1871
5063760,1871
5064314,1871
5064865,1872
5065415,1872
5065966,1872
5066516,1872
5067065,1872
5067615,1873
5068167,1871
5068718,1872
5069268,1872
5069819,1872
5070369,1870
5070920,1873
5071470,1871
5072022,1872
5072572,1872
5073122,1872
5073672,1872
5074223,1872
5074773,1873
5075328,1872
5075879,1872
5076430,1871
5076981,1871
5077531,1872
5078081,1872
5078631,1872
5079182,1872
5079732,1872
5080282,1872
5080832,1872
5081382,1872
5081933,1872
5082483,1870
5083034,1872
5083584,1867
5084135,1873
5084685,1873
5085235,1872
5085786,1872
5086341,1873
5086892,1871
5087443,1872
5087993,1872
5088543,1871
5089094,1873
5089644,1872
5090196,1872
5090745,1870
5091296,1872
5091846,1872
5092396,1872
5092946,1871
5093497,1873
5094047,1871
5094598,1873
5095149,1872
5095700,1872
5096250,1872
5096800,1870
5097354,1872
5097904,1872
5098454,1872
5099003,1872
5099553,1872
5100104,1871
5100653,1872
5101208,1874
5101759,1871
5102314,1871
5102865,1871
5103415,1872
5103964,1872
5104514,1872
5105064,1872
5105614,1872
5106165,1872
5106716,1871
5107265,1870
5107816,1872
5108365,1872
5108915,1872
5109465,1872
5110015,1871
5110565,1872
5111116,1872
5111666,1872
5112219,1873
5112771,1872
5113325,1871
5113875,1871
5114425,1872
5114975,1872
5115525,1872
5116075,1872
5116625,1872
5117177,1872
5117727,1871
5118277,1872
5118827,1871
5119377,1870
5119927,1872
5120477,1872
5121028,1871
5121578,1872
5122129,1872
5122679,1872
5123229,1872
5123779,1872
5124333,1872
5124883,1872
5125433,1871
5125983,1872
5126534,1871
5127083,1872
5127633,1870
5128184,1872
5128733,1872
5129284,1872
5129834,1872
5130384,1872
5130935,1872
5131485,1872
5132034,1872
5132584,1872
5133135,1872
5133684,1873
5134235,1872
5134787,1873
5135342,1873
5135892,1872
5136443,1872
5136994,1871
5137544,1872
5138095,1871
5138645,1872
5139196,1872
5139746,1872
5140296,1872
5140846,1872
5141396,1872
5141947,1871
5142497,1872
5143048,1872
5143598,1872
5144148,1872
5144698,1872
5145248,1872
5145798,1874
5146353,1873
5146902,1872
5147454,1874
5148004,1872
5148555,1872
5149106,1872
5149656,1872
5150207,1874
5150758,1872
5151313,1872
5151863,1872
5152413,1871
5152963,1872
5153513,1872
5154063,1872
5154613,1872
5155164,1872
5155715,1869
5156265,1872
5156814,1872
5157364,1872
5157914,1874
5158465,1872
5159016,1873
5159567,1872
5160119,1871
5160670,1872
5161220,1872
5161770,1872
5162324,1872
5162875,1872
5163425,1872
5163975,1871
5164525,1872
5165075,1871
5165625,1872
5166177,1872
5166726,1872
5167277,1872
5167827,1872
5168377,1872
5168927,1872
5169477,1872
5170028,1871
5170578,1873
5171130,1871
5171680,1872
5172230,1872
5172780,1871
5173335,1872
5173885,1869
5174435,1873
5174985,1873
5175535,1872
5176086,1872
5176636,1869
5177186,1872
5177736,1871
5178286,1872
5178836,1872
5179386,1872
5179937,1872
5180487,1873
5181038,1872
5181589,1872
5182140,1872
5182690,1871
5183240,1872
5183791,1872
5184345,1872
5184895,1874
5185446,1872
5185997,1872
5186547,1872
5187098,1872
5187648,1870
5188199,1871
5188749,1875
5189301,1872
5189852,1872
5190402,1872
5190953,1873
5191504,1871
5192054,1872
5192604,1873
5193156,1872
5193706,1873
5194257,1872
5194811,1872
5195361,1873
5195913,1872
5196463,1873
5197013,1871
5197565,1871
5198115,1874
5198666,1872
5199217,1872
5199766,1872
5200320,1869
5200871,1872
5201421,1871
5201972,1872
5202522,1872
5203071,1872
5203622,1872
5204174,1872
5204724,1872
5205274,1872
5205825,1871
5206375,1872
5206926,1872
5207476,1873
5208027,1874
5208577,1872
5209129,1872
5209679,1872
5210230,1872
5210779,1872
5211333,1871
5211883,1873
5212435,1871
5212986,1872
5213536,1872
5214085,1872
5214635,1872
5215186,1874
5215737,1872
5216288,1869
5216838,1872
5217388,1872
5217939,1872
5218489,1870
5219039,1872
5219589,1870
5220139,1872
5220689,1872
5221240,1871
5221790,1872
5222344,1872
5222894,1872
5223444,1872
5223994,1871
5224544,1872
5225095,1872
5225645,1872
5226195,1874
5226746,1872
5227297,1872
5227847,1872
5228397,1871
5228947,1872
5229497,1872
5230047,1871
5230597,1871
5231148,1872
5231697,1872
5232248,1872
5232798,1872
5233352,1872
5233902,1872
5234452,1872
5235003,1872
5235553,1872
5236103,1872
5236653,1874
5237208,1872
5237759,1871
5238314,1872
5238865,1872
5239415,1872
5239965,1872
5240514,1873
5241065,1872
5241616,1872
5242168,1872
5242717,1872
5243267,1872
5243818,1872
5244367,1872
5244918,1872
5245468,1872
5246018,1872
5246568,1872
5247118,1872
5247670,1872
5248221,1872
5248771,1872
5249325,1872
5249875,1872
5250426,1871
5250975,1872
5251525,1872
5252075,1871
5252625,1872
5253177,1872
5253726,1872
5254277,1872
5254827,1872
5255377,1872
5255927,1872
5256477,1872
5257028,1872
5257578,1872
5258129,1872
5258679,1870
5259229,1872
5259779,1872
5260334,1871
5260884,1873
5261434,1872
5261985,1870
5262535,1872
5263085,1872
5263636,1872
5264186,1871
5264736,1872
5265287,1872
5265838,1872
5266388,1872
5266939,1872
5267489,1872
5268039,1871
5268589,1872
5269138,1872
5269689,1872
5270238,1869
5270789,1872
5271343,1872
5271893,1872
5272443,1872
5272994,1872
5273544,1872
5274095,1872
5274645,1874
5275197,1872
5275747,1873
5276298,1872
5276849,1872
5277399,1873
5277950,1872
5278501,1872
5279051,1873
5279602,1872
5280153,1872
5280703,1873
5281253,1872
5281804,1872
5282357,1871
5282908,1874
5283459,1873
5284008,1872
5284559,1873
5285110,1872
5285662,1873
5286212,1872
5286764,1871
5287318,1872
5287868,1872
5288419,1877
5288969,1870
5289520,1873
5290071,1872
5290622,1870
5291174,1873
5291725,1873
5292275,1872
5292826,1872
5293376,1872
5293927,1871
5294477,1872
5295028,1872
5295578,1872
5296129,1872
5296679,1871
5297229,1871
5297779,1872
5298333,1872
5298883,1867
5299433,1872
5299983,1872
5300533,1873
5301084,1872
5301636,1869
5302186,1872
5302737,1875
5303287,1872
5303838,1872
5304388,1872
5304939,1872
5305489,1873
5306040,1872
5306590,1873
5307142,1872
5307692,1872
5308242,1873
5308793,1873
5309349,1872
5309899,1872
5310449,1872
5311000,1872
5311550,1873
5312100,1872
5312651,1872
5313202,1872
5313752,1869
5314302,1871
5314852,1872
5315402,1872
5315952,1872
5316502,1872
5317053,1872
5317603,1872
5318152,1872
5318702,1873
5319253,1872
5319803,1874
5320359,1873
5320908,1872
5321459,1873
5322011,1872
5322561,1872
5323112,1873
5323662,1872
5324213,1872
5324764,1873
5325319,1872
5325869,1872
5326419,1872
5326969,1872
5327519,1872
5328069,1872
5328619,1872
5329172,1872
5329723,1872
5330274,1872
5330824,1872
5331374,1871
5331925,1872
5332475,1872
5333026,1872
5333576,1872
5334126,1872
5334676,1872
5335226,1872
5335777,1872
5336331,1872
5336882,1872
5337432,1872
5337982,1872
5338532,1872
5339083,1872
5339633,1872
5340183,1872
5340733,1872
5341283,1871
5341834,1872
5342384,1871
5342934,1872
5343484,1871
5344034,1872
5344584,1870
5345135,1872
5345685,1872
5346235,1872
5346785,1870
5347339,1872
5347890,1872
5348440,1871
5348990,1872
5349541,1874
5350091,1872
5350642,1872
5351193,1872
5351744,1873
5352294,1871
5352845,1872
5353395,1872
5353946,1872
5354496,1872
5355047,1872
5355597,1872
5356147,1872
5356696,1873
5357247,1873
5357797,1870
5358351,1872
5358901,1872
5359451,1871
5360001,1873
5360552,1872
5361103,1872
5361653,1872
5362208,1872
5362758,1874
5363313,1872
5363864,1872
5364414,1872
5364964,1872
5365514,1875
5366066,1870
5366617,1873
5367168,1871
5367719,1872
5368269,1870
5368819,1872
5369369,1872
5369920,1871
5370470,1872
5371021,1872
5371571,1872
5372122,1870
5372672,1872
5373222,1871
5373772,1873
5374327,1872
5374879,1872
5375429,1870
5375980,1872
5376530,1872
5377081,1872
5377631,1872
5378181,1873
5378732,1872
5379283,1872
5379833,1871
5380383,1872
5380933,1877
5381484,1872
5382035,1872
5382585,1872
5383136,1872
5383686,1873
5384237,1871
5384788,1872
5385342,1872
5385892,1872
5386442,1872
5386992,1871
5387542,1873
5388094,1872
5388644,1873
5389195,1872
5389746,1872
5390296,1872
5390846,1872
5391396,1872
5391946,1872
5392497,1872
5393047,1872
5393597,1873
5394149,1871
5394699,1872
5395249,1872
5395799,1873
5396354,1873
5396905,1873
5397455,1872
5398006,1872
5398556,1872
5399105,1871
5399655,1872
5400208,1872
5400757,1872
5401312,1872
5401862,1872
5402412,1871
5402962,1872
5403512,1872
5404063,1873
5404614,1872
5405165,1872
5405716,1872
5406266,1870
5406816,1872
5407366,1872
5407915,1872
5408465,1872
5409015,1872
5409565,1872
5410116,1872
5410666,1872
5411219,1874
5411770,1872
5412325,1873
5412877,1873
5413427,1872
5413977,1872
5414527,1873
5415079,1872
5415629,1872
5416180,1872
5416730,1872
5417280,1872
5417831,1872
5418381,1869
5418931,1872
5419481,1871
5420031,1872
5420581,1872
5421131,1872
5421681,1873
5422233,1876
5422784,1872
5423338,1870
5423888,1873
5424439,1869
5424990,1872
5425541,1872
5426090,1872
5426640,1872
5427190,1872
5427741,1872
5428291,1872
5428841,1872
5429391,1872
5429941,1870
5430491,1871
5431042,1872
5431592,1869
5432141,1873
5432692,1872
5433243,1872
5433793,1873
5434348,1872
5434899,1872
5435449,1872
5436000,1872
5436550,1872
5437101,1872
5437651,1872
5438201,1872
5438751,1871
5439301,1872
5439852,1872
5440402,1872
5440953,1871
5441503,1871
5442054,1872
5442604,1872
5443154,1872
5443704,1872
5444255,1872
5444805,1873
5445359,1873
5445909,1873
5446459,1872
5447010,1874
5447561,1872
5448112,1872
5448663,1871
5449213,1871
5449764,1874
5450319,1872
5450869,1872
5451420,1872
5451969,1872
5452519,1873
5453071,1872
5453621,1871
5454174,1875
5454724,1872
5455275,1872
5455825,1872
5456376,1873
5456927,1872
5457477,1872
5458028,1871
5458578,1872
5459128,1872
5459678,1872
5460228,1872
5460778,1872
5461332,1872
5461882,1872
5462432,1872
5462982,1871
5463532,1872
5464082,1872
5464632,1869
5465183,1872
5465733,1872
5466284,1875
5466834,1872
5467386,1872
5467935,1872
5468485,1873
5469037,1869
5469588,1872
5470138,1872
5470689,1872
5471239,1872
5471790,1872
5472344,1871
5472895,1872
5473445,1874
5473995,1872
5474546,1872
5475096,1871
5475646,1873
5476198,1872
5476749,1872
5477299,1872
5477848,1872
5478398,1871
5478948,1872
5479498,1872
5480048,1873
5480600,1873
5481149,1872
5481700,1872
5482250,1872
5482801,1872
5483355,1873
5483906,1873
5484456,1873
5485007,1872
5485558,1874
5486109,1873
5486659,1872
5487209,1872
5487759,1872
5488314,1874
5488866,1872
5489416,1871
5489967,1874
5490517,1873
5491067,1872
5491618,1873
5492173,1872
5492724,1872
5493274,1872
5493825,1872
5494374,1871
5494925,1872
5495475,1872
5496024,1872
5496574,1872
5497124,1872
5497675,1871
5498224,1872
5498774,1873
5499330,1872
5499881,1872
5500431,1872
5500981,1872
5501531,1873
5502083,1872
5502634,1872
5503184,1872
5503735,1873
5504286,1872
5504837,1872
5505387,1872
5505937,1872
5506487,1869
5507037,1870
5507587,1872
5508138,1871
5508688,1872
5509239,1872
5509790,1871
5510344,1872
5510895,1872
5511445,1872
5511995,1872
5512545,1872
5513095,1874
5513646,1872
5514197,1872
5514747,1871
5515297,1872
5515848,1872
5516398,1872
5516948,1873
5517499,1872
5518050,1872
5518600,1870
5519150,1872
5519700,1871
5520250,1871
5520800,1872
5521353,1872
5521903,1872
5522453,1872
5523003,1872
5523553,1872
5524103,1871
5524653,1872
5525208,1872
5525758,1872
5526313,1873
5526864,1872
5527414,1872
5527965,1872
5528515,1873
5529065,1872
5529617,1872
5530167,1871
5530717,1875
5531269,1872
5531819,1872
5532369,1872
5532920,1872
5533470,1872
5534021,1872
5534571,1872
5535122,1872
5535672,1872
5536222,1872
5536772,1872
5537326,1872
5537876,1872
5538426,1872
5538976,1872
5539526,1872
5540077,1871
5540627,1871
5541178,1875
5541729,1872
5542279,1872
5542830,1871
5543380,1872
5543931,1872
5544481,1872
5545031,1872
5545581,1872
5546132,1873
5546682,1872
5547233,1872
5547783,1872
5548338,1872
5548887,1871
5549437,1872
5549988,1872
5550538,1872
5551087,1872
5551637,1870
5552189,1872
5552739,1872
5553289,1875
5553840,1872
5554391,1869
5554941,1872
5555491,1872
5556041,1871
5556591,1872
5557141,1872
5557691,1874
5558243,1872
5558793,1872
5559349,1872
5559899,1871
5560449,1872
5560999,1872
5561549,1873
5562101,1872
5562651,1872
5563203,1872
5563753,1872
5564303,1872
5564853,1872
5565403,1872
5565954,1872
5566504,1872
5567055,1872
5567605,1871
5568156,1873
5568706,1873
5569256,1872
5569811,1873
5570362,1872
5570913,1872
5571463,1872
5572014,1870
5572564,1871
5573115,1871
5573665,1872
5574215,1872
5574765,1872
5575319,1872
5575869,1871
5576419,1872
5576970,1877
5577520,1874
5578070,1873
5578620,1872
5579174,1872
5579724,1872
5580274,1872
5580824,1872
5581374,1872
5581924,1872
5582475,1873
5583026,1871
5583577,1872
5584126,1872
5584676,1872
5585227,1872
5585777,1872
5586331,1872
5586881,1876
5587432,1872
5587983,1872
5588533,1872
5589083,1872
5589633,1873
5590184,1872
5590735,1872
5591286,1871
5591835,1872
5592385,1872
5592935,1872
5593485,1873
5594037,1874
5594587,1874
5595137,1872
5595689,1872
5596238,1871
5596788,1871
5597342,1872
5597892,1873
5598443,1872
5598995,1870
5599545,1872
5600096,1872
5600646,1872
5601196,1873
5601747,1872
5602299,1872
5602848,1872
5603398,1870
5603948,1872
5604498,1872
5605049,1872
5605599,1872
5606149,1872
5606699,1871
5607249,1872
5607799,1873
5608354,1872
5608906,1872
5609455,1872
5610006,1872
5610556,1872
5611105,1872
5611655,1871
5612207,1872
5612758,1873
5613312,1872
5613863,1875
5614414,1873
5614964,1872
5615516,1873
5616067,1872
5616617,1872
5617173,1873
5617723,1872
5618274,1872
5618825,1872
5619375,1872
5619925,1873
5620476,1872
5621027,1872
5621577,1872
5622127,1872
5622677,1871
5623227,1871
5623777,1873
5624332,1872
5624883,1875
5625434,1875
5625984,1872
5626535,1872
5627085,1872
5627635,1874
5628187,1872
5628737,1873
5629288,1872
5629840,1871
5630390,1872
5630940,1872
5631490,1872
5632040,1871
5632590,1872
5633139,1872
5633689,1872
5634240,1872
5634790,1872
5635344,1872
5635895,1872
5636445,1872
5636995,1871
5637545,1872
5638095,1872
5638645,1872
5639196,1872
5639746,1870
5640296,1872
5640847,1873
5641398,1872
5641948,1872
5642498,1872
5643048,1871
5643598,1872
5644149,1872
5644699,1874
5645250,1872
5645801,1872
5646355,1872
5646906,1873
5647456,1872
5648007,1874
5648558,1873
5649109,1872
5649659,1872
5650210,1871
5650760,1871
5651314,1872
5651865,1872
5652415,1872
5652965,1872
5653515,1872
5654065,1871
5654615,1872
5655167,1872
5655718,1872
5656267,1871
5656818,1872
5657368,1872
5657919,1873
5658469,1871
5659021,1872
5659571,1872
5660122,1873
5660672,1873
5661222,1872
5661773,1872
5662327,1872
5662877,1871
5663428,1872
5663978,1871
5664528,1872
5665077,1871
5665628,1872
5666178,1872
5666729,1872
5667280,1872
5667831,1871
5668381,1871
5668932,1872
5669482,1874
5670032,1872
5670583,1872
5671133,1873
5671684,1872
5672235,1873
5672786,1872
5673342,1872
5673891,1872
5674441,1871
5674992,1871
5675542,1872
5676091,1871
5676642,1871
5677192,1872
5677743,1872
5678293,1873
5678844,1873
5679394,1872
5679944,1872
5680494,1872
5681044,1872
5681594,1872
5682144,1871
5682694,1872
5683245,1872
5683794,1872
5684350,1872
5684901,1871
5685450,1870
5686001,1872
5686551,1872
5687102,1872
5687652,1872
5688203,1872
5688753,1872
5689303,1872
5689853,1872
5690403,1872
5690953,1873
5691504,1873
5692055,1872
5692605,1872
5693156,1872
5693706,1872
5694256,1873
5694811,1872
5695362,1873
5695913,1873
5696463,1872
5697014,1872
5697564,1873
5698116,1872
5698666,1872
5699217,1872
5699766,1873
5700321,1871
5700873,1872
5701423,1872
5701974,1872
5702524,1872
5703075,1871
5703625,1872
5704177,1872
5704726,1871
5705276,1872
5705826,1872
5706376,1873
5706928,1873
5707478,1872
5708029,1872
5708579,1871
5709129,1872
5709679,1872
5710229,1872
5710779,1871
5711334,1872
5711883,1872
5712433,1872
5712983,1872
5713533,1872
5714083,1872
5714633,1870
5715185,1872
5715736,1872
5716286,1872
5716835,1873
5717386,1872
5717938,1874
5718489,1874
5719038,1873
5719588,1872
5720139,1872
5720690,1873
5721241,1874
5721791,1872
5722346,1872
5722897,1872
5723447,1874
5723997,1872
5724548,1873
5725099,1872
5725650,1872
5726202,1872
5726751,1873
5727302,1872
5727852,1872
5728402,1872
5728953,1873
5729503,1871
5730054,1872
5730604,1872
5731155,1872
5731704,1872
5732255,1872
5732806,1872
5733359,1872
5733908,1870
5734458,1870
5735008,1872
5735558,1872
5736109,1872
5736659,1871
5737210,1872
5737759,1872
5738314,1872
5738865,1872
5739415,1872
5739966,1872
5740516,1872
5741066,1872
5741616,1872
5742168,1872
5742718,1872
5743268,1871
5743818,1874
5744369,1872
5744920,1873
5745471,1872
5746023,1872
5746573,1871
5747122,1874
5747673,1872
5748224,1872
5748774,1872
5749328,1873
5749879,1872
5750430,1872
5750981,1872
5751531,1872
5752081,1872
5752631,1872
5753182,1869
5753732,1871
5754282,1872
5754833,1872
5755383,1871
5755933,1872
5756483,1872
5757034,1871
5757584,1872
5758133,1872
5758683,1872
5759233,1871
5759783,1871
5760337,1872
5760888,1873
5761439,1869
5761989,1872
5762539,1872
5763090,1872
5763640,1872
5764190,1872
5764740,1872
5765290,1874
5765842,1872
5766392,1872
5766942,1872
5767492,1873
5768044,1872
5768594,1873
5769145,1872
5769697,1872
5770247,1872
5770796,1872
5771350,1872
5771900,1872
5772450,1872
5773001,1873
5773551,1872
5774102,1872
5774652,1872
5775203,1872
5775753,1872
5776303,1873
5776854,1872
5777405,1875
5777956,1870
5778507,1872
5779057,1872
5779607,1872
5780157,1872
5780708,1872
5781258,1872
5781811,1872
5782362,1872
5782913,1872
5783463,1872
5784014,1872
5784564,1872
5785115,1873
5785665,1874
5786215,1872
5786766,1872
5787321,1872
5787871,1872
5788421,1872
5788970,1872
5789520,1872
5790070,1873
5790621,1872
5791174,1873
5791726,1872
5792277,1872
5792827,1872
5793377,1871
5793928,1872
5794478,1872
5795028,1872
5795578,1871
5796129,1872
5796679,1872
5797230,1871
5797779,1871
5798333,1872
5798883,1872
5799434,1869
5799984,1872
5800534,1871
5801084,1872
5801634,1872
5802185,1870
5802736,1872
5803287,1873
5803838,1872
5804388,1872
5804938,1872
5805488,1872
5806039,1872
5806589,1872
5807139,1872
5807689,1871
5808239,1872
5808789,1872
5809344,1872
5809893,1872
5810443,1872
5810994,1872
5811544,1873
5812095,1872
5812646,1872
5813197,1873
5813749,1871
5814300,1872
5814849,1874
5815400,1872
5815951,1875
5816502,1872
5817053,1872
5817603,1872
5818153,1872
5818703,1872
5819254,1872
5819804,1872
5820357,1872
5820908,1872
5821458,1872
5822008,1872
5822558,1872
5823108,1873
5823659,1872
5824211,1872
5824761,1872
5825314,1873
5825865,1873
5826415,1872
5826967,1872
5827517,1871
5828067,1871
5828617,1873
5829172,1870
5829723,1873
5830274,1871
5830825,1870
5831375,1872
5831926,1872
5832476,1872
5833027,1872
5833577,1874
5834129,1871
5834679,1872
5835229,1871
5835779,1872
5836333,1872
5836883,1873
5837434,1872
5837985,1873
5838536,1873
5839086,1872
5839638,1872
5840188,1874
5840739,1872
5841291,1872
5841841,1875
5842392,1872
5842944,1872
5843494,1872
5844044,1872
5844594,1872
5845145,1872
5845695,1873
5846246,1872
5846796,1872
5847350,1872
5847901,1872
5848451,1872
5849001,1872
5849551,1872
5850102,1872
5850652,1872
5851204,1872
5851755,1872
5852305,1873
5852855,1872
5853406,1872
5853957,1872
5854507,1872
5855057,1875
5855608,1872
5856160,1872
5856709,1872
5857260,1872
5857811,1872
5858362,1872
5858913,1872
5859463,1872
5860013,1871
5860563,1873
5861115,1872
5861665,1872
5862215,1872
5862765,1872
5863319,1872
5863869,1872
5864419,1872
5864970,1871
5865520,1872
5866069,1873
5866620,1872
5867174,1874
5867725,1872
5868276,1872
5868826,1869
5869376,1871
5869927,1872
5870477,1872
5871028,1872
5871578,1873
5872129,1874
5872679,1872
5873230,1872
5873781,1875
5874336,1872
5874886,1872
5875436,1872
5875987,1873
5876537,1873
5877087,1872
5877638,1871
5878189,1872
5878739,1872
5879289,1872
5879839,1872
5880389,1873
5880941,1872
5881492,1872
5882042,1874
5882593,1872
5883144,1872
5883695,1872
5884245,1873
5884795,1873
5885351,1872
5885901,1873
5886452,1872
5887004,1874
5887554,1872
5888105,1872
5888656,1872
5889207,1872
5889758,1872
5890313,1873
5890864,1873
5891414,1877
5891964,1872
5892515,1872
5893066,1872
5893616,1872
5894167,1872
5894717,1872
5895268,1872
5895817,1872
5896367,1873
5896919,1872
5897470,1872
5898020,1872
5898570,1872
5899121,1873
5899671,1872
5900223,1873
5900773,1873
5901328,1872
5901878,1872
5902428,1873
5902980,1873
5903530,1873
5904081,1872
5904632,1872
5905183,1872
5905732,1872
5906282,1872
5906832,1872
5907382,1872
5907933,1872
5908483,1871
5909034,1872
5909584,1872
5910134,1873
5910686,1872
5911237,1873
5911787,1873
5912341,1871
5912892,1873
5913443,1872
5913994,1872
5914544,1872
5915095,1872
5915644,1874
5916195,1874
5916745,1872
5917296,1872
5917846,1872
5918396,1872
5918947,1871
5919497,1872
5920047,1872
5920597,1873
5921149,1872
5921699,1871
5922249,1872
5922799,1873
5923354,1874
5923905,1872
5924455,1872
5925006,1872
5925555,1873
5926107,1873
5926657,1872
5927208,1871
5927758,1872
5928313,1872
5928864,1872
5929413,1872
5929964,1870
5930514,1872
5931064,1872
5931615,1871
5932165,1872
5932716,1873
5933266,1872
5933818,1872
5934368,1872
5934919,1872
5935469,1872
5936020,1872
5936570,1870
5937120,1874
5937671,1873
5938221,1873
5938770,1872
5939325,1870
5939875,1872
5940425,1872
5940975,1871
5941525,1871
5942075,1873
5942626,1873
5943177,1872
5943728,1872
5944279,1872
5944829,1872
5945379,1874
5945931,1872
5946482,1872
5947031,1872
5947581,1872
5948131,1872
5948681,1872
5949231,1872
5949781,1872
5950336,1872
5950885,1871
5951435,1873
5951987,1872
5952537,1873
5953087,1871
5953638,1871
5954190,1871
5954740,1872
5955291,1870
5955840,1872
5956390,1872
5956940,1872
5957490,1872
5958040,1872
5958590,1872
5959141,1872
5959690,1874
5960241,1872
5960791,1872
5961345,1872
5961896,1873
5962447,1872
5962997,1872
5963548,1873
5964098,1871
5964650,1872
5965200,1873
5965751,1872
5966302,1872
5966852,1872
5967402,1872
5967952,1872
5968502,1873
5969054,1872
5969604,1872
5970154,1872
5970704,1872
5971255,1872
5971805,1872
5972358,1872
5972908,1870
5973458,1872
5974008,1871
5974558,1872
5975108,1872
5975658,1873
5976210,1873
5976760,1867
5977315,1872
5977865,1872
5978415,1872
5978966,1872
5979516,1872
5980067,1872
5980617,1872
5981168,1871
5981718,1875
5982269,1872
5982820,1874
5983371,1870
5983922,1872
5984472,1873
5985023,1872
5985574,1872
5986125,1873
5986675,1872
5987226,1871
5987776,1873
5988331,1871
5988882,1872
5989432,1872
5989983,1874
5990534,1871
5991084,1872
5991634,1872
5992185,1872
5992735,1871
5993285,1874
5993837,1872
5994388,1874
5994938,1872
5995489,1872
5996039,1873
5996590,1873
5997141,1870
5997691,1871
5998241,1872
5998791,1874
5999346,1872
5999897,1873
6000448,1872
6000999,1873
6001550,1872
6002102,1874
6002653,1872
6003205,1872
6003755,1873
6004305,1872
6004857,1871
6005407,1871
6005957,1872
6006507,1872
6007057,1872
6007607,1872
6008157,1872
6008708,1872
6009258,1873
6009811,1872
6010361,1874
6010913,1872
6011463,1874
6012015,1875
6012565,1873
6013115,1872
6013666,1872
6014219,1872
6014770,1871
6015324,1872
6015874,1871
6016424,1873
6016976,1872
6017526,1872
6018076,1872
6018626,1871
6019177,1872
6019727,1872
6020277,1872
6020827,1871
6021377,1872
6021927,1872
6022477,1874
6023028,1872
6023579,1872
6024129,1871
6024679,1873
6025230,1874
6025780,1872
6026335,1872
6026885,1872
6027435,1872
6027985,1874
6028536,1872
6029087,1872
6029638,1872
6030188,1875
6030739,1873
6031290,1873
6031839,1874
6032389,1873
6032940,1874
6033490,1872
6034040,1872
6034590,1872
6035140,1872
6035690,1873
6036241,1872
6036791,1874
6037346,1872
6037897,1872
6038447,1872
6038997,1872
6039548,1872
6040097,1872
6040647,1872
6041198,1867
6041748,1873
6042299,1871
6042850,1872
6043400,1872
6043950,1872
6044500,1872
6045050,1872
6045600,1873
6046152,1872
6046702,1873
6047253,1871
6047803,1871
6048356,1872
6048907,1872
6049457,1872
6050008,1872
6050558,1872
6051108,1872
6051658,1872
6052209,1872
6052760,1871
6053315,1872
6053864,1873
6054415,1872
6054967,1872
6055517,1873
6056068,1872
6056619,1872
6057173,1873
6057723,1872
6058275,1872
6058824,1872
6059374,1871
6059925,1867
6060475,1873
6061026,1872
6061577,1873
6062128,1871
6062678,1869
6063228,1872
6063778,1872
6064332,1872
6064882,1873
6065433,1872
6065985,1872
6066535,1872
6067084,1872
6067634,1872
6068185,1872
6068735,1872
6069285,1872
6069834,1875
6070385,1872
6070936,1871
6071486,1872
6072036,1872
6072586,1872
6073136,1871
6073686,1872
6074236,1872
6074786,1871
6075340,1872
6075890,1872
6076440,1874
6076991,1872
6077542,1872
6078092,1873
6078643,1872
6079194,1872
6079744,1870
6080295,1872
6080844,1872
6081394,1873
6081945,1873
6082495,1870
6083047,1872
6083597,1873
6084148,1872
6084698,1872
6085248,1872
6085798,1874
6086352,1872
6086903,1874
6087454,1872
6088006,1873
6088557,1871
6089107,1871
6089657,1872
6090208,1872
6090758,1872
6091313,1870
6091864,1873
6092415,1872
6092966,1872
6093516,1872
6094065,1872
6094615,1871
6095167,1872
6095717,1872
6096267,1872
6096817,1872
6097367,1874
6097919,1874
6098469,1873
6099020,1872
6099571,1872
6100122,1872
6100672,1872
6101222,1872
6101773,1874
6102328,1872
6102879,1872
6103429,1872
6103980,1872
6104530,1872
6105081,1875
6105631,1872
6106183,1873
6106733,1872
6107285,1873
6107835,1872
6108387,1872
6108938,1874
6109489,1872
6110039,1873
6110590,1872
6111142,1871
6111692,1874
6112243,1872
6112794,1871
6113350,1873
6113901,1873
6114451,1873
6115001,1872
6115552,1872
6116102,1872
6116652,1872
6117203,1872
6117753,1871
6118303,1873
6118854,1872
6119405,1873
6119956,1872
6120508,1872
6121057,1872
6121607,1872
6122158,1874
6122708,1872
6123260,1872
6123812,1873
6124363,1872
6124913,1871
6125463,1872
6126013,1875
6126564,1872
6127116,1872
6127666,1872
6128217,1872
6128766,1873
6129321,1873
6129872,1872
6130423,1872
6130972,1872
6131522,1874
6132074,1869
6132624,1872
6133176,1872
6133726,1872
6134276,1871
6134827,1873
6135377,1873
6135928,1872
6136478,1872
6137029,1870
6137579,1872
6138129,1872
6138679,1872
6139229,1871
6139779,1873
6140334,1872
6140886,1872
6141436,1872
6141986,1872
6142536,1872
6143086,1872
6143636,1871
6144187,1872
6144737,1872
6145287,1872
6145837,1872
6146387,1872
6146937,1872
6147487,1871
6148037,1872
6148588,1873
6149138,1872
6149689,1871
6150240,1875
6150790,1872
6151345,1871
6151895,1872
6152446,1872
6152995,1873
6153546,1873
6154097,1871
6154647,1872
6155199,1872
6155749,1870
6156300,1870
6156850,1871
6157400,1872
6157951,1872
6158501,1872
6159051,1872
6159601,1873
6160152,1872
6160703,1872
6161254,1872
6161804,1872
6162357,1872
6162907,1872
6163457,1872
6164008,1874
6164558,1871
6165110,1872
6165660,1872
6166210,1872
6166760,1872
6167314,1872
6167865,1872
6168415,1872
6168966,1871
6169516,1872
6170067,1872
6170617,1872
6171167,1871
6171717,1870
6172268,1872
6172819,1872
6173369,1872
6173919,1876
6174470,1872
6175022,1872
6175572,1872
6176123,1872
6176673,1872
6177223,1874
6177775,1872
6178329,1873
6178881,1872
6179432,1872
6179981,1873
6180532,1872
6181084,1872
6181634,1872
6182185,1872
6182735,1872
6183286,1872
6183836,1873
6184387,1873
6184938,1873
6185488,1873
6186038,1872
6186589,1872
6187139,1872
6187690,1873
6188241,1872
6188791,1875
6189346,1871
6189898,1872
6190448,1873
6190999,1872
6191549,1872
6192100,1872
6192650,1872
6193202,1872
6193752,1872
6194302,1873
6194853,1874
6195403,1872
6195954,1872
6196504,1870
6197055,1872
6197605,1872
6198156,1873
6198706,1872
6199257,1872
6199811,1872
6200361,1872
6200912,1872
6201462,1872
6202011,1872
6202561,1873
6203112,1872
6203663,1874
6204215,1872
6204765,1872
6205319,1872
6205869,1872
6206419,1872
6206969,1872
6207519,1872
6208069,1871
6208619,1872
6209173,1872
6209723,1871
6210274,1873
6210825,1872
6211375,1872
6211926,1871
6212476,1872
6213026,1870
6213576,1872
6214126,1872
6214676,1872
6215226,1872
6215777,1872
6216331,1872
6216882,1872
6217432,1873
6217983,1875
6218533,1872
6219084,1872
6219634,1872
6220185,1872
6220735,1872
6221286,1872
6221836,1873
6222387,1872
6222939,1872
6223489,1872
6224039,1873
6224589,1872
6225141,1872
6225691,1873
6226242,1873
6226792,1872
6227348,1872
6227897,1872
6228447,1872
6228997,1872
6229547,1872
6230097,1872
6230647,1872
6231199,1872
6231749,1872
6232298,1872
6232848,1871
6233398,1872
6233948,1872
6234498,1873
6235049,1872
6235600,1873
6236151,1872
6236702,1872
6237253,1872
6237804,1872
6238357,1872
6238907,1872
6239457,1872
6240007,1871
6240557,1872
6241108,1872
6241658,1872
6242210,1872
6242760,1872
6243315,1872
6243866,1872
6244416,1872
6244966,1872
6245516,1872
6246066,1873
6246617,1872
6247172,1871
6247723,1872
6248273,1870
6248824,1872
6249374,1872
6249925,1872
6250475,1872
6251024,1872
6251574,1872
6252124,1872
6252674,1874
6253225,1872
6253776,1873
6254332,1872
6254882,1872
6255432,1873
6255983,1874
6256533,1873
6257084,1875
6257634,1872
6258184,1871
6258734,1872
6259284,1872
6259834,1872
6260384,1872
6260934,1874
6261485,1873
6262036,1872
6262587,1872
6263137,1872
6263688,1872
6264238,1872
6264787,1871
6265341,1872
6265892,1873
6266443,1877
6266993,1872
6267544,1873
6268095,1872
6268645,1872
6269196,1875
6269746,1872
6270297,1872
6270847,1874
6271398,1872
6271949,1872
6272499,1872
6273049,1872
6273599,1871
6274149,1872
6274699,1872
6275249,1874
6275800,1872
6276355,1873
6276905,1872
6277456,1871
6278007,1872
6278557,1871
6279107,1872
6279657,1871
6280209,1873
6280759,1871
6281314,1872
6281865,1872
6282415,1874
6282965,1872
6283516,1872
6284066,1873
6284618,1875
6285172,1872
6285724,1873
6286275,1872
6286826,1872
6287376,1873
6287926,1873
6288476,1872
6289028,1873
6289579,1872
6290130,1872
6290680,1872
6291231,1872
6291780,1872
6292335,1872
6292885,1873
6293436,1875
6293987,1872
6294537,1874
6295088,1872
6295639,1872
6296190,1872
6296740,1873
6297291,1872
6297843,1872
6298393,1872
6298943,1872
6299493,1874
6300044,1872
6300595,1872
6301145,1873
6301696,1874
6302247,1872
6302797,1872
6303351,1872
6303900,1872
6304450,1874
6305001,1872
6305552,1872
6306102,1872
6306653,1874
6307204,1874
6307755,1869
6308306,1872
6308855,1872
6309406,1872
6309955,1872
6310505,1872
6311055,1873
6311606,1872
6312157,1874
6312708,1871
6313259,1872
6313811,1872
6314362,1872
6314911,1872
6315461,1872
6316012,1873
6316563,1872
6317114,1872
6317663,1872
6318213,1872
6318763,1872
6319317,1872
6319868,1872
6320418,1871
6320969,1872
6321519,1872
6322069,1873
6322619,1872
6323174,1872
6323724,1872
6324274,1871
6324825,1872
6325375,1872
6325925,1873
6326476,1872
6327026,1873
6327577,1872
6328129,1872
6328679,1871
6329230,1873
6329780,1872
6330335,1874
6330887,1874
6331437,1873
6331987,1874
6332537,1873
6333088,1871
6333638,1869
6334188,1874
6334739,1873
6335289,1871
6335840,1873
6336391,1871
6336942,1872
6337492,1874
6338043,1872
6338594,1872
6339144,1872
6339694,1872
6340245,1872
6340796,1872
6341350,1874
6341901,1872
6342452,1872
6343002,1874
6343553,1873
6344103,1873
6344653,1872
6345209,1872
6345759,1872
6346314,1872
6346865,1873
6347415,1873
6347966,1872
6348516,1872
6349067,1872
6349617,1872
6350173,1873
6350723,1872
6351275,1872
6351826,1872
6352376,1872
6352927,1872
6353477,1872
6354027,1873
6354578,1872
6355129,1872
6355679,1872
6356229,1872
6356779,1872
6357333,1872
6357884,1872
6358434,1872
6358983,1872
6359533,1872
6360083,1872
6360633,1872
6361185,1872
6361736,1872
6362286,1872
6362835,1872
6363386,1873
6363937,1872
6364487,1869
6365037,1872
6365587,1872
6366137,1872
6366687,1872
6367237,1871
6367787,1872
6368342,1872
6368892,1872
6369442,1872
6369993,1872
6370543,1872
6371094,1872
6371644,1870
6372195,1872
6372744,1872
6373295,1873
6373845,1872
6374396,1872
6374947,1872
6375497,1872
6376047,1872
6376597,1872
6377148,1873
6377698,1872
6378249,1872
6378799,1872
6379353,1872
6379904,1872
6380454,1878
6381004,1872
6381555,1872
6382105,1872
6382655,1872
6383207,1870
6383757,1873
6384311,1873
6384861,1872
6385413,1870
6385962,1873
6386513,1873
6387063,1872
6387614,1872
6388165,1872
6388716,1872
6389266,1872
6389816,1872
6390366,1873
6390917,1873
6391467,1872
6392019,1873
6392569,1873
6393120,1872
6393671,1871
6394221,1872
6394771,1873
6395326,1872
6395877,1872
6396427,1872
6396978,1872
6397528,1871
6398078,1872
6398628,1872
6399180,1871
6399730,1872
6400280,1872
6400831,1872
6401381,1872
6401930,1872
6402480,1872
6403030,1873
6403581,1872
6404132,1872
6404682,1873
6405234,1873
6405784,1872
6406339,1872
6406889,1872
6407439,1872
6407989,1872
6408539,1872
6409089,1872
6409639,1872
6410191,1872
6410740,1872
6411290,1872
6411841,1870
6412391,1871
6412941,1872
6413491,1872
6414041,1872
6414591,1872
6415141,1872
6415691,1871
6416241,1873
6416792,1872
6417348,1872
6417898,1873
6418448,1872
6419000,1872
6419550,1872
6420100,1872
6420650,1872
6421201,1872
6421751,1873
6422302,1872
6422854,1872
6423404,1872
6423954,1875
6424504,1872
6425056,1872
6425606,1872
6426157,1873
6426707,1872
6427259,1872
6427811,1873
6428362,1872
6428913,1872
6429463,1872
6430014,1872
6430564,1872
6431114,1872
6431664,1873
6432215,1872
6432766,1872
6433321,1871
6433870,1872
6434420,1872
6434970,1872
6435520,1873
6436072,1871
6436622,1872
6437174,1872
6437724,1872
6438275,1872
6438826,1872
6439376,1872
6439926,1872
6440476,1874
6441027,1872
6441577,1873
6442128,1872
6442678,1872
6443228,1872
6443778,1872
6444332,1872
6444882,1872
6445432,1872
6445982,1872
6446532,1872
6447082,1872
6447632,1872
6448183,1872
6448733,1872
6449283,1872
6449833,1873
6450384,1871
6450935,1872
6451485,1872
6452036,1872
6452586,1872
6453136,1872
6453685,1872
6454235,1872
6454785,1872
6455339,1874
6455890,1871
6456442,1874
6456992,1872
6457543,1872
6458094,1873
6458645,1872
6459195,1872
6459745,1872
6460295,1872
6460846,1871
6461396,1872
6461947,1873
6462497,1872
6463048,1871
6463598,1871
6464149,1873
6464699,1872
6465250,1872
6465800,1873
6466354,1873
6466905,1872
6467456,1871
6468007,1875
6468558,1872
6469109,1875
6469660,1874
6470210,1872
6470761,1872
6471314,1872
6471865,1872
6472415,1872
6472965,1872
6473515,1872
6474064,1872
6474614,1872
6475166,1872
6475716,1872
6476267,1871
6476817,1872
6477367,1871
6477917,1872
6478467,1872
6479018,1872
6479568,1872
6480118,1872
6480670,1872
6481221,1872
6481771,1872
6482326,1872
6482875,1872
6483425,1872
6483975,1872
6484525,1872
6485075,1872
6485625,1872
6486177,1873
6486728,1872
6487279,1872
6487828,1872
6488379,1875
6488929,1872
6489481,1873
6490031,1872
6490583,1871
6491133,1872
6491683,1871
6492233,1872
6492783,1872
6493337,1871
6493887,1871
6494437,1872
6494987,1872
6495537,1872
6496088,1872
6496638,1871
6497188,1872
6497738,1870
6498288,1872
6498839,1872
6499389,1872
6499940,1872
6500490,1872
6501040,1872
6501590,1873
6502142,1872
6502692,1872
6503243,1872
6503792,1873
6504347,1873
6504897,1871
6505449,1871
6505999,1872
6506549,1872
6507100,1872
6507650,1872
6508200,1872
6508751,1872
6509302,1872
6509852,1873
6510403,1872
6510955,1872
6511505,1872
6512056,1872
6512606,1871
6513157,1872
6513706,1872
6514256,1872
6514810,1872
6515360,1872
6515911,1872
6516461,1872
6517010,1872
6517560,1871
6518111,1872
6518661,1872
6519211,1872
6519761,1872
6520314,1872
6520865,1872
6521415,1872
6521964,1871
6522514,1872
6523064,1872
6523614,1873
6524165,1872
6524717,1871
6525266,1872
6525817,1872
6526367,1872
6526918,1872
6527468,1872
6528018,1872
6528568,1873
6529120,1872
6529670,1872
6530220,1872
6530770,1872
6531324,1872
6531874,1872
6532424,1871
6532975,1872
6533525,1872
6534075,1872
6534625,1870
6535176,1872
6535726,1872
6536276,1872
6536827,1872
6537377,1872
6537926,1874
6538477,1872
6539028,1872
6539578,1872
6540129,1872
6540679,1870
6541229,1871
6541779,1872
6542333,1872
6542884,1872
6543434,1871
6543984,1871
6544534,1872
6545085,1872
6545635,1871
6546187,1872
6546737,1872
6547287,1872
6547838,1872
6548388,1873
6548938,1871
6549489,1872
6550039,1872
6550589,1872
6551140,1871
6551689,1872
6552239,1872
6552790,1872
6553344,1872
6553894,1871
6554444,1872
6554994,1873
6555545,1873
6556095,1872
6556646,1872
6557198,1872
6557747,1873
6558298,1872
6558850,1872
6559400,1872
6559949,1872
6560500,1872
6561050,1872
6561600,1872
6562151,1870
6562702,1874
6563253,1872
6563803,1872
6564356,1872
6564906,1872
6565456,1874
6566007,1872
6566558,1872
6567109,1872
6567659,1871
6568210,1872
6568759,1872
6569314,1872
6569863,1872
6570413,1872
6570963,1871
6571513,1872
6572064,1872
6572614,1872
6573165,1872
6573715,1872
6574265,1872
6574814,1872
6575364,1872
6575914,1873
6576465,1871
6577017,1872
6577567,1872
6578117,1871
6578667,1872
6579217,1871
6579768,1871
6580322,1872
6580872,1872
6581422,1872
6581973,1872
6582523,1872
6583074,1872
6583624,1869
6584174,1872
6584724,1873
6585276,1872
6585826,1875
6586377,1872
6586929,1872
6587479,1872
6588029,1872
6588579,1871
6589129,1871
6589679,1872
6590229,1872
6590779,1872
6591334,1874
6591885,1871
6592435,1872
6592986,1872
6593536,1874
6594088,1872
6594638,1870
6595189,1872
6595738,1874
6596289,1871
6596840,1872
6597390,1872
6597940,1872
6598490,1871
6599041,1871
6599591,1872
6600142,1871
6600692,1873
6601243,1871
6601794,1872
6602350,1872
6602899,1872
6603449,1872
6604000,1871
6604550,1870
6605100,1872
6605650,1872
6606201,1872
6606751,1872
6607301,1872
6607852,1872
6608402,1872
6608953,1871
6609503,1872
6610053,1875
6610604,1873
6611155,1871
6611705,1872
6612255,1872
6612805,1874
6613359,1872
6613910,1872
6614460,1872
6615010,1872
6615560,1873
6616111,1873
6616662,1873
6617212,1872
6617763,1872
6618317,1871
6618867,1868
6619417,1873
6619969,1872
6620520,1872
6621070,1873
6621621,1873
6622174,1872
6622725,1874
6623277,1873
6623827,1872
6624378,1872
6624929,1872
6625479,1875
6626030,1872
6626582,1872
6627131,1872
6627682,1872
6628232,1873
6628782,1872
6629337,1873
6629888,1872
6630439,1872
6630989,1872
6631539,1872
6632089,1871
6632639,1871
6633190,1872
6633740,1872
6634290,1873
6634842,1872
6635393,1873
6635943,1872
6636495,1872
6637044,1874
6637595,1872
6638146,1871
6638696,1872
6639247,1872
6639797,1872
6640351,1872
6640901,1872
6641451,1872
6642001,1871
6642551,1873
6643102,1872
6643653,1872
6644208,1872
6644758,1872
6645313,1871
6645863,1874
6646414,1872
6646966,1872
6647516,1873
6648066,1872
6648617,1872
6649172,1872
6649723,1872
6650274,1872
6650825,1872
6651375,1871
6651926,1872
6652476,1873
6653027,1872
6653578,1872
6654129,1873
6654679,1870
6655230,1872
6655780,1874
6656336,1872
6656887,1871
6657437,1874
6657988,1872
6658539,1872
6659090,1872
6659640,1871
6660191,1873
6660741,1873
6661292,1872
6661842,1872
6662392,1872
6662943,1872
6663493,1872
6664043,1873
6664594,1872
6665146,1872
6665696,1873
6666248,1870
6666798,1871
6667352,1873
6667902,1873
6668452,1872
6669003,1871
6669553,1872
6670103,1873
6670654,1872
6671208,1872
6671758,1873
6672313,1872
6672864,1875
6673415,1872
6673966,1872
6674516,1873
6675066,1870
6675617,1872
6676172,1872
6676723,1873
6677274,1871
6677824,1870
6678374,1872
6678924,1872
6679474,1872
6680024,1872
6680574,1871
6681125,1870
6681675,1872
6682226,1872
6682776,1872
6683331,1872
6683881,1872
6684431,1872
6684982,1869
6685531,1873
6686082,1872
6686633,1871
6687185,1873
6687736,1875
6688287,1871
6688838,1872
6689388,1873
6689938,1871
6690489,1875
6691041,1872
6691592,1875
6692142,1871
6692693,1872
6693243,1872
6693793,1872
6694349,1873
6694900,1872
6695450,1873
6696001,1873
6696551,1872
6697103,1875
6697654,1872
6698209,1872
6698759,1872
6699314,1872
6699865,1872
6700415,1873
6700965,1872
6701516,1872
6702067,1872
6702617,1872
6703169,1873
6703719,1872
6704270,1872
6704820,1872
6705370,1872
6705920,1872
6706470,1872
6707020,1872
6707570,1872
6708120,1874
6708671,1873
6709222,1872
6709772,1872
6710326,1872
6710876,1872
6711426,1875
6711977,1872
6712528,1873
6713079,1872
6713630,1872
6714181,1872
6714731,1875
6715282,1872
6715834,1872
6716384,1872
6716933,1872
6717483,1872
6718033,1872
6718583,1872
6719134,1872
6719684,1872
6720235,1873
6720785,1872
6721340,1872
6721891,1871
6722440,1873
6722992,1872
6723542,1873
6724094,1873
6724644,1872
6725194,1872
6725744,1871
6726294,1872
6726844,1872
6727394,1872
6727945,1873
6728496,1873
6729047,1872
6729597,1873
6730149,1873
6730699,1873
6731250,1871
6731800,1873
6732355,1872
6732905,1872
6733456,1873
6734006,1873
6734556,1873
6735107,1872
6735658,1872
6736209,1871
6736759,1872
6737314,1872
6737865,1871
6738415,1872
6738966,1872
6739516,1871
6740065,1872
6740615,1872
6741168,1871
6741717,1874
6742269,1872
6742819,1869
6743369,1872
6743920,1872
6744470,1872
6745021,1875
6745571,1874
6746122,1872
6746672,1872
6747222,1870
6747773,1873
6748328,1872
6748879,1872
6749429,1872
6749980,1872
6750530,1875
6751082,1872
6751632,1871
6752183,1872
6752732,1872
6753282,1874
6753833,1873
6754383,1875
6754933,1872
6755484,1875
6756035,1872
6756586,1872
6757136,1871
6757686,1875
6758237,1872
6758789,1872
6759343,1872
6759894,1872
6760444,1873
6760995,1872
6761545,1872
6762095,1872
6762645,1872
6763197,1872
6763747,1872
6764297,1873
6764848,1872
6765400,1872
6765949,1871
6766499,1872
6767049,1872
6767599,1872
6768149,1872
6768699,1872
6769249,1872
6769799,1872
6770353,1872
6770903,1872
6771453,1872
6772003,1872
6772553,1872
6773104,1873
6773654,1872
6774208,1872
6774758,1874
6775313,1872
6775864,1873
6776415,1872
6776965,1871
6777515,1872
6778066,1873
6778617,1872
6779169,1872
6779719,1874
6780271,1872
6780821,1872
6781371,1872
6781922,1872
6782472,1873
6783023,1872
6783574,1872
6784124,1872
6784674,1872
6785224,1875
6785776,1873
6786330,1872
6786881,1871
6787431,1873
6787981,1873
6788531,1872
6789082,1870
6789632,1872
6790182,1872
6790732,1872
6791282,1874
6791833,1872
6792384,1872
6792934,1872
6793484,1872
6794034,1872
6794584,1872
6795135,1872
6795684,1872
6796234,1872
6796784,1871
6797338,1872
6797888,1872
6798438,1872
6798988,1872
6799538,1872
6800088,1872
6800638,1872
6801189,1872
6801738,1872
6802289,1872
6802840,1873
6803391,1871
6803941,1870
6804491,1872
6805041,1872
6805591,1872
6806141,1872
6806691,1872
6807241,1873
6807792,1872
6808347,1872
6808897,1872
6809447,1872
6809998,1872
6810548,1871
6811098,1871
6811648,1872
6812199,1872
6812749,1872
6813299,1872
6813849,1873
6814400,1873
6814950,1872
6815501,1872
6816051,1872
6816601,1872
6817152,1872
6817702,1872
6818253,1871
6818803,1873
6819357,1872
6819908,1875
6820459,1872
6821011,1872
6821561,1872
6822111,1872
6822662,1871
6823212,1872
6823763,1872
6824315,1872
6824866,1872
6825416,1871
6825967,1872
6826517,1873
6827069,1872
6827620,1872
6828173,1872
6828723,1872
6829274,1872
6829824,1871
6830374,1871
6830924,1871
6831474,1872
6832024,1872
6832575,1872
6833125,1875
6833675,1871
6834226,1872
6834777,1872
6835331,1871
6835881,1872
6836431,1872
6836981,1872
6837531,1871
6838081,1872
6838631,1872
6839183,1872
6839733,1872
6840283,1872
6840833,1873
6841384,1872
6841935,1873
6842486,1873
6843037,1873
6843587,1873
6844137,1872
6844688,1873
6845240,1872
6845790,1872
6846344,1872
6846894,1872
6847444,1874
6847996,1873
6848546,1873
6849095,1872
6849646,1872
6850198,1872
6850749,1872
6851299,1873
6851849,1872
6852400,1873
6852952,1873
6853502,1872
6854052,1873
6854603,1872
6855155,1873
6855705,1872
6856256,1872
6856810,1872
6857360,1876
6857912,1871
6858463,1872
6859014,1872
6859564,1872
6860115,1872
6860666,1872
6861217,1872
6861767,1873
6862323,1874
6862872,1873
6863422,1872
6863974,1872
6864524,1872
6865074,1872
6865624,1872
6866175,1872
6866725,1872
6867275,1871
6867825,1872
6868375,1873
6868927,1873
6869477,1872
6870028,1872
6870578,1875
6871129,1872
6871680,1871
6872231,1872
6872782,1872
6873336,1875
6873888,1872
6874439,1872
6874988,1871
6875538,1872
6876089,1872
6876639,1871
6877191,1872
6877741,1873
6878293,1872
6878843,1872
6879393,1871
6879943,1871
6880493,1872
6881044,1872
6881594,1872
6882144,1872
6882694,1872
6883244,1872
6883795,1872
6884349,1874
6884901,1871
6885452,1872
6886002,1872
6886552,1872
6887102,1870
6887652,1873
6888204,1872
6888755,1873
6889305,1872
6889857,1872
6890407,1872
6890957,1873
6891507,1872
6892057,1871
6892607,1872
6893158,1872
6893709,1872
6894259,1872
6894811,1872
6895361,1872
6895912,1872
6896462,1871
6897011,1872
6897561,1872
6898111,1872
6898662,1872
6899212,1872
6899763,1872
6900315,1872
6900865,1872
6901415,1872
6901966,1872
6902516,1872
6903066,1872
6903616,1872
6904167,1872
6904717,1872
6905268,1871
6905818,1872
6906368,1874
6906920,1872
6907470,1872
6908021,1872
6908571,1872
6909121,1872
6909671,1874
6910223,1872
6910773,1873
6911328,1872
6911879,1872
6912429,1872
6912979,1872
6913529,1872
6914080,1874
6914630,1872
6915181,1872
6915731,1873
6916282,1872
6916834,1870
6917384,1872
6917933,1872
6918483,1873
6919033,1873
6919583,1872
6920135,1872
6920685,1872
6921235,1872
6921785,1872
6922339,1872
6922889,1873
6923440,1872
6923991,1874
6924542,1872
6925093,1872
6925643,1872
6926194,1872
6926744,1872
6927294,1873
6927846,1872
6928396,1871
6928947,1870
6929497,1872
6930047,1872
6930597,1872
6931147,1872
6931697,1873
6932249,1872
6932799,1873
6933354,1875
6933905,1872
6934455,1872
6935006,1874
6935557,1872
6936108,1872
6936658,1872
6937210,1872
6937760,1875
6938315,1873
6938866,1872
6939416,1873
6939967,1871
6940518,1872
6941068,1872
6941618,1872
6942173,1873
6942723,1873
6943273,1872
6943825,1873
6944375,1872
6944927,1872
6945477,1872
6946028,1872
6946578,1873
6947129,1872
6947680,1872
6948230,1872
6948781,1872
6949335,1872
6949886,1871
6950436,1872
6950986,1873
6951537,1871
6952089,1871
6952639,1870
6953190,1872
6953741,1877
6954292,1871
6954843,1872
6955393,1873
6955944,1872
6956494,1871
6957044,1872
6957594,1870
6958144,1872
6958694,1875
6959245,1872
6959797,1872
6960351,1875
6960901,1871
6961452,1872
6962002,1872
6962552,1873
6963103,1872
6963654,1871
6964208,1872
6964757,1872
6965311,1871
6965861,1874
6966412,1872
6966963,1874
6967514,1872
6968065,1872
6968615,1871
6969167,1872
6969717,1872
6970268,1872
6970818,1872
6971368,1870
6971919,1872
6972469,1872
6973020,1872
6973570,1872
6974120,1873
6974671,1872
6975222,1873
6975772,1874
6976326,1871
6976877,1875
6977428,1872
6977980,1872
6978530,1872
6979080,1875
6979631,1870
6980181,1872
6980731,1872
6981282,1872
6981832,1872
6982382,1872
6982933,1872
6983483,1872
6984033,1872
6984583,1872
6985132,1872
6985683,1872
6986233,1872
6986784,1873
6987338,1872
6987889,1872
6988439,1872
6988989,1872
6989539,1872
6990089,1872
6990639,1872
6991190,1872
6991741,1872
6992291,1874
6992841,1872
6993392,1872
6993943,1872
6994493,1872
6995043,1872
6995593,1872
6996143,1872
6996693,1872
6997243,1872
6997793,1871
6998349,1872
6998899,1873
6999450,1873
7000001,1872
7000551,1872
7001101,1872
7001651,1872
7002203,1872
7002753,1872
7003304,1869
7003853,1872
7004403,1872
7004954,1872
7005504,1872
7006054,1872
7006604,1872
7007154,1872
7007704,1873
7008255,1872
7008810,1872
7009361,1872
7009911,1873
7010461,1871
7011012,1872
7011562,1872
7012112,1873
7012662,1872
7013214,1873
7013764,1871
7014319,1872
7014869,1872
7015419,1871
7015970,1872
7016520,1872
7017070,1872
7017620,1872
7018174,1872
7018723,1872
7019273,1871
7019824,1872
7020374,1873
7020925,1872
7021475,1872
7022026,1872
7022576,1872
7023125,1872
7023676,1872
7024227,1872
7024777,1872
7025331,1871
7025881,1871
7026431,1872
7026981,1872
7027531,1872
7028081,1871
7028631,1870
7029183,1867
7029733,1872
7030284,1872
7030833,1872
7031383,1872
7031933,1872
7032483,1872
7033034,1872
7033584,1872
7034135,1872
7034685,1872
7035235,1872
7035785,1872
7036339,1872
7036890,1872
7037440,1873
7037992,1872
7038543,1872
7039094,1873
7039645,1872
7040195,1871
7040745,1872
7041296,1871
7041847,1872
7042397,1871
7042947,1872
7043497,1875
7044048,1872
7044599,1872
7045149,1872
7045699,1872
7046250,1872
7046800,1873
7047354,1871
7047906,1872
7048456,1872
7049007,1872
7049557,1873
7050107,1872
7050658,1872
7051209,1872
7051759,1872
7052314,1872
7052865,1873
7053415,1872
7053967,1872
7054517,1872
7055068,1872
7055618,1872
7056173,1872
7056723,1872
7057274,1870
7057825,1873
7058376,1871
7058926,1872
7059476,1873
7060028,1872
7060579,1872
7061128,1873
7061680,1873
7062230,1871
7062781,1870
7063336,1872
7063886,1872
7064436,1871
7064985,1874
7065536,1872
7066088,1872
7066638,1871
7067188,1871
7067738,1873
7068289,1874
7068839,1873
7069389,1872
7069940,1871
7070490,1872
7071041,1872
7071591,1872
7072142,1871
7072692,1872
7073242,1872
7073792,1872
7074346,1872
7074896,1872
7075446,1872
7075997,1872
7076547,1872
7077097,1872
7077647,1873
7078199,1872
7078750,1872
7079301,1872
7079852,1872
7080402,1872
7080952,1872
7081502,1872
7082052,1872
7082602,1872
7083152,1871
7083703,1872
7084253,1872
7084804,1872
7085357,1873
7085908,1872
7086459,1873
7087011,1872
7087562,1872
7088112,1872
7088663,1872
7089213,1872
7089763,1871
7090317,1872
7090867,1872
7091417,1872
7091967,1872
7092517,1871
7093068,1871
7093618,1873
7094172,1873
7094723,1875
7095273,1872
7095823,1873
7096374,1870
7096926,1872
7097475,1872
7098026,1872
7098576,1871
7099125,1872
7099676,1872
7100227,1872
7100777,1872
7101331,1873
7101882,1873
7102432,1872
7102984,1872
7103534,1872
7104084,1872
7104634,1871
7105185,1871
7105735,1870
7106285,1873
7106837,1873
7107387,1872
7107938,1872
7108488,1872
7109037,1872
7109587,1873
7110138,1873
7110689,1871
7111240,1872
7111790,1872
7112344,1873
7112895,1873
7113445,1873
7113995,1872
7114546,1872
7115096,1871
7115646,1872
7116197,1872
7116747,1872
7117298,1872
7117848,1871
7118398,1872
7118949,1872
7119499,1872
7120049,1873
7120600,1872
7121152,1873
7121702,1872
7122254,1873
7122804,1872
7123358,1872
7123908,1872
7124458,1874
7125009,1872
7125560,1871
7126111,1872
7126661,1872
7127211,1875
7127762,1871
7128317,1872
7128866,1872
7129416,1871
7129967,1872
7130517,1872
7131067,1872
7131617,1872
7132172,1875
7132723,1873
7133274,1871
7133824,1872
7134374,1872
7134924,1872
7135475,1872
7136024,1871
7136575,1869
7137125,1872
7137675,1871
7138226,1869
7138776,1872
7139331,1872
7139881,1873
7140432,1872
7140983,1871
7141533,1872
7142084,1869
7142634,1870
7143184,1871
7143734,1872
7144284,1872
7144834,1872
7145384,1872
7145934,1872
7146484,1872
7147035,1874
7147585,1871
7148136,1872
7148686,1873
7149238,1875
7149787,1873
7150342,1872
7150892,1873
7151443,1872
7151994,1871
7152544,1873
7153095,1873
7153645,1872
7154197,1872
7154748,1875
7155299,1872
7155850,1872
7156400,1870
7156950,1872
7157500,1872
7158050,1872
7158600,1872
7159151,1872
7159700,1872
7160250,1872
7160800,1872
7161354,1872
7161904,1873
7162455,1872
7163006,1872
7163556,1872
7164107,1872
7164657,1872
7165207,1873
7165758,1872
7166313,1872
7166863,1872
7167413,1871
7167963,1872
7168513,1872
7169064,1872
7169614,1874
7170165,1872
7170717,1872
7171267,1872
7171817,1872
7172367,1874
7172918,1872
7173469,1872
7174019,1872
7174569,1872
7175119,1872
7175670,1872
7176221,1872
7176771,1872
7177325,1873
7177876,1872
7178427,1874
7178978,1872
7179530,1870
7180080,1872
7180630,1872
7181180,1874
7181730,1871
7182281,1872
7182832,1872
7183382,1872
7183933,1872
7184483,1872
7185034,1872
7185584,1870
7186134,1870
7186684,1870
7187234,1871
7187785,1872
7188339,1872
7188889,1872
7189439,1873
7189990,1872
7190541,1873
7191092,1872
7191643,1871
7192194,1873
7192745,1872
7193296,1872
7193846,1872
7194396,1872
7194947,1870
7195497,1872
7196048,1872
7196598,1870
7197148,1873
7197698,1873
7198248,1871
7198799,1870
7199353,1872
7199903,1869
7200453,1872
7201003,1873
7201554,1870
7202105,1872
7202655,1872
7203208,1872
7203758,1872
7204313,1872
7204862,1872
7205413,1870
7205962,1872
7206512,1872
7207062,1872
7207612,1872
7208164,1872
7208713,1872
7209263,1871
7209814,1873
7210365,1872
7210915,1872
7211465,1872
7212016,1872
7212566,1872
7213116,1873
7213667,1872
7214217,1873
7214769,1872
7215324,1872
7215874,1872
7216424,1872
7216975,1872
7217525,1872
7218076,1873
7218627,1870
7219178,1872
7219728,1873
7220278,1872
7220830,1872
7221380,1871
7221929,1872
7222479,1872
7223029,1873
7223580,1872
7224131,1872
7224682,1872
7225233,1872
7225784,1872
7226338,1872
7226888,1872
7227438,1872
7227988,1873
7228539,1872
7229090,1872
7229640,1872
7230192,1872
7230743,1872
7231293,1872
7231843,1871
7232394,1871
7232943,1872
7233493,1873
7234045,1872
7234595,1872
7235145,1872
7235696,1872
7236247,1872
7236797,1872
7237351,1870
7237900,1872
7238450,1871
7239000,1872
7239550,1872
7240101,1872
7240651,1872
7241201,1872
7241751,1873
7242302,1872
7242854,1872
7243403,1872
7243954,1872
7244504,1871
7245053,1872
7245603,1874
7246155,1873
7246705,1872
7247256,1875
7247811,1872
7248362,1873
7248913,1872
7249464,1873
7250016,1872
7250566,1872
7251116,1872
7251667,1872
7252217,1872
7252768,1872
7253322,1872
7253873,1872
7254423,1872
7254974,1872
7255524,1872
7256074,1873
7256625,1872
7257176,1872
7257726,1873
7258277,1872
7258828,1872
7259378,1873
7259929,1872
7260481,1874
7261032,1872
7261583,1872
7262132,1872
7262683,1872
7263233,1871
7263783,1874
7264338,1872
7264888,1872
7265438,1871
7265988,1872
7266538,1872
7267088,1872
7267638,1872
7268189,1872
7268738,1873
7269289,1871
7269839,1872
7270389,1872
7270940,1872
7271490,1872
7272041,1870
7272591,1872
7273141,1871
7273691,1870
7274241,1873
7274792,1872
7275347,1872
7275897,1874
7276448,1871
7277000,1875
7277551,1872
7278102,1872
7278652,1871
7279203,1873
7279755,1872
7280306,1872
7280855,1872
7281405,1874
7281957,1872
7282507,1871
7283057,1872
7283607,1872
7284157,1872
7284708,1873
7285258,1873
7285811,1872
7286362,1872
7286913,1872
7287463,1872
7288013,1872
7288563,1873
7289115,1872
7289666,1872
7290216,1872
7290766,1871
7291320,1872
7291870,1874
7292421,1872
7292973,1872
7293523,1873
7294074,1872
7294625,1872
7295175,1873
7295726,1872
7296277,1872
7296827,1872
7297377,1872
7297927,1872
7298477,1870
7299027,1871
7299577,1872
7300128,1873
7300678,1874
7301228,1872
7301779,1872
7302334,1872
7302883,1872
7303433,1871
7303983,1870
7304533,1872
7305083,1872
7305633,1872
7306184,1872
7306734,1872
7307284,1872
7307835,1871
7308385,1872
7308935,1872
7309485,1872
7310036,1875
7310587,1872
7311137,1872
7311687,1872
7312237,1872
7312787,1872
7313341,1872
7313892,1871
7314442,1873
7314993,1872
7315544,1872
7316095,1872
7316645,1872
7317195,1872
7317745,1871
7318295,1872
7318845,1872
7319395,1872
7319945,1872
7320495,1873
7321047,1872
7321597,1875
7322149,1872
7322699,1872
7323249,1872
7323799,1870
7324353,1872
7324903,1872
7325453,1872
7326003,1872
7326553,1872
7327104,1871
7327654,1873
7328208,1872
7328759,1873
7329314,1872
7329866,1872
7330416,1871
7330966,1871
7331516,1872
7332066,1872
7332616,1872
7333167,1872
7333717,1872
7334267,1872
7334818,1872
7335368,1872
7335919,1872
7336469,1872
7337019,1872
7337569,1870
7338119,1872
7338669,1872
7339219,1872
7339770,1872
7340324,1872
7340874,1872
7341424,1873
7341976,1873
7342526,1872
7343077,1872
7343627,1872
7344178,1872
7344728,1872
7345278,1872
7345828,1872
7346378,1872
7346928,1873
7347479,1873
7348029,1872
7348580,1872
7349131,1872
7349681,1873
7350232,1872
7350783,1872
7351337,1871
7351888,1872
7352438,1873
7352988,1872
7353539,1871
7354089,1872
7354639,1872
7355191,1872
7355741,1872
7356291,1872
7356841,1872
7357391,1872
7357942,1871
7358492,1872
7359041,1873
7359592,1872
7360143,1872
7360694,1871
7361243,1872
7361793,1872
7362348,1872
7362899,1872
7363449,1872
7363999,1872
7364549,1872
7365099,1872
7365649,1873
7366200,1872
7366751,1873
7367302,1872
7367854,1873
7368405,1872
7368955,1872
7369505,1872
7370055,1872
7370605,1872
7371156,1871
7371706,1872
7372256,1869
7372810,1873
7373361,1873
7373911,1873
7374461,1872
7375012,1871
7375563,1872
7376112,1872
7376662,1872
7377213,1872
7377763,1874
7378316,1873
7378866,1872
7379417,1872
7379967,1871
7380517,1872
7381068,1872
7381618,1873
7382173,1872
7382723,1872
7383274,1872
7383825,1871
7384375,1872
7384926,1872
7385476,1872
7386026,1873
7386577,1872
7387129,1872
7387678,1872
7388228,1873
7388780,1872
7389334,1872
7389884,1872
7390434,1873
7390985,1874
7391535,1872
7392086,1872
7392636,1870
7393187,1872
7393737,1875
7394289,1872
7394839,1872
7395389,1872
7395940,1872
7396490,1872
7397040,1872
7397590,1871
7398140,1874
7398691,1872
7399242,1872
7399792,1873
7400347,1872
7400899,1872
7401449,1872
7401998,1872
7402548,1872
7403098,1872
7403648,1872
7404199,1873
7404750,1872
7405302,1873
7405852,1872
7406404,1873
7406954,1871
7407505,1872
7408055,1872
7408605,1872
7409156,1872
7409706,1872
7410256,1872
7410810,1872
7411361,1872
7411912,1872
7412462,1872
7413013,1872
7413563,1874
7414114,1872
7414666,1872
7415216,1872
7415765,1873
7416320,1872
7416872,1874
7417423,1872
7417973,1874
7418524,1872
7419075,1872
7419625,1871
7420177,1872
7420726,1872
7421276,1872
7421826,1872
7422376,1872
7422926,1872
7423476,1872
7424026,1872
7424576,1874
7425128,1872
7425678,1872
7426228,1872
7426778,1872
7427332,1874
7427883,1872
7428434,1872
7428985,1872
7429535,1872
7430084,1872
7430634,1872
7431186,1873
7431736,1872
7432287,1871
7432838,1872
7433388,1872
7433939,1872
7434489,1871
7435039,1872
7435589,1872
7436139,1872
7436689,1872
7437239,1872
7437790,1872
7438344,1873
7438895,1872
7439447,1872
7439997,1872
7440547,1872
7441098,1872
7441648,1872
7442199,1872
7442750,1875
7443301,1872
7443851,1873
7444402,1872
7444954,1874
7445505,1873
7446056,1872
7446607,1872
7447158,1872
7447707,1872
7448257,1872
7448811,1872
7449361,1872
7449912,1872
7450462,1873
7451013,1872
7451564,1872
7452115,1872
7452666,1872
7453216,1872
7453765,1872
7454319,1873
7454871,1872
7455422,1871
7455973,1872
7456523,1872
7457074,1872
7457624,1871
7458176,1872
7458726,1873
7459277,1872
7459828,1872
7460378,1873
7460930,1872
7461480,1872
7462030,1873
7462581,1872
7463133,1872
7463683,1872
7464233,1872
7464784,1873
7465338,1872
7465889,1872
7466439,1872
7466989,1870
7467539,1871
7468089,1872
7468639,1869
7469190,1872
7469740,1872
7470290,1872
7470840,1872
7471390,1872
7471940,1872
7472490,1874
7473041,1870
7473592,1871
7474142,1872
7474693,1871
7475243,1873
7475793,1872
7476349,1872
7476898,1873
7477449,1872
7478001,1874
7478551,1871
7479102,1874
7479653,1872
7480208,1873
7480759,1872
7481314,1872
7481865,1872
7482415,1873
7482966,1872
7483516,1872
7484066,1872
7484616,1874
7485168,1872
7485719,1872
7486269,1872
7486819,1874
7487370,1872
7487922,1871
7488472,1872
7489022,1872
7489572,1872
7490122,1872
7490672,1872
7491222,1872
7491773,1872
7492327,1872
7492877,1872
7493427,1872
7493976,1872
7494526,1872
7495076,1872
7495626,1872
7496178,1872
7496727,1872
7497277,1872
7497827,1872
7498377,1872
7498928,1873
7499479,1872
7500029,1872
7500579,1872
7501129,1872
7501679,1872
7502230,1872
7502779,1872
7503333,1872
7503884,1872
7504434,1872
7504983,1872
7505534,1872
7506084,1872
7506634,1870
7507185,1872
7507736,1872
7508286,1872
7508835,1873
7509386,1872
7509938,1873
7510489,1872
7511040,1875
7511591,1872
7512142,1872
7512692,1872
7513242,1871
7513792,1872
7514346,1872
7514896,1871
7515446,1872
7515996,1871
7516546,1875
7517098,1873
7517648,1872
7518199,1873
7518751,1872
7519301,1872
7519852,1872
7520402,1872
7520953,1873
7521504,1872
7522054,1872
7522605,1873
7523155,1872
7523706,1870
7524256,1872
7524810,1871
7525360,1872
7525910,1872
7526460,1872
7527011,1872
7527561,1871
7528111,1872
7528662,1872
7529212,1872
7529762,1872
7530315,1872
7530865,1872
7531415,1872
7531966,1872
7532516,1872
7533066,1872
7533616,1872
7534167,1872
7534717,1872
7535267,1872
7535818,1872
7536368,1873
7536919,1873
7537469,1872
7538021,1872
7538571,1872
7539122,1872
7539672,1873
7540223,1871
7540775,1872
7541329,1872
7541880,1875
7542431,1874
7542981,1873
7543531,1872
7544082,1872
7544632,1870
7545184,1872
7545734,1873
7546285,1872
7546837,1872
7547387,1872
7547937,1872
7548487,1872
7549037,1872
7549588,1875
7550138,1872
7550689,1871
7551239,1872
7551790,1872
7552344,1872
7552894,1872
7553444,1873
7553995,1872
7554546,1872
7555097,1872
7555647,1872
7556198,1872
7556749,1872
7557299,1872
7557849,1872
7558399,1873
7558951,1875
7559501,1873
7560051,1870
7560602,1874
7561154,1871
7561704,1873
7562255,1872
7562810,1872
7563360,1872
7563911,1872
7564461,1872
7565011,1872
7565561,1873
7566112,1872
7566663,1870
7567213,1872
7567763,1872
7568317,1872
7568867,1872
7569417,1872
7569967,1870
7570517,1872
7571068,1872
7571618,1871
7572173,1872
7572722,1873
7573273,1871
7573825,1872
7574375,1871
7574925,1872
7575475,1872
7576026,1872
7576576,1873
7577127,1872
7577677,1873
7578229,1872
7578779,1871
7579333,1874
7579885,1872
7580435,1872
7580986,1872
7581536,1873
7582088,1872
7582638,1872
7583188,1872
7583738,1872
7584289,1871
7584840,1875
7585391,1872
7585941,1872
7586491,1871
7587042,1872
7587592,1872
7588143,1872
7588693,1872
7589243,1871
7589793,1872
7590349,1873
7590900,1873
7591450,1874
7592000,1874
7592550,1872
7593102,1872
7593652,1872
7594204,1872
7594755,1871
7595305,1873
7595855,1874
7596406,1872
7596956,1872
7597506,1872
7598056,1872
7598606,1872
7599157,1872
7599706,1873
7600257,1872
7600811,1872
7601361,1872
7601912,1872
7602462,1872
7603011,1872
7603561,1871
7604111,1872
7604662,1873
7605212,1869
7605763,1872
7606317,1872
7606867,1871
7607417,1872
7607967,1875
7608518,1872
7609069,1871
7609619,1872
7610173,1872
7610723,1872
7611273,1872
7611824,1872
7612374,1871
7612925,1873
7613476,1871
7614026,1872
7614576,1873
7615128,1872
7615678,1872
7616228,1872
7616778,1872
7617332,1871
7617882,1872
7618432,1872
7618982,1873
7619533,1872
7620085,1873
7620636,1871
7621186,1873
7621738,1874
7622288,1873
7622839,1872
7623389,1873
7623941,1872
7624492,1871
7625041,1872
7625591,1872
7626142,1872
7626691,1873
7627242,1872
7627794,1872
7628348,1875
7628899,1872
7629449,1872
7629999,1871
7630549,1872
7631100,1872
7631649,1872
7632200,1874
7632751,1872
7633302,1872
7633852,1872
7634403,1872
7634953,1872
7635503,1872
7636054,1872
7636604,1872
7637155,1872
7637705,1873
7638256,1872
7638811,1872
7639361,1873
7639912,1872
7640463,1872
7641014,1872
7641564,1872
7642115,1872
7642666,1871
7643216,1872
7643766,1872
7644320,1872
7644871,1872
7645421,1874
7645972,1872
7646522,1872
7647072,1872
7647622,1871
7648173,1872
7648723,1872
7649274,1871
7649824,1871
7650374,1872
7650924,1872
7651474,1869
7652025,1872
7652575,1872
7653124,1872
7653675,1873
7654225,1872
7654776,1872
7655331,1872
7655880,1873
7656431,1871
7656982,1871
7657532,1871
7658082,1873
7658633,1871
7659185,1872
7659735,1872
7660286,1874
7660837,1872
7661388,1872
7661938,1872
7662488,1872
7663038,1872
7663588,1873
7664139,1872
7664690,1874
7665241,1872
7665792,1870
7666346,1873
7666898,1872
7667449,1872
7667999,1872
7668549,1872
7669100,1872
7669650,1873
7670201,1872
7670752,1872
7671302,1872
7671852,1873
7672403,1875
7672953,1872
7673504,1871
7674055,1872
7674605,1873
7675156,1872
7675706,1872
7676256,1872
7676810,1873
7677361,1872
7677912,1873
7678463,1873
7679014,1872
7679565,1871
7680116,1872
7680666,1872
7681219,1872
7681769,1872
7682323,1872
7682874,1872
7683424,1872
7683974,1871
7684524,1872
7685075,1872
7685625,1872
7686176,1873
7686728,1872
7687279,1872
7687829,1873
7688380,1872
7688931,1871
7689481,1872
7690031,1872
7690581,1872
7691131,1872
7691681,1872
7692231,1872
7692781,1872
7693335,1872
7693885,1872
7694435,1872
7694985,1872
7695535,1871
7696086,1872
7696636,1871
7697186,1872
7697737,1872
7698288,1872
7698838,1873
7699389,1872
7699939,1874
7700490,1872
7701041,1872
7701591,1874
7702143,1871
7702693,1872
7703243,1872
7703793,1872
7704348,1872
7704899,1871
7705449,1872
7706000,1873
7706551,1872
7707102,1872
7707652,1872
7708204,1872
7708753,1872
7709303,1871
7709853,1873
7710404,1872
7710956,1872
7711506,1872
7712055,1872
7712605,1872
7713156,1873
7713706,1873
7714256,1872
7714811,1872
7715361,1872
7715911,1872
7716461,1872
7717011,1872
7717561,1872
7718111,1872
7718662,1873
7719212,1873
7719763,1872
7720317,1872
7720867,1872
7721417,1870
7721967,1872
7722517,1872
7723068,1872
7723618,1873
7724172,1873
7724722,1873
7725273,1870
7725823,1872
7726373,1872
7726923,1872
7727473,1872
7728024,1872
7728574,1872
7729125,1872
7729676,1873
7730227,1872
7730777,1871
7731332,1873
7731882,1872
7732433,1872
7732983,1874
7733534,1872
7734086,1872
7734636,1870
7735186,1872
7735737,1872
7736286,1872
7736836,1872
7737386,1872
7737936,1873
7738487,1873
7739037,1871
7739588,1872
7740138,1869
7740689,1872
7741239,1873
7741790,1872
7742344,1872
7742895,1872
7743445,1873
7743995,1872
7744546,1872
7745097,1873
7745648,1872
7746199,1873
7746750,1872
7747302,1871
7747852,1872
7748402,1872
7748953,1872
7749503,1872
7750053,1872
7750603,1872
7751152,1872
7751703,1872
7752252,1872
7752803,1872
7753356,1872
7753906,1872
7754456,1872
7755007,1872
7755557,1873
7756108,1872
7756659,1875
7757210,1872
7757762,1872
7758314,1872
7758865,1872
7759415,1872
7759965,1872
7760515,1872
7761066,1871
7761616,1872
7762167,1873
7762717,1873
7763267,1874
7763818,1872
7764369,1871
7764919,1872
7765469,1872
7766020,1871
7766570,1872
7767120,1873
7767671,1872
7768221,1872
7768771,1872
7769325,1874
7769876,1872
7770427,1872
7770977,1871
7771527,1870
7772077,1872
7772627,1871
7773179,1873
7773729,1872
7774281,1873
7774832,1872
7775382,1871
7775933,1871
7776483,1871
7777033,1872
7777583,1871
7778134,1872
7778683,1871
7779233,1867
7779783,1871
7780337,1872
7780887,1872
7781437,1872
7781987,1872
7782537,1872
7783088,1872
7783638,1871
7784188,1872
7784738,1871
7785288,1873
7785839,1872
7786390,1872
7786940,1872
7787490,1872
7788041,1872
7788591,1872
7789141,1871
7789691,1873
7790242,1872
7790793,1873
7791348,1872
7791899,1873
7792450,1871
7793001,1872
7793551,1872
7794102,1872
7794652,1872
7795204,1872
7795753,1872
7796303,1872
7796853,1872
7797403,1872
7797953,1872
7798503,1872
7799054,1872
7799604,1874
7800155,1872
7800705,1872
7801255,1872
7801805,1872
7802359,1872
7802908,1872
7803458,1872
7804008,1872
7804558,1872
7805109,1873
7805660,1872
7806211,1873
7806761,1871
7807315,1872
7807866,1872
7808416,1872
7808966,1872
7809516,1873
7810067,1872
7810618,1872
7811172,1873
7811723,1872
7812274,1870
7812825,1874
7813375,1872
7813927,1872
7814477,1873
7815028,1872
7815579,1872
7816129,1874
7816680,1872
7817232,1876
7817783,1873
7818337,1873
7818887,1872
7819438,1872
7819989,1871
7820539,1873
7821089,1874
7821639,1871
7822190,1872
7822741,1872
7823291,1872
7823840,1872
7824390,1872
7824941,1872
7825491,1874
7826043,1873
7826593,1872
7827144,1872
7827695,1872
7828246,1872
7828797,1872
7829351,1872
7829900,1872
7830450,1872
7831001,1872
7831551,1872
7832102,1872
7832652,1872
7833204,1872
7833753,1871
7834303,1872
7834853,1872
7835403,1872
7835953,1872
7836503,1873
7837055,1874
7837605,1873
7838156,1874
7838706,1871
7839257,1872
7839811,1872
7840361,1874
7840913,1872
7841463,1872
7842013,1872
7842563,1872
7843113,1872
7843663,1872
7844213,1872
7844763,1873
7845318,1873
7845868,1872
7846419,1872
7846969,1870
7847519,1872
7848069,1872
7848619,1872
7849172,1872
7849723,1872
7850273,1872
7850824,1872
7851374,1872
7851923,1872
7852473,1873
7853024,1872
7853576,1872
7854125,1872
7854676,1873
7855226,1872
7855778,1872
7856332,1872
7856882,1872
7857432,1872
7857982,1872
7858532,1874
7859084,1872
7859635,1872
7860186,1872
7860736,1872
7861287,1873
7861837,1875
7862387,1872
7862939,1872
7863489,1872
7864038,1872
7864588,1875
7865139,1872
7865690,1872
7866241,1872
7866791,1872
7867345,1872
7867895,1872
7868446,1872
7868995,1873
7869546,1872
7870098,1872
7870648,1872
7871199,1874
7871750,1874
7872301,1872
7872852,1872
7873402,1872
7873953,1872
7874503,1874
7875053,1872
7875604,1875
7876156,1872
7876706,1875
7877257,1872
7877811,1872
7878361,1872
7878912,1872
7879462,1872
7880012,1872
7880562,1872
7881113,1874
7881663,1874
7882213,1872
7882764,1873
7883319,1873
7883869,1872
7884420,1872
7884971,1872
7885521,1873
7886071,1872
7886623,1872
7887175,1873
7887725,1874
7888275,1872
7888826,1870
7889376,1875
7889928,1872
7890479,1872
7891029,1873
7891580,1872
7892132,1872
7892682,1873
7893232,1871
7893784,1871
7894338,1870
7894888,1872
7895438,1872
7895989,1872
7896539,1872
7897088,1872
7897638,1872
7898189,1872
7898739,1872
7899289,1872
7899839,1872
7900389,1872
7900940,1872
7901490,1872
7902041,1874
7902592,1872
7903142,1872
7903692,1875
7904243,1872
7904794,1872
7905350,1871
7905901,1872
7906451,1872
7907001,1872
7907551,1871
7908102,1875
7908652,1872
7909204,1872
7909753,1871
7910303,1874
7910854,1872
7911406,1872
7911956,1872
7912506,1872
7913056,1872
7913606,1875
7914158,1875
7914709,1871
7915260,1872
7915811,1874
7916362,1872
7916913,1871
7917463,1872
7918014,1872
7918564,1872
7919114,1872
7919663,1872
7920213,1872
7920763,1872
7921317,1872
7921867,1872
7922417,1872
7922968,1872
7923518,1873
7924069,1872
7924619,1872
7925172,1872
7925723,1871
7926274,1872
7926824,1872
7927374,1872
7927925,1871
7928475,1872
7929024,1872
7929574,1872
7930124,1872
7930674,1874
7931225,1873
7931775,1874
7932330,1872
7932880,1874
7933431,1872
7933982,1872
7934532,1874
7935083,1872
7935634,1871
7936185,1872
7936736,1872
7937286,1872
7937836,1872
7938386,1872
7938936,1872
7939486,1874
7940038,1872
7940588,1873
7941138,1872
7941689,1874
7942241,1872
7942791,1872
7943345,1872
7943895,1872
7944445,1872
7944995,1873
7945546,1872
7946097,1873
7946648,1873
7947200,1872
7947750,1872
7948301,1872
7948852,1872
7949402,1872
7949953,1872
7950503,1872
7951054,1872
7951604,1873
7952156,1872
7952706,1872
7953256,1873
7953811,1872
7954362,1872
7954913,1872
7955463,1870
7956014,1872
7956564,1872
7957115,1872
7957666,1872
7958217,1872
7958767,1872
7959322,1875
7959873,1872
7960424,1872
7960975,1872
7961525,1872
7962074,1872
7962624,1869
7963176,1873
7963726,1872
7964277,1873
7964828,1872
7965379,1872
7965929,1872
7966479,1873
7967030,1873
7967580,1872
7968132,1871
7968682,1872
7969233,1871
7969783,1872
7970337,1874
7970887,1872
7971438,1872
7971988,1873
7972539,1872
7973090,1872
7973640,1871
7974191,1872
7974742,1873
7975292,1872
7975843,1872
7976394,1872
7976943,1873
7977495,1872
7978045,1871
7978595,1872
7979145,1872
7979695,1872
7980245,1873
7980796,1872
7981351,1872
7981902,1872
7982452,1873
7983002,1872
7983553,1872
7984103,1872
7984653,1872
7985207,1872
7985758,1871
7986313,1872
7986863,1872
7987413,1871
7987963,1872
7988514,1872
7989063,1872
7989613,1872
7990164,1872
7990714,1872
7991264,1873
7991815,1872
7992367,1873
7992917,1871
7993468,1873
7994020,1872
7994571,1872
7995121,1872
7995671,1872
7996220,1872
7996770,1872
7997324,1872
7997875,1872
7998425,1872
7998975,1872
7999525,1874
8000076,1872
8000627,1871
8001179,1872
8001730,1872
8002280,1872
8002831,1872
8003381,1872
8003932,1872
8004482,1872
8005033,1872
8005582,1872
8006132,1872
8006682,1872
8007233,1873
8007783,1872
8008338,1874
8008889,1872
8009440,1871
8009990,1872
8010541,1872
8011090,1872
8011640,1872
8012191,1872
8012742,1872
8013292,1873
8013842,1873
8014392,1871
8014944,1871
8015494,1872
8016044,1872
8016594,1872
8017145,1872
8017696,1873
8018247,1872
8018797,1872
8019350,1872
8019900,1873
8020451,1872
8021002,1872
8021552,1873
8022103,1872
8022654,1872
8023207,1872
8023758,1872
8024313,1872
8024863,1872
8025413,1872
8025963,1872
8026514,1872
8027063,1873
8027614,1872
8028166,1872
8028716,1872
8029266,1875
8029818,1872
8030368,1872
8030919,1872
8031469,1872
8032018,1872
8032568,1873
8033120,1872
8033671,1875
8034222,1873
8034771,1872
8035326,1872
8035877,1872
8036427,1872
8036976,1872
8037526,1875
8038078,1872
8038628,1872
8039179,1872
8039729,1872
8040280,1872
8040831,1872
8041381,1872
8041930,1872
8042480,1872
8043030,1872
8043580,1871
8044131,1872
8044681,1872
8045231,1872
8045781,1872
8046335,1871
8046886,1872
8047436,1871
8047987,1872
8048537,1872
8049087,1872
8049637,1870
8050188,1872
8050738,1872
8051288,1872
8051839,1873
8052390,1872
8052941,1872
8053491,1872
8054041,1870
8054591,1872
8055142,1873
8055692,1872
8056243,1873
8056795,1873
8057349,1872
8057901,1871
8058451,1873
8059002,1872
8059553,1872
8060103,1872
8060653,1872
8061208,1872
8061757,1871
8062311,1870
8062861,1871
8063411,1872
8063961,1872
8064511,1873
8065063,1872
8065614,1872
8066164,1872
8066714,1872
8067265,1872
8067814,1872
8068364,1870
8068914,1869
8069464,1872
8070014,1873
8070565,1872
8071116,1872
8071666,1871
8072216,1872
8072766,1872
8073321,1871
8073871,1873
8074422,1870
8074972,1872
8075522,1872
8076073,1872
8076623,1872
8077174,1874
8077725,1872
8078276,1871
8078826,1871
8079376,1872
8079927,1873
8080477,1873
8081027,1872
8081579,1872
8082129,1873
8082679,1872
8083231,1872
8083780,1872
8084334,1872
8084885,1870
8085435,1873
8085986,1871
8086536,1872
8087086,1871
8087637,1872
8088187,1872
8088737,1872
8089287,1870
8089838,1870
8090388,1872
8090938,1872
8091488,1872
8092039,1872
8092589,1872
8093139,1874
8093690,1872
8094242,1873
8094792,1872
8095347,1872
8095898,1872
8096448,1872
8096999,1871
8097549,1872
8098098,1872
8098648,1872
8099200,1874
8099750,1872
8100301,1872
8100852,1871
8101402,1872
8101952,1872
8102502,1871
8103053,1873
8103603,1871
8104154,1873
8104706,1872
8105257,1874
8105811,1872
8106361,1872
8106912,1872
8107462,1872
8108011,1872
8108561,1872
8109111,1872
8109662,1874
8110213,1872
8110763,1873
8111318,1872
8111869,1874
8112420,1872
8112971,1873
8113522,1873
8114072,1872
8114623,1871
8115174,1872
8115724,1869
8116274,1872
8116825,1872
8117375,1874
8117926,1873
8118476,1873
8119027,1872
8119577,1872
8120128,1873
8120678,1873
8121228,1872
8121779,1875
8122334,1872
8122885,1872
8123435,1872
8123986,1872
8124536,1871
8125085,1872
8125635,1872
8126186,1871
8126736,1872
8127287,1874
8127837,1872
8128388,1872
8128939,1872
8129489,1872
8130040,1871
8130590,1873
8131141,1872
8131691,1873
8132242,1871
8132793,1872
8133349,1872
8133900,1873
8134451,1872
8135002,1872
8135552,1872
8136102,1873
8136653,1872
8137208,1873
8137759,1872
8138314,1872
8138865,1874
8139415,1871
8139967,1872
8140517,1872
8141068,1872
8141618,1872
8142173,1870
8142723,1872
8143274,1872
8143824,1872
8144374,1872
8144924,1872
8145474,1875
8146026,1872
8146577,1870
8147127,1871
8147676,1876
8148227,1872
8148778,1872
8149332,1872
8149882,1872
8150432,1872
8150982,1872
8151532,1873
8152083,1872
8152634,1872
8153184,1872
8153735,1872
8154285,1872
8154834,1870
8155384,1873
8155936,1875
8156486,1873
8157036,1874
8157586,1872
8158137,1873
8158689,1874
8159240,1872
8159790,1872
8160344,1872
8160894,1872
8161444,1872
8161994,1871
8162544,1871
8163095,1872
8163645,1872
8164196,1872
8164747,1872
8165297,1872
8165847,1872
8166397,1872
8166947,1871
8167497,1872
8168048,1872
8168598,1871
8169149,1872
8169699,1872
8170249,1872
8170799,1872
8171353,1869
8171903,1872
8172453,1872
8173004,1872
8173554,1872
8174104,1872
8174654,1872
8175208,1870
8175758,1872
8176313,1872
8176864,1871
8177414,1870
8177963,1870
8178514,1872
8179064,1872
8179614,1873
8180166,1873
8180716,1873
8181266,1872
8181818,1871
8182368,1873
8182920,1872
8183470,1873
8184021,1872
8184572,1873
8185123,1874
8185673,1872
8186224,1872
8186775,1872
8187329,1872
8187880,1872
8188430,1872
8188981,1872
8189531,1871
8190082,1873
8190632,1872
8191184,1872
8191734,1872
8192284,1872
8192834,1872
8193384,1872
8193934,1872
8194484,1872
8195034,1873
8195585,1873
8196135,1872
8196686,1872
8197236,1872
8197786,1874
8198341,1872
8198892,1871
8199442,1872
8199992,1872
8200542,1872
8201093,1872
8201643,1871
8202193,1872
8202744,1872
8203294,1872
8203845,1878
8204396,1874
8204945,1872
8205496,1872
8206047,1872
8206597,1871
8207146,1873
8207697,1873
8208248,1872
8208798,1872
8209352,1872
8209902,1872
8210452,1874
8211003,1876
8211553,1872
8212104,1872
8212654,1872
8213208,1874
8213759,1872
8214314,1872
8214865,1871
8215415,1872
8215966,1873
8216517,1872
8217068,1872
8217618,1872
8218173,1872
8218723,1877
8219274,1872
8219825,1872
8220375,1872
8220925,1873
8221476,1872
8222028,1872
8222578,1872
8223128,1872
8223678,1872
8224228,1872
8224778,1872
8225332,1872
8225882,1872
8226432,1872
8226983,1873
8227534,1872
8228084,1872
8228634,1872
8229185,1872
8229736,1872
8230286,1872
8230835,1871
8231386,1874
8231936,1872
8232488,1873
8233038,1874
8233588,1872
8234140,1873
8234690,1873
8235241,1872
8235791,1871
8236345,1872
8236896,1872
8237446,1872
8237996,1872
8238546,1872
8239096,1871
8239646,1873
8240198,1872
8240749,1872
8241299,1872
8241849,1872
8242399,1872
8242950,1872
8243500,1872
8244051,1872
8244601,1872
8245151,1872
8245701,1875
8246253,1872
8246804,1873
8247358,1871
8247909,1872
8248459,1872
8249009,1873
8249560,1872
8250111,1873
8250662,1872
8251213,1873
8251764,1872
8252319,1872
8252870,1872
8253420,1872
8253970,1872
8254520,1874
8255071,1872
8255623,1872
8256174,1873
8256725,1873
8257275,1872
8257826,1872
8258376,1875
8258927,1872
8259478,1872
8260029,1872
8260579,1872
8261128,1872
8261678,1872
8262229,1872
8262778,1872
8263332,1872
8263882,1871
8264432,1876
8264984,1872
8265534,1872
8266084,1872
8266634,1871
8267185,1873
8267736,1873
8268287,1873
8268838,1872
8269389,1872
8269940,1872
8270490,1872
8271041,1872
8271591,1872
8272142,1872
8272692,1872
8273242,1872
8273793,1872
8274347,1872
8274896,1872
8275446,1872
8275996,1872
8276546,1874
8277097,1875
8277647,1872
8278199,1871
8278749,1872
8279298,1875
8279849,1872
8280400,1873
8280952,1872
8281503,1872
8282053,1872
8282603,1872
8283153,1872
8283703,1872
8284254,1872
8284804,1872
8285357,1872
8285907,1873
8286458,1872
8287009,1872
8287559,1872
8288109,1872
8288659,1874
8289211,1873
8289761,1873
8290314,1872
8290865,1872
8291415,1872
8291966,1872
8292516,1872
8293067,1872
8293617,1872
8294167,1874
8294718,1875
8295268,1871
8295819,1872
8296369,1875
8296921,1872
8297472,1872
8298023,1872
8298573,1872
8299122,1872
8299673,1872
8300224,1872
8300775,1872
8301329,1872
8301879,1872
8302429,1872
8302979,1873
8303530,1872
8304081,1873
8304632,1873
8305184,1873
8305735,1874
8306285,1872
8306836,1872
8307386,1872
8307936,1872
8308486,1872
8309036,1873
8309587,1874
8310138,1872
8310689,1872
8311239,1872
8311790,1873
8312345,1872
8312895,1872
8313445,1872
8313995,1872
8314545,1872
8315095,1872
8315645,1872
8316195,1872
8316745,1872
8317295,1872
8317846,1872
8318396,1872
8318946,1870
8319496,1872
8320047,1872
8320597,1872
8321148,1872
8321698,1872
8322248,1872
8322798,1874
8323352,1872
8323904,1874
8324455,1875
8325005,1872
8325556,1872
8326107,1872
8326657,1872
8327207,1872
8327758,1872
8328313,1872
8328864,1873
8329415,1870
8329966,1872
8330516,1872
8331066,1872
8331616,1872
8332167,1870
8332717,1871
8333268,1872
8333818,1872
8334368,1872
8334919,1872
8335469,1872
8336018,1872
8336568,1871
8337118,1872
8337670,1872
8338221,1872
8338771,1872
8339325,1872
8339876,1871
8340426,1874
8340977,1872
8341529,1874
8342079,1872
8342630,1871
8343181,1872
8343730,1872
8344280,1871
8344831,1873
8345382,1872
8345933,1872
8346483,1872
8347034,1874
8347585,1871
8348135,1873
8348686,1872
8349238,1873
8349788,1872
8350343,1875
8350893,1872
8351444,1872
8351994,1872
8352544,1872
8353095,1872
8353645,1872
8354196,1874
8354746,1872
8355297,1874
8355849,1871
8356399,1871
8356949,1872
8357499,1872
8358049,1873
8358600,1872
8359152,1872
8359702,1873
8360253,1871
8360804,1872
8361357,1871
8361908,1872
8362458,1872
8363009,1875
8363560,1872
8364110,1872
8364660,1872
8365211,1872
8365760,1872
8366314,1874
8366866,1871
8367416,1873
8367968,1872
8368519,1875
8369069,1872
8369620,1873
8370174,1872
8370725,1872
8371275,1872
8371825,1873
8372376,1871
8372928,1872
8373478,1871
8374028,1872
8374578,1873
8375129,1871
8375679,1873
8376230,1873
8376780,1873
8377334,1872
8377886,1873
8378437,1872
8378988,1872
8379538,1872
8380088,1873
8380639,1870
8381189,1873
8381740,1872
8382292,1873
8382843,1872
8383394,1873
8383945,1872
8384496,1873
8385046,1873
8385596,1870
8386147,1871
8386698,1873
8387249,1872
8387799,1875
8388354,1872
8388906,1872
8389456,1873
8390007,1871
8390558,1872
8391108,1872
8391658,1873
8392210,1872
8392760,1873
8393315,1872
8393867,1872
8394417,1871
8394966,1871
8395516,1873
8396068,1872
8396618,1872
8397173,1872
8397723,1872
8398273,1869
8398824,1872
8399374,1875
8399925,1872
8400477,1872
8401026,1872
8401576,1872
8402126,1872
8402677,1872
8403228,1872
8403778,1872
8404332,1872
8404882,1873
8405433,1872
8405984,1872
8406534,1872
8407085,1872
8407635,1870
8408186,1872
8408736,1872
8409286,1872
8409837,1873
8410388,1870
8410939,1874
8411490,1877
8412041,1872
8412591,1871
8413142,1871
8413692,1872
8414242,1874
8414793,1871
8415349,1872
8415899,1872
8416449,1872
8417000,1873
8417550,1872
8418102,1871
8418652,1872
8419204,1872
8419754,1871
8420305,1873
8420855,1872
8421407,1874
8421958,1874
8422508,1872
8423059,1872
8423610,1872
8424160,1873
8424710,1871
8425261,1873
8425812,1872
8426364,1873
8426914,1872
8427466,1872
8428015,1872
8428565,1872
8429116,1872
8429666,1872
8430219,1872
8430770,1873
8431324,1873
8431874,1874
8432424,1872
8432976,1872
8433526,1872
8434077,1872
8434627,1872
8435178,1874
8435729,1872
8436280,1873
8436831,1872
8437382,1872
8437933,1872
8438483,1872
8439034,1872
8439584,1874
8440134,1873
8440684,1872
8441235,1872
8441785,1872
8442339,1872
8442889,1873
8443440,1873
8443990,1872
8444541,1873
8445093,1874
8445643,1872
8446194,1871
8446744,1871
8447294,1872
8447844,1872
8448395,1872
8448944,1873
8449495,1872
8450046,1872
8450596,1872
8451147,1872
8451698,1872
8452247,1872
8452798,1874
8453352,1872
8453904,1872
8454454,1872
8455004,1872
8455554,1872
8456104,1871
8456654,1874
8457208,1872
8457759,1873
8458314,1872
8458865,1873
8459416,1872
8459968,1872
8460518,1872
8461069,1872
8461619,1872
8462172,1873
8462723,1872
8463274,1872
8463825,1872
8464375,1872
8464926,1870
8465476,1872
8466026,1872
8466576,1872
8467127,1872
8467677,1872
8468227,1872
8468777,1872
8469331,1873
8469883,1872
8470433,1872
8470983,1872
8471534,1869
8472083,1872
8472633,1870
8473184,1872
8473733,1872
8474283,1871
8474833,1872
8475383,1872
8475933,1872
8476484,1870
8477034,1872
8477584,1872
8478135,1874
8478685,1872
8479236,1872
8479786,1872
8480340,1872
8480890,1872
8481440,1871
8481990,1873
8482541,1872
8483092,1872
8483642,1872
8484193,1872
8484743,1874
8485294,1872
8485846,1871
8486396,1872
8486946,1874
8487497,1872
8488048,1872
8488598,1873
8489149,1872
8489699,1874
8490250,1872
8490801,1873
8491355,1873
8491906,1872
8492456,1872
8493007,1872
8493557,1872
8494108,1872
8494658,1872
8495209,1873
8495760,1872
8496315,1872
8496865,1872
8497415,1873
8497967,1872
8498517,1872
8499068,1872
8499618,1872
8500172,1872
8500722,1874
8501273,1872
8501825,1873
8502376,1871
8502927,1872
8503477,1873
8504028,1872
8504579,1872
8505129,1872
8505679,1872
8506229,1872
8506779,1872
8507333,1872
8507883,1872
8508433,1873
8508985,1872
8509535,1871
8510085,1873
8510636,1871
8511187,1872
8511737,1872
8512287,1872
8512838,1872
8513388,1872
8513939,1872
8514489,1875
8515041,1873
8515591,1873
8516142,1872
8516692,1873
8517244,1872
8517794,1872
8518349,1872
8518900,1872
8519450,1875
8520000,1872
8520552,1873
8521103,1873
8521653,1874
8522208,1872
8522758,1873
8523313,1872
8523865,1872
8524415,1872
8524966,1873
8525517,1872
8526067,1872
8526617,1872
8527172,1872
8527722,1872
8528273,1870
8528822,1872
8529372,1872
8529922,1871
8530472,1872
8531022,1873
8531573,1872
8532124,1872
8532674,1869
8533224,1872
8533774,1872
8534329,1871
8534879,1872
8535429,1873
8535980,1872
8536531,1872
8537081,1872
8537631,1872
8538182,1872
8538731,1872
8539281,1871
8539832,1872
8540382,1873
8540934,1873
8541484,1872
8542034,1872
8542584,1872
8543135,1872
8543684,1872
8544234,1872
8544784,1870
8545338,1871
8545888,1872
8546438,1870
8546989,1872
8547539,1872
8548090,1873
8548640,1872
8549192,1869
8549743,1872
8550293,1872
8550844,1872
8551394,1872
8551944,1871
8552494,1872
8553044,1872
8553594,1872
8554145,1872
8554695,1871
8555245,1872
8555794,1872
8556349,1871
8556899,1873
8557450,1872
8558002,1872
8558552,1872
8559102,1872
8559652,1872
8560204,1871
8560753,1872
8561303,1872
8561853,1872
8562403,1873
8562954,1872
8563505,1873
8564057,1872
8564608,1872
8565157,1872
8565708,1873
8566258,1872
8566811,1872
8567362,1873
8567913,1874
8568463,1872
8569014,1871
8569564,1872
8570114,1872
8570664,1872
8571214,1872
8571764,1872
8572318,1872
8572869,1872
8573419,1871
8573969,1872
8574519,1872
8575069,1872
8575619,1874
8576173,1871
8576725,1871
8577274,1872
8577825,1872
8578375,1872
8578926,1872
8579476,1872
8580026,1871
8580576,1872
8581126,1871
8581676,1872
8582226,1872
8582777,1871
8583331,1872
8583881,1872
8584431,1872
8584981,1874
8585532,1872
8586083,1872
8586633,1872
8587184,1872
8587733,1872
8588284,1872
8588834,1873
8589385,1873
8589936,1872
8590486,1872
8591036,1872
8591586,1871
8592136,1872
8592686,1872
8593236,1871
8593786,1872
8594341,1871
8594890,1872
8595440,1872
8595990,1872
8596541,1872
8597091,1872
8597641,1872
8598192,1872
8598743,1873
8599294,1870
8599845,1872
8600395,1872
8600946,1872
8601496,1872
8602047,1870
8602597,1872
8603148,1872
8603698,1872
8604248,1872
8604798,1872
8605353,1872
8605903,1872
8606453,1872
8607003,1872
8607553,1871
8608103,1872
8608653,1871
8609208,1872
8609757,1872
8610311,1872
8610862,1872
8611412,1873
8611963,1875
8612513,1873
8613063,1873
8613613,1873
8614165,1872
8614716,1873
8615267,1872
8615818,1873
8616368,1875
8616918,1872
8617469,1872
8618019,1873
8618570,1872
8619122,1872
8619672,1872
8620222,1872
8620772,1872
8621326,1872
8621876,1877
8622427,1872
8622978,1872
8623528,1871
8624078,1872
8624628,1872
8625179,1872
8625730,1872
8626280,1871
8626831,1872
8627381,1872
8627930,1872
8628480,1874
8629031,1872
8629582,1872
8630132,1872
8630682,1872
8631233,1872
8631784,1873
8632339,1871
8632889,1872
8633439,1872
8633989,1872
8634539,1872
8635090,1872
8635640,1871
8636190,1872
8636740,1872
8637290,1873
8637841,1873
8638391,1872
8638942,1873
8639494,1872
8640044,1872
8640594,1872
8641144,1872
8641695,1872
8642244,1872
8642794,1870
8643350,1872
8643900,1874
8644451,1872
8645002,1873
8645553,1872
8646104,1871
8646654,1872
8647208,1872
8647758,1872
8648313,1872
8648863,1872
8649413,1872
8649963,1874
8650514,1872
8651065,1872
8651615,1872
8652167,1873
8652718,1872
8653269,1872
8653819,1871
8654369,1871
8654919,1871
8655469,1872
8656020,1872
8656570,1875
8657121,1872
8657671,1872
8658221,1872
8658771,1873
8659326,1872
8659878,1872
8660428,1872
8660977,1872
8661527,1872
8662077,1873
8662628,1872
8663179,1872
8663729,1872
8664279,1871
8664830,1872
8665380,1872
8665930,1872
8666480,1872
8667030,1871
8667580,1872
8668130,1872
8668680,1872
8669230,1872
8669780,1872
8670334,1872
8670884,1872
8671434,1872
8671984,1873
8672535,1871
8673086,1872
8673636,1871
8674187,1872
8674737,1872
8675287,1872
8675838,1873
8676389,1874
8676940,1873
8677490,1872
8678042,1872
8678592,1872
8679142,1872
8679691,1872
8680241,1872
8680791,1871
8681345,1872
8681895,1871
8682445,1872
8682995,1872
8683545,1872
8684096,1870
8684646,1871
8685197,1872
8685746,1871
8686296,1872
8686846,1871
8687396,1871
8687947,1872
8688497,1872
8689046,1872
8689596,1875
8690147,1872
8690698,1874
8691249,1872
8691800,1872
8692353,1872
8692903,1872
8693453,1875
8694004,1873
8694554,1872
8695106,1872
8695656,1872
8696208,1872
8696758,1872
8697314,1872
8697865,1872
8698415,1872
8698966,1873
8699517,1872
8700068,1872
8700618,1872
8701172,1873
8701724,1872
8702275,1871
8702826,1872
8703376,1872
8703927,1872
8704477,1872
8705028,1872
8705578,1872
8706129,1872
8706679,1872
8707229,1871
8707779,1872
8708333,1873
8708885,1873
8709435,1872
8709986,1872
8710536,1873
8711087,1872
8711639,1871
8712189,1872
8712739,1873
8713290,1872
8713841,1872
8714391,1872
8714941,1872
8715491,1872
8716041,1872
8716591,1872
8717142,1872
8717691,1872
8718241,1872
8718791,1872
8719345,1874
8719896,1874
8720446,1873
8720996,1872
8721548,1871
8722098,1872
8722648,1872
8723200,1872
8723751,1872
8724301,1872
8724852,1872
8725402,1872
8725953,1872
8726503,1872
8727054,1871
8727604,1872
8728155,1872
8728704,1872
8729255,1872
8729806,1872
8730359,1872
8730909,1872
8731459,1872
8732009,1871
8732559,1872
8733109,1871
8733659,1872
8734210,1872
8734760,1872
8735315,1877
8735866,1872
8736416,1872
8736967,1872
8737517,1870
8738067,1872
8738617,1872
8739172,1872
8739722,1875
8740274,1872
8740824,1872
8741374,1871
8741924,1872
8742474,1874
8743026,1872
8743576,1872
8744127,1872
8744676,1872
8745226,1872
8745777,1872
8746331,1873
8746882,1872
8747433,1873
8747984,1871
8748535,1873
8749087,1872
8749638,1872
8750188,1873
8750739,1871
8751290,1872
8751840,1872
8752390,1872
8752940,1872
8753490,1871
8754041,1872
8754591,1872
8755142,1872
8755691,1872
8756241,1872
8756792,1872
8757346,1872
8757896,1872
8758446,1872
8758996,1872
8759546,1872
8760096,1872
8760646,1872
8761198,1872
8761748,1873
8762299,1871
8762850,1872
8763401,1872
8763950,1872
8764500,1872
8765051,1872
8765601,1871
8766152,1872
8766702,1871
8767253,1872
8767803,1872
8768357,1873
8768908,1872
8769459,1873
8770010,1873
8770561,1873
8771110,1873
8771660,1872
8772212,1872
8772763,1872
8773315,1872
8773866,1872
8774416,1872
8774967,1872
8775517,1872
8776067,1872
8776617,1872
8777172,1872
8777722,1873
8778273,1871
8778825,1872
8779375,1871
8779925,1872
8780475,1873
8781026,1873
8781576,1872
8782128,1871
8782677,1872
8783228,1872
8783778,1871
8784333,1871
8784883,1872
8785433,1873
8785985,1869
8786536,1873
8787086,1872
8787637,1872
8788188,1872
8788738,1873
8789289,1872
8789841,1872
8790391,1872
8790941,1872
8791491,1872
8792041,1873
8792592,1872
8793143,1873
8793694,1872
8794246,1872
8794796,1872
8795350,1872
8795901,1872
8796451,1871
8797002,1872
8797552,1873
8798102,1872
8798653,1872
8799207,1870
8799757,1872
8800311,1872
8800861,1870
8801411,1872
8801961,1872
8802511,1871
8803062,1872
8803612,1873
8804163,1873
8804713,1872
8805265,1872
8805815,1873
8806366,1872
8806917,1872
8807467,1872
8808018,1873
8808568,1873
8809118,1873
8809668,1872
8810219,1871
8810770,1874
8811324,1872
8811875,1873
8812426,1872
8812977,1872
8813527,1872
8814077,1872
8814627,1872
8815179,1872
8815729,1872
8816280,1872
8816830,1872
8817380,1872
8817929,1872
8818479,1873
8819031,1872
8819581,1872
8820131,1872
8820681,1872
8821231,1871
8821781,1872
8822336,1873
8822887,1872
8823438,1873
8823990,1872
8824540,1872
8825090,1873
8825641,1872
8826193,1872
8826743,1872
8827292,1874
8827843,1872
8828395,1872
8828945,1872
8829495,1872
8830044,1872
8830594,1872
8831144,1872
8831695,1872
8832245,1872
8832794,1872
8833349,1872
8833899,1872
8834449,1872
8835000,1872
8835550,1872
8836100,1871
8836650,1872
8837201,1872
8837751,1872
8838301,1875
8838852,1871
8839403,1872
8839953,1872
8840503,1872
8841053,1872
8841603,1871
8842153,1872
8842703,1872
8843253,1872
8843804,1872
8844357,1872
8844907,1872
8845457,1872
8846008,1872
8846558,1872
8847109,1872
8847659,1873
8848210,1872
8848761,1871
8849314,1872
8849865,1872
8850415,1872
8850966,1873
8851517,1872
8852068,1874
8852618,1872
8853172,1872
8853722,1871
8854273,1872
8854824,1873
8855375,1873
8855925,1872
8856476,1873
8857028,1874
8857578,1872
8858129,1872
8858679,1872
8859230,1868
8859780,1872
8860334,1872
8860885,1872
8861435,1872
8861986,1872
8862536,1872
8863086,1872
8863636,1872
8864187,1872
8864737,1873
8865289,1872
8865839,1873
8866390,1872
8866942,1875
8867493,1871
8868043,1872
8868593,1872
8869143,1872
8869693,1872
8870244,1871
8870793,1872
8871349,1873
8871899,1872
8872450,1873
8873001,1873
8873551,1872
8874103,1870
8874653,1872
8875207,1872
8875757,1872
8876312,1873
8876863,1873
8877413,1872
8877964,1872
8878514,1873
8879065,1872
8879616,1872
8880167,1872
8880717,1872
8881267,1872
8881818,1872
8882368,1872
8882918,1872
8883468,1872
8884018,1872
8884568,1871
8885118,1872
8885670,1872
8886221,1872
8886770,1872
8887324,1872
8887874,1872
8888424,1872
8888974,1872
8889524,1873
8890075,1872
8890626,1870
8891178,1872
8891728,1872
8892277,1871
8892827,1872
8893377,1872
8893927,1872
8894477,1872
8895028,1872
8895578,1872
8896129,1872
8896679,1872
8897229,1872
8897779,1872
8898334,1872
8898885,1872
8899435,1872
8899984,1871
8900534,1872
8901084,1872
8901634,1872
8902185,1872
8902735,1872
8903285,1872
8903834,1872
8904384,1872
8904935,1872
8905485,1872
8906036,1872
8906586,1872
8907135,1872
8907685,1872
8908235,1872
8908785,1871
8909339,1872
8909889,1873
8910440,1874
8910991,1873
8911541,1872
8912092,1872
8912642,1871
8913193,1872
8913743,1872
8914294,1871
8914844,1872
8915394,1873
8915945,1872
8916496,1871
8917047,1872
8917597,1872
8918148,1872
8918698,1872
8919249,1874
8919799,1872
8920354,1872
8920905,1872
8921455,1872
8922005,1872
8922555,1874
8923106,1873
8923656,1872
8924208,1872
8924758,1872
8925313,1872
8925864,1872
8926414,1872
8926964,1872
8927514,1872
8928064,1871
8928615,1872
8929165,1871
8929716,1872
8930266,1872
8930817,1872
8931367,1872
8931916,1871
8932467,1872
8933016,1872
8933566,1873
8934117,1872
8934670,1871
8935221,1872
8935771,1872
8936326,1873
8936877,1872
8937427,1873
8937977,1872
8938528,1872
8939078,1872
8939628,1872
8940180,1873
8940731,1872
8941281,1872
8941832,1872
8942382,1872
8942933,1872
8943483,1872
8944034,1872
8944584,1872
8945135,1872
8945685,1872
8946235,1874
8946786,1872
8947342,1872
8947891,1872
8948441,1871
8948991,1872
8949541,1872
8950091,1872
8950641,1871
8951192,1873
8951743,1872
8952295,1872
8952845,1872
8953395,1872
8953946,1873
8954497,1873
8955048,1872
8955598,1872
8956148,1872
8956698,1869
8957248,1872
8957798,1872
8958353,1872
8958902,1873
8959453,1872
8960004,1872
8960554,1872
8961104,1872
8961654,1872
8962208,1872
8962758,1872
8963314,1874
8963864,1872
8964415,1872
8964966,1872
8965516,1872
8966067,1873
8966618,1872
8967172,1871
8967722,1872
8968273,1872
8968823,1873
8969374,1872
8969926,1872
8970476,1871
8971026,1872
8971576,1872
8972126,1872
8972676,1872
8973226,1872
8973777,1873
8974331,1872
8974882,1872
8975432,1872
8975982,1872
8976532,1872
8977083,1872
8977633,1870
8978183,1871
8978733,1872
8979283,1874
8979834,1873
8980385,1872
8980935,1872
8981485,1872
8982036,1872
8982586,1873
8983136,1872
8983687,1873
8984238,1874
8984789,1872
8985343,1872
8985893,1872
8986443,1872
8986994,1872
8987544,1872
8988095,1871
8988645,1872
8989196,1872
8989745,1872
8990295,1872
8990846,1872
8991396,1872
8991947,1872
8992497,1871
8993048,1871
8993598,1872
8994149,1872
8994699,1872
8995249,1872
8995799,1873
8996354,1873
8996905,1872
8997456,1872
8998006,1873
8998557,1873
8999108,1872
8999658,1873
9000210,1872
9000760,1873
9001315,1872
9001867,1872
9002417,1870
9002967,1877
9003518,1873
9004068,1873
9004618,1872
9005172,1873
9005724,1875
9006275,1872
9006826,1874
9007377,1874
9007927,1872
9008477,1876
9009028,1872
9009579,1873
9010130,1874
9010681,1873
9011232,1872
9011783,1872
9012337,1872
9012888,1872
9013438,1872
9013989,1872
9014539,1873
9015091,1872
9015642,1872
9016193,1872
9016743,1873
9017294,1875
9017845,1874
9018395,1872
9018947,1872
9019497,1872
9020048,1873
9020599,1871
9021150,1872
9021700,1873
9022251,1872
# end
