# sketch,characterise_v2loop
# mode_number,3
# mode_name,3_freerun_ts_before_v2_arithmetic
# label,D_b3
# ---- CHECK THE THREE LINES ABOVE BEFORE YOU KEEP THIS CAPTURE ----
# waiting 600 s for thermal settle - press any key to skip
# warm 0 s
# measuring bias (Feather 2 DC midpoint), as V2 does
# bias_volts,1.508970
# ----------------------------------------------------------
# n,16384
# fs_hz_window,1815.6270
# span_s,9.023329
# dt_mean_us,550.7403
# dt_sd_us,1.2193
# dt_min_us,549
# dt_max_us,566
# fs_hz_from_mean,1815.7379
# mean_code,1872.2292
# sd_code,0.9553
# min_code,1863
# max_code,1879
# mean_volts,1.508756
# sd_millivolts,0.7698
# adc,12bit_default_11dB_attenuation
# conv,linear_3.3_over_4095
# crossings_pos,2949
# crossings_neg,2949
# sink,1421945341
# ----------------------------------------------------------
t_us,code
0,1875
558,1872
1124,1873
1676,1872
2227,1872
2778,1872
3328,1872
3877,1872
4427,1874
4978,1872
5529,1872
6079,1872
6629,1872
7179,1872
7730,1877
8281,1872
8831,1872
9381,1873
9933,1872
10483,1874
11034,1872
11584,1872
12138,1873
12690,1872
13241,1872
13791,1872
14341,1873
14892,1872
15443,1872
15994,1874
16544,1872
17095,1871
17645,1872
18195,1872
18746,1872
19296,1873
19847,1874
20397,1872
20948,1871
21499,1873
22050,1872
22600,1872
23154,1874
23706,1872
24257,1872
24807,1872
25357,1875
25909,1872
26459,1872
27011,1872
27561,1872
28112,1872
28662,1873
29213,1873
29763,1873
30313,1872
30865,1872
31415,1871
31964,1872
32515,1872
33066,1872
33616,1872
34171,1874
34721,1871
35272,1872
35822,1874
36373,1876
36923,1877
37473,1873
38024,1872
38575,1873
39129,1872
39679,1872
40229,1872
40779,1872
41329,1872
41880,1872
42430,1873
42982,1872
43532,1873
44083,1872
44635,1872
45185,1874
45737,1874
46287,1873
46836,1875
47386,1871
47937,1874
48488,1872
49040,1873
49590,1872
50145,1872
50695,1872
51245,1873
51797,1872
52347,1873
52899,1872
53449,1872
53999,1872
54549,1872
55100,1872
55651,1872
56201,1873
56752,1873
57302,1873
57853,1869
58403,1872
58953,1872
59504,1872
60054,1872
60605,1874
61159,1875
61710,1873
62260,1872
62811,1872
63361,1872
63912,1872
64462,1872
65012,1872
65563,1872
66112,1872
66663,1872
67213,1872
67764,1874
68315,1874
68864,1872
69416,1872
69965,1872
70516,1872
71065,1872
71616,1872
72169,1872
72719,1872
73269,1874
73820,1877
74370,1874
74921,1874
75471,1875
76022,1872
76574,1871
77127,1872
77678,1875
78228,1872
78779,1872
79329,1875
79880,1872
80431,1875
80985,1872
81537,1872
82087,1872
82637,1872
83187,1872
83738,1872
84288,1872
84839,1872
85389,1872
85939,1872
86488,1873
87040,1873
87590,1874
88144,1872
88695,1872
89245,1875
89796,1872
90348,1872
90897,1873
91448,1872
92000,1872
92549,1872
93100,1875
93651,1872
94202,1872
94752,1872
95302,1873
95854,1872
96404,1872
96955,1874
97505,1872
98057,1873
98608,1872
99163,1874
99714,1872
100266,1873
100817,1872
101368,1872
101917,1872
102467,1873
103021,1873
103570,1874
104125,1873
104676,1873
105226,1874
105775,1873
106325,1872
106876,1873
107427,1872
107979,1872
108530,1871
109080,1872
109631,1872
110181,1877
110732,1872
111282,1872
111833,1873
112384,1872
112935,1875
113485,1872
114036,1872
114586,1872
115141,1870
115691,1871
116241,1872
116790,1877
117341,1872
117892,1872
118442,1873
118993,1871
119544,1873
120095,1873
120644,1873
121194,1872
121746,1873
122296,1874
122847,1872
123398,1872
123948,1873
124498,1872
125050,1873
125600,1873
126154,1873
126705,1872
127255,1872
127806,1872
128356,1872
128906,1873
129457,1872
130009,1873
130559,1874
131109,1872
131660,1872
132210,1872
132760,1873
133311,1872
133862,1872
134412,1872
134962,1872
135512,1872
136063,1872
136612,1872
137167,1872
137717,1875
138268,1872
138819,1873
139370,1872
139920,1875
140471,1872
141022,1872
141572,1872
142128,1872
142678,1874
143228,1874
143779,1873
144329,1873
144879,1872
145431,1872
145984,1872
146535,1875
147085,1872
147636,1874
148188,1871
148739,1873
149289,1872
149840,1872
150390,1872
150940,1875
151491,1872
152043,1872
152592,1872
153147,1873
153698,1872
154248,1873
154800,1873
155350,1874
155900,1872
156450,1872
157001,1871
157551,1872
158101,1872
158652,1872
159202,1872
159752,1872
160302,1871
160852,1872
161402,1872
161951,1873
162502,1872
163053,1873
163604,1874
164158,1873
164708,1872
165259,1873
165811,1872
166362,1873
166912,1872
167463,1872
168014,1874
168565,1872
169116,1872
169666,1874
170217,1873
170767,1874
171317,1871
171869,1872
172419,1872
172970,1872
173519,1872
174070,1873
174624,1872
175175,1872
175725,1872
176275,1872
176826,1872
177376,1872
177926,1875
178476,1873
179027,1873
179577,1872
180133,1872
180683,1874
181234,1872
181785,1873
182336,1871
182886,1872
183436,1872
183987,1875
184538,1872
185090,1873
185640,1872
186191,1870
186741,1872
187291,1872
187841,1872
188391,1874
188943,1871
189494,1873
190045,1872
190595,1872
191149,1872
191699,1872
192249,1872
192799,1874
193350,1873
193901,1872
194451,1871
195001,1873
195552,1875
196102,1872
196653,1872
197203,1872
197753,1872
198303,1874
198855,1873
199405,1872
199956,1872
200507,1872
201057,1874
201608,1872
202163,1872
202713,1872
203263,1873
203815,1873
204365,1872
204915,1872
205465,1871
206016,1874
206568,1872
207119,1873
207669,1872
208220,1872
208770,1872
209320,1873
209872,1872
210423,1872
210973,1872
211524,1872
212074,1873
212626,1873
213176,1872
213727,1873
214278,1872
214829,1877
215380,1873
215930,1873
216483,1872
217034,1873
217584,1873
218138,1872
218690,1872
219240,1872
219789,1872
220339,1873
220890,1873
221440,1870
221992,1872
222542,1872
223093,1872
223643,1875
224194,1872
224745,1872
225295,1872
225846,1874
226396,1872
226948,1872
227498,1872
228049,1873
228599,1872
229154,1872
229705,1873
230256,1870
230806,1873
231357,1872
231908,1872
232458,1872
233009,1872
233559,1874
234111,1871
234662,1872
235212,1872
235761,1873
236312,1872
236863,1874
237414,1872
237965,1873
238516,1871
239068,1870
239617,1872
240171,1873
240722,1873
241272,1873
241822,1873
242372,1872
242923,1874
243475,1872
244026,1874
244576,1872
245132,1872
245681,1873
246232,1875
246782,1872
247334,1874
247885,1872
248435,1873
248987,1874
249537,1872
250088,1873
250640,1873
251190,1873
251740,1872
252291,1872
252842,1873
253392,1872
253942,1872
254492,1872
255042,1872
255592,1872
256147,1873
256698,1873
257248,1872
257799,1872
258349,1874
258901,1872
259451,1872
260002,1872
260551,1873
261103,1872
261653,1875
262204,1874
262754,1872
263306,1872
263855,1872
264405,1873
264956,1872
265508,1872
266058,1874
266609,1872
267164,1872
267713,1873
268264,1872
268816,1872
269366,1874
269917,1875
270467,1874
271020,1872
271571,1872
272126,1872
272677,1872
273227,1872
273777,1873
274328,1874
274877,1872
275428,1872
275980,1872
276529,1872
277079,1873
277631,1873
278181,1872
278732,1872
279282,1873
279833,1873
280383,1877
280934,1873
281484,1874
282034,1872
282586,1873
283141,1873
283691,1872
284241,1872
284792,1872
285342,1872
285893,1872
286443,1872
286994,1873
287544,1872
288095,1872
288645,1872
289195,1872
289745,1872
290295,1873
290845,1872
291396,1873
291948,1872
292498,1872
293048,1872
293598,1870
294152,1872
294703,1874
295254,1872
295804,1872
296354,1873
296906,1872
297457,1872
298007,1872
298557,1872
299107,1872
299658,1872
300208,1872
300758,1872
301308,1873
301858,1872
302409,1868
302959,1874
303510,1873
304060,1875
304610,1872
305165,1874
305716,1872
306267,1870
306818,1872
307367,1872
307917,1872
308467,1872
309021,1872
309570,1872
310125,1872
310675,1871
311225,1872
311775,1872
312325,1872
312875,1872
313425,1872
313977,1872
314526,1872
315076,1869
315626,1872
316176,1872
316727,1872
317277,1872
317827,1873
318378,1872
318930,1873
319480,1873
320030,1872
320582,1872
321136,1872
321686,1872
322236,1872
322786,1872
323336,1872
323887,1873
324437,1872
324989,1870
325538,1872
326089,1872
326639,1872
327189,1873
327740,1873
328290,1872
328841,1872
329391,1872
329942,1872
330491,1873
331042,1872
331593,1872
332147,1874
332698,1877
333248,1874
333799,1872
334349,1873
334901,1872
335452,1873
336002,1872
336554,1872
337104,1873
337655,1872
338206,1873
338756,1872
339307,1875
339859,1873
340409,1874
340959,1874
341508,1872
342059,1872
342609,1872
343163,1874
343714,1872
344264,1873
344815,1874
345365,1872
345916,1873
346467,1872
347020,1873
347571,1872
348126,1872
348676,1873
349227,1872
349779,1872
350329,1873
350880,1872
351430,1872
351984,1872
352535,1872
353085,1872
353635,1872
354185,1871
354736,1873
355287,1872
355838,1872
356388,1873
356938,1872
357490,1872
358040,1871
358591,1871
359145,1871
359696,1872
360246,1872
360796,1872
361346,1872
361896,1873
362447,1873
362998,1876
363549,1873
364098,1872
364649,1878
365200,1872
365752,1876
366302,1872
366852,1874
367403,1872
367955,1872
368504,1872
369054,1873
369605,1874
370159,1874
370709,1872
371260,1872
371811,1873
372362,1872
372913,1872
373463,1872
374013,1872
374563,1871
375113,1872
375663,1873
376214,1872
376766,1873
377316,1873
377867,1872
378417,1872
378968,1872
379518,1872
380068,1872
380618,1874
381173,1872
381723,1872
382273,1872
382823,1871
383374,1872
383923,1872
384474,1873
385025,1872
385575,1873
386131,1872
386681,1871
387231,1872
387782,1872
388332,1872
388882,1873
389433,1873
389986,1872
390537,1872
391087,1874
391638,1872
392189,1874
392741,1872
393291,1872
393841,1872
394391,1872
394942,1872
395491,1872
396041,1871
396591,1873
397146,1873
397696,1872
398246,1874
398796,1872
399347,1872
399898,1874
400449,1871
401000,1874
401550,1872
402101,1875
402652,1873
403202,1872
403754,1872
404304,1872
404854,1873
405405,1872
405956,1874
406507,1872
407058,1874
407609,1875
408163,1872
408713,1872
409263,1872
409814,1872
410364,1872
410913,1872
411463,1872
412016,1872
412566,1872
413117,1872
413667,1872
414218,1874
414768,1872
415319,1872
415869,1873
416420,1871
416971,1872
417521,1873
418072,1873
418624,1873
419174,1871
419725,1875
420276,1877
420827,1872
421377,1873
421928,1872
422478,1872
423029,1872
423579,1873
424134,1873
424685,1872
425235,1872
425786,1872
426336,1872
426887,1872
427437,1872
427989,1872
428540,1871
429090,1872
429640,1872
430190,1872
430740,1872
431290,1872
431840,1874
432391,1872
432942,1872
433493,1872
434043,1873
434593,1871
435149,1872
435699,1872
436249,1872
436800,1873
437350,1872
437902,1873
438453,1873
439003,1873
439553,1874
440104,1872
440655,1873
441206,1872
441756,1873
442307,1872
442859,1872
443409,1874
443961,1871
444511,1872
445061,1872
445611,1875
446166,1873
446716,1873
447266,1872
447818,1872
448368,1872
448917,1873
449469,1874
450021,1872
450571,1872
451126,1872
451676,1873
452227,1873
452778,1875
453328,1873
453877,1872
454428,1872
454979,1873
455530,1873
456080,1872
456631,1873
457182,1872
457733,1872
458283,1873
458834,1872
459385,1872
459936,1875
460486,1872
461038,1874
461589,1873
462143,1873
462693,1870
463244,1872
463795,1872
464345,1872
464895,1875
465446,1872
465998,1872
466548,1872
467099,1873
467650,1873
468200,1873
468750,1872
469301,1873
469852,1872
470404,1872
470954,1871
471504,1872
472054,1872
472604,1872
473158,1873
473710,1872
474261,1872
474810,1873
475361,1872
475913,1872
476463,1872
477014,1873
477565,1872
478116,1872
478666,1874
479217,1870
479768,1872
480318,1871
480868,1874
481419,1874
481970,1872
482521,1872
483071,1872
483624,1873
484174,1873
484725,1872
485276,1872
485826,1873
486377,1874
486928,1872
487479,1873
488030,1872
488580,1872
489134,1872
489685,1872
490235,1873
490786,1872
491336,1872
491887,1871
492437,1872
492987,1872
493537,1872
494088,1872
494638,1872
495188,1872
495738,1872
496288,1874
496839,1871
497389,1872
497940,1872
498490,1872
499040,1872
499591,1872
500145,1873
500697,1875
501247,1873
501796,1872
502347,1872
502897,1873
503448,1871
503999,1872
504549,1873
505100,1875
505651,1872
506201,1874
506752,1872
507302,1872
507853,1873
508403,1872
508955,1873
509505,1872
510057,1872
510606,1872
511162,1872
511712,1871
512262,1872
512813,1870
513363,1872
513914,1872
514464,1872
515016,1874
515566,1873
516116,1873
516666,1872
517217,1872
517768,1872
518318,1872
518868,1872
519418,1872
519968,1872
520518,1875
521070,1872
521624,1873
522174,1873
522724,1873
523275,1873
523825,1872
524376,1872
524927,1874
525478,1871
526029,1872
526578,1873
527133,1872
527685,1872
528235,1872
528786,1873
529337,1873
529888,1872
530439,1873
530990,1872
531541,1872
532091,1872
532640,1873
533191,1872
533742,1873
534293,1873
534843,1872
535394,1872
535944,1872
536494,1872
537045,1871
537596,1872
538150,1874
538701,1873
539251,1872
539802,1872
540352,1873
540904,1873
541454,1872
542005,1872
542555,1872
543106,1872
543657,1873
544208,1872
544759,1873
545309,1872
545860,1872
546410,1872
546961,1872
547511,1872
548061,1873
548612,1872
549167,1873
549718,1871
550269,1872
550820,1875
551371,1872
551921,1872
552471,1872
553021,1872
553571,1871
554126,1872
554677,1874
555228,1873
555777,1874
556327,1872
556879,1873
557430,1874
557981,1871
558531,1872
559081,1873
559633,1870
560183,1874
560734,1873
561284,1872
561835,1872
562385,1872
562936,1872
563485,1872
564035,1874
564586,1872
565142,1872
565692,1872
566242,1872
566793,1874
567344,1873
567894,1872
568445,1872
568996,1872
569545,1872
570095,1872
570646,1872
571196,1872
571746,1872
572296,1873
572847,1872
573398,1873
573949,1872
574500,1872
575051,1872
575601,1872
576155,1871
576706,1872
577256,1872
577806,1872
578356,1875
578907,1872
579459,1874
580009,1873
580559,1872
581111,1872
581661,1872
582211,1872
582761,1874
583312,1874
583862,1872
584413,1872
584964,1875
585515,1874
586064,1873
586615,1873
587168,1873
587718,1871
588268,1876
588819,1873
589369,1872
589920,1872
590470,1872
591021,1874
591573,1870
592127,1872
592678,1873
593228,1874
593778,1872
594329,1872
594880,1872
595430,1872
595980,1872
596530,1874
597081,1873
597631,1873
598181,1874
598732,1872
599282,1872
599832,1872
600382,1872
600933,1875
601484,1872
602035,1872
602585,1872
603139,1872
603690,1872
604240,1872
604789,1873
605340,1872
605892,1872
606442,1872
606992,1872
607543,1873
608093,1872
608644,1872
609194,1873
609745,1872
610296,1873
610848,1871
611399,1872
611948,1874
612499,1872
613050,1874
613602,1873
614156,1872
614706,1873
615257,1872
615809,1872
616359,1872
616910,1874
617460,1873
618011,1871
618562,1872
619113,1872
619664,1872
620214,1872
620765,1872
621315,1870
621866,1872
622416,1872
622967,1872
623516,1872
624067,1872
624617,1872
625172,1872
625721,1873
626273,1872
626824,1874
627374,1872
627926,1874
628476,1872
629027,1873
629578,1871
630134,1873
630685,1872
631235,1872
631786,1872
632336,1872
632887,1873
633438,1872
633989,1872
634539,1872
635090,1872
635639,1872
636189,1875
636740,1872
637291,1872
637841,1872
638391,1872
638941,1872
639491,1872
640041,1871
640591,1872
641145,1873
641697,1870
642247,1872
642798,1872
643348,1872
643897,1874
644448,1872
644999,1872
645550,1872
646099,1872
646649,1872
647199,1873
647751,1872
648301,1872
648852,1872
649402,1872
649952,1872
650502,1872
651052,1872
651602,1872
652157,1871
652707,1871
653257,1872
653807,1873
654358,1875
654909,1872
655459,1871
656011,1873
656562,1872
657113,1873
657663,1871
658214,1872
658765,1873
659316,1870
659867,1873
660417,1872
660968,1872
661517,1871
662067,1872
662617,1872
663172,1872
663721,1872
664271,1872
664821,1872
665371,1873
665922,1872
666474,1872
667025,1872
667576,1871
668130,1874
668680,1872
669231,1872
669781,1873
670332,1872
670883,1872
671433,1872
671986,1872
672536,1875
673087,1872
673639,1873
674189,1873
674739,1873
675289,1871
675840,1874
676391,1873
676941,1872
677492,1872
678042,1872
678592,1871
679146,1872
679697,1871
680247,1872
680797,1873
681347,1872
681899,1872
682449,1872
682999,1873
683551,1872
684101,1870
684652,1872
685202,1873
685752,1870
686303,1872
686854,1873
687405,1872
687955,1872
688505,1874
689056,1873
689606,1872
690161,1872
690712,1872
691262,1876
691813,1873
692363,1872
692915,1872
693465,1873
694017,1873
694567,1872
695119,1873
695670,1872
696220,1871
696770,1874
697321,1871
697873,1872
698423,1872
698972,1871
699523,1863
700073,1872
700624,1873
701175,1872
701725,1872
702276,1870
702827,1873
703378,1877
703928,1870
704480,1872
705031,1874
705582,1872
706137,1872
706687,1873
707238,1872
707790,1872
708340,1872
708890,1872
709440,1872
709991,1871
710541,1872
711091,1872
711642,1871
712192,1872
712741,1872
713291,1870
713841,1872
714391,1872
714942,1872
715491,1873
716042,1871
716594,1874
717148,1875
717698,1872
718249,1872
718800,1872
719350,1872
719900,1872
720450,1872
721000,1873
721551,1872
722103,1872
722653,1872
723203,1873
723754,1872
724305,1872
724855,1875
725406,1872
725957,1873
726509,1875
727058,1875
727608,1872
728164,1872
728714,1872
729264,1872
729814,1872
730364,1872
730915,1873
731465,1874
732017,1872
732567,1872
733117,1872
733667,1873
734219,1872
734770,1872
735320,1873
735870,1873
736420,1873
736971,1872
737521,1872
738071,1873
738624,1873
739175,1872
739725,1872
740275,1874
740826,1872
741377,1872
741928,1873
742478,1872
743029,1872
743579,1872
744134,1872
744684,1872
745234,1872
745785,1872
746335,1872
746885,1872
747435,1872
747987,1872
748537,1872
749087,1873
749638,1872
750189,1875
750740,1874
751290,1872
751841,1873
752392,1873
752942,1872
753494,1872
754043,1872
754593,1871
755147,1872
755697,1873
756249,1872
756800,1872
757350,1872
757901,1872
758451,1871
759001,1871
759551,1872
760101,1875
760652,1872
761203,1872
761753,1872
762303,1871
762854,1872
763404,1872
763953,1872
764503,1872
765054,1872
765603,1872
766157,1873
766708,1872
767259,1873
767811,1874
768361,1872
768911,1871
769461,1873
770013,1872
770563,1872
771113,1872
771663,1872
772213,1872
772764,1872
773314,1872
773863,1872
774413,1872
774963,1872
775514,1873
776064,1873
776615,1872
777169,1871
777719,1872
778269,1872
778820,1873
779370,1873
779921,1874
780471,1872
781022,1874
781573,1872
782127,1872
782678,1872
783228,1872
783778,1872
784329,1873
784880,1874
785430,1873
785984,1873
786535,1873
787086,1872
787637,1872
788187,1872
788738,1873
789289,1872
789840,1874
790391,1873
790941,1872
791492,1871
792043,1872
792593,1872
793148,1872
793698,1874
794249,1873
794799,1872
795349,1873
795901,1872
796451,1871
797002,1872
797551,1871
798102,1872
798652,1872
799202,1872
799753,1872
800302,1873
800854,1873
801404,1872
801956,1872
802505,1872
803055,1873
803606,1872
804161,1872
804712,1870
805262,1872
805813,1872
806363,1871
806912,1872
807462,1872
808013,1872
808563,1872
809113,1872
809664,1872
810214,1872
810763,1872
811313,1872
811863,1872
812413,1873
812964,1872
813516,1872
814066,1872
814617,1872
815170,1872
815721,1872
816271,1872
816821,1872
817371,1872
817922,1872
818472,1871
819023,1872
819572,1872
820127,1872
820677,1872
821227,1875
821777,1872
822328,1871
822879,1873
823430,1873
823981,1872
824531,1872
825081,1872
825631,1872
826181,1872
826732,1872
827282,1871
827833,1873
828384,1872
828934,1872
829484,1872
830034,1873
830585,1872
831141,1872
831691,1872
832241,1876
832792,1872
833342,1872
833892,1873
834443,1873
834994,1873
835544,1874
836094,1872
836645,1872
837195,1872
837746,1873
838297,1872
838847,1872
839397,1872
839948,1872
840499,1872
841049,1873
841600,1872
842155,1872
842706,1872
843256,1871
843806,1872
844356,1872
844906,1872
845456,1872
846007,1872
846558,1872
847108,1872
847659,1872
848209,1872
848759,1872
849309,1872
849860,1875
850411,1872
850962,1873
851512,1872
852064,1872
852613,1872
853167,1872
853718,1872
854268,1871
854818,1872
855368,1875
855920,1873
856470,1872
857021,1875
857572,1872
858127,1872
858678,1872
859228,1873
859780,1872
860331,1872
860881,1872
861431,1872
861985,1873
862537,1873
863086,1872
863638,1872
864188,1873
864739,1873
865289,1872
865841,1872
866391,1872
866941,1872
867491,1872
868042,1872
868592,1872
869146,1872
869697,1872
870247,1869
870797,1872
871347,1873
871897,1873
872447,1873
872999,1872
873549,1873
874100,1872
874651,1872
875201,1873
875753,1872
876304,1873
876855,1873
877405,1872
877957,1872
878506,1873
879058,1871
879608,1873
880163,1872
880714,1870
881265,1872
881815,1872
882365,1872
882915,1872
883465,1873
884016,1872
884567,1873
885118,1872
885670,1872
886220,1872
886770,1872
887320,1874
887872,1873
888422,1873
888971,1869
889522,1871
890073,1872
890624,1872
891174,1872
891724,1872
892274,1874
892826,1874
893376,1872
893927,1873
894477,1873
895027,1872
895578,1872
896132,1873
896683,1872
897234,1872
897785,1875
898336,1872
898887,1872
899437,1873
899988,1872
900539,1872
901089,1872
901639,1872
902189,1871
902739,1872
903289,1872
903840,1872
904390,1872
904941,1874
905491,1873
906041,1872
906592,1872
907146,1872
907696,1872
908246,1872
908796,1871
909347,1870
909896,1871
910446,1871
910997,1872
911548,1872
912098,1872
912648,1874
913199,1872
913751,1872
914300,1871
914850,1872
915400,1872
915950,1872
916501,1872
917051,1872
917600,1872
918154,1875
918705,1872
919256,1872
919806,1871
920356,1871
920906,1872
921456,1872
922008,1872
922557,1872
923107,1872
923658,1872
924208,1872
924757,1872
925307,1870
925857,1875
926408,1872
926959,1873
927510,1872
928061,1872
928611,1875
929166,1872
929716,1872
930266,1871
930817,1872
931367,1872
931917,1872
932467,1872
933020,1872
933570,1872
934125,1872
934676,1872
935226,1872
935775,1872
936325,1872
936876,1872
937426,1872
937977,1872
938528,1872
939078,1872
939628,1873
940179,1871
940730,1872
941280,1872
941831,1872
942381,1872
942931,1872
943481,1871
944031,1872
944582,1872
945136,1873
945687,1873
946237,1872
946788,1872
947338,1872
947888,1873
948439,1871
948991,1872
949541,1872
950092,1872
950642,1872
951192,1872
951743,1874
952294,1871
952845,1874
953396,1872
953946,1872
954496,1872
955046,1872
955596,1872
956150,1872
956700,1872
957250,1872
957801,1873
958351,1870
958902,1872
959452,1873
960004,1872
960555,1872
961105,1874
961655,1872
962206,1873
962758,1877
963308,1872
963860,1872
964410,1872
964960,1872
965510,1872
966060,1872
966611,1874
967166,1874
967716,1872
968267,1872
968818,1873
969369,1873
969918,1872
970469,1872
971021,1872
971571,1872
972126,1872
972677,1873
973228,1873
973777,1871
974328,1873
974879,1872
975430,1872
975984,1872
976535,1874
977086,1873
977637,1873
978187,1871
978739,1872
979289,1872
979840,1872
980390,1874
980942,1872
981492,1872
982043,1871
982593,1873
983148,1872
983699,1873
984250,1873
984801,1872
985351,1872
985901,1872
986451,1874
987003,1873
987552,1872
988104,1873
988655,1872
989205,1871
989755,1871
990305,1872
990855,1876
991406,1873
991956,1872
992508,1872
993058,1872
993608,1872
994162,1872
994713,1871
995263,1872
995813,1872
996363,1874
996913,1874
997463,1872
998015,1872
998565,1870
999115,1871
999665,1873
1000216,1872
1000767,1872
1001317,1872
1001867,1872
1002417,1872
1002968,1872
1003517,1872
1004067,1872
1004618,1872
1005172,1872
1005721,1872
1006271,1872
1006821,1877
1007372,1873
1007923,1872
1008473,1872
1009024,1872
1009573,1871
1010127,1872
1010678,1873
1011229,1872
1011779,1872
1012329,1872
1012879,1872
1013430,1872
1013980,1872
1014530,1872
1015080,1872
1015631,1872
1016181,1872
1016730,1872
1017281,1872
1017831,1873
1018382,1872
1018932,1872
1019483,1872
1020032,1872
1020582,1872
1021136,1872
1021686,1872
1022236,1872
1022786,1872
1023336,1872
1023886,1872
1024437,1872
1024987,1872
1025537,1872
1026087,1872
1026638,1872
1027188,1872
1027738,1872
1028288,1872
1028838,1872
1029388,1874
1029939,1874
1030489,1874
1031039,1873
1031590,1872
1032144,1870
1032694,1872
1033244,1871
1033794,1873
1034345,1872
1034896,1872
1035446,1871
1035996,1872
1036546,1873
1037097,1872
1037649,1872
1038199,1872
1038748,1872
1039298,1872
1039848,1872
1040398,1872
1040948,1871
1041498,1872
1042048,1872
1042598,1873
1043153,1872
1043705,1872
1044255,1872
1044806,1873
1045357,1872
1045907,1872
1046457,1872
1047008,1873
1047558,1873
1048108,1872
1048660,1873
1049211,1873
1049760,1872
1050311,1874
1050862,1873
1051412,1870
1051964,1872
1052515,1872
1053066,1872
1053616,1872
1054169,1873
1054720,1872
1055271,1872
1055821,1873
1056372,1871
1056923,1872
1057473,1873
1058025,1872
1058576,1872
1059130,1872
1059680,1872
1060230,1873
1060781,1872
1061332,1873
1061883,1872
1062435,1872
1062987,1872
1063537,1873
1064088,1873
1064638,1872
1065188,1872
1065738,1873
1066289,1872
1066840,1872
1067390,1875
1067942,1873
1068491,1874
1069041,1872
1069592,1872
1070147,1872
1070696,1873
1071247,1872
1071798,1873
1072349,1874
1072899,1871
1073451,1872
1074001,1872
1074552,1872
1075102,1873
1075653,1872
1076203,1874
1076753,1872
1077304,1872
1077854,1872
1078404,1872
1078954,1872
1079504,1873
1080056,1873
1080606,1872
1081162,1873
1081712,1872
1082263,1872
1082813,1872
1083363,1872
1083914,1872
1084464,1874
1085016,1877
1085565,1872
1086117,1873
1086667,1872
1087219,1872
1087768,1874
1088319,1872
1088870,1873
1089421,1872
1089973,1872
1090523,1872
1091073,1873
1091624,1873
1092174,1872
1092725,1872
1093275,1872
1093825,1872
1094375,1873
1094927,1872
1095478,1872
1096028,1872
1096577,1872
1097131,1872
1097681,1872
1098231,1873
1098782,1872
1099333,1872
1099883,1872
1100433,1872
1100986,1873
1101537,1872
1102088,1875
1102639,1875
1103189,1873
1103740,1872
1104290,1873
1104841,1872
1105392,1872
1105942,1872
1106492,1872
1107043,1872
1107592,1872
1108146,1871
1108696,1873
1109247,1872
1109799,1872
1110349,1872
1110899,1873
1111450,1872
1112002,1872
1112551,1873
1113102,1872
1113652,1872
1114202,1876
1114754,1872
1115304,1872
1115854,1873
1116405,1872
1116956,1872
1117507,1872
1118057,1872
1118607,1872
1119163,1872
1119712,1871
1120262,1873
1120813,1872
1121364,1873
1121916,1872
1122466,1874
1123021,1875
1123571,1872
1124126,1872
1124676,1872
1125226,1875
1125778,1872
1126328,1873
1126878,1872
1127429,1872
1127981,1872
1128530,1872
1129080,1870
1129631,1872
1130181,1873
1130732,1872
1131282,1872
1131833,1872
1132383,1872
1132933,1872
1133484,1872
1134034,1872
1134584,1872
1135138,1872
1135689,1872
1136239,1872
1136789,1873
1137340,1873
1137890,1874
1138441,1873
1138991,1873
1139541,1875
1140092,1872
1140643,1871
1141193,1872
1141743,1873
1142293,1872
1142844,1872
1143394,1871
1143944,1872
1144494,1872
1145045,1872
1145595,1872
1146149,1872
1146699,1872
1147249,1872
1147800,1872
1148350,1874
1148901,1872
1149451,1872
1150001,1872
1150551,1872
1151101,1872
1151652,1872
1152202,1872
1152752,1873
1153302,1872
1153854,1871
1154404,1873
1154955,1872
1155505,1872
1156056,1872
1156605,1873
1157160,1872
1157712,1871
1158262,1872
1158812,1872
1159362,1872
1159912,1874
1160463,1872
1161016,1872
1161565,1872
1162115,1872
1162666,1872
1163216,1872
1163766,1873
1164316,1873
1164867,1874
1165417,1871
1165968,1872
1166518,1872
1167068,1870
1167618,1872
1168173,1872
1168723,1872
1169273,1875
1169823,1873
1170373,1871
1170925,1872
1171475,1872
1172025,1875
1172577,1871
1173132,1874
1173682,1872
1174233,1872
1174784,1872
1175334,1871
1175883,1872
1176434,1872
1176986,1872
1177537,1872
1178087,1872
1178638,1873
1179188,1872
1179739,1872
1180289,1872
1180840,1875
1181391,1872
1181941,1872
1182491,1873
1183043,1873
1183593,1873
1184147,1872
1184698,1871
1185248,1875
1185799,1872
1186350,1872
1186901,1872
1187451,1872
1188001,1873
1188552,1872
1189104,1872
1189653,1873
1190204,1871
1190755,1872
1191305,1872
1191856,1873
1192407,1872
1192957,1872
1193507,1872
1194057,1873
1194608,1871
1195164,1872
1195714,1872
1196264,1872
1196814,1872
1197364,1873
1197916,1874
1198466,1872
1199021,1872
1199571,1873
1200127,1874
1200677,1872
1201227,1874
1201777,1872
1202328,1873
1202880,1872
1203430,1872
1203984,1873
1204535,1873
1205086,1872
1205636,1872
1206187,1872
1206736,1872
1207286,1872
1207836,1874
1208387,1872
1208939,1873
1209489,1872
1210040,1872
1210591,1874
1211146,1873
1211696,1872
1212247,1872
1212798,1874
1213348,1872
1213900,1872
1214450,1872
1215000,1872
1215550,1872
1216100,1872
1216651,1872
1217201,1872
1217752,1872
1218302,1872
1218852,1872
1219402,1872
1219953,1872
1220502,1873
1221053,1872
1221604,1874
1222159,1873
1222709,1872
1223260,1871
1223811,1872
1224361,1874
1224913,1872
1225463,1872
1226015,1872
1226565,1872
1227115,1872
1227666,1872
1228216,1872
1228766,1872
1229316,1873
1229867,1874
1230418,1874
1230968,1872
1231518,1873
1232070,1873
1232624,1872
1233175,1872
1233726,1873
1234276,1872
1234827,1872
1235377,1874
1235928,1873
1236478,1872
1237030,1874
1237580,1873
1238134,1872
1238686,1872
1239236,1870
1239786,1871
1240336,1872
1240887,1872
1241437,1871
1241989,1872
1242538,1872
1243088,1874
1243639,1873
1244189,1872
1244740,1874
1245291,1875
1245841,1872
1246392,1872
1246942,1872
1247492,1872
1248042,1873
1248593,1873
1249147,1872
1249698,1872
1250248,1873
1250800,1872
1251350,1871
1251901,1873
1252451,1867
1253003,1871
1253552,1874
1254104,1873
1254653,1872
1255204,1872
1255754,1877
1256305,1872
1256856,1873
1257407,1872
1257958,1873
1258509,1872
1259060,1872
1259610,1872
1260164,1873
1260714,1872
1261265,1874
1261816,1872
1262368,1873
1262919,1871
1263470,1872
1264020,1872
1264570,1873
1265125,1871
1265677,1872
1266227,1872
1266777,1873
1267328,1872
1267880,1872
1268430,1877
1268985,1872
1269537,1872
1270086,1873
1270638,1872
1271189,1872
1271739,1873
1272290,1872
1272842,1872
1273392,1872
1273942,1872
1274493,1872
1275043,1872
1275592,1872
1276146,1875
1276698,1873
1277248,1872
1277800,1872
1278350,1873
1278901,1872
1279452,1871
1280003,1872
1280553,1872
1281104,1872
1281653,1871
1282203,1872
1282753,1873
1283304,1874
1283855,1873
1284405,1872
1284956,1873
1285508,1875
1286058,1872
1286609,1872
1287163,1873
1287714,1872
1288264,1872
1288814,1872
1289364,1872
1289914,1873
1290465,1872
1291016,1872
1291566,1871
1292116,1872
1292667,1872
1293217,1872
1293766,1873
1294317,1873
1294868,1872
1295419,1871
1295969,1872
1296519,1872
1297070,1873
1297624,1872
1298175,1873
1298725,1872
1299276,1872
1299827,1874
1300378,1872
1300928,1872
1301478,1872
1302029,1873
1302579,1874
1303133,1873
1303684,1874
1304234,1873
1304785,1872
1305336,1872
1305885,1872
1306435,1872
1306987,1872
1307537,1873
1308088,1871
1308638,1872
1309188,1872
1309738,1872
1310288,1872
1310838,1872
1311388,1874
1311940,1872
1312490,1873
1313041,1872
1313592,1872
1314146,1872
1314697,1873
1315247,1869
1315799,1872
1316349,1873
1316901,1872
1317451,1872
1318002,1872
1318552,1874
1319104,1872
1319654,1872
1320204,1873
1320755,1872
1321306,1872
1321856,1873
1322407,1872
1322958,1872
1323509,1875
1324059,1874
1324609,1871
1325164,1873
1325714,1872
1326265,1872
1326815,1872
1327365,1872
1327915,1875
1328466,1872
1329021,1872
1329570,1872
1330125,1872
1330676,1872
1331226,1873
1331776,1871
1332327,1872
1332877,1870
1333427,1870
1333978,1874
1334530,1872
1335081,1872
1335631,1873
1336181,1872
1336732,1871
1337282,1872
1337832,1872
1338382,1873
1338934,1872
1339484,1873
1340036,1872
1340586,1872
1341141,1872
1341691,1872
1342241,1872
1342792,1872
1343342,1873
1343894,1872
1344444,1872
1344994,1872
1345544,1872
1346094,1872
1346644,1874
1347195,1873
1347745,1872
1348296,1871
1348847,1872
1349396,1872
1349947,1872
1350496,1872
1351046,1873
1351598,1872
1352152,1872
1352702,1872
1353252,1871
1353802,1872
1354352,1875
1354903,1873
1355453,1869
1356005,1872
1356556,1873
1357106,1874
1357657,1873
1358207,1872
1358759,1872
1359309,1872
1359859,1872
1360409,1872
1360960,1872
1361509,1873
1362060,1871
1362611,1872
1363165,1869
1363714,1872
1364264,1872
1364815,1872
1365365,1874
1365916,1874
1366466,1872
1367021,1872
1367571,1875
1368126,1872
1368678,1872
1369228,1872
1369779,1873
1370330,1872
1370881,1872
1371431,1875
1371985,1872
1372537,1872
1373087,1871
1373638,1872
1374188,1872
1374738,1872
1375288,1872
1375838,1875
1376388,1874
1376939,1872
1377489,1872
1378040,1871
1378591,1869
1379145,1873
1379697,1871
1380247,1872
1380797,1874
1381348,1872
1381900,1872
1382450,1870
1383000,1874
1383551,1872
1384102,1872
1384652,1872
1385202,1873
1385754,1872
1386304,1872
1386854,1872
1387404,1872
1387955,1872
1388504,1872
1389055,1872
1389604,1875
1390159,1872
1390710,1872
1391260,1872
1391811,1872
1392360,1873
1392912,1872
1393462,1872
1394013,1872
1394563,1873
1395114,1872
1395666,1871
1396216,1872
1396766,1872
1397316,1872
1397867,1872
1398417,1872
1398966,1872
1399516,1872
1400066,1872
1400617,1872
1401171,1875
1401721,1872
1402272,1872
1402822,1874
1403373,1872
1403924,1872
1404475,1872
1405025,1872
1405575,1872
1406129,1872
1406679,1875
1407230,1873
1407779,1872
1408330,1873
1408882,1872
1409432,1872
1409985,1873
1410536,1872
1411087,1873
1411638,1872
1412189,1872
1412739,1872
1413289,1873
1413840,1873
1414390,1872
1414941,1872
1415491,1872
1416041,1873
1416593,1872
1417147,1872
1417698,1872
1418248,1872
1418798,1873
1419349,1872
1419901,1872
1420451,1872
1421001,1871
1421551,1872
1422101,1872
1422651,1872
1423201,1872
1423752,1874
1424303,1872
1424854,1870
1425404,1872
1425954,1872
1426504,1872
1427054,1873
1427605,1872
1428160,1872
1428711,1872
1429261,1872
1429811,1873
1430362,1873
1430913,1873
1431463,1874
1432014,1872
1432565,1873
1433116,1872
1433667,1873
1434218,1872
1434770,1872
1435320,1872
1435870,1872
1436421,1872
1436970,1873
1437521,1872
1438073,1872
1438624,1873
1439174,1872
1439726,1872
1440275,1874
1440827,1875
1441377,1873
1441928,1873
1442477,1873
1443027,1874
1443577,1871
1444132,1873
1444684,1872
1445235,1874
1445786,1872
1446336,1873
1446887,1873
1447437,1872
1447989,1874
1448539,1873
1449090,1872
1449640,1872
1450190,1874
1450741,1872
1451293,1872
1451842,1872
1452392,1872
1452942,1872
1453492,1872
1454043,1872
1454593,1872
1455148,1872
1455698,1874
1456249,1871
1456800,1872
1457350,1872
1457901,1872
1458451,1870
1459001,1876
1459553,1875
1460104,1872
1460654,1872
1461204,1872
1461754,1872
1462304,1871
1462855,1872
1463405,1873
1463955,1874
1464505,1871
1465057,1872
1465606,1874
1466161,1872
1466712,1872
1467262,1872
1467813,1872
1468363,1872
1468913,1872
1469463,1872
1470016,1872
1470565,1872
1471116,1875
1471667,1872
1472217,1872
1472767,1872
1473317,1872
1473867,1872
1474417,1874
1474968,1872
1475519,1874
1476071,1872
1476624,1873
1477175,1872
1477725,1873
1478276,1873
1478827,1872
1479377,1873
1479928,1872
1480482,1872
1481032,1875
1481583,1872
1482138,1873
1482690,1872
1483241,1873
1483791,1874
1484341,1873
1484892,1872
1485443,1871
1485993,1872
1486544,1872
1487093,1872
1487644,1872
1488194,1872
1488744,1872
1489294,1872
1489845,1872
1490394,1872
1490944,1873
1491496,1873
1492045,1873
1492595,1872
1493151,1872
1493700,1872
1494250,1872
1494800,1872
1495350,1872
1495900,1872
1496450,1872
1497000,1873
1497551,1872
1498102,1873
1498653,1872
1499204,1872
1499754,1872
1500304,1872
1500855,1872
1501405,1872
1501955,1872
1502505,1869
1503055,1871
1503606,1873
1504160,1872
1504712,1873
1505262,1875
1505813,1872
1506364,1872
1506914,1872
1507464,1872
1508016,1872
1508565,1872
1509115,1871
1509665,1873
1510216,1872
1510768,1872
1511318,1872
1511868,1872
1512418,1871
1512969,1872
1513518,1872
1514069,1873
1514624,1872
1515174,1871
1515724,1872
1516274,1871
1516825,1872
1517375,1872
1517924,1869
1518475,1872
1519024,1872
1519575,1868
1520129,1872
1520678,1871
1521228,1872
1521778,1872
1522328,1871
1522879,1872
1523429,1871
1523979,1872
1524529,1872
1525079,1872
1525630,1872
1526180,1874
1526731,1871
1527281,1872
1527832,1872
1528382,1872
1528932,1873
1529483,1873
1530032,1871
1530583,1873
1531138,1873
1531688,1872
1532240,1872
1532789,1871
1533340,1873
1533890,1871
1534441,1870
1534992,1872
1535542,1872
1536093,1873
1536644,1872
1537194,1872
1537745,1873
1538296,1877
1538845,1873
1539395,1872
1539946,1875
1540497,1872
1541048,1872
1541598,1872
1542152,1872
1542702,1872
1543252,1872
1543802,1872
1544352,1875
1544903,1872
1545454,1873
1546005,1872
1546556,1871
1547106,1872
1547656,1873
1548207,1872
1548759,1873
1549310,1872
1549860,1873
1550411,1873
1550962,1872
1551512,1872
1552062,1872
1552612,1871
1553167,1874
1553717,1873
1554267,1872
1554819,1872
1555369,1872
1555920,1872
1556470,1870
1557020,1873
1557571,1870
1558126,1872
1558676,1872
1559226,1872
1559777,1872
1560327,1874
1560878,1873
1561428,1872
1561980,1872
1562530,1875
1563081,1873
1563632,1872
1564182,1872
1564732,1873
1565283,1872
1565834,1874
1566385,1872
1566936,1872
1567487,1872
1568037,1873
1568587,1872
1569143,1872
1569692,1872
1570242,1871
1570793,1872
1571343,1872
1571893,1872
1572443,1872
1572993,1872
1573543,1873
1574094,1873
1574644,1873
1575194,1872
1575746,1872
1576296,1872
1576847,1872
1577397,1872
1577947,1872
1578496,1873
1579048,1872
1579598,1872
1580152,1872
1580703,1872
1581253,1872
1581802,1872
1582352,1872
1582903,1873
1583453,1872
1584004,1873
1584556,1873
1585105,1873
1585656,1872
1586207,1872
1586757,1873
1587308,1872
1587859,1872
1588409,1873
1588959,1871
1589510,1872
1590060,1872
1590610,1872
1591165,1872
1591714,1873
1592265,1872
1592816,1873
1593367,1873
1593917,1874
1594467,1875
1595021,1872
1595571,1872
1596126,1874
1596678,1874
1597228,1872
1597779,1872
1598329,1873
1598880,1872
1599431,1872
1599985,1872
1600535,1872
1601085,1872
1601635,1872
1602185,1871
1602735,1871
1603285,1872
1603836,1872
1604386,1872
1604936,1872
1605487,1875
1606038,1872
1606589,1872
1607143,1872
1607693,1872
1608243,1872
1608793,1872
1609343,1872
1609894,1875
1610445,1872
1610996,1873
1611546,1871
1612097,1872
1612647,1872
1613197,1872
1613748,1872
1614298,1871
1614848,1871
1615398,1873
1615949,1872
1616500,1872
1617050,1872
1617600,1872
1618155,1871
1618705,1872
1619255,1872
1619806,1872
1620356,1873
1620908,1872
1621458,1873
1622010,1872
1622560,1872
1623110,1872
1623660,1872
1624210,1872
1624761,1874
1625311,1872
1625862,1872
1626412,1872
1626963,1872
1627513,1872
1628064,1872
1628613,1872
1629167,1872
1629718,1872
1630268,1875
1630819,1876
1631369,1872
1631921,1873
1632471,1872
1633023,1872
1633572,1872
1634126,1872
1634677,1875
1635228,1872
1635779,1873
1636329,1873
1636879,1872
1637431,1872
1637984,1872
1638534,1872
1639084,1871
1639634,1872
1640185,1872
1640734,1870
1641284,1872
1641835,1872
1642385,1872
1642935,1874
1643487,1872
1644038,1871
1644588,1871
1645142,1874
1645692,1872
1646243,1872
1646793,1872
1647343,1871
1647894,1872
1648444,1872
1648994,1875
1649545,1872
1650097,1872
1650647,1872
1651197,1869
1651747,1874
1652298,1872
1652849,1872
1653399,1868
1653949,1872
1654500,1872
1655049,1872
1655599,1873
1656154,1872
1656705,1872
1657255,1872
1657806,1872
1658356,1872
1658907,1872
1659457,1872
1660007,1872
1660557,1874
1661108,1872
1661659,1873
1662210,1872
1662761,1872
1663311,1874
1663862,1873
1664412,1872
1664963,1873
1665515,1872
1666066,1872
1666615,1872
1667169,1872
1667719,1872
1668269,1872
1668820,1875
1669370,1872
1669922,1873
1670473,1874
1671024,1872
1671574,1871
1672129,1871
1672678,1870
1673228,1872
1673779,1872
1674329,1872
1674880,1874
1675430,1872
1675985,1875
1676537,1872
1677087,1872
1677637,1872
1678187,1872
1678738,1873
1679289,1873
1679840,1872
1680390,1872
1680941,1873
1681491,1872
1682042,1873
1682593,1872
1683148,1872
1683699,1873
1684250,1872
1684800,1872
1685350,1872
1685901,1873
1686452,1872
1687003,1872
1687552,1872
1688103,1873
1688653,1874
1689203,1872
1689754,1875
1690305,1873
1690855,1872
1691406,1872
1691957,1876
1692508,1872
1693059,1873
1693609,1873
1694163,1873
1694713,1872
1695264,1872
1695815,1872
1696365,1872
1696914,1872
1697465,1873
1698017,1872
1698568,1872
1699118,1873
1699669,1872
1700220,1875
1700770,1872
1701321,1872
1701872,1873
1702423,1873
1702972,1872
1703524,1872
1704075,1870
1704624,1872
1705174,1873
1705725,1872
1706276,1872
1706826,1872
1707376,1873
1707927,1872
1708479,1871
1709031,1872
1709582,1872
1710136,1871
1710686,1872
1711236,1872
1711787,1873
1712338,1874
1712887,1872
1713438,1869
1713990,1873
1714540,1872
1715092,1875
1715642,1873
1716192,1872
1716744,1872
1717293,1872
1717844,1873
1718394,1874
1718944,1872
1719496,1872
1720045,1872
1720596,1873
1721150,1873
1721700,1873
1722250,1872
1722801,1873
1723352,1871
1723903,1872
1724453,1872
1725005,1872
1725555,1873
1726106,1872
1726657,1872
1727207,1872
1727758,1871
1728308,1872
1728859,1875
1729410,1872
1729960,1872
1730510,1874
1731061,1875
1731611,1872
1732165,1872
1732715,1871
1733265,1874
1733816,1873
1734367,1872
1734917,1872
1735467,1872
1736020,1872
1736571,1872
1737126,1871
1737675,1874
1738226,1872
1738777,1874
1739328,1875
1739878,1872
1740429,1874
1740981,1872
1741531,1872
1742081,1872
1742632,1872
1743182,1872
1743732,1872
1744282,1872
1744832,1873
1745383,1874
1745934,1872
1746484,1872
1747035,1872
1747585,1872
1748139,1872
1748690,1872
1749240,1872
1749789,1874
1750340,1872
1750892,1872
1751441,1872
1751993,1873
1752543,1872
1753094,1872
1753645,1872
1754194,1872
1754745,1871
1755295,1874
1755846,1873
1756396,1872
1756948,1872
1757498,1872
1758048,1872
1758598,1873
1759153,1872
1759705,1872
1760255,1872
1760806,1872
1761356,1871
1761906,1872
1762456,1874
1763007,1872
1763558,1872
1764108,1872
1764659,1872
1765209,1872
1765759,1872
1766309,1872
1766860,1872
1767410,1873
1767962,1873
1768511,1872
1769062,1872
1769612,1872
1770167,1872
1770717,1872
1771267,1872
1771817,1870
1772367,1871
1772917,1874
1773467,1872
1774020,1871
1774571,1872
1775126,1873
1775677,1873
1776227,1872
1776777,1872
1777327,1872
1777878,1873
1778428,1872
1778980,1872
1779530,1872
1780081,1872
1780631,1873
1781181,1872
1781732,1872
1782282,1872
1782833,1874
1783384,1872
1783935,1872
1784485,1873
1785036,1872
1785588,1872
1786142,1872
1786692,1873
1787243,1871
1787795,1874
1788346,1875
1788896,1872
1789446,1872
1789997,1872
1790546,1873
1791097,1874
1791647,1872
1792198,1872
1792749,1872
1793299,1872
1793849,1872
1794399,1873
1794950,1870
1795501,1872
1796052,1872
1796602,1873
1797157,1873
1797706,1872
1798257,1872
1798807,1872
1799357,1873
1799908,1872
1800459,1872
1801011,1872
1801561,1872
1802112,1875
1802662,1874
1803212,1872
1803764,1873
1804315,1872
1804866,1872
1805416,1873
1805967,1871
1806518,1872
1807068,1872
1807618,1872
1808172,1872
1808721,1872
1809271,1872
1809821,1871
1810371,1872
1810922,1872
1811472,1872
1812022,1872
1812572,1872
1813127,1872
1813678,1872
1814228,1872
1814777,1872
1815328,1872
1815877,1872
1816427,1872
1816979,1872
1817529,1872
1818080,1872
1818629,1872
1819179,1871
1819730,1872
1820280,1874
1820831,1873
1821381,1872
1821932,1872
1822483,1872
1823032,1872
1823582,1873
1824137,1872
1824688,1872
1825238,1872
1825788,1872
1826338,1871
1826889,1872
1827439,1871
1827990,1872
1828540,1872
1829090,1872
1829640,1871
1830190,1872
1830740,1872
1831290,1872
1831841,1872
1832391,1872
1832941,1872
1833491,1871
1834041,1870
1834591,1872
1835145,1872
1835696,1872
1836246,1872
1836795,1871
1837345,1872
1837895,1872
1838445,1872
1838995,1872
1839545,1873
1840097,1872
1840647,1873
1841198,1873
1841748,1873
1842298,1872
1842849,1872
1843399,1872
1843949,1873
1844501,1872
1845052,1872
1845603,1872
1846157,1876
1846708,1872
1847260,1872
1847809,1872
1848360,1871
1848910,1872
1849461,1874
1850011,1872
1850562,1872
1851112,1872
1851663,1874
1852214,1874
1852763,1872
1853314,1873
1853866,1873
1854416,1872
1854967,1872
1855517,1872
1856067,1872
1856618,1872
1857172,1872
1857721,1872
1858272,1872
1858822,1872
1859372,1872
1859923,1872
1860473,1872
1861023,1872
1861574,1870
1862127,1872
1862678,1872
1863228,1872
1863779,1872
1864329,1872
1864879,1872
1865430,1872
1865980,1872
1866530,1872
1867080,1872
1867631,1873
1868181,1873
1868732,1875
1869282,1872
1869834,1873
1870385,1872
1870935,1872
1871485,1872
1872036,1872
1872586,1874
1873142,1874
1873692,1872
1874242,1872
1874793,1874
1875343,1872
1875894,1872
1876444,1872
1876994,1871
1877544,1872
1878094,1872
1878644,1873
1879195,1872
1879746,1876
1880297,1872
1880848,1871
1881398,1872
1881949,1873
1882499,1872
1883051,1872
1883602,1872
1884156,1872
1884706,1873
1885257,1873
1885807,1873
1886357,1872
1886908,1872
1887458,1872
1888010,1873
1888560,1872
1889112,1873
1889663,1872
1890213,1872
1890764,1873
1891315,1872
1891866,1872
1892416,1872
1892967,1872
1893516,1872
1894066,1872
1894616,1874
1895170,1872
1895721,1872
1896271,1872
1896821,1873
1897372,1875
1897923,1872
1898473,1872
1899024,1873
1899575,1871
1900129,1872
1900679,1872
1901229,1872
1901779,1872
1902329,1872
1902880,1872
1903430,1872
1903984,1872
1904535,1872
1905085,1872
1905636,1872
1906186,1872
1906736,1872
1907286,1872
1907836,1871
1908386,1872
1908936,1872
1909487,1873
1910037,1872
1910588,1874
1911144,1872
1911694,1872
1912244,1872
1912794,1872
1913344,1872
1913894,1872
1914444,1872
1914996,1872
1915545,1872
1916095,1871
1916645,1872
1917195,1872
1917746,1872
1918296,1872
1918846,1873
1919397,1872
1919949,1874
1920500,1872
1921051,1872
1921600,1872
1922155,1872
1922706,1872
1923256,1872
1923806,1873
1924357,1872
1924908,1872
1925458,1872
1926008,1872
1926558,1871
1927108,1872
1927659,1872
1928209,1872
1928759,1872
1929309,1872
1929860,1872
1930410,1872
1930961,1872
1931511,1872
1932061,1872
1932611,1872
1933165,1872
1933715,1871
1934265,1873
1934816,1872
1935367,1873
1935919,1871
1936469,1872
1937021,1872
1937570,1872
1938125,1872
1938675,1874
1939226,1872
1939778,1875
1940328,1872
1940880,1872
1941430,1872
1941980,1872
1942531,1876
1943082,1872
1943632,1872
1944182,1872
1944732,1874
1945283,1873
1945833,1873
1946383,1872
1946935,1872
1947485,1871
1948036,1872
1948586,1872
1949141,1873
1949692,1872
1950242,1872
1950792,1874
1951343,1872
1951894,1872
1952444,1872
1952994,1872
1953544,1872
1954094,1872
1954645,1873
1955195,1872
1955746,1872
1956296,1872
1956847,1872
1957397,1871
1957947,1872
1958497,1873
1959048,1872
1959599,1872
1960154,1872
1960704,1872
1961254,1872
1961805,1875
1962355,1871
1962907,1872
1963457,1872
1964007,1873
1964558,1872
1965109,1871
1965660,1875
1966210,1874
1966760,1872
1967311,1871
1967861,1872
1968411,1872
1968962,1872
1969512,1872
1970062,1871
1970612,1873
1971166,1871
1971718,1872
1972268,1873
1972819,1872
1973369,1873
1973921,1873
1974471,1871
1975023,1875
1975573,1872
1976127,1872
1976678,1872
1977228,1872
1977777,1872
1978327,1872
1978877,1872
1979427,1872
1979978,1872
1980528,1873
1981079,1875
1981630,1872
1982180,1872
1982730,1873
1983281,1872
1983833,1873
1984383,1872
1984935,1872
1985484,1872
1986034,1872
1986584,1872
1987138,1872
1987689,1872
1988239,1870
1988789,1872
1989339,1872
1989889,1872
1990439,1872
1990990,1872
1991541,1871
1992091,1872
1992640,1875
1993191,1871
1993742,1871
1994292,1873
1994843,1873
1995393,1872
1995944,1872
1996494,1873
1997045,1873
1997595,1873
1998149,1872
1998700,1874
1999251,1871
1999803,1872
2000353,1872
2000903,1872
2001453,1872
2002004,1872
2002554,1873
2003105,1872
2003655,1872
2004205,1873
2004757,1874
2005307,1872
2005858,1873
2006409,1872
2006960,1876
2007511,1873
2008061,1872
2008612,1872
2009166,1873
2009716,1872
2010267,1873
2010818,1873
2011368,1872
2011920,1872
2012470,1874
2013020,1873
2013571,1873
2014125,1872
2014677,1873
2015227,1872
2015779,1874
2016330,1872
2016881,1872
2017430,1872
2017984,1872
2018535,1872
2019085,1872
2019635,1874
2020186,1872
2020736,1873
2021287,1871
2021839,1874
2022390,1873
2022939,1871
2023490,1872
2024040,1873
2024591,1872
2025146,1872
2025697,1873
2026248,1872
2026799,1872
2027349,1873
2027901,1872
2028452,1872
2029003,1871
2029552,1875
2030103,1872
2030654,1873
2031206,1875
2031755,1873
2032305,1872
2032856,1872
2033406,1875
2033957,1872
2034508,1873
2035059,1872
2035610,1872
2036165,1874
2036715,1872
2037266,1872
2037816,1872
2038366,1872
2038916,1872
2039466,1872
2040021,1872
2040570,1872
2041125,1871
2041676,1872
2042226,1873
2042776,1872
2043327,1873
2043879,1872
2044430,1872
2044980,1872
2045530,1872
2046080,1872
2046631,1872
2047181,1874
2047732,1874
2048282,1872
2048833,1872
2049383,1873
2049934,1875
2050484,1872
2051035,1871
2051585,1872
2052139,1872
2052690,1874
2053241,1872
2053792,1875
2054343,1872
2054893,1872
2055443,1871
2055995,1873
2056545,1869
2057097,1872
2057647,1872
2058197,1871
2058747,1872
2059297,1872
2059847,1872
2060397,1871
2060948,1872
2061498,1872
2062048,1874
2062599,1872
2063154,1872
2063705,1872
2064255,1872
2064804,1872
2065354,1874
2065905,1872
2066456,1872
2067007,1872
2067557,1873
2068108,1870
2068659,1872
2069209,1873
2069760,1872
2070311,1871
2070861,1872
2071411,1874
2071963,1873
2072513,1871
2073064,1872
2073615,1872
2074168,1872
2074718,1873
2075269,1872
2075820,1872
2076370,1877
2076921,1872
2077472,1872
2078024,1872
2078574,1872
2079129,1872
2079679,1872
2080229,1873
2080780,1873
2081330,1872
2081882,1872
2082432,1872
2082985,1872
2083536,1872
2084086,1872
2084636,1872
2085186,1872
2085735,1872
2086285,1873
2086836,1872
2087387,1873
2087939,1872
2088489,1872
2089039,1874
2089591,1872
2090145,1874
2090696,1873
2091246,1873
2091796,1870
2092347,1872
2092897,1872
2093447,1872
2093998,1872
2094549,1873
2095100,1872
2095651,1872
2096201,1872
2096751,1872
2097302,1872
2097851,1873
2098402,1872
2098954,1875
2099504,1872
2100056,1873
2100606,1877
2101161,1872
2101713,1872
2102263,1872
2102813,1872
2103363,1872
2103914,1872
2104464,1874
2105016,1871
2105567,1872
2106117,1872
2106667,1872
2107217,1872
2107767,1874
2108318,1872
2108870,1871
2109420,1872
2109970,1872
2110521,1872
2111072,1872
2111624,1872
2112175,1872
2112726,1872
2113276,1872
2113826,1872
2114376,1873
2114928,1875
2115478,1872
2116029,1873
2116581,1871
2117136,1872
2117685,1872
2118235,1871
2118786,1872
2119336,1873
2119887,1872
2120437,1871
2120988,1872
2121538,1872
2122088,1872
2122638,1872
2123188,1871
2123739,1873
2124289,1872
2124840,1873
2125391,1872
2125942,1875
2126494,1873
2127044,1872
2127594,1873
2128149,1871
2128701,1872
2129251,1872
2129801,1872
2130351,1872
2130902,1872
2131452,1872
2132003,1872
2132553,1872
2133103,1873
2133655,1872
2134205,1872
2134755,1874
2135306,1871
2135857,1872
2136407,1874
2136959,1872
2137509,1872
2138059,1872
2138609,1872
2139163,1872
2139712,1873
2140263,1872
2140814,1872
2141364,1871
2141915,1874
2142466,1872
2143021,1872
2143571,1872
2144126,1872
2144676,1872
2145226,1873
2145778,1872
2146329,1872
2146879,1874
2147430,1872
2147981,1872
2148531,1872
2149081,1872
2149632,1872
2150182,1872
2150732,1872
2151282,1872
2151832,1874
2152383,1872
2152935,1873
2153485,1874
2154036,1872
2154586,1872
2155141,1872
2155691,1872
2156241,1870
2156792,1872
2157342,1873
2157893,1872
2158443,1869
2158995,1872
2159545,1872
2160095,1872
2160645,1869
2161195,1876
2161747,1872
2162297,1871
2162847,1872
2163397,1872
2163948,1873
2164498,1872
2165049,1872
2165599,1872
2166154,1872
2166705,1873
2167256,1873
2167805,1875
2168355,1873
2168905,1871
2169457,1872
2170007,1875
2170558,1872
2171109,1872
2171659,1873
2172210,1872
2172761,1872
2173311,1873
2173862,1873
2174412,1872
2174964,1872
2175514,1872
2176065,1871
2176615,1872
2177169,1873
2177720,1872
2178271,1872
2178822,1872
2179372,1872
2179922,1873
2180473,1873
2181023,1872
2181574,1869
2182127,1873
2182679,1872
2183229,1871
2183780,1873
2184330,1872
2184882,1873
2185432,1872
2185987,1876
2186537,1873
2187087,1872
2187639,1872
2188189,1872
2188739,1872
2189289,1872
2189840,1872
2190390,1872
2190941,1872
2191491,1872
2192042,1872
2192592,1872
2193146,1873
2193697,1872
2194248,1872
2194799,1872
2195349,1872
2195900,1871
2196450,1870
2197000,1875
2197551,1872
2198102,1873
2198653,1871
2199204,1871
2199755,1872
2200305,1872
2200855,1872
2201405,1873
2201956,1872
2202508,1872
2203059,1872
2203609,1872
2204163,1872
2204713,1872
2205263,1872
2205814,1873
2206365,1872
2206915,1872
2207465,1872
2208016,1875
2208568,1872
2209119,1872
2209669,1872
2210219,1872
2210769,1872
2211319,1873
2211870,1872
2212421,1873
2212973,1872
2213523,1872
2214074,1874
2214624,1872
2215175,1872
2215725,1872
2216275,1872
2216826,1872
2217376,1871
2217927,1872
2218477,1872
2219027,1872
2219578,1870
2220132,1872
2220682,1872
2221232,1872
2221782,1872
2222332,1872
2222882,1872
2223432,1872
2223986,1872
2224536,1872
2225086,1872
2225637,1872
2226187,1872
2226738,1874
2227289,1872
2227840,1872
2228390,1872
2228941,1873
2229491,1872
2230043,1873
2230594,1872
2231148,1870
2231699,1872
2232249,1872
2232799,1870
2233349,1874
2233900,1872
2234451,1872
2235002,1872
2235552,1872
2236102,1872
2236652,1874
2237203,1871
2237754,1872
2238304,1872
2238854,1872
2239404,1872
2239955,1872
2240504,1872
2241055,1874
2241605,1872
2242160,1872
2242711,1872
2243261,1873
2243812,1875
2244362,1872
2244914,1876
2245464,1872
2246017,1873
2246567,1872
2247118,1872
2247669,1872
2248219,1869
2248769,1872
2249319,1873
2249870,1872
2250421,1874
2250972,1872
2251523,1872
2252073,1874
2252625,1873
2253175,1873
2253725,1872
2254276,1872
2254827,1872
2255377,1873
2255928,1872
2256479,1873
2257032,1872
2257584,1872
2258138,1874
2258688,1872
2259239,1872
2259790,1872
2260340,1872
2260890,1872
2261441,1872
2261991,1872
2262541,1872
2263092,1872
2263642,1874
2264193,1875
2264744,1874
2265294,1872
2265845,1873
2266396,1873
2266946,1872
2267496,1871
2268046,1871
2268597,1875
2269152,1871
2269702,1872
2270252,1872
2270802,1872
2271352,1872
2271902,1873
2272453,1872
2273004,1871
2273554,1872
2274104,1872
2274654,1872
2275204,1872
2275754,1874
2276305,1872
2276856,1872
2277406,1874
2277957,1872
2278509,1872
2279058,1875
2279609,1875
2280162,1872
2280714,1873
2281264,1871
2281815,1872
2282365,1872
2282916,1873
2283467,1872
2284020,1871
2284571,1872
2285126,1871
2285675,1871
2286225,1873
2286777,1872
2287327,1872
2287878,1872
2288428,1872
2288979,1872
2289530,1872
2290080,1871
2290631,1872
2291181,1872
2291730,1872
2292280,1871
2292831,1872
2293381,1873
2293932,1873
2294483,1873
2295032,1872
2295584,1873
2296138,1872
2296689,1874
2297240,1872
2297792,1872
2298342,1874
2298894,1873
2299444,1872
2299996,1872
2300545,1872
2301095,1872
2301645,1872
2302195,1872
2302746,1872
2303296,1872
2303847,1872
2304397,1872
2304947,1873
2305497,1872
2306049,1872
2306598,1872
2307152,1872
2307703,1872
2308253,1873
2308803,1873
2309353,1872
2309904,1872
2310454,1871
2311005,1872
2311555,1872
2312106,1872
2312656,1872
2313206,1872
2313757,1872
2314307,1871
2314857,1872
2315407,1873
2315958,1872
2316509,1872
2317059,1872
2317609,1873
2318163,1872
2318714,1872
2319265,1872
2319814,1872
2320364,1873
2320915,1872
2321466,1872
2322021,1872
2322571,1872
2323126,1873
2323678,1872
2324228,1875
2324779,1872
2325329,1872
2325880,1874
2326431,1872
2326985,1870
2327536,1874
2328087,1872
2328638,1873
2329188,1872
2329739,1873
2330290,1872
2330842,1873
2331392,1872
2331943,1873
2332495,1872
2333045,1872
2333595,1872
2334150,1874
2334700,1873
2335250,1873
2335801,1872
2336351,1872
2336901,1872
2337451,1870
2338002,1872
2338551,1871
2339101,1872
2339652,1872
2340202,1874
2340752,1872
2341303,1872
2341853,1872
2342403,1873
2342955,1872
2343505,1876
2344056,1875
2344607,1872
2345162,1872
2345712,1872
2346262,1872
2346813,1871
2347363,1877
2347914,1872
2348465,1872
2349016,1873
2349567,1872
2350118,1873
2350670,1872
2351220,1872
2351771,1870
2352321,1872
2352870,1872
2353421,1872
2353970,1875
2354522,1871
2355073,1873
2355624,1872
2356174,1872
2356725,1872
2357275,1871
2357826,1872
2358376,1872
2358927,1872
2359478,1872
2360027,1872
2360577,1871
2361131,1873
2361683,1872
2362233,1872
2362783,1871
2363333,1871
2363883,1873
2364434,1872
2364988,1873
2365538,1872
2366090,1874
2366640,1872
2367191,1872
2367742,1874
2368293,1872
2368843,1872
2369393,1872
2369943,1872
2370494,1872
2371044,1872
2371594,1873
2372149,1872
2372699,1872
2373249,1872
2373800,1872
2374350,1872
2374901,1872
2375451,1872
2376002,1870
2376551,1872
2377101,1872
2377652,1872
2378202,1874
2378752,1872
2379303,1872
2379853,1872
2380403,1872
2380953,1872
2381503,1875
2382054,1872
2382605,1872
2383159,1872
2383709,1872
2384259,1874
2384811,1872
2385362,1872
2385911,1872
2386461,1872
2387013,1872
2387564,1872
2388114,1872
2388665,1872
2389215,1871
2389766,1873
2390316,1872
2390867,1872
2391418,1872
2391968,1872
2392518,1871
2393068,1874
2393624,1872
2394174,1871
2394725,1872
2395275,1872
2395826,1872
2396376,1872
2396927,1871
2397476,1874
2398027,1872
2398578,1871
2399132,1872
2399682,1873
2400233,1872
2400785,1874
2401336,1872
2401886,1873
2402437,1872
2402990,1873
2403541,1874
2404091,1872
2404642,1872
2405192,1872
2405742,1872
2406292,1872
2406842,1872
2407392,1875
2407944,1872
2408494,1872
2409044,1872
2409594,1873
2410150,1872
2410701,1873
2411252,1872
2411802,1872
2412352,1872
2412902,1872
2413452,1870
2414003,1872
2414554,1871
2415104,1873
2415654,1872
2416206,1872
2416755,1873
2417306,1875
2417856,1873
2418406,1872
2418957,1872
2419507,1870
2420058,1872
2420608,1872
2421163,1875
2421713,1873
2422263,1872
2422814,1872
2423364,1873
2423916,1872
2424467,1875
2425021,1872
2425571,1871
2426126,1872
2426677,1872
2427227,1873
2427778,1872
2428329,1873
2428880,1872
2429431,1872
2429984,1872
2430534,1872
2431085,1874
2431636,1874
2432186,1872
2432736,1873
2433287,1872
2433839,1872
2434389,1872
2434939,1874
2435490,1872
2436042,1872
2436592,1872
2437147,1872
2437697,1872
2438247,1872
2438796,1873
2439347,1872
2439899,1872
2440449,1872
2440999,1873
2441550,1872
2442101,1872
2442652,1872
2443202,1872
2443753,1873
2444304,1872
2444854,1872
2445404,1872
2445955,1872
2446504,1872
2447054,1872
2447605,1872
2448159,1872
2448710,1872
2449260,1873
2449811,1871
2450362,1872
2450912,1872
2451462,1872
2452012,1872
2452562,1871
2453113,1871
2453664,1875
2454215,1871
2454766,1871
2455316,1872
2455867,1872
2456417,1872
2456967,1872
2457517,1872
2458068,1872
2458617,1873
2459171,1872
2459722,1871
2460272,1873
2460823,1873
2461373,1872
2461925,1873
2462475,1872
2463026,1872
2463577,1872
2464131,1873
2464683,1873
2465233,1872
2465784,1872
2466334,1872
2466883,1870
2467433,1872
2467986,1872
2468537,1872
2469086,1871
2469637,1874
2470188,1872
2470738,1873
2471289,1871
2471840,1875
2472391,1872
2472942,1872
2473493,1872
2474044,1872
2474594,1872
2475149,1873
2475699,1872
2476250,1872
2476800,1872
2477350,1872
2477901,1872
2478451,1871
2479001,1874
2479552,1872
2480103,1872
2480654,1872
2481204,1872
2481754,1872
2482304,1872
2482854,1871
2483404,1874
2483955,1872
2484507,1872
2485057,1872
2485607,1873
2486162,1873
2486712,1872
2487263,1874
2487815,1872
2488365,1872
2488915,1874
2489466,1872
2490021,1874
2490573,1872
2491127,1873
2491678,1872
2492228,1873
2492779,1872
2493330,1874
2493882,1872
2494432,1874
2494986,1872
2495537,1872
2496087,1874
2496638,1872
2497189,1872
2497739,1872
2498289,1872
2498840,1873
2499391,1873
2499941,1872
2500492,1872
2501042,1872
2501592,1871
2502146,1872
2502697,1874
2503248,1873
2503798,1872
2504348,1874
2504898,1875
2505448,1872
2505999,1872
2506550,1872
2507099,1873
2507651,1872
2508201,1872
2508752,1871
2509302,1872
2509853,1872
2510403,1872
2510952,1873
2511503,1872
2512054,1872
2512605,1872
2513159,1872
2513709,1873
2514260,1872
2514812,1872
2515362,1872
2515912,1873
2516463,1874
2517013,1874
2517564,1871
2518115,1874
2518666,1871
2519216,1872
2519766,1873
2520317,1873
2520867,1872
2521418,1872
2521969,1874
2522519,1872
2523070,1873
2523624,1873
2524175,1874
2524725,1872
2525275,1872
2525826,1872
2526376,1872
2526926,1872
2527476,1872
2528026,1872
2528577,1874
2529132,1872
2529683,1873
2530234,1871
2530784,1873
2531335,1872
2531886,1874
2532437,1872
2532989,1872
2533538,1873
2534090,1872
2534640,1871
2535190,1872
2535740,1872
2536290,1870
2536840,1872
2537390,1872
2537941,1872
2538491,1873
2539043,1872
2539593,1872
2540147,1873
2540698,1872
2541249,1872
2541800,1872
2542350,1872
2542900,1876
2543451,1872
2544002,1872
2544551,1872
2545102,1872
2545652,1873
2546203,1874
2546753,1872
2547304,1872
2547855,1872
2548405,1872
2548955,1872
2549505,1872
2550055,1872
2550605,1872
2551159,1870
2551710,1872
2552260,1870
2552809,1872
2553359,1872
2553909,1872
2554459,1874
2555010,1872
2555562,1872
2556112,1872
2556663,1872
2557213,1872
2557763,1872
2558313,1872
2558862,1874
2559413,1872
2559964,1873
2560516,1872
2561067,1872
2561616,1872
2562171,1872
2562721,1871
2563271,1871
2563822,1874
2564372,1872
2564923,1872
2565473,1872
2566024,1873
2566575,1871
2567129,1872
2567678,1874
2568229,1872
2568780,1874
2569331,1874
2569882,1873
2570432,1874
2570985,1872
2571536,1874
2572087,1872
2572638,1872
2573188,1875
2573740,1873
2574290,1872
2574840,1872
2575390,1873
2575942,1873
2576493,1872
2577044,1873
2577594,1872
2578149,1873
2578700,1875
2579250,1872
2579801,1872
2580351,1872
2580902,1872
2581452,1872
2582003,1870
2582552,1873
2583104,1872
2583654,1873
2584205,1876
2584756,1872
2585306,1872
2585856,1872
2586406,1872
2586956,1872
2587507,1872
2588057,1872
2588606,1873
2589161,1872
2589712,1872
2590262,1872
2590813,1873
2591364,1872
2591914,1872
2592465,1874
2593017,1872
2593567,1873
2594118,1872
2594669,1873
2595220,1872
2595772,1874
2596323,1872
2596874,1872
2597424,1872
2597975,1871
2598525,1871
2599075,1872
2599626,1872
2600176,1872
2600726,1872
2601276,1872
2601826,1872
2602376,1876
2602927,1873
2603477,1872
2604029,1872
2604578,1871
2605132,1870
2605682,1871
2606232,1875
2606784,1872
2607334,1873
2607885,1872
2608436,1872
2608988,1872
2609537,1872
2610087,1872
2610638,1872
2611188,1872
2611739,1872
2612289,1872
2612840,1873
2613391,1873
2613941,1872
2614491,1872
2615042,1872
2615592,1872
2616147,1874
2616698,1872
2617248,1874
2617800,1872
2618350,1872
2618901,1873
2619451,1872
2620003,1873
2620553,1875
2621103,1872
2621654,1872
2622204,1875
2622755,1871
2623307,1872
2623856,1872
2624406,1872
2624956,1872
2625507,1872
2626057,1871
2626606,1872
2627161,1872
2627712,1872
2628262,1872
2628811,1872
2629361,1874
2629913,1875
2630463,1872
2631014,1872
2631564,1873
2632115,1872
2632665,1872
2633215,1872
2633766,1872
2634316,1872
2634867,1873
2635418,1872
2635968,1872
2636518,1873
2637070,1872
2637624,1873
2638174,1872
2638725,1873
2639276,1872
2639827,1872
2640377,1872
2640927,1872
2641478,1872
2642028,1871
2642578,1871
2643133,1872
2643683,1872
2644233,1873
2644783,1871
2645334,1872
2645885,1872
2646435,1871
2646987,1872
2647536,1873
2648087,1872
2648639,1872
2649189,1872
2649739,1872
2650289,1872
2650840,1873
2651390,1872
2651941,1873
2652492,1872
2653043,1872
2653593,1872
2654148,1872
2654698,1875
2655249,1872
2655799,1871
2656349,1872
2656899,1875
2657450,1871
2658002,1872
2658551,1872
2659101,1874
2659653,1872
2660204,1872
2660753,1872
2661303,1872
2661853,1873
2662404,1872
2662955,1872
2663505,1872
2664055,1872
2664605,1872
2665159,1872
2665709,1872
2666259,1873
2666811,1871
2667362,1873
2667913,1872
2668464,1873
2669015,1872
2669566,1872
2670116,1874
2670667,1872
2671218,1872
2671768,1872
2672318,1872
2672869,1872
2673419,1872
2673969,1872
2674520,1872
2675070,1872
2675624,1872
2676174,1872
2676723,1872
2677273,1872
2677824,1872
2678374,1872
2678923,1872
2679473,1872
2680023,1873
2680575,1872
2681129,1872
2681678,1873
2682229,1872
2682780,1872
2683330,1875
2683881,1872
2684432,1871
2684986,1872
2685536,1872
2686086,1872
2686637,1872
2687187,1873
2687737,1872
2688288,1873
2688840,1873
2689390,1872
2689941,1873
2690493,1872
2691044,1877
2691594,1872
2692149,1872
2692699,1872
2693249,1872
2693800,1872
2694350,1871
2694901,1872
2695451,1871
2696002,1872
2696551,1872
2697101,1872
2697652,1872
2698202,1872
2698753,1874
2699303,1872
2699854,1873
2700405,1873
2700955,1872
2701507,1872
2702057,1875
2702608,1872
2703163,1872
2703713,1873
2704264,1873
2704814,1871
2705365,1872
2705916,1873
2706466,1872
2707022,1872
2707572,1872
2708127,1872
2708678,1872
2709228,1872
2709777,1872
2710327,1869
2710878,1873
2711429,1873
2711979,1872
2712530,1874
2713080,1872
2713631,1872
2714181,1872
2714732,1872
2715282,1872
2715832,1872
2716382,1872
2716932,1874
2717484,1872
2718034,1872
2718584,1872
2719138,1872
2719689,1873
2720240,1872
2720791,1874
2721342,1872
2721892,1873
2722443,1872
2722994,1873
2723545,1872
2724097,1872
2724647,1874
2725198,1873
2725748,1872
2726299,1872
2726849,1871
2727399,1872
2727949,1872
2728499,1872
2729049,1872
2729599,1872
2730154,1872
2730704,1874
2731255,1872
2731806,1872
2732356,1872
2732907,1872
2733457,1872
2734007,1872
2734557,1873
2735108,1873
2735658,1872
2736208,1872
2736759,1871
2737309,1872
2737859,1869
2738410,1872
2738960,1872
2739509,1872
2740059,1872
2740609,1872
2741163,1873
2741714,1872
2742264,1871
2742814,1873
2743365,1872
2743917,1872
2744467,1872
2745020,1873
2745571,1872
2746126,1875
2746678,1872
2747229,1870
2747779,1872
2748329,1872
2748879,1872
2749429,1873
2749981,1872
2750531,1872
2751081,1874
2751633,1872
2752183,1872
2752733,1872
2753283,1872
2753834,1873
2754385,1872
2754935,1872
2755485,1872
2756035,1872
2756585,1872
2757139,1872
2757690,1872
2758240,1873
2758791,1872
2759342,1875
2759893,1872
2760444,1871
2760994,1874
2761546,1872
2762097,1872
2762647,1873
2763198,1873
2763748,1873
2764298,1875
2764849,1872
2765399,1875
2765950,1873
2766501,1872
2767052,1874
2767602,1872
2768157,1872
2768707,1872
2769257,1872
2769808,1872
2770358,1871
2770908,1873
2771459,1872
2772010,1872
2772561,1872
2773111,1873
2773661,1873
2774211,1873
2774762,1872
2775312,1872
2775862,1874
2776413,1872
2776965,1872
2777514,1872
2778065,1872
2778616,1872
2779169,1872
2779719,1872
2780269,1874
2780820,1872
2781371,1875
2781923,1872
2782473,1872
2783023,1872
2783574,1872
2784127,1869
2784678,1872
2785228,1872
2785779,1872
2786329,1875
2786880,1873
2787430,1874
2787984,1873
2788535,1872
2789085,1872
2789636,1872
2790186,1872
2790735,1872
2791285,1875
2791836,1872
2792387,1872
2792937,1872
2793488,1873
2794038,1872
2794590,1874
2795145,1873
2795696,1872
2796247,1872
2796796,1872
2797346,1872
2797896,1872
2798446,1872
2798998,1875
2799549,1872
2800099,1872
2800650,1872
2801200,1872
2801750,1873
2802300,1873
2802850,1873
2803401,1872
2803951,1877
2804503,1872
2805053,1872
2805604,1871
2806158,1872
2806708,1872
2807258,1873
2807809,1872
2808361,1872
2808910,1872
2809460,1872
2810011,1873
2810562,1872
2811113,1872
2811664,1872
2812214,1871
2812763,1872
2813313,1872
2813863,1872
2814413,1872
2814964,1872
2815515,1872
2816066,1872
2816616,1872
2817171,1872
2817720,1872
2818270,1872
2818820,1872
2819370,1872
2819921,1872
2820471,1872
2821023,1873
2821573,1871
2822127,1875
2822679,1874
2823229,1872
2823779,1872
2824329,1872
2824880,1875
2825431,1872
2825985,1871
2826536,1872
2827087,1872
2827638,1873
2828188,1871
2828740,1873
2829291,1872
2829841,1872
2830391,1872
2830941,1872
2831491,1874
2832043,1872
2832593,1873
2833148,1872
2833699,1873
2834250,1872
2834801,1877
2835352,1872
2835903,1874
2836454,1873
2837005,1873
2837555,1872
2838106,1872
2838656,1872
2839206,1872
2839757,1874
2840308,1872
2840858,1872
2841408,1872
2841958,1872
2842508,1873
2843059,1872
2843610,1872
2844164,1874
2844715,1872
2845267,1872
2845816,1873
2846368,1872
2846919,1872
2847469,1872
2848021,1872
2848570,1872
2849125,1872
2849675,1874
2850226,1875
2850777,1872
2851327,1872
2851877,1872
2852427,1872
2852978,1873
2853530,1872
2854080,1873
2854632,1872
2855182,1874
2855733,1873
2856283,1872
2856834,1872
2857384,1872
2857935,1873
2858485,1872
2859037,1872
2859586,1873
2860141,1873
2860692,1875
2861242,1872
2861793,1872
2862343,1872
2862894,1873
2863444,1872
2863995,1872
2864545,1874
2865097,1872
2865647,1872
2866197,1874
2866748,1873
2867298,1875
2867848,1875
2868398,1872
2868950,1872
2869500,1872
2870050,1872
2870600,1874
2871156,1874
2871705,1872
2872256,1872
2872806,1872
2873356,1872
2873906,1874
2874458,1872
2875008,1874
2875560,1872
2876111,1872
2876661,1874
2877212,1872
2877764,1872
2878314,1872
2878863,1872
2879413,1873
2879964,1872
2880515,1872
2881066,1870
2881616,1873
2882170,1874
2882720,1872
2883271,1872
2883821,1872
2884371,1875
2884922,1875
2885472,1872
2886024,1874
2886575,1872
2887129,1872
2887679,1872
2888229,1872
2888779,1873
2889330,1871
2889882,1872
2890432,1872
2890985,1872
2891536,1872
2892085,1870
2892635,1871
2893185,1871
2893735,1872
2894285,1872
2894835,1872
2895385,1872
2895936,1872
2896486,1872
2897037,1872
2897586,1872
2898141,1872
2898691,1872
2899241,1874
2899792,1872
2900342,1872
2900893,1872
2901443,1870
2901993,1872
2902544,1872
2903093,1872
2903644,1872
2904194,1872
2904745,1873
2905296,1872
2905847,1871
2906397,1872
2906948,1872
2907498,1872
2908048,1872
2908598,1873
2909153,1874
2909704,1872
2910255,1872
2910805,1872
2911355,1872
2911906,1872
2912456,1872
2913006,1873
2913557,1872
2914108,1872
2914659,1874
2915210,1871
2915760,1872
2916310,1872
2916861,1872
2917411,1870
2917961,1872
2918511,1872
2919061,1873
2919612,1873
2920167,1872
2920718,1871
2921268,1872
2921818,1872
2922368,1873
2922920,1872
2923471,1871
2924022,1872
2924571,1872
2925126,1872
2925676,1873
2926227,1872
2926779,1872
2927329,1872
2927880,1872
2928430,1872
2928981,1873
2929531,1873
2930081,1871
2930633,1872
2931183,1873
2931734,1872
2932285,1874
2932836,1872
2933388,1872
2933937,1871
2934487,1872
2935038,1872
2935588,1874
2936143,1873
2936694,1873
2937244,1874
2937794,1873
2938344,1873
2938894,1872
2939445,1870
2939996,1873
2940546,1872
2941097,1874
2941648,1874
2942198,1872
2942750,1873
2943301,1873
2943851,1872
2944402,1873
2944952,1874
2945502,1877
2946052,1872
2946604,1872
2947158,1872
2947708,1871
2948258,1872
2948808,1872
2949358,1873
2949910,1872
2950460,1872
2951011,1875
2951562,1872
2952114,1872
2952664,1875
2953215,1873
2953766,1869
2954316,1873
2954868,1872
2955418,1872
2955968,1872
2956518,1872
2957068,1872
2957618,1873
2958173,1872
2958724,1872
2959274,1873
2959825,1872
2960377,1872
2960927,1872
2961478,1872
2962027,1873
2962578,1871
2963133,1871
2963684,1872
2964234,1873
2964786,1872
2965336,1872
2965886,1872
2966437,1872
2966987,1873
2967538,1873
2968088,1872
2968639,1874
2969190,1872
2969741,1874
2970292,1873
2970842,1872
2971393,1873
2971944,1872
2972495,1872
2973046,1873
2973597,1872
2974151,1872
2974701,1872
2975251,1872
2975801,1872
2976351,1872
2976901,1872
2977451,1870
2978001,1872
2978551,1872
2979101,1872
2979651,1875
2980202,1872
2980753,1873
2981304,1872
2981855,1872
2982405,1872
2982955,1873
2983507,1872
2984058,1872
2984608,1872
2985162,1875
2985713,1873
2986263,1873
2986813,1871
2987364,1872
2987915,1872
2988464,1871
2989016,1872
2989566,1875
2990117,1873
2990667,1872
2991218,1872
2991768,1872
2992318,1872
2992868,1872
2993418,1872
2993968,1874
2994520,1872
2995071,1874
2995624,1872
2996174,1872
2996725,1872
2997275,1873
2997827,1873
2998377,1873
2998927,1873
2999476,1872
3000027,1872
3000578,1872
3001132,1875
3001683,1874
3002233,1872
3002785,1872
3003335,1872
3003884,1874
3004435,1872
3004988,1872
3005538,1872
3006088,1873
3006640,1872
3007190,1872
3007741,1872
3008291,1872
3008840,1872
3009390,1872
3009940,1872
3010490,1872
3011040,1872
3011591,1871
3012145,1872
3012695,1872
3013245,1874
3013796,1872
3014347,1877
3014899,1872
3015450,1872
3016000,1871
3016551,1872
3017101,1872
3017651,1872
3018201,1872
3018752,1873
3019303,1872
3019854,1872
3020404,1872
3020955,1872
3021505,1872
3022056,1872
3022606,1872
3023161,1872
3023711,1873
3024262,1872
3024813,1873
3025364,1871
3025915,1872
3026465,1874
3027017,1872
3027568,1872
3028118,1872
3028667,1872
3029217,1872
3029767,1872
3030317,1872
3030868,1873
3031419,1871
3031969,1872
3032519,1873
3033071,1872
3033624,1874
3034175,1872
3034725,1872
3035275,1872
3035825,1872
3036376,1871
3036926,1872
3037475,1873
3038026,1872
3038577,1872
3039131,1872
3039681,1873
3040232,1874
3040782,1872
3041334,1872
3041883,1872
3042433,1872
3042986,1873
3043537,1872
3044088,1872
3044639,1872
3045189,1875
3045740,1872
3046291,1872
3046842,1872
3047392,1872
3047942,1872
3048493,1872
3049043,1874
3049593,1872
3050149,1874
3050699,1872
3051250,1874
3051801,1872
3052352,1872
3052903,1872
3053453,1872
3054004,1872
3054554,1873
3055105,1872
3055657,1873
3056208,1872
3056759,1872
3057309,1872
3057860,1872
3058410,1874
3058961,1872
3059513,1872
3060063,1872
3060612,1872
3061167,1872
3061718,1871
3062268,1873
3062820,1872
3063370,1872
3063921,1872
3064471,1872
3065021,1872
3065571,1871
3066126,1871
3066676,1876
3067227,1872
3067779,1871
3068329,1873
3068881,1873
3069431,1871
3069985,1872
3070535,1872
3071085,1872
3071636,1872
3072186,1873
3072737,1872
3073287,1873
3073839,1867
3074390,1874
3074940,1872
3075491,1872
3076042,1872
3076592,1872
3077146,1873
3077698,1873
3078248,1872
3078800,1872
3079350,1874
3079901,1872
3080451,1872
3081002,1872
3081551,1872
3082101,1872
3082652,1872
3083202,1872
3083752,1872
3084302,1872
3084853,1872
3085403,1873
3085954,1872
3086505,1872
3087056,1872
3087605,1872
3088159,1872
3088709,1872
3089259,1872
3089809,1874
3090360,1872
3090912,1872
3091462,1873
3092013,1872
3092564,1873
3093116,1872
3093666,1873
3094217,1873
3094767,1872
3095318,1872
3095869,1872
3096419,1872
3096969,1872
3097520,1872
3098069,1875
3098624,1876
3099174,1872
3099725,1872
3100275,1872
3100825,1871
3101375,1872
3101926,1872
3102475,1875
3103026,1874
3103576,1872
3104131,1871
3104681,1873
3105232,1872
3105784,1872
3106334,1872
3106883,1874
3107434,1872
3107988,1872
3108537,1872
3109087,1872
3109637,1872
3110187,1873
3110739,1873
3111289,1872
3111840,1874
3112390,1873
3112940,1872
3113491,1871
3114042,1874
3114592,1872
3115147,1872
3115698,1872
3116248,1872
3116799,1873
3117350,1873
3117901,1872
3118451,1872
3119002,1873
3119553,1872
3120105,1874
3120656,1871
3121207,1873
3121758,1873
3122308,1872
3122860,1873
3123410,1872
3123962,1872
3124512,1872
3125063,1875
3125613,1873
3126167,1871
3126719,1872
3127269,1873
3127820,1875
3128370,1872
3128921,1872
3129471,1872
3130023,1872
3130574,1874
3131127,1873
3131678,1872
3132228,1872
3132778,1872
3133329,1873
3133880,1874
3134430,1872
3134985,1871
3135535,1875
3136085,1870
3136636,1873
3137187,1874
3137738,1873
3138288,1873
3138839,1872
3139389,1871
3139939,1872
3140490,1872
3141040,1873
3141591,1872
3142146,1872
3142697,1874
3143247,1872
3143799,1872
3144349,1872
3144899,1872
3145449,1871
3146000,1872
3146550,1872
3147101,1872
3147652,1871
3148202,1872
3148753,1872
3149303,1872
3149853,1877
3150404,1871
3150956,1873
3151507,1872
3152058,1872
3152609,1873
3153163,1872
3153714,1870
3154264,1871
3154815,1872
3155365,1872
3155915,1872
3156465,1872
3157017,1872
3157567,1872
3158118,1872
3158669,1878
3159220,1872
3159771,1872
3160321,1872
3160870,1873
3161421,1872
3161972,1872
3162522,1872
3163073,1873
3163624,1872
3164175,1873
3164726,1872
3165277,1872
3165826,1873
3166377,1872
3166928,1872
3167479,1872
3168029,1872
3168579,1871
3169134,1873
3169685,1872
3170235,1872
3170786,1874
3171336,1872
3171887,1873
3172438,1872
3172989,1875
3173541,1872
3174092,1871
3174641,1872
3175191,1872
3175741,1872
3176291,1872
3176841,1874
3177392,1873
3177943,1872
3178494,1872
3179044,1870
3179593,1872
3180147,1872
3180698,1872
3181248,1872
3181798,1873
3182349,1872
3182901,1872
3183451,1872
3184002,1872
3184552,1872
3185103,1872
3185653,1872
3186203,1872
3186753,1872
3187303,1873
3187855,1871
3188405,1872
3188955,1872
3189505,1872
3190055,1872
3190605,1872
3191159,1872
3191709,1872
3192259,1872
3192809,1872
3193359,1872
3193910,1872
3194460,1873
3195011,1872
3195563,1873
3196113,1872
3196665,1874
3197216,1872
3197766,1872
3198316,1872
3198867,1873
3199417,1872
3199969,1872
3200518,1872
3201068,1872
3201618,1873
3202171,1874
3202721,1872
3203272,1872
3203822,1872
3204372,1872
3204922,1872
3205472,1875
3206024,1874
3206573,1872
3207127,1872
3207678,1872
3208228,1872
3208779,1872
3209329,1871
3209880,1872
3210430,1873
3210985,1873
3211535,1872
3212086,1872
3212637,1873
3213187,1872
3213739,1872
3214289,1872
3214838,1875
3215389,1872
3215941,1872
3216491,1872
3217041,1872
3217591,1872
3218145,1875
3218697,1871
3219248,1872
3219798,1872
3220348,1871
3220897,1871
3221448,1871
3221998,1871
3222548,1872
3223099,1873
3223650,1872
3224200,1872
3224750,1875
3225301,1872
3225853,1871
3226403,1873
3226955,1872
3227505,1872
3228055,1872
3228606,1872
3229159,1873
3229711,1875
3230261,1872
3230813,1872
3231363,1870
3231913,1872
3232463,1872
3233016,1872
3233565,1872
3234116,1873
3234667,1872
3235217,1872
3235767,1872
3236317,1872
3236867,1872
3237418,1872
3237968,1872
3238517,1871
3239067,1872
3239618,1869
3240172,1874
3240723,1871
3241274,1873
3241824,1871
3242375,1872
3242926,1872
3243475,1872
3244025,1872
3244576,1871
3245130,1874
3245680,1874
3246230,1872
3246781,1872
3247331,1872
3247881,1872
3248431,1872
3248985,1873
3249536,1873
3250086,1872
3250637,1872
3251187,1873
3251739,1873
3252289,1873
3252838,1872
3253389,1872
3253940,1873
3254490,1872
3255041,1872
3255591,1873
3256146,1873
3256697,1872
3257248,1872
3257797,1872
3258347,1872
3258897,1872
3259447,1875
3259999,1872
3260550,1872
3261099,1874
3261651,1872
3262202,1873
3262752,1872
3263303,1872
3263854,1872
3264404,1872
3264954,1872
3265504,1872
3266054,1872
3266604,1872
3267158,1872
3267708,1873
3268259,1874
3268809,1871
3269360,1878
3269912,1871
3270463,1872
3271013,1871
3271564,1872
3272114,1872
3272665,1872
3273215,1872
3273765,1872
3274315,1872
3274865,1872
3275415,1872
3275965,1872
3276515,1872
3277065,1875
3277617,1872
3278171,1873
3278721,1872
3279272,1875
3279823,1872
3280375,1873
3280925,1872
3281476,1872
3282026,1875
3282577,1874
3283131,1872
3283683,1872
3284233,1872
3284782,1872
3285333,1872
3285882,1872
3286432,1873
3286986,1872
3287537,1872
3288087,1872
3288637,1873
3289188,1874
3289738,1872
3290289,1872
3290840,1872
3291390,1872
3291941,1873
3292491,1873
3293041,1872
3293592,1873
3294147,1875
3294697,1872
3295249,1874
3295800,1872
3296350,1873
3296901,1872
3297452,1871
3298003,1872
3298553,1873
3299105,1872
3299656,1872
3300205,1872
3300755,1872
3301306,1869
3301855,1874
3302406,1873
3302957,1875
3303508,1873
3304059,1874
3304609,1872
3305164,1874
3305714,1872
3306265,1872
3306815,1872
3307365,1872
3307915,1872
3308465,1872
3309017,1872
3309567,1874
3310118,1872
3310670,1872
3311220,1873
3311771,1871
3312322,1873
3312873,1872
3313423,1872
3313973,1875
3314524,1872
3315075,1871
3315625,1872
3316175,1872
3316725,1872
3317275,1872
3317826,1872
3318376,1872
3318927,1872
3319478,1872
3320028,1872
3320577,1871
3321131,1872
3321681,1872
3322232,1872
3322782,1872
3323332,1871
3323883,1872
3324433,1874
3324988,1873
3325537,1872
3326088,1876
3326640,1873
3327190,1872
3327741,1872
3328291,1872
3328841,1872
3329391,1872
3329942,1871
3330491,1869
3331041,1872
3331591,1872
3332145,1873
3332696,1872
3333247,1872
3333798,1870
3334348,1872
3334897,1873
3335448,1869
3335999,1872
3336549,1872
3337099,1872
3337650,1872
3338200,1872
3338750,1872
3339300,1872
3339849,1872
3340399,1872
3340950,1872
3341501,1873
3342052,1872
3342603,1873
3343157,1872
3343707,1873
3344258,1872
3344809,1872
3345359,1872
3345909,1872
3346459,1872
3347011,1873
3347562,1872
3348113,1872
3348664,1872
3349214,1874
3349766,1872
3350316,1873
3350867,1873
3351417,1873
3351968,1875
3352518,1874
3353068,1872
3353624,1872
3354174,1872
3354724,1872
3355274,1872
3355825,1872
3356375,1872
3356924,1872
3357475,1871
3358025,1874
3358577,1872
3359131,1872
3359682,1872
3360232,1873
3360782,1872
3361333,1872
3361883,1873
3362434,1872
3362987,1874
3363538,1873
3364088,1872
3364639,1871
3365189,1872
3365739,1872
3366289,1870
3366840,1872
3367390,1872
3367940,1872
3368489,1872
3369039,1872
3369589,1875
3370144,1872
3370696,1873
3371247,1874
3371796,1872
3372347,1873
3372898,1872
3373449,1870
3374000,1873
3374551,1873
3375101,1873
3375652,1872
3376203,1873
3376753,1872
3377304,1872
3377854,1872
3378404,1872
3378954,1872
3379504,1872
3380054,1872
3380605,1872
3381159,1872
3381709,1872
3382259,1872
3382810,1873
3383360,1874
3383910,1872
3384461,1872
3385012,1874
3385563,1872
3386114,1871
3386665,1872
3387215,1873
3387766,1872
3388317,1874
3388868,1871
3389419,1872
3389969,1872
3390519,1872
3391069,1871
3391624,1872
3392174,1872
3392724,1872
3393274,1871
3393825,1871
3394375,1874
3394925,1873
3395475,1872
3396026,1872
3396576,1872
3397130,1872
3397680,1872
3398230,1873
3398782,1872
3399332,1872
3399882,1872
3400432,1872
3400987,1871
3401536,1873
3402087,1872
3402639,1873
3403190,1872
3403741,1873
3404291,1873
3404841,1872
3405392,1872
3405942,1872
3406492,1872
3407042,1872
3407592,1872
3408146,1872
3408697,1872
3409247,1872
3409797,1873
3410348,1872
3410900,1872
3411450,1871
3412000,1872
3412551,1873
3413102,1872
3413652,1871
3414202,1872
3414752,1872
3415302,1872
3415852,1872
3416402,1872
3416952,1872
3417502,1870
3418052,1872
3418602,1871
3419156,1872
3419707,1872
3420257,1869
3420807,1873
3421358,1872
3421910,1872
3422460,1871
3423010,1877
3423562,1872
3424113,1872
3424663,1875
3425214,1873
3425764,1873
3426314,1874
3426863,1872
3427414,1872
3427964,1872
3428515,1872
3429065,1870
3429615,1873
3430169,1871
3430720,1873
3431271,1872
3431822,1873
3432373,1872
3432924,1872
3433475,1873
3434026,1872
3434577,1872
3435131,1872
3435681,1873
3436232,1873
3436782,1872
3437334,1872
3437883,1874
3438434,1872
3438987,1872
3439537,1872
3440088,1872
3440637,1871
3441187,1872
3441737,1872
3442287,1872
3442838,1872
3443388,1872
3443937,1873
3444488,1872
3445039,1873
3445591,1872
3446145,1872
3446695,1872
3447245,1872
3447795,1872
3448345,1872
3448895,1872
3449445,1871
3449996,1871
3450546,1872
3451096,1872
3451646,1872
3452196,1872
3452747,1872
3453297,1873
3453847,1872
3454398,1875
3454950,1874
3455501,1872
3456052,1872
3456602,1869
3457156,1870
3457706,1872
3458256,1873
3458808,1872
3459359,1873
3459910,1872
3460460,1872
3461011,1872
3461562,1872
3462113,1872
3462664,1872
3463214,1872
3463764,1872
3464314,1872
3464863,1872
3465413,1873
3465964,1872
3466515,1873
3467067,1872
3467617,1873
3468171,1872
3468723,1873
3469273,1873
3469824,1873
3470374,1872
3470924,1872
3471475,1872
3472025,1872
3472575,1871
3473129,1872
3473678,1872
3474228,1872
3474778,1875
3475330,1872
3475881,1872
3476431,1872
3476985,1875
3477537,1872
3478087,1874
3478638,1873
3479188,1872
3479739,1872
3480289,1873
3480840,1872
3481391,1873
3481942,1872
3482494,1874
3483044,1872
3483596,1872
3484150,1872
3484700,1872
3485250,1872
3485801,1872
3486351,1872
3486901,1873
3487452,1872
3488004,1874
3488555,1871
3489106,1872
3489656,1872
3490206,1873
3490756,1871
3491307,1874
3491859,1873
3492409,1872
3492960,1872
3493510,1875
3494061,1872
3494611,1873
3495166,1872
3495717,1872
3496267,1872
3496817,1872
3497367,1872
3497917,1875
3498468,1872
3499022,1872
3499572,1875
3500127,1873
3500678,1872
3501228,1872
3501779,1873
3502329,1872
3502880,1872
3503430,1871
3503984,1872
3504534,1874
3505085,1872
3505637,1872
3506187,1871
3506738,1872
3507288,1872
3507838,1873
3508389,1873
3508939,1873
3509490,1872
3510041,1873
3510591,1871
3511146,1872
3511697,1872
3512247,1872
3512797,1872
3513347,1872
3513896,1872
3514446,1872
3514998,1872
3515549,1872
3516099,1872
3516649,1872
3517199,1872
3517749,1872
3518299,1872
3518849,1872
3519399,1872
3519949,1872
3520499,1873
3521051,1873
3521600,1875
3522155,1872
3522705,1872
3523255,1872
3523806,1875
3524356,1872
3524907,1872
3525457,1872
3526009,1872
3526559,1872
3527110,1872
3527659,1872
3528209,1872
3528760,1872
3529310,1872
3529861,1873
3530411,1872
3530963,1872
3531512,1872
3532063,1872
3532613,1872
3533168,1873
3533718,1872
3534269,1872
3534820,1872
3535370,1873
3535921,1873
3536471,1872
3537022,1874
3537574,1872
3538127,1872
3538678,1872
3539228,1872
3539778,1872
3540328,1872
3540879,1872
3541429,1872
3541979,1873
3542530,1872
3543082,1872
3543631,1875
3544182,1872
3544733,1871
3545283,1872
3545833,1872
3546383,1872
3546933,1874
3547484,1872
3548036,1872
3548586,1873
3549142,1872
3549692,1873
3550243,1872
3550794,1874
3551345,1872
3551896,1872
3552446,1872
3552998,1872
3553548,1872
3554098,1872
3554649,1872
3555199,1872
3555749,1873
3556300,1872
3556852,1872
3557402,1872
3557951,1872
3558501,1872
3559052,1873
3559603,1871
3560157,1872
3560707,1872
3561257,1873
3561808,1874
3562358,1872
3562909,1872
3563459,1872
3564010,1872
3564560,1872
3565110,1872
3565660,1872
3566210,1872
3566761,1874
3567311,1870
3567862,1874
3568413,1872
3568965,1872
3569515,1875
3570066,1872
3570617,1872
3571172,1872
3571722,1872
3572272,1872
3572823,1873
3573374,1872
3573924,1873
3574476,1872
3575027,1872
3575576,1872
3576130,1874
3576681,1872
3577233,1873
3577784,1872
3578335,1872
3578885,1875
3579436,1872
3579987,1872
3580537,1872
3581087,1871
3581638,1872
3582188,1872
3582739,1872
3583289,1872
3583840,1874
3584391,1875
3584942,1872
3585492,1872
3586043,1872
3586593,1871
3587148,1872
3587698,1872
3588248,1872
3588798,1872
3589348,1872
3589899,1872
3590449,1872
3591000,1872
3591549,1872
3592100,1872
3592651,1872
3593201,1872
3593751,1872
3594301,1872
3594850,1872
3595400,1872
3595950,1872
3596501,1872
3597052,1871
3597602,1872
3598157,1873
3598707,1872
3599258,1873
3599809,1872
3600360,1872
3600910,1872
3601461,1871
3602012,1872
3602563,1872
3603113,1874
3603665,1872
3604215,1873
3604766,1874
3605316,1872
3605868,1872
3606418,1872
3606967,1875
3607518,1872
3608070,1873
3608624,1873
3609174,1872
3609725,1872
3610275,1873
3610826,1872
3611377,1872
3611927,1872
3612478,1872
3613028,1872
3613577,1871
3614131,1872
3614681,1871
3615232,1873
3615782,1873
3616332,1875
3616882,1873
3617432,1874
3617986,1874
3618537,1871
3619087,1872
3619638,1872
3620188,1872
3620739,1873
3621290,1872
3621840,1872
3622390,1872
3622941,1872
3623491,1872
3624041,1872
3624591,1872
3625145,1871
3625695,1872
3626245,1873
3626796,1872
3627347,1872
3627898,1872
3628448,1871
3628998,1869
3629549,1872
3630100,1872
3630651,1872
3631201,1873
3631752,1872
3632302,1872
3632853,1871
3633403,1872
3633954,1872
3634504,1872
3635055,1872
3635604,1872
3636158,1872
3636708,1873
3637260,1872
3637810,1872
3638360,1873
3638912,1872
3639463,1872
3640013,1872
3640564,1872
3641113,1873
3641664,1872
3642215,1872
3642765,1872
3643315,1875
3643867,1872
3644417,1873
3644968,1872
3645519,1872
3646070,1872
3646624,1872
3647175,1872
3647726,1872
3648276,1872
3648826,1871
3649376,1872
3649926,1872
3650476,1872
3651026,1871
3651577,1872
3652131,1872
3652681,1872
3653232,1872
3653781,1872
3654331,1872
3654882,1872
3655432,1872
3655985,1872
3656536,1872
3657085,1872
3657635,1872
3658185,1871
3658735,1872
3659285,1872
3659835,1872
3660385,1872
3660935,1872
3661485,1872
3662035,1872
3662585,1872
3663139,1872
3663690,1872
3664240,1871
3664789,1872
3665339,1872
3665889,1872
3666439,1871
3666990,1872
3667541,1872
3668091,1872
3668640,1872
3669190,1872
3669740,1873
3670291,1872
3670842,1872
3671392,1874
3671943,1873
3672494,1872
3673045,1872
3673595,1871
3674149,1872
3674700,1872
3675250,1870
3675800,1872
3676350,1873
3676901,1872
3677452,1871
3678003,1872
3678553,1872
3679104,1872
3679653,1872
3680203,1872
3680754,1872
3681304,1875
3681855,1872
3682406,1872
3682956,1872
3683507,1872
3684057,1872
3684607,1873
3685162,1871
3685713,1872
3686263,1871
3686814,1872
3687364,1872
3687914,1872
3688464,1873
3689016,1872
3689566,1872
3690116,1873
3690667,1873
3691217,1873
3691768,1872
3692318,1872
3692868,1872
3693418,1872
3693968,1871
3694518,1872
3695068,1872
3695618,1873
3696173,1873
3696723,1874
3697273,1872
3697824,1872
3698374,1874
3698926,1873
3699475,1872
3700026,1872
3700576,1871
3701130,1872
3701680,1872
3702230,1873
3702781,1872
3703332,1872
3703882,1872
3704432,1872
3704985,1872
3705536,1872
3706087,1872
3706638,1872
3707188,1875
3707739,1872
3708289,1874
3708840,1872
3709391,1872
3709942,1873
3710492,1872
3711043,1871
3711593,1874
3712148,1872
3712699,1873
3713250,1872
3713801,1872
3714351,1872
3714902,1872
3715452,1871
3716002,1872
3716552,1872
3717103,1873
3717653,1874
3718203,1873
3718753,1872
3719304,1867
3719855,1873
3720406,1873
3720955,1875
3721505,1872
3722056,1872
3722606,1873
3723161,1872
3723713,1873
3724264,1873
3724813,1872
3725364,1872
3725914,1875
3726465,1872
3727017,1871
3727567,1872
3728117,1872
3728667,1873
3729217,1872
3729768,1871
3730318,1872
3730868,1872
3731418,1872
3731968,1871
3732518,1872
3733068,1872
3733618,1871
3734172,1873
3734722,1874
3735272,1872
3735823,1873
3736374,1872
3736926,1872
3737475,1873
3738026,1871
3738577,1872
3739131,1872
3739681,1872
3740231,1873
3740782,1873
3741332,1872
3741883,1872
3742433,1872
3742986,1872
3743536,1872
3744086,1872
3744636,1873
3745187,1875
3745738,1873
3746288,1873
3746838,1872
3747389,1872
3747938,1871
3748488,1873
3749038,1872
3749589,1872
3750143,1872
3750694,1872
3751244,1874
3751795,1871
3752345,1872
3752895,1872
3753445,1871
3753996,1872
3754546,1875
3755098,1872
3755649,1871
3756199,1872
3756749,1872
3757299,1873
3757850,1873
3758400,1873
3758950,1872
3759502,1872
3760053,1872
3760602,1872
3761157,1872
3761707,1872
3762257,1871
3762808,1872
3763358,1872
3763908,1873
3764459,1873
3765010,1872
3765562,1872
3766112,1872
3766662,1874
3767213,1872
3767763,1872
3768313,1873
3768865,1872
3769415,1872
3769965,1872
3770515,1872
3771065,1873
3771616,1873
3772171,1873
3772721,1872
3773273,1873
3773824,1872
3774374,1872
3774924,1872
3775475,1872
3776026,1872
3776575,1872
3777129,1872
3777678,1872
3778228,1872
3778779,1872
3779329,1872
3779879,1872
3780429,1872
3780980,1872
3781530,1871
3782080,1872
3782631,1872
3783181,1874
3783733,1872
3784283,1872
3784833,1874
3785384,1872
3785935,1872
3786485,1872
3787035,1872
3787585,1872
3788139,1872
3788689,1872
3789239,1872
3789789,1872
3790339,1872
3790889,1872
3791439,1872
3791990,1872
3792541,1872
3793090,1872
3793640,1872
3794190,1872
3794740,1872
3795290,1872
3795840,1872
3796390,1872
3796941,1872
3797491,1872
3798041,1872
3798591,1872
3799145,1873
3799697,1872
3800248,1872
3800798,1872
3801348,1872
3801898,1872
3802448,1871
3802998,1870
3803548,1872
3804098,1871
3804649,1872
3805199,1872
3805748,1873
3806300,1872
3806851,1872
3807401,1873
3807951,1874
3808501,1872
3809052,1872
3809603,1871
3810157,1873
3810708,1872
3811259,1872
3811809,1872
3812359,1872
3812910,1872
3813460,1873
3814012,1872
3814562,1874
3815114,1872
3815665,1875
3816215,1873
3816765,1875
3817315,1872
3817867,1872
3818417,1872
3818968,1872
3819517,1875
3820069,1877
3820624,1871
3821174,1872
3821725,1872
3822275,1872
3822825,1872
3823375,1873
3823926,1871
3824476,1871
3825026,1871
3825577,1872
3826131,1874
3826683,1873
3827233,1872
3827783,1873
3828334,1872
3828886,1872
3829436,1872
3829987,1872
3830537,1873
3831088,1872
3831638,1872
3832188,1872
3832738,1872
3833288,1874
3833840,1871
3834390,1872
3834941,1872
3835491,1872
3836041,1872
3836591,1872
3837146,1873
3837697,1872
3838247,1874
3838797,1871
3839349,1873
3839900,1872
3840450,1870
3841000,1872
3841550,1872
3842100,1871
3842651,1872
3843201,1873
3843752,1874
3844302,1872
3844853,1871
3845403,1871
3845954,1872
3846504,1872
3847054,1873
3847605,1872
3848160,1872
3848711,1871
3849261,1872
3849812,1872
3850362,1873
3850912,1872
3851463,1872
3852014,1872
3852564,1872
3853114,1872
3853665,1872
3854215,1873
3854766,1872
3855317,1872
3855867,1872
3856417,1875
3856969,1872
3857519,1870
3858070,1872
3858624,1872
3859174,1875
3859725,1872
3860275,1873
3860826,1872
3861378,1872
3861928,1873
3862478,1874
3863029,1872
3863579,1872
3864133,1872
3864684,1872
3865234,1872
3865784,1872
3866334,1873
3866886,1875
3867436,1872
3867987,1875
3868539,1872
3869090,1874
3869640,1873
3870190,1874
3870741,1872
3871291,1874
3871841,1872
3872392,1872
3872943,1871
3873493,1871
3874043,1872
3874593,1873
3875149,1870
3875699,1872
3876249,1872
3876799,1873
3877350,1872
3877901,1872
3878451,1871
3879003,1872
3879554,1872
3880104,1872
3880653,1872
3881203,1872
3881753,1873
3882304,1874
3882854,1873
3883404,1873
3883955,1872
3884505,1872
3885056,1872
3885605,1872
3886159,1871
3886710,1872
3887260,1872
3887809,1873
3888360,1872
3888911,1872
3889461,1872
3890012,1871
3890562,1872
3891113,1873
3891663,1872
3892215,1872
3892764,1872
3893314,1872
3893865,1872
3894414,1872
3894964,1875
3895515,1872
3896066,1872
3896617,1872
3897170,1872
3897720,1872
3898270,1872
3898820,1872
3899370,1872
3899921,1873
3900471,1869
3901023,1872
3901572,1874
3902127,1873
3902678,1872
3903228,1873
3903779,1872
3904329,1872
3904879,1872
3905429,1873
3905981,1872
3906531,1872
3907081,1872
3907631,1872
3908181,1872
3908732,1872
3909282,1872
3909833,1872
3910383,1872
3910934,1873
3911484,1872
3912036,1875
3912586,1872
3913142,1872
3913692,1872
3914242,1874
3914793,1872
3915344,1872
3915895,1872
3916445,1872
3916996,1872
3917545,1872
3918095,1872
3918645,1873
3919196,1872
3919748,1872
3920298,1872
3920847,1872
3921397,1872
3921948,1872
3922497,1872
3923047,1872
3923598,1872
3924152,1872
3924702,1872
3925252,1872
3925802,1872
3926352,1871
3926903,1873
3927454,1870
3928005,1872
3928555,1873
3929106,1875
3929657,1872
3930207,1872
3930757,1872
3931307,1872
3931857,1871
3932407,1870
3932957,1870
3933508,1872
3934058,1872
3934608,1872
3935162,1872
3935712,1875
3936263,1873
3936814,1873
3937364,1872
3937914,1874
3938465,1873
3939016,1871
3939567,1872
3940118,1871
3940667,1872
3941217,1873
3941768,1873
3942318,1872
3942869,1873
3943420,1872
3943971,1872
3944522,1869
3945073,1870
3945624,1870
3946175,1874
3946725,1872
3947276,1872
3947826,1871
3948376,1875
3948928,1872
3949479,1875
3950030,1872
3950580,1872
3951134,1872
3951685,1873
3952236,1872
3952786,1872
3953336,1872
3953886,1872
3954436,1873
3954988,1873
3955538,1872
3956089,1872
3956639,1872
3957189,1872
3957740,1872
3958290,1872
3958840,1872
3959390,1872
3959941,1874
3960491,1872
3961042,1872
3961592,1872
3962146,1872
3962696,1872
3963246,1872
3963797,1872
3964347,1872
3964896,1872
3965446,1872
3965997,1872
3966547,1871
3967098,1871
3967647,1872
3968197,1872
3968748,1871
3969298,1872
3969848,1872
3970398,1870
3970949,1872
3971498,1872
3972049,1871
3972599,1872
3973154,1872
3973703,1872
3974253,1872
3974803,1872
3975353,1873
3975904,1870
3976456,1872
3977006,1872
3977556,1873
3978108,1872
3978658,1872
3979208,1872
3979759,1874
3980309,1872
3980861,1872
3981411,1872
3981961,1872
3982511,1873
3983063,1870
3983613,1872
3984167,1872
3984718,1873
3985269,1872
3985819,1872
3986369,1874
3986921,1872
3987471,1872
3988021,1873
3988572,1872
3989127,1874
3989678,1872
3990229,1874
3990780,1872
3991331,1872
3991881,1872
3992431,1872
3992985,1872
3993535,1875
3994086,1874
3994637,1873
3995187,1871
3995739,1875
3996289,1871
3996840,1872
3997390,1874
3997942,1873
3998491,1873
3999041,1872
3999592,1872
4000146,1872
4000697,1871
4001247,1872
4001797,1872
4002347,1872
4002896,1872
4003446,1872
4003997,1873
4004548,1873
4005097,1873
4005647,1872
4006198,1872
4006748,1872
4007298,1873
4007849,1875
4008400,1872
4008950,1872
4009501,1875
4010052,1872
4010603,1875
4011157,1877
4011707,1872
4012258,1872
4012808,1872
4013358,1873
4013909,1871
4014460,1875
4015011,1871
4015562,1872
4016113,1871
4016663,1872
4017214,1872
4017763,1873
4018314,1872
4018866,1877
4019417,1875
4019966,1875
4020517,1872
4021067,1872
4021618,1872
4022172,1872
4022722,1872
4023272,1874
4023823,1872
4024375,1872
4024924,1874
4025476,1872
4026026,1872
4026576,1870
4027130,1872
4027680,1872
4028230,1874
4028782,1873
4029332,1872
4029883,1873
4030434,1872
4030987,1872
4031537,1872
4032087,1873
4032638,1872
4033189,1870
4033739,1872
4034289,1872
4034840,1872
4035390,1872
4035941,1874
4036491,1872
4037043,1872
4037593,1872
4038147,1872
4038698,1873
4039248,1874
4039799,1873
4040349,1872
4040901,1873
4041451,1869
4042002,1872
4042552,1872
4043103,1872
4043653,1870
4044203,1873
4044754,1873
4045304,1872
4045855,1872
4046405,1872
4046955,1872
4047505,1872
4048055,1872
4048605,1872
4049159,1873
4049711,1873
4050261,1872
4050813,1873
4051364,1872
4051914,1873
4052465,1873
4053017,1872
4053567,1872
4054118,1872
4054667,1875
4055218,1872
4055769,1872
4056320,1872
4056869,1873
4057420,1874
4057970,1872
4058522,1872
4059073,1872
4059624,1873
4060174,1873
4060725,1872
4061275,1873
4061827,1872
4062377,1873
4062928,1872
4063479,1872
4064030,1874
4064580,1875
4065134,1872
4065686,1872
4066236,1871
4066787,1872
4067337,1871
4067886,1872
4068436,1872
4068987,1872
4069537,1872
4070088,1875
4070639,1872
4071189,1874
4071739,1872
4072290,1871
4072841,1872
4073391,1873
4073942,1872
4074494,1874
4075044,1873
4075594,1872
4076150,1872
4076700,1872
4077250,1873
4077800,1872
4078351,1872
4078902,1872
4079452,1872
4080002,1872
4080552,1872
4081102,1872
4081652,1872
4082202,1872
4082752,1873
4083303,1871
4083855,1872
4084405,1872
4084955,1872
4085505,1872
4086055,1871
4086605,1872
4087159,1875
4087711,1872
4088261,1872
4088811,1873
4089362,1873
4089913,1872
4090464,1872
4091016,1872
4091565,1874
4092117,1873
4092667,1873
4093217,1872
4093768,1872
4094318,1872
4094868,1873
4095419,1873
4095970,1872
4096521,1873
4097071,1873
4097624,1872
4098174,1872
4098725,1871
4099275,1872
4099826,1872
4100376,1872
4100926,1872
4101476,1873
4102028,1872
4102578,1873
4103133,1872
4103685,1872
4104235,1875
4104786,1871
4105337,1872
4105888,1872
4106438,1871
4106990,1873
4107541,1872
4108092,1872
4108642,1872
4109192,1872
4109742,1874
4110293,1872
4110845,1872
4111394,1873
4111946,1872
4112496,1872
4113046,1872
4113596,1872
4114150,1873
4114701,1871
4115252,1872
4115803,1872
4116353,1872
4116903,1872
4117453,1870
4118003,1874
4118554,1872
4119105,1872
4119656,1873
4120206,1872
4120758,1872
4121308,1872
4121859,1872
4122409,1872
4122959,1873
4123510,1871
4124061,1872
4124612,1873
4125166,1872
4125717,1873
4126268,1872
4126818,1872
4127368,1869
4127919,1872
4128469,1872
4129020,1872
4129570,1872
4130125,1872
4130675,1874
4131226,1875
4131777,1873
4132327,1872
4132878,1873
4133429,1872
4133979,1872
4134529,1871
4135079,1872
4135630,1873
4136180,1872
4136732,1872
4137282,1872
4137832,1872
4138382,1872
4138933,1872
4139483,1872
4140033,1872
4140584,1872
4141138,1872
4141687,1872
4142237,1872
4142788,1873
4143339,1873
4143889,1872
4144441,1871
4144991,1873
4145543,1872
4146094,1872
4146645,1873
4147196,1872
4147746,1872
4148296,1872
4148847,1872
4149397,1871
4149948,1874
4150498,1872
4151050,1872
4151599,1873
4152154,1871
4152705,1873
4153256,1872
4153808,1873
4154359,1872
4154909,1873
4155460,1873
4156011,1872
4156562,1872
4157113,1872
4157662,1872
4158212,1872
4158762,1871
4159312,1872
4159862,1872
4160412,1873
4160963,1873
4161514,1871
4162065,1872
4162615,1872
4163169,1869
4163719,1872
4164269,1871
4164819,1872
4165369,1875
4165921,1872
4166471,1872
4167023,1872
4167572,1872
4168127,1872
4168678,1872
4169228,1872
4169779,1872
4170329,1872
4170880,1872
4171430,1872
4171984,1875
4172536,1871
4173086,1872
4173636,1872
4174186,1871
4174737,1872
4175287,1871
4175837,1873
4176388,1872
4176940,1869
4177490,1872
4178041,1872
4178590,1872
4179144,1872
4179694,1872
4180244,1873
4180795,1872
4181347,1873
4181897,1872
4182448,1872
4183000,1872
4183550,1872
4184100,1872
4184651,1872
4185201,1872
4185752,1872
4186302,1872
4186852,1872
4187402,1872
4187953,1872
4188502,1872
4189052,1873
4189603,1872
4190158,1872
4190708,1872
4191259,1873
4191809,1872
4192360,1872
4192910,1874
4193461,1872
4194013,1872
4194564,1872
4195113,1872
4195663,1872
4196213,1872
4196763,1872
4197313,1871
4197863,1873
4198414,1872
4198965,1871
4199516,1872
4200066,1872
4200616,1870
4201170,1872
4201720,1872
4202270,1872
4202821,1872
4203371,1872
4203922,1872
4204472,1869
4205023,1872
4205572,1872
4206127,1872
4206678,1872
4207228,1871
4207778,1872
4208328,1872
4208879,1871
4209429,1872
4209979,1869
4210529,1871
4211079,1872
4211630,1871
4212180,1871
4212731,1872
4213281,1874
4213832,1870
4214383,1872
4214934,1872
4215484,1872
4216035,1873
4216585,1871
4217140,1872
4217691,1872
4218241,1874
4218793,1872
4219344,1874
4219894,1872
4220445,1872
4220996,1872
4221545,1872
4222095,1874
4222646,1872
4223197,1872
4223747,1873
4224298,1872
4224849,1872
4225399,1871
4225949,1872
4226500,1872
4227050,1872
4227599,1873
4228154,1871
4228706,1872
4229256,1872
4229807,1872
4230357,1872
4230907,1872
4231457,1872
4232008,1872
4232558,1872
4233108,1872
4233659,1872
4234209,1870
4234759,1872
4235309,1871
4235859,1872
4236409,1872
4236960,1872
4237509,1872
4238059,1872
4238610,1871
4239163,1872
4239713,1870
4240263,1872
4240813,1872
4241363,1872
4241914,1872
4242464,1871
4243016,1872
4243565,1872
4244115,1872
4244665,1873
4245216,1873
4245766,1872
4246317,1873
4246868,1872
4247419,1872
4247969,1873
4248521,1872
4249072,1875
4249624,1873
4250175,1872
4250725,1872
4251275,1872
4251826,1872
4252376,1872
4252927,1872
4253478,1872
4254028,1872
4254578,1872
4255132,1872
4255683,1870
4256233,1872
4256782,1872
4257332,1872
4257883,1872
4258433,1872
4258986,1872
4259537,1872
4260086,1872
4260637,1872
4261187,1872
4261738,1872
4262288,1872
4262839,1872
4263389,1872
4263938,1872
4264489,1871
4265039,1873
4265589,1872
4266144,1872
4266694,1872
4267244,1872
4267795,1872
4268345,1871
4268896,1872
4269446,1872
4269998,1872
4270548,1869
4271098,1872
4271649,1873
4272199,1872
4272751,1872
4273301,1872
4273850,1871
4274400,1872
4274950,1872
4275500,1872
4276051,1872
4276600,1871
4277155,1872
4277705,1873
4278256,1872
4278806,1869
4279357,1874
4279908,1873
4280458,1873
4281009,1872
4281561,1873
4282111,1872
4282663,1873
4283214,1872
4283764,1872
4284314,1870
4284865,1874
4285416,1872
4285967,1872
4286517,1872
4287068,1873
4287618,1873
4288171,1872
4288722,1872
4289272,1872
4289822,1872
4290372,1872
4290922,1872
4291472,1872
4292023,1871
4292572,1872
4293127,1875
4293678,1872
4294229,1870
4294780,1872
4295330,1872
4295880,1873
4296431,1872
4296985,1873
4297537,1872
4298087,1872
4298637,1872
4299187,1872
4299738,1872
4300288,1873
4300840,1872
4301390,1872
4301940,1872
4302490,1872
4303040,1873
4303592,1872
4304146,1874
4304696,1872
4305248,1872
4305797,1872
4306347,1875
4306899,1872
4307450,1871
4308000,1872
4308551,1872
4309101,1872
4309651,1871
4310201,1871
4310752,1871
4311302,1872
4311852,1872
4312402,1874
4312954,1872
4313504,1872
4314054,1872
4314605,1872
4315159,1873
4315709,1872
4316260,1872
4316811,1872
4317361,1872
4317910,1872
4318460,1872
4319011,1872
4319561,1870
4320112,1872
4320662,1872
4321212,1871
4321761,1872
4322311,1872
4322862,1872
4323412,1872
4323962,1874
4324514,1872
4325065,1872
4325614,1872
4326167,1873
4326719,1873
4327269,1872
4327820,1872
4328370,1872
4328921,1872
4329471,1873
4330022,1871
4330573,1872
4331127,1872
4331678,1873
4332229,1873
4332779,1872
4333329,1874
4333881,1874
4334431,1872
4334985,1872
4335536,1872
4336086,1872
4336636,1873
4337187,1872
4337737,1873
4338288,1872
4338840,1872
4339390,1873
4339941,1872
4340491,1871
4341041,1874
4341593,1872
4342147,1872
4342698,1872
4343248,1872
4343798,1872
4344348,1872
4344898,1872
4345448,1872
4345999,1872
4346549,1874
4347100,1872
4347652,1870
4348202,1873
4348752,1872
4349303,1872
4349853,1872
4350403,1872
4350953,1872
4351504,1872
4352054,1871
4352604,1872
4353158,1872
4353708,1872
4354258,1872
4354809,1871
4355359,1872
4355909,1872
4356459,1871
4357011,1872
4357562,1873
4358112,1872
4358664,1873
4359215,1872
4359766,1874
4360316,1872
4360867,1872
4361417,1872
4361968,1872
4362518,1873
4363070,1871
4363624,1872
4364175,1872
4364726,1872
4365276,1871
4365827,1873
4366377,1872
4366929,1872
4367479,1874
4368030,1872
4368580,1872
4369134,1872
4369685,1874
4370235,1871
4370786,1872
4371336,1872
4371887,1872
4372437,1872
4372989,1872
4373540,1872
4374089,1870
4374639,1872
4375189,1872
4375739,1872
4376289,1872
4376840,1874
4377390,1871
4377941,1872
4378491,1872
4379042,1873
4379592,1874
4380146,1872
4380698,1872
4381248,1872
4381799,1872
4382349,1872
4382900,1872
4383450,1872
4384000,1872
4384550,1872
4385100,1872
4385651,1872
4386201,1872
4386751,1871
4387301,1870
4387852,1872
4388402,1872
4388951,1873
4389502,1872
4390053,1873
4390604,1872
4391159,1872
4391710,1873
4392261,1872
4392811,1872
4393361,1872
4393911,1872
4394461,1872
4395012,1872
4395562,1872
4396112,1872
4396663,1872
4397213,1874
4397763,1872
4398314,1873
4398865,1872
4399417,1874
4399968,1871
4400518,1872
4401068,1872
4401618,1872
4402173,1872
4402722,1871
4403272,1872
4403822,1872
4404372,1872
4404922,1872
4405472,1872
4406023,1871
4406572,1872
4407127,1873
4407678,1872
4408229,1872
4408779,1872
4409329,1874
4409881,1873
4410431,1872
4410985,1872
4411536,1872
4412085,1871
4412636,1873
4413187,1873
4413738,1872
4414289,1872
4414840,1872
4415390,1870
4415939,1872
4416489,1872
4417040,1871
4417591,1874
4418145,1872
4418696,1874
4419247,1872
4419798,1872
4420348,1872
4420897,1875
4421448,1872
4421999,1873
4422550,1872
4423101,1871
4423651,1872
4424201,1873
4424753,1872
4425304,1874
4425855,1872
4426406,1875
4426956,1873
4427507,1872
4428058,1873
4428608,1874
4429163,1871
4429714,1872
4430264,1872
4430815,1872
4431365,1872
4431915,1872
4432465,1872
4433017,1871
4433567,1872
4434118,1872
4434668,1873
4435219,1873
4435769,1872
4436320,1872
4436870,1872
4437420,1873
4437971,1871
4438523,1872
4439073,1872
4439624,1872
4440174,1873
4440725,1872
4441276,1872
4441827,1872
4442377,1872
4442926,1872
4443476,1872
4444026,1875
4444577,1872
4445133,1874
4445684,1872
4446234,1873
4446785,1873
4447335,1871
4447885,1872
4448435,1870
4448988,1872
4449538,1871
4450088,1872
4450639,1872
4451189,1872
4451739,1872
4452289,1872
4452840,1873
4453390,1872
4453941,1872
4454491,1871
4455041,1872
4455591,1872
4456145,1872
4456696,1872
4457246,1872
4457795,1872
4458345,1873
4458896,1873
4459446,1869
4459997,1872
4460547,1874
4461098,1872
4461650,1872
4462200,1872
4462750,1872
4463300,1872
4463851,1870
4464401,1872
4464950,1873
4465501,1872
4466051,1872
4466602,1872
4467156,1872
4467706,1872
4468256,1870
4468806,1872
4469356,1872
4469906,1873
4470457,1872
4471009,1875
4471559,1872
4472111,1872
4472660,1872
4473210,1872
4473760,1872
4474310,1872
4474861,1873
4475411,1872
4475962,1872
4476512,1872
4477062,1872
4477612,1871
4478167,1872
4478716,1872
4479266,1872
4479816,1872
4480366,1873
4480917,1872
4481469,1873
4482021,1872
4482571,1872
4483126,1870
4483676,1872
4484227,1872
4484776,1872
4485326,1873
4485877,1871
4486429,1872
4486979,1872
4487529,1873
4488080,1872
4488632,1872
4489182,1872
4489732,1871
4490282,1876
4490833,1872
4491383,1872
4491934,1872
4492484,1872
4493034,1872
4493584,1872
4494138,1874
4494689,1872
4495241,1872
4495791,1872
4496341,1872
4496890,1872
4497440,1872
4497992,1872
4498542,1872
4499093,1872
4499643,1872
4500193,1872
4500744,1874
4501295,1873
4501844,1872
4502395,1872
4502946,1872
4503495,1872
4504045,1872
4504595,1872
4505149,1872
4505699,1872
4506249,1872
4506799,1870
4507349,1872
4507900,1872
4508450,1871
4509000,1872
4509551,1874
4510102,1871
4510652,1874
4511203,1873
4511753,1872
4512304,1872
4512854,1872
4513404,1872
4513955,1869
4514505,1871
4515056,1872
4515606,1872
4516162,1872
4516712,1872
4517262,1872
4517813,1872
4518363,1871
4518914,1873
4519464,1870
4520016,1872
4520565,1872
4521116,1873
4521666,1872
4522217,1873
4522768,1872
4523319,1872
4523869,1872
4524419,1873
4524969,1872
4525521,1873
4526071,1871
4526624,1870
4527174,1872
4527725,1870
4528275,1872
4528826,1875
4529376,1872
4529926,1872
4530476,1872
4531026,1872
4531577,1872
4532131,1872
4532682,1874
4533233,1872
4533784,1872
4534334,1872
4534883,1873
4535434,1872
4535987,1872
4536537,1872
4537088,1872
4537638,1873
4538189,1872
4538739,1874
4539290,1875
4539840,1872
4540391,1873
4540942,1873
4541493,1872
4542044,1874
4542595,1872
4543149,1871
4543699,1872
4544249,1873
4544801,1872
4545351,1872
4545901,1872
4546451,1872
4547002,1873
4547552,1872
4548104,1873
4548655,1872
4549206,1871
4549756,1875
4550307,1872
4550859,1873
4551410,1872
4551961,1872
4552510,1872
4553060,1872
4553610,1871
4554164,1872
4554714,1872
4555264,1872
4555815,1872
4556365,1872
4556915,1873
4557466,1872
4558022,1872
4558571,1872
4559126,1870
4559677,1872
4560227,1873
4560779,1873
4561329,1873
4561880,1871
4562431,1872
4562984,1869
4563535,1872
4564084,1871
4564634,1872
4565184,1872
4565734,1872
4566284,1874
4566835,1872
4567387,1872
4567937,1872
4568488,1872
4569038,1872
4569589,1871
4570143,1871
4570692,1872
4571242,1872
4571793,1872
4572343,1872
4572893,1872
4573443,1871
4573994,1873
4574544,1872
4575095,1872
4575645,1872
4576195,1872
4576746,1872
4577296,1872
4577847,1872
4578397,1873
4578948,1872
4579499,1874
4580050,1872
4580602,1872
4581156,1872
4581706,1873
4582257,1872
4582808,1873
4583359,1871
4583910,1872
4584460,1871
4585011,1873
4585563,1872
4586113,1872
4586664,1871
4587214,1872
4587765,1872
4588315,1871
4588866,1872
4589416,1872
4589966,1872
4590517,1872
4591066,1872
4591616,1875
4592170,1871
4592721,1872
4593271,1872
4593821,1870
4594371,1870
4594922,1870
4595472,1872
4596023,1873
4596573,1872
4597127,1871
4597678,1872
4598228,1871
4598779,1872
4599329,1872
4599879,1872
4600430,1874
4600980,1873
4601530,1875
4602080,1872
4602632,1872
4603182,1872
4603732,1872
4604282,1872
4604833,1871
4605383,1872
4605934,1872
4606484,1872
4607035,1872
4607584,1872
4608138,1875
4608690,1872
4609241,1872
4609792,1871
4610342,1872
4610892,1872
4611442,1872
4611992,1871
4612542,1871
4613093,1870
4613644,1872
4614194,1871
4614744,1872
4615295,1872
4615844,1872
4616394,1877
4616945,1872
4617496,1872
4618046,1871
4618596,1873
4619151,1872
4619702,1874
4620253,1872
4620805,1872
4621355,1872
4621906,1873
4622457,1872
4623007,1874
4623558,1872
4624110,1872
4624660,1873
4625211,1872
4625762,1872
4626312,1872
4626862,1872
4627412,1872
4627962,1872
4628512,1872
4629062,1872
4629612,1872
4630167,1872
4630716,1872
4631266,1872
4631816,1872
4632366,1870
4632916,1873
4633467,1871
4634021,1872
4634570,1872
4635125,1872
4635675,1872
4636225,1872
4636775,1872
4637325,1872
4637876,1873
4638426,1877
4638977,1872
4639528,1872
4640079,1872
4640629,1872
4641179,1873
4641731,1872
4642281,1872
4642831,1873
4643382,1872
4643934,1873
4644484,1872
4645035,1870
4645585,1869
4646139,1872
4646690,1874
4647241,1872
4647792,1872
4648342,1872
4648892,1872
4649442,1867
4649992,1872
4650543,1872
4651092,1871
4651643,1873
4652194,1872
4652745,1873
4653296,1872
4653846,1873
4654397,1873
4654948,1872
4655498,1871
4656048,1872
4656598,1874
4657153,1872
4657705,1871
4658255,1872
4658805,1872
4659356,1868
4659905,1872
4660455,1867
4661006,1873
4661557,1872
4662108,1872
4662659,1872
4663209,1871
4663759,1873
4664309,1872
4664860,1872
4665411,1874
4665962,1872
4666512,1872
4667062,1873
4667613,1873
4668167,1872
4668719,1872
4669269,1875
4669820,1872
4670371,1873
4670923,1872
4671473,1872
4672023,1872
4672573,1872
4673127,1872
4673678,1872
4674228,1872
4674779,1873
4675329,1872
4675881,1875
4676432,1873
4676985,1872
4677537,1872
4678086,1875
4678638,1874
4679188,1872
4679739,1872
4680289,1873
4680840,1871
4681390,1873
4681942,1872
4682492,1871
4683043,1872
4683594,1872
4684148,1873
4684699,1872
4685250,1873
4685802,1872
4686352,1872
4686902,1873
4687453,1872
4688004,1872
4688555,1872
4689105,1872
4689654,1872
4690205,1872
4690755,1872
4691305,1872
4691855,1873
4692406,1872
4692957,1872
4693508,1870
4694058,1872
4694609,1872
4695164,1872
4695714,1873
4696265,1873
4696815,1872
4697366,1873
4697917,1871
4698468,1870
4699021,1872
4699570,1872
4700125,1872
4700675,1872
4701225,1872
4701775,1872
4702326,1872
4702875,1874
4703426,1872
4703977,1873
4704529,1872
4705080,1872
4705631,1873
4706181,1874
4706732,1872
4707282,1872
4707832,1872
4708382,1872
4708933,1872
4709483,1872
4710032,1872
4710582,1872
4711136,1874
4711686,1872
4712237,1872
4712787,1873
4713338,1872
4713890,1872
4714440,1871
4714991,1872
4715540,1870
4716090,1872
4716640,1873
4717191,1868
4717743,1872
4718293,1875
4718844,1872
4719395,1872
4719946,1877
4720496,1872
4721047,1874
4721598,1872
4722153,1873
4722704,1872
4723254,1872
4723805,1872
4724355,1872
4724905,1872
4725455,1871
4726006,1872
4726555,1872
4727105,1872
4727656,1875
4728206,1872
4728757,1872
4729307,1872
4729858,1874
4730408,1872
4730960,1872
4731509,1872
4732059,1872
4732609,1873
4733164,1872
4733714,1872
4734264,1872
4734814,1872
4735364,1870
4735915,1872
4736465,1871
4737015,1872
4737565,1871
4738115,1873
4738667,1871
4739217,1872
4739767,1871
4740317,1869
4740868,1872
4741418,1869
4741968,1872
4742518,1874
4743070,1871
4743624,1872
4744174,1872
4744725,1872
4745275,1872
4745825,1872
4746375,1873
4746927,1871
4747478,1872
4748028,1872
4748577,1872
4749131,1871
4749681,1872
4750231,1873
4750782,1873
4751332,1872
4751883,1873
4752435,1872
4752987,1872
4753537,1871
4754087,1875
4754638,1873
4755188,1872
4755739,1872
4756289,1873
4756841,1872
4757392,1874
4757942,1872
4758494,1872
4759044,1872
4759593,1872
4760147,1872
4760698,1873
4761248,1874
4761798,1872
4762349,1870
4762900,1872
4763450,1872
4764000,1874
4764551,1872
4765102,1872
4765653,1872
4766203,1871
4766753,1872
4767303,1872
4767853,1872
4768403,1872
4768954,1873
4769504,1872
4770056,1872
4770605,1872
4771159,1872
4771709,1872
4772259,1872
4772809,1872
4773359,1872
4773910,1872
4774460,1872
4775011,1872
4775562,1873
4776113,1872
4776664,1872
4777214,1873
4777765,1872
4778315,1872
4778865,1872
4779415,1872
4779966,1872
4780516,1872
4781066,1872
4781617,1873
4782170,1872
4782721,1871
4783271,1872
4783821,1872
4784371,1870
4784921,1872
4785471,1871
4786022,1874
4786573,1872
4787127,1873
4787678,1872
4788229,1872
4788780,1872
4789330,1873
4789881,1872
4790431,1872
4790985,1872
4791535,1872
4792085,1873
4792636,1872
4793188,1871
4793738,1873
4794288,1873
4794839,1872
4795389,1872
4795939,1872
4796490,1872
4797040,1874
4797591,1871
4798146,1871
4798697,1872
4799247,1872
4799798,1872
4800348,1874
4800899,1872
4801450,1871
4802000,1872
4802550,1873
4803101,1872
4803651,1872
4804201,1872
4804752,1873
4805303,1872
4805854,1874
4806405,1869
4806955,1873
4807507,1873
4808057,1872
4808607,1873
4809162,1872
4809713,1872
4810263,1872
4810813,1873
4811364,1873
4811915,1871
4812465,1873
4813016,1876
4813566,1872
4814118,1873
4814669,1871
4815219,1872
4815769,1872
4816319,1874
4816870,1872
4817422,1872
4817971,1872
4818521,1872
4819072,1872
4819624,1872
4820174,1871
4820724,1871
4821274,1872
4821825,1871
4822375,1873
4822926,1872
4823477,1871
4824027,1871
4824577,1872
4825131,1872
4825682,1872
4826232,1872
4826782,1872
4827332,1873
4827884,1872
4828434,1872
4828987,1872
4829536,1875
4830087,1872
4830639,1871
4831189,1872
4831739,1874
4832289,1873
4832840,1872
4833390,1874
4833941,1873
4834491,1870
4835042,1872
4835592,1872
4836146,1872
4836697,1872
4837247,1872
4837797,1872
4838347,1872
4838897,1873
4839448,1872
4839999,1874
4840550,1872
4841101,1873
4841652,1872
4842203,1872
4842753,1872
4843303,1871
4843854,1872
4844404,1874
4844955,1872
4845505,1872
4846056,1872
4846605,1872
4847159,1872
4847710,1872
4848260,1872
4848809,1872
4849360,1872
4849910,1872
4850460,1874
4851011,1874
4851561,1871
4852112,1872
4852663,1873
4853214,1872
4853765,1872
4854315,1872
4854865,1873
4855415,1872
4855967,1872
4856516,1872
4857066,1872
4857616,1872
4858170,1872
4858721,1872
4859271,1872
4859821,1872
4860371,1870
4860921,1872
4861471,1873
4862023,1872
4862573,1872
4863127,1873
4863679,1874
4864229,1872
4864780,1872
4865330,1872
4865880,1872
4866430,1872
4866984,1873
4867535,1872
4868086,1872
4868637,1872
4869187,1872
4869738,1872
4870288,1873
4870840,1872
4871390,1872
4871941,1872
4872491,1871
4873042,1874
4873592,1873
4874146,1872
4874697,1872
4875247,1872
4875798,1872
4876348,1872
4876898,1871
4877448,1871
4878000,1871
4878549,1871
4879099,1875
4879651,1871
4880201,1871
4880751,1872
4881301,1872
4881852,1873
4882402,1873
4882953,1872
4883503,1872
4884053,1872
4884603,1872
4885157,1871
4885707,1872
4886257,1874
4886808,1876
4887358,1872
4887910,1871
4888460,1872
4889011,1872
4889562,1872
4890113,1872
4890663,1872
4891213,1872
4891764,1872
4892313,1872
4892863,1872
4893413,1872
4893964,1872
4894514,1872
4895065,1874
4895616,1872
4896169,1871
4896719,1871
4897269,1873
4897820,1872
4898371,1872
4898921,1872
4899471,1872
4900022,1872
4900572,1872
4901127,1872
4901678,1872
4902228,1873
4902778,1871
4903329,1872
4903880,1872
4904430,1872
4904980,1872
4905530,1874
4906081,1874
4906631,1870
4907181,1872
4907732,1872
4908282,1873
4908834,1874
4909384,1872
4909934,1872
4910484,1872
4911034,1870
4911584,1873
4912139,1872
4912691,1872
4913241,1872
4913791,1873
4914342,1873
4914893,1872
4915444,1872
4915994,1873
4916545,1872
4917097,1872
4917647,1872
4918198,1872
4918747,1873
4919298,1872
4919849,1872
4920400,1872
4920950,1872
4921501,1873
4922052,1872
4922603,1872
4923157,1873
4923708,1871
4924259,1872
4924809,1872
4925359,1874
4925910,1873
4926460,1872
4927011,1872
4927562,1873
4928113,1872
4928664,1872
4929214,1872
4929764,1875
4930315,1873
4930866,1872
4931416,1872
4931966,1872
4932516,1875
4933067,1872
4933618,1873
4934172,1874
4934722,1872
4935273,1871
4935823,1872
4936374,1872
4936923,1872
4937473,1873
4938024,1872
4938576,1872
4939130,1872
4939680,1872
4940230,1872
4940780,1872
4941330,1872
4941880,1872
4942430,1872
4942984,1872
4943534,1872
4944085,1872
4944635,1872
4945185,1872
4945735,1872
4946286,1872
4946836,1872
4947386,1873
4947937,1873
4948488,1875
4949039,1872
4949590,1872
4950144,1872
4950694,1872
4951244,1872
4951795,1872
4952345,1872
4952895,1872
4953445,1872
4953996,1872
4954545,1872
4955095,1873
4955647,1872
4956197,1872
4956748,1872
4957298,1873
4957849,1871
4958400,1872
4958950,1872
4959501,1873
4960052,1872
4960603,1873
4961158,1873
4961708,1872
4962260,1872
4962809,1874
4963360,1871
4963911,1872
4964461,1871
4965012,1873
4965563,1872
4966115,1872
4966665,1872
4967215,1872
4967765,1872
4968315,1872
4968866,1872
4969416,1873
4969966,1871
4970517,1871
4971067,1873
4971619,1872
4972173,1872
4972724,1872
4973274,1872
4973824,1871
4974374,1874
4974926,1872
4975476,1872
4976026,1872
4976577,1873
4977132,1873
4977681,1874
4978232,1872
4978782,1874
4979333,1872
4979885,1872
4980435,1872
4980987,1873
4981537,1872
4982088,1872
4982638,1872
4983188,1873
4983740,1872
4984290,1872
4984840,1872
4985390,1872
4985941,1872
4986491,1871
4987041,1873
4987592,1872
4988147,1872
4988698,1872
4989248,1872
4989798,1872
4990349,1871
4990898,1872
4991448,1872
4991999,1871
4992550,1872
4993099,1872
4993650,1870
4994200,1872
4994750,1870
4995300,1872
4995850,1871
4996400,1871
4996950,1875
4997501,1872
4998053,1872
4998604,1872
4999158,1872
4999708,1872
5000258,1872
5000808,1871
5001358,1872
5001909,1871
5002459,1872
5003010,1872
5003559,1871
5004110,1872
5004660,1870
5005210,1872
5005760,1872
5006310,1871
5006861,1872
5007410,1872
5007961,1873
5008511,1875
5009061,1873
5009611,1872
5010165,1872
5010715,1872
5011265,1874
5011816,1872
5012368,1872
5012917,1872
5013467,1872
5014021,1873
5014571,1873
5015126,1872
5015677,1872
5016227,1872
5016778,1872
5017328,1872
5017879,1872
5018429,1874
5018980,1872
5019531,1872
5020081,1873
5020633,1871
5021183,1873
5021734,1872
5022286,1872
5022836,1872
5023386,1871
5023936,1873
5024488,1872
5025039,1873
5025590,1872
5026144,1873
5026695,1872
5027246,1872
5027797,1874
5028348,1873
5028897,1873
5029447,1872
5029998,1872
5030548,1874
5031099,1872
5031651,1872
5032201,1872
5032751,1872
5033301,1872
5033852,1872
5034402,1872
5034952,1871
5035502,1872
5036052,1872
5036603,1872
5037157,1871
5037707,1872
5038257,1874
5038808,1872
5039359,1872
5039910,1872
5040460,1872
5041011,1873
5041562,1872
5042113,1872
5042664,1872
5043214,1872
5043765,1872
5044315,1871
5044865,1872
5045416,1872
5045965,1870
5046516,1872
5047065,1872
5047616,1872
5048169,1873
5048720,1872
5049271,1872
5049822,1872
5050372,1872
5050922,1874
5051473,1872
5052024,1872
5052575,1872
5053129,1872
5053679,1871
5054229,1872
5054779,1872
5055329,1870
5055880,1873
5056430,1872
5056985,1872
5057535,1872
5058086,1872
5058637,1872
5059187,1872
5059737,1872
5060287,1872
5060838,1872
5061388,1872
5061937,1872
5062488,1872
5063039,1872
5063590,1872
5064144,1872
5064694,1872
5065244,1872
5065794,1874
5066345,1872
5066896,1873
5067447,1871
5067998,1871
5068549,1872
5069098,1872
5069649,1873
5070200,1870
5070750,1872
5071300,1872
5071850,1872
5072400,1872
5072951,1871
5073501,1872
5074051,1872
5074600,1872
5075154,1871
5075705,1872
5076255,1872
5076806,1872
5077356,1872
5077907,1873
5078457,1872
5079009,1872
5079559,1872
5080110,1872
5080659,1872
5081209,1872
5081760,1872
5082310,1872
5082860,1872
5083410,1872
5083961,1872
5084511,1872
5085062,1873
5085612,1870
5086167,1873
5086718,1872
5087268,1872
5087819,1872
5088369,1874
5088921,1872
5089471,1873
5090023,1872
5090573,1872
5091127,1872
5091678,1872
5092228,1872
5092777,1872
5093327,1872
5093877,1873
5094429,1872
5094980,1873
5095531,1873
5096081,1872
5096632,1873
5097183,1872
5097734,1872
5098284,1872
5098835,1872
5099385,1872
5099936,1873
5100486,1873
5101036,1871
5101587,1871
5102142,1872
5102691,1873
5103242,1872
5103792,1872
5104342,1871
5104893,1871
5105443,1871
5105994,1872
5106543,1871
5107093,1872
5107644,1874
5108194,1872
5108745,1873
5109296,1872
5109848,1871
5110398,1872
5110948,1872
5111498,1873
5112050,1872
5112600,1872
5113155,1872
5113705,1872
5114255,1872
5114806,1871
5115356,1873
5115908,1872
5116459,1872
5117010,1872
5117559,1872
5118110,1872
5118660,1872
5119210,1871
5119761,1872
5120311,1870
5120861,1872
5121411,1872
5121962,1872
5122512,1872
5123062,1872
5123612,1874
5124167,1872
5124717,1873
5125268,1872
5125820,1874
5126371,1874
5126921,1872
5127471,1872
5128021,1871
5128571,1873
5129126,1872
5129678,1872
5130228,1872
5130778,1872
5131327,1873
5131879,1872
5132429,1872
5132981,1871
5133531,1873
5134082,1871
5134633,1870
5135183,1872
5135734,1872
5136284,1872
5136834,1872
5137384,1872
5137934,1872
5138484,1874
5139036,1873
5139586,1872
5140142,1874
5140692,1873
5141242,1872
5141793,1871
5142343,1872
5142894,1872
5143444,1872
5143995,1873
5144545,1872
5145096,1872
5145646,1872
5146196,1871
5146747,1872
5147297,1873
5147848,1872
5148399,1872
5148948,1872
5149498,1870
5150049,1872
5150598,1874
5151153,1872
5151705,1873
5152255,1873
5152806,1872
5153357,1872
5153908,1872
5154458,1871
5155009,1872
5155558,1872
5156108,1872
5156658,1872
5157208,1872
5157759,1872
5158309,1871
5158860,1872
5159410,1872
5159960,1872
5160510,1872
5161060,1872
5161610,1872
5162164,1872
5162714,1872
5163264,1874
5163815,1872
5164366,1872
5164916,1871
5165466,1872
5166021,1872
5166570,1873
5167126,1872
5167677,1872
5168227,1872
5168776,1872
5169326,1872
5169876,1872
5170426,1873
5170977,1874
5171528,1872
5172079,1872
5172630,1872
5173180,1872
5173730,1872
5174279,1872
5174829,1873
5175380,1872
5175931,1874
5176483,1873
5177032,1872
5177583,1872
5178137,1872
5178687,1872
5179237,1872
5179788,1873
5180338,1872
5180888,1872
5181438,1872
5181990,1871
5182539,1873
5183090,1872
5183642,1872
5184192,1871
5184741,1872
5185291,1872
5185842,1872
5186392,1873
5186943,1872
5187493,1872
5188044,1873
5188595,1873
5189149,1869
5189700,1872
5190250,1872
5190800,1872
5191350,1872
5191901,1872
5192451,1871
5193002,1872
5193552,1873
5194104,1872
5194654,1872
5195204,1872
5195755,1875
5196306,1874
5196855,1872
5197406,1872
5197957,1872
5198507,1872
5199057,1872
5199608,1872
5200163,1873
5200713,1873
5201263,1873
5201813,1873
5202363,1873
5202913,1872
5203465,1872
5204016,1872
5204565,1872
5205116,1872
5205665,1872
5206215,1874
5206766,1872
5207317,1873
5207869,1872
5208419,1871
5208970,1872
5209519,1872
5210069,1872
5210624,1873
5211175,1871
5211725,1873
5212276,1872
5212828,1873
5213378,1873
5213928,1873
5214478,1874
5215029,1872
5215579,1872
5216134,1873
5216685,1872
5217235,1872
5217786,1872
5218335,1870
5218886,1872
5219436,1871
5219988,1872
5220537,1872
5221087,1872
5221637,1874
5222188,1871
5222739,1872
5223289,1873
5223840,1872
5224391,1874
5224942,1872
5225494,1874
5226044,1872
5226596,1872
5227150,1872
5227700,1873
5228251,1872
5228802,1872
5229353,1872
5229903,1871
5230453,1872
5231005,1871
5231556,1873
5232106,1872
5232658,1871
5233208,1872
5233758,1873
5234309,1872
5234859,1872
5235409,1872
5235960,1872
5236510,1872
5237059,1871
5237609,1872
5238163,1872
5238712,1872
5239262,1872
5239813,1872
5240363,1873
5240914,1871
5241464,1872
5242015,1873
5242566,1870
5243117,1872
5243667,1872
5244217,1872
5244767,1872
5245317,1872
5245867,1874
5246418,1872
5246969,1872
5247519,1872
5248070,1869
5248624,1872
5249175,1871
5249725,1871
5250275,1872
5250825,1872
5251375,1870
5251924,1873
5252475,1870
5253026,1872
5253577,1871
5254131,1872
5254681,1872
5255231,1872
5255781,1872
5256331,1873
5256883,1872
5257433,1872
5257986,1873
5258537,1872
5259088,1872
5259639,1872
5260189,1872
5260739,1872
5261289,1872
5261840,1872
5262390,1872
5262939,1872
5263490,1872
5264039,1872
5264589,1871
5265143,1872
5265693,1872
5266243,1872
5266793,1872
5267343,1872
5267894,1873
5268444,1872
5268996,1872
5269545,1871
5270095,1872
5270646,1872
5271196,1872
5271746,1872
5272296,1872
5272847,1872
5273397,1870
5273948,1871
5274497,1872
5275047,1872
5275597,1871
5276151,1872
5276701,1874
5277252,1873
5277802,1872
5278353,1872
5278903,1872
5279453,1872
5280004,1872
5280554,1872
5281105,1872
5281654,1872
5282205,1872
5282755,1872
5283305,1872
5283856,1872
5284406,1873
5284957,1872
5285507,1872
5286058,1874
5286609,1872
5287163,1872
5287713,1872
5288263,1872
5288813,1873
5289364,1872
5289916,1872
5290466,1872
5291020,1872
5291571,1872
5292126,1872
5292677,1872
5293227,1873
5293777,1872
5294328,1872
5294878,1872
5295428,1871
5295979,1872
5296529,1872
5297080,1872
5297631,1872
5298181,1871
5298731,1872
5299281,1871
5299832,1871
5300382,1873
5300932,1872
5301484,1872
5302035,1872
5302584,1870
5303138,1872
5303689,1872
5304239,1869
5304789,1870
5305339,1872
5305889,1872
5306439,1872
5306991,1873
5307542,1873
5308092,1871
5308643,1869
5309193,1872
5309743,1872
5310293,1871
5310843,1872
5311393,1872
5311943,1872
5312494,1872
5313043,1872
5313593,1875
5314149,1872
5314699,1871
5315249,1874
5315801,1875
5316351,1874
5316901,1871
5317453,1872
5318004,1871
5318554,1872
5319104,1872
5319653,1872
5320203,1871
5320753,1872
5321303,1871
5321854,1872
5322404,1872
5322955,1873
5323505,1874
5324056,1873
5324605,1872
5325160,1871
5325711,1872
5326261,1872
5326812,1872
5327362,1872
5327912,1872
5328462,1873
5329014,1872
5329564,1871
5330114,1872
5330664,1871
5331214,1872
5331764,1873
5332315,1873
5332866,1872
5333416,1872
5333967,1872
5334516,1873
5335068,1872
5335618,1872
5336172,1872
5336721,1873
5337272,1872
5337823,1872
5338373,1872
5338923,1871
5339473,1865
5340024,1872
5340573,1874
5341127,1872
5341678,1872
5342228,1872
5342779,1872
5343329,1871
5343879,1872
5344429,1872
5344980,1872
5345530,1872
5346080,1872
5346631,1871
5347181,1872
5347731,1872
5348281,1873
5348833,1872
5349383,1872
5349934,1872
5350484,1872
5351034,1872
5351584,1872
5352138,1874
5352690,1872
5353241,1872
5353790,1873
5354341,1872
5354893,1872
5355443,1872
5355993,1872
5356544,1872
5357094,1872
5357644,1876
5358195,1872
5358746,1872
5359296,1872
5359847,1872
5360397,1872
5360947,1872
5361497,1872
5362047,1872
5362598,1875
5363153,1873
5363704,1872
5364254,1872
5364805,1873
5365356,1872
5365907,1872
5366457,1871
5367009,1873
5367559,1873
5368110,1872
5368660,1872
5369210,1872
5369761,1873
5370312,1872
5370862,1873
5371413,1872
5371964,1871
5372515,1874
5373066,1872
5373617,1874
5374170,1873
5374720,1872
5375271,1871
5375821,1871
5376371,1874
5376923,1872
5377473,1868
5378023,1871
5378573,1869
5379127,1872
5379678,1871
5380228,1872
5380779,1872
5381329,1872
5381879,1872
5382429,1873
5382981,1872
5383531,1872
5384082,1872
5384631,1878
5385182,1872
5385734,1872
5386284,1872
5386834,1873
5387385,1872
5387936,1873
5388487,1872
5389038,1875
5389590,1872
5390145,1872
5390695,1873
5391246,1872
5391798,1872
5392348,1872
5392898,1873
5393449,1869
5394000,1872
5394550,1872
5395101,1872
5395651,1872
5396201,1873
5396752,1872
5397303,1872
5397854,1872
5398404,1873
5398956,1872
5399507,1871
5400058,1872
5400609,1872
5401164,1873
5401714,1871
5402265,1872
5402815,1873
5403366,1872
5403917,1873
5404468,1872
5405021,1872
5405570,1872
5406125,1872
5406676,1873
5407227,1872
5407778,1872
5408328,1872
5408879,1870
5409429,1873
5409980,1872
5410531,1872
5411081,1872
5411631,1872
5412181,1872
5412732,1872
5413282,1871
5413833,1872
5414383,1872
5414933,1869
5415484,1872
5416035,1872
5416584,1871
5417138,1872
5417688,1872
5418238,1871
5418788,1873
5419339,1872
5419890,1873
5420441,1870
5420992,1872
5421542,1872
5422093,1872
5422642,1873
5423193,1872
5423745,1871
5424295,1873
5424847,1872
5425398,1872
5425948,1872
5426498,1871
5427048,1872
5427598,1872
5428152,1872
5428703,1872
5429252,1872
5429802,1874
5430353,1874
5430903,1872
5431454,1872
5432005,1874
5432556,1872
5433107,1872
5433658,1873
5434209,1872
5434759,1873
5435310,1872
5435861,1872
5436411,1872
5436961,1872
5437511,1872
5438061,1872
5438611,1872
5439165,1872
5439715,1872
5440265,1872
5440815,1872
5441365,1872
5441916,1872
5442466,1872
5443020,1872
5443570,1871
5444125,1871
5444675,1871
5445225,1872
5445775,1872
5446325,1871
5446875,1872
5447425,1872
5447977,1872
5448527,1872
5449078,1872
5449627,1872
5450177,1872
5450728,1872
5451278,1873
5451829,1872
5452380,1872
5452930,1873
5453483,1873
5454032,1872
5454584,1872
5455138,1872
5455687,1871
5456237,1872
5456788,1872
5457338,1871
5457887,1873
5458438,1872
5458990,1871
5459540,1872
5460091,1872
5460640,1871
5461190,1873
5461741,1874
5462291,1872
5462842,1872
5463392,1872
5463942,1872
5464492,1873
5465044,1872
5465595,1870
5466149,1872
5466700,1873
5467250,1872
5467801,1872
5468351,1872
5468901,1871
5469451,1871
5470002,1872
5470551,1872
5471101,1875
5471652,1872
5472203,1870
5472754,1872
5473304,1875
5473854,1874
5474404,1872
5474955,1872
5475505,1872
5476055,1872
5476605,1872
5477159,1871
5477710,1872
5478260,1872
5478810,1872
5479360,1872
5479910,1872
5480460,1872
5481011,1871
5481562,1873
5482113,1873
5482664,1873
5483214,1872
5483766,1871
5484316,1872
5484866,1872
5485416,1872
5485966,1872
5486517,1872
5487067,1872
5487618,1872
5488172,1871
5488721,1871
5489271,1870
5489821,1871
5490371,1872
5490921,1871
5491471,1872
5492022,1870
5492572,1872
5493127,1872
5493678,1870
5494228,1872
5494778,1873
5495329,1872
5495881,1872
5496431,1872
5496985,1871
5497535,1872
5498086,1872
5498637,1874
5499188,1871
5499739,1872
5500289,1871
5500840,1871
5501390,1872
5501940,1871
5502489,1871
5503039,1872
5503589,1872
5504143,1871
5504693,1872
5505243,1872
5505793,1873
5506344,1872
5506895,1872
5507445,1872
5507996,1872
5508547,1871
5509097,1872
5509647,1872
5510197,1872
5510747,1872
5511297,1872
5511848,1873
5512399,1872
5512949,1872
5513499,1872
5514050,1872
5514599,1872
5515153,1871
5515704,1872
5516254,1870
5516805,1871
5517355,1872
5517905,1872
5518455,1872
5519006,1874
5519557,1872
5520108,1872
5520658,1871
5521208,1872
5521759,1872
5522309,1872
5522859,1872
5523410,1872
5523959,1872
5524509,1870
5525059,1872
5525609,1871
5526163,1872
5526712,1872
5527262,1872
5527813,1872
5528363,1872
5528913,1872
5529464,1872
5530016,1872
5530566,1872
5531117,1871
5531667,1872
5532217,1872
5532767,1872
5533317,1872
5533868,1872
5534418,1872
5534969,1872
5535520,1872
5536070,1872
5536623,1872
5537173,1872
5537724,1872
5538274,1872
5538824,1872
5539374,1871
5539923,1873
5540475,1874
5541025,1872
5541576,1872
5542130,1872
5542680,1873
5543231,1874
5543781,1873
5544331,1872
5544882,1873
5545433,1872
5545987,1872
5546537,1872
5547087,1872
5547638,1872
5548188,1872
5548738,1872
5549288,1871
5549839,1872
5550389,1872
5550938,1872
5551488,1872
5552039,1870
5552590,1872
5553144,1871
5553694,1871
5554244,1871
5554794,1874
5555345,1872
5555896,1872
5556446,1872
5556998,1870
5557548,1872
5558099,1871
5558650,1872
5559200,1872
5559750,1872
5560300,1872
5560849,1872
5561399,1871
5561949,1869
5562499,1872
5563050,1871
5563601,1872
5564155,1872
5564705,1873
5565256,1873
5565806,1872
5566357,1873
5566908,1873
5567458,1871
5568010,1872
5568559,1874
5569110,1871
5569661,1872
5570211,1871
5570761,1872
5571311,1872
5571862,1872
5572412,1872
5572961,1872
5573511,1872
5574061,1871
5574611,1873
5575166,1872
5575717,1872
5576267,1873
5576818,1871
5577370,1872
5577920,1872
5578470,1872
5579020,1872
5579571,1872
5580126,1871
5580675,1871
5581225,1872
5581775,1873
5582326,1872
5582878,1872
5583428,1871
5583978,1872
5584529,1872
5585079,1869
5585630,1874
5586181,1872
5586732,1872
5587282,1871
5587832,1873
5588383,1871
5588934,1872
5589484,1869
5590035,1872
5590584,1872
5591138,1874
5591689,1871
5592240,1873
5592792,1873
5593342,1871
5593894,1872
5594444,1872
5594994,1872
5595544,1872
5596095,1874
5596645,1872
5597196,1872
5597746,1872
5598296,1872
5598846,1872
5599397,1872
5599948,1873
5600498,1872
5601050,1872
5601599,1871
5602153,1872
5602704,1871
5603254,1872
5603803,1874
5604354,1872
5604906,1872
5605456,1872
5606007,1872
5606556,1872
5607106,1872
5607657,1872
5608207,1872
5608757,1873
5609308,1873
5609858,1873
5610408,1871
5610960,1872
5611509,1872
5612060,1872
5612610,1871
5613165,1872
5613715,1872
5614265,1871
5614815,1872
5615365,1872
5615916,1872
5616466,1871
5617021,1873
5617571,1872
5618127,1872
5618677,1872
5619227,1872
5619778,1872
5620328,1872
5620878,1872
5621427,1872
5621978,1872
5622528,1873
5623079,1872
5623631,1872
5624181,1873
5624732,1872
5625282,1875
5625834,1872
5626385,1871
5626935,1872
5627485,1871
5628035,1871
5628585,1872
5629139,1872
5629690,1873
5630241,1873
5630791,1875
5631341,1873
5631890,1872
5632441,1871
5632992,1872
5633542,1872
5634092,1874
5634644,1872
5635194,1872
5635745,1872
5636295,1872
5636846,1872
5637396,1872
5637946,1872
5638496,1872
5639046,1871
5639597,1871
5640151,1869
5640701,1872
5641251,1874
5641802,1872
5642353,1871
5642903,1872
5643453,1870
5644004,1872
5644555,1872
5645105,1871
5645656,1873
5646207,1872
5646758,1872
5647308,1872
5647859,1871
5648409,1872
5648959,1874
5649509,1871
5650060,1872
5650611,1872
5651165,1872
5651714,1872
5652264,1872
5652814,1873
5653365,1872
5653916,1872
5654466,1872
5655020,1872
5655571,1875
5656125,1874
5656676,1872
5657226,1872
5657776,1872
5658326,1872
5658876,1872
5659426,1871
5659977,1872
5660527,1872
5661077,1872
5661627,1872
5662177,1872
5662727,1872
5663277,1872
5663827,1872
5664377,1871
5664928,1872
5665477,1873
5666029,1872
5666579,1872
5667133,1872
5667683,1872
5668233,1872
5668784,1872
5669334,1872
5669884,1871
5670434,1872
5670986,1872
5671537,1872
5672088,1872
5672638,1872
5673188,1873
5673739,1873
5674289,1872
5674841,1872
5675391,1871
5675941,1872
5676491,1872
5677041,1871
5677591,1871
5678145,1872
5678696,1872
5679246,1873
5679796,1872
5680347,1873
5680899,1873
5681449,1871
5681999,1872
5682550,1872
5683099,1872
5683650,1872
5684200,1873
5684752,1872
5685302,1871
5685853,1872
5686403,1872
5686953,1872
5687503,1872
5688053,1872
5688604,1873
5689159,1872
5689710,1872
5690260,1872
5690809,1873
5691360,1872
5691911,1872
5692461,1872
5693013,1872
5693562,1872
5694112,1872
5694662,1872
5695212,1872
5695763,1872
5696313,1870
5696863,1872
5697413,1871
5697963,1872
5698514,1872
5699064,1874
5699615,1872
5700169,1871
5700719,1873
5701269,1872
5701820,1873
5702371,1872
5702922,1872
5703472,1873
5704024,1874
5704573,1872
5705127,1872
5705678,1872
5706228,1873
5706780,1872
5707330,1872
5707880,1872
5708430,1872
5708984,1871
5709534,1872
5710085,1872
5710635,1872
5711185,1872
5711734,1872
5712284,1874
5712835,1874
5713385,1872
5713937,1872
5714487,1872
5715037,1872
5715588,1872
5716142,1874
5716693,1872
5717244,1871
5717795,1872
5718345,1872
5718895,1873
5719446,1870
5719998,1871
5720547,1872
5721098,1872
5721648,1872
5722198,1873
5722750,1872
5723301,1872
5723852,1872
5724402,1872
5724951,1872
5725501,1873
5726053,1873
5726603,1872
5727158,1873
5727710,1871
5728261,1872
5728812,1871
5729362,1875
5729913,1872
5730464,1872
5731016,1874
5731566,1869
5732117,1873
5732669,1872
5733220,1870
5733770,1872
5734320,1872
5734870,1872
5735420,1872
5735971,1872
5736520,1872
5737071,1872
5737624,1872
5738174,1872
5738724,1872
5739274,1873
5739826,1872
5740376,1872
5740927,1873
5741478,1872
5742029,1872
5742578,1872
5743132,1872
5743683,1872
5744233,1872
5744782,1874
5745333,1872
5745885,1872
5746435,1871
5746986,1872
5747536,1872
5748086,1874
5748638,1871
5749188,1872
5749739,1872
5750289,1873
5750841,1874
5751391,1872
5751941,1873
5752492,1872
5753044,1872
5753594,1873
5754149,1872
5754700,1874
5755251,1872
5755802,1872
5756352,1872
5756903,1875
5757454,1872
5758004,1872
5758555,1872
5759105,1872
5759655,1873
5760206,1871
5760758,1872
5761308,1872
5761859,1871
5762409,1872
5762959,1872
5763510,1872
5764059,1872
5764610,1873
5765164,1872
5765714,1873
5766265,1872
5766816,1872
5767367,1872
5767917,1872
5768467,1873
5769021,1872
5769571,1872
5770126,1872
5770677,1872
5771227,1872
5771778,1873
5772329,1872
5772880,1872
5773430,1872
5773984,1872
5774535,1874
5775085,1872
5775637,1872
5776187,1874
5776737,1872
5777289,1871
5777839,1872
5778389,1872
5778939,1872
5779488,1871
5780039,1872
5780589,1872
5781143,1872
5781693,1872
5782243,1873
5782795,1871
5783345,1871
5783895,1872
5784445,1872
5784997,1872
5785548,1873
5786099,1873
5786650,1872
5787200,1872
5787750,1873
5788301,1872
5788853,1875
5789404,1872
5789955,1871
5790505,1872
5791055,1873
5791607,1872
5792162,1872
5792712,1872
5793262,1873
5793813,1872
5794364,1871
5794914,1872
5795464,1871
5796015,1872
5796565,1872
5797115,1872
5797665,1872
5798215,1872
5798766,1872
5799316,1872
5799865,1872
5800415,1872
5800966,1872
5801515,1874
5802066,1871
5802617,1872
5803171,1872
5803721,1872
5804271,1873
5804822,1872
5805373,1872
5805923,1873
5806475,1872
5807025,1873
5807576,1872
5808131,1872
5808682,1872
5809232,1875
5809783,1874
5810333,1874
5810884,1872
5811434,1871
5811987,1872
5812536,1872
5813086,1872
5813637,1872
5814187,1872
5814736,1872
5815286,1872
5815836,1874
5816388,1876
5816937,1873
5817487,1872
5818038,1872
5818589,1872
5819143,1872
5819694,1872
5820244,1875
5820795,1872
5821346,1872
5821896,1871
5822447,1872
5822997,1873
5823549,1871
5824099,1872
5824649,1872
5825199,1873
5825750,1872
5826301,1872
5826852,1872
5827402,1872
5827951,1872
5828502,1872
5829052,1872
5829602,1872
5830156,1872
5830706,1872
5831256,1872
5831807,1873
5832358,1873
5832908,1874
5833458,1874
5834009,1872
5834561,1872
5835111,1875
5835661,1872
5836213,1872
5836763,1872
5837313,1872
5837862,1870
5838412,1872
5838963,1872
5839513,1874
5840064,1872
5840616,1872
5841169,1872
5841719,1872
5842269,1873
5842820,1872
5843371,1871
5843921,1872
5844471,1872
5845022,1872
5845572,1872
5846127,1872
5846678,1872
5847228,1874
5847780,1873
5848330,1872
5848881,1871
5849431,1868
5849985,1872
5850536,1872
5851085,1872
5851636,1872
5852186,1872
5852736,1872
5853286,1872
5853836,1872
5854386,1871
5854937,1872
5855488,1872
5856037,1873
5856589,1871
5857143,1873
5857694,1871
5858246,1872
5858795,1872
5859345,1870
5859896,1872
5860446,1870
5860997,1872
5861546,1872
5862096,1872
5862646,1874
5863197,1872
5863748,1872
5864298,1872
5864849,1872
5865399,1872
5865949,1872
5866499,1871
5867049,1872
5867599,1872
5868153,1872
5868704,1872
5869254,1873
5869804,1870
5870355,1873
5870906,1872
5871458,1872
5872009,1873
5872559,1872
5873111,1871
5873660,1872
5874210,1872
5874760,1872
5875310,1872
5875860,1872
5876410,1872
5876961,1872
5877511,1873
5878063,1872
5878613,1874
5879168,1871
5879719,1872
5880269,1873
5880820,1872
5881371,1872
5881922,1869
5882472,1872
5883023,1872
5883572,1872
5884127,1874
5884678,1873
5885228,1873
5885779,1871
5886329,1872
5886879,1872
5887429,1872
5887980,1872
5888530,1871
5889081,1872
5889631,1872
5890181,1872
5890732,1872
5891282,1872
5891832,1865
5892383,1872
5892933,1870
5893483,1872
5894033,1872
5894584,1872
5895138,1873
5895689,1872
5896240,1873
5896792,1874
5897342,1872
5897892,1872
5898443,1870
5898994,1872
5899544,1872
5900094,1869
5900645,1871
5901195,1874
5901746,1872
5902296,1872
5902847,1872
5903397,1873
5903948,1875
5904498,1874
5905048,1872
5905599,1871
5906153,1875
5906705,1872
5907255,1873
5907807,1872
5908358,1871
5908907,1871
5909457,1873
5910009,1872
5910559,1872
5911110,1872
5911660,1874
5912211,1873
5912761,1872
5913312,1873
5913863,1872
5914415,1873
5914966,1873
5915516,1873
5916066,1872
5916617,1872
5917172,1872
5917721,1872
5918271,1872
5918821,1872
5919371,1872
5919921,1872
5920471,1872
5921023,1872
5921574,1873
5922127,1874
5922678,1875
5923228,1873
5923778,1872
5924329,1872
5924880,1872
5925430,1871
5925984,1871
5926535,1870
5927086,1873
5927637,1872
5928188,1872
5928738,1872
5929288,1872
5929838,1872
5930388,1872
5930937,1870
5931487,1872
5932038,1872
5932587,1872
5933142,1873
5933692,1872
5934243,1871
5934794,1873
5935345,1872
5935895,1873
5936446,1872
5936998,1872
5937548,1871
5938098,1871
5938647,1872
5939197,1872
5939748,1872
5940298,1872
5940847,1875
5941398,1872
5941950,1872
5942499,1872
5943049,1871
5943599,1872
5944154,1872
5944704,1872
5945254,1872
5945805,1872
5946355,1872
5946904,1872
5947454,1872
5948006,1872
5948556,1872
5949106,1872
5949657,1872
5950207,1872
5950758,1872
5951308,1873
5951860,1875
5952410,1871
5952962,1872
5953511,1870
5954061,1874
5954612,1872
5955167,1873
5955718,1872
5956269,1872
5956820,1873
5957371,1872
5957921,1872
5958471,1874
5959023,1873
5959572,1873
5960127,1872
5960679,1872
5961229,1871
5961779,1872
5962329,1874
5962880,1871
5963430,1870
5963984,1872
5964535,1872
5965086,1873
5965636,1871
5966188,1872
5966738,1872
5967288,1872
5967838,1872
5968388,1874
5968938,1873
5969488,1872
5970039,1872
5970590,1871
5971144,1873
5971694,1873
5972245,1872
5972795,1873
5973346,1872
5973897,1872
5974448,1872
5974998,1872
5975548,1872
5976099,1872
5976649,1872
5977199,1871
5977749,1872
5978299,1872
5978849,1872
5979399,1873
5979950,1872
5980502,1874
5981053,1872
5981603,1872
5982157,1872
5982707,1874
5983258,1873
5983809,1872
5984359,1873
5984910,1872
5985461,1872
5986012,1872
5986562,1870
5987113,1871
5987664,1873
5988215,1873
5988766,1873
5989316,1872
5989867,1872
5990417,1872
5990967,1872
5991517,1873
5992069,1872
5992624,1872
5993174,1873
5993724,1873
5994274,1872
5994826,1871
5995376,1872
5995927,1872
5996477,1873
5997028,1872
5997579,1873
5998134,1872
5998685,1872
5999235,1872
5999786,1873
6000336,1872
6000888,1872
6001438,1872
6001990,1872
6002541,1872
6003091,1872
6003640,1874
6004191,1872
6004742,1871
6005292,1872
6005842,1872
6006392,1873
6006943,1872
6007494,1872
6008045,1872
6008595,1871
6009150,1872
6009700,1873
6010251,1872
6010801,1873
6011352,1872
6011903,1872
6012453,1874
6013004,1873
6013554,1873
6014104,1872
6014656,1873
6015207,1872
6015758,1872
6016308,1872
6016858,1872
6017408,1872
6017958,1873
6018510,1871
6019061,1872
6019610,1872
6020164,1872
6020714,1872
6021264,1872
6021814,1873
6022365,1873
6022915,1872
6023466,1872
6024021,1871
6024570,1872
6025125,1872
6025676,1873
6026227,1873
6026777,1870
6027328,1872
6027877,1872
6028427,1872
6028978,1872
6029528,1871
6030079,1872
6030630,1872
6031180,1873
6031731,1872
6032282,1872
6032833,1872
6033383,1872
6033934,1871
6034484,1872
6035034,1871
6035584,1872
6036138,1873
6036690,1873
6037240,1873
6037791,1874
6038341,1872
6038892,1874
6039443,1872
6039993,1872
6040543,1872
6041094,1872
6041644,1872
6042194,1872
6042744,1874
6043295,1872
6043847,1872
6044397,1872
6044948,1873
6045498,1871
6046050,1872
6046601,1872
6047155,1872
6047705,1871
6048255,1870
6048805,1871
6049356,1872
6049905,1873
6050456,1868
6051007,1875
6051558,1872
6052110,1872
6052659,1872
6053209,1872
6053759,1870
6054309,1872
6054859,1873
6055411,1872
6055962,1872
6056513,1872
6057063,1873
6057613,1872
6058169,1872
6058719,1872
6059269,1872
6059820,1872
6060370,1872
6060921,1872
6061471,1872
6062021,1872
6062571,1873
6063126,1871
6063678,1873
6064228,1872
6064780,1872
6065330,1872
6065880,1870
6066430,1872
6066984,1873
6067535,1870
6068086,1872
6068636,1872
6069187,1873
6069737,1873
6070287,1873
6070838,1873
6071388,1871
6071939,1872
6072488,1873
6073039,1872
6073590,1872
6074144,1872
6074694,1873
6075245,1871
6075796,1872
6076346,1872
6076896,1872
6077446,1871
6077996,1872
6078547,1872
6079096,1872
6079646,1872
6080196,1871
6080746,1872
6081296,1872
6081846,1872
6082396,1872
6082946,1872
6083496,1873
6084047,1872
6084597,1872
6085151,1872
6085701,1872
6086252,1872
6086802,1872
6087352,1872
6087902,1873
6088453,1872
6089005,1874
6089555,1872
6090106,1873
6090658,1873
6091208,1871
6091759,1872
6092309,1872
6092860,1872
6093410,1872
6093960,1872
6094510,1872
6095060,1874
6095611,1872
6096165,1870
6096716,1872
6097266,1872
6097815,1872
6098365,1874
6098916,1872
6099467,1872
6100021,1872
6100571,1872
6101126,1871
6101677,1872
6102227,1872
6102778,1875
6103328,1872
6103879,1873
6104430,1872
6104985,1872
6105536,1872
6106086,1872
6106637,1873
6107188,1872
6107738,1872
6108288,1872
6108838,1872
6109388,1873
6109940,1871
6110490,1873
6111042,1872
6111592,1872
6112146,1872
6112697,1872
6113247,1872
6113798,1872
6114348,1872
6114898,1872
6115448,1871
6115998,1873
6116549,1872
6117100,1873
6117651,1872
6118202,1872
6118753,1873
6119304,1872
6119854,1872
6120404,1871
6120955,1873
6121505,1873
6122056,1873
6122606,1872
6123161,1872
6123712,1872
6124262,1872
6124813,1872
6125363,1872
6125914,1872
6126464,1870
6127016,1872
6127566,1872
6128117,1873
6128667,1873
6129217,1872
6129768,1872
6130318,1872
6130868,1872
6131418,1869
6131968,1871
6132518,1872
6133068,1872
6133618,1871
6134172,1872
6134722,1872
6135272,1872
6135822,1872
6136373,1872
6136922,1873
6137473,1872
6138024,1872
6138575,1872
6139129,1872
6139678,1873
6140229,1872
6140780,1872
6141330,1872
6141881,1871
6142431,1872
6142984,1872
6143534,1872
6144085,1873
6144636,1873
6145186,1871
6145737,1873
6146287,1872
6146839,1872
6147389,1873
6147940,1874
6148490,1872
6149041,1872
6149591,1872
6150145,1871
6150696,1872
6151246,1872
6151795,1872
6152345,1871
6152895,1872
6153445,1872
6153996,1872
6154545,1872
6155095,1872
6155645,1875
6156196,1872
6156747,1872
6157297,1872
6157848,1872
6158398,1872
6158948,1871
6159498,1871
6160048,1871
6160598,1872
6161152,1871
6161703,1872
6162253,1871
6162802,1870
6163352,1872
6163902,1872
6164452,1873
6165004,1872
6165554,1872
6166104,1872
6166654,1872
6167204,1872
6167754,1872
6168304,1874
6168856,1873
6169406,1871
6169957,1872
6170508,1872
6171058,1872
6171608,1871
6172162,1872
6172713,1871
6173263,1874
6173814,1871
6174365,1872
6174916,1873
6175466,1872
6176021,1871
6176571,1873
6177127,1872
6177678,1876
6178229,1872
6178779,1871
6179329,1873
6179881,1872
6180431,1873
6180986,1872
6181536,1873
6182087,1872
6182638,1872
6183188,1872
6183739,1872
6184289,1872
6184840,1872
6185390,1871
6185939,1872
6186489,1872
6187040,1872
6187590,1870
6188144,1873
6188695,1873
6189246,1872
6189797,1874
6190347,1873
6190897,1872
6191448,1873
6191999,1875
6192550,1874
6193099,1872
6193651,1872
6194201,1873
6194752,1872
6195302,1872
6195853,1875
6196404,1872
6196955,1873
6197505,1872
6198057,1871
6198606,1872
6199161,1872
6199712,1872
6200262,1872
6200812,1872
6201362,1872
6201912,1872
6202462,1872
6203013,1872
6203562,1872
6204112,1872
6204663,1872
6205213,1872
6205762,1872
6206312,1873
6206863,1874
6207413,1872
6207964,1872
6208514,1873
6209065,1874
6209616,1872
6210169,1872
6210720,1874
6211270,1872
6211821,1873
6212372,1872
6212924,1872
6213475,1872
6214024,1873
6214575,1872
6215130,1872
6215680,1871
6216230,1872
6216781,1874
6217332,1872
6217882,1873
6218433,1872
6218987,1872
6219537,1872
6220087,1872
6220638,1872
6221188,1872
6221737,1872
6222287,1873
6222838,1872
6223390,1872
6223940,1872
6224490,1872
6225040,1873
6225592,1872
6226146,1872
6226696,1872
6227246,1874
6227798,1872
6228349,1871
6228899,1872
6229449,1871
6229999,1872
6230550,1870
6231099,1872
6231650,1871
6232200,1871
6232749,1872
6233299,1872
6233849,1872
6234399,1872
6234950,1872
6235500,1874
6236051,1871
6236603,1872
6237157,1872
6237707,1872
6238257,1872
6238808,1872
6239358,1872
6239908,1872
6240458,1871
6241010,1872
6241559,1872
6242110,1872
6242660,1872
6243210,1872
6243760,1872
6244310,1873
6244861,1873
6245411,1871
6245963,1871
6246512,1872
6247062,1872
6247613,1872
6248167,1872
6248717,1872
6249267,1872
6249816,1872
6250366,1873
6250917,1872
6251468,1872
6252020,1872
6252571,1872
6253126,1872
6253676,1872
6254226,1873
6254777,1872
6255328,1872
6255878,1872
6256428,1872
6256980,1872
6257529,1872
6258079,1872
6258629,1872
6259179,1872
6259730,1872
6260280,1872
6260829,1872
6261380,1872
6261930,1872
6262480,1872
6263030,1872
6263581,1872
6264135,1877
6264686,1872
6265237,1872
6265788,1873
6266339,1872
6266890,1872
6267440,1872
6267991,1872
6268542,1877
6269092,1872
6269644,1872
6270194,1872
6270745,1872
6271295,1873
6271846,1872
6272397,1872
6272948,1872
6273498,1872
6274048,1869
6274598,1871
6275152,1871
6275703,1872
6276253,1872
6276803,1867
6277353,1873
6277904,1872
6278455,1872
6279006,1872
6279557,1872
6280106,1872
6280657,1872
6281207,1872
6281757,1874
6282308,1872
6282860,1872
6283410,1872
6283960,1871
6284510,1872
6285060,1872
6285610,1872
6286164,1872
6286714,1872
6287264,1872
6287814,1872
6288364,1874
6288915,1872
6289466,1874
6290020,1873
6290570,1872
6291125,1871
6291675,1872
6292225,1870
6292775,1872
6293325,1872
6293876,1872
6294426,1872
6294977,1871
6295527,1873
6296078,1872
6296630,1871
6297180,1872
6297729,1872
6298279,1873
6298831,1872
6299381,1873
6299931,1871
6300482,1871
6301032,1870
6301582,1872
6302136,1873
6302687,1872
6303237,1872
6303787,1872
6304337,1872
6304887,1872
6305437,1872
6305989,1872
6306539,1872
6307089,1871
6307639,1872
6308189,1872
6308740,1872
6309290,1873
6309840,1873
6310390,1872
6310941,1872
6311491,1872
6312042,1874
6312592,1872
6313147,1872
6313697,1872
6314247,1871
6314798,1872
6315348,1871
6315897,1874
6316449,1871
6317000,1872
6317550,1872
6318100,1874
6318651,1872
6319202,1872
6319752,1872
6320302,1872
6320853,1873
6321403,1872
6321955,1872
6322504,1874
6323056,1872
6323606,1872
6324162,1873
6324712,1875
6325262,1872
6325813,1871
6326363,1872
6326913,1872
6327463,1872
6328016,1873
6328566,1873
6329116,1872
6329667,1872
6330217,1872
6330768,1872
6331318,1875
6331869,1872
6332420,1872
6332970,1872
6333521,1872
6334071,1873
6334624,1872
6335174,1872
6335725,1873
6336276,1875
6336827,1872
6337378,1871
6337928,1872
6338479,1872
6339031,1875
6339583,1873
6340137,1872
6340688,1870
6341238,1872
6341788,1872
6342338,1870
6342888,1871
6343438,1871
6343990,1872
6344539,1871
6345090,1875
6345640,1873
6346190,1875
6346741,1872
6347291,1872
6347842,1872
6348392,1873
6348942,1871
6349494,1872
6350043,1872
6350594,1872
6351148,1872
6351699,1872
6352249,1872
6352800,1869
6353349,1873
6353901,1872
6354451,1872
6355002,1872
6355552,1873
6356104,1871
6356654,1872
6357204,1871
6357754,1872
6358304,1872
6358855,1871
6359405,1873
6359955,1872
6360507,1872
6361056,1872
6361606,1872
6362162,1872
6362712,1872
6363262,1872
6363813,1872
6364363,1872
6364914,1872
6365464,1872
6366016,1872
6366565,1872
6367116,1872
6367665,1872
6368215,1872
6368766,1872
6369316,1872
6369867,1870
6370417,1872
6370968,1871
6371518,1872
6372068,1873
6372624,1872
6373174,1872
6373725,1873
6374275,1871
6374826,1872
6375376,1873
6375928,1873
6376479,1872
6377032,1871
6377582,1872
6378137,1872
6378687,1871
6379237,1873
6379787,1870
6380338,1872
6380889,1872
6381439,1871
6381991,1872
6382541,1872
6383091,1871
6383642,1872
6384192,1872
6384741,1872
6385291,1871
6385842,1872
6386392,1872
6386942,1869
6387493,1872
6388043,1872
6388592,1872
6389146,1872
6389696,1872
6390246,1871
6390797,1871
6391347,1872
6391897,1869
6392447,1872
6392998,1872
6393549,1872
6394099,1872
6394649,1871
6395199,1871
6395748,1872
6396298,1872
6396848,1872
6397398,1872
6397948,1874
6398499,1872
6399051,1872
6399600,1871
6400155,1872
6400705,1872
6401255,1872
6401805,1872
6402356,1872
6402906,1872
6403455,1871
6404006,1872
6404556,1873
6405108,1872
6405658,1872
6406208,1873
6406760,1872
6407311,1873
6407861,1871
6408412,1872
6408962,1871
6409512,1875
6410063,1872
6410613,1871
6411167,1872
6411717,1872
6412268,1874
6412819,1871
6413369,1872
6413919,1872
6414469,1872
6415020,1872
6415571,1872
6416125,1873
6416676,1872
6417227,1872
6417777,1873
6418328,1873
6418877,1872
6419428,1872
6419979,1872
6420529,1872
6421079,1872
6421629,1874
6422180,1871
6422732,1872
6423282,1873
6423834,1872
6424384,1873
6424935,1872
6425486,1872
6426037,1872
6426586,1872
6427140,1872
6427691,1871
6428241,1873
6428793,1872
6429344,1875
6429894,1872
6430445,1872
6430996,1872
6431545,1872
6432095,1872
6432645,1872
6433195,1870
6433746,1871
6434296,1872
6434846,1872
6435396,1874
6435947,1870
6436497,1872
6437047,1873
6437598,1872
6438154,1872
6438704,1872
6439254,1872
6439804,1873
6440355,1873
6440906,1872
6441457,1873
6442007,1872
6442558,1873
6443109,1875
6443660,1873
6444210,1871
6444761,1873
6445312,1874
6445862,1873
6446412,1872
6446964,1873
6447515,1872
6448066,1873
6448616,1872
6449171,1872
6449721,1872
6450271,1872
6450822,1872
6451372,1873
6451923,1872
6452475,1872
6453025,1872
6453576,1872
6454130,1873
6454681,1872
6455233,1872
6455782,1872
6456333,1871
6456883,1872
6457433,1873
6457988,1872
6458538,1872
6459088,1872
6459638,1873
6460189,1872
6460740,1872
6461290,1872
6461841,1872
6462391,1873
6462941,1872
6463492,1872
6464043,1872
6464592,1873
6465147,1871
6465699,1872
6466249,1873
6466800,1872
6467350,1872
6467900,1872
6468450,1871
6469000,1872
6469550,1872
6470100,1871
6470651,1872
6471201,1872
6471752,1872
6472302,1869
6472852,1872
6473403,1871
6473953,1872
6474503,1872
6475053,1872
6475603,1873
6476158,1872
6476709,1873
6477260,1872
6477812,1872
6478362,1872
6478913,1872
6479463,1872
6480014,1872
6480564,1872
6481114,1872
6481665,1872
6482215,1871
6482764,1874
6483315,1872
6483867,1872
6484417,1872
6484967,1872
6485517,1872
6486068,1872
6486618,1871
6487172,1872
6487722,1872
6488272,1872
6488822,1872
6489372,1872
6489923,1873
6490473,1872
6491024,1872
6491574,1872
6492129,1872
6492678,1873
6493229,1877
6493780,1872
6494331,1872
6494881,1872
6495431,1872
6495985,1872
6496535,1873
6497085,1873
6497636,1872
6498187,1872
6498738,1872
6499288,1875
6499840,1873
6500390,1872
6500941,1873
6501492,1872
6502044,1872
6502595,1872
6503149,1871
6503699,1872
6504249,1872
6504800,1872
6505350,1872
6505900,1871
6506450,1870
6507001,1872
6507550,1872
6508100,1874
6508651,1872
6509202,1872
6509753,1872
6510303,1872
6510853,1872
6511403,1872
6511954,1872
6512503,1872
6513053,1871
6513604,1874
6514158,1872
6514708,1872
6515258,1872
6515808,1872
6516358,1872
6516908,1872
6517458,1872
6518010,1872
6518559,1870
6519110,1872
6519660,1872
6520210,1873
6520761,1871
6521312,1872
6521862,1875
6522413,1872
6522964,1872
6523515,1873
6524066,1872
6524617,1872
6525170,1872
6525720,1872
6526270,1872
6526821,1872
6527371,1870
6527921,1872
6528471,1872
6529022,1872
6529572,1872
6530127,1872
6530678,1872
6531228,1871
6531779,1871
6532329,1872
6532879,1872
6533430,1872
6533981,1872
6534530,1873
6535081,1872
6535633,1872
6536183,1873
6536733,1872
6537284,1872
6537835,1872
6538385,1872
6538934,1872
6539484,1872
6540034,1872
6540584,1872
6541138,1872
6541688,1872
6542238,1872
6542788,1871
6543338,1872
6543889,1872
6544439,1873
6544991,1871
6545542,1873
6546093,1872
6546644,1872
6547194,1872
6547745,1872
6548295,1871
6548846,1872
6549396,1872
6549946,1872
6550497,1872
6551047,1873
6551598,1872
6552154,1872
6552704,1873
6553255,1871
6553805,1872
6554355,1872
6554906,1872
6555455,1874
6556006,1873
6556557,1872
6557108,1872
6557658,1872
6558208,1872
6558759,1870
6559309,1872
6559860,1872
6560410,1873
6560962,1872
6561512,1871
6562063,1872
6562612,1872
6563167,1872
6563717,1872
6564267,1875
6564817,1872
6565368,1872
6565919,1872
6566469,1873
6567020,1872
6567571,1872
6568126,1873
6568678,1872
6569228,1873
6569779,1870
6570329,1872
6570880,1872
6571430,1872
6571984,1872
6572535,1871
6573086,1871
6573636,1871
6574186,1872
6574737,1872
6575287,1873
6575838,1873
6576388,1872
6576938,1874
6577489,1872
6578040,1872
6578591,1872
6579145,1872
6579696,1872
6580246,1873
6580797,1872
6581348,1873
6581898,1872
6582449,1870
6583000,1873
6583551,1872
6584103,1870
6584653,1872
6585203,1872
6585753,1872
6586303,1872
6586853,1872
6587404,1873
6587955,1872
6588505,1872
6589056,1872
6589605,1873
6590160,1872
6590711,1872
6591262,1873
6591813,1872
6592364,1872
6592914,1870
6593464,1873
6594015,1872
6594567,1872
6595117,1872
6595667,1872
6596217,1872
6596767,1873
6597318,1872
6597869,1872
6598419,1872
6598969,1872
6599519,1872
6600069,1872
6600623,1874
6601174,1872
6601725,1872
6602275,1872
6602826,1872
6603376,1872
6603927,1872
6604476,1872
6605026,1872
6605577,1872
6606131,1873
6606681,1872
6607232,1872
6607782,1872
6608332,1872
6608883,1873
6609433,1872
6609987,1873
6610538,1872
6611089,1872
6611639,1872
6612189,1872
6612740,1872
6613290,1873
6613840,1871
6614391,1872
6614942,1872
6615491,1872
6616042,1873
6616592,1870
6617148,1872
6617699,1872
6618249,1872
6618798,1872
6619348,1872
6619899,1874
6620450,1872
6621000,1874
6621551,1873
6622101,1871
6622653,1872
6623203,1872
6623753,1872
6624303,1872
6624853,1872
6625403,1872
6625954,1872
6626504,1872
6627054,1872
6627604,1873
6628159,1872
6628711,1872
6629261,1872
6629810,1872
6630360,1872
6630910,1872
6631460,1872
6632011,1870
6632562,1872
6633113,1872
6633663,1872
6634213,1872
6634763,1873
6635314,1872
6635865,1872
6636416,1871
6636966,1872
6637515,1873
6638067,1872
6638618,1872
6639172,1872
6639722,1873
6640273,1873
6640823,1874
6641374,1872
6641924,1872
6642475,1872
6643025,1872
6643576,1872
6644130,1872
6644680,1872
6645230,1872
6645781,1872
6646331,1871
6646881,1872
6647431,1872
6647985,1872
6648535,1872
6649086,1875
6649637,1871
6650187,1874
6650739,1872
6651290,1872
6651840,1872
6652390,1872
6652940,1872
6653490,1875
6654041,1871
6654592,1872
6655146,1872
6655697,1872
6656247,1872
6656798,1872
6657348,1873
6657899,1872
6658450,1869
6659000,1872
6659550,1872
6660100,1872
6660651,1872
6661201,1872
6661751,1872
6662301,1872
6662850,1874
6663401,1872
6663953,1872
6664502,1873
6665053,1874
6665604,1872
6666158,1872
6666708,1872
6667258,1872
6667808,1871
6668358,1872
6668908,1872
6669458,1872
6670009,1872
6670559,1874
6671110,1872
6671661,1872
6672211,1872
6672761,1873
6673312,1871
6673863,1873
6674414,1872
6674965,1874
6675517,1872
6676068,1872
6676618,1873
6677173,1872
6677723,1873
6678274,1872
6678826,1872
6679376,1873
6679928,1874
6680478,1873
6681029,1872
6681579,1873
6682134,1871
6682685,1873
6683236,1872
6683787,1872
6684337,1872
6684887,1872
6685437,1871
6685989,1872
6686539,1871
6687089,1872
6687640,1872
6688190,1873
6688741,1872
6689293,1872
6689842,1872
6690392,1874
6690943,1872
6691494,1873
6692046,1872
6692596,1872
6693150,1871
6693700,1872
6694250,1872
6694801,1875
6695351,1873
6695901,1872
6696453,1872
6697004,1871
6697555,1870
6698105,1872
6698655,1872
6699205,1873
6699757,1872
6700308,1872
6700858,1872
6701408,1871
6701957,1872
6702508,1871
6703058,1873
6703610,1872
6704164,1872
6704714,1871
6705264,1872
6705814,1872
6706364,1870
6706914,1872
6707464,1872
6708016,1872
6708565,1872
6709116,1872
6709665,1872
6710215,1872
6710766,1872
6711316,1873
6711867,1872
6712418,1872
6712968,1873
6713520,1872
6714071,1874
6714624,1872
6715174,1872
6715725,1873
6716275,1873
6716826,1872
6717376,1874
6717927,1873
6718478,1872
6719029,1873
6719579,1872
6720135,1872
6720685,1871
6721235,1871
6721786,1872
6722336,1873
6722887,1872
6723437,1872
6723989,1872
6724538,1872
6725089,1872
6725639,1872
6726189,1869
6726740,1873
6727291,1871
6727841,1873
6728392,1871
6728943,1872
6729494,1874
6730045,1872
6730596,1872
6731150,1872
6731700,1875
6732251,1872
6732802,1872
6733352,1872
6733903,1872
6734453,1872
6735005,1872
6735555,1873
6736105,1872
6736656,1872
6737206,1874
6737758,1870
6738308,1872
6738859,1872
6739409,1872
6739960,1872
6740509,1872
6741059,1872
6741609,1872
6742162,1872
6742713,1872
6743263,1875
6743813,1872
6744364,1872
6744914,1872
6745464,1872
6746016,1872
6746565,1872
6747115,1872
6747665,1872
6748215,1872
6748766,1872
6749316,1872
6749866,1872
6750416,1873
6750967,1873
6751517,1873
6752067,1872
6752618,1873
6753172,1871
6753722,1872
6754272,1872
6754822,1872
6755372,1872
6755923,1873
6756473,1875
6757024,1873
6757574,1872
6758129,1872
6758678,1871
6759228,1872
6759779,1871
6760329,1872
6760880,1873
6761431,1872
6761985,1872
6762535,1873
6763086,1871
6763638,1872
6764188,1872
6764739,1871
6765289,1872
6765840,1872
6766390,1872
6766941,1873
6767491,1872
6768043,1873
6768594,1872
6769148,1872
6769698,1872
6770248,1872
6770798,1872
6771349,1872
6771899,1872
6772449,1871
6772999,1873
6773550,1872
6774101,1872
6774651,1872
6775201,1872
6775751,1872
6776302,1870
6776852,1872
6777401,1872
6777951,1872
6778501,1872
6779052,1872
6779602,1871
6780157,1872
6780706,1872
6781256,1872
6781806,1873
6782357,1872
6782909,1871
6783459,1872
6784011,1874
6784562,1873
6785112,1872
6785662,1872
6786212,1872
6786762,1872
6787312,1872
6787862,1872
6788412,1872
6788962,1872
6789512,1872
6790063,1872
6790612,1870
6791167,1872
6791717,1872
6792267,1872
6792816,1872
6793367,1873
6793917,1872
6794468,1872
6795021,1872
6795571,1873
6796126,1872
6796678,1873
6797228,1872
6797780,1872
6798330,1873
6798881,1872
6799431,1872
6799985,1872
6800535,1872
6801085,1872
6801635,1873
6802186,1872
6802737,1872
6803287,1872
6803838,1872
6804388,1872
6804939,1872
6805488,1871
6806038,1872
6806588,1872
6807143,1873
6807693,1873
6808243,1872
6808794,1873
6809345,1872
6809896,1873
6810447,1872
6810998,1871
6811548,1872
6812099,1872
6812649,1872
6813199,1872
6813750,1872
6814300,1872
6814850,1872
6815401,1870
6815950,1872
6816501,1873
6817052,1871
6817602,1873
6818157,1872
6818708,1872
6819259,1872
6819809,1873
6820359,1872
6820910,1875
6821461,1872
6822013,1872
6822564,1872
6823114,1872
6823665,1872
6824215,1872
6824764,1872
6825314,1872
6825865,1871
6826415,1871
6826964,1872
6827514,1871
6828065,1872
6828614,1872
6829167,1872
6829718,1874
6830268,1872
6830819,1872
6831369,1872
6831919,1871
6832468,1872
6833020,1869
6833570,1872
6834125,1872
6834676,1871
6835226,1873
6835777,1872
6836327,1872
6836877,1870
6837427,1872
6837978,1872
6838528,1872
6839079,1875
6839630,1874
6840180,1872
6840730,1872
6841280,1873
6841832,1872
6842382,1872
6842933,1872
6843483,1872
6844032,1872
6844582,1871
6845136,1874
6845687,1872
6846238,1872
6846788,1872
6847338,1872
6847888,1873
6848439,1872
6848991,1872
6849541,1872
6850091,1872
6850642,1872
6851192,1872
6851741,1872
6852291,1873
6852842,1872
6853393,1872
6853943,1872
6854494,1872
6855044,1873
6855594,1872
6856150,1870
6856699,1872
6857249,1871
6857800,1872
6858350,1872
6858901,1872
6859451,1870
6860002,1872
6860552,1873
6861104,1870
6861654,1872
6862204,1872
6862754,1872
6863304,1870
6863854,1872
6864404,1872
6864955,1872
6865505,1872
6866055,1872
6866605,1872
6867159,1872
6867710,1872
6868259,1872
6868809,1873
6869360,1872
6869912,1872
6870462,1874
6871012,1872
6871563,1872
6872113,1871
6872663,1871
6873213,1872
6873764,1872
6874314,1872
6874863,1872
6875413,1872
6875963,1872
6876514,1872
6877064,1872
6877613,1872
6878167,1872
6878717,1872
6879268,1869
6879818,1872
6880368,1872
6880917,1871
6881467,1872
6882020,1869
6882570,1872
6883125,1873
6883675,1872
6884227,1872
6884777,1872
6885326,1871
6885876,1872
6886426,1872
6886978,1872
6887528,1872
6888078,1873
6888629,1873
6889179,1871
6889730,1872
6890279,1871
6890829,1872
6891379,1872
6891930,1872
6892479,1872
6893030,1872
6893580,1872
6894134,1874
6894686,1872
6895236,1872
6895786,1874
6896337,1872
6896888,1875
6897439,1872
6897991,1873
6898542,1873
6899092,1872
6899643,1872
6900193,1872
6900743,1871
6901293,1872
6901843,1872
6902393,1872
6902943,1871
6903494,1872
6904044,1872
6904594,1870
6905148,1872
6905699,1872
6906249,1872
6906799,1870
6907349,1872
6907899,1872
6908449,1872
6909000,1872
6909551,1873
6910102,1874
6910651,1872
6911202,1872
6911752,1876
6912303,1872
6912855,1874
6913406,1874
6913956,1872
6914508,1872
6915059,1872
6915609,1872
6916163,1873
6916713,1872
6917264,1872
6917815,1872
6918365,1872
6918915,1871
6919465,1872
6920017,1872
6920567,1869
6921118,1872
6921669,1872
6922219,1872
6922768,1873
6923319,1872
6923870,1872
6924420,1872
6924971,1872
6925521,1872
6926072,1873
6926624,1872
6927174,1872
6927725,1872
6928275,1872
6928825,1872
6929375,1871
6929926,1872
6930477,1872
6931027,1872
6931576,1873
6932131,1872
6932683,1872
6933233,1874
6933783,1872
6934334,1872
6934885,1872
6935435,1872
6935988,1872
6936538,1874
6937090,1872
6937640,1873
6938191,1872
6938742,1872
6939292,1874
6939843,1871
6940394,1872
6940944,1872
6941494,1871
6942045,1872
6942595,1869
6943150,1872
6943700,1872
6944250,1872
6944801,1872
6945351,1872
6945901,1872
6946451,1869
6947002,1871
6947551,1872
6948101,1874
6948652,1872
6949203,1873
6949754,1872
6950305,1872
6950855,1871
6951405,1872
6951955,1872
6952505,1873
6953056,1873
6953606,1872
6954161,1872
6954712,1872
6955262,1872
6955812,1872
6956362,1871
6956912,1872
6957462,1872
6958012,1872
6958563,1872
6959112,1871
6959663,1872
6960213,1871
6960763,1872
6961313,1870
6961863,1872
6962413,1873
6962964,1871
6963516,1873
6964067,1872
6964617,1871
6965172,1872
6965721,1876
6966272,1872
6966824,1872
6967374,1869
6967924,1872
6968475,1872
6969024,1872
6969575,1872
6970129,1872
6970678,1872
6971228,1872
6971778,1872
6972329,1872
6972878,1872
6973428,1872
6973980,1873
6974530,1872
6975081,1872
6975631,1872
6976181,1872
6976732,1872
6977282,1872
6977833,1872
6978383,1872
6978933,1872
6979484,1873
6980035,1872
6980585,1872
6981140,1869
6981690,1872
6982240,1872
6982789,1872
6983339,1872
6983889,1871
6984439,1872
6984990,1872
6985541,1872
6986091,1872
6986640,1873
6987191,1872
6987743,1872
6988293,1871
6988842,1872
6989392,1872
6989942,1872
6990492,1872
6991042,1872
6991592,1872
6992146,1872
6992696,1872
6993246,1872
6993796,1873
6994347,1871
6994899,1872
6995449,1872
6995999,1872
6996550,1872
6997099,1872
6997649,1872
6998199,1878
6998751,1872
6999302,1871
6999853,1871
7000403,1872
7000953,1871
7001503,1872
7002053,1872
7002603,1872
7003157,1871
7003707,1872
7004257,1872
7004808,1872
7005358,1873
7005908,1872
7006459,1872
7007011,1872
7007561,1872
7008111,1872
7008661,1872
7009211,1872
7009761,1873
7010312,1872
7010863,1871
7011413,1872
7011964,1872
7012514,1872
7013065,1872
7013615,1872
7014169,1872
7014720,1871
7015270,1875
7015821,1872
7016372,1872
7016923,1873
7017474,1872
7018024,1872
7018574,1872
7019129,1871
7019678,1871
7020228,1872
7020779,1870
7021329,1872
7021880,1873
7022430,1871
7022985,1873
7023536,1869
7024087,1873
7024638,1872
7025189,1872
7025739,1872
7026289,1873
7026840,1873
7027390,1872
7027942,1871
7028491,1872
7029041,1873
7029592,1872
7030148,1872
7030698,1871
7031248,1873
7031800,1872
7032351,1872
7032901,1873
7033451,1872
7034003,1872
7034552,1872
7035102,1872
7035653,1872
7036203,1874
7036754,1872
7037305,1872
7037856,1872
7038406,1872
7038956,1872
7039507,1872
7040057,1871
7040607,1872
7041162,1874
7041714,1872
7042264,1872
7042814,1874
7043365,1873
7043915,1871
7044466,1872
7045020,1872
7045571,1873
7046125,1872
7046677,1871
7047227,1872
7047777,1872
7048327,1872
7048878,1872
7049428,1873
7049980,1872
7050531,1871
7051081,1872
7051632,1872
7052182,1872
7052732,1872
7053282,1872
7053833,1872
7054383,1871
7054934,1872
7055484,1873
7056036,1874
7056585,1872
7057141,1872
7057691,1869
7058241,1872
7058791,1872
7059341,1872
7059892,1873
7060443,1870
7060994,1869
7061543,1873
7062094,1873
7062644,1872
7063195,1872
7063745,1870
7064295,1872
7064846,1872
7065396,1872
7065946,1875
7066497,1873
7067048,1873
7067597,1872
7068152,1872
7068703,1872
7069253,1873
7069804,1869
7070355,1870
7070905,1872
7071455,1872
7072006,1874
7072557,1870
7073108,1875
7073659,1872
7074210,1869
7074761,1872
7075311,1871
7075861,1867
7076411,1872
7076962,1872
7077512,1872
7078062,1872
7078612,1873
7079167,1873
7079717,1871
7080267,1872
7080817,1872
7081367,1872
7081917,1872
7082467,1872
7083020,1874
7083571,1872
7084126,1873
7084678,1871
7085228,1872
7085778,1872
7086328,1871
7086879,1873
7087430,1871
7087981,1873
7088533,1872
7089084,1871
7089633,1872
7090183,1872
7090733,1872
7091283,1872
7091833,1872
7092383,1872
7092934,1872
7093484,1871
7094034,1872
7094584,1871
7095138,1872
7095688,1872
7096238,1873
7096789,1872
7097341,1872
7097890,1873
7098441,1873
7098992,1873
7099542,1872
7100093,1872
7100643,1872
7101194,1868
7101744,1872
7102294,1872
7102843,1873
7103394,1872
7103946,1872
7104495,1872
7105046,1872
7105596,1872
7106150,1873
7106701,1872
7107252,1871
7107802,1872
7108352,1871
7108903,1872
7109453,1872
7110004,1872
7110555,1872
7111105,1872
7111655,1872
7112205,1871
7112755,1872
7113306,1872
7113856,1872
7114406,1872
7114956,1872
7115507,1872
7116057,1872
7116606,1873
7117161,1872
7117712,1873
7118263,1873
7118813,1872
7119364,1872
7119914,1872
7120464,1872
7121016,1872
7121565,1872
7122116,1872
7122665,1870
7123215,1872
7123766,1872
7124315,1872
7124866,1869
7125416,1872
7125966,1873
7126517,1871
7127068,1873
7127624,1871
7128174,1872
7128725,1872
7129275,1872
7129825,1872
7130375,1872
7130926,1872
7131475,1872
7132025,1872
7132576,1871
7133130,1872
7133680,1872
7134230,1872
7134780,1872
7135330,1872
7135881,1872
7136431,1872
7136985,1872
7137535,1873
7138087,1872
7138638,1872
7139188,1872
7139739,1871
7140289,1872
7140839,1872
7141389,1872
7141939,1872
7142489,1872
7143039,1875
7143590,1872
7144145,1873
7144697,1872
7145247,1872
7145797,1872
7146347,1872
7146897,1875
7147448,1872
7148000,1872
7148550,1872
7149100,1872
7149651,1872
7150201,1872
7150752,1872
7151302,1872
7151853,1874
7152404,1871
7152955,1871
7153505,1873
7154057,1873
7154606,1871
7155162,1872
7155712,1872
7156262,1872
7156813,1872
7157363,1870
7157913,1872
7158463,1872
7159013,1871
7159564,1873
7160115,1871
7160665,1872
7161215,1870
7161766,1872
7162316,1872
7162867,1872
7163417,1872
7163967,1873
7164518,1872
7165069,1872
7165624,1872
7166174,1872
7166724,1872
7167274,1869
7167823,1872
7168373,1872
7168923,1873
7169475,1873
7170026,1872
7170576,1872
7171130,1872
7171680,1873
7172231,1872
7172782,1872
7173333,1875
7173883,1872
7174435,1872
7174987,1871
7175537,1872
7176088,1872
7176638,1872
7177188,1869
7177739,1869
7178289,1871
7178839,1872
7179389,1873
7179941,1872
7180491,1871
7181041,1873
7181592,1872
7182148,1872
7182698,1874
7183249,1874
7183799,1872
7184350,1872
7184901,1872
7185451,1872
7186002,1872
7186551,1872
7187102,1874
7187653,1872
7188203,1872
7188753,1873
7189304,1872
7189855,1871
7190405,1872
7190955,1872
7191505,1873
7192056,1873
7192606,1872
7193162,1872
7193712,1872
7194262,1872
7194813,1872
7195363,1872
7195912,1872
7196462,1871
7197014,1871
7197564,1872
7198114,1872
7198664,1872
7199214,1872
7199765,1872
7200315,1872
7200865,1872
7201415,1872
7201964,1872
7202515,1872
7203065,1872
7203616,1872
7204169,1872
7204719,1874
7205270,1873
7205820,1872
7206371,1871
7206922,1872
7207472,1872
7208023,1871
7208572,1872
7209127,1872
7209678,1872
7210228,1872
7210779,1872
7211329,1872
7211880,1872
7212430,1873
7212985,1872
7213537,1872
7214086,1873
7214638,1872
7215189,1872
7215739,1872
7216289,1874
7216840,1873
7217390,1872
7217942,1872
7218491,1871
7219041,1873
7219592,1871
7220147,1872
7220698,1872
7221248,1872
7221798,1873
7222350,1872
7222901,1872
7223451,1872
7224002,1873
7224552,1871
7225104,1871
7225653,1872
7226203,1874
7226754,1871
7227305,1872
7227856,1872
7228406,1872
7228956,1872
7229507,1872
7230056,1871
7230607,1875
7231162,1873
7231712,1873
7232262,1872
7232813,1872
7233363,1872
7233913,1872
7234464,1872
7235016,1872
7235565,1872
7236116,1872
7236666,1873
7237217,1872
7237768,1872
7238318,1874
7238869,1873
7239419,1872
7239971,1872
7240522,1874
7241072,1872
7241624,1872
7242175,1872
7242726,1872
7243276,1874
7243827,1872
7244378,1872
7244929,1872
7245479,1872
7246029,1872
7246579,1873
7247134,1872
7247685,1875
7248236,1872
7248787,1872
7249337,1874
7249888,1871
7250439,1869
7250990,1873
7251542,1872
7252093,1869
7252644,1873
7253195,1873
7253745,1871
7254296,1872
7254847,1872
7255397,1873
7255948,1872
7256499,1872
7257049,1875
7257600,1872
7258155,1872
7258705,1872
7259255,1873
7259807,1872
7260357,1872
7260908,1874
7261459,1871
7262010,1873
7262560,1872
7263112,1873
7263663,1872
7264214,1872
7264765,1872
7265315,1872
7265865,1873
7266416,1869
7266967,1874
7267517,1872
7268068,1872
7268618,1873
7269171,1870
7269722,1872
7270272,1872
7270822,1872
7271372,1872
7271922,1872
7272472,1873
7273024,1875
7273573,1874
7274127,1873
7274678,1872
7275228,1872
7275778,1872
7276328,1873
7276880,1872
7277431,1872
7277984,1872
7278534,1874
7279085,1873
7279636,1872
7280186,1874
7280737,1872
7281288,1874
7281840,1872
7282390,1873
7282942,1879
7283491,1873
7284041,1872
7284592,1871
7285147,1873
7285698,1873
7286248,1873
7286798,1872
7287350,1872
7287900,1872
7288450,1871
7289000,1872
7289550,1872
7290100,1872
7290651,1872
7291201,1872
7291752,1872
7292302,1872
7292852,1872
7293402,1872
7293953,1871
7294502,1872
7295052,1872
7295602,1872
7296157,1872
7296707,1872
7297257,1873
7297809,1872
7298359,1872
7298909,1872
7299459,1875
7300011,1872
7300562,1873
7301112,1872
7301664,1872
7302214,1872
7302765,1872
7303315,1871
7303865,1872
7304416,1872
7304966,1873
7305516,1872
7306068,1872
7306617,1872
7307172,1875
7307722,1872
7308273,1873
7308824,1874
7309374,1872
7309926,1872
7310475,1873
7311026,1872
7311577,1872
7312131,1872
7312681,1873
7313232,1872
7313784,1872
7314334,1872
7314884,1872
7315434,1870
7315986,1872
7316536,1872
7317086,1872
7317637,1872
7318187,1872
7318738,1869
7319288,1872
7319839,1873
7320390,1872
7320940,1874
7321491,1873
7322041,1872
7322592,1870
7323146,1872
7323696,1872
7324246,1872
7324797,1871
7325347,1871
7325897,1875
7326448,1870
7327000,1873
7327550,1873
7328100,1870
7328652,1872
7329202,1872
7329753,1871
7330303,1872
7330854,1872
7331404,1872
7331954,1873
7332504,1873
7333054,1872
7333605,1872
7334159,1871
7334710,1875
7335260,1872
7335812,1872
7336362,1872
7336911,1872
7337461,1873
7338013,1875
7338562,1872
7339113,1872
7339664,1872
7340214,1872
7340763,1872
7341313,1873
7341865,1873
7342415,1872
7342965,1872
7343515,1871
7344065,1873
7344616,1874
7345171,1872
7345721,1872
7346271,1870
7346821,1877
7347372,1872
7347924,1872
7348475,1873
7349025,1872
7349576,1872
7350130,1874
7350681,1871
7351232,1872
7351782,1872
7352332,1872
7352882,1872
7353432,1871
7353986,1872
7354535,1870
7355085,1873
7355636,1872
7356188,1871
7356737,1871
7357287,1872
7357837,1873
7358388,1872
7358939,1873
7359490,1872
7360042,1872
7360591,1873
7361146,1872
7361698,1872
7362248,1873
7362799,1872
7363349,1873
7363901,1874
7364451,1871
7365003,1872
7365552,1872
7366103,1872
7366652,1872
7367202,1875
7367753,1871
7368304,1872
7368854,1872
7369404,1872
7369955,1873
7370505,1872
7371057,1872
7371607,1872
7372163,1873
7372713,1875
7373263,1873
7373813,1872
7374364,1873
7374915,1872
7375466,1873
7376020,1873
7376570,1872
7377125,1874
7377675,1872
7378226,1873
7378778,1874
7379328,1873
7379878,1872
7380429,1872
7380980,1872
7381530,1872
7382081,1870
7382631,1873
7383182,1872
7383734,1871
7384284,1873
7384835,1871
7385386,1871
7385936,1872
7386487,1872
7387037,1873
7387588,1871
7388142,1876
7388692,1873
7389242,1872
7389794,1872
7390344,1872
7390894,1873
7391444,1872
7391996,1874
7392546,1872
7393098,1873
7393649,1871
7394200,1870
7394749,1872
7395299,1869
7395849,1872
7396399,1872
7396949,1872
7397499,1872
7398049,1872
7398600,1872
7399154,1872
7399704,1872
7400254,1873
7400805,1872
7401357,1874
7401908,1872
7402458,1872
7403009,1873
7403559,1872
7404111,1874
7404661,1873
7405211,1872
7405762,1872
7406312,1872
7406863,1872
7407413,1872
7407963,1872
7408514,1871
7409063,1873
7409615,1873
7410168,1872
7410719,1872
7411269,1873
7411821,1872
7412371,1872
7412921,1872
7413471,1872
7414021,1872
7414571,1872
7415126,1874
7415678,1873
7416228,1873
7416778,1875
7417328,1873
7417879,1873
7418428,1871
7418979,1872
7419530,1872
7420079,1872
7420630,1872
7421180,1873
7421730,1872
7422282,1872
7422833,1872
7423383,1872
7423933,1870
7424484,1872
7425035,1872
7425584,1874
7426139,1873
7426690,1872
7427241,1873
7427792,1872
7428342,1872
7428893,1872
7429443,1869
7429993,1873
7430544,1872
7431096,1873
7431647,1872
7432197,1872
7432747,1872
7433297,1872
7433848,1872
7434398,1872
7434948,1872
7435498,1873
7436050,1871
7436600,1873
7437156,1872
7437706,1872
7438256,1872
7438807,1874
7439358,1872
7439908,1872
7440458,1869
7441009,1874
7441560,1872
7442111,1872
7442661,1872
7443212,1872
7443761,1872
7444311,1872
7444862,1872
7445412,1876
7445962,1872
7446514,1872
7447064,1872
7447613,1874
7448168,1872
7448720,1873
7449270,1873
7449820,1873
7450370,1873
7450921,1872
7451471,1872
7452021,1872
7452571,1872
7453126,1872
7453675,1872
7454225,1872
7454775,1872
7455325,1872
7455876,1871
7456426,1872
7456977,1872
7457528,1870
7458078,1871
7458627,1874
7459178,1872
7459730,1872
7460280,1872
7460829,1872
7461379,1874
7461930,1873
7462483,1872
7463034,1872
7463583,1872
7464137,1873
7464688,1872
7465239,1872
7465789,1872
7466339,1872
7466889,1873
7467440,1873
7467992,1872
7468543,1872
7469092,1872
7469643,1871
7470193,1873
7470744,1871
7471295,1872
7471845,1873
7472396,1872
7472947,1872
7473497,1872
7474047,1872
7474598,1872
7475152,1874
7475704,1872
7476255,1872
7476804,1872
7477354,1872
7477905,1872
7478455,1872
7479005,1872
7479555,1871
7480106,1874
7480656,1873
7481206,1873
7481757,1872
7482307,1873
7482858,1872
7483408,1874
7483958,1872
7484509,1872
7485060,1872
7485611,1871
7486165,1872
7486715,1872
7487265,1872
7487815,1872
7488366,1872
7488916,1872
7489466,1873
7490020,1872
7490571,1872
7491126,1872
7491676,1872
7492226,1872
7492777,1872
7493327,1875
7493877,1872
7494428,1873
7494980,1872
7495531,1872
7496081,1872
7496632,1872
7497182,1871
7497732,1872
7498282,1872
7498832,1871
7499382,1873
7499934,1870
7500484,1872
7501034,1872
7501584,1873
7502139,1872
7502690,1873
7503241,1873
7503792,1872
7504343,1872
7504894,1872
7505444,1872
7505995,1872
7506545,1872
7507095,1872
7507646,1872
7508196,1874
7508747,1872
7509297,1873
7509848,1872
7510399,1872
7510949,1872
7511499,1872
7512050,1872
7512599,1873
7513154,1872
7513705,1872
7514255,1872
7514805,1872
7515355,1872
7515906,1872
7516456,1870
7517006,1872
7517557,1872
7518106,1872
7518657,1873
7519208,1872
7519759,1872
7520309,1872
7520860,1872
7521410,1870
7521960,1874
7522511,1872
7523062,1872
7523612,1872
7524167,1872
7524717,1874
7525268,1871
7525820,1872
7526370,1875
7526922,1872
7527473,1874
7528024,1872
7528574,1872
7529129,1873
7529680,1872
7530231,1874
7530782,1872
7531332,1872
7531882,1872
7532432,1872
7532985,1872
7533535,1872
7534086,1872
7534637,1871
7535187,1872
7535737,1871
7536287,1872
7536838,1872
7537388,1872
7537937,1872
7538487,1872
7539038,1873
7539589,1871
7540143,1869
7540693,1873
7541244,1874
7541794,1872
7542345,1872
7542895,1874
7543446,1872
7543997,1874
7544549,1872
7545099,1872
7545649,1872
7546199,1872
7546749,1871
7547299,1872
7547849,1873
7548400,1872
7548952,1872
7549501,1873
7550052,1872
7550604,1872
7551158,1872
7551708,1873
7552259,1872
7552811,1872
7553361,1872
7553911,1872
7554461,1872
7555012,1872
7555562,1873
7556113,1872
7556665,1873
7557215,1872
7557767,1872
7558317,1874
7558867,1875
7559417,1872
7559969,1872
7560518,1873
7561070,1872
7561624,1872
7562175,1872
7562726,1872
7563276,1872
7563827,1872
7564377,1872
7564928,1872
7565477,1873
7566029,1872
7566579,1872
7567133,1871
7567683,1873
7568234,1871
7568786,1873
7569337,1872
7569887,1872
7570437,1872
7570988,1872
7571538,1873
7572090,1874
7572641,1873
7573191,1873
7573741,1872
7574293,1871
7574842,1872
7575392,1872
7575942,1872
7576492,1872
7577042,1872
7577592,1870
7578147,1871
7578697,1871
7579247,1875
7579798,1872
7580348,1871
7580898,1872
7581448,1872
7581998,1870
7582549,1873
7583099,1872
7583651,1872
7584201,1872
7584751,1872
7585302,1872
7585852,1872
7586403,1874
7586954,1872
7587504,1872
7588054,1871
7588604,1872
7589158,1873
7589709,1872
7590260,1872
7590811,1872
7591361,1872
7591910,1872
7592460,1871
7593011,1871
7593562,1872
7594112,1870
7594663,1872
7595212,1872
7595762,1872
7596312,1874
7596863,1871
7597414,1871
7597965,1873
7598516,1872
7599066,1872
7599617,1872
7600171,1870
7600721,1872
7601271,1871
7601821,1872
7602371,1872
7602922,1873
7603473,1871
7604023,1873
7604574,1872
7605129,1872
7605678,1874
7606229,1872
7606780,1873
7607331,1872
7607883,1872
7608433,1871
7608986,1873
7609537,1872
7610088,1873
7610640,1872
7611191,1872
7611741,1873
7612291,1873
7612841,1872
7613392,1873
7613943,1872
7614494,1873
7615046,1872
7615596,1872
7616150,1872
7616700,1872
7617250,1872
7617801,1872
7618351,1873
7618902,1871
7619452,1872
7620003,1872
7620553,1872
7621103,1872
7621653,1872
7622203,1872
7622754,1872
7623304,1872
7623854,1873
7624405,1873
7624955,1872
7625506,1872
7626057,1872
7626608,1872
7627162,1871
7627712,1872
7628262,1872
7628813,1872
7629363,1872
7629913,1870
7630464,1871
7631016,1872
7631565,1872
7632115,1873
7632667,1871
7633218,1872
7633768,1872
7634318,1872
7634868,1872
7635418,1871
7635968,1873
7636519,1872
7637071,1872
7637624,1872
7638174,1873
7638725,1874
7639275,1872
7639827,1872
7640377,1872
7640928,1873
7641479,1872
7642029,1872
7642579,1872
7643133,1872
7643684,1872
7644234,1872
7644784,1872
7645334,1874
7645886,1872
7646436,1872
7646988,1872
7647537,1872
7648087,1872
7648638,1872
7649188,1872
7649739,1872
7650289,1872
7650840,1872
7651390,1872
7651941,1872
7652491,1872
7653041,1873
7653592,1872
7654147,1874
7654699,1872
7655250,1872
7655800,1872
7656350,1874
7656901,1872
7657452,1872
7658004,1872
7658555,1872
7659105,1872
7659654,1872
7660204,1872
7660754,1872
7661304,1872
7661855,1872
7662405,1872
7662955,1872
7663505,1872
7664056,1872
7664606,1874
7665162,1872
7665712,1872
7666262,1872
7666813,1872
7667363,1869
7667912,1871
7668462,1872
7669013,1872
7669564,1875
7670115,1872
7670665,1872
7671215,1874
7671766,1872
7672317,1872
7672868,1872
7673418,1873
7673969,1872
7674520,1872
7675071,1873
7675624,1872
7676174,1873
7676726,1872
7677277,1871
7677827,1872
7678377,1871
7678927,1872
7679478,1872
7680027,1872
7680578,1873
7681132,1875
7681682,1874
7682232,1872
7682784,1872
7683334,1875
7683884,1872
7684435,1870
7684987,1873
7685538,1872
7686089,1872
7686640,1872
7687190,1873
7687741,1871
7688292,1872
7688842,1873
7689393,1873
7689943,1873
7690494,1873
7691044,1873
7691594,1872
7692149,1872
7692700,1872
7693250,1872
7693800,1872
7694350,1872
7694901,1872
7695451,1871
7696001,1872
7696551,1873
7697103,1872
7697653,1872
7698203,1872
7698753,1872
7699303,1874
7699855,1874
7700405,1872
7700956,1872
7701507,1875
7702057,1873
7702607,1874
7703163,1872
7703713,1872
7704263,1872
7704814,1872
7705364,1874
7705915,1872
7706466,1875
7707021,1874
7707570,1871
7708125,1873
7708676,1874
7709226,1872
7709778,1872
7710328,1872
7710878,1872
7711428,1873
7711980,1872
7712531,1875
7713083,1871
7713633,1872
7714183,1872
7714733,1872
7715283,1872
7715833,1872
7716383,1875
7716935,1872
7717485,1872
7718036,1872
7718585,1872
7719139,1872
7719690,1872
7720240,1872
7720790,1873
7721341,1870
7721892,1873
7722443,1870
7722994,1872
7723543,1871
7724094,1873
7724644,1872
7725195,1872
7725746,1873
7726297,1872
7726847,1872
7727397,1872
7727948,1872
7728499,1872
7729049,1870
7729599,1872
7730154,1871
7730704,1872
7731254,1872
7731804,1872
7732354,1872
7732905,1874
7733455,1872
7734006,1873
7734557,1872
7735109,1872
7735659,1873
7736210,1873
7736760,1874
7737310,1871
7737861,1876
7738412,1872
7738963,1873
7739515,1872
7740066,1872
7740617,1872
7741171,1872
7741721,1874
7742271,1872
7742822,1871
7743372,1872
7743922,1874
7744473,1872
7745025,1874
7745575,1873
7746129,1872
7746679,1873
7747230,1872
7747781,1872
7748331,1872
7748881,1872
7749431,1872
7749985,1873
7750536,1872
7751087,1872
7751638,1873
7752189,1873
7752739,1872
7753289,1875
7753840,1873
7754390,1872
7754941,1872
7755491,1872
7756042,1874
7756592,1872
7757147,1874
7757699,1872
7758250,1874
7758800,1872
7759351,1873
7759903,1872
7760454,1871
7761004,1873
7761555,1873
7762106,1872
7762656,1875
7763208,1873
7763758,1872
7764308,1872
7764859,1872
7765409,1872
7765959,1873
7766509,1874
7767059,1872
7767610,1872
7768164,1872
7768714,1872
7769264,1872
7769814,1872
7770364,1872
7770914,1875
7771465,1872
7772016,1872
7772566,1872
7773117,1875
7773667,1872
7774218,1872
7774768,1872
7775318,1872
7775869,1872
7776419,1873
7776970,1871
7777522,1872
7778072,1872
7778624,1872
7779174,1872
7779725,1873
7780275,1872
7780826,1873
7781377,1871
7781928,1873
7782479,1872
7783031,1872
7783582,1873
7784137,1872
7784687,1875
7785238,1872
7785789,1872
7786339,1873
7786890,1874
7787441,1872
7787992,1872
7788543,1877
7789093,1872
7789644,1873
7790195,1872
7790747,1872
7791297,1873
7791848,1872
7792399,1873
7792950,1872
7793501,1873
7794053,1871
7794604,1872
7795158,1874
7795709,1872
7796260,1873
7796812,1873
7797362,1872
7797913,1872
7798463,1872
7799014,1872
7799564,1872
7800114,1871
7800665,1872
7801215,1872
7801765,1872
7802315,1872
7802864,1872
7803414,1874
7803966,1871
7804516,1872
7805066,1872
7805616,1872
7806171,1872
7806721,1874
7807272,1872
7807822,1872
7808372,1873
7808922,1872
7809473,1872
7810024,1871
7810573,1872
7811127,1872
7811678,1872
7812228,1870
7812778,1872
7813328,1872
7813877,1874
7814428,1871
7814979,1871
7815529,1872
7816079,1872
7816629,1872
7817179,1874
7817731,1872
7818282,1869
7818832,1872
7819383,1871
7819932,1872
7820483,1872
7821033,1872
7821584,1871
7822138,1872
7822688,1872
7823238,1872
7823788,1872
7824338,1871
7824889,1872
7825439,1872
7825990,1872
7826540,1871
7827090,1872
7827640,1872
7828190,1872
7828741,1872
7829291,1872
7829841,1872
7830391,1872
7830942,1874
7831492,1872
7832043,1873
7832595,1872
7833149,1872
7833699,1871
7834249,1873
7834800,1873
7835350,1872
7835901,1875
7836452,1871
7837004,1877
7837554,1873
7838104,1873
7838654,1872
7839206,1872
7839755,1872
7840305,1872
7840856,1872
7841406,1873
7841957,1875
7842508,1872
7843059,1872
7843608,1872
7844163,1873
7844714,1872
7845265,1872
7845815,1872
7846365,1872
7846915,1872
7847465,1872
7848017,1872
7848567,1872
7849117,1871
7849667,1872
7850217,1872
7850767,1873
7851318,1872
7851869,1871
7852419,1872
7852970,1872
7853520,1872
7854070,1872
7854624,1872
7855174,1872
7855725,1872
7856275,1872
7856825,1872
7857376,1873
7857927,1872
7858477,1872
7859028,1872
7859577,1872
7860131,1872
7860681,1872
7861231,1872
7861781,1872
7862331,1873
7862883,1872
7863433,1873
7863988,1872
7864538,1872
7865088,1872
7865639,1872
7866189,1872
7866739,1872
7867289,1872
7867840,1872
7868390,1872
7868940,1873
7869490,1872
7870042,1872
7870592,1873
7871147,1872
7871698,1872
7872248,1871
7872798,1871
7873349,1872
7873899,1872
7874448,1872
7875000,1873
7875550,1874
7876100,1872
7876651,1872
7877201,1872
7877751,1872
7878302,1872
7878851,1872
7879401,1872
7879951,1872
7880501,1872
7881052,1872
7881603,1873
7882158,1875
7882708,1872
7883260,1872
7883809,1872
7884359,1872
7884909,1871
7885459,1872
7886011,1871
7886561,1872
7887112,1872
7887661,1872
7888211,1872
7888761,1872
7889311,1873
7889863,1872
7890413,1874
7890964,1872
7891515,1872
7892066,1872
7892617,1873
7893170,1872
7893721,1872
7894271,1872
7894822,1873
7895373,1872
7895923,1870
7896473,1872
7897023,1873
7897574,1871
7898129,1872
7898678,1872
7899228,1873
7899780,1872
7900331,1872
7900880,1872
7901430,1873
7901985,1874
7902535,1870
7903086,1872
7903636,1872
7904186,1872
7904737,1871
7905287,1872
7905837,1871
7906387,1872
7906937,1873
7907488,1871
7908039,1872
7908589,1871
7909143,1872
7909694,1873
7910244,1872
7910795,1872
7911345,1872
7911896,1872
7912446,1871
7912996,1872
7913547,1872
7914097,1874
7914647,1873
7915197,1872
7915748,1872
7916298,1872
7916848,1875
7917399,1872
7917950,1872
7918500,1872
7919051,1873
7919602,1872
7920156,1872
7920707,1871
7921257,1873
7921808,1872
7922359,1872
7922910,1872
7923460,1873
7924011,1871
7924562,1872
7925113,1871
7925663,1872
7926213,1872
7926764,1872
7927314,1872
7927863,1872
7928413,1872
7928964,1872
7929514,1869
7930064,1872
7930615,1872
7931167,1872
7931718,1872
7932268,1872
7932819,1872
7933369,1874
7933921,1872
7934471,1872
7935021,1872
7935571,1872
7936126,1872
7936676,1873
7937227,1872
7937779,1872
7938329,1872
7938879,1871
7939430,1874
7939981,1872
7940531,1872
7941081,1873
7941633,1873
7942183,1869
7942735,1872
7943285,1873
7943836,1872
7944388,1872
7944937,1873
7945489,1873
7946038,1872
7946589,1876
7947144,1872
7947696,1874
7948247,1872
7948798,1872
7949348,1872
7949898,1874
7950449,1872
7951001,1874
7951551,1872
7952102,1872
7952652,1871
7953202,1873
7953754,1872
7954304,1872
7954854,1874
7955405,1873
7955956,1871
7956507,1872
7957057,1872
7957607,1872
7958163,1874
7958714,1872
7959265,1872
7959815,1872
7960365,1873
7960916,1872
7961467,1874
7962020,1872
7962571,1872
7963126,1872
7963677,1872
7964227,1872
7964777,1872
7965327,1871
7965877,1872
7966427,1874
7966979,1872
7967529,1870
7968079,1872
7968629,1873
7969181,1872
7969732,1872
7970282,1874
7970834,1872
7971384,1872
7971934,1872
7972484,1872
7973034,1871
7973584,1873
7974139,1873
7974690,1872
7975241,1871
7975791,1872
7976341,1872
7976892,1872
7977442,1871
7977992,1872
7978542,1872
7979093,1872
7979644,1872
7980194,1872
7980745,1872
7981295,1872
7981846,1872
7982396,1873
7982948,1872
7983498,1870
7984048,1873
7984599,1872
7985155,1872
7985705,1875
7986256,1872
7986806,1872
7987356,1871
7987906,1872
7988456,1872
7989007,1872
7989557,1872
7990107,1872
7990657,1872
7991207,1872
7991757,1872
7992308,1872
7992858,1871
7993408,1872
7993957,1872
7994507,1872
7995058,1872
7995608,1872
7996162,1872
7996712,1872
7997262,1872
7997813,1872
7998363,1871
7998912,1872
7999462,1872
8000014,1874
8000564,1872
8001116,1872
8001665,1875
8002216,1872
8002767,1872
8003317,1872
8003867,1874
8004418,1872
8004970,1872
8005520,1873
8006071,1872
8006624,1872
8007174,1872
8007725,1872
8008275,1871
8008825,1872
8009375,1874
8009927,1872
8010477,1872
8011027,1872
8011578,1872
8012132,1872
8012682,1873
8013233,1872
8013785,1872
8014335,1872
8014885,1872
8015435,1872
8015988,1872
8016538,1872
8017089,1872
8017638,1872
8018188,1872
8018739,1872
8019289,1872
8019839,1874
8020389,1872
8020940,1872
8021490,1871
8022040,1872
8022590,1872
8023144,1872
8023694,1872
8024244,1872
8024795,1872
8025345,1872
8025895,1872
8026445,1872
8026997,1874
8027548,1872
8028099,1873
8028650,1873
8029200,1873
8029751,1873
8030301,1873
8030850,1871
8031401,1872
8031951,1872
8032501,1872
8033052,1871
8033602,1872
8034157,1872
8034707,1872
8035257,1872
8035807,1872
8036357,1873
8036909,1872
8037459,1872
8038010,1875
8038561,1872
8039113,1874
8039664,1872
8040214,1873
8040766,1873
8041316,1869
8041868,1872
8042418,1872
8042968,1872
8043518,1873
8044069,1872
8044624,1872
8045174,1872
8045725,1874
8046276,1872
8046826,1873
8047377,1872
8047928,1872
8048478,1871
8049029,1873
8049579,1872
8050134,1872
8050685,1875
8051236,1873
8051786,1872
8052336,1873
8052887,1873
8053437,1872
8053988,1872
8054538,1873
8055089,1872
8055640,1872
8056190,1872
8056740,1872
8057290,1872
8057840,1872
8058391,1873
8058941,1873
8059491,1872
8060043,1871
8060592,1872
8061146,1875
8061697,1872
8062249,1873
8062800,1874
8063350,1872
8063901,1872
8064451,1871
8065002,1872
8065552,1872
8066102,1874
8066653,1872
8067205,1872
8067755,1872
8068305,1875
8068857,1873
8069407,1872
8069958,1872
8070508,1872
8071059,1871
8071609,1874
8072163,1872
8072714,1872
8073264,1873
8073815,1873
8074365,1872
8074916,1872
8075466,1872
8076021,1872
8076571,1873
8077126,1872
8077678,1872
8078228,1869
8078779,1872
8079329,1872
8079880,1872
8080430,1872
8080984,1872
8081534,1872
8082085,1872
8082636,1872
8083186,1873
8083736,1872
8084287,1872
8084838,1872
8085388,1872
8085938,1872
8086489,1874
8087040,1873
8087589,1873
8088143,1873
8088694,1871
8089244,1872
8089794,1873
8090345,1872
8090896,1872
8091446,1872
8091997,1872
8092546,1874
8093097,1872
8093649,1872
8094199,1872
8094748,1872
8095298,1873
8095849,1872
8096401,1872
8096950,1873
8097502,1872
8098052,1872
8098603,1869
8099157,1870
8099707,1872
8100257,1874
8100808,1871
8101359,1872
8101909,1872
8102459,1872
8103011,1873
8103562,1872
8104112,1872
8104663,1871
8105213,1871
8105763,1872
8106313,1872
8106863,1871
8107413,1871
8107963,1871
8108514,1871
8109064,1872
8109613,1872
8110167,1872
8110718,1871
8111268,1874
8111820,1872
8112370,1874
8112921,1872
8113471,1874
8114023,1872
8114573,1872
8115127,1872
8115678,1872
8116228,1872
8116779,1875
8117329,1872
8117881,1874
8118432,1872
8118985,1873
8119536,1875
8120086,1872
8120637,1872
8121187,1872
8121738,1872
8122288,1872
8122838,1872
8123388,1872
8123939,1874
8124489,1872
8125040,1872
8125591,1873
8126146,1871
8126697,1873
8127248,1872
8127799,1872
8128349,1872
8128899,1872
8129450,1872
8130000,1871
8130550,1872
8131100,1874
8131651,1872
8132203,1872
8132752,1873
8133303,1872
8133854,1874
8134405,1872
8134957,1872
8135506,1873
8136057,1872
8136609,1871
8137163,1872
8137713,1872
8138263,1873
8138814,1874
8139364,1873
8139914,1872
8140465,1872
8141017,1872
8141566,1873
8142117,1871
8142669,1874
8143219,1872
8143771,1872
8144321,1871
8144871,1872
8145421,1872
8145972,1873
8146522,1872
8147073,1873
8147625,1872
8148175,1872
8148725,1872
8149275,1872
8149826,1871
8150376,1872
8150926,1872
8151477,1872
8152027,1872
8152576,1872
8153130,1873
8153681,1873
8154232,1872
8154782,1871
8155333,1872
8155882,1873
8156433,1872
8156986,1873
8157537,1872
8158088,1872
8158638,1873
8159189,1872
8159740,1872
8160290,1872
8160840,1873
8161391,1872
8161942,1873
8162494,1872
8163044,1867
8163595,1872
8164149,1872
8164699,1874
8165250,1872
8165801,1872
8166351,1872
8166901,1873
8167452,1871
8168004,1872
8168555,1873
8169106,1872
8169656,1872
8170207,1875
8170758,1874
8171308,1872
8171860,1872
8172410,1872
8172961,1871
8173510,1872
8174060,1872
8174610,1874
8175165,1872
8175716,1872
8176266,1872
8176816,1873
8177367,1871
8177919,1872
8178469,1872
8179020,1870
8179570,1872
8180125,1872
8180676,1872
8181226,1875
8181777,1872
8182329,1872
8182878,1872
8183428,1872
8183979,1873
8184530,1872
8185082,1872
8185631,1873
8186182,1872
8186734,1873
8187285,1872
8187836,1872
8188386,1873
8188937,1872
8189488,1872
8190039,1873
8190589,1873
8191143,1872
8191694,1872
8192244,1874
8192795,1872
8193346,1872
8193896,1875
8194447,1872
8194998,1872
8195548,1873
8196099,1872
8196651,1873
8197201,1872
8197753,1872
8198303,1872
8198853,1874
8199403,1872
8199955,1871
8200504,1872
8201054,1872
8201605,1871
8202159,1872
8202710,1872
8203260,1874
8203811,1873
8204361,1872
8204911,1874
8205462,1871
8206015,1872
8206565,1872
8207115,1872
8207666,1872
8208216,1872
8208766,1873
8209317,1871
8209869,1873
8210420,1872
8210971,1872
8211521,1872
8212071,1872
8212624,1872
8213175,1873
8213725,1872
8214276,1872
8214827,1875
8215378,1872
8215928,1872
8216479,1872
8217031,1872
8217582,1872
8218136,1872
8218686,1872
8219236,1872
8219787,1872
8220337,1872
8220887,1872
8221437,1872
8221988,1872
8222538,1873
8223090,1872
8223640,1874
8224191,1874
8224741,1871
8225293,1873
8225844,1870
8226395,1872
8226944,1872
8227495,1872
8228045,1872
8228594,1870
8229149,1873
8229700,1872
8230250,1872
8230800,1872
8231350,1872
8231901,1867
8232451,1871
8233002,1874
8233552,1873
8234102,1872
8234653,1872
8235203,1873
8235754,1871
8236306,1872
8236856,1872
8237406,1872
8237956,1872
8238507,1872
8239057,1871
8239606,1871
8240161,1872
8240712,1873
8241262,1872
8241813,1872
8242364,1872
8242914,1873
8243464,1873
8244016,1872
8244566,1872
8245117,1872
8245667,1872
8246217,1873
8246767,1872
8247318,1872
8247868,1872
8248418,1873
8248969,1873
8249520,1872
8250071,1872
8250624,1872
8251174,1872
8251725,1872
8252275,1873
8252826,1874
8253376,1873
8253926,1872
8254477,1872
8255027,1873
8255578,1872
8256133,1874
8256685,1873
8257235,1873
8257786,1872
8258337,1872
8258887,1872
8259437,1872
8259989,1872
8260538,1872
8261088,1873
8261639,1872
8262190,1872
8262741,1872
8263291,1872
8263841,1872
8264391,1874
8264942,1872
8265494,1873
8266044,1872
8266596,1869
8267150,1872
8267700,1872
8268250,1872
8268800,1872
8269350,1874
8269901,1872
8270452,1872
8271004,1872
8271555,1872
8272104,1872
8272655,1872
8273205,1872
8273754,1871
8274304,1875
8274855,1875
8275405,1872
8275957,1872
8276507,1872
8277057,1872
8277607,1873
8278163,1872
8278713,1872
8279263,1872
8279814,1872
8280364,1872
8280914,1872
8281464,1872
8282015,1872
8282565,1872
8283115,1872
8283666,1873
8284216,1872
8284767,1872
8285317,1874
8285869,1874
8286419,1872
8286969,1873
8287520,1873
8288071,1872
8288624,1872
8289175,1872
8289724,1872
8290274,1873
8290826,1873
8291376,1872
8291927,1872
8292478,1872
8293028,1872
8293578,1873
8294133,1872
8294685,1872
8295235,1872
8295786,1872
8296336,1873
8296887,1873
8297437,1872
8297989,1872
8298538,1872
8299088,1872
8299638,1871
8300188,1874
8300740,1872
8301291,1872
8301841,1872
8302391,1872
8302941,1872
8303491,1872
8304041,1872
8304591,1872
8305145,1871
8305696,1872
8306246,1872
8306795,1872
8307345,1872
8307895,1872
8308445,1872
8308996,1872
8309545,1873
8310097,1873
8310647,1872
8311197,1871
8311748,1873
8312299,1873
8312849,1873
8313399,1872
8313950,1875
8314501,1874
8315052,1874
8315603,1873
8316157,1873
8316707,1873
8317257,1873
8317808,1872
8318359,1872
8318909,1872
8319459,1872
8320011,1872
8320561,1872
8321112,1872
8321662,1873
8322213,1872
8322765,1873
8323316,1871
8323867,1872
8324417,1872
8324968,1872
8325518,1872
8326068,1872
8326618,1872
8327172,1872
8327721,1872
8328271,1873
8328822,1872
8329373,1872
8329923,1873
8330475,1872
8331025,1872
8331575,1873
8332129,1872
8332679,1873
8333230,1872
8333781,1872
8334331,1872
8334882,1872
8335432,1872
8335985,1872
8336536,1872
8337085,1872
8337635,1872
8338185,1872
8338735,1872
8339285,1872
8339835,1875
8340386,1872
8340937,1872
8341487,1872
8342038,1872
8342588,1872
8343142,1872
8343693,1872
8344243,1872
8344793,1873
8345344,1872
8345896,1872
8346446,1869
8346996,1873
8347547,1873
8348098,1872
8348649,1872
8349199,1872
8349748,1873
8350299,1873
8350849,1872
8351400,1872
8351951,1872
8352500,1870
8353051,1873
8353601,1872
8354156,1872
8354706,1874
8355257,1874
8355807,1872
8356358,1871
8356908,1873
8357459,1872
8358010,1872
8358561,1872
8359111,1874
8359662,1872
8360213,1872
8360764,1874
8361315,1872
8361866,1872
8362416,1872
8362967,1872
8363516,1872
8364066,1872
8364616,1875
8365170,1872
8365721,1874
8366272,1872
8366823,1874
8367374,1872
8367926,1872
8368475,1872
8369025,1871
8369576,1872
8370130,1874
8370680,1873
8371230,1872
8371781,1872
8372331,1872
8372881,1873
8373432,1873
8373985,1872
8374536,1872
8375087,1875
8375638,1872
8376188,1873
8376739,1871
8377289,1873
8377840,1870
8378391,1872
8378941,1872
8379491,1877
8380043,1872
8380593,1872
8381147,1874
8381699,1872
8382250,1872
8382799,1872
8383349,1872
8383899,1875
8384450,1868
8385002,1874
8385552,1872
8386104,1872
8386653,1872
8387203,1871
8387753,1873
8388304,1872
8388855,1872
8389405,1873
8389956,1872
8390508,1872
8391058,1873
8391609,1872
8392164,1874
8392714,1872
8393265,1872
8393815,1872
8394365,1872
8394916,1872
8395466,1872
8396021,1873
8396571,1875
8397126,1873
8397677,1873
8398227,1872
8398778,1872
8399328,1872
8399878,1874
8400429,1871
8400980,1871
8401530,1872
8402080,1872
8402631,1870
8403181,1872
8403732,1872
8404282,1874
8404834,1871
8405385,1872
8405935,1871
8406485,1871
8407035,1870
8407585,1872
8408139,1871
8408690,1872
8409240,1872
8409789,1874
8410341,1872
8410891,1872
8411441,1871
8411993,1874
8412543,1872
8413094,1873
8413645,1873
8414195,1872
8414747,1872
8415297,1874
8415847,1872
8416398,1870
8416948,1872
8417498,1872
8418048,1872
8418598,1872
8419152,1872
8419703,1872
8420253,1872
8420803,1872
8421353,1871
8421903,1873
8422454,1872
8423005,1871
8423556,1872
8424106,1872
8424656,1872
8425206,1872
8425757,1870
8426307,1872
8426856,1872
8427406,1872
8427957,1872
8428506,1873
8429058,1872
8429608,1871
8430162,1872
8430712,1875
8431263,1872
8431814,1872
8432364,1873
8432915,1870
8433466,1873
8434020,1872
8434571,1871
8435126,1873
8435678,1875
8436228,1872
8436780,1874
8437331,1870
8437881,1872
8438431,1872
8438985,1872
8439536,1872
8440085,1872
8440636,1873
8441187,1869
8441738,1874
8442289,1872
8442840,1872
8443390,1871
8443941,1872
8444491,1872
8445041,1874
8445593,1871
8446147,1871
8446698,1872
8447248,1872
8447799,1872
8448349,1871
8448900,1872
8449450,1870
8450000,1872
8450550,1872
8451100,1872
8451651,1870
8452201,1872
8452752,1876
8453303,1872
8453853,1872
8454404,1874
8454954,1872
8455505,1874
8456056,1872
8456607,1872
8457163,1872
8457712,1872
8458262,1872
8458813,1872
8459363,1872
8459913,1872
8460463,1872
8461015,1874
8461565,1872
8462117,1871
8462667,1874
8463219,1874
8463768,1872
8464320,1875
8464870,1872
8465421,1873
8465973,1872
8466523,1872
8467073,1872
8467624,1874
8468174,1872
8468726,1872
8469276,1875
8469827,1873
8470377,1872
8470928,1875
8471482,1873
8472032,1873
8472582,1872
8473137,1873
8473688,1873
8474238,1872
8474789,1872
8475339,1872
8475889,1872
8476439,1869
8476990,1872
8477540,1871
8478091,1872
8478640,1874
8479191,1872
8479742,1872
8480293,1872
8480842,1872
8481392,1872
8481943,1872
8482492,1872
8483042,1874
8483593,1872
8484149,1872
8484698,1872
8485248,1872
8485799,1872
8486349,1872
8486899,1871
8487449,1870
8488000,1872
8488550,1872
8489101,1871
8489652,1872
8490202,1874
8490753,1875
8491303,1872
8491854,1873
8492405,1872
8492956,1871
8493507,1872
8494057,1872
8494606,1872
8495161,1872
8495712,1873
8496263,1873
8496814,1874
8497364,1874
8497914,1872
8498465,1872
8499017,1873
8499568,1872
8500118,1872
8500668,1872
8501218,1872
8501768,1872
8502318,1872
8502868,1872
8503418,1872
8503969,1872
8504518,1872
8505068,1872
8505618,1872
8506172,1872
8506721,1872
8507272,1872
8507822,1872
8508372,1872
8508922,1873
8509473,1873
8510024,1872
8510575,1873
8511129,1872
8511679,1872
8512229,1872
8512779,1872
8513329,1872
8513879,1872
8514429,1871
8514980,1872
8515530,1872
8516081,1871
8516631,1878
8517182,1872
8517733,1872
8518283,1872
8518834,1872
8519384,1872
8519934,1873
8520484,1873
8521034,1872
8521585,1873
8522140,1872
8522692,1872
8523242,1872
8523793,1872
8524343,1872
8524894,1872
8525444,1872
8525994,1873
8526545,1872
8527097,1872
8527647,1871
8528197,1872
8528747,1871
8529297,1872
8529847,1873
8530398,1872
8530949,1874
8531501,1874
8532051,1872
8532602,1871
8533156,1873
8533706,1873
8534256,1872
8534808,1872
8535358,1872
8535908,1875
8536459,1872
8537010,1873
8537561,1872
8538112,1872
8538663,1872
8539212,1872
8539763,1872
8540313,1872
8540862,1872
8541412,1872
8541962,1872
8542513,1873
8543064,1873
8543614,1872
8544169,1872
8544719,1872
8545269,1872
8545820,1870
8546370,1872
8546921,1875
8547471,1872
8548023,1873
8548573,1871
8549127,1871
8549678,1873
8550229,1872
8550779,1872
8551329,1874
8551881,1872
8552431,1872
8552985,1872
8553536,1872
8554086,1871
8554636,1872
8555186,1873
8555737,1872
8556289,1872
8556838,1872
8557388,1872
8557939,1872
8558488,1872
8559038,1872
8559588,1872
8560142,1873
8560693,1872
8561244,1870
8561794,1872
8562344,1874
8562896,1872
8563447,1872
8563998,1873
8564548,1873
8565099,1872
8565649,1873
8566200,1873
8566750,1872
8567301,1872
8567852,1872
8568402,1872
8568951,1872
8569502,1872
8570052,1872
8570602,1871
8571156,1872
8571707,1873
8572257,1872
8572808,1872
8573358,1873
8573909,1871
8574460,1872
8575011,1873
8575562,1873
8576113,1873
8576664,1874
8577214,1872
8577766,1872
8578316,1873
8578867,1873
8579417,1872
8579969,1872
8580519,1872
8581069,1872
8581624,1872
8582174,1872
8582725,1872
8583275,1872
8583825,1872
8584375,1872
8584926,1872
8585475,1872
8586025,1872
8586575,1872
8587129,1872
8587678,1875
8588229,1872
8588780,1873
8589331,1873
8589881,1872
8590432,1872
8590985,1872
8591536,1872
8592085,1871
8592636,1872
8593186,1872
8593735,1872
8594286,1872
8594836,1872
8595386,1872
8595936,1872
8596487,1872
8597036,1872
8597586,1871
8598140,1872
8598691,1872
8599241,1872
8599792,1870
8600342,1874
8600894,1875
8601444,1870
8601996,1873
8602546,1872
8603097,1872
8603647,1872
8604197,1872
8604748,1872
8605298,1872
8605849,1872
8606398,1874
8606950,1872
8607501,1872
8608051,1872
8608601,1871
8609155,1875
8609707,1873
8610257,1872
8610809,1872
8611359,1872
8611909,1873
8612460,1873
8613011,1873
8613562,1872
8614113,1872
8614664,1872
8615214,1875
8615766,1873
8616316,1872
8616867,1872
8617417,1872
8617967,1872
8618517,1873
8619068,1872
8619624,1873
8620174,1873
8620725,1871
8621275,1872
8621826,1873
8622376,1872
8622928,1872
8623479,1872
8624031,1872
8624582,1872
8625136,1874
8625687,1873
8626237,1873
8626788,1874
8627338,1872
8627889,1872
8628439,1872
8628990,1872
8629541,1873
8630091,1872
8630642,1871
8631192,1872
8631742,1872
8632293,1872
8632842,1873
8633393,1872
8633944,1872
8634495,1872
8635046,1873
8635596,1872
8636151,1872
8636701,1872
8637251,1872
8637801,1873
8638352,1872
8638904,1874
8639455,1872
8640005,1873
8640557,1872
8641107,1872
8641658,1874
8642209,1872
8642759,1872
8643309,1872
8643859,1872
8644409,1872
8644960,1872
8645510,1872
8646059,1874
8646610,1872
8647165,1873
8647717,1872
8648267,1872
8648817,1874
8649368,1872
8649919,1872
8650469,1872
8651020,1872
8651571,1872
8652125,1872
8652675,1872
8653225,1872
8653776,1872
8654326,1872
8654876,1872
8655426,1877
8655977,1873
8656528,1872
8657079,1877
8657630,1872
8658181,1872
8658732,1872
8659282,1872
8659832,1871
8660383,1873
8660934,1872
8661484,1872
8662035,1872
8662584,1872
8663138,1873
8663690,1875
8664240,1871
8664791,1872
8665341,1871
8665891,1872
8666441,1871
8666993,1873
8667543,1872
8668094,1868
8668645,1872
8669194,1872
8669745,1872
8670295,1873
8670847,1873
8671397,1872
8671948,1873
8672498,1872
8673049,1872
8673599,1872
8674154,1873
8674705,1872
8675255,1872
8675805,1872
8676355,1875
8676907,1872
8677457,1872
8678007,1873
8678558,1872
8679110,1872
8679659,1873
8680210,1872
8680761,1872
8681311,1874
8681862,1870
8682413,1873
8682964,1874
8683514,1872
8684066,1872
8684617,1872
8685171,1872
8685721,1872
8686271,1872
8686821,1873
8687372,1872
8687923,1873
8688475,1872
8689025,1872
8689576,1872
8690130,1872
8690680,1872
8691230,1872
8691781,1872
8692331,1873
8692881,1872
8693432,1872
8693986,1871
8694537,1872
8695087,1874
8695638,1872
8696188,1873
8696739,1872
8697290,1872
8697840,1872
8698390,1874
8698941,1872
8699492,1872
8700043,1873
8700594,1872
8701148,1872
8701699,1873
8702249,1872
8702800,1872
8703350,1873
8703902,1872
8704452,1872
8705002,1872
8705552,1874
8706103,1874
8706653,1872
8707204,1872
8707755,1872
8708305,1872
8708855,1872
8709405,1872
8709955,1872
8710505,1872
8711056,1872
8711606,1872
8712162,1873
8712712,1873
8713262,1872
8713813,1872
8714363,1872
8714913,1870
8715463,1872
8716016,1872
8716566,1872
8717116,1872
8717666,1872
8718216,1872
8718766,1872
8719316,1872
8719867,1872
8720417,1872
8720967,1872
8721517,1872
8722067,1872
8722617,1872
8723172,1874
8723722,1872
8724273,1873
8724825,1873
8725375,1871
8725925,1872
8726475,1872
8727025,1872
8727576,1872
8728130,1873
8728681,1872
8729233,1873
8729783,1872
8730334,1872
8730885,1872
8731435,1872
8731987,1872
8732536,1872
8733086,1872
8733637,1872
8734187,1872
8734738,1872
8735288,1872
8735839,1873
8736390,1872
8736940,1872
8737490,1872
8738040,1872
8738590,1872
8739144,1872
8739694,1873
8740245,1872
8740796,1872
8741346,1872
8741896,1872
8742446,1872
8742998,1872
8743548,1872
8744098,1872
8744649,1872
8745199,1872
8745748,1872
8746298,1873
8746849,1872
8747401,1875
8747951,1872
8748503,1874
8749054,1873
8749603,1872
8750158,1872
8750708,1873
8751259,1873
8751809,1874
8752359,1872
8752911,1872
8753461,1872
8754013,1872
8754562,1872
8755112,1872
8755663,1872
8756213,1872
8756762,1872
8757312,1872
8757862,1872
8758412,1872
8758963,1872
8759513,1872
8760063,1872
8760613,1872
8761167,1872
8761718,1873
8762269,1872
8762820,1872
8763370,1871
8763921,1872
8764471,1872
8765021,1872
8765571,1872
8766126,1872
8766677,1872
8767227,1872
8767776,1872
8768326,1872
8768877,1872
8769427,1871
8769978,1872
8770528,1874
8771079,1872
8771629,1872
8772179,1872
8772730,1873
8773281,1872
8773832,1872
8774382,1872
8774932,1872
8775482,1872
8776033,1872
8776584,1872
8777138,1875
8777689,1872
8778240,1872
8778791,1872
8779340,1872
8779890,1874
8780441,1872
8780992,1872
8781542,1872
8782093,1872
8782644,1873
8783194,1873
8783745,1872
8784296,1872
8784847,1871
8785397,1872
8785948,1872
8786497,1872
8787048,1872
8787597,1872
8788151,1872
8788701,1873
8789252,1872
8789803,1873
8790354,1872
8790906,1872
8791455,1872
8792006,1872
8792556,1872
8793106,1871
8793656,1874
8794207,1871
8794759,1872
8795309,1872
8795858,1872
8796408,1874
8796960,1872
8797510,1872
8798060,1872
8798610,1872
8799164,1869
8799714,1872
8800264,1873
8800815,1874
8801365,1872
8801916,1873
8802467,1872
8803020,1872
8803570,1872
8804125,1872
8804676,1870
8805226,1872
8805775,1872
8806325,1873
8806876,1872
8807427,1872
8807979,1872
8808529,1872
8809080,1872
8809629,1872
8810179,1873
8810731,1873
8811281,1872
8811832,1873
8812383,1872
8812934,1872
8813484,1874
8814036,1873
8814586,1872
8815142,1873
8815693,1873
8816243,1872
8816794,1872
8817344,1872
8817895,1873
8818446,1871
8818997,1873
8819548,1871
8820099,1872
8820649,1873
8821199,1872
8821751,1874
8822301,1872
8822853,1872
8823403,1873
8823953,1872
8824505,1872
8825055,1873
8825605,1872
8826161,1872
8826711,1872
8827261,1874
8827813,1872
8828363,1873
8828914,1871
8829465,1873
8830017,1872
8830568,1871
8831117,1872
8831667,1873
8832218,1873
8832768,1872
8833319,1872
8833869,1873
8834420,1873
8834971,1872
8835522,1873
8836072,1872
8836624,1872
8837175,1872
8837725,1873
8838276,1872
8838826,1872
8839376,1872
8839927,1872
8840478,1872
8841027,1872
8841578,1871
8842132,1872
8842682,1872
8843232,1872
8843782,1872
8844332,1872
8844882,1872
8845432,1872
8845985,1874
8846537,1874
8847087,1872
8847639,1872
8848189,1871
8848739,1871
8849289,1872
8849840,1872
8850390,1872
8850939,1872
8851490,1872
8852041,1872
8852590,1872
8853144,1873
8853696,1872
8854247,1871
8854797,1873
8855348,1872
8855899,1872
8856449,1871
8857000,1872
8857550,1872
8858100,1872
8858651,1872
8859201,1872
8859752,1872
8860302,1871
8860852,1871
8861402,1872
8861953,1874
8862504,1872
8863054,1872
8863604,1872
8864158,1872
8864708,1872
8865258,1873
8865809,1874
8866359,1874
8866909,1874
8867459,1871
8868011,1872
8868560,1873
8869112,1874
8869662,1872
8870213,1872
8870764,1872
8871313,1872
8871863,1872
8872414,1871
8872964,1872
8873514,1872
8874065,1873
8874615,1875
8875169,1872
8875721,1872
8876271,1872
8876821,1872
8877371,1872
8877922,1872
8878472,1872
8879023,1872
8879572,1872
8880126,1872
8880677,1872
8881227,1871
8881778,1872
8882328,1872
8882879,1872
8883429,1872
8883981,1872
8884530,1872
8885080,1872
8885631,1872
8886181,1872
8886732,1872
8887282,1872
8887831,1872
8888381,1872
8888932,1872
8889481,1872
8890032,1873
8890582,1872
8891137,1872
8891687,1873
8892238,1872
8892789,1871
8893339,1872
8893889,1870
8894439,1872
8894991,1872
8895541,1872
8896092,1871
8896641,1873
8897192,1872
8897744,1872
8898293,1872
8898843,1873
8899394,1873
8899944,1872
8900495,1873
8901046,1872
8901596,1871
8902150,1872
8902700,1872
8903250,1872
8903800,1872
8904350,1872
8904901,1872
8905451,1871
8906002,1872
8906551,1872
8907101,1872
8907651,1872
8908201,1875
8908752,1872
8909303,1873
8909854,1872
8910405,1872
8910956,1872
8911505,1871
8912056,1874
8912606,1873
8913161,1872
8913713,1872
8914263,1873
8914813,1872
8915364,1872
8915914,1872
8916464,1872
8917016,1872
8917565,1872
8918116,1872
8918666,1871
8919216,1872
8919767,1877
8920318,1872
8920868,1872
8921418,1873
8921969,1872
8922521,1872
8923071,1872
8923624,1874
8924175,1873
8924726,1872
8925277,1872
8925827,1872
8926377,1872
8926927,1873
8927479,1872
8928032,1872
8928582,1877
8929137,1872
8929689,1872
8930239,1872
8930788,1874
8931339,1872
8931890,1871
8932440,1872
8932991,1872
8933542,1873
8934092,1872
8934643,1872
8935193,1872
8935743,1871
8936293,1872
8936843,1873
8937394,1873
8937944,1872
8938495,1872
8939046,1872
8939597,1872
8940151,1873
8940702,1873
8941252,1872
8941804,1874
8942355,1872
8942906,1873
8943457,1872
8944007,1873
8944558,1872
8945109,1872
8945659,1872
8946209,1872
8946759,1872
8947309,1872
8947859,1872
8948409,1872
8948960,1873
8949510,1872
8950061,1874
8950612,1872
8951167,1873
8951718,1873
8952268,1873
8952818,1873
8953368,1872
8953919,1873
8954470,1874
8955021,1872
8955572,1873
8956127,1877
8956678,1872
8957228,1872
8957778,1872
8958329,1873
8958880,1872
8959430,1872
8959984,1872
8960535,1872
8961085,1872
8961635,1872
8962185,1873
8962737,1872
8963288,1872
8963838,1872
8964388,1873
8964940,1873
8965490,1872
8966041,1872
8966591,1873
8967146,1874
8967697,1873
8968247,1871
8968798,1872
8969348,1872
8969897,1876
8970448,1869
8971000,1871
8971549,1872
8972100,1872
8972651,1873
8973202,1872
8973752,1872
8974302,1872
8974853,1872
8975403,1872
8975953,1873
8976504,1872
8977056,1872
8977606,1872
8978162,1872
8978712,1872
8979262,1872
8979813,1872
8980363,1872
8980914,1876
8981465,1873
8982015,1871
8982566,1871
8983116,1872
8983666,1872
8984216,1872
8984767,1872
8985317,1871
8985867,1872
8986417,1872
8986967,1872
8987517,1873
8988068,1872
8988618,1871
8989173,1872
8989722,1873
8990273,1875
8990824,1872
8991375,1872
8991924,1873
8992475,1872
8993026,1872
8993577,1872
8994131,1875
8994682,1872
8995233,1872
8995784,1873
8996335,1873
8996886,1872
8997437,1871
8997987,1874
8998538,1872
8999089,1873
8999640,1874
9000191,1873
9000741,1872
9001291,1872
9001841,1870
9002391,1873
9002942,1872
9003494,1873
9004045,1872
9004596,1872
9005150,1873
9005701,1873
9006251,1872
9006802,1874
9007353,1872
9007904,1872
9008454,1867
9009005,1872
9009555,1872
9010106,1872
9010657,1872
9011207,1871
9011757,1875
9012308,1871
9012860,1872
9013410,1873
9013961,1872
9014512,1872
9015063,1872
9015613,1874
9016168,1872
9016720,1875
9017271,1872
9017821,1874
9018372,1872
9018924,1872
9019474,1872
9020024,1872
9020575,1872
9021129,1872
9021678,1872
9022228,1872
9022778,1874
# end
