# sketch,characterise_v2loop
# mode_number,0
# mode_name,0_sept_baseline_deadline_ts_after
# label,F_stim_baseline
# ---- CHECK THE THREE LINES ABOVE BEFORE YOU KEEP THIS CAPTURE ----
# waiting 600 s for thermal settle - press any key to skip
# warm 0 s
# ----------------------------------------------------------
# n,16384
# fs_hz_window,1999.8779
# span_s,8.192000
# dt_mean_us,499.9999
# dt_sd_us,0.0135
# dt_min_us,499
# dt_max_us,501
# fs_hz_from_mean,2000.0002
# mean_code,1870.5455
# sd_code,956.1444
# min_code,526
# max_code,3255
# mean_volts,1.507399
# sd_millivolts,770.5193
# adc,12bit_default_11dB_attenuation
# conv,linear_3.3_over_4095
# ----------------------------------------------------------
t_us,code
40,958
539,814
1039,691
1539,599
2039,555
2539,529
3039,534
3539,571
4039,642
4539,751
5039,874
5539,1047
6039,1226
6539,1415
7039,1618
7539,1818
8039,2011
8539,2217
9039,2413
9539,2603
10039,2766
10539,2923
11039,3054
11539,3163
12039,3219
12539,3255
13039,3250
13539,3199
14039,3120
14539,2992
15039,2854
15539,2685
16039,2518
16539,2320
17039,2113
17539,1915
18039,1715
18539,1515
19039,1315
19539,1131
20039,957
20539,815
21039,694
21539,597
22039,557
22539,528
23039,528
23539,576
24039,640
24539,747
25039,871
25539,1040
26039,1226
26539,1413
27039,1616
27539,1814
28039,2007
28539,2217
29039,2409
29539,2603
30039,2767
30539,2918
31039,3051
31539,3158
32039,3216
32539,3248
33039,3248
33539,3198
34039,3120
34539,2990
35039,2861
35539,2687
36039,2513
36539,2314
37039,2118
37539,1914
38039,1721
38539,1513
39039,1315
39539,1129
40039,958
40539,811
41039,690
41539,602
42039,558
42539,530
43039,528
43539,573
44039,641
44539,750
45039,871
45539,1043
46039,1221
46539,1411
47039,1615
47539,1819
48039,2007
48539,2213
49039,2413
49539,2602
50039,2770
50539,2916
51039,3051
51539,3162
52039,3218
52539,3251
53039,3250
53539,3199
54039,3119
54539,2992
55039,2858
55539,2684
56039,2513
56539,2314
57039,2118
57539,1916
58039,1719
58539,1513
59039,1317
59539,1131
60039,960
60539,815
61039,691
61539,599
62039,554
62539,530
63039,528
63539,576
64039,637
64539,750
65039,874
65539,1041
66039,1221
66539,1415
67039,1616
67539,1815
68039,2011
68539,2215
69039,2410
69539,2607
70039,2767
70539,2919
71039,3052
71539,3153
72039,3216
72539,3255
73039,3247
73539,3200
74039,3119
74539,2991
75039,2863
75539,2687
76039,2514
76539,2315
77039,2118
77539,1915
78039,1719
78539,1518
79039,1319
79539,1129
80039,955
80539,816
81039,693
81539,605
82039,557
82539,531
83039,531
83539,576
84039,640
84539,748
85039,874
85539,1044
86039,1219
86539,1419
87039,1616
87539,1822
88039,2011
88539,2217
89039,2411
89539,2601
90039,2768
90539,2920
91039,3054
91539,3163
92039,3221
92539,3250
93039,3248
93539,3197
94039,3120
94539,2992
95039,2855
95539,2678
96039,2519
96539,2310
97039,2122
97539,1915
98039,1722
98539,1515
99039,1315
99539,1127
100039,958
100539,811
101039,691
101539,604
102039,557
102539,529
103039,530
103539,574
104039,640
104539,749
105039,873
105539,1044
106039,1222
106539,1414
107039,1616
107539,1814
108039,2013
108539,2215
109039,2406
109539,2603
110039,2768
110539,2921
111039,3051
111539,3158
112039,3216
112539,3251
113039,3250
113539,3200
114039,3120
114539,2992
115039,2855
115539,2684
116039,2513
116539,2315
117039,2121
117539,1914
118039,1718
118539,1517
119039,1315
119539,1126
120039,958
120539,815
121039,694
121539,601
122039,554
122539,530
123039,528
123539,576
124039,640
124539,748
125039,871
125539,1045
126039,1225
126539,1413
127039,1616
127539,1821
128039,2013
128539,2210
129039,2409
129539,2602
130039,2768
130539,2922
131039,3051
131539,3158
132039,3217
132539,3254
133039,3248
133539,3199
134039,3120
134539,2992
135039,2857
135539,2679
136039,2514
136539,2315
137039,2116
137539,1913
138039,1718
138539,1518
139039,1317
139539,1129
140039,955
140539,815
141039,688
141539,595
142039,555
142539,529
143039,530
143539,572
144039,640
144539,750
145039,870
145539,1045
146039,1222
146539,1408
147039,1619
147539,1815
148039,2007
148539,2219
149039,2409
149539,2599
150039,2768
150539,2921
151039,3050
151539,3159
152039,3222
152539,3250
153039,3248
153539,3201
154039,3118
154539,2992
155039,2861
155539,2687
156039,2518
156539,2315
157039,2116
157539,1911
158039,1717
158539,1514
159039,1317
159539,1131
160039,957
160539,811
161039,694
161539,603
162039,556
162539,531
163039,529
163539,576
164039,639
164539,747
165039,869
165539,1041
166039,1221
166539,1413
167039,1616
167539,1811
168039,2010
168539,2213
169039,2411
169539,2604
170039,2768
170539,2920
171039,3053
171539,3161
172039,3218
172539,3250
173039,3248
173539,3198
174039,3118
174539,2994
175039,2858
175539,2678
176039,2515
176539,2311
177039,2119
177539,1915
178039,1718
178539,1517
179039,1316
179539,1131
180039,958
180539,815
181039,691
181539,599
182039,557
182539,528
183039,531
183539,570
184039,640
184539,747
185039,873
185539,1043
186039,1216
186539,1415
187039,1616
187539,1817
188039,2015
188539,2211
189039,2414
189539,2603
190039,2767
190539,2919
191039,3055
191539,3158
192039,3217
192539,3248
193039,3248
193539,3195
194039,3118
194539,2990
195039,2859
195539,2685
196039,2515
196539,2314
197039,2117
197539,1913
198039,1719
198539,1515
199039,1318
199539,1132
200039,959
200539,814
201039,689
201539,601
202039,555
202539,528
203039,528
203539,574
204039,638
204539,748
205039,874
205539,1042
206039,1222
206539,1411
207039,1616
207539,1814
208039,2014
208539,2214
209039,2405
209539,2603
210039,2766
210539,2917
211039,3050
211539,3156
212039,3218
212539,3255
213039,3248
213539,3199
214039,3117
214539,2992
215039,2855
215539,2683
216039,2516
216539,2317
217039,2118
217539,1919
218039,1724
218539,1516
219039,1316
219539,1127
220039,959
220539,810
221039,690
221539,601
222039,556
222539,533
223039,530
223539,575
224039,640
224539,745
225039,871
225539,1045
226039,1217
226539,1413
227039,1616
227539,1818
228039,2007
228539,2217
229039,2412
229539,2603
230039,2768
230539,2922
231039,3054
231539,3159
232039,3220
232539,3254
233039,3249
233539,3202
234039,3120
234539,2991
235039,2860
235539,2685
236039,2518
236539,2319
237039,2122
237539,1911
238039,1715
238539,1515
239039,1317
239539,1131
240039,955
240539,811
241039,690
241539,599
242039,556
242539,530
243039,533
243539,575
244039,640
244539,750
245039,870
245539,1045
246039,1218
246539,1414
247039,1616
247539,1815
248039,2007
248539,2215
249039,2410
249539,2599
250039,2768
250539,2922
251039,3053
251539,3159
252039,3219
252539,3248
253039,3248
253539,3204
254039,3120
254539,2992
255039,2861
255539,2682
256039,2517
256539,2311
257039,2121
257539,1918
258039,1714
258539,1516
259039,1319
259539,1130
260039,958
260539,816
261039,691
261539,602
262039,554
262539,529
263039,529
263539,575
264039,640
264539,750
265039,870
265539,1045
266039,1221
266539,1412
267039,1616
267539,1818
268039,2007
268539,2215
269039,2411
269539,2605
270039,2768
270539,2923
271039,3051
271539,3161
272039,3216
272539,3251
273039,3247
273539,3197
274039,3120
274539,2993
275039,2855
275539,2683
276039,2514
276539,2317
277039,2117
277539,1910
278039,1715
278539,1514
279039,1316
279539,1127
280039,959
280539,816
281039,688
281539,603
282039,559
282539,529
283039,528
283539,576
284039,639
284539,747
285039,870
285539,1047
286039,1222
286539,1411
287039,1616
287539,1815
288039,2007
288539,2213
289039,2407
289539,2599
290039,2769
290539,2923
291039,3054
291539,3163
292039,3219
292539,3253
293039,3251
293539,3198
294039,3120
294539,2992
295039,2858
295539,2683
296039,2513
296539,2317
297039,2119
297539,1914
298039,1719
298539,1515
299039,1315
299539,1127
300039,955
300539,814
301039,690
301539,602
302039,557
302539,533
303039,530
303539,571
304039,638
304539,746
305039,868
305539,1042
306039,1221
306539,1409
307039,1616
307539,1815
308039,2005
308539,2214
309039,2409
309539,2601
310039,2768
310539,2914
311039,3051
311539,3156
312039,3221
312539,3251
313039,3246
313539,3197
314039,3120
314539,2992
315039,2861
315539,2681
316039,2514
316539,2315
317039,2119
317539,1911
318039,1717
318539,1519
319039,1319
319539,1131
320039,960
320539,815
321039,689
321539,606
322039,551
322539,528
323039,528
323539,574
324039,637
324539,749
325039,871
325539,1043
326039,1222
326539,1413
327039,1616
327539,1817
328039,2011
328539,2218
329039,2414
329539,2606
330039,2768
330539,2922
331039,3053
331539,3157
332039,3217
332539,3251
333039,3248
333539,3197
334039,3125
334539,2992
335039,2861
335539,2685
336039,2513
336539,2315
337039,2114
337539,1916
338039,1717
338539,1517
339039,1319
339539,1130
340039,958
340539,816
341039,691
341539,605
342039,553
342539,528
343039,531
343539,573
344039,639
344539,747
345039,867
345539,1047
346039,1225
346539,1412
347039,1616
347539,1819
348039,2013
348539,2215
349039,2407
349539,2601
350039,2768
350539,2916
351039,3054
351539,3159
352039,3217
352539,3251
353039,3248
353539,3199
354039,3119
354539,2991
355039,2855
355539,2682
356039,2514
356539,2314
357039,2117
357539,1910
358039,1713
358539,1509
359039,1317
359539,1134
360039,958
360539,814
361039,690
361539,599
362039,558
362539,531
363039,531
363539,575
364039,641
364539,746
365039,869
365539,1045
366039,1222
366539,1410
367039,1616
367539,1814
368039,2014
368539,2215
369039,2413
369539,2602
370039,2768
370539,2919
371039,3053
371539,3163
372039,3219
372539,3253
373039,3248
373539,3200
374039,3122
374539,2991
375039,2860
375539,2687
376039,2513
376539,2315
377039,2119
377539,1913
378039,1722
378539,1514
379039,1317
379539,1132
380039,956
380539,815
381039,691
381539,605
382039,556
382539,530
383039,530
383539,573
384039,640
384539,746
385039,872
385539,1043
386039,1223
386539,1413
387039,1616
387539,1819
388039,2009
388539,2215
389039,2411
389539,2604
390039,2768
390539,2919
391039,3054
391539,3158
392039,3223
392539,3250
393039,3247
393539,3201
394039,3120
394539,2992
395039,2858
395539,2686
396039,2512
396539,2315
397039,2117
397539,1918
398039,1716
398539,1511
399039,1321
399539,1132
400039,959
400539,816
401039,692
401539,597
402039,558
402539,530
403039,528
403539,572
404039,639
404539,748
405039,870
405539,1042
406039,1220
406539,1413
407039,1611
407539,1817
408039,2012
408539,2219
409039,2412
409539,2602
410039,2768
410539,2918
411039,3051
411539,3162
412039,3217
412539,3250
413039,3248
413539,3205
414039,3120
414539,2992
415039,2859
415539,2682
416039,2518
416539,2316
417039,2117
417539,1908
418039,1719
418539,1511
419039,1317
419539,1127
420039,961
420539,813
421039,691
421539,602
422039,558
422539,529
423039,529
423539,575
424039,637
424539,742
425039,870
425539,1042
426039,1221
426539,1409
427039,1616
427539,1818
428039,2005
428539,2211
429039,2413
429539,2603
430039,2768
430539,2918
431039,3051
431539,3159
432039,3217
432539,3250
433039,3248
433539,3196
434039,3120
434539,2992
435039,2859
435539,2687
436039,2518
436539,2317
437039,2123
437539,1910
438039,1725
438539,1515
439039,1314
439539,1129
440039,958
440539,816
441039,693
441539,603
442039,557
442539,530
443039,531
443539,574
444039,639
444539,746
445039,874
445539,1047
446039,1221
446539,1414
447039,1615
447539,1819
448039,2010
448539,2211
449039,2407
449539,2599
450039,2768
450539,2919
451039,3051
451539,3161
452039,3220
452539,3251
453039,3248
453539,3201
454039,3120
454539,2990
455039,2861
455539,2683
456039,2517
456539,2317
457039,2119
457539,1910
458039,1718
458539,1514
459039,1321
459539,1133
460039,960
460539,810
461039,688
461539,601
462039,554
462539,530
463039,531
463539,576
464039,640
464539,751
465039,871
465539,1043
466039,1221
466539,1412
467039,1616
467539,1815
468039,2006
468539,2215
469039,2405
469539,2602
470039,2768
470539,2920
471039,3050
471539,3155
472039,3216
472539,3251
473039,3250
473539,3198
474039,3120
474539,2992
475039,2855
475539,2686
476039,2518
476539,2314
477039,2118
477539,1913
478039,1718
478539,1511
479039,1319
479539,1129
480039,960
480539,814
481039,694
481539,602
482039,558
482539,530
483039,529
483539,577
484039,637
484539,743
485039,869
485539,1044
486039,1221
486539,1410
487039,1616
487539,1815
488039,2011
488539,2216
489039,2410
489539,2598
490039,2768
490539,2922
491039,3050
491539,3161
492039,3217
492539,3251
493039,3248
493539,3197
494039,3120
494539,2992
495039,2855
495539,2687
496039,2514
496539,2315
497039,2115
497539,1914
498039,1722
498539,1514
499039,1321
499539,1129
500039,957
500539,815
501039,692
501539,599
502039,557
502539,528
503039,531
503539,573
504039,638
504539,750
505039,870
505539,1043
506039,1218
506539,1413
507039,1616
507539,1815
508039,2007
508539,2209
509039,2407
509539,2606
510039,2768
510539,2919
511039,3055
511539,3159
512039,3216
512539,3253
513039,3248
513539,3199
514039,3120
514539,2990
515039,2859
515539,2688
516039,2514
516539,2317
517039,2123
517539,1914
518039,1719
518539,1513
519039,1317
519539,1131
520039,959
520539,813
521039,688
521539,601
522039,556
522539,530
523039,530
523539,570
524039,640
524539,747
525039,870
525539,1046
526039,1222
526539,1413
527039,1615
527539,1818
528039,2012
528539,2217
529039,2411
529539,2599
530039,2768
530539,2918
531039,3051
531539,3157
532039,3220
532539,3253
533039,3249
533539,3202
534039,3120
534539,2991
535039,2855
535539,2684
536039,2517
536539,2317
537039,2119
537539,1915
538039,1723
538539,1511
539039,1318
539539,1133
540039,955
540539,814
541039,691
541539,603
542039,558
542539,528
543039,528
543539,569
544039,640
544539,745
545039,871
545539,1047
546039,1219
546539,1411
547039,1615
547539,1818
548039,2011
548539,2217
549039,2407
549539,2606
550039,2769
550539,2917
551039,3052
551539,3156
552039,3217
552539,3248
553039,3247
553539,3195
554039,3119
554539,2991
555039,2859
555539,2685
556039,2515
556539,2318
557039,2118
557539,1914
558039,1723
558539,1513
559039,1316
559539,1127
560039,959
560539,815
561039,694
561539,603
562039,555
562539,528
563039,531
563539,574
564039,640
564539,749
565039,871
565539,1044
566039,1219
566539,1412
567039,1616
567539,1819
568039,2005
568539,2217
569039,2413
569539,2598
570039,2768
570539,2919
571039,3050
571539,3155
572039,3216
572539,3249
573039,3246
573539,3199
574039,3120
574539,2991
575039,2859
575539,2685
576039,2514
576539,2314
577039,2114
577539,1913
578039,1718
578539,1515
579039,1317
579539,1127
580039,957
580539,814
581039,694
581539,595
582039,554
582539,528
583039,533
583539,573
584039,635
584539,746
585039,874
585539,1047
586039,1221
586539,1411
587039,1613
587539,1818
588039,2016
588539,2215
589039,2408
589539,2602
590039,2768
590539,2918
591039,3051
591539,3163
592039,3217
592539,3250
593039,3249
593539,3197
594039,3120
594539,2991
595039,2859
595539,2685
596039,2514
596539,2318
597039,2123
597539,1914
598039,1718
598539,1515
599039,1317
599539,1127
600039,960
600539,813
601039,691
601539,604
602039,555
602539,528
603039,530
603539,574
604039,636
604539,748
605039,870
605539,1041
606039,1223
606539,1413
607039,1616
607539,1814
608039,2011
608539,2218
609039,2409
609539,2595
610039,2766
610538,2918
611039,3054
611539,3158
612039,3217
612539,3248
613039,3248
613539,3200
614039,3118
614539,2992
615039,2855
615539,2685
616039,2512
616539,2314
617039,2117
617539,1909
618039,1715
618539,1510
619039,1321
619539,1127
620039,957
620539,816
621039,695
621539,602
622039,557
622539,528
623039,531
623539,576
624039,638
624539,747
625039,874
625539,1045
626039,1216
626539,1411
627039,1616
627539,1814
628039,2011
628539,2219
629039,2411
629539,2604
630039,2768
630539,2919
631039,3051
631539,3158
632039,3217
632539,3248
633039,3251
633539,3199
634039,3119
634539,2993
635039,2859
635539,2682
636039,2515
636539,2316
637039,2118
637539,1916
638039,1721
638539,1516
639039,1317
639539,1127
640039,960
640539,811
641039,691
641539,599
642039,556
642539,528
643039,530
643539,572
644039,640
644539,747
645039,869
645539,1047
646039,1222
646539,1411
647039,1616
647539,1815
648039,2007
648539,2217
649039,2413
649539,2602
650039,2767
650539,2917
651039,3052
651539,3162
652039,3217
652539,3249
653039,3248
653539,3195
654039,3119
654539,2992
655039,2858
655539,2685
656039,2519
656539,2317
657039,2115
657539,1914
658039,1719
658539,1513
659039,1317
659539,1126
660039,958
660539,813
661039,688
661539,604
662039,556
662539,528
663039,533
663539,574
664039,640
664539,748
665039,870
665539,1043
666039,1220
666539,1417
667039,1613
667539,1815
668039,2007
668539,2214
669039,2410
669539,2601
670039,2768
670539,2922
671039,3053
671539,3157
672039,3216
672539,3250
673039,3248
673539,3198
674039,3117
674539,2992
675039,2858
675539,2681
676039,2512
676539,2315
677039,2117
677539,1913
678039,1718
678539,1513
679039,1315
679539,1130
680039,957
680539,814
681039,692
681539,602
682039,556
682539,530
683039,531
683539,574
684039,637
684539,747
685039,870
685539,1040
686039,1218
686539,1411
687039,1619
687539,1818
688039,2011
688539,2212
689039,2404
689539,2603
690039,2767
690539,2922
691039,3051
691539,3157
692039,3216
692539,3248
693039,3246
693539,3200
694039,3120
694539,2992
695039,2858
695539,2685
696039,2512
696539,2315
697039,2115
697539,1911
698039,1715
698539,1513
699039,1317
699539,1127
700039,956
700539,816
701039,692
701539,597
702039,553
702539,529
703039,528
703539,571
704039,639
704539,746
705039,869
705539,1043
706039,1217
706539,1412
707039,1616
707539,1817
708039,2007
708539,2217
709039,2412
709539,2595
710039,2768
710539,2918
711039,3052
711539,3158
712039,3218
712539,3251
713039,3248
713539,3199
714039,3122
714539,2992
715039,2858
715539,2686
716039,2514
716539,2318
717039,2119
717539,1911
718039,1719
718539,1517
719039,1314
719539,1129
720039,958
720539,811
721039,691
721539,598
722039,558
722539,528
723039,531
723539,573
724039,639
724539,746
725039,869
725539,1045
726039,1220
726539,1414
727039,1615
727539,1817
728039,2011
728539,2219
729039,2410
729539,2603
730039,2768
730539,2917
731039,3046
731539,3157
732039,3218
732539,3249
733039,3251
733539,3206
734039,3119
734539,2991
735039,2863
735539,2683
736039,2517
736539,2311
737039,2121
737539,1909
738039,1722
738539,1517
739039,1316
739539,1127
740039,959
740539,814
741039,690
741539,598
742039,558
742539,528
743039,528
743539,571
744039,642
744539,749
745039,870
745539,1043
746039,1219
746539,1413
747039,1616
747539,1814
748039,2010
748539,2217
749039,2410
749539,2601
750039,2768
750539,2917
751039,3050
751539,3159
752039,3216
752539,3247
753039,3245
753539,3199
754039,3120
754539,2992
755039,2860
755539,2681
756039,2517
756539,2319
757039,2119
757539,1913
758039,1715
758539,1517
759039,1317
759539,1130
760039,960
760539,816
761039,691
761539,602
762039,555
762539,527
763039,533
763539,572
764039,639
764539,741
765039,869
765539,1046
766039,1223
766539,1409
767039,1615
767539,1813
768039,2009
768539,2215
769039,2405
769539,2601
770039,2768
770539,2916
771039,3050
771539,3162
772039,3218
772539,3250
773039,3249
773539,3200
774039,3120
774539,2992
775039,2859
775539,2683
776039,2512
776539,2315
777039,2118
777539,1909
778039,1717
778539,1515
779039,1315
779539,1122
780039,957
780539,816
781039,688
781539,601
782039,556
782539,532
783039,530
783539,570
784039,635
784539,749
785039,874
785539,1042
786039,1219
786539,1410
787039,1613
787539,1816
788039,2015
788539,2215
789039,2410
789539,2604
790039,2768
790539,2921
791039,3051
791539,3158
792039,3219
792539,3251
793039,3248
793539,3201
794039,3120
794539,2992
795039,2859
795539,2683
796039,2515
796539,2317
797039,2121
797539,1911
798039,1717
798539,1513
799039,1314
799539,1127
800039,958
800539,811
801039,691
801539,602
802039,557
802539,529
803039,528
803539,572
804039,637
804539,750
805039,873
805539,1041
806039,1221
806539,1412
807039,1616
807539,1815
808039,2012
808539,2215
809039,2413
809539,2602
810039,2770
810539,2919
811039,3053
811539,3158
812039,3219
812539,3248
813039,3249
813539,3198
814039,3120
814539,2991
815039,2862
815539,2685
816039,2513
816539,2315
817039,2117
817539,1915
818039,1717
818539,1511
819039,1319
819539,1130
820039,960
820539,815
821039,691
821539,604
822039,557
822539,528
823039,529
823539,575
824039,640
824539,745
825039,874
825539,1045
826039,1220
826539,1410
827039,1616
827539,1817
828039,2011
828539,2212
829039,2409
829539,2606
830039,2766
830539,2917
831039,3051
831539,3154
832039,3222
832539,3251
833039,3248
833539,3200
834039,3116
834539,2992
835039,2861
835539,2679
836039,2513
836539,2318
837039,2119
837539,1915
838039,1719
838539,1509
839039,1316
839539,1130
840039,958
840539,810
841039,691
841539,604
842039,554
842539,528
843039,529
843539,573
844039,638
844539,742
845039,867
845539,1043
846039,1216
846539,1408
847039,1616
847539,1814
848039,2009
848539,2217
849039,2407
849539,2602
850039,2771
850539,2919
851039,3047
851539,3161
852039,3218
852539,3248
853039,3248
853539,3199
854039,3120
854539,2993
855039,2859
855539,2682
856039,2515
856539,2315
857039,2115
857539,1909
858039,1713
858539,1509
859039,1318
859539,1127
860039,959
860539,816
861039,695
861539,603
862039,554
862539,528
863039,528
863539,573
864039,638
864539,750
865039,869
865539,1043
866039,1219
866539,1413
867039,1615
867539,1815
868039,2006
868539,2215
869039,2409
869539,2603
870039,2767
870539,2922
871039,3050
871539,3158
872039,3218
872539,3251
873039,3248
873539,3197
874039,3120
874539,2991
875039,2857
875539,2687
876039,2513
876539,2315
877039,2116
877539,1910
878039,1716
878539,1514
879039,1319
879539,1126
880039,960
880539,811
881039,693
881539,601
882039,555
882539,528
883039,533
883539,576
884039,638
884539,747
885039,868
885539,1043
886039,1220
886539,1417
887039,1616
887539,1814
888039,2007
888539,2211
889039,2413
889539,2598
890039,2766
890539,2919
891039,3049
891539,3158
892039,3218
892539,3249
893039,3248
893539,3201
894039,3122
894539,2990
895039,2855
895539,2685
896039,2513
896539,2313
897039,2119
897539,1918
898039,1715
898539,1512
899039,1315
899539,1126
900039,957
900539,809
901039,690
901539,604
902039,559
902539,529
903039,530
903539,569
904039,635
904539,747
905039,871
905539,1043
906039,1223
906539,1412
907039,1616
907539,1820
908039,2012
908539,2215
909039,2410
909539,2603
910039,2768
910539,2918
911039,3046
911539,3165
912039,3225
912539,3250
913039,3247
913539,3198
914039,3120
914539,2991
915039,2861
915539,2686
916039,2512
916539,2316
917039,2117
917539,1909
918039,1721
918539,1519
919039,1315
919539,1127
920039,955
920539,813
921039,690
921539,601
922039,554
922539,528
923039,529
923539,572
924039,638
924539,747
925039,871
925539,1045
926039,1221
926539,1411
927039,1615
927539,1815
928039,2011
928539,2215
929039,2412
929539,2603
930039,2768
930539,2918
931039,3053
931539,3159
932039,3221
932539,3248
933039,3248
933539,3201
934039,3119
934539,2989
935039,2855
935539,2679
936039,2514
936539,2315
937039,2122
937539,1914
938039,1721
938539,1517
939039,1318
939539,1126
940039,957
940539,811
941039,692
941539,602
942039,558
942539,528
943039,531
943539,575
944039,636
944539,747
945039,868
945539,1045
946039,1221
946539,1412
947039,1616
947539,1814
948039,2014
948539,2220
949039,2407
949539,2604
950039,2763
950539,2919
951039,3053
951539,3156
952039,3218
952539,3254
953039,3248
953539,3201
954039,3120
954539,2992
955039,2861
955539,2685
956039,2515
956539,2316
957039,2123
957539,1910
958039,1716
958539,1515
959039,1319
959539,1127
960039,955
960539,813
961039,693
961539,601
962039,556
962539,529
963039,530
963539,570
964039,639
964539,748
965039,874
965539,1042
966039,1225
966539,1409
967039,1616
967539,1814
968039,2012
968539,2214
969039,2411
969539,2598
970039,2768
970539,2921
971039,3055
971539,3157
972039,3221
972539,3250
973039,3247
973539,3199
974039,3120
974539,2992
975039,2861
975539,2686
976039,2517
976539,2311
977039,2121
977539,1913
978039,1719
978539,1515
979039,1314
979539,1129
980039,958
980539,814
981039,693
981539,598
982039,553
982539,528
983039,531
983539,574
984039,635
984539,751
985039,870
985539,1042
986039,1217
986539,1410
987039,1614
987539,1818
988039,2011
988539,2214
989039,2407
989539,2598
990039,2768
990539,2921
991039,3052
991539,3158
992039,3219
992539,3248
993039,3249
993539,3198
994039,3115
994539,2992
995039,2859
995539,2681
996039,2515
996539,2318
997039,2122
997539,1914
998039,1723
998539,1514
999039,1315
999539,1127
1000039,960
1000539,814
1001039,691
1001539,598
1002039,556
1002539,529
1003039,533
1003539,575
1004039,640
1004539,749
1005039,871
1005539,1042
1006039,1227
1006539,1413
1007039,1616
1007539,1818
1008039,2013
1008539,2217
1009039,2410
1009539,2602
1010039,2768
1010539,2917
1011039,3053
1011539,3163
1012039,3219
1012539,3248
1013039,3247
1013539,3197
1014039,3120
1014539,2993
1015039,2862
1015539,2680
1016039,2513
1016539,2313
1017039,2118
1017539,1911
1018039,1723
1018539,1515
1019039,1317
1019539,1130
1020039,958
1020539,816
1021039,688
1021539,602
1022039,560
1022539,528
1023039,531
1023539,573
1024039,641
1024539,747
1025039,871
1025539,1047
1026039,1221
1026539,1413
1027039,1614
1027539,1815
1028039,2006
1028539,2215
1029039,2405
1029539,2598
1030039,2769
1030539,2923
1031039,3054
1031539,3156
1032039,3225
1032539,3250
1033039,3250
1033539,3197
1034039,3125
1034539,2991
1035039,2859
1035539,2683
1036039,2513
1036539,2314
1037039,2115
1037539,1915
1038039,1722
1038539,1515
1039039,1317
1039539,1127
1040039,958
1040539,813
1041039,691
1041539,602
1042039,551
1042539,529
1043039,533
1043539,570
1044039,639
1044539,745
1045039,870
1045539,1041
1046039,1219
1046539,1410
1047039,1614
1047539,1814
1048039,2005
1048539,2215
1049039,2412
1049539,2597
1050039,2764
1050539,2919
1051039,3051
1051539,3161
1052039,3225
1052539,3249
1053039,3250
1053539,3200
1054039,3119
1054539,2992
1055039,2861
1055539,2685
1056039,2517
1056539,2315
1057039,2122
1057539,1911
1058039,1717
1058539,1515
1059039,1317
1059539,1127
1060039,960
1060539,813
1061039,694
1061539,604
1062039,559
1062539,528
1063039,528
1063539,573
1064039,639
1064539,751
1065039,871
1065539,1042
1066039,1225
1066539,1411
1067039,1616
1067539,1820
1068039,2006
1068539,2217
1069039,2411
1069539,2599
1070039,2768
1070539,2922
1071039,3051
1071539,3158
1072039,3221
1072539,3251
1073039,3248
1073539,3201
1074039,3120
1074539,2992
1075039,2853
1075539,2682
1076039,2512
1076539,2312
1077039,2117
1077539,1914
1078039,1717
1078539,1514
1079039,1318
1079539,1131
1080039,958
1080539,810
1081039,690
1081539,603
1082039,554
1082539,530
1083039,529
1083539,571
1084039,641
1084539,748
1085039,870
1085539,1046
1086039,1222
1086539,1411
1087039,1616
1087539,1818
1088039,2010
1088539,2218
1089039,2407
1089539,2601
1090039,2768
1090539,2917
1091039,3051
1091539,3157
1092039,3221
1092539,3250
1093039,3248
1093539,3199
1094039,3119
1094539,2991
1095039,2861
1095539,2681
1096039,2512
1096539,2311
1097039,2119
1097539,1915
1098039,1724
1098539,1510
1099039,1313
1099539,1125
1100039,953
1100539,813
1101039,690
1101539,601
1102039,559
1102539,530
1103039,528
1103539,574
1104039,639
1104539,745
1105039,874
1105539,1042
1106039,1219
1106539,1414
1107039,1616
1107539,1819
1108039,2012
1108539,2217
1109039,2407
1109539,2601
1110039,2768
1110539,2913
1111039,3053
1111539,3156
1112039,3217
1112539,3251
1113039,3248
1113539,3200
1114039,3122
1114539,2993
1115039,2853
1115539,2683
1116039,2518
1116539,2314
1117039,2116
1117539,1913
1118039,1719
1118539,1517
1119039,1317
1119539,1128
1120039,953
1120539,815
1121039,690
1121539,603
1122039,557
1122539,528
1123039,531
1123539,572
1124039,639
1124539,751
1125039,870
1125539,1045
1126039,1217
1126539,1413
1127039,1616
1127539,1818
1128039,2010
1128539,2209
1129039,2412
1129539,2602
1130039,2768
1130539,2922
1131039,3055
1131539,3155
1132039,3216
1132539,3248
1133039,3247
1133539,3200
1134039,3117
1134539,2990
1135039,2862
1135539,2684
1136039,2519
1136539,2320
1137039,2116
1137539,1909
1138039,1718
1138539,1513
1139039,1319
1139539,1126
1140039,957
1140539,811
1141039,689
1141539,603
1142039,555
1142539,530
1143039,531
1143539,576
1144039,634
1144539,746
1145039,871
1145539,1041
1146039,1220
1146539,1409
1147039,1616
1147539,1815
1148039,2007
1148539,2211
1149039,2410
1149539,2600
1150039,2768
1150539,2918
1151039,3052
1151539,3160
1152039,3216
1152539,3248
1153039,3247
1153539,3199
1154039,3117
1154539,2990
1155039,2857
1155539,2683
1156039,2515
1156539,2315
1157039,2118
1157539,1910
1158039,1721
1158539,1519
1159039,1317
1159539,1126
1160039,955
1160539,815
1161039,691
1161539,598
1162039,556
1162539,528
1163039,533
1163539,575
1164039,638
1164539,750
1165039,870
1165539,1045
1166039,1219
1166539,1412
1167039,1618
1167539,1815
1168039,2010
1168539,2214
1169039,2410
1169539,2599
1170039,2768
1170539,2916
1171039,3050
1171539,3155
1172039,3217
1172539,3249
1173039,3245
1173539,3197
1174039,3120
1174539,2992
1175039,2858
1175539,2683
1176039,2514
1176539,2317
1177039,2116
1177539,1917
1178039,1715
1178539,1515
1179039,1321
1179539,1127
1180039,956
1180539,816
1181039,691
1181539,602
1182039,553
1182539,529
1183039,531
1183539,571
1184039,637
1184539,750
1185039,871
1185539,1043
1186039,1221
1186539,1414
1187039,1616
1187539,1818
1188039,2006
1188539,2215
1189039,2410
1189539,2604
1190039,2768
1190539,2923
1191039,3052
1191539,3161
1192039,3222
1192539,3248
1193039,3248
1193539,3200
1194039,3122
1194539,2989
1195039,2859
1195539,2686
1196039,2515
1196539,2314
1197039,2119
1197539,1910
1198039,1721
1198539,1515
1199039,1315
1199539,1130
1200039,955
1200539,815
1201039,691
1201539,598
1202039,554
1202539,530
1203039,530
1203539,574
1204039,640
1204539,743
1205039,871
1205539,1045
1206039,1216
1206539,1414
1207039,1616
1207539,1820
1208039,2007
1208539,2218
1209039,2407
1209539,2603
1210039,2768
1210539,2919
1211039,3053
1211539,3158
1212039,3217
1212539,3250
1213039,3248
1213539,3197
1214039,3117
1214539,2992
1215039,2860
1215539,2685
1216039,2517
1216539,2315
1217039,2116
1217539,1913
1218039,1719
1218539,1519
1219039,1317
1219539,1129
1220039,958
1220539,813
1221039,691
1221539,602
1222039,557
1222539,527
1223039,533
1223539,572
1224039,639
1224539,748
1225039,870
1225539,1043
1226039,1219
1226539,1414
1227039,1616
1227539,1819
1228039,2010
1228539,2215
1229039,2411
1229539,2605
1230039,2768
1230539,2920
1231039,3053
1231539,3161
1232039,3223
1232539,3252
1233039,3250
1233539,3200
1234039,3118
1234539,2991
1235039,2855
1235539,2681
1236039,2513
1236539,2320
1237039,2114
1237539,1917
1238039,1717
1238539,1513
1239039,1315
1239539,1127
1240039,957
1240539,813
1241039,693
1241539,602
1242039,557
1242539,528
1243039,531
1243539,570
1244039,639
1244539,743
1245039,867
1245539,1043
1246039,1218
1246539,1414
1247039,1616
1247539,1817
1248039,2007
1248539,2212
1249039,2409
1249539,2602
1250039,2768
1250539,2915
1251039,3053
1251539,3158
1252039,3222
1252539,3249
1253039,3248
1253539,3197
1254039,3120
1254539,2990
1255039,2857
1255539,2685
1256039,2515
1256539,2318
1257039,2119
1257539,1917
1258039,1717
1258539,1517
1259039,1317
1259539,1131
1260039,960
1260539,811
1261039,691
1261539,602
1262039,555
1262539,529
1263039,531
1263539,572
1264039,637
1264539,746
1265039,871
1265539,1042
1266039,1221
1266539,1410
1267039,1616
1267539,1819
1268039,2007
1268539,2213
1269039,2414
1269539,2599
1270039,2768
1270539,2915
1271039,3051
1271539,3159
1272039,3218
1272539,3250
1273039,3249
1273539,3200
1274039,3117
1274539,2992
1275039,2864
1275539,2678
1276039,2512
1276539,2317
1277039,2118
1277539,1913
1278039,1721
1278539,1515
1279039,1314
1279539,1129
1280039,959
1280539,814
1281039,693
1281539,601
1282039,551
1282539,528
1283039,531
1283539,575
1284039,634
1284539,746
1285039,877
1285539,1041
1286039,1219
1286539,1411
1287039,1616
1287539,1814
1288039,2011
1288539,2215
1289039,2411
1289539,2599
1290039,2767
1290539,2921
1291039,3051
1291539,3155
1292039,3218
1292539,3250
1293039,3249
1293539,3200
1294039,3119
1294539,2992
1295039,2859
1295539,2681
1296039,2514
1296539,2315
1297039,2116
1297539,1909
1298039,1715
1298539,1511
1299039,1315
1299539,1129
1300039,954
1300539,812
1301039,692
1301539,602
1302039,553
1302539,534
1303039,529
1303539,573
1304039,635
1304539,749
1305039,870
1305539,1042
1306039,1218
1306539,1413
1307039,1616
1307539,1819
1308039,2013
1308539,2214
1309039,2407
1309539,2603
1310039,2768
1310539,2918
1311039,3051
1311539,3162
1312039,3217
1312539,3249
1313039,3250
1313539,3200
1314039,3120
1314539,2990
1315039,2856
1315539,2686
1316039,2513
1316539,2317
1317039,2114
1317539,1915
1318039,1723
1318539,1518
1319039,1317
1319539,1131
1320039,961
1320539,814
1321039,688
1321539,601
1322039,555
1322539,529
1323039,528
1323539,574
1324039,638
1324539,739
1325039,871
1325539,1040
1326039,1219
1326539,1411
1327039,1615
1327539,1818
1328039,2006
1328539,2213
1329039,2409
1329539,2598
1330039,2766
1330539,2922
1331039,3051
1331539,3157
1332039,3217
1332539,3248
1333039,3249
1333539,3200
1334039,3114
1334539,2992
1335039,2861
1335539,2688
1336039,2515
1336539,2319
1337039,2118
1337539,1915
1338039,1715
1338539,1515
1339039,1319
1339539,1127
1340039,960
1340539,811
1341039,691
1341539,601
1342039,553
1342539,528
1343039,531
1343539,572
1344039,641
1344539,748
1345039,871
1345539,1041
1346039,1220
1346539,1411
1347039,1616
1347539,1817
1348039,2011
1348539,2211
1349039,2412
1349539,2601
1350039,2768
1350539,2922
1351039,3051
1351539,3157
1352039,3218
1352539,3251
1353039,3248
1353539,3201
1354039,3120
1354539,2992
1355039,2863
1355539,2686
1356039,2514
1356539,2314
1357039,2117
1357539,1915
1358039,1723
1358539,1517
1359039,1317
1359539,1122
1360039,955
1360539,814
1361039,688
1361539,603
1362039,555
1362539,529
1363039,531
1363539,576
1364039,635
1364539,749
1365039,871
1365539,1045
1366039,1226
1366539,1410
1367039,1616
1367539,1815
1368039,2009
1368539,2215
1369039,2410
1369539,2598
1370039,2768
1370539,2921
1371039,3055
1371539,3158
1372039,3220
1372539,3250
1373039,3249
1373539,3202
1374039,3120
1374539,2992
1375039,2860
1375539,2685
1376039,2515
1376539,2316
1377039,2119
1377539,1915
1378039,1719
1378539,1510
1379039,1318
1379539,1125
1380039,959
1380539,815
1381039,691
1381539,604
1382039,557
1382539,528
1383039,530
1383539,573
1384039,640
1384539,750
1385039,867
1385539,1041
1386039,1219
1386539,1410
1387039,1616
1387539,1817
1388039,2012
1388539,2215
1389039,2409
1389539,2601
1390039,2768
1390539,2925
1391039,3053
1391539,3157
1392039,3216
1392539,3250
1393039,3248
1393539,3198
1394039,3118
1394539,2990
1395039,2855
1395539,2685
1396039,2515
1396539,2310
1397039,2120
1397539,1914
1398039,1721
1398539,1513
1399039,1315
1399539,1125
1400039,957
1400539,811
1401039,693
1401539,602
1402039,554
1402539,528
1403039,531
1403539,576
1404039,637
1404539,746
1405039,868
1405539,1045
1406039,1220
1406539,1408
1407039,1616
1407539,1818
1408039,2010
1408539,2215
1409039,2411
1409539,2602
1410039,2766
1410539,2916
1411039,3048
1411539,3159
1412039,3216
1412539,3251
1413039,3248
1413539,3200
1414039,3116
1414539,2992
1415039,2860
1415539,2685
1416039,2515
1416539,2313
1417039,2119
1417539,1912
1418039,1718
1418539,1515
1419039,1316
1419539,1125
1420039,957
1420539,812
1421039,690
1421539,603
1422039,555
1422539,529
1423039,530
1423539,574
1424039,635
1424539,745
1425039,869
1425539,1045
1426039,1219
1426539,1412
1427039,1616
1427539,1818
1428039,2009
1428539,2214
1429039,2409
1429539,2602
1430039,2765
1430539,2918
1431039,3050
1431539,3157
1432039,3221
1432539,3249
1433039,3253
1433539,3200
1434039,3120
1434539,2994
1435039,2859
1435539,2682
1436039,2515
1436539,2314
1437039,2115
1437539,1914
1438039,1715
1438539,1514
1439039,1315
1439539,1131
1440039,957
1440539,814
1441039,690
1441539,602
1442039,555
1442539,528
1443039,532
1443539,573
1444039,637
1444539,749
1445039,871
1445539,1041
1446039,1217
1446539,1408
1447039,1615
1447539,1819
1448039,2008
1448539,2209
1449039,2413
1449539,2598
1450039,2766
1450539,2923
1451039,3049
1451539,3163
1452039,3216
1452539,3253
1453039,3249
1453539,3195
1454039,3120
1454539,2992
1455039,2859
1455539,2685
1456039,2511
1456539,2314
1457039,2119
1457539,1911
1458039,1714
1458539,1512
1459039,1314
1459539,1128
1460039,957
1460539,814
1461039,694
1461539,601
1462039,554
1462539,528
1463039,529
1463539,575
1464039,638
1464539,747
1465039,868
1465539,1044
1466039,1219
1466539,1410
1467039,1616
1467539,1815
1468039,2012
1468539,2214
1469039,2407
1469539,2601
1470039,2768
1470539,2922
1471039,3049
1471539,3160
1472039,3216
1472539,3247
1473039,3248
1473539,3199
1474039,3122
1474539,2987
1475039,2858
1475539,2685
1476039,2515
1476539,2312
1477039,2121
1477539,1910
1478039,1719
1478539,1515
1479039,1313
1479539,1129
1480039,955
1480539,815
1481039,689
1481539,601
1482039,554
1482539,528
1483039,530
1483539,576
1484039,636
1484539,743
1485039,871
1485539,1042
1486039,1221
1486539,1411
1487039,1616
1487539,1821
1488039,2005
1488539,2214
1489039,2406
1489539,2598
1490039,2766
1490539,2918
1491039,3051
1491539,3157
1492039,3216
1492539,3251
1493039,3248
1493539,3199
1494039,3114
1494539,2990
1495039,2855
1495539,2685
1496039,2517
1496539,2315
1497039,2116
1497539,1909
1498039,1719
1498539,1513
1499039,1317
1499539,1126
1500039,955
1500539,814
1501039,689
1501539,605
1502039,554
1502539,528
1503039,529
1503539,573
1504039,640
1504539,743
1505039,871
1505539,1043
1506039,1219
1506539,1417
1507039,1614
1507539,1818
1508039,2014
1508539,2213
1509039,2407
1509539,2603
1510039,2767
1510539,2922
1511039,3049
1511539,3155
1512039,3219
1512539,3248
1513039,3248
1513539,3199
1514039,3120
1514539,2989
1515039,2858
1515539,2682
1516039,2515
1516539,2318
1517039,2115
1517539,1914
1518039,1720
1518539,1517
1519039,1316
1519539,1131
1520039,959
1520539,816
1521039,693
1521539,605
1522039,559
1522539,528
1523039,529
1523539,574
1524039,640
1524539,745
1525039,874
1525539,1048
1526039,1222
1526539,1411
1527039,1616
1527539,1815
1528039,2010
1528539,2215
1529039,2413
1529539,2601
1530039,2768
1530539,2915
1531039,3055
1531539,3157
1532039,3216
1532539,3248
1533039,3248
1533539,3193
1534039,3120
1534539,2989
1535039,2859
1535539,2682
1536039,2515
1536539,2313
1537039,2119
1537539,1911
1538039,1717
1538539,1511
1539039,1316
1539539,1131
1540039,957
1540539,816
1541039,690
1541539,599
1542039,555
1542539,529
1543039,529
1543539,571
1544039,640
1544539,747
1545039,873
1545539,1041
1546039,1218
1546539,1408
1547039,1616
1547539,1819
1548039,2010
1548539,2211
1549039,2411
1549539,2601
1550039,2768
1550539,2918
1551039,3050
1551539,3161
1552039,3219
1552539,3248
1553039,3249
1553539,3197
1554039,3120
1554539,2992
1555039,2858
1555539,2685
1556039,2513
1556539,2310
1557039,2117
1557539,1910
1558039,1718
1558539,1517
1559039,1318
1559539,1129
1560039,957
1560539,815
1561039,693
1561539,596
1562039,549
1562539,528
1563039,528
1563539,573
1564039,637
1564539,747
1565039,872
1565539,1043
1566039,1218
1566539,1411
1567039,1616
1567539,1815
1568039,2007
1568539,2211
1569039,2406
1569539,2598
1570039,2765
1570539,2919
1571039,3054
1571539,3159
1572039,3220
1572539,3251
1573039,3248
1573539,3200
1574039,3118
1574539,2992
1575039,2857
1575539,2683
1576039,2513
1576539,2317
1577039,2121
1577539,1909
1578039,1719
1578539,1515
1579039,1315
1579539,1125
1580039,957
1580539,815
1581039,694
1581539,603
1582039,555
1582539,528
1583039,529
1583539,570
1584039,640
1584539,744
1585039,869
1585539,1050
1586039,1221
1586539,1413
1587039,1613
1587539,1818
1588039,2003
1588539,2211
1589039,2406
1589539,2599
1590039,2767
1590539,2922
1591039,3053
1591539,3161
1592039,3221
1592539,3248
1593039,3250
1593539,3200
1594039,3120
1594539,2990
1595039,2859
1595539,2679
1596039,2515
1596539,2314
1597039,2119
1597539,1909
1598039,1716
1598539,1509
1599039,1315
1599539,1126
1600039,959
1600539,810
1601039,693
1601539,601
1602039,558
1602539,528
1603039,529
1603539,573
1604039,638
1604539,745
1605039,868
1605539,1044
1606039,1219
1606539,1412
1607039,1616
1607539,1814
1608039,2009
1608539,2213
1609039,2405
1609539,2599
1610039,2767
1610539,2917
1611039,3047
1611539,3157
1612039,3216
1612539,3249
1613039,3250
1613539,3200
1614039,3116
1614539,2991
1615039,2858
1615539,2682
1616039,2517
1616539,2319
1617039,2117
1617539,1914
1618039,1721
1618539,1517
1619039,1314
1619539,1125
1620039,959
1620539,810
1621039,693
1621539,606
1622039,555
1622539,534
1623039,529
1623539,573
1624039,636
1624539,749
1625039,869
1625539,1040
1626039,1221
1626539,1408
1627039,1614
1627539,1812
1628039,2009
1628539,2213
1629039,2406
1629539,2599
1630039,2765
1630539,2918
1631039,3051
1631539,3163
1632039,3217
1632539,3249
1633039,3248
1633539,3200
1634039,3120
1634539,2990
1635039,2857
1635539,2683
1636039,2514
1636539,2317
1637039,2118
1637539,1909
1638039,1719
1638539,1517
1639039,1315
1639539,1127
1640039,957
1640539,816
1641039,693
1641539,599
1642039,555
1642539,529
1643039,530
1643539,574
1644039,639
1644539,743
1645039,868
1645539,1041
1646039,1222
1646539,1410
1647039,1616
1647539,1817
1648039,2007
1648539,2215
1649039,2406
1649539,2600
1650039,2768
1650539,2917
1651039,3050
1651539,3158
1652039,3217
1652539,3248
1653039,3247
1653539,3198
1654039,3120
1654539,2990
1655039,2861
1655539,2682
1656039,2515
1656539,2315
1657039,2122
1657539,1913
1658039,1723
1658539,1516
1659039,1315
1659539,1130
1660039,955
1660539,813
1661039,691
1661539,606
1662039,555
1662539,528
1663039,529
1663539,575
1664039,640
1664539,750
1665039,871
1665539,1041
1666039,1216
1666539,1413
1667039,1611
1667539,1815
1668039,2011
1668539,2209
1669039,2409
1669539,2605
1670039,2767
1670539,2915
1671039,3051
1671539,3157
1672039,3216
1672539,3249
1673039,3248
1673539,3201
1674039,3120
1674539,2991
1675039,2863
1675539,2683
1676039,2515
1676539,2316
1677039,2117
1677539,1912
1678039,1719
1678539,1519
1679039,1322
1679539,1126
1680039,957
1680539,815
1681039,692
1681539,603
1682039,555
1682539,531
1683039,530
1683539,571
1684039,641
1684539,747
1685039,874
1685539,1044
1686039,1225
1686539,1410
1687039,1616
1687539,1817
1688039,2009
1688539,2209
1689039,2410
1689539,2603
1690039,2768
1690539,2918
1691039,3047
1691539,3157
1692039,3218
1692539,3249
1693039,3248
1693539,3200
1694039,3120
1694539,2991
1695039,2859
1695539,2679
1696039,2514
1696539,2318
1697039,2119
1697539,1909
1698039,1716
1698539,1517
1699039,1315
1699539,1130
1700039,957
1700539,816
1701039,691
1701539,599
1702039,554
1702539,528
1703039,529
1703539,574
1704039,637
1704539,747
1705039,877
1705539,1042
1706039,1221
1706539,1413
1707039,1612
1707539,1816
1708039,2006
1708539,2213
1709039,2404
1709539,2597
1710039,2767
1710539,2919
1711039,3050
1711539,3161
1712039,3221
1712539,3248
1713039,3248
1713539,3195
1714039,3120
1714539,2992
1715039,2858
1715539,2681
1716039,2515
1716539,2317
1717039,2122
1717539,1911
1718039,1712
1718539,1511
1719039,1317
1719539,1123
1720039,953
1720539,816
1721039,691
1721539,600
1722039,559
1722539,528
1723039,528
1723539,571
1724039,634
1724539,747
1725039,869
1725539,1041
1726039,1221
1726539,1413
1727039,1615
1727539,1817
1728039,2011
1728539,2215
1729039,2410
1729539,2598
1730039,2768
1730539,2918
1731039,3050
1731539,3158
1732039,3217
1732539,3253
1733039,3248
1733539,3201
1734039,3120
1734539,2993
1735039,2861
1735539,2684
1736039,2515
1736539,2315
1737039,2119
1737539,1911
1738039,1717
1738539,1510
1739039,1317
1739539,1127
1740039,958
1740539,813
1741039,693
1741539,605
1742039,557
1742539,529
1743039,531
1743539,576
1744039,638
1744539,748
1745039,871
1745539,1046
1746039,1222
1746539,1410
1747039,1616
1747539,1819
1748039,2013
1748539,2213
1749039,2405
1749539,2599
1750039,2765
1750539,2923
1751039,3051
1751539,3154
1752039,3216
1752539,3248
1753039,3249
1753539,3199
1754039,3120
1754539,2990
1755039,2861
1755539,2687
1756039,2513
1756539,2319
1757039,2116
1757539,1910
1758039,1715
1758539,1514
1759039,1317
1759539,1126
1760039,958
1760539,811
1761039,693
1761539,599
1762039,551
1762539,529
1763039,531
1763539,576
1764039,637
1764539,747
1765039,872
1765539,1044
1766039,1222
1766539,1417
1767039,1617
1767539,1814
1768039,2011
1768539,2215
1769039,2407
1769539,2602
1770039,2768
1770539,2919
1771039,3056
1771539,3157
1772039,3216
1772539,3253
1773039,3248
1773539,3202
1774039,3117
1774539,2992
1775039,2859
1775539,2681
1776039,2512
1776539,2315
1777039,2119
1777539,1914
1778039,1716
1778539,1511
1779039,1316
1779539,1129
1780039,953
1780539,815
1781039,690
1781539,599
1782039,554
1782539,528
1783039,529
1783539,574
1784039,637
1784539,746
1785039,870
1785539,1043
1786039,1217
1786539,1411
1787039,1615
1787539,1815
1788039,2007
1788539,2209
1789039,2407
1789539,2599
1790039,2768
1790539,2919
1791039,3050
1791539,3162
1792039,3216
1792539,3253
1793039,3246
1793539,3199
1794039,3120
1794539,2990
1795039,2855
1795539,2686
1796039,2515
1796539,2311
1797039,2118
1797539,1910
1798039,1715
1798539,1511
1799039,1321
1799539,1130
1800039,957
1800539,814
1801039,691
1801539,602
1802039,554
1802539,529
1803039,528
1803539,570
1804039,637
1804539,745
1805039,867
1805539,1042
1806039,1223
1806539,1415
1807039,1616
1807539,1817
1808039,2007
1808539,2216
1809039,2409
1809539,2602
1810039,2767
1810539,2915
1811039,3052
1811539,3157
1812039,3218
1812539,3253
1813039,3246
1813539,3200
1814039,3119
1814539,2992
1815039,2861
1815539,2687
1816039,2513
1816539,2315
1817039,2115
1817539,1916
1818039,1721
1818539,1511
1819039,1315
1819539,1130
1820039,955
1820539,816
1821039,690
1821539,602
1822039,560
1822539,528
1823039,533
1823539,570
1824039,637
1824539,749
1825039,871
1825539,1043
1826039,1218
1826539,1409
1827039,1616
1827539,1814
1828039,2007
1828539,2213
1829039,2411
1829539,2599
1830039,2765
1830539,2916
1831039,3052
1831539,3158
1832039,3216
1832539,3248
1833039,3252
1833539,3199
1834039,3120
1834539,2990
1835039,2858
1835539,2679
1836039,2517
1836539,2314
1837039,2121
1837539,1911
1838039,1721
1838539,1516
1839039,1316
1839539,1126
1840039,956
1840539,811
1841039,690
1841539,602
1842039,557
1842539,528
1843039,530
1843539,571
1844039,635
1844539,749
1845039,870
1845539,1043
1846039,1220
1846539,1409
1847039,1612
1847539,1813
1848039,2007
1848539,2218
1849039,2411
1849539,2603
1850039,2766
1850539,2923
1851039,3052
1851539,3157
1852039,3216
1852539,3248
1853039,3248
1853539,3200
1854039,3120
1854539,2991
1855039,2859
1855539,2684
1856039,2514
1856539,2311
1857039,2118
1857539,1909
1858039,1718
1858539,1518
1859039,1315
1859539,1131
1860039,955
1860539,813
1861039,691
1861539,599
1862039,554
1862539,530
1863039,529
1863539,573
1864039,640
1864539,752
1865039,871
1865539,1045
1866039,1221
1866539,1415
1867039,1616
1867539,1814
1868039,2010
1868539,2217
1869039,2411
1869539,2599
1870039,2768
1870539,2917
1871039,3052
1871539,3156
1872039,3216
1872539,3252
1873039,3250
1873539,3196
1874039,3117
1874539,2992
1875039,2859
1875539,2682
1876039,2515
1876539,2314
1877039,2113
1877539,1910
1878039,1717
1878539,1511
1879039,1317
1879539,1127
1880039,955
1880539,810
1881039,693
1881539,599
1882039,558
1882539,529
1883039,528
1883539,573
1884039,636
1884539,746
1885039,869
1885539,1046
1886039,1222
1886539,1413
1887039,1614
1887539,1818
1888039,2007
1888539,2213
1889039,2412
1889539,2602
1890039,2766
1890539,2922
1891039,3051
1891539,3159
1892039,3218
1892539,3248
1893039,3250
1893539,3200
1894039,3119
1894539,2991
1895039,2863
1895539,2685
1896039,2513
1896539,2314
1897039,2123
1897539,1913
1898039,1717
1898539,1514
1899039,1315
1899539,1127
1900039,960
1900539,810
1901039,688
1901539,603
1902039,557
1902539,530
1903039,529
1903539,574
1904039,639
1904539,747
1905039,873
1905539,1046
1906039,1221
1906539,1410
1907039,1616
1907539,1815
1908039,2010
1908539,2211
1909039,2409
1909539,2599
1910039,2768
1910539,2913
1911039,3044
1911539,3157
1912039,3218
1912539,3252
1913039,3248
1913539,3199
1914039,3119
1914539,2991
1915039,2858
1915539,2681
1916039,2512
1916539,2311
1917039,2119
1917539,1915
1918039,1721
1918539,1514
1919039,1319
1919539,1130
1920039,961
1920539,814
1921039,688
1921539,604
1922039,553
1922539,529
1923039,528
1923539,574
1924039,636
1924539,745
1925039,873
1925539,1045
1926039,1220
1926539,1410
1927039,1617
1927539,1813
1928039,2006
1928539,2211
1929039,2410
1929539,2599
1930039,2767
1930539,2919
1931039,3047
1931539,3159
1932039,3216
1932539,3248
1933039,3248
1933539,3195
1934039,3115
1934539,2991
1935039,2858
1935539,2682
1936039,2512
1936539,2315
1937039,2115
1937539,1911
1938039,1716
1938539,1517
1939039,1319
1939539,1131
1940039,959
1940539,814
1941039,690
1941539,604
1942039,556
1942539,529
1943039,529
1943539,573
1944039,640
1944539,746
1945039,874
1945539,1042
1946039,1223
1946539,1412
1947039,1615
1947539,1819
1948039,2006
1948539,2214
1949039,2409
1949539,2606
1950039,2768
1950539,2921
1951039,3053
1951539,3159
1952039,3220
1952539,3248
1953039,3249
1953539,3195
1954039,3119
1954539,2992
1955039,2862
1955539,2686
1956039,2515
1956539,2319
1957039,2119
1957539,1911
1958039,1714
1958539,1514
1959039,1313
1959539,1131
1960039,955
1960539,811
1961039,693
1961539,598
1962039,553
1962539,528
1963039,530
1963539,573
1964039,637
1964539,746
1965039,870
1965539,1043
1966039,1222
1966539,1415
1967039,1616
1967539,1814
1968039,2006
1968539,2211
1969039,2409
1969539,2602
1970039,2768
1970539,2917
1971039,3050
1971539,3161
1972039,3217
1972539,3249
1973039,3248
1973539,3199
1974039,3117
1974539,2992
1975039,2862
1975539,2685
1976039,2512
1976539,2312
1977039,2114
1977539,1914
1978039,1716
1978539,1515
1979039,1315
1979539,1127
1980039,958
1980539,815
1981039,691
1981539,603
1982039,557
1982539,529
1983039,528
1983539,572
1984039,638
1984539,745
1985039,866
1985539,1047
1986039,1225
1986539,1413
1987039,1616
1987539,1814
1988039,2007
1988539,2212
1989039,2407
1989539,2599
1990039,2767
1990539,2919
1991039,3051
1991539,3159
1992039,3222
1992539,3248
1993039,3247
1993539,3204
1994039,3119
1994539,2991
1995039,2855
1995539,2682
1996039,2512
1996539,2319
1997039,2122
1997539,1909
1998039,1721
1998539,1516
1999039,1317
1999539,1129
2000039,959
2000539,810
2001039,691
2001539,602
2002039,552
2002539,528
2003039,528
2003539,574
2004039,637
2004539,746
2005039,872
2005539,1044
2006039,1217
2006539,1413
2007039,1616
2007539,1818
2008039,2007
2008539,2214
2009039,2409
2009539,2601
2010039,2768
2010539,2917
2011039,3055
2011539,3154
2012039,3220
2012539,3248
2013039,3248
2013539,3196
2014039,3120
2014539,2992
2015039,2858
2015539,2681
2016039,2513
2016539,2315
2017039,2118
2017539,1911
2018039,1718
2018539,1513
2019039,1314
2019539,1125
2020039,956
2020539,813
2021039,691
2021539,601
2022039,555
2022539,528
2023039,531
2023539,571
2024039,638
2024539,748
2025039,870
2025539,1043
2026039,1219
2026539,1413
2027039,1616
2027539,1818
2028039,2007
2028539,2211
2029039,2407
2029539,2597
2030039,2768
2030539,2919
2031039,3054
2031539,3164
2032039,3218
2032539,3248
2033039,3248
2033539,3201
2034039,3119
2034539,2992
2035039,2855
2035539,2685
2036039,2514
2036539,2315
2037039,2119
2037539,1909
2038039,1720
2038539,1513
2039039,1315
2039539,1126
2040039,957
2040539,810
2041039,691
2041539,607
2042039,549
2042539,528
2043039,534
2043539,575
2044039,637
2044539,749
2045039,868
2045539,1041
2046039,1219
2046539,1409
2047039,1616
2047539,1818
2048039,2010
2048539,2211
2049039,2413
2049539,2599
2050039,2768
2050539,2919
2051039,3052
2051539,3157
2052039,3216
2052539,3254
2053039,3248
2053539,3198
2054039,3119
2054539,2991
2055039,2857
2055539,2685
2056039,2513
2056539,2315
2057039,2119
2057539,1913
2058039,1719
2058539,1515
2059039,1315
2059539,1130
2060039,960
2060539,814
2061039,691
2061539,603
2062039,557
2062539,528
2063039,529
2063539,573
2064039,638
2064539,747
2065039,871
2065539,1042
2066039,1219
2066539,1413
2067039,1616
2067539,1814
2068039,2009
2068539,2214
2069039,2407
2069539,2602
2070039,2768
2070539,2922
2071039,3056
2071539,3160
2072039,3217
2072539,3249
2073039,3248
2073539,3200
2074039,3120
2074539,2990
2075039,2861
2075539,2685
2076039,2515
2076539,2315
2077039,2116
2077539,1911
2078039,1721
2078539,1517
2079039,1318
2079539,1125
2080039,958
2080539,816
2081039,691
2081539,599
2082039,554
2082539,530
2083039,530
2083539,575
2084039,639
2084539,747
2085039,871
2085539,1043
2086039,1217
2086539,1410
2087039,1615
2087539,1813
2088039,2007
2088539,2214
2089039,2407
2089539,2597
2090039,2768
2090539,2918
2091039,3051
2091539,3162
2092039,3216
2092539,3248
2093039,3248
2093539,3202
2094039,3120
2094539,2989
2095039,2852
2095539,2683
2096039,2514
2096539,2314
2097039,2113
2097539,1910
2098039,1714
2098539,1517
2099039,1315
2099539,1125
2100039,957
2100539,813
2101039,689
2101539,602
2102039,559
2102539,528
2103039,533
2103539,573
2104039,640
2104539,748
2105039,871
2105539,1043
2106039,1223
2106539,1410
2107039,1616
2107539,1814
2108039,2011
2108539,2218
2109039,2406
2109539,2599
2110039,2768
2110539,2918
2111039,3047
2111539,3157
2112039,3218
2112539,3248
2113039,3248
2113539,3198
2114039,3117
2114539,2992
2115039,2863
2115539,2679
2116039,2512
2116539,2314
2117039,2117
2117539,1915
2118039,1721
2118539,1511
2119039,1317
2119539,1131
2120039,959
2120539,813
2121039,695
2121539,602
2122039,555
2122539,528
2123039,528
2123539,573
2124039,638
2124539,746
2125039,867
2125539,1043
2126039,1221
2126539,1415
2127039,1615
2127539,1818
2128039,2009
2128539,2213
2129039,2409
2129539,2599
2130039,2768
2130539,2914
2131039,3049
2131539,3155
2132039,3218
2132539,3251
2133039,3246
2133539,3201
2134039,3120
2134539,2992
2135039,2860
2135539,2682
2136039,2514
2136539,2311
2137039,2118
2137539,1911
2138039,1716
2138539,1516
2139039,1315
2139539,1129
2140039,957
2140539,815
2141039,688
2141539,603
2142039,556
2142539,528
2143039,532
2143539,572
2144039,639
2144539,749
2145039,873
2145539,1043
2146039,1217
2146539,1411
2147039,1616
2147539,1818
2148039,2006
2148539,2214
2149039,2409
2149539,2605
2150039,2768
2150539,2919
2151039,3053
2151539,3158
2152039,3218
2152539,3248
2153039,3248
2153539,3199
2154039,3120
2154539,2990
2155039,2862
2155539,2685
2156039,2513
2156539,2314
2157039,2118
2157539,1914
2158039,1715
2158539,1516
2159039,1315
2159539,1128
2160039,957
2160539,811
2161039,692
2161539,599
2162039,557
2162539,528
2163039,533
2163539,572
2164039,635
2164539,749
2165039,873
2165539,1045
2166039,1220
2166539,1408
2167039,1616
2167539,1815
2168039,2007
2168539,2214
2169039,2407
2169539,2602
2170039,2768
2170539,2917
2171039,3052
2171539,3156
2172039,3216
2172539,3254
2173039,3249
2173539,3196
2174039,3119
2174539,2990
2175039,2862
2175539,2683
2176039,2513
2176539,2310
2177039,2118
2177539,1909
2178039,1718
2178539,1514
2179039,1317
2179539,1125
2180039,958
2180539,815
2181039,693
2181539,602
2182039,558
2182539,528
2183039,528
2183539,572
2184039,639
2184539,747
2185039,873
2185539,1043
2186039,1221
2186539,1413
2187039,1614
2187539,1819
2188039,2010
2188539,2218
2189039,2411
2189539,2602
2190039,2768
2190539,2923
2191039,3055
2191539,3158
2192039,3217
2192539,3248
2193039,3248
2193539,3198
2194039,3118
2194539,2991
2195039,2855
2195539,2682
2196039,2514
2196539,2313
2197039,2116
2197539,1911
2198039,1719
2198539,1514
2199039,1314
2199539,1129
2200039,959
2200539,814
2201039,689
2201539,598
2202039,554
2202539,528
2203039,528
2203539,575
2204039,637
2204539,743
2205039,870
2205539,1041
2206039,1223
2206539,1413
2207039,1616
2207539,1818
2208039,2013
2208539,2213
2209039,2411
2209539,2597
2210039,2766
2210539,2915
2211039,3054
2211539,3158
2212039,3218
2212539,3248
2213039,3248
2213539,3205
2214039,3120
2214539,2992
2215039,2860
2215539,2687
2216039,2512
2216539,2314
2217039,2118
2217539,1915
2218039,1718
2218539,1519
2219039,1314
2219539,1127
2220039,958
2220539,811
2221039,688
2221539,604
2222039,555
2222539,528
2223039,530
2223539,576
2224039,640
2224539,747
2225039,871
2225539,1042
2226039,1221
2226539,1413
2227039,1615
2227539,1814
2228039,2011
2228539,2213
2229039,2409
2229539,2602
2230039,2768
2230539,2921
2231039,3053
2231539,3159
2232039,3216
2232539,3249
2233039,3248
2233539,3198
2234039,3120
2234539,2992
2235039,2855
2235539,2681
2236039,2516
2236539,2314
2237039,2114
2237539,1914
2238039,1719
2238539,1517
2239039,1314
2239539,1127
2240039,958
2240539,810
2241039,691
2241539,602
2242039,553
2242539,528
2243039,533
2243539,571
2244039,640
2244539,743
2245039,870
2245539,1047
2246039,1220
2246539,1410
2247039,1616
2247539,1815
2248039,2011
2248539,2213
2249039,2409
2249539,2602
2250039,2767
2250539,2922
2251039,3049
2251539,3154
2252039,3221
2252539,3248
2253039,3248
2253539,3202
2254039,3119
2254539,2991
2255039,2857
2255539,2679
2256039,2512
2256539,2315
2257039,2116
2257539,1911
2258039,1715
2258539,1515
2259039,1315
2259539,1125
2260039,954
2260539,813
2261039,688
2261539,599
2262039,556
2262539,530
2263039,528
2263539,574
2264039,639
2264539,751
2265039,870
2265539,1041
2266039,1226
2266539,1411
2267039,1615
2267539,1817
2268039,2014
2268539,2214
2269039,2409
2269539,2602
2270039,2767
2270539,2921
2271039,3053
2271539,3161
2272039,3216
2272539,3249
2273039,3248
2273539,3199
2274039,3120
2274539,2990
2275039,2862
2275539,2688
2276039,2517
2276539,2319
2277039,2115
2277539,1915
2278039,1715
2278539,1515
2279039,1317
2279539,1130
2280039,954
2280539,811
2281039,694
2281539,601
2282039,559
2282539,532
2283039,531
2283539,573
2284039,638
2284539,746
2285039,870
2285539,1041
2286039,1221
2286539,1413
2287039,1614
2287539,1818
2288039,2012
2288539,2213
2289039,2414
2289539,2602
2290039,2768
2290539,2917
2291039,3049
2291539,3159
2292039,3217
2292539,3248
2293039,3248
2293539,3200
2294039,3119
2294539,2990
2295039,2855
2295539,2685
2296039,2514
2296539,2317
2297039,2119
2297539,1918
2298039,1719
2298539,1517
2299039,1317
2299539,1124
2300039,955
2300539,814
2301039,691
2301539,599
2302039,555
2302539,529
2303039,532
2303539,570
2304039,638
2304539,750
2305039,869
2305539,1041
2306039,1221
2306539,1409
2307039,1616
2307539,1815
2308039,2010
2308539,2215
2309039,2407
2309539,2599
2310039,2767
2310539,2919
2311039,3050
2311539,3163
2312039,3219
2312539,3253
2313039,3251
2313539,3200
2314039,3119
2314539,2991
2315039,2857
2315539,2683
2316039,2512
2316539,2311
2317039,2114
2317539,1907
2318039,1714
2318539,1513
2319039,1313
2319539,1127
2320039,956
2320539,813
2321039,692
2321539,602
2322039,559
2322539,531
2323039,530
2323539,572
2324039,638
2324539,746
2325039,871
2325539,1046
2326039,1220
2326539,1411
2327039,1616
2327539,1814
2328039,2005
2328539,2217
2329039,2409
2329539,2597
2330039,2768
2330539,2915
2331039,3049
2331539,3163
2332039,3217
2332539,3254
2333039,3247
2333539,3201
2334039,3120
2334539,2992
2335039,2862
2335539,2685
2336039,2513
2336539,2313
2337039,2119
2337539,1910
2338039,1714
2338539,1513
2339039,1318
2339539,1125
2340039,954
2340539,813
2341039,691
2341539,601
2342039,557
2342539,531
2343039,533
2343539,567
2344039,640
2344539,747
2345039,873
2345539,1046
2346039,1220
2346539,1411
2347039,1614
2347539,1815
2348039,2006
2348539,2215
2349039,2406
2349539,2603
2350039,2770
2350539,2921
2351039,3051
2351539,3159
2352039,3217
2352539,3251
2353039,3250
2353539,3200
2354039,3118
2354539,2991
2355039,2853
2355539,2685
2356039,2519
2356539,2313
2357039,2118
2357539,1914
2358039,1722
2358539,1517
2359039,1317
2359539,1134
2360039,959
2360539,814
2361039,691
2361539,601
2362039,555
2362539,529
2363039,528
2363539,572
2364039,637
2364539,745
2365039,869
2365539,1043
2366039,1222
2366539,1411
2367039,1612
2367539,1817
2368039,2012
2368539,2214
2369039,2403
2369539,2599
2370039,2768
2370539,2915
2371039,3052
2371539,3162
2372039,3223
2372539,3250
2373039,3249
2373539,3202
2374039,3120
2374539,2992
2375039,2854
2375539,2687
2376039,2514
2376539,2312
2377039,2123
2377539,1917
2378039,1721
2378539,1515
2379039,1318
2379539,1130
2380039,958
2380539,814
2381039,689
2381539,603
2382039,555
2382539,528
2383039,530
2383539,574
2384039,639
2384539,746
2385039,870
2385539,1040
2386039,1222
2386539,1411
2387039,1618
2387539,1818
2388039,2010
2388539,2214
2389039,2405
2389539,2595
2390039,2767
2390539,2915
2391039,3050
2391539,3157
2392039,3218
2392539,3248
2393039,3250
2393539,3202
2394039,3119
2394539,2991
2395039,2858
2395539,2683
2396039,2515
2396539,2317
2397039,2122
2397539,1908
2398039,1716
2398539,1514
2399039,1319
2399539,1123
2400039,956
2400539,813
2401039,693
2401539,603
2402039,557
2402539,529
2403039,533
2403539,575
2404039,640
2404539,749
2405039,869
2405539,1043
2406039,1218
2406539,1411
2407039,1616
2407539,1821
2408039,2006
2408539,2213
2409039,2410
2409539,2598
2410039,2768
2410539,2922
2411039,3055
2411539,3154
2412039,3217
2412539,3249
2413039,3251
2413539,3199
2414039,3120
2414539,2990
2415039,2861
2415539,2685
2416039,2518
2416539,2311
2417039,2118
2417539,1910
2418039,1719
2418539,1514
2419039,1316
2419539,1130
2420039,957
2420539,813
2421039,692
2421539,601
2422039,554
2422539,528
2423039,533
2423539,572
2424039,635
2424539,745
2425039,873
2425539,1049
2426039,1221
2426539,1412
2427039,1615
2427539,1814
2428039,2010
2428539,2215
2429039,2406
2429539,2601
2430039,2768
2430539,2915
2431039,3046
2431539,3161
2432039,3217
2432539,3248
2433039,3248
2433539,3200
2434039,3120
2434539,2992
2435039,2861
2435539,2681
2436039,2518
2436539,2315
2437039,2117
2437539,1914
2438039,1716
2438539,1515
2439039,1315
2439539,1125
2440039,959
2440539,814
2441039,691
2441539,603
2442039,555
2442539,529
2443039,529
2443539,574
2444039,635
2444539,745
2445039,871
2445539,1041
2446039,1222
2446539,1411
2447039,1616
2447539,1817
2448039,2010
2448539,2215
2449039,2410
2449539,2605
2450039,2769
2450539,2919
2451039,3051
2451539,3157
2452039,3217
2452539,3248
2453039,3249
2453539,3199
2454039,3120
2454539,2993
2455039,2861
2455539,2683
2456039,2515
2456539,2312
2457039,2119
2457539,1908
2458039,1718
2458539,1515
2459039,1314
2459539,1131
2460039,959
2460539,813
2461039,691
2461539,598
2462039,555
2462539,528
2463039,530
2463539,574
2464039,640
2464539,747
2465039,871
2465539,1040
2466039,1220
2466539,1410
2467039,1616
2467539,1818
2468039,2010
2468539,2217
2469039,2409
2469539,2602
2470039,2768
2470539,2919
2471039,3055
2471539,3157
2472039,3216
2472539,3248
2473039,3248
2473539,3199
2474039,3120
2474539,2992
2475039,2858
2475539,2686
2476039,2515
2476539,2315
2477039,2117
2477539,1911
2478039,1715
2478539,1519
2479039,1317
2479539,1127
2480039,957
2480539,815
2481039,690
2481539,603
2482039,558
2482539,528
2483039,528
2483539,572
2484039,638
2484539,748
2485039,871
2485539,1043
2486039,1222
2486539,1410
2487039,1614
2487539,1814
2488039,2012
2488539,2210
2489039,2411
2489539,2603
2490039,2768
2490539,2917
2491039,3047
2491539,3161
2492039,3217
2492539,3249
2493039,3248
2493539,3198
2494039,3114
2494539,2992
2495039,2858
2495539,2685
2496039,2515
2496539,2316
2497039,2117
2497539,1910
2498039,1714
2498539,1518
2499039,1318
2499539,1127
2500039,958
2500539,811
2501039,691
2501539,602
2502039,554
2502539,528
2503039,529
2503539,574
2504039,640
2504539,747
2505039,871
2505539,1046
2506039,1221
2506539,1409
2507039,1616
2507539,1815
2508039,2012
2508539,2215
2509039,2409
2509539,2602
2510039,2768
2510539,2921
2511039,3051
2511539,3161
2512039,3225
2512539,3251
2513039,3248
2513539,3199
2514039,3120
2514539,2992
2515039,2855
2515539,2687
2516039,2516
2516539,2318
2517039,2117
2517539,1911
2518039,1719
2518539,1513
2519039,1321
2519539,1130
2520039,959
2520539,816
2521039,692
2521539,603
2522039,558
2522539,534
2523039,534
2523539,571
2524039,639
2524539,747
2525039,869
2525539,1040
2526039,1217
2526539,1413
2527039,1616
2527539,1818
2528039,2009
2528539,2215
2529039,2411
2529539,2602
2530039,2767
2530539,2917
2531039,3046
2531539,3158
2532039,3221
2532539,3250
2533039,3248
2533539,3200
2534039,3120
2534539,2992
2535039,2855
2535539,2683
2536039,2512
2536539,2319
2537039,2122
2537539,1910
2538039,1716
2538539,1511
2539039,1313
2539539,1130
2540039,958
2540539,815
2541039,693
2541539,603
2542039,553
2542539,528
2543039,532
2543539,573
2544039,637
2544539,748
2545039,875
2545539,1041
2546039,1219
2546539,1411
2547039,1616
2547539,1818
2548039,2007
2548539,2211
2549039,2407
2549539,2599
2550039,2766
2550539,2922
2551039,3047
2551539,3157
2552039,3221
2552539,3247
2553039,3247
2553539,3201
2554039,3117
2554539,2991
2555039,2857
2555539,2681
2556039,2512
2556539,2313
2557039,2115
2557539,1917
2558039,1719
2558539,1517
2559039,1314
2559539,1130
2560039,957
2560539,815
2561039,688
2561539,603
2562039,557
2562539,528
2563039,531
2563539,571
2564039,639
2564539,743
2565039,873
2565539,1043
2566039,1221
2566539,1414
2567039,1614
2567539,1814
2568039,2009
2568539,2213
2569039,2412
2569539,2601
2570039,2766
2570539,2915
2571039,3051
2571539,3159
2572039,3216
2572539,3249
2573039,3248
2573539,3198
2574039,3120
2574539,2991
2575039,2859
2575539,2685
2576039,2515
2576539,2317
2577039,2123
2577539,1914
2578039,1715
2578539,1511
2579039,1315
2579539,1127
2580039,960
2580539,815
2581039,689
2581539,603
2582039,555
2582539,528
2583039,530
2583539,575
2584039,637
2584539,746
2585039,868
2585539,1045
2586039,1221
2586539,1410
2587039,1615
2587539,1814
2588039,2010
2588539,2214
2589039,2410
2589539,2602
2590039,2768
2590539,2917
2591039,3049
2591539,3161
2592039,3217
2592539,3253
2593039,3248
2593539,3200
2594039,3116
2594539,2992
2595039,2858
2595539,2679
2596039,2512
2596539,2312
2597039,2113
2597539,1911
2598039,1719
2598539,1518
2599039,1317
2599539,1123
2600039,955
2600539,815
2601039,690
2601539,595
2602039,556
2602539,528
2603039,529
2603539,574
2604039,640
2604539,749
2605039,870
2605539,1042
2606039,1220
2606539,1413
2607039,1616
2607539,1813
2608039,2010
2608539,2214
2609039,2411
2609539,2605
2610039,2768
2610539,2919
2611039,3050
2611539,3158
2612039,3217
2612539,3250
2613039,3248
2613539,3200
2614039,3118
2614539,2992
2615039,2859
2615539,2685
2616039,2515
2616539,2318
2617039,2118
2617539,1915
2618039,1717
2618539,1511
2619039,1318
2619539,1131
2620039,959
2620539,814
2621039,693
2621539,599
2622039,555
2622539,528
2623039,528
2623539,576
2624039,640
2624539,747
2625039,870
2625539,1042
2626039,1222
2626539,1415
2627039,1612
2627539,1815
2628039,2011
2628539,2214
2629039,2411
2629539,2603
2630039,2768
2630539,2919
2631039,3051
2631539,3161
2632039,3219
2632539,3251
2633039,3246
2633539,3200
2634039,3118
2634539,2992
2635039,2858
2635539,2685
2636039,2515
2636539,2317
2637039,2122
2637539,1917
2638039,1721
2638539,1510
2639039,1313
2639539,1130
2640039,952
2640539,813
2641039,691
2641539,599
2642039,553
2642539,529
2643039,529
2643539,575
2644039,635
2644539,749
2645039,873
2645539,1044
2646039,1220
2646539,1410
2647039,1615
2647539,1819
2648039,2010
2648539,2214
2649039,2411
2649539,2599
2650039,2768
2650539,2917
2651039,3055
2651539,3157
2652039,3220
2652539,3252
2653039,3250
2653539,3200
2654039,3120
2654539,2993
2655039,2863
2655539,2684
2656039,2517
2656539,2315
2657039,2122
2657539,1910
2658039,1719
2658539,1517
2659039,1318
2659539,1131
2660039,958
2660539,814
2661039,690
2661539,603
2662039,556
2662539,528
2663039,528
2663539,570
2664039,640
2664539,746
2665039,869
2665539,1045
2666039,1218
2666539,1415
2667039,1615
2667539,1817
2668039,2009
2668539,2213
2669039,2409
2669539,2597
2670039,2769
2670539,2918
2671039,3049
2671539,3157
2672039,3216
2672539,3254
2673039,3248
2673539,3202
2674039,3117
2674539,2992
2675039,2861
2675539,2685
2676039,2516
2676539,2317
2677039,2118
2677539,1917
2678039,1718
2678539,1514
2679039,1317
2679539,1131
2680039,955
2680539,813
2681039,695
2681539,602
2682039,554
2682539,528
2683039,529
2683539,576
2684039,637
2684539,745
2685039,873
2685539,1044
2686039,1218
2686539,1412
2687039,1616
2687539,1815
2688039,2011
2688539,2214
2689039,2410
2689539,2601
2690039,2765
2690539,2917
2691039,3055
2691539,3159
2692039,3218
2692539,3246
2693039,3248
2693539,3197
2694039,3119
2694539,2989
2695039,2857
2695539,2681
2696039,2513
2696539,2313
2697039,2115
2697539,1908
2698039,1717
2698539,1511
2699039,1318
2699539,1131
2700039,956
2700539,816
2701039,691
2701539,606
2702039,555
2702539,528
2703039,531
2703539,573
2704039,638
2704539,746
2705039,870
2705539,1043
2706039,1220
2706539,1408
2707039,1617
2707539,1819
2708039,2011
2708539,2217
2709039,2407
2709539,2603
2710039,2766
2710539,2917
2711039,3050
2711539,3163
2712039,3217
2712539,3250
2713039,3248
2713539,3199
2714039,3117
2714539,2994
2715039,2860
2715539,2677
2716039,2514
2716539,2317
2717039,2118
2717539,1915
2718039,1717
2718539,1515
2719039,1315
2719539,1125
2720039,959
2720539,816
2721039,690
2721539,602
2722039,557
2722539,528
2723039,533
2723539,574
2724039,640
2724539,743
2725039,872
2725539,1050
2726039,1219
2726539,1414
2727039,1618
2727539,1815
2728039,2007
2728539,2213
2729039,2411
2729539,2601
2730039,2766
2730539,2917
2731039,3047
2731539,3158
2732039,3216
2732539,3249
2733039,3248
2733539,3198
2734039,3120
2734539,2992
2735039,2855
2735539,2682
2736039,2514
2736539,2313
2737039,2115
2737539,1910
2738039,1719
2738539,1516
2739039,1314
2739539,1127
2740039,958
2740539,811
2741039,688
2741539,602
2742039,555
2742539,530
2743039,530
2743539,576
2744039,640
2744539,746
2745039,876
2745539,1046
2746039,1223
2746539,1410
2747039,1613
2747539,1815
2748039,2006
2748539,2218
2749039,2410
2749539,2604
2750039,2767
2750539,2921
2751039,3051
2751539,3159
2752039,3219
2752539,3249
2753039,3247
2753539,3200
2754039,3120
2754539,2989
2755039,2855
2755539,2679
2756039,2517
2756539,2311
2757039,2117
2757539,1913
2758039,1718
2758539,1511
2759039,1315
2759539,1125
2760039,959
2760539,811
2761039,691
2761539,604
2762039,557
2762539,528
2763039,530
2763539,573
2764039,635
2764539,749
2765039,871
2765539,1045
2766039,1223
2766539,1412
2767039,1616
2767539,1815
2768039,2010
2768539,2211
2769039,2413
2769539,2603
2770039,2768
2770539,2919
2771039,3051
2771539,3161
2772039,3221
2772539,3248
2773039,3251
2773539,3195
2774039,3120
2774539,2992
2775039,2860
2775539,2685
2776039,2514
2776539,2314
2777039,2115
2777539,1915
2778039,1719
2778539,1513
2779039,1315
2779539,1131
2780039,955
2780539,815
2781039,693
2781539,599
2782039,554
2782539,528
2783039,529
2783539,572
2784039,638
2784539,743
2785039,866
2785539,1043
2786039,1216
2786539,1409
2787039,1615
2787539,1812
2788039,2011
2788539,2215
2789039,2406
2789539,2599
2790039,2763
2790539,2917
2791039,3047
2791539,3155
2792039,3220
2792539,3248
2793039,3249
2793539,3199
2794039,3119
2794539,2992
2795039,2855
2795539,2685
2796039,2515
2796539,2318
2797039,2115
2797539,1907
2798039,1716
2798539,1515
2799039,1316
2799539,1126
2800039,959
2800539,813
2801039,691
2801539,601
2802039,555
2802539,530
2803039,529
2803539,576
2804039,641
2804539,745
2805039,867
2805539,1044
2806039,1219
2806539,1410
2807039,1616
2807539,1821
2808039,2010
2808539,2213
2809039,2410
2809539,2600
2810039,2768
2810539,2923
2811039,3050
2811539,3158
2812039,3216
2812539,3251
2813039,3248
2813539,3200
2814039,3120
2814539,2992
2815039,2858
2815539,2685
2816039,2514
2816539,2314
2817039,2121
2817539,1915
2818039,1718
2818539,1516
2819039,1315
2819539,1130
2820039,955
2820539,815
2821039,690
2821539,602
2822039,555
2822539,528
2823039,528
2823539,571
2824039,635
2824539,743
2825039,875
2825539,1045
2826039,1221
2826539,1411
2827039,1616
2827539,1818
2828039,2014
2828539,2215
2829039,2411
2829539,2602
2830039,2763
2830539,2917
2831039,3054
2831539,3158
2832039,3216
2832539,3251
2833039,3248
2833539,3201
2834039,3119
2834539,2991
2835039,2861
2835539,2683
2836039,2515
2836539,2317
2837039,2114
2837539,1913
2838039,1717
2838539,1515
2839039,1317
2839539,1129
2840039,959
2840539,816
2841039,690
2841539,598
2842039,555
2842539,528
2843039,528
2843539,571
2844039,640
2844539,749
2845039,869
2845539,1043
2846039,1218
2846539,1410
2847039,1616
2847539,1819
2848039,2007
2848539,2215
2849039,2410
2849539,2606
2850039,2768
2850539,2919
2851039,3051
2851539,3163
2852039,3216
2852539,3249
2853039,3248
2853539,3198
2854039,3119
2854539,2990
2855039,2860
2855539,2683
2856039,2515
2856539,2314
2857039,2117
2857539,1914
2858039,1715
2858539,1514
2859039,1318
2859539,1126
2860039,955
2860539,816
2861039,693
2861539,604
2862039,551
2862539,528
2863039,530
2863539,575
2864039,639
2864539,750
2865039,870
2865539,1042
2866039,1218
2866539,1411
2867039,1615
2867539,1815
2868039,2005
2868539,2218
2869039,2407
2869539,2599
2870039,2768
2870539,2921
2871039,3051
2871539,3157
2872039,3220
2872539,3251
2873039,3249
2873539,3200
2874039,3120
2874539,2991
2875039,2859
2875539,2683
2876039,2513
2876539,2311
2877039,2118
2877539,1913
2878039,1718
2878539,1515
2879039,1315
2879539,1133
2880039,958
2880539,814
2881039,691
2881539,603
2882039,550
2882539,528
2883039,530
2883539,577
2884039,641
2884539,747
2885039,871
2885539,1040
2886039,1219
2886539,1414
2887039,1616
2887539,1819
2888039,2006
2888539,2217
2889039,2406
2889539,2601
2890039,2768
2890539,2922
2891039,3050
2891539,3158
2892039,3217
2892539,3250
2893039,3248
2893539,3199
2894039,3115
2894539,2990
2895039,2857
2895539,2682
2896039,2517
2896539,2313
2897039,2117
2897539,1908
2898039,1718
2898539,1511
2899039,1315
2899539,1123
2900039,958
2900539,813
2901039,688
2901539,599
2902039,555
2902539,528
2903039,528
2903539,572
2904039,640
2904539,747
2905039,870
2905539,1045
2906039,1226
2906539,1411
2907039,1616
2907539,1814
2908039,2014
2908539,2215
2909039,2409
2909539,2605
2910039,2768
2910539,2924
2911039,3050
2911539,3153
2912039,3218
2912539,3249
2913039,3248
2913539,3206
2914039,3120
2914539,2992
2915039,2859
2915539,2678
2916039,2515
2916539,2318
2917039,2116
2917539,1915
2918039,1721
2918539,1515
2919039,1317
2919539,1127
2920039,957
2920539,809
2921039,689
2921539,605
2922039,554
2922539,529
2923039,535
2923539,575
2924039,639
2924539,747
2925039,875
2925539,1041
2926039,1221
2926539,1411
2927039,1616
2927539,1815
2928039,2015
2928539,2214
2929039,2407
2929539,2601
2930039,2768
2930539,2915
2931039,3054
2931539,3158
2932039,3220
2932539,3248
2933039,3249
2933539,3200
2934039,3120
2934539,2990
2935039,2858
2935539,2685
2936039,2515
2936539,2314
2937039,2119
2937539,1913
2938039,1720
2938539,1511
2939039,1313
2939539,1130
2940039,958
2940539,811
2941039,689
2941539,602
2942039,554
2942539,528
2943039,529
2943539,573
2944039,638
2944539,743
2945039,870
2945539,1045
2946039,1221
2946539,1411
2947039,1616
2947539,1822
2948039,2007
2948539,2214
2949039,2403
2949539,2599
2950039,2767
2950539,2917
2951039,3051
2951539,3161
2952039,3218
2952539,3249
2953039,3248
2953539,3200
2954039,3117
2954539,2992
2955039,2858
2955539,2683
2956039,2515
2956539,2317
2957039,2119
2957539,1913
2958039,1717
2958539,1517
2959039,1317
2959539,1130
2960039,953
2960539,815
2961039,690
2961539,597
2962039,555
2962539,528
2963039,530
2963539,573
2964039,640
2964539,747
2965039,870
2965539,1042
2966039,1216
2966539,1409
2967039,1616
2967539,1815
2968039,2013
2968539,2211
2969039,2410
2969539,2603
2970039,2768
2970539,2921
2971039,3052
2971539,3157
2972039,3216
2972539,3255
2973039,3246
2973539,3199
2974039,3120
2974539,2990
2975039,2857
2975539,2687
2976039,2511
2976539,2314
2977039,2119
2977539,1914
2978039,1719
2978539,1508
2979039,1317
2979539,1127
2980039,960
2980539,811
2981039,695
2981539,598
2982039,551
2982539,528
2983039,530
2983539,571
2984039,637
2984539,747
2985039,866
2985539,1044
2986039,1221
2986539,1409
2987039,1615
2987539,1813
2988039,2014
2988539,2215
2989039,2410
2989539,2599
2990039,2766
2990539,2918
2991039,3053
2991539,3159
2992039,3216
2992539,3248
2993039,3248
2993539,3199
2994039,3118
2994539,2992
2995039,2861
2995539,2680
2996039,2515
2996539,2315
2997039,2118
2997539,1915
2998039,1719
2998539,1514
2999039,1311
2999539,1131
3000039,958
3000539,813
3001039,695
3001539,606
3002039,555
3002539,528
3003039,530
3003539,572
3004039,639
3004539,749
3005039,871
3005539,1040
3006039,1223
3006539,1411
3007039,1615
3007539,1819
3008039,2011
3008539,2217
3009039,2412
3009539,2602
3010039,2766
3010539,2917
3011039,3052
3011539,3158
3012039,3216
3012539,3249
3013039,3248
3013539,3199
3014039,3120
3014539,2991
3015039,2855
3015539,2681
3016039,2514
3016539,2311
3017039,2117
3017539,1914
3018039,1717
3018539,1516
3019039,1313
3019539,1126
3020039,958
3020539,806
3021039,689
3021539,603
3022039,557
3022539,531
3023039,530
3023539,571
3024039,638
3024539,745
3025039,869
3025539,1043
3026039,1219
3026539,1410
3027039,1615
3027539,1812
3028039,2007
3028539,2212
3029039,2409
3029539,2602
3030039,2766
3030539,2919
3031039,3047
3031539,3156
3032039,3215
3032539,3248
3033039,3248
3033539,3200
3034039,3120
3034539,2991
3035039,2856
3035539,2683
3036039,2517
3036539,2314
3037039,2117
3037539,1916
3038039,1718
3038539,1513
3039039,1319
3039539,1124
3040039,960
3040539,814
3041039,691
3041539,599
3042039,556
3042539,528
3043039,529
3043539,576
3044039,640
3044539,741
3045039,869
3045539,1041
3046039,1221
3046539,1411
3047039,1616
3047539,1816
3048039,2011
3048539,2213
3049039,2407
3049539,2599
3050039,2767
3050539,2919
3051039,3049
3051539,3156
3052039,3219
3052539,3249
3053039,3247
3053539,3198
3054039,3120
3054539,2992
3055039,2859
3055539,2682
3056039,2512
3056539,2315
3057039,2118
3057539,1918
3058039,1719
3058539,1513
3059039,1319
3059539,1127
3060039,959
3060539,814
3061039,689
3061539,604
3062039,553
3062539,528
3063039,529
3063539,575
3064039,637
3064539,750
3065039,871
3065539,1043
3066039,1222
3066539,1414
3067039,1616
3067539,1815
3068039,2007
3068539,2213
3069039,2406
3069539,2597
3070039,2766
3070539,2913
3071039,3045
3071539,3159
3072039,3219
3072539,3253
3073039,3248
3073539,3200
3074039,3120
3074539,2992
3075039,2857
3075539,2687
3076039,2515
3076539,2310
3077039,2122
3077539,1909
3078039,1719
3078539,1512
3079039,1314
3079539,1128
3080039,957
3080539,815
3081039,691
3081539,598
3082039,557
3082539,528
3083039,533
3083539,574
3084039,638
3084539,746
3085039,868
3085539,1045
3086039,1221
3086539,1415
3087039,1616
3087539,1817
3088039,2012
3088539,2212
3089039,2406
3089539,2602
3090039,2767
3090539,2921
3091039,3048
3091539,3158
3092039,3218
3092539,3255
3093039,3246
3093539,3200
3094039,3120
3094539,2991
3095039,2859
3095539,2679
3096039,2518
3096539,2314
3097039,2116
3097539,1915
3098039,1721
3098539,1515
3099039,1319
3099539,1131
3100039,957
3100539,813
3101039,696
3101539,600
3102039,554
3102539,528
3103039,529
3103539,572
3104039,633
3104539,741
3105039,871
3105539,1043
3106039,1219
3106539,1411
3107039,1617
3107539,1820
3108039,2011
3108539,2214
3109039,2410
3109539,2605
3110039,2768
3110539,2922
3111039,3051
3111539,3162
3112039,3219
3112539,3253
3113039,3248
3113539,3200
3114039,3121
3114539,2989
3115039,2859
3115539,2685
3116039,2513
3116539,2315
3117039,2119
3117539,1914
3118039,1716
3118539,1518
3119039,1318
3119539,1127
3120039,955
3120539,813
3121039,691
3121539,601
3122039,557
3122539,531
3123039,528
3123539,569
3124039,640
3124539,746
3125039,871
3125539,1041
3126039,1221
3126539,1411
3127039,1616
3127539,1815
3128039,2007
3128539,2213
3129039,2406
3129539,2599
3130039,2769
3130539,2919
3131039,3050
3131539,3158
3132039,3218
3132539,3251
3133039,3248
3133539,3200
3134039,3113
3134539,2991
3135039,2860
3135539,2683
3136039,2518
3136539,2314
3137039,2118
3137539,1913
3138039,1715
3138539,1517
3139039,1315
3139539,1123
3140039,957
3140539,814
3141039,691
3141539,601
3142039,554
3142539,529
3143039,531
3143539,575
3144039,638
3144539,747
3145039,871
3145539,1043
3146039,1221
3146539,1414
3147039,1616
3147539,1817
3148039,2009
3148539,2214
3149039,2410
3149539,2602
3150039,2767
3150539,2914
3151039,3053
3151539,3159
3152039,3220
3152539,3249
3153039,3249
3153539,3197
3154039,3120
3154539,2992
3155039,2861
3155539,2683
3156039,2512
3156539,2319
3157039,2115
3157539,1911
3158039,1715
3158539,1513
3159039,1315
3159539,1126
3160039,956
3160539,813
3161039,688
3161539,602
3162039,555
3162539,528
3163039,528
3163539,576
3164039,637
3164539,746
3165039,870
3165539,1043
3166039,1221
3166539,1413
3167039,1616
3167539,1814
3168039,2010
3168539,2213
3169039,2410
3169539,2602
3170039,2767
3170539,2919
3171039,3047
3171539,3159
3172039,3217
3172539,3251
3173039,3249
3173539,3199
3174039,3122
3174539,2990
3175039,2858
3175539,2683
3176039,2512
3176539,2311
3177039,2121
3177539,1913
3178039,1721
3178539,1517
3179039,1318
3179539,1125
3180039,955
3180539,814
3181039,692
3181539,602
3182039,560
3182539,528
3183039,533
3183539,573
3184039,641
3184539,749
3185039,869
3185539,1040
3186039,1218
3186539,1413
3187039,1616
3187539,1815
3188039,2007
3188539,2214
3189039,2409
3189539,2602
3190039,2769
3190539,2919
3191039,3055
3191539,3159
3192039,3218
3192539,3251
3193039,3247
3193539,3197
3194039,3119
3194539,2992
3195039,2858
3195539,2687
3196039,2517
3196539,2317
3197039,2117
3197539,1914
3198039,1721
3198539,1511
3199039,1317
3199539,1132
3200039,959
3200539,816
3201039,693
3201539,596
3202039,551
3202539,529
3203039,533
3203539,571
3204039,636
3204539,749
3205039,869
3205539,1046
3206039,1223
3206539,1413
3207039,1616
3207539,1820
3208039,2012
3208539,2213
3209039,2407
3209539,2602
3210039,2768
3210539,2921
3211039,3050
3211539,3158
3212039,3218
3212539,3253
3213039,3248
3213539,3199
3214039,3120
3214539,2993
3215039,2857
3215539,2685
3216039,2513
3216539,2314
3217039,2118
3217539,1911
3218039,1718
3218539,1518
3219039,1315
3219539,1127
3220039,957
3220539,814
3221039,690
3221539,603
3222039,557
3222539,528
3223039,530
3223539,571
3224039,637
3224539,749
3225039,870
3225539,1043
3226039,1220
3226539,1414
3227039,1615
3227539,1819
3228039,2010
3228539,2214
3229039,2411
3229539,2603
3230039,2767
3230539,2918
3231039,3050
3231539,3158
3232039,3216
3232539,3248
3233039,3248
3233539,3199
3234039,3119
3234539,2990
3235039,2859
3235539,2684
3236039,2516
3236539,2315
3237039,2119
3237539,1915
3238039,1723
3238539,1514
3239039,1317
3239539,1131
3240039,960
3240539,815
3241039,689
3241539,599
3242039,555
3242539,528
3243039,529
3243539,571
3244039,639
3244539,745
3245039,867
3245539,1046
3246039,1219
3246539,1414
3247039,1616
3247539,1818
3248039,2011
3248539,2215
3249039,2411
3249539,2603
3250039,2767
3250539,2917
3251039,3055
3251539,3163
3252039,3218
3252539,3251
3253039,3248
3253539,3199
3254039,3120
3254539,2992
3255039,2861
3255539,2683
3256039,2513
3256539,2314
3257039,2118
3257539,1914
3258039,1717
3258539,1519
3259039,1317
3259539,1130
3260039,958
3260539,811
3261039,691
3261539,604
3262039,556
3262539,528
3263039,528
3263539,574
3264039,636
3264539,747
3265039,870
3265539,1046
3266039,1221
3266539,1414
3267039,1616
3267539,1818
3268039,2007
3268539,2213
3269039,2411
3269539,2598
3270039,2767
3270539,2919
3271039,3051
3271539,3159
3272039,3219
3272539,3249
3273039,3247
3273539,3200
3274039,3118
3274539,2991
3275039,2859
3275539,2683
3276039,2512
3276539,2317
3277039,2115
3277539,1909
3278039,1726
3278539,1515
3279039,1317
3279539,1127
3280039,958
3280539,816
3281039,690
3281539,601
3282039,554
3282539,531
3283039,533
3283539,572
3284039,639
3284539,746
3285039,870
3285539,1043
3286039,1221
3286539,1411
3287039,1617
3287539,1818
3288039,2009
3288539,2212
3289039,2409
3289539,2599
3290039,2768
3290539,2915
3291039,3049
3291539,3154
3292039,3216
3292539,3248
3293039,3248
3293539,3199
3294039,3119
3294539,2992
3295039,2854
3295539,2683
3296039,2513
3296539,2311
3297039,2119
3297539,1914
3298039,1718
3298539,1510
3299039,1315
3299539,1127
3300039,958
3300539,811
3301039,692
3301539,599
3302039,558
3302539,530
3303039,528
3303539,572
3304039,638
3304539,749
3305039,871
3305539,1040
3306039,1217
3306539,1412
3307039,1616
3307539,1820
3308039,2009
3308539,2215
3309039,2410
3309539,2602
3310039,2768
3310539,2917
3311039,3051
3311539,3159
3312039,3220
3312539,3251
3313039,3247
3313539,3202
3314039,3120
3314539,2989
3315039,2855
3315539,2681
3316039,2513
3316539,2311
3317039,2118
3317539,1913
3318039,1713
3318539,1513
3319039,1312
3319539,1126
3320039,957
3320539,812
3321039,691
3321539,598
3322039,553
3322539,529
3323039,530
3323539,573
3324039,634
3324539,747
3325039,870
3325539,1043
3326039,1222
3326539,1410
3327039,1616
3327539,1815
3328039,2005
3328539,2213
3329039,2410
3329539,2597
3330039,2768
3330539,2916
3331039,3050
3331539,3157
3332039,3218
3332539,3253
3333039,3247
3333539,3199
3334039,3117
3334539,2993
3335039,2856
3335539,2681
3336039,2515
3336539,2317
3337039,2117
3337539,1915
3338039,1718
3338539,1514
3339039,1318
3339539,1130
3340039,959
3340539,813
3341039,691
3341539,601
3342039,555
3342539,528
3343039,530
3343539,576
3344039,638
3344539,745
3345039,870
3345539,1043
3346039,1222
3346539,1410
3347039,1616
3347539,1815
3348039,2014
3348539,2214
3349039,2407
3349539,2602
3350039,2768
3350539,2919
3351039,3053
3351539,3159
3352039,3220
3352539,3250
3353039,3248
3353539,3201
3354039,3120
3354539,2992
3355039,2855
3355539,2683
3356039,2518
3356539,2317
3357039,2122
3357539,1911
3358039,1718
3358539,1515
3359039,1317
3359539,1129
3360039,956
3360539,811
3361039,693
3361539,602
3362039,557
3362539,528
3363039,530
3363539,573
3364039,637
3364539,750
3365039,871
3365539,1040
3366039,1219
3366539,1414
3367039,1616
3367539,1818
3368039,2011
3368539,2213
3369039,2410
3369539,2602
3370039,2766
3370539,2916
3371039,3050
3371539,3161
3372039,3217
3372539,3249
3373039,3248
3373539,3195
3374039,3120
3374539,2989
3375039,2857
3375539,2682
3376039,2515
3376539,2315
3377039,2121
3377539,1915
3378039,1719
3378539,1517
3379039,1315
3379539,1129
3380039,957
3380539,813
3381039,692
3381539,599
3382039,552
3382539,528
3383039,529
3383539,567
3384039,639
3384539,743
3385039,869
3385539,1045
3386039,1222
3386539,1409
3387039,1615
3387539,1819
3388039,2007
3388539,2211
3389039,2410
3389539,2597
3390039,2768
3390539,2921
3391039,3047
3391539,3155
3392039,3216
3392539,3248
3393039,3244
3393539,3198
3394039,3120
3394539,2990
3395039,2860
3395539,2686
3396039,2515
3396539,2311
3397039,2118
3397539,1913
3398039,1719
3398539,1515
3399039,1319
3399539,1128
3400039,958
3400539,814
3401039,692
3401539,601
3402039,555
3402539,529
3403039,529
3403539,573
3404039,637
3404539,747
3405039,871
3405539,1040
3406039,1219
3406539,1410
3407039,1616
3407539,1819
3408039,2010
3408539,2210
3409039,2406
3409539,2598
3410039,2767
3410539,2922
3411039,3050
3411539,3157
3412039,3217
3412539,3248
3413039,3249
3413539,3201
3414039,3119
3414539,2992
3415039,2864
3415539,2683
3416039,2513
3416539,2312
3417039,2114
3417539,1914
3418039,1717
3418539,1515
3419039,1321
3419539,1125
3420039,955
3420539,816
3421039,689
3421539,596
3422039,554
3422539,528
3423039,529
3423539,571
3424039,635
3424539,745
3425039,875
3425539,1041
3426039,1220
3426539,1408
3427039,1612
3427539,1817
3428039,2010
3428539,2213
3429039,2407
3429539,2597
3430039,2768
3430539,2918
3431039,3049
3431539,3155
3432039,3218
3432539,3251
3433039,3248
3433539,3194
3434039,3119
3434539,2992
3435039,2855
3435539,2683
3436039,2513
3436539,2315
3437039,2122
3437539,1914
3438039,1717
3438539,1517
3439039,1317
3439539,1125
3440039,955
3440539,816
3441039,689
3441539,602
3442039,555
3442539,530
3443039,529
3443539,573
3444039,639
3444539,749
3445039,873
3445539,1044
3446039,1220
3446539,1413
3447039,1615
3447539,1817
3448039,2015
3448539,2215
3449039,2409
3449539,2602
3450039,2768
3450539,2919
3451039,3055
3451539,3159
3452039,3222
3452539,3248
3453039,3248
3453539,3198
3454039,3120
3454539,2992
3455039,2853
3455539,2683
3456039,2515
3456539,2315
3457039,2115
3457539,1911
3458039,1717
3458539,1515
3459039,1322
3459539,1127
3460039,958
3460539,816
3461039,694
3461539,601
3462039,557
3462539,528
3463039,532
3463539,574
3464039,637
3464539,747
3465039,871
3465539,1045
3466039,1221
3466539,1409
3467039,1617
3467539,1815
3468039,2010
3468539,2212
3469039,2408
3469539,2599
3470039,2767
3470539,2917
3471039,3051
3471539,3162
3472039,3221
3472539,3249
3473039,3248
3473539,3198
3474039,3119
3474539,2991
3475039,2855
3475539,2682
3476039,2513
3476539,2317
3477039,2121
3477539,1915
3478039,1717
3478539,1514
3479039,1317
3479539,1127
3480039,960
3480539,815
3481039,691
3481539,603
3482039,553
3482539,529
3483039,528
3483539,572
3484039,637
3484539,747
3485039,870
3485539,1046
3486039,1221
3486539,1411
3487039,1616
3487539,1815
3488039,2011
3488539,2215
3489039,2410
3489539,2603
3490039,2768
3490539,2919
3491039,3050
3491539,3158
3492039,3218
3492539,3254
3493039,3248
3493539,3200
3494039,3119
3494539,2992
3495039,2857
3495539,2684
3496039,2513
3496539,2315
3497039,2117
3497539,1914
3498039,1722
3498539,1515
3499039,1313
3499539,1130
3500039,953
3500539,816
3501039,689
3501539,598
3502039,553
3502539,529
3503039,531
3503539,573
3504039,639
3504539,743
3505039,871
3505539,1044
3506039,1222
3506539,1411
3507039,1617
3507539,1815
3508039,2011
3508539,2215
3509039,2409
3509539,2602
3510039,2768
3510539,2921
3511039,3046
3511539,3154
3512039,3220
3512539,3248
3513039,3248
3513539,3194
3514039,3118
3514539,2991
3515039,2859
3515539,2679
3516039,2512
3516539,2311
3517039,2117
3517539,1913
3518039,1714
3518539,1515
3519039,1315
3519539,1129
3520039,958
3520539,810
3521039,690
3521539,603
3522039,553
3522539,530
3523039,533
3523539,576
3524039,638
3524539,747
3525039,874
3525539,1043
3526039,1221
3526539,1412
3527039,1616
3527539,1817
3528039,2010
3528539,2213
3529039,2408
3529539,2599
3530039,2768
3530539,2919
3531039,3047
3531539,3158
3532039,3218
3532539,3250
3533039,3250
3533539,3200
3534039,3120
3534539,2991
3535039,2859
3535539,2682
3536039,2514
3536539,2313
3537039,2117
3537539,1918
3538039,1719
3538539,1513
3539039,1319
3539539,1130
3540039,959
3540539,814
3541039,691
3541539,602
3542039,555
3542539,531
3543039,529
3543539,570
3544039,637
3544539,746
3545039,869
3545539,1041
3546039,1220
3546539,1409
3547039,1616
3547539,1819
3548039,2007
3548539,2218
3549039,2410
3549539,2603
3550039,2768
3550539,2919
3551039,3051
3551539,3159
3552039,3217
3552539,3253
3553039,3248
3553539,3199
3554039,3121
3554539,2992
3555039,2858
3555539,2683
3556039,2517
3556539,2314
3557039,2119
3557539,1910
3558039,1721
3558539,1516
3559039,1319
3559539,1127
3560039,959
3560539,814
3561039,689
3561539,605
3562039,558
3562539,528
3563039,529
3563539,571
3564039,635
3564539,742
3565039,872
3565539,1045
3566039,1219
3566539,1411
3567039,1616
3567539,1817
3568039,2005
3568539,2211
3569039,2413
3569539,2601
3570039,2769
3570539,2916
3571039,3051
3571539,3157
3572039,3220
3572539,3248
3573039,3248
3573539,3200
3574039,3120
3574539,2992
3575039,2857
3575539,2685
3576039,2517
3576539,2315
3577039,2119
3577539,1915
3578039,1719
3578539,1514
3579039,1315
3579539,1129
3580039,960
3580539,814
3581039,691
3581539,603
3582039,557
3582539,529
3583039,528
3583539,575
3584039,640
3584539,749
3585039,872
3585539,1042
3586039,1222
3586539,1416
3587039,1613
3587539,1817
3588039,2009
3588539,2215
3589039,2413
3589539,2602
3590039,2768
3590539,2922
3591039,3052
3591539,3155
3592039,3217
3592539,3254
3593039,3250
3593539,3199
3594039,3120
3594539,2992
3595039,2857
3595539,2688
3596039,2515
3596539,2315
3597039,2118
3597539,1913
3598039,1719
3598539,1513
3599039,1313
3599539,1130
3600039,957
3600539,815
3601039,690
3601539,599
3602039,559
3602539,528
3603039,528
3603539,574
3604039,638
3604539,749
3605039,871
3605539,1041
3606039,1223
3606539,1414
3607039,1616
3607539,1819
3608039,2007
3608539,2218
3609039,2412
3609539,2598
3610039,2768
3610539,2919
3611039,3056
3611539,3161
3612039,3216
3612539,3250
3613039,3252
3613539,3198
3614039,3120
3614539,2992
3615039,2861
3615539,2683
3616039,2515
3616539,2314
3617039,2119
3617539,1911
3618039,1721
3618539,1515
3619039,1318
3619539,1124
3620039,958
3620539,815
3621039,690
3621539,597
3622039,556
3622539,531
3623039,528
3623539,574
3624039,638
3624539,743
3625039,871
3625539,1045
3626039,1219
3626539,1409
3627039,1616
3627539,1815
3628039,2009
3628539,2219
3629039,2411
3629539,2603
3630039,2766
3630539,2919
3631039,3054
3631539,3159
3632039,3216
3632539,3249
3633039,3248
3633539,3198
3634039,3117
3634539,2992
3635039,2855
3635539,2685
3636039,2512
3636539,2313
3637039,2118
3637539,1913
3638039,1714
3638539,1513
3639039,1317
3639539,1125
3640039,958
3640539,816
3641039,689
3641539,599
3642039,557
3642539,528
3643039,534
3643539,571
3644039,634
3644539,747
3645039,873
3645539,1043
3646039,1223
3646539,1415
3647039,1614
3647539,1815
3648039,2012
3648539,2215
3649039,2409
3649539,2598
3650039,2768
3650539,2918
3651039,3051
3651539,3156
3652039,3218
3652539,3249
3653039,3248
3653539,3200
3654039,3119
3654539,2991
3655039,2861
3655539,2679
3656039,2515
3656539,2316
3657039,2119
3657539,1913
3658039,1717
3658539,1516
3659039,1315
3659539,1126
3660039,958
3660539,814
3661039,691
3661539,599
3662039,557
3662539,528
3663039,528
3663539,575
3664039,638
3664539,751
3665039,871
3665539,1045
3666039,1220
3666539,1414
3667039,1614
3667539,1813
3668039,2011
3668539,2211
3669039,2407
3669539,2599
3670039,2767
3670539,2923
3671039,3047
3671539,3159
3672039,3219
3672539,3254
3673039,3248
3673539,3200
3674039,3120
3674539,2994
3675039,2858
3675539,2679
3676039,2514
3676539,2315
3677039,2121
3677539,1911
3678039,1715
3678539,1514
3679039,1316
3679539,1123
3680039,956
3680539,815
3681039,691
3681539,598
3682039,554
3682539,528
3683039,531
3683539,574
3684039,640
3684539,751
3685039,874
3685539,1042
3686039,1219
3686539,1412
3687039,1617
3687539,1814
3688039,2010
3688539,2213
3689039,2409
3689539,2602
3690039,2765
3690539,2918
3691039,3049
3691539,3162
3692039,3217
3692539,3248
3693039,3250
3693539,3200
3694039,3119
3694539,2991
3695039,2861
3695539,2684
3696039,2513
3696539,2315
3697039,2122
3697539,1916
3698039,1720
3698539,1511
3699039,1318
3699539,1127
3700039,956
3700539,815
3701039,689
3701539,601
3702039,554
3702539,529
3703039,529
3703539,573
3704039,636
3704539,752
3705039,870
3705539,1043
3706039,1217
3706539,1410
3707039,1615
3707539,1817
3708039,2013
3708539,2212
3709039,2411
3709539,2603
3710039,2768
3710539,2918
3711039,3053
3711539,3156
3712039,3216
3712539,3249
3713039,3249
3713539,3198
3714039,3120
3714539,2992
3715039,2858
3715539,2682
3716039,2514
3716539,2311
3717039,2117
3717539,1914
3718039,1717
3718539,1513
3719039,1318
3719539,1125
3720039,959
3720539,811
3721039,694
3721539,603
3722039,557
3722539,528
3723039,529
3723539,575
3724039,638
3724539,742
3725039,869
3725539,1044
3726039,1219
3726539,1410
3727039,1616
3727539,1818
3728039,2013
3728539,2215
3729039,2410
3729539,2603
3730039,2766
3730539,2919
3731039,3053
3731539,3159
3732039,3217
3732539,3248
3733039,3248
3733539,3200
3734039,3116
3734539,2992
3735039,2855
3735539,2685
3736039,2513
3736539,2308
3737039,2115
3737539,1915
3738039,1716
3738539,1513
3739039,1316
3739539,1131
3740039,958
3740539,816
3741039,695
3741539,603
3742039,551
3742539,528
3743039,528
3743539,571
3744039,639
3744539,746
3745039,873
3745539,1046
3746039,1222
3746539,1411
3747039,1616
3747539,1814
3748039,2012
3748539,2214
3749039,2413
3749539,2603
3750039,2768
3750539,2923
3751039,3047
3751539,3157
3752039,3218
3752539,3254
3753039,3248
3753539,3199
3754039,3119
3754539,2991
3755039,2861
3755539,2681
3756039,2518
3756539,2317
3757039,2121
3757539,1913
3758039,1720
3758539,1514
3759039,1313
3759539,1127
3760039,957
3760539,815
3761039,689
3761539,601
3762039,558
3762539,529
3763039,530
3763539,576
3764039,638
3764539,741
3765039,868
3765539,1040
3766039,1219
3766539,1414
3767039,1615
3767539,1819
3768039,2007
3768539,2214
3769039,2407
3769539,2601
3770039,2763
3770539,2919
3771039,3049
3771539,3161
3772039,3219
3772539,3250
3773039,3248
3773539,3200
3774039,3119
3774539,2991
3775039,2861
3775539,2685
3776039,2515
3776539,2316
3777039,2119
3777539,1908
3778039,1721
3778539,1517
3779039,1319
3779539,1130
3780039,958
3780539,814
3781039,690
3781539,603
3782039,553
3782539,528
3783039,533
3783539,571
3784039,639
3784539,751
3785039,871
3785539,1047
3786039,1221
3786539,1408
3787039,1616
3787539,1811
3788039,2005
3788539,2217
3789039,2411
3789539,2599
3790039,2768
3790539,2918
3791039,3055
3791539,3159
3792039,3217
3792539,3250
3793039,3248
3793539,3205
3794039,3120
3794539,2992
3795039,2859
3795539,2688
3796039,2512
3796539,2317
3797039,2121
3797539,1915
3798039,1717
3798539,1509
3799039,1318
3799539,1126
3800039,957
3800539,816
3801039,694
3801539,605
3802039,555
3802539,532
3803039,530
3803539,573
3804039,641
3804539,749
3805039,871
3805539,1045
3806039,1221
3806539,1413
3807039,1616
3807539,1814
3808039,2007
3808539,2217
3809039,2412
3809539,2601
3810039,2769
3810539,2920
3811039,3050
3811539,3157
3812039,3216
3812539,3248
3813039,3248
3813539,3199
3814039,3115
3814539,2986
3815039,2861
3815539,2684
3816039,2516
3816539,2316
3817039,2118
3817539,1915
3818039,1719
3818539,1514
3819039,1319
3819539,1129
3820039,959
3820539,814
3821039,690
3821539,603
3822039,551
3822539,529
3823039,530
3823539,573
3824039,638
3824539,748
3825039,867
3825539,1044
3826039,1223
3826539,1413
3827039,1615
3827539,1811
3828039,2007
3828539,2213
3829039,2407
3829539,2598
3830039,2768
3830539,2916
3831039,3051
3831539,3161
3832039,3219
3832539,3247
3833039,3248
3833539,3199
3834039,3119
3834539,2992
3835039,2862
3835539,2679
3836039,2518
3836539,2319
3837039,2117
3837539,1910
3838039,1719
3838539,1518
3839039,1318
3839539,1123
3840039,957
3840539,812
3841039,691
3841539,598
3842039,551
3842539,527
3843039,531
3843539,570
3844039,639
3844539,746
3845039,871
3845539,1041
3846039,1219
3846539,1410
3847039,1615
3847539,1814
3848039,2009
3848539,2214
3849039,2411
3849539,2598
3850039,2767
3850539,2917
3851039,3052
3851539,3159
3852039,3216
3852539,3248
3853039,3248
3853539,3199
3854039,3120
3854539,2992
3855039,2861
3855539,2681
3856039,2517
3856539,2315
3857039,2114
3857539,1911
3858039,1722
3858539,1516
3859039,1318
3859539,1130
3860039,955
3860539,813
3861039,693
3861539,599
3862039,555
3862539,528
3863039,528
3863539,574
3864039,636
3864539,745
3865039,870
3865539,1042
3866039,1221
3866539,1409
3867039,1616
3867539,1819
3868039,2008
3868539,2214
3869039,2409
3869539,2602
3870039,2765
3870539,2922
3871039,3051
3871539,3157
3872039,3219
3872539,3255
3873039,3248
3873539,3198
3874039,3120
3874539,2991
3875039,2860
3875539,2687
3876039,2515
3876539,2316
3877039,2121
3877539,1911
3878039,1715
3878539,1515
3879039,1316
3879539,1134
3880039,957
3880539,813
3881039,690
3881539,602
3882039,557
3882539,528
3883039,528
3883539,573
3884039,638
3884539,748
3885039,867
3885539,1041
3886039,1225
3886539,1417
3887039,1616
3887539,1817
3888039,2009
3888539,2211
3889039,2406
3889539,2602
3890039,2767
3890539,2920
3891039,3053
3891539,3155
3892039,3216
3892539,3251
3893039,3248
3893539,3199
3894039,3117
3894539,2992
3895039,2859
3895539,2683
3896039,2514
3896539,2315
3897039,2118
3897539,1915
3898039,1717
3898539,1516
3899039,1319
3899539,1129
3900039,960
3900539,815
3901039,692
3901539,601
3902039,554
3902539,528
3903039,529
3903539,572
3904039,637
3904539,742
3905039,871
3905539,1046
3906039,1222
3906539,1413
3907039,1616
3907539,1817
3908039,2006
3908539,2214
3909039,2409
3909539,2602
3910039,2767
3910539,2919
3911039,3051
3911539,3158
3912039,3219
3912539,3249
3913039,3247
3913539,3199
3914039,3119
3914539,2992
3915039,2857
3915539,2686
3916039,2514
3916539,2318
3917039,2117
3917539,1917
3918039,1719
3918539,1515
3919039,1317
3919539,1130
3920039,957
3920539,816
3921039,691
3921539,599
3922039,557
3922539,529
3923039,531
3923539,573
3924039,640
3924539,746
3925039,869
3925539,1043
3926039,1220
3926539,1411
3927039,1615
3927539,1817
3928039,2007
3928539,2215
3929039,2409
3929539,2602
3930039,2766
3930539,2917
3931039,3051
3931539,3158
3932039,3217
3932539,3251
3933039,3248
3933539,3197
3934039,3120
3934539,2989
3935039,2859
3935539,2682
3936039,2512
3936539,2317
3937039,2115
3937539,1913
3938039,1715
3938539,1515
3939039,1317
3939539,1128
3940039,955
3940539,812
3941039,688
3941539,602
3942039,555
3942539,529
3943039,533
3943539,570
3944039,637
3944539,745
3945039,870
3945539,1040
3946039,1222
3946539,1410
3947039,1616
3947539,1813
3948039,2010
3948539,2211
3949039,2406
3949539,2600
3950039,2765
3950539,2914
3951039,3050
3951539,3154
3952039,3216
3952539,3248
3953039,3247
3953539,3199
3954039,3114
3954539,2992
3955039,2862
3955539,2685
3956039,2514
3956539,2315
3957039,2119
3957539,1911
3958039,1721
3958539,1515
3959039,1317
3959539,1131
3960039,960
3960539,814
3961039,693
3961539,601
3962039,555
3962539,529
3963039,530
3963539,573
3964039,639
3964539,750
3965039,868
3965539,1045
3966039,1218
3966539,1411
3967039,1614
3967539,1815
3968039,2012
3968539,2217
3969039,2411
3969539,2601
3970039,2768
3970539,2921
3971039,3055
3971539,3159
3972039,3218
3972539,3253
3973039,3248
3973539,3198
3974039,3118
3974539,2992
3975039,2854
3975539,2679
3976039,2514
3976539,2315
3977039,2117
3977539,1914
3978039,1714
3978539,1513
3979039,1315
3979539,1126
3980039,957
3980539,811
3981039,694
3981539,601
3982039,553
3982539,529
3983039,531
3983539,571
3984039,635
3984539,749
3985039,868
3985539,1043
3986039,1220
3986539,1414
3987039,1615
3987539,1813
3988039,2004
3988539,2215
3989039,2410
3989539,2599
3990039,2768
3990539,2917
3991039,3051
3991539,3158
3992039,3216
3992539,3249
3993039,3248
3993539,3197
3994039,3119
3994539,2992
3995039,2858
3995539,2686
3996039,2512
3996539,2314
3997039,2123
3997539,1918
3998039,1723
3998539,1519
3999039,1318
3999539,1127
4000039,958
4000539,814
4001039,688
4001539,605
4002039,555
4002539,531
4003039,531
4003539,567
4004039,634
4004539,743
4005039,869
4005539,1041
4006039,1222
4006539,1415
4007039,1616
4007539,1813
4008039,2006
4008539,2214
4009039,2410
4009539,2601
4010039,2770
4010539,2919
4011039,3054
4011539,3159
4012039,3216
4012539,3248
4013039,3248
4013539,3199
4014039,3118
4014539,2992
4015039,2858
4015539,2682
4016039,2513
4016539,2317
4017039,2118
4017539,1914
4018039,1718
4018539,1512
4019039,1319
4019539,1127
4020039,957
4020539,811
4021039,689
4021539,603
4022039,552
4022539,528
4023039,529
4023539,576
4024039,639
4024539,747
4025039,871
4025539,1042
4026039,1219
4026539,1411
4027039,1614
4027539,1813
4028039,2009
4028539,2209
4029039,2409
4029539,2601
4030039,2768
4030539,2922
4031039,3051
4031539,3161
4032039,3216
4032539,3250
4033039,3248
4033539,3199
4034039,3120
4034539,2992
4035039,2857
4035539,2687
4036039,2514
4036539,2317
4037039,2118
4037539,1917
4038039,1718
4038539,1515
4039039,1315
4039539,1129
4040039,959
4040539,816
4041039,690
4041539,603
4042039,555
4042539,533
4043039,533
4043539,571
4044039,635
4044539,746
4045039,867
4045539,1042
4046039,1221
4046539,1410
4047039,1616
4047539,1811
4048039,2006
4048539,2217
4049039,2407
4049539,2605
4050039,2768
4050539,2918
4051039,3053
4051539,3155
4052039,3223
4052539,3249
4053039,3248
4053539,3198
4054039,3119
4054539,2992
4055039,2855
4055539,2685
4056039,2514
4056539,2317
4057039,2115
4057539,1911
4058039,1722
4058539,1515
4059039,1317
4059539,1126
4060039,955
4060539,812
4061039,691
4061539,602
4062039,551
4062539,528
4063039,529
4063539,571
4064039,638
4064539,748
4065039,870
4065539,1045
4066039,1219
4066539,1413
4067039,1616
4067539,1817
4068039,2013
4068539,2215
4069039,2410
4069539,2602
4070039,2768
4070539,2919
4071039,3049
4071539,3158
4072039,3217
4072539,3249
4073039,3246
4073539,3196
4074039,3115
4074539,2990
4075039,2854
4075539,2684
4076039,2513
4076539,2315
4077039,2119
4077539,1909
4078039,1719
4078539,1516
4079039,1315
4079539,1131
4080039,957
4080539,815
4081039,693
4081539,597
4082039,557
4082539,528
4083039,531
4083539,575
4084039,633
4084539,750
4085039,870
4085539,1041
4086039,1219
4086539,1414
4087039,1616
4087539,1814
4088039,2014
4088539,2211
4089039,2407
4089539,2598
4090039,2768
4090539,2917
4091039,3053
4091539,3161
4092039,3219
4092539,3248
4093039,3245
4093539,3202
4094039,3120
4094539,2992
4095039,2858
4095539,2678
4096039,2513
4096539,2317
4097039,2119
4097539,1914
4098039,1721
4098539,1518
4099039,1316
4099539,1130
4100039,956
4100539,813
4101039,691
4101539,599
4102039,556
4102539,528
4103039,529
4103539,574
4104039,639
4104539,746
4105039,871
4105539,1043
4106039,1218
4106539,1411
4107039,1614
4107539,1817
4108039,2007
4108539,2214
4109039,2407
4109539,2601
4110039,2768
4110539,2923
4111039,3051
4111539,3161
4112039,3216
4112539,3246
4113039,3248
4113539,3200
4114039,3117
4114539,2991
4115039,2860
4115539,2685
4116039,2515
4116539,2313
4117039,2121
4117539,1911
4118039,1718
4118539,1514
4119039,1314
4119539,1126
4120039,959
4120539,813
4121039,694
4121539,605
4122039,555
4122539,528
4123039,530
4123539,573
4124039,639
4124539,747
4125039,871
4125539,1045
4126039,1218
4126539,1411
4127039,1613
4127539,1811
4128039,2006
4128539,2214
4129039,2409
4129539,2599
4130039,2768
4130539,2917
4131039,3049
4131539,3156
4132039,3218
4132539,3248
4133039,3251
4133539,3197
4134039,3119
4134539,2990
4135039,2853
4135539,2684
4136039,2516
4136539,2317
4137039,2117
4137539,1917
4138039,1721
4138539,1515
4139039,1314
4139539,1122
4140039,956
4140539,813
4141039,688
4141539,601
4142039,557
4142539,532
4143039,530
4143539,573
4144039,636
4144539,751
4145039,875
4145539,1045
4146039,1226
4146539,1412
4147039,1616
4147539,1815
4148039,2009
4148539,2215
4149039,2412
4149539,2601
4150039,2768
4150539,2921
4151039,3045
4151539,3158
4152039,3218
4152539,3248
4153039,3250
4153539,3201
4154039,3120
4154539,2992
4155039,2855
4155539,2685
4156039,2514
4156539,2312
4157039,2122
4157539,1914
4158039,1719
4158539,1513
4159039,1315
4159539,1126
4160039,960
4160539,815
4161039,693
4161539,602
4162039,558
4162539,528
4163039,529
4163539,573
4164039,640
4164539,748
4165039,868
4165539,1044
4166039,1221
4166539,1411
4167039,1615
4167539,1819
4168039,2007
4168539,2210
4169039,2408
4169539,2601
4170039,2765
4170539,2914
4171039,3055
4171539,3166
4172039,3216
4172539,3249
4173039,3248
4173539,3200
4174039,3120
4174539,2992
4175039,2861
4175539,2682
4176039,2513
4176539,2311
4177039,2113
4177539,1911
4178039,1718
4178539,1518
4179039,1315
4179539,1131
4180039,956
4180539,815
4181039,694
4181539,602
4182039,554
4182539,528
4183039,531
4183539,571
4184039,639
4184539,747
4185039,871
4185539,1043
4186039,1223
4186539,1414
4187039,1616
4187539,1811
4188039,2005
4188539,2215
4189039,2411
4189539,2596
4190039,2767
4190539,2920
4191039,3051
4191539,3157
4192039,3220
4192539,3251
4193039,3248
4193539,3196
4194039,3114
4194539,2991
4195039,2851
4195539,2683
4196039,2512
4196539,2313
4197039,2117
4197539,1909
4198039,1717
4198539,1514
4199039,1318
4199539,1131
4200039,960
4200539,814
4201039,693
4201539,601
4202039,558
4202539,528
4203039,533
4203539,574
4204039,640
4204539,746
4205039,875
4205539,1045
4206039,1226
4206539,1409
4207039,1613
4207539,1817
4208039,2011
4208539,2214
4209039,2409
4209539,2599
4210039,2768
4210539,2917
4211039,3050
4211539,3158
4212039,3220
4212539,3250
4213039,3251
4213539,3199
4214039,3120
4214539,2992
4215039,2864
4215539,2683
4216039,2513
4216539,2316
4217039,2119
4217539,1912
4218039,1717
4218539,1511
4219039,1319
4219539,1130
4220039,954
4220539,815
4221039,691
4221539,601
4222039,559
4222539,528
4223039,530
4223539,571
4224039,637
4224539,750
4225039,873
4225539,1043
4226039,1220
4226539,1409
4227039,1616
4227539,1818
4228039,2009
4228539,2217
4229039,2406
4229539,2602
4230039,2768
4230539,2921
4231039,3047
4231539,3157
4232039,3217
4232539,3253
4233039,3253
4233539,3196
4234039,3120
4234539,2992
4235039,2861
4235539,2685
4236039,2512
4236539,2313
4237039,2115
4237539,1917
4238039,1713
4238539,1514
4239039,1318
4239539,1131
4240039,958
4240539,816
4241039,690
4241539,602
4242039,555
4242539,529
4243039,528
4243539,573
4244039,638
4244539,745
4245039,868
4245539,1043
4246039,1221
4246539,1412
4247039,1616
4247539,1815
4248039,2013
4248539,2210
4249039,2407
4249539,2606
4250039,2767
4250539,2913
4251039,3055
4251539,3164
4252039,3216
4252539,3252
4253039,3246
4253539,3199
4254039,3120
4254539,2992
4255039,2859
4255539,2683
4256039,2515
4256539,2319
4257039,2118
4257539,1917
4258039,1717
4258539,1514
4259039,1318
4259539,1127
4260039,954
4260539,812
4261039,693
4261539,599
4262039,558
4262539,529
4263039,527
4263539,573
4264039,637
4264539,748
4265039,873
4265539,1046
4266039,1219
4266539,1411
4267039,1615
4267539,1814
4268039,2011
4268539,2215
4269039,2409
4269539,2603
4270039,2769
4270539,2918
4271039,3051
4271539,3157
4272039,3222
4272539,3252
4273039,3245
4273539,3202
4274039,3120
4274539,2990
4275039,2860
4275539,2684
4276039,2516
4276539,2311
4277039,2119
4277539,1914
4278039,1716
4278539,1515
4279039,1318
4279539,1126
4280039,959
4280539,813
4281039,690
4281539,598
4282039,554
4282539,530
4283039,529
4283539,573
4284039,641
4284539,746
4285039,873
4285539,1042
4286039,1219
4286539,1408
4287039,1611
4287539,1817
4288039,2011
4288539,2212
4289039,2407
4289539,2601
4290039,2768
4290539,2917
4291039,3055
4291539,3157
4292039,3221
4292539,3248
4293039,3251
4293539,3195
4294039,3119
4294539,2994
4295039,2858
4295539,2685
4296039,2513
4296539,2311
4297039,2116
4297539,1907
4298039,1715
4298539,1511
4299039,1314
4299539,1127
4300039,954
4300539,811
4301039,691
4301539,600
4302039,555
4302539,528
4303039,533
4303539,572
4304039,640
4304539,747
4305039,869
4305539,1042
4306039,1223
4306539,1412
4307039,1615
4307539,1812
4308039,2006
4308539,2210
4309039,2410
4309539,2601
4310039,2768
4310539,2915
4311039,3047
4311539,3157
4312039,3216
4312539,3254
4313039,3243
4313539,3200
4314039,3120
4314539,2992
4315039,2863
4315539,2687
4316039,2515
4316539,2318
4317039,2121
4317539,1915
4318039,1722
4318539,1517
4319039,1315
4319539,1130
4320039,957
4320539,813
4321039,692
4321539,603
4322039,554
4322539,528
4323039,528
4323539,569
4324039,637
4324539,750
4325039,877
4325539,1047
4326039,1220
4326539,1410
4327039,1616
4327539,1820
4328039,2007
4328539,2211
4329039,2409
4329539,2603
4330039,2766
4330539,2919
4331039,3050
4331539,3157
4332039,3222
4332539,3248
4333039,3248
4333539,3197
4334039,3120
4334539,2992
4335039,2858
4335539,2687
4336039,2513
4336539,2313
4337039,2119
4337539,1911
4338039,1722
4338539,1514
4339039,1315
4339539,1125
4340039,957
4340539,814
4341039,690
4341539,601
4342039,557
4342539,528
4343039,534
4343539,574
4344039,639
4344539,745
4345039,870
4345539,1045
4346039,1227
4346539,1410
4347039,1615
4347539,1815
4348039,2011
4348539,2215
4349039,2405
4349539,2597
4350039,2768
4350539,2914
4351039,3050
4351539,3157
4352039,3215
4352539,3249
4353039,3252
4353539,3197
4354039,3120
4354539,2991
4355039,2859
4355539,2683
4356039,2515
4356539,2314
4357039,2122
4357539,1910
4358039,1715
4358539,1511
4359039,1318
4359539,1127
4360039,959
4360539,815
4361039,690
4361539,599
4362039,559
4362539,530
4363039,528
4363539,573
4364039,640
4364539,747
4365039,870
4365539,1043
4366039,1222
4366539,1410
4367039,1611
4367539,1817
4368039,2006
4368539,2211
4369039,2408
4369539,2603
4370039,2768
4370539,2925
4371039,3049
4371539,3159
4372039,3221
4372539,3249
4373039,3248
4373539,3200
4374039,3118
4374539,2992
4375039,2860
4375539,2679
4376039,2516
4376539,2315
4377039,2117
4377539,1911
4378039,1721
4378539,1518
4379039,1316
4379539,1130
4380039,957
4380539,812
4381039,692
4381539,605
4382039,555
4382539,528
4383039,530
4383539,570
4384039,640
4384539,747
4385039,871
4385539,1046
4386039,1219
4386539,1411
4387039,1615
4387539,1815
4388039,2010
4388539,2211
4389039,2407
4389539,2599
4390039,2767
4390539,2922
4391039,3050
4391539,3157
4392039,3221
4392539,3247
4393039,3248
4393539,3200
4394039,3118
4394539,2992
4395039,2860
4395539,2686
4396039,2514
4396539,2317
4397039,2118
4397539,1915
4398039,1715
4398539,1511
4399039,1312
4399539,1130
4400039,958
4400539,811
4401039,692
4401539,605
4402039,558
4402539,528
4403039,528
4403539,571
4404039,639
4404539,749
4405039,871
4405539,1040
4406039,1224
4406539,1408
4407039,1616
4407539,1817
4408039,2011
4408539,2218
4409039,2410
4409539,2601
4410039,2769
4410539,2918
4411039,3049
4411539,3155
4412039,3218
4412539,3251
4413039,3254
4413539,3199
4414039,3120
4414539,2992
4415039,2861
4415539,2685
4416039,2513
4416539,2314
4417039,2114
4417539,1914
4418039,1719
4418539,1517
4419039,1319
4419539,1131
4420039,959
4420539,807
4421039,690
4421539,601
4422039,555
4422539,528
4423039,530
4423539,574
4424039,641
4424539,749
4425039,871
4425539,1042
4426039,1219
4426539,1411
4427039,1616
4427539,1815
4428039,2011
4428539,2213
4429039,2410
4429539,2603
4430039,2768
4430539,2919
4431039,3050
4431539,3158
4432039,3219
4432539,3249
4433039,3248
4433539,3200
4434039,3120
4434539,2992
4435039,2859
4435539,2685
4436039,2514
4436539,2311
4437039,2120
4437539,1910
4438039,1716
4438539,1517
4439039,1314
4439539,1126
4440039,955
4440539,814
4441039,692
4441539,603
4442039,555
4442539,526
4443039,528
4443539,575
4444039,638
4444539,743
4445039,871
4445539,1046
4446039,1221
4446539,1410
4447039,1615
4447539,1815
4448039,2010
4448539,2214
4449039,2411
4449539,2602
4450039,2768
4450539,2923
4451039,3055
4451539,3157
4452039,3221
4452539,3252
4453039,3248
4453539,3200
4454039,3118
4454539,2992
4455039,2860
4455539,2686
4456039,2513
4456539,2314
4457039,2116
4457539,1914
4458039,1719
4458539,1519
4459039,1315
4459539,1131
4460039,960
4460539,811
4461039,689
4461539,603
4462039,555
4462539,528
4463039,529
4463539,571
4464039,639
4464539,744
4465039,870
4465539,1040
4466039,1221
4466539,1414
4467039,1618
4467539,1814
4468039,2008
4468539,2217
4469039,2412
4469539,2603
4470039,2768
4470539,2918
4471039,3050
4471539,3159
4472039,3219
4472539,3250
4473039,3248
4473539,3195
4474039,3117
4474539,2992
4475039,2859
4475539,2682
4476039,2515
4476539,2315
4477039,2125
4477539,1911
4478039,1716
4478539,1510
4479039,1315
4479539,1130
4480039,954
4480539,813
4481039,689
4481539,599
4482039,557
4482539,528
4483039,528
4483539,575
4484039,639
4484539,745
4485039,871
4485539,1045
4486039,1221
4486539,1414
4487039,1616
4487539,1815
4488039,2009
4488539,2213
4489039,2409
4489539,2604
4490039,2767
4490539,2919
4491039,3049
4491539,3156
4492039,3216
4492539,3249
4493039,3248
4493539,3198
4494039,3115
4494539,2992
4495039,2860
4495539,2687
4496039,2515
4496539,2313
4497039,2116
4497539,1910
4498039,1719
4498539,1515
4499039,1316
4499539,1127
4500039,956
4500539,813
4501039,693
4501539,602
4502039,557
4502539,530
4503039,531
4503539,571
4504039,638
4504539,747
4505039,869
4505539,1041
4506039,1217
4506539,1412
4507039,1615
4507539,1817
4508039,2009
4508539,2213
4509039,2410
4509539,2601
4510039,2765
4510539,2918
4511039,3051
4511539,3159
4512039,3216
4512539,3249
4513039,3248
4513539,3195
4514039,3120
4514539,2987
4515039,2854
4515539,2682
4516039,2513
4516539,2314
4517039,2118
4517539,1915
4518039,1718
4518539,1517
4519039,1317
4519539,1129
4520039,954
4520539,814
4521039,691
4521539,601
4522039,559
4522539,528
4523039,528
4523539,571
4524039,640
4524539,747
4525039,870
4525539,1045
4526039,1222
4526539,1413
4527039,1616
4527539,1815
4528039,2007
4528539,2214
4529039,2409
4529539,2603
4530039,2769
4530539,2917
4531039,3049
4531539,3158
4532039,3216
4532539,3248
4533039,3248
4533539,3198
4534039,3119
4534539,2992
4535039,2863
4535539,2683
4536039,2512
4536539,2314
4537039,2119
4537539,1913
4538039,1715
4538539,1514
4539039,1319
4539539,1127
4540039,958
4540539,814
4541039,693
4541539,598
4542039,556
4542539,531
4543039,528
4543539,573
4544039,635
4544539,746
4545039,867
4545539,1045
4546039,1222
4546539,1410
4547039,1617
4547539,1821
4548039,2010
4548539,2218
4549039,2410
4549539,2601
4550039,2769
4550539,2921
4551039,3050
4551539,3156
4552039,3219
4552539,3248
4553039,3248
4553539,3200
4554039,3115
4554539,2992
4555039,2857
4555539,2682
4556039,2521
4556539,2317
4557039,2116
4557539,1914
4558039,1719
4558539,1519
4559039,1317
4559539,1127
4560039,959
4560539,816
4561039,691
4561539,608
4562039,559
4562539,532
4563039,531
4563539,571
4564039,635
4564539,747
4565039,869
4565539,1041
4566039,1221
4566539,1410
4567039,1614
4567539,1817
4568039,2011
4568539,2211
4569039,2406
4569539,2603
4570039,2767
4570539,2922
4571039,3052
4571539,3159
4572039,3216
4572539,3248
4573039,3248
4573539,3199
4574039,3120
4574539,2991
4575039,2858
4575539,2683
4576039,2512
4576539,2318
4577039,2115
4577539,1911
4578039,1717
4578539,1513
4579039,1318
4579539,1130
4580039,958
4580539,815
4581039,688
4581539,602
4582039,553
4582539,529
4583039,531
4583539,573
4584039,641
4584539,743
4585039,876
4585539,1045
4586039,1221
4586539,1413
4587039,1615
4587539,1821
4588039,2010
4588539,2213
4589039,2406
4589539,2598
4590039,2768
4590539,2917
4591039,3051
4591539,3157
4592039,3216
4592539,3251
4593039,3248
4593539,3200
4594039,3120
4594539,2992
4595039,2854
4595539,2686
4596039,2515
4596539,2311
4597039,2119
4597539,1919
4598039,1717
4598539,1515
4599039,1317
4599539,1127
4600039,958
4600539,811
4601039,693
4601539,595
4602039,553
4602539,529
4603039,529
4603539,574
4604039,637
4604539,750
4605039,869
4605539,1049
4606039,1219
4606539,1411
4607039,1616
4607539,1817
4608039,2007
4608539,2215
4609039,2410
4609539,2602
4610039,2767
4610539,2915
4611039,3050
4611539,3157
4612039,3216
4612539,3248
4613039,3246
4613539,3201
4614039,3113
4614539,2992
4615039,2856
4615539,2683
4616039,2516
4616539,2313
4617039,2112
4617539,1913
4618039,1719
4618539,1517
4619039,1315
4619539,1127
4620039,959
4620539,815
4621039,691
4621539,601
4622039,551
4622539,531
4623039,535
4623539,571
4624039,640
4624539,749
4625039,871
4625539,1046
4626039,1222
4626539,1411
4627039,1616
4627539,1818
4628039,2013
4628539,2214
4629039,2407
4629539,2599
4630039,2767
4630539,2919
4631039,3053
4631539,3158
4632039,3216
4632539,3248
4633039,3248
4633539,3197
4634039,3117
4634539,2992
4635039,2859
4635539,2686
4636039,2512
4636539,2313
4637039,2117
4637539,1914
4638039,1716
4638539,1517
4639039,1313
4639539,1127
4640039,959
4640539,813
4641039,692
4641539,601
4642039,557
4642539,529
4643039,529
4643539,574
4644039,636
4644539,747
4645039,871
4645539,1045
4646039,1221
4646539,1410
4647039,1615
4647539,1813
4648039,2013
4648539,2212
4649039,2411
4649539,2602
4650039,2768
4650539,2923
4651039,3049
4651539,3158
4652039,3218
4652539,3249
4653039,3248
4653539,3200
4654039,3120
4654539,2989
4655039,2853
4655539,2682
4656039,2513
4656539,2317
4657039,2119
4657539,1910
4658039,1715
4658539,1510
4659039,1315
4659539,1130
4660039,953
4660539,811
4661039,689
4661539,602
4662039,553
4662539,529
4663039,528
4663539,573
4664039,639
4664539,749
4665039,867
4665539,1042
4666039,1223
4666539,1410
4667039,1616
4667539,1818
4668039,2011
4668539,2213
4669039,2409
4669539,2599
4670039,2767
4670539,2917
4671039,3049
4671539,3155
4672039,3217
4672539,3248
4673039,3249
4673539,3201
4674039,3117
4674539,2989
4675039,2858
4675539,2685
4676039,2513
4676539,2315
4677039,2124
4677539,1911
4678039,1717
4678539,1516
4679039,1317
4679539,1130
4680039,957
4680539,814
4681039,691
4681539,602
4682039,556
4682539,528
4683039,530
4683539,571
4684039,639
4684539,749
4685039,866
4685539,1041
4686039,1221
4686539,1410
4687039,1616
4687539,1820
4688039,2008
4688539,2214
4689039,2410
4689539,2603
4690039,2767
4690539,2921
4691039,3047
4691539,3158
4692039,3219
4692539,3253
4693039,3248
4693539,3197
4694039,3119
4694539,2989
4695039,2858
4695539,2684
4696039,2513
4696539,2311
4697039,2121
4697539,1914
4698039,1719
4698539,1518
4699039,1317
4699539,1125
4700039,959
4700539,815
4701039,692
4701539,603
4702039,555
4702539,528
4703039,529
4703539,575
4704039,637
4704539,745
4705039,871
4705539,1040
4706039,1225
4706539,1411
4707039,1613
4707539,1815
4708039,2010
4708539,2213
4709039,2407
4709539,2599
4710039,2767
4710539,2918
4711039,3055
4711539,3155
4712039,3218
4712539,3248
4713039,3247
4713539,3202
4714039,3120
4714539,2992
4715039,2859
4715539,2688
4716039,2515
4716539,2315
4717039,2118
4717539,1909
4718039,1719
4718539,1516
4719039,1316
4719539,1127
4720039,958
4720539,813
4721039,689
4721539,598
4722039,555
4722539,530
4723039,531
4723539,576
4724039,639
4724539,745
4725039,868
4725539,1043
4726039,1221
4726539,1414
4727039,1617
4727539,1811
4728039,2013
4728539,2215
4729039,2414
4729539,2601
4730039,2767
4730539,2919
4731039,3051
4731539,3158
4732039,3219
4732539,3250
4733039,3249
4733539,3199
4734039,3117
4734539,2987
4735039,2859
4735539,2687
4736039,2517
4736539,2311
4737039,2118
4737539,1912
4738039,1715
4738539,1514
4739039,1317
4739539,1129
4740039,958
4740539,815
4741039,691
4741539,603
4742039,551
4742539,528
4743039,528
4743539,570
4744039,639
4744539,749
4745039,865
4745539,1043
4746039,1221
4746539,1413
4747039,1615
4747539,1812
4748039,2005
4748539,2213
4749039,2411
4749539,2599
4750039,2768
4750539,2917
4751039,3053
4751539,3154
4752039,3217
4752539,3251
4753039,3248
4753539,3194
4754039,3119
4754539,2991
4755039,2859
4755539,2686
4756039,2518
4756539,2318
4757039,2117
4757539,1915
4758039,1718
4758539,1515
4759039,1317
4759539,1129
4760039,959
4760539,814
4761039,688
4761539,599
4762039,557
4762539,528
4763039,530
4763539,574
4764039,639
4764539,746
4765039,874
4765539,1046
4766039,1219
4766539,1413
4767039,1612
4767539,1814
4768039,2007
4768539,2214
4769039,2410
4769539,2598
4770039,2768
4770539,2922
4771039,3051
4771539,3157
4772039,3218
4772539,3252
4773039,3248
4773539,3198
4774039,3120
4774539,2992
4775039,2855
4775539,2683
4776039,2512
4776539,2314
4777039,2118
4777539,1910
4778039,1715
4778539,1514
4779039,1317
4779539,1126
4780039,958
4780539,809
4781039,688
4781539,601
4782039,557
4782539,529
4783039,528
4783539,574
4784039,637
4784539,749
4785039,868
4785539,1040
4786039,1218
4786539,1413
4787039,1615
4787539,1814
4788039,2014
4788539,2212
4789039,2413
4789539,2603
4790039,2770
4790539,2923
4791039,3051
4791539,3157
4792039,3219
4792539,3253
4793039,3249
4793539,3197
4794039,3120
4794539,2990
4795039,2854
4795539,2682
4796039,2513
4796539,2317
4797039,2118
4797539,1911
4798039,1718
4798539,1514
4799039,1315
4799539,1129
4800039,956
4800539,814
4801039,693
4801539,606
4802039,555
4802539,530
4803039,531
4803539,574
4804039,640
4804539,746
4805039,871
4805539,1043
4806039,1219
4806539,1409
4807039,1617
4807539,1818
4808039,2004
4808539,2212
4809039,2406
4809539,2602
4810039,2768
4810539,2917
4811039,3049
4811539,3159
4812039,3216
4812539,3247
4813039,3244
4813539,3198
4814039,3120
4814539,2992
4815039,2855
4815539,2683
4816039,2512
4816539,2311
4817039,2117
4817539,1911
4818039,1718
4818539,1511
4819039,1319
4819539,1126
4820039,958
4820539,815
4821039,690
4821539,605
4822039,553
4822539,529
4823039,529
4823539,573
4824039,640
4824539,746
4825039,869
4825539,1042
4826039,1221
4826539,1410
4827039,1616
4827539,1811
4828039,2007
4828539,2215
4829039,2405
4829539,2603
4830039,2768
4830539,2917
4831039,3053
4831539,3159
4832039,3217
4832539,3248
4833039,3248
4833539,3197
4834039,3115
4834539,2991
4835039,2857
4835539,2685
4836039,2512
4836539,2315
4837039,2117
4837539,1917
4838039,1719
4838539,1510
4839039,1314
4839539,1124
4840039,955
4840539,816
4841039,689
4841539,601
4842039,557
4842539,530
4843039,534
4843539,570
4844039,637
4844539,745
4845039,874
4845539,1042
4846039,1218
4846539,1412
4847039,1616
4847539,1814
4848039,2004
4848539,2213
4849039,2409
4849539,2596
4850039,2768
4850539,2921
4851039,3051
4851539,3158
4852039,3216
4852539,3249
4853039,3248
4853539,3196
4854039,3120
4854539,2992
4855039,2861
4855539,2678
4856039,2512
4856539,2311
4857039,2118
4857539,1914
4858039,1715
4858539,1511
4859039,1318
4859539,1131
4860039,957
4860539,813
4861039,690
4861539,602
4862039,557
4862539,531
4863039,531
4863539,575
4864039,636
4864539,747
4865039,868
4865539,1046
4866039,1222
4866539,1408
4867039,1616
4867539,1819
4868039,2007
4868539,2215
4869039,2406
4869539,2598
4870039,2766
4870539,2915
4871039,3051
4871539,3166
4872039,3216
4872539,3248
4873039,3247
4873539,3199
4874039,3120
4874539,2989
4875039,2859
4875539,2687
4876039,2515
4876539,2315
4877039,2118
4877539,1910
4878039,1716
4878539,1510
4879039,1317
4879539,1130
4880039,955
4880539,811
4881039,689
4881539,603
4882039,553
4882539,528
4883039,528
4883539,571
4884039,637
4884539,746
4885039,873
4885539,1043
4886039,1220
4886539,1413
4887039,1613
4887539,1815
4888039,2007
4888539,2211
4889039,2411
4889539,2597
4890039,2766
4890539,2919
4891039,3053
4891539,3156
4892039,3221
4892539,3250
4893039,3248
4893539,3200
4894039,3119
4894539,2991
4895039,2859
4895539,2685
4896039,2515
4896539,2315
4897039,2119
4897539,1914
4898039,1715
4898539,1517
4899039,1317
4899539,1127
4900039,955
4900539,813
4901039,693
4901539,604
4902039,557
4902539,528
4903039,528
4903539,571
4904039,639
4904539,749
4905039,867
4905539,1044
4906039,1221
4906539,1414
4907039,1616
4907539,1818
4908039,2010
4908539,2218
4909039,2411
4909539,2603
4910039,2768
4910539,2919
4911039,3051
4911539,3161
4912039,3217
4912539,3251
4913039,3248
4913539,3197
4914039,3117
4914539,2992
4915039,2857
4915539,2683
4916039,2512
4916539,2315
4917039,2117
4917539,1913
4918039,1719
4918539,1514
4919039,1318
4919539,1125
4920039,959
4920539,811
4921039,689
4921539,601
4922039,555
4922539,531
4923039,529
4923539,574
4924039,639
4924539,746
4925039,869
4925539,1042
4926039,1220
4926539,1413
4927039,1616
4927539,1817
4928039,2004
4928539,2215
4929039,2411
4929539,2603
4930039,2768
4930539,2922
4931039,3047
4931539,3159
4932039,3216
4932539,3251
4933039,3250
4933539,3200
4934039,3120
4934539,2990
4935039,2859
4935539,2681
4936039,2513
4936539,2315
4937039,2118
4937539,1916
4938039,1714
4938539,1515
4939039,1323
4939539,1128
4940039,957
4940539,813
4941039,692
4941539,602
4942039,556
4942539,530
4943039,529
4943539,574
4944039,638
4944539,751
4945039,871
4945539,1041
4946039,1221
4946539,1409
4947039,1615
4947539,1819
4948039,2011
4948539,2214
4949039,2407
4949539,2599
4950039,2767
4950539,2918
4951039,3051
4951539,3155
4952039,3217
4952539,3250
4953039,3248
4953539,3199
4954039,3117
4954539,2992
4955039,2858
4955539,2681
4956039,2515
4956539,2311
4957039,2117
4957539,1911
4958039,1719
4958539,1513
4959039,1319
4959539,1125
4960039,957
4960539,811
4961039,689
4961539,596
4962039,551
4962539,528
4963039,529
4963539,572
4964039,638
4964539,747
4965039,871
4965539,1045
4966039,1217
4966539,1410
4967039,1611
4967539,1819
4968039,2011
4968539,2215
4969039,2405
4969539,2601
4970039,2769
4970539,2919
4971039,3053
4971539,3162
4972039,3219
4972539,3249
4973039,3250
4973539,3201
4974039,3120
4974539,2992
4975039,2859
4975539,2683
4976039,2513
4976539,2318
4977039,2115
4977539,1909
4978039,1719
4978539,1514
4979039,1312
4979539,1126
4980039,956
4980539,811
4981039,690
4981539,597
4982039,555
4982539,529
4983039,529
4983539,575
4984039,639
4984539,747
4985039,868
4985539,1041
4986039,1217
4986539,1410
4987039,1616
4987539,1814
4988039,2013
4988539,2214
4989039,2411
4989539,2603
4990039,2769
4990539,2917
4991039,3045
4991539,3161
4992039,3216
4992539,3247
4993039,3247
4993539,3200
4994039,3120
4994539,2992
4995039,2855
4995539,2682
4996039,2514
4996539,2317
4997039,2117
4997539,1914
4998039,1721
4998539,1515
4999039,1322
4999539,1126
5000039,958
5000539,815
5001039,689
5001539,602
5002039,557
5002539,533
5003039,528
5003539,575
5004039,635
5004539,748
5005039,873
5005539,1041
5006039,1221
5006539,1409
5007039,1616
5007539,1817
5008039,2011
5008539,2213
5009039,2409
5009539,2603
5010039,2767
5010539,2917
5011039,3052
5011539,3161
5012039,3222
5012539,3253
5013039,3249
5013539,3203
5014039,3120
5014539,2992
5015039,2855
5015539,2682
5016039,2514
5016539,2313
5017039,2117
5017539,1910
5018039,1718
5018539,1511
5019039,1316
5019539,1126
5020039,959
5020539,815
5021039,693
5021539,601
5022039,554
5022539,530
5023039,528
5023539,571
5024039,640
5024539,745
5025039,869
5025539,1045
5026039,1218
5026539,1410
5027039,1616
5027539,1818
5028039,2009
5028539,2210
5029039,2411
5029539,2599
5030039,2768
5030539,2918
5031039,3055
5031539,3158
5032039,3221
5032539,3248
5033039,3251
5033539,3201
5034039,3120
5034539,2991
5035039,2859
5035539,2684
5036039,2513
5036539,2317
5037039,2117
5037539,1911
5038039,1717
5038539,1515
5039039,1317
5039539,1130
5040039,957
5040539,813
5041039,691
5041539,604
5042039,554
5042539,528
5043039,531
5043539,573
5044039,639
5044539,749
5045039,869
5045539,1046
5046039,1219
5046539,1411
5047039,1614
5047539,1817
5048039,2013
5048539,2213
5049039,2409
5049539,2602
5050039,2761
5050539,2919
5051039,3045
5051539,3154
5052039,3216
5052539,3249
5053039,3248
5053539,3198
5054039,3118
5054539,2993
5055039,2859
5055539,2679
5056039,2514
5056539,2317
5057039,2114
5057539,1915
5058039,1719
5058539,1516
5059039,1313
5059539,1130
5060039,957
5060539,814
5061039,691
5061539,602
5062039,554
5062539,527
5063039,528
5063539,573
5064039,638
5064539,746
5065039,870
5065539,1042
5066039,1221
5066539,1409
5067039,1616
5067539,1813
5068039,2013
5068539,2214
5069039,2411
5069539,2597
5070039,2768
5070539,2919
5071039,3047
5071539,3159
5072039,3219
5072539,3250
5073039,3250
5073539,3198
5074039,3120
5074539,2990
5075039,2858
5075539,2682
5076039,2512
5076539,2317
5077039,2121
5077539,1913
5078039,1718
5078539,1514
5079039,1318
5079539,1123
5080039,957
5080539,807
5081039,693
5081539,595
5082039,552
5082539,528
5083039,530
5083539,570
5084039,639
5084539,746
5085039,871
5085539,1045
5086039,1217
5086539,1412
5087039,1615
5087539,1815
5088039,2011
5088539,2210
5089039,2412
5089539,2597
5090039,2767
5090539,2917
5091039,3051
5091539,3155
5092039,3218
5092539,3248
5093039,3245
5093539,3197
5094039,3120
5094539,2992
5095039,2863
5095539,2686
5096039,2513
5096539,2317
5097039,2117
5097539,1909
5098039,1717
5098539,1515
5099039,1315
5099539,1127
5100039,955
5100539,814
5101039,691
5101539,602
5102039,555
5102539,528
5103039,531
5103539,575
5104039,640
5104539,745
5105039,873
5105539,1045
5106039,1225
5106539,1411
5107039,1615
5107539,1815
5108039,2006
5108539,2213
5109039,2414
5109539,2603
5110039,2768
5110539,2914
5111039,3051
5111539,3159
5112039,3216
5112539,3251
5113039,3247
5113539,3197
5114039,3115
5114539,2992
5115039,2859
5115539,2679
5116039,2515
5116539,2309
5117039,2119
5117539,1916
5118039,1720
5118539,1509
5119039,1317
5119539,1126
5120039,960
5120539,814
5121039,691
5121539,597
5122039,554
5122539,529
5123039,529
5123539,574
5124039,638
5124539,745
5125039,871
5125539,1043
5126039,1219
5126539,1415
5127039,1615
5127539,1819
5128039,2005
5128539,2214
5129039,2405
5129539,2603
5130039,2765
5130539,2918
5131039,3051
5131539,3155
5132039,3220
5132539,3248
5133039,3249
5133539,3195
5134039,3119
5134539,2992
5135039,2858
5135539,2684
5136039,2514
5136539,2313
5137039,2113
5137539,1909
5138039,1723
5138539,1515
5139039,1315
5139539,1125
5140039,955
5140539,810
5141039,690
5141539,602
5142039,554
5142539,528
5143039,535
5143539,576
5144039,634
5144539,751
5145039,870
5145539,1043
5146039,1221
5146539,1408
5147039,1616
5147539,1817
5148039,2007
5148539,2218
5149039,2411
5149539,2602
5150039,2768
5150539,2918
5151039,3051
5151539,3156
5152039,3219
5152539,3249
5153039,3248
5153539,3196
5154039,3117
5154539,2990
5155039,2862
5155539,2679
5156039,2512
5156539,2313
5157039,2115
5157539,1909
5158039,1717
5158539,1511
5159039,1314
5159539,1129
5160039,956
5160539,814
5161039,691
5161539,599
5162039,555
5162539,528
5163039,528
5163539,571
5164039,638
5164539,745
5165039,867
5165539,1046
5166039,1222
5166539,1409
5167039,1617
5167539,1819
5168039,2010
5168539,2215
5169039,2410
5169539,2604
5170039,2765
5170539,2919
5171039,3050
5171539,3161
5172039,3216
5172539,3251
5173039,3248
5173539,3198
5174039,3120
5174539,2992
5175039,2859
5175539,2679
5176039,2515
5176539,2319
5177039,2115
5177539,1914
5178039,1716
5178539,1516
5179039,1318
5179539,1129
5180039,958
5180539,811
5181039,690
5181539,604
5182039,554
5182539,528
5183039,531
5183539,571
5184039,639
5184539,746
5185039,871
5185539,1045
5186039,1222
5186539,1411
5187039,1614
5187539,1814
5188039,2010
5188539,2213
5189039,2411
5189539,2602
5190039,2768
5190539,2922
5191039,3047
5191539,3159
5192039,3222
5192539,3248
5193039,3249
5193539,3197
5194039,3119
5194539,2992
5195039,2857
5195539,2682
5196039,2512
5196539,2315
5197039,2115
5197539,1911
5198039,1717
5198539,1511
5199039,1315
5199539,1125
5200039,955
5200539,814
5201039,691
5201539,599
5202039,557
5202539,532
5203039,529
5203539,574
5204039,640
5204539,747
5205039,867
5205539,1041
5206039,1221
5206539,1411
5207039,1616
5207539,1813
5208039,2010
5208539,2215
5209039,2406
5209539,2601
5210039,2768
5210539,2918
5211039,3051
5211539,3154
5212039,3218
5212539,3250
5213039,3248
5213539,3198
5214039,3117
5214539,2989
5215039,2858
5215539,2681
5216039,2512
5216539,2315
5217039,2118
5217539,1910
5218039,1725
5218539,1511
5219039,1315
5219539,1126
5220039,955
5220539,807
5221039,692
5221539,599
5222039,555
5222539,530
5223039,528
5223539,570
5224039,639
5224539,743
5225039,868
5225539,1044
5226039,1219
5226539,1413
5227039,1615
5227539,1819
5228039,2006
5228539,2214
5229039,2409
5229539,2599
5230039,2767
5230539,2919
5231039,3053
5231539,3162
5232039,3218
5232539,3251
5233039,3249
5233539,3199
5234039,3119
5234539,2987
5235039,2861
5235539,2681
5236039,2513
5236539,2314
5237039,2115
5237539,1911
5238039,1717
5238539,1509
5239039,1317
5239539,1129
5240039,955
5240539,815
5241039,687
5241539,599
5242039,551
5242539,528
5243039,529
5243539,571
5244039,634
5244539,747
5245039,871
5245539,1047
5246039,1219
5246539,1411
5247039,1616
5247539,1815
5248039,2011
5248539,2215
5249039,2405
5249539,2604
5250039,2767
5250539,2919
5251039,3053
5251539,3159
5252039,3219
5252539,3251
5253039,3248
5253539,3203
5254039,3120
5254539,2989
5255039,2858
5255539,2683
5256039,2512
5256539,2316
5257039,2117
5257539,1908
5258039,1715
5258539,1513
5259039,1315
5259539,1130
5260039,960
5260539,813
5261039,689
5261539,598
5262039,554
5262539,530
5263039,529
5263539,569
5264039,640
5264539,743
5265039,871
5265539,1040
5266039,1222
5266539,1412
5267039,1614
5267539,1817
5268039,2007
5268539,2212
5269039,2406
5269539,2602
5270039,2767
5270539,2919
5271039,3050
5271539,3159
5272039,3221
5272539,3249
5273039,3249
5273539,3199
5274039,3118
5274539,2991
5275039,2853
5275539,2681
5276039,2514
5276539,2313
5277039,2116
5277539,1911
5278039,1718
5278539,1508
5279039,1315
5279539,1133
5280039,957
5280539,814
5281039,692
5281539,601
5282039,551
5282539,529
5283039,530
5283539,574
5284039,638
5284539,745
5285039,870
5285539,1045
5286039,1222
5286539,1410
5287039,1616
5287539,1814
5288039,2006
5288539,2214
5289039,2407
5289539,2601
5290039,2766
5290539,2920
5291039,3049
5291539,3163
5292039,3218
5292539,3248
5293039,3248
5293539,3202
5294039,3115
5294539,2991
5295039,2861
5295539,2682
5296039,2512
5296539,2316
5297039,2119
5297539,1911
5298039,1717
5298539,1515
5299039,1315
5299539,1127
5300039,957
5300539,814
5301039,692
5301539,597
5302039,553
5302539,528
5303039,528
5303539,573
5304039,640
5304539,750
5305039,872
5305539,1043
5306039,1217
5306539,1414
5307039,1615
5307539,1815
5308039,2013
5308539,2211
5309039,2409
5309539,2603
5310039,2768
5310539,2917
5311039,3051
5311539,3160
5312039,3222
5312539,3253
5313039,3249
5313539,3199
5314039,3119
5314539,2991
5315039,2855
5315539,2682
5316039,2514
5316539,2315
5317039,2118
5317539,1914
5318039,1717
5318539,1515
5319039,1316
5319539,1127
5320039,954
5320539,813
5321039,694
5321539,597
5322039,557
5322539,528
5323039,529
5323539,570
5324039,638
5324539,751
5325039,866
5325539,1042
5326039,1217
5326539,1415
5327039,1613
5327539,1814
5328039,2005
5328539,2212
5329039,2406
5329539,2602
5330039,2765
5330539,2915
5331039,3053
5331539,3154
5332039,3218
5332539,3248
5333039,3248
5333539,3203
5334039,3120
5334539,2988
5335039,2857
5335539,2679
5336039,2513
5336539,2315
5337039,2118
5337539,1912
5338039,1719
5338539,1515
5339039,1315
5339539,1126
5340039,955
5340539,814
5341039,690
5341539,598
5342039,554
5342539,528
5343039,529
5343539,573
5344039,640
5344539,745
5345039,871
5345539,1044
5346039,1221
5346539,1410
5347039,1615
5347539,1815
5348039,2011
5348539,2215
5349039,2410
5349539,2598
5350039,2768
5350539,2914
5351039,3052
5351539,3159
5352039,3219
5352539,3248
5353039,3247
5353539,3195
5354039,3120
5354539,2989
5355039,2857
5355539,2682
5356039,2512
5356539,2313
5357039,2121
5357539,1913
5358039,1719
5358539,1518
5359039,1317
5359539,1125
5360039,958
5360539,810
5361039,690
5361539,601
5362039,557
5362539,528
5363039,529
5363539,573
5364039,639
5364539,746
5365039,868
5365539,1042
5366039,1219
5366539,1410
5367039,1616
5367539,1815
5368039,2007
5368539,2218
5369039,2405
5369539,2597
5370039,2767
5370539,2917
5371039,3049
5371539,3155
5372039,3223
5372539,3248
5373039,3244
5373539,3200
5374039,3120
5374539,2987
5375039,2855
5375539,2685
5376039,2517
5376539,2315
5377039,2123
5377539,1910
5378039,1719
5378539,1514
5379039,1315
5379539,1130
5380039,957
5380539,813
5381039,689
5381539,599
5382039,559
5382539,529
5383039,530
5383539,567
5384039,638
5384539,742
5385039,870
5385539,1043
5386039,1218
5386539,1409
5387039,1613
5387539,1815
5388039,2011
5388539,2209
5389039,2404
5389539,2597
5390039,2766
5390539,2919
5391039,3051
5391539,3158
5392039,3218
5392539,3251
5393039,3247
5393539,3203
5394039,3120
5394539,2988
5395039,2862
5395539,2679
5396039,2513
5396539,2317
5397039,2121
5397539,1911
5398039,1714
5398539,1513
5399039,1313
5399539,1124
5400039,956
5400539,810
5401039,690
5401539,600
5402039,555
5402539,531
5403039,528
5403539,571
5404039,637
5404539,747
5405039,870
5405539,1040
5406039,1219
5406539,1410
5407039,1615
5407539,1817
5408039,2011
5408539,2214
5409039,2411
5409539,2601
5410039,2765
5410539,2917
5411039,3047
5411539,3153
5412039,3218
5412539,3248
5413039,3248
5413539,3197
5414039,3120
5414539,2992
5415039,2853
5415539,2682
5416039,2515
5416539,2317
5417039,2119
5417539,1916
5418039,1717
5418539,1507
5419039,1319
5419539,1125
5420039,956
5420539,812
5421039,694
5421539,598
5422039,550
5422539,529
5423039,532
5423539,569
5424039,638
5424539,745
5425039,869
5425539,1043
5426039,1218
5426539,1409
5427039,1617
5427539,1810
5428039,2007
5428539,2215
5429039,2407
5429539,2599
5430039,2768
5430539,2917
5431039,3047
5431539,3159
5432039,3217
5432539,3249
5433039,3248
5433539,3194
5434039,3117
5434539,2986
5435039,2856
5435539,2685
5436039,2512
5436539,2318
5437039,2117
5437539,1910
5438039,1723
5438539,1510
5439039,1318
5439539,1128
5440039,959
5440539,809
5441039,689
5441539,601
5442039,557
5442539,528
5443039,528
5443539,571
5444039,636
5444539,746
5445039,874
5445539,1041
5446039,1221
5446539,1412
5447039,1613
5447539,1818
5448039,2010
5448539,2214
5449039,2407
5449539,2597
5450039,2767
5450539,2915
5451039,3051
5451539,3156
5452039,3216
5452539,3250
5453039,3248
5453539,3197
5454039,3119
5454539,2992
5455039,2854
5455539,2683
5456039,2514
5456539,2313
5457039,2115
5457539,1911
5458039,1719
5458539,1513
5459039,1319
5459539,1130
5460039,960
5460539,815
5461039,688
5461539,603
5462039,555
5462539,528
5463039,528
5463539,573
5464039,636
5464539,749
5465039,873
5465539,1043
5466039,1220
5466539,1412
5467039,1616
5467539,1814
5468039,2011
5468539,2210
5469039,2411
5469539,2597
5470039,2766
5470539,2918
5471039,3052
5471539,3161
5472039,3218
5472539,3251
5473039,3248
5473539,3199
5474039,3118
5474539,2990
5475039,2854
5475539,2679
5476039,2510
5476539,2316
5477039,2112
5477539,1911
5478039,1715
5478539,1518
5479039,1314
5479539,1126
5480039,957
5480539,810
5481039,692
5481539,599
5482039,556
5482539,528
5483039,528
5483539,576
5484039,640
5484539,747
5485039,871
5485539,1045
5486039,1218
5486539,1411
5487039,1615
5487539,1811
5488039,2004
5488539,2212
5489039,2407
5489539,2599
5490039,2765
5490539,2918
5491039,3048
5491539,3154
5492039,3216
5492539,3249
5493039,3247
5493539,3194
5494039,3116
5494539,2989
5495039,2858
5495539,2684
5496039,2515
5496539,2317
5497039,2113
5497539,1913
5498039,1723
5498539,1513
5499039,1317
5499539,1127
5500039,957
5500539,816
5501039,689
5501539,602
5502039,554
5502539,527
5503039,529
5503539,574
5504039,634
5504539,747
5505039,869
5505539,1044
5506039,1221
5506539,1411
5507039,1616
5507539,1812
5508039,2006
5508539,2211
5509039,2409
5509539,2599
5510039,2768
5510539,2915
5511039,3051
5511539,3159
5512039,3217
5512539,3249
5513039,3247
5513539,3200
5514039,3118
5514539,2992
5515039,2855
5515539,2678
5516039,2515
5516539,2317
5517039,2117
5517539,1909
5518039,1717
5518539,1511
5519039,1317
5519539,1131
5520039,958
5520539,813
5521039,691
5521539,599
5522039,552
5522539,529
5523039,528
5523539,575
5524039,635
5524539,739
5525039,871
5525539,1042
5526039,1219
5526539,1411
5527039,1616
5527539,1818
5528039,2014
5528539,2215
5529039,2407
5529539,2604
5530039,2768
5530539,2915
5531039,3050
5531539,3156
5532039,3218
5532539,3251
5533039,3248
5533539,3197
5534039,3118
5534539,2986
5535039,2857
5535539,2679
5536039,2518
5536539,2310
5537039,2115
5537539,1911
5538039,1723
5538539,1514
5539039,1317
5539539,1126
5540039,957
5540539,813
5541039,691
5541539,603
5542039,554
5542539,528
5543039,530
5543539,573
5544039,635
5544539,746
5545039,869
5545539,1044
5546039,1219
5546539,1410
5547039,1616
5547539,1814
5548039,2006
5548539,2214
5549039,2407
5549539,2602
5550039,2765
5550539,2915
5551039,3049
5551539,3155
5552039,3216
5552539,3248
5553039,3248
5553539,3199
5554039,3115
5554539,2990
5555039,2858
5555539,2683
5556039,2513
5556539,2313
5557039,2117
5557539,1914
5558039,1717
5558539,1514
5559039,1317
5559539,1126
5560039,957
5560539,815
5561039,688
5561539,598
5562039,557
5562539,528
5563039,529
5563539,574
5564039,636
5564539,743
5565039,866
5565539,1040
5566039,1219
5566539,1408
5567039,1613
5567539,1815
5568039,2001
5568539,2215
5569039,2410
5569539,2601
5570039,2766
5570539,2917
5571039,3054
5571539,3157
5572039,3218
5572539,3247
5573039,3249
5573539,3199
5574039,3117
5574539,2986
5575039,2857
5575539,2682
5576039,2514
5576539,2314
5577039,2119
5577539,1913
5578039,1721
5578539,1518
5579039,1317
5579539,1125
5580039,951
5580539,812
5581039,691
5581539,602
5582039,555
5582539,528
5583039,528
5583539,567
5584039,637
5584539,745
5585039,870
5585539,1045
5586039,1217
5586539,1410
5587039,1614
5587539,1818
5588039,2010
5588539,2218
5589039,2410
5589539,2599
5590039,2766
5590539,2922
5591039,3049
5591539,3159
5592039,3222
5592539,3249
5593039,3248
5593539,3199
5594039,3119
5594539,2992
5595039,2856
5595539,2685
5596039,2516
5596539,2316
5597039,2114
5597539,1909
5598039,1717
5598539,1510
5599039,1317
5599539,1129
5600039,957
5600539,816
5601039,690
5601539,598
5602039,555
5602539,528
5603039,528
5603539,573
5604039,639
5604539,743
5605039,870
5605539,1040
5606039,1224
5606539,1410
5607039,1615
5607539,1815
5608039,2007
5608539,2213
5609039,2409
5609539,2603
5610039,2763
5610539,2916
5611039,3051
5611539,3153
5612039,3216
5612539,3248
5613039,3248
5613539,3197
5614039,3119
5614539,2992
5615039,2855
5615539,2685
5616039,2514
5616539,2315
5617039,2114
5617539,1913
5618039,1718
5618539,1513
5619039,1316
5619539,1126
5620039,958
5620539,813
5621039,693
5621539,598
5622039,556
5622539,530
5623039,529
5623539,573
5624039,639
5624539,747
5625039,870
5625539,1043
5626039,1216
5626539,1409
5627039,1613
5627539,1813
5628039,2005
5628539,2214
5629039,2409
5629539,2603
5630039,2768
5630539,2918
5631039,3048
5631539,3157
5632039,3216
5632539,3249
5633039,3249
5633539,3198
5634039,3120
5634539,2990
5635039,2859
5635539,2679
5636039,2512
5636539,2317
5637039,2116
5637539,1917
5638039,1719
5638539,1511
5639039,1314
5639539,1125
5640039,955
5640539,816
5641039,691
5641539,602
5642039,554
5642539,527
5643039,528
5643539,568
5644039,638
5644539,747
5645039,871
5645539,1042
5646039,1221
5646539,1411
5647039,1614
5647539,1819
5648039,2009
5648539,2214
5649039,2406
5649539,2601
5650039,2768
5650539,2919
5651039,3049
5651539,3159
5652039,3216
5652539,3248
5653039,3248
5653539,3200
5654039,3115
5654539,2992
5655039,2859
5655539,2678
5656039,2517
5656539,2318
5657039,2118
5657539,1915
5658039,1718
5658539,1511
5659039,1317
5659539,1127
5660039,958
5660539,807
5661039,691
5661539,599
5662039,555
5662539,528
5663039,530
5663539,570
5664039,638
5664539,747
5665039,874
5665539,1045
5666039,1219
5666539,1408
5667039,1616
5667539,1817
5668039,2007
5668539,2212
5669039,2407
5669539,2597
5670039,2768
5670539,2922
5671039,3047
5671539,3157
5672039,3216
5672539,3248
5673039,3248
5673539,3199
5674039,3119
5674539,2992
5675039,2861
5675539,2685
5676039,2514
5676539,2315
5677039,2115
5677539,1914
5678039,1714
5678539,1516
5679039,1317
5679539,1123
5680039,961
5680539,815
5681039,693
5681539,602
5682039,549
5682539,528
5683039,529
5683539,574
5684039,635
5684539,749
5685039,875
5685539,1042
5686039,1220
5686539,1410
5687039,1614
5687539,1817
5688039,2011
5688539,2210
5689039,2410
5689539,2595
5690039,2768
5690539,2916
5691039,3050
5691539,3159
5692039,3219
5692539,3248
5693039,3248
5693539,3199
5694039,3120
5694539,2992
5695039,2862
5695539,2683
5696039,2516
5696539,2317
5697039,2118
5697539,1913
5698039,1719
5698539,1515
5699039,1316
5699539,1133
5700039,957
5700539,812
5701039,690
5701539,605
5702039,553
5702539,528
5703039,530
5703539,572
5704039,640
5704539,749
5705039,874
5705539,1044
5706039,1222
5706539,1409
5707039,1616
5707539,1818
5708039,2011
5708539,2213
5709039,2410
5709539,2597
5710039,2765
5710539,2918
5711039,3049
5711539,3159
5712039,3218
5712539,3250
5713039,3248
5713539,3200
5714039,3120
5714539,2991
5715039,2860
5715539,2685
5716039,2517
5716539,2313
5717039,2122
5717539,1910
5718039,1717
5718539,1513
5719039,1315
5719539,1129
5720039,957
5720539,816
5721039,689
5721539,600
5722039,555
5722539,532
5723039,528
5723539,573
5724039,638
5724539,749
5725039,874
5725539,1045
5726039,1223
5726539,1415
5727039,1612
5727539,1817
5728039,2003
5728539,2215
5729039,2407
5729539,2599
5730039,2767
5730539,2922
5731039,3055
5731539,3159
5732039,3219
5732539,3252
5733039,3246
5733539,3198
5734039,3120
5734539,2987
5735039,2858
5735539,2682
5736039,2516
5736539,2318
5737039,2117
5737539,1913
5738039,1717
5738539,1514
5739039,1318
5739539,1124
5740039,957
5740539,811
5741039,692
5741539,599
5742039,555
5742539,529
5743039,531
5743539,569
5744039,636
5744539,746
5745039,875
5745539,1046
5746039,1217
5746539,1409
5747039,1616
5747539,1814
5748039,2005
5748539,2213
5749039,2404
5749539,2599
5750039,2768
5750539,2923
5751039,3051
5751539,3157
5752039,3217
5752539,3248
5753039,3249
5753539,3195
5754039,3120
5754539,2989
5755039,2861
5755539,2682
5756039,2515
5756539,2315
5757039,2115
5757539,1911
5758039,1722
5758539,1511
5759039,1319
5759539,1127
5760039,957
5760539,815
5761039,691
5761539,606
5762039,557
5762539,529
5763039,529
5763539,571
5764039,639
5764539,749
5765039,873
5765539,1040
5766039,1219
5766539,1412
5767039,1615
5767539,1817
5768039,2007
5768539,2215
5769039,2411
5769539,2603
5770039,2768
5770539,2919
5771039,3053
5771539,3157
5772039,3216
5772539,3249
5773039,3248
5773539,3198
5774039,3119
5774539,2992
5775039,2853
5775539,2686
5776039,2514
5776539,2315
5777039,2115
5777539,1910
5778039,1719
5778539,1515
5779039,1317
5779539,1124
5780039,959
5780539,814
5781039,691
5781539,599
5782039,553
5782539,528
5783039,529
5783539,573
5784039,639
5784539,748
5785039,869
5785539,1045
5786039,1218
5786539,1414
5787039,1615
5787539,1815
5788039,2011
5788539,2212
5789039,2409
5789539,2600
5790039,2768
5790539,2922
5791039,3056
5791539,3155
5792039,3218
5792539,3249
5793039,3248
5793539,3197
5794039,3120
5794539,2993
5795039,2858
5795539,2681
5796039,2513
5796539,2320
5797039,2117
5797539,1913
5798039,1719
5798539,1514
5799039,1316
5799539,1127
5800039,960
5800539,814
5801039,690
5801539,599
5802039,554
5802539,528
5803039,529
5803539,571
5804039,637
5804539,748
5805039,869
5805539,1044
5806039,1216
5806539,1409
5807039,1613
5807539,1811
5808039,2006
5808539,2215
5809039,2407
5809539,2601
5810039,2765
5810539,2919
5811039,3054
5811539,3157
5812039,3219
5812539,3253
5813039,3249
5813539,3199
5814039,3117
5814539,2991
5815039,2855
5815539,2683
5816039,2515
5816539,2315
5817039,2119
5817539,1913
5818039,1713
5818539,1517
5819039,1311
5819539,1128
5820039,955
5820539,815
5821039,691
5821539,602
5822039,557
5822539,528
5823039,529
5823539,572
5824039,638
5824539,746
5825039,863
5825539,1045
5826039,1222
5826539,1409
5827039,1616
5827539,1819
5828039,2011
5828539,2211
5829039,2411
5829539,2602
5830039,2768
5830539,2919
5831039,3051
5831539,3158
5832039,3216
5832539,3249
5833039,3249
5833539,3195
5834039,3116
5834539,2992
5835039,2861
5835539,2687
5836039,2513
5836539,2315
5837039,2118
5837539,1909
5838039,1715
5838539,1517
5839039,1315
5839539,1134
5840039,956
5840539,816
5841039,691
5841539,597
5842039,555
5842539,528
5843039,531
5843539,575
5844039,635
5844539,748
5845039,875
5845539,1046
5846039,1225
5846539,1409
5847039,1617
5847539,1816
5848039,2010
5848539,2215
5849039,2411
5849539,2595
5850039,2768
5850539,2918
5851039,3051
5851539,3162
5852039,3218
5852539,3248
5853039,3248
5853539,3201
5854039,3120
5854539,2991
5855039,2861
5855539,2682
5856039,2515
5856539,2317
5857039,2123
5857539,1918
5858039,1720
5858539,1514
5859039,1316
5859539,1126
5860039,955
5860539,814
5861039,691
5861539,599
5862039,550
5862539,528
5863039,530
5863539,575
5864039,639
5864539,747
5865039,869
5865539,1043
5866039,1223
5866539,1417
5867039,1615
5867539,1815
5868039,2013
5868539,2211
5869039,2413
5869539,2601
5870039,2767
5870539,2919
5871039,3051
5871539,3157
5872039,3217
5872539,3249
5873039,3245
5873539,3201
5874039,3119
5874539,2993
5875039,2855
5875539,2679
5876039,2513
5876539,2319
5877039,2118
5877539,1911
5878039,1715
5878539,1514
5879039,1315
5879539,1131
5880039,954
5880539,815
5881039,689
5881539,602
5882039,554
5882539,530
5883039,529
5883539,568
5884039,640
5884539,747
5885039,871
5885539,1043
5886039,1221
5886539,1414
5887039,1616
5887539,1816
5888039,2007
5888539,2213
5889039,2407
5889539,2601
5890039,2767
5890539,2914
5891039,3050
5891539,3157
5892039,3218
5892539,3254
5893039,3243
5893539,3198
5894039,3118
5894539,2986
5895039,2859
5895539,2681
5896039,2513
5896539,2314
5897039,2115
5897539,1915
5898039,1714
5898539,1514
5899039,1317
5899539,1123
5900039,960
5900539,815
5901039,691
5901539,603
5902039,558
5902539,529
5903039,529
5903539,571
5904039,638
5904539,747
5905039,874
5905539,1045
5906039,1223
5906539,1412
5907039,1614
5907539,1818
5908039,2016
5908539,2215
5909039,2409
5909539,2598
5910039,2765
5910539,2916
5911039,3050
5911539,3157
5912039,3217
5912539,3249
5913039,3248
5913539,3200
5914039,3119
5914539,2992
5915039,2859
5915539,2684
5916039,2517
5916539,2315
5917039,2118
5917539,1914
5918039,1719
5918539,1510
5919039,1319
5919539,1130
5920039,955
5920539,813
5921039,691
5921539,595
5922039,558
5922539,528
5923039,528
5923539,574
5924039,637
5924539,743
5925039,870
5925539,1043
5926039,1218
5926539,1415
5927039,1616
5927539,1815
5928039,2011
5928539,2209
5929039,2407
5929539,2603
5930039,2765
5930539,2916
5931039,3047
5931539,3158
5932039,3221
5932539,3249
5933039,3247
5933539,3200
5934039,3120
5934539,2990
5935039,2859
5935539,2684
5936039,2512
5936539,2318
5937039,2122
5937539,1909
5938039,1714
5938539,1511
5939039,1321
5939539,1129
5940039,957
5940539,815
5941039,691
5941539,599
5942039,553
5942539,530
5943039,529
5943539,573
5944039,637
5944539,749
5945039,869
5945539,1042
5946039,1222
5946539,1408
5947039,1615
5947539,1817
5948039,2011
5948539,2214
5949039,2408
5949539,2601
5950039,2767
5950539,2918
5951039,3051
5951539,3159
5952039,3216
5952539,3249
5953039,3248
5953539,3203
5954039,3114
5954539,2989
5955039,2860
5955539,2683
5956039,2513
5956539,2315
5957039,2118
5957539,1916
5958039,1718
5958539,1514
5959039,1313
5959539,1127
5960039,957
5960539,813
5961039,691
5961539,597
5962039,555
5962539,528
5963039,529
5963539,573
5964039,639
5964539,750
5965039,869
5965539,1040
5966039,1219
5966539,1412
5967039,1616
5967539,1815
5968039,2010
5968539,2211
5969039,2405
5969539,2599
5970039,2769
5970539,2918
5971039,3051
5971539,3158
5972039,3216
5972539,3248
5973039,3250
5973539,3199
5974039,3120
5974539,2989
5975039,2863
5975539,2681
5976039,2512
5976539,2311
5977039,2119
5977539,1909
5978039,1718
5978539,1518
5979039,1319
5979539,1126
5980039,953
5980539,811
5981039,690
5981539,603
5982039,551
5982539,530
5983039,532
5983539,575
5984039,637
5984539,747
5985039,871
5985539,1047
5986039,1219
5986539,1414
5987039,1610
5987539,1814
5988039,2010
5988539,2211
5989039,2410
5989539,2603
5990039,2768
5990539,2914
5991039,3051
5991539,3157
5992039,3216
5992539,3248
5993039,3249
5993539,3202
5994039,3118
5994539,2992
5995039,2858
5995539,2685
5996039,2513
5996539,2319
5997039,2119
5997539,1913
5998039,1718
5998539,1518
5999039,1318
5999539,1131
6000039,959
6000539,815
6001039,694
6001539,602
6002039,553
6002539,528
6003039,530
6003539,575
6004039,636
6004539,749
6005039,871
6005539,1045
6006039,1221
6006539,1414
6007039,1616
6007539,1815
6008039,2010
6008539,2213
6009039,2407
6009539,2600
6010039,2767
6010539,2921
6011039,3050
6011539,3158
6012039,3219
6012539,3249
6013039,3249
6013539,3198
6014039,3118
6014539,2992
6015039,2858
6015539,2682
6016039,2513
6016539,2309
6017039,2117
6017539,1918
6018039,1718
6018539,1519
6019039,1313
6019539,1123
6020039,959
6020539,813
6021039,688
6021539,599
6022039,556
6022539,531
6023039,528
6023539,571
6024039,638
6024539,749
6025039,873
6025539,1045
6026039,1222
6026539,1413
6027039,1616
6027539,1817
6028039,2013
6028539,2217
6029039,2408
6029539,2603
6030039,2768
6030539,2919
6031039,3051
6031539,3159
6032039,3217
6032539,3248
6033039,3249
6033539,3197
6034039,3121
6034539,2992
6035039,2864
6035539,2683
6036039,2512
6036539,2318
6037039,2114
6037539,1910
6038039,1719
6038539,1513
6039039,1313
6039539,1125
6040039,959
6040539,815
6041039,691
6041539,604
6042039,555
6042539,529
6043039,530
6043539,575
6044039,637
6044539,746
6045039,874
6045539,1044
6046039,1222
6046539,1413
6047039,1614
6047539,1815
6048039,2010
6048539,2215
6049039,2409
6049539,2603
6050039,2769
6050539,2918
6051039,3051
6051539,3155
6052039,3221
6052539,3250
6053039,3250
6053539,3200
6054039,3119
6054539,2994
6055039,2862
6055539,2683
6056039,2514
6056539,2318
6057039,2117
6057539,1909
6058039,1718
6058539,1515
6059039,1315
6059539,1130
6060039,956
6060539,810
6061039,688
6061539,601
6062039,556
6062539,529
6063039,528
6063539,573
6064039,639
6064539,747
6065039,871
6065539,1042
6066039,1215
6066539,1417
6067039,1616
6067539,1815
6068039,2006
6068539,2213
6069039,2413
6069539,2601
6070039,2768
6070539,2922
6071039,3053
6071539,3162
6072039,3221
6072539,3251
6073039,3248
6073539,3197
6074039,3117
6074539,2989
6075039,2857
6075539,2682
6076039,2514
6076539,2313
6077039,2115
6077539,1911
6078039,1718
6078539,1514
6079039,1316
6079539,1126
6080039,960
6080539,812
6081039,689
6081539,602
6082039,559
6082539,528
6083039,530
6083539,573
6084039,639
6084539,746
6085039,869
6085539,1045
6086039,1217
6086539,1414
6087039,1616
6087539,1819
6088039,2013
6088539,2213
6089039,2413
6089539,2607
6090039,2770
6090539,2922
6091039,3055
6091539,3159
6092039,3221
6092539,3251
6093039,3249
6093539,3200
6094039,3120
6094539,2989
6095039,2864
6095539,2682
6096039,2513
6096539,2318
6097039,2119
6097539,1915
6098039,1718
6098539,1514
6099039,1315
6099539,1125
6100039,954
6100539,813
6101039,690
6101539,601
6102039,558
6102539,530
6103039,532
6103539,570
6104039,640
6104539,750
6105039,871
6105539,1042
6106039,1218
6106539,1413
6107039,1616
6107539,1817
6108039,2011
6108539,2212
6109039,2410
6109539,2597
6110039,2765
6110539,2917
6111039,3050
6111539,3154
6112039,3217
6112539,3250
6113039,3247
6113539,3200
6114039,3119
6114539,2992
6115039,2861
6115539,2688
6116039,2512
6116539,2316
6117039,2116
6117539,1915
6118039,1717
6118539,1515
6119039,1316
6119539,1127
6120039,958
6120539,814
6121039,691
6121539,602
6122039,555
6122539,528
6123039,530
6123539,571
6124039,638
6124539,749
6125039,870
6125539,1045
6126039,1223
6126539,1408
6127039,1613
6127539,1815
6128039,2007
6128539,2213
6129039,2410
6129539,2601
6130039,2768
6130539,2921
6131039,3051
6131539,3163
6132039,3216
6132539,3249
6133039,3250
6133539,3199
6134039,3121
6134539,2992
6135039,2862
6135539,2683
6136039,2517
6136539,2315
6137039,2118
6137539,1914
6138039,1723
6138539,1517
6139039,1314
6139539,1130
6140039,959
6140539,813
6141039,691
6141539,605
6142039,554
6142539,529
6143039,528
6143539,576
6144039,640
6144539,747
6145039,870
6145539,1044
6146039,1222
6146539,1414
6147039,1616
6147539,1817
6148039,2010
6148539,2211
6149039,2407
6149539,2599
6150039,2769
6150539,2917
6151039,3051
6151539,3152
6152039,3221
6152539,3248
6153039,3249
6153539,3198
6154039,3120
6154539,2992
6155039,2861
6155539,2682
6156039,2512
6156539,2318
6157039,2117
6157539,1911
6158039,1715
6158539,1511
6159039,1315
6159539,1125
6160039,960
6160539,815
6161039,689
6161539,599
6162039,551
6162539,528
6163039,531
6163539,571
6164039,640
6164539,750
6165039,871
6165539,1042
6166039,1222
6166539,1410
6167039,1616
6167539,1815
6168039,2011
6168539,2213
6169039,2409
6169539,2603
6170039,2768
6170539,2919
6171039,3047
6171539,3157
6172039,3216
6172539,3248
6173039,3248
6173539,3201
6174039,3119
6174539,2992
6175039,2863
6175539,2687
6176039,2514
6176539,2316
6177039,2121
6177539,1910
6178039,1722
6178539,1518
6179039,1314
6179539,1129
6180039,959
6180539,813
6181039,693
6181539,604
6182039,553
6182539,529
6183039,528
6183539,573
6184039,638
6184539,748
6185039,873
6185539,1046
6186039,1219
6186539,1414
6187039,1616
6187539,1819
6188039,2011
6188539,2218
6189039,2410
6189539,2599
6190039,2768
6190539,2921
6191039,3054
6191539,3157
6192039,3218
6192539,3251
6193039,3249
6193539,3200
6194039,3120
6194539,2992
6195039,2859
6195539,2684
6196039,2512
6196539,2314
6197039,2121
6197539,1915
6198039,1718
6198539,1515
6199039,1313
6199539,1126
6200039,957
6200539,815
6201039,689
6201539,604
6202039,557
6202539,530
6203039,531
6203539,571
6204039,639
6204539,745
6205039,868
6205539,1042
6206039,1217
6206539,1411
6207039,1615
6207539,1815
6208039,2007
6208539,2211
6209039,2406
6209539,2603
6210039,2768
6210539,2917
6211039,3047
6211539,3155
6212039,3216
6212539,3250
6213039,3248
6213539,3199
6214039,3119
6214539,2992
6215039,2861
6215539,2679
6216039,2514
6216539,2316
6217039,2117
6217539,1914
6218039,1721
6218539,1514
6219039,1313
6219539,1130
6220039,957
6220539,815
6221039,690
6221539,601
6222039,557
6222539,528
6223039,531
6223539,571
6224039,638
6224539,748
6225039,870
6225539,1042
6226039,1219
6226539,1413
6227039,1616
6227539,1815
6228039,2007
6228539,2211
6229039,2407
6229539,2603
6230039,2768
6230539,2922
6231039,3053
6231539,3159
6232039,3216
6232539,3251
6233039,3250
6233539,3197
6234039,3120
6234539,2992
6235039,2859
6235539,2687
6236039,2518
6236539,2313
6237039,2117
6237539,1915
6238039,1719
6238539,1511
6239039,1318
6239539,1129
6240039,956
6240539,814
6241039,693
6241539,603
6242039,553
6242539,528
6243039,529
6243539,573
6244039,640
6244539,746
6245039,873
6245539,1044
6246039,1221
6246539,1413
6247039,1616
6247539,1818
6248039,2013
6248539,2211
6249039,2407
6249539,2599
6250039,2768
6250539,2919
6251039,3051
6251539,3159
6252039,3218
6252539,3249
6253039,3248
6253539,3199
6254039,3114
6254539,2990
6255039,2854
6255539,2679
6256039,2514
6256539,2313
6257039,2115
6257539,1911
6258039,1719
6258539,1515
6259039,1317
6259539,1126
6260039,958
6260539,814
6261039,689
6261539,602
6262039,553
6262539,531
6263039,531
6263539,575
6264039,635
6264539,745
6265039,870
6265539,1041
6266039,1217
6266539,1411
6267039,1616
6267539,1815
6268039,2011
6268539,2212
6269039,2407
6269539,2603
6270039,2767
6270539,2921
6271039,3053
6271539,3158
6272039,3216
6272539,3249
6273039,3243
6273539,3199
6274039,3120
6274539,2992
6275039,2855
6275539,2680
6276039,2515
6276539,2315
6277039,2114
6277539,1911
6278039,1719
6278539,1510
6279039,1315
6279539,1126
6280039,955
6280539,813
6281039,690
6281539,603
6282039,551
6282539,530
6283039,529
6283539,575
6284039,639
6284539,748
6285039,873
6285539,1042
6286039,1219
6286539,1410
6287039,1614
6287539,1813
6288039,2010
6288539,2217
6289039,2405
6289539,2597
6290039,2768
6290539,2916
6291039,3051
6291539,3155
6292039,3221
6292539,3248
6293039,3248
6293539,3200
6294039,3118
6294539,2993
6295039,2861
6295539,2683
6296039,2517
6296539,2314
6297039,2112
6297539,1909
6298039,1721
6298539,1515
6299039,1315
6299539,1131
6300039,955
6300539,813
6301039,690
6301539,605
6302039,556
6302539,526
6303039,530
6303539,573
6304039,639
6304539,745
6305039,867
6305539,1045
6306039,1220
6306539,1414
6307039,1612
6307539,1818
6308039,2009
6308539,2212
6309039,2406
6309539,2598
6310039,2765
6310539,2919
6311039,3053
6311539,3163
6312039,3221
6312539,3248
6313039,3248
6313539,3200
6314039,3120
6314539,2991
6315039,2857
6315539,2678
6316039,2512
6316539,2315
6317039,2115
6317539,1911
6318039,1719
6318539,1516
6319039,1315
6319539,1126
6320039,957
6320539,813
6321039,688
6321539,599
6322039,555
6322539,527
6323039,529
6323539,576
6324039,638
6324539,742
6325039,870
6325539,1043
6326039,1219
6326539,1409
6327039,1616
6327539,1810
6328039,2012
6328539,2213
6329039,2407
6329539,2603
6330039,2765
6330539,2921
6331039,3051
6331539,3162
6332039,3216
6332539,3248
6333039,3248
6333539,3203
6334039,3119
6334539,2992
6335039,2863
6335539,2686
6336039,2514
6336539,2317
6337039,2117
6337539,1916
6338039,1716
6338539,1511
6339039,1317
6339539,1127
6340039,958
6340539,815
6341039,691
6341539,602
6342039,555
6342539,530
6343039,533
6343539,574
6344039,637
6344539,747
6345039,870
6345539,1045
6346039,1220
6346539,1412
6347039,1616
6347539,1817
6348039,2011
6348539,2214
6349039,2409
6349539,2602
6350039,2768
6350539,2913
6351039,3055
6351539,3164
6352039,3218
6352539,3250
6353039,3248
6353539,3200
6354039,3115
6354539,2989
6355039,2854
6355539,2683
6356039,2512
6356539,2314
6357039,2119
6357539,1914
6358039,1721
6358539,1518
6359039,1318
6359539,1129
6360039,957
6360539,813
6361039,688
6361539,603
6362039,555
6362539,527
6363039,531
6363539,576
6364039,640
6364539,746
6365039,868
6365539,1042
6366039,1223
6366539,1411
6367039,1616
6367539,1814
6368039,2013
6368539,2218
6369039,2411
6369539,2598
6370039,2768
6370539,2916
6371039,3050
6371539,3159
6372039,3216
6372539,3248
6373039,3248
6373539,3201
6374039,3119
6374539,2992
6375039,2861
6375539,2687
6376039,2512
6376539,2315
6377039,2121
6377539,1907
6378039,1719
6378539,1513
6379039,1314
6379539,1129
6380039,959
6380539,815
6381039,688
6381539,599
6382039,559
6382539,529
6383039,529
6383539,571
6384039,637
6384539,746
6385039,873
6385539,1043
6386039,1221
6386539,1414
6387039,1616
6387539,1818
6388039,2007
6388539,2213
6389039,2407
6389539,2600
6390039,2768
6390539,2915
6391039,3055
6391539,3157
6392039,3216
6392539,3249
6393039,3248
6393539,3199
6394039,3120
6394539,2990
6395039,2861
6395539,2685
6396039,2512
6396539,2315
6397039,2121
6397539,1910
6398039,1722
6398539,1518
6399039,1317
6399539,1131
6400039,954
6400539,813
6401039,693
6401539,602
6402039,550
6402539,528
6403039,530
6403539,576
6404039,640
6404539,747
6405039,876
6405539,1044
6406039,1218
6406539,1411
6407039,1615
6407539,1811
6408039,2011
6408539,2214
6409039,2409
6409539,2595
6410039,2767
6410539,2915
6411039,3049
6411539,3155
6412039,3219
6412539,3249
6413039,3248
6413539,3199
6414039,3118
6414539,2993
6415039,2855
6415539,2683
6416039,2517
6416539,2317
6417039,2123
6417539,1914
6418039,1723
6418539,1514
6419039,1321
6419539,1130
6420039,958
6420539,814
6421039,691
6421539,599
6422039,555
6422539,532
6423039,529
6423539,573
6424039,640
6424539,748
6425039,871
6425539,1044
6426039,1220
6426539,1411
6427039,1612
6427539,1815
6428039,2009
6428539,2212
6429039,2410
6429539,2597
6430039,2768
6430539,2919
6431039,3053
6431539,3158
6432039,3219
6432539,3253
6433039,3249
6433539,3197
6434039,3120
6434539,2993
6435039,2857
6435539,2684
6436039,2515
6436539,2315
6437039,2121
6437539,1915
6438039,1717
6438539,1518
6439039,1318
6439539,1129
6440039,957
6440539,816
6441039,689
6441539,602
6442039,554
6442539,532
6443039,528
6443539,573
6444039,640
6444539,743
6445039,869
6445539,1042
6446039,1219
6446539,1414
6447039,1613
6447539,1815
6448039,2010
6448539,2212
6449039,2411
6449539,2598
6450039,2768
6450539,2919
6451039,3051
6451539,3158
6452039,3216
6452539,3248
6453039,3248
6453539,3197
6454039,3119
6454539,2992
6455039,2858
6455539,2685
6456039,2519
6456539,2316
6457039,2118
6457539,1913
6458039,1719
6458539,1514
6459039,1317
6459539,1131
6460039,957
6460539,813
6461039,691
6461539,599
6462039,555
6462539,528
6463039,533
6463539,569
6464039,638
6464539,746
6465039,869
6465539,1040
6466039,1223
6466539,1410
6467039,1615
6467539,1814
6468039,2014
6468539,2215
6469039,2409
6469539,2600
6470039,2768
6470539,2914
6471039,3053
6471539,3161
6472039,3221
6472539,3253
6473039,3247
6473539,3199
6474039,3118
6474539,2990
6475039,2855
6475539,2681
6476039,2515
6476539,2313
6477039,2121
6477539,1908
6478039,1718
6478539,1515
6479039,1318
6479539,1131
6480039,955
6480539,815
6481039,690
6481539,602
6482039,556
6482539,528
6483039,530
6483539,569
6484039,640
6484539,747
6485039,874
6485539,1042
6486039,1221
6486539,1409
6487039,1616
6487539,1819
6488039,2007
6488539,2211
6489039,2413
6489539,2601
6490039,2767
6490539,2917
6491039,3054
6491539,3155
6492039,3221
6492539,3249
6493039,3248
6493539,3197
6494039,3121
6494539,2992
6495039,2855
6495539,2682
6496039,2514
6496539,2314
6497039,2119
6497539,1915
6498039,1717
6498539,1515
6499039,1317
6499539,1127
6500039,958
6500539,811
6501039,691
6501539,603
6502039,551
6502539,529
6503039,529
6503539,571
6504039,639
6504539,749
6505039,867
6505539,1047
6506039,1221
6506539,1411
6507039,1616
6507539,1819
6508039,2011
6508539,2215
6509039,2409
6509539,2601
6510039,2768
6510539,2921
6511039,3054
6511539,3162
6512039,3217
6512539,3251
6513039,3245
6513539,3198
6514039,3121
6514539,2993
6515039,2859
6515539,2682
6516039,2513
6516539,2313
6517039,2118
6517539,1918
6518039,1721
6518539,1514
6519039,1315
6519539,1129
6520039,954
6520539,813
6521039,689
6521539,599
6522039,553
6522539,528
6523039,528
6523539,575
6524039,637
6524539,748
6525039,868
6525539,1046
6526039,1217
6526539,1413
6527039,1616
6527539,1812
6528039,2006
6528539,2213
6529039,2410
6529539,2601
6530039,2768
6530539,2918
6531039,3049
6531539,3159
6532039,3218
6532539,3249
6533039,3248
6533539,3200
6534039,3118
6534539,2990
6535039,2860
6535539,2683
6536039,2520
6536539,2315
6537039,2117
6537539,1913
6538039,1718
6538539,1513
6539039,1315
6539539,1131
6540039,955
6540539,815
6541039,690
6541539,598
6542039,558
6542539,529
6543039,530
6543539,576
6544039,638
6544539,747
6545039,870
6545539,1043
6546039,1217
6546539,1412
6547039,1616
6547539,1818
6548039,2010
6548539,2213
6549039,2411
6549539,2603
6550039,2767
6550539,2918
6551039,3050
6551539,3154
6552039,3221
6552539,3251
6553039,3248
6553539,3198
6554039,3120
6554539,2992
6555039,2858
6555539,2686
6556039,2512
6556539,2315
6557039,2119
6557539,1917
6558039,1723
6558539,1514
6559039,1317
6559539,1126
6560039,954
6560539,813
6561039,689
6561539,600
6562039,554
6562539,528
6563039,529
6563539,569
6564039,637
6564539,747
6565039,875
6565539,1045
6566039,1219
6566539,1409
6567039,1616
6567539,1813
6568039,2007
6568539,2215
6569039,2409
6569539,2601
6570039,2767
6570539,2917
6571039,3050
6571539,3159
6572039,3217
6572539,3254
6573039,3249
6573539,3199
6574039,3120
6574539,2992
6575039,2862
6575539,2685
6576039,2514
6576539,2314
6577039,2117
6577539,1909
6578039,1722
6578539,1517
6579039,1318
6579539,1129
6580039,957
6580539,815
6581039,692
6581539,601
6582039,556
6582539,529
6583039,531
6583539,575
6584039,639
6584539,747
6585039,869
6585539,1045
6586039,1219
6586539,1413
6587039,1616
6587539,1819
6588039,2007
6588539,2212
6589039,2411
6589539,2599
6590039,2765
6590539,2917
6591039,3050
6591539,3159
6592039,3219
6592539,3248
6593039,3249
6593539,3200
6594039,3120
6594539,2990
6595039,2859
6595539,2681
6596039,2518
6596539,2317
6597039,2119
6597539,1909
6598039,1719
6598539,1513
6599039,1322
6599539,1127
6600039,958
6600539,814
6601039,689
6601539,602
6602039,557
6602539,529
6603039,530
6603539,575
6604039,637
6604539,743
6605039,866
6605539,1043
6606039,1221
6606539,1410
6607039,1616
6607539,1818
6608039,2011
6608539,2214
6609039,2409
6609539,2603
6610039,2768
6610539,2920
6611039,3056
6611539,3156
6612039,3216
6612539,3248
6613039,3248
6613539,3200
6614039,3120
6614539,2993
6615039,2854
6615539,2688
6616039,2514
6616539,2317
6617039,2123
6617539,1911
6618039,1722
6618539,1513
6619039,1318
6619539,1130
6620039,955
6620539,815
6621039,691
6621539,599
6622039,554
6622539,529
6623039,528
6623539,574
6624039,637
6624539,745
6625039,876
6625539,1043
6626039,1222
6626539,1415
6627039,1615
6627539,1815
6628039,2009
6628539,2215
6629039,2413
6629539,2603
6630039,2767
6630539,2919
6631039,3056
6631539,3156
6632039,3216
6632539,3250
6633039,3248
6633539,3205
6634039,3120
6634539,2991
6635039,2862
6635539,2686
6636039,2514
6636539,2315
6637039,2117
6637539,1911
6638039,1719
6638539,1514
6639039,1317
6639539,1132
6640039,953
6640539,815
6641039,690
6641539,603
6642039,554
6642539,528
6643039,531
6643539,573
6644039,638
6644539,747
6645039,870
6645539,1042
6646039,1221
6646539,1409
6647039,1616
6647539,1818
6648039,2009
6648539,2216
6649039,2410
6649539,2603
6650039,2768
6650539,2923
6651039,3051
6651539,3155
6652039,3216
6652539,3248
6653039,3248
6653539,3199
6654039,3119
6654539,2992
6655039,2862
6655539,2679
6656039,2515
6656539,2315
6657039,2115
6657539,1917
6658039,1718
6658539,1517
6659039,1313
6659539,1129
6660039,960
6660539,811
6661039,689
6661539,598
6662039,553
6662539,529
6663039,532
6663539,576
6664039,639
6664539,745
6665039,870
6665539,1045
6666039,1218
6666539,1412
6667039,1616
6667539,1815
6668039,2010
6668539,2216
6669039,2409
6669539,2602
6670039,2768
6670539,2917
6671039,3051
6671539,3161
6672039,3218
6672539,3252
6673039,3249
6673539,3200
6674039,3120
6674539,2990
6675039,2862
6675539,2686
6676039,2515
6676539,2319
6677039,2123
6677539,1913
6678039,1717
6678539,1516
6679039,1314
6679539,1127
6680039,959
6680539,815
6681039,688
6681539,601
6682039,560
6682539,529
6683039,531
6683539,573
6684039,639
6684539,746
6685039,871
6685539,1044
6686039,1219
6686539,1414
6687039,1616
6687539,1818
6688039,2010
6688539,2215
6689039,2410
6689539,2598
6690039,2768
6690539,2919
6691039,3046
6691539,3159
6692039,3218
6692539,3251
6693039,3250
6693539,3201
6694039,3120
6694539,2991
6695039,2859
6695539,2684
6696039,2513
6696539,2317
6697039,2117
6697539,1913
6698039,1721
6698539,1515
6699039,1321
6699539,1129
6700039,960
6700539,814
6701039,692
6701539,602
6702039,557
6702539,529
6703039,529
6703539,576
6704039,635
6704539,741
6705039,873
6705539,1040
6706039,1219
6706539,1415
6707039,1616
6707539,1821
6708039,2013
6708539,2214
6709039,2411
6709539,2601
6710039,2768
6710539,2915
6711039,3053
6711539,3166
6712039,3221
6712539,3254
6713039,3248
6713539,3200
6714039,3118
6714539,2992
6715039,2858
6715539,2687
6716039,2514
6716539,2315
6717039,2119
6717539,1914
6718039,1719
6718539,1515
6719039,1315
6719539,1129
6720039,954
6720539,815
6721039,688
6721539,605
6722039,554
6722539,528
6723039,530
6723539,576
6724039,638
6724539,747
6725039,869
6725539,1044
6726039,1216
6726539,1411
6727039,1616
6727539,1813
6728039,2011
6728539,2211
6729039,2412
6729539,2605
6730039,2768
6730539,2918
6731039,3052
6731539,3157
6732039,3219
6732539,3253
6733039,3246
6733539,3199
6734039,3120
6734539,2994
6735039,2857
6735539,2687
6736039,2517
6736539,2317
6737039,2119
6737539,1911
6738039,1718
6738539,1511
6739039,1321
6739539,1130
6740039,957
6740539,815
6741039,692
6741539,598
6742039,551
6742539,530
6743039,531
6743539,572
6744039,640
6744539,744
6745039,874
6745539,1042
6746039,1219
6746539,1409
6747039,1616
6747539,1815
6748039,2010
6748539,2210
6749039,2412
6749539,2601
6750039,2768
6750539,2921
6751039,3050
6751539,3159
6752039,3217
6752539,3248
6753039,3248
6753539,3200
6754039,3118
6754539,2991
6755039,2858
6755539,2679
6756039,2517
6756539,2316
6757039,2121
6757539,1913
6758039,1719
6758539,1520
6759039,1319
6759539,1126
6760039,957
6760539,810
6761039,691
6761539,603
6762039,557
6762539,531
6763039,532
6763539,573
6764039,636
6764539,747
6765039,870
6765539,1045
6766039,1219
6766539,1413
6767039,1616
6767539,1819
6768039,2009
6768539,2213
6769039,2410
6769539,2605
6770039,2767
6770539,2917
6771039,3051
6771539,3159
6772039,3217
6772539,3249
6773039,3248
6773539,3202
6774039,3119
6774539,2992
6775039,2855
6775539,2687
6776039,2512
6776539,2315
6777039,2115
6777539,1915
6778039,1721
6778539,1511
6779039,1321
6779539,1131
6780039,956
6780539,815
6781039,690
6781539,599
6782039,559
6782539,528
6783039,533
6783539,574
6784039,640
6784539,745
6785039,873
6785539,1042
6786039,1222
6786539,1410
6787039,1616
6787539,1813
6788039,2011
6788539,2218
6789039,2411
6789539,2602
6790039,2767
6790539,2917
6791039,3051
6791539,3162
6792039,3221
6792539,3249
6793039,3249
6793539,3198
6794039,3120
6794539,2992
6795039,2854
6795539,2683
6796039,2512
6796539,2315
6797039,2120
6797539,1911
6798039,1718
6798539,1513
6799039,1313
6799539,1127
6800039,958
6800539,811
6801039,688
6801539,603
6802039,555
6802539,529
6803039,530
6803539,566
6804039,635
6804539,745
6805039,871
6805539,1047
6806039,1221
6806539,1410
6807039,1616
6807539,1815
6808039,2007
6808539,2213
6809039,2406
6809539,2599
6810039,2768
6810539,2919
6811039,3053
6811539,3159
6812039,3220
6812539,3250
6813039,3248
6813539,3198
6814039,3119
6814539,2992
6815039,2861
6815539,2683
6816039,2518
6816539,2313
6817039,2125
6817539,1913
6818039,1715
6818539,1513
6819039,1316
6819539,1129
6820039,957
6820539,815
6821039,693
6821539,599
6822039,553
6822539,528
6823039,528
6823539,570
6824039,640
6824539,749
6825039,867
6825539,1045
6826039,1219
6826539,1409
6827039,1614
6827539,1813
6828039,2011
6828539,2213
6829039,2407
6829539,2598
6830039,2768
6830539,2920
6831039,3051
6831539,3157
6832039,3216
6832539,3249
6833039,3248
6833539,3203
6834039,3119
6834539,2992
6835039,2859
6835539,2679
6836039,2517
6836539,2317
6837039,2121
6837539,1914
6838039,1715
6838539,1515
6839039,1317
6839539,1125
6840039,959
6840539,813
6841039,690
6841539,598
6842039,554
6842539,530
6843039,528
6843539,574
6844039,637
6844539,749
6845039,867
6845539,1043
6846039,1219
6846539,1411
6847039,1616
6847539,1814
6848039,2012
6848539,2219
6849039,2411
6849539,2599
6850039,2768
6850539,2918
6851039,3052
6851539,3159
6852039,3220
6852539,3250
6853039,3246
6853539,3201
6854039,3121
6854539,2991
6855039,2859
6855539,2683
6856039,2517
6856539,2316
6857039,2118
6857539,1918
6858039,1715
6858539,1510
6859039,1318
6859539,1127
6860039,957
6860539,813
6861039,693
6861539,603
6862039,555
6862539,528
6863039,529
6863539,572
6864039,639
6864539,751
6865039,874
6865539,1044
6866039,1220
6866539,1411
6867039,1616
6867539,1818
6868039,2005
6868539,2218
6869039,2412
6869539,2604
6870039,2768
6870539,2918
6871039,3050
6871539,3163
6872039,3220
6872539,3248
6873039,3248
6873539,3199
6874039,3120
6874539,2986
6875039,2852
6875539,2685
6876039,2515
6876539,2316
6877039,2123
6877539,1910
6878039,1717
6878539,1516
6879039,1319
6879539,1131
6880039,960
6880539,816
6881039,688
6881539,604
6882039,558
6882539,530
6883039,529
6883539,572
6884039,635
6884539,749
6885039,870
6885539,1043
6886039,1219
6886539,1411
6887039,1616
6887539,1815
6888039,2009
6888539,2213
6889039,2411
6889539,2602
6890039,2766
6890539,2917
6891039,3051
6891539,3159
6892039,3216
6892539,3248
6893039,3248
6893539,3201
6894039,3117
6894539,2992
6895039,2855
6895539,2687
6896039,2513
6896539,2319
6897039,2118
6897539,1914
6898039,1719
6898539,1511
6899039,1315
6899539,1130
6900039,959
6900539,816
6901039,689
6901539,598
6902039,553
6902539,529
6903039,529
6903539,574
6904039,637
6904539,746
6905039,871
6905539,1040
6906039,1222
6906539,1411
6907039,1617
6907539,1815
6908039,2009
6908539,2215
6909039,2411
6909539,2603
6910039,2766
6910539,2922
6911039,3053
6911539,3164
6912039,3218
6912539,3248
6913039,3248
6913539,3198
6914039,3120
6914539,2995
6915039,2863
6915539,2683
6916039,2511
6916539,2313
6917039,2113
6917539,1913
6918039,1722
6918539,1515
6919039,1316
6919539,1127
6920039,958
6920539,813
6921039,691
6921539,601
6922039,551
6922539,530
6923039,531
6923539,574
6924039,638
6924539,751
6925039,868
6925539,1044
6926039,1221
6926539,1411
6927039,1616
6927539,1815
6928039,2003
6928539,2210
6929039,2409
6929539,2597
6930039,2765
6930539,2915
6931039,3045
6931539,3155
6932039,3216
6932539,3250
6933039,3248
6933539,3200
6934039,3118
6934539,2992
6935039,2860
6935539,2685
6936039,2515
6936539,2318
6937039,2117
6937539,1914
6938039,1717
6938539,1511
6939039,1314
6939539,1130
6940039,960
6940539,816
6941039,691
6941539,602
6942039,553
6942539,529
6943039,531
6943539,571
6944039,639
6944539,750
6945039,869
6945539,1042
6946039,1226
6946539,1413
6947039,1616
6947539,1813
6948039,2015
6948539,2214
6949039,2409
6949539,2599
6950039,2769
6950539,2916
6951039,3050
6951539,3157
6952039,3219
6952539,3249
6953039,3248
6953539,3199
6954039,3117
6954539,2991
6955039,2858
6955539,2684
6956039,2513
6956539,2313
6957039,2117
6957539,1906
6958039,1715
6958539,1511
6959039,1317
6959539,1128
6960039,955
6960539,811
6961039,690
6961539,603
6962039,556
6962539,528
6963039,528
6963539,573
6964039,640
6964539,743
6965039,871
6965539,1042
6966039,1218
6966539,1412
6967039,1616
6967539,1818
6968039,2007
6968539,2217
6969039,2405
6969539,2600
6970039,2763
6970539,2917
6971039,3051
6971539,3165
6972039,3216
6972539,3249
6973039,3248
6973539,3201
6974039,3118
6974539,2992
6975039,2860
6975539,2683
6976039,2512
6976539,2317
6977039,2120
6977539,1907
6978039,1717
6978539,1513
6979039,1317
6979539,1127
6980039,959
6980539,811
6981039,690
6981539,601
6982039,554
6982539,528
6983039,530
6983539,576
6984039,637
6984539,749
6985039,869
6985539,1040
6986039,1217
6986539,1411
6987039,1615
6987539,1813
6988039,2010
6988539,2215
6989039,2407
6989539,2603
6990039,2767
6990539,2916
6991039,3053
6991539,3159
6992039,3218
6992539,3253
6993039,3249
6993539,3202
6994039,3120
6994539,2992
6995039,2863
6995539,2683
6996039,2514
6996539,2316
6997039,2115
6997539,1911
6998039,1718
6998539,1513
6999039,1316
6999539,1125
7000039,960
7000539,815
7001039,688
7001539,603
7002039,560
7002539,528
7003039,530
7003539,571
7004039,639
7004539,743
7005039,873
7005539,1045
7006039,1222
7006539,1413
7007039,1614
7007539,1816
7008039,2011
7008539,2214
7009039,2409
7009539,2604
7010039,2767
7010539,2918
7011039,3047
7011539,3157
7012039,3220
7012539,3251
7013039,3251
7013539,3201
7014039,3120
7014539,2992
7015039,2857
7015539,2679
7016039,2512
7016539,2314
7017039,2121
7017539,1910
7018039,1715
7018539,1511
7019039,1317
7019539,1126
7020039,955
7020539,811
7021039,689
7021539,598
7022039,555
7022539,529
7023039,533
7023539,575
7024039,638
7024539,744
7025039,868
7025539,1043
7026039,1218
7026539,1411
7027039,1616
7027539,1818
7028039,2010
7028539,2217
7029039,2413
7029539,2603
7030039,2766
7030539,2922
7031039,3049
7031539,3163
7032039,3217
7032539,3249
7033039,3249
7033539,3198
7034039,3120
7034539,2995
7035039,2859
7035539,2685
7036039,2513
7036539,2311
7037039,2118
7037539,1911
7038039,1718
7038539,1515
7039039,1314
7039539,1129
7040039,958
7040539,813
7041039,688
7041539,599
7042039,557
7042539,528
7043039,530
7043539,571
7044039,635
7044539,748
7045039,867
7045539,1042
7046039,1221
7046539,1410
7047039,1615
7047539,1821
7048039,2013
7048539,2215
7049039,2411
7049539,2602
7050039,2768
7050539,2922
7051039,3049
7051539,3158
7052039,3217
7052539,3248
7053039,3251
7053539,3199
7054039,3119
7054539,2991
7055039,2857
7055539,2686
7056039,2515
7056539,2313
7057039,2115
7057539,1913
7058039,1723
7058539,1514
7059039,1318
7059539,1132
7060039,956
7060539,814
7061039,693
7061539,607
7062039,557
7062539,529
7063039,529
7063539,576
7064039,638
7064539,747
7065039,872
7065539,1043
7066039,1223
7066539,1411
7067039,1616
7067539,1817
7068039,2011
7068539,2213
7069039,2407
7069539,2598
7070039,2765
7070539,2917
7071039,3051
7071539,3157
7072039,3223
7072539,3249
7073039,3249
7073539,3201
7074039,3120
7074539,2989
7075039,2861
7075539,2682
7076039,2518
7076539,2315
7077039,2123
7077539,1913
7078039,1721
7078539,1514
7079039,1314
7079539,1127
7080039,960
7080539,815
7081039,689
7081539,603
7082039,551
7082539,529
7083039,533
7083539,573
7084039,635
7084539,749
7085039,866
7085539,1041
7086039,1218
7086539,1413
7087039,1616
7087539,1817
7088039,2011
7088539,2212
7089039,2411
7089539,2599
7090039,2768
7090539,2919
7091039,3053
7091539,3161
7092039,3217
7092539,3248
7093039,3252
7093539,3200
7094039,3119
7094539,2992
7095039,2859
7095539,2688
7096039,2513
7096539,2313
7097039,2118
7097539,1916
7098039,1718
7098539,1511
7099039,1316
7099539,1126
7100039,959
7100539,815
7101039,692
7101539,602
7102039,554
7102539,528
7103039,530
7103539,576
7104039,640
7104539,743
7105039,868
7105539,1043
7106039,1224
7106539,1411
7107039,1616
7107539,1818
7108039,2012
7108539,2215
7109039,2409
7109539,2601
7110039,2768
7110539,2919
7111039,3054
7111539,3158
7112039,3219
7112539,3254
7113039,3247
7113539,3195
7114039,3120
7114539,2991
7115039,2859
7115539,2683
7116039,2514
7116539,2318
7117039,2117
7117539,1914
7118039,1714
7118539,1515
7119039,1313
7119539,1131
7120039,958
7120539,814
7121039,688
7121539,601
7122039,555
7122539,529
7123039,529
7123539,571
7124039,639
7124539,743
7125039,867
7125539,1045
7126039,1216
7126539,1411
7127039,1616
7127539,1815
7128039,2009
7128539,2215
7129039,2407
7129539,2596
7130039,2766
7130539,2918
7131039,3051
7131539,3155
7132039,3217
7132539,3248
7133039,3250
7133539,3199
7134039,3119
7134539,2991
7135039,2853
7135539,2682
7136039,2513
7136539,2314
7137039,2117
7137539,1910
7138039,1719
7138539,1513
7139039,1316
7139539,1131
7140039,958
7140539,814
7141039,691
7141539,599
7142039,555
7142539,528
7143039,529
7143539,574
7144039,635
7144539,742
7145039,866
7145539,1042
7146039,1221
7146539,1409
7147039,1614
7147539,1817
7148039,2010
7148539,2212
7149039,2406
7149539,2603
7150039,2769
7150539,2915
7151039,3051
7151539,3158
7152039,3219
7152539,3250
7153039,3246
7153539,3198
7154039,3119
7154539,2992
7155039,2861
7155539,2687
7156039,2516
7156539,2318
7157039,2121
7157539,1915
7158039,1720
7158539,1514
7159039,1319
7159539,1129
7160039,960
7160539,811
7161039,688
7161539,599
7162039,556
7162539,529
7163039,535
7163539,576
7164039,637
7164539,747
7165039,873
7165539,1046
7166039,1219
7166539,1411
7167039,1616
7167539,1813
7168039,2011
7168539,2218
7169039,2407
7169539,2605
7170039,2768
7170539,2917
7171039,3054
7171539,3159
7172039,3218
7172539,3251
7173039,3248
7173539,3200
7174039,3119
7174539,2991
7175039,2857
7175539,2683
7176039,2517
7176539,2318
7177039,2116
7177539,1908
7178039,1718
7178539,1515
7179039,1317
7179539,1126
7180039,956
7180539,814
7181039,695
7181539,603
7182039,556
7182539,528
7183039,528
7183539,573
7184039,639
7184539,745
7185039,872
7185539,1042
7186039,1218
7186539,1410
7187039,1615
7187539,1815
7188039,2009
7188539,2212
7189039,2410
7189539,2598
7190039,2768
7190539,2922
7191039,3046
7191539,3155
7192039,3216
7192539,3250
7193039,3249
7193539,3204
7194039,3120
7194539,2992
7195039,2858
7195539,2682
7196039,2512
7196539,2315
7197039,2115
7197539,1905
7198039,1721
7198539,1510
7199039,1314
7199539,1126
7200039,955
7200539,815
7201039,693
7201539,606
7202039,557
7202539,528
7203039,529
7203539,575
7204039,640
7204539,745
7205039,868
7205539,1041
7206039,1220
7206539,1410
7207039,1616
7207539,1815
7208039,2011
7208539,2214
7209039,2407
7209539,2599
7210039,2768
7210539,2919
7211039,3047
7211539,3159
7212039,3217
7212539,3247
7213039,3251
7213539,3198
7214039,3118
7214539,2991
7215039,2855
7215539,2679
7216039,2512
7216539,2313
7217039,2114
7217539,1918
7218039,1719
7218539,1511
7219039,1315
7219539,1127
7220039,956
7220539,813
7221039,688
7221539,603
7222039,558
7222539,530
7223039,529
7223539,574
7224039,635
7224539,746
7225039,871
7225539,1040
7226039,1218
7226539,1411
7227039,1617
7227539,1815
7228039,2013
7228539,2212
7229039,2407
7229539,2603
7230039,2767
7230539,2924
7231039,3047
7231539,3157
7232039,3216
7232539,3248
7233039,3249
7233539,3198
7234039,3117
7234539,2992
7235039,2859
7235539,2684
7236039,2516
7236539,2314
7237039,2119
7237539,1913
7238039,1721
7238539,1513
7239039,1315
7239539,1127
7240039,954
7240539,811
7241039,689
7241539,602
7242039,555
7242539,530
7243039,530
7243539,573
7244039,636
7244539,745
7245039,870
7245539,1040
7246039,1225
7246539,1414
7247039,1615
7247539,1818
7248039,2006
7248539,2218
7249039,2410
7249539,2602
7250039,2766
7250539,2922
7251039,3051
7251539,3155
7252039,3217
7252539,3251
7253039,3248
7253539,3200
7254039,3116
7254539,2994
7255039,2857
7255539,2683
7256039,2512
7256539,2318
7257039,2117
7257539,1911
7258039,1713
7258539,1514
7259039,1318
7259539,1126
7260039,959
7260539,815
7261039,691
7261539,599
7262039,551
7262539,531
7263039,529
7263539,571
7264039,640
7264539,741
7265039,871
7265539,1041
7266039,1219
7266539,1415
7267039,1616
7267539,1819
7268039,2009
7268539,2216
7269039,2410
7269539,2599
7270039,2767
7270539,2919
7271039,3045
7271539,3159
7272039,3216
7272539,3249
7273039,3248
7273539,3197
7274039,3120
7274539,2991
7275039,2861
7275539,2685
7276039,2515
7276539,2315
7277039,2114
7277539,1911
7278039,1717
7278539,1514
7279039,1318
7279539,1127
7280039,957
7280539,811
7281039,688
7281539,601
7282039,557
7282539,530
7283039,533
7283539,576
7284039,642
7284539,746
7285039,867
7285539,1045
7286039,1223
7286539,1411
7287039,1614
7287539,1817
7288039,2010
7288539,2212
7289039,2414
7289539,2602
7290039,2767
7290539,2921
7291039,3054
7291539,3159
7292039,3220
7292539,3251
7293039,3247
7293539,3199
7294039,3120
7294539,2992
7295039,2861
7295539,2685
7296039,2513
7296539,2311
7297039,2116
7297539,1910
7298039,1718
7298539,1513
7299039,1317
7299539,1127
7300039,955
7300539,816
7301039,693
7301539,603
7302039,554
7302539,528
7303039,530
7303539,574
7304039,635
7304539,747
7305039,866
7305539,1043
7306039,1219
7306539,1412
7307039,1615
7307539,1818
7308039,2014
7308539,2217
7309039,2407
7309539,2605
7310039,2768
7310539,2915
7311039,3053
7311539,3157
7312039,3216
7312539,3248
7313039,3248
7313539,3199
7314039,3119
7314539,2992
7315039,2859
7315539,2686
7316039,2515
7316539,2317
7317039,2117
7317539,1911
7318039,1717
7318539,1509
7319039,1313
7319539,1127
7320039,959
7320539,812
7321039,694
7321539,598
7322039,555
7322539,528
7323039,529
7323539,575
7324039,635
7324539,743
7325039,871
7325539,1046
7326039,1222
7326539,1411
7327039,1616
7327539,1816
7328039,2009
7328539,2213
7329039,2405
7329539,2599
7330039,2767
7330539,2921
7331039,3051
7331539,3157
7332039,3219
7332539,3248
7333039,3248
7333539,3200
7334039,3120
7334539,2992
7335039,2861
7335539,2684
7336039,2513
7336539,2314
7337039,2119
7337539,1914
7338039,1717
7338539,1514
7339039,1317
7339539,1129
7340039,960
7340539,813
7341039,693
7341539,599
7342039,555
7342539,529
7343039,528
7343539,571
7344039,637
7344539,743
7345039,871
7345539,1044
7346039,1216
7346539,1410
7347039,1616
7347539,1813
7348039,2007
7348539,2215
7349039,2410
7349539,2598
7350039,2768
7350539,2917
7351039,3053
7351539,3155
7352039,3217
7352539,3251
7353039,3249
7353539,3199
7354039,3120
7354539,2992
7355039,2854
7355539,2679
7356039,2513
7356539,2319
7357039,2119
7357539,1915
7358039,1719
7358539,1515
7359039,1315
7359539,1128
7360039,959
7360539,814
7361039,692
7361539,599
7362039,554
7362539,530
7363039,529
7363539,574
7364039,640
7364539,746
7365039,871
7365539,1042
7366039,1220
7366539,1410
7367039,1616
7367539,1814
7368039,2007
7368539,2213
7369039,2407
7369539,2596
7370039,2768
7370539,2921
7371039,3051
7371539,3159
7372039,3217
7372539,3252
7373039,3248
7373539,3200
7374039,3120
7374539,2992
7375039,2859
7375539,2686
7376039,2513
7376539,2313
7377039,2118
7377539,1913
7378039,1722
7378539,1514
7379039,1317
7379539,1130
7380039,959
7380539,814
7381039,689
7381539,599
7382039,554
7382539,528
7383039,530
7383539,571
7384039,640
7384539,746
7385039,876
7385539,1042
7386039,1221
7386539,1411
7387039,1613
7387539,1815
7388039,2007
7388539,2211
7389039,2406
7389539,2599
7390039,2765
7390539,2920
7391039,3052
7391539,3157
7392039,3216
7392539,3249
7393039,3246
7393539,3199
7394039,3118
7394539,2992
7395039,2859
7395539,2683
7396039,2514
7396539,2311
7397039,2121
7397539,1914
7398039,1719
7398539,1514
7399039,1316
7399539,1127
7400039,955
7400539,810
7401039,690
7401539,602
7402039,551
7402539,529
7403039,529
7403539,570
7404039,639
7404539,749
7405039,875
7405539,1041
7406039,1220
7406539,1409
7407039,1616
7407539,1810
7408039,2011
7408539,2217
7409039,2405
7409539,2603
7410039,2766
7410539,2915
7411039,3053
7411539,3162
7412039,3222
7412539,3250
7413039,3249
7413539,3201
7414039,3120
7414539,2992
7415039,2859
7415539,2679
7416039,2512
7416539,2315
7417039,2116
7417539,1909
7418039,1719
7418539,1516
7419039,1316
7419539,1129
7420039,958
7420539,811
7421039,690
7421539,599
7422039,551
7422539,530
7423039,531
7423539,576
7424039,639
7424539,749
7425039,870
7425539,1043
7426039,1219
7426539,1414
7427039,1616
7427539,1818
7428039,2010
7428539,2215
7429039,2407
7429539,2599
7430039,2768
7430539,2918
7431039,3047
7431539,3157
7432039,3216
7432539,3251
7433039,3252
7433539,3200
7434039,3119
7434539,2989
7435039,2859
7435539,2681
7436039,2513
7436539,2311
7437039,2115
7437539,1912
7438039,1717
7438539,1513
7439039,1318
7439539,1129
7440039,959
7440539,813
7441039,695
7441539,599
7442039,551
7442539,530
7443039,530
7443539,570
7444039,640
7444539,747
7445039,874
7445539,1044
7446039,1220
7446539,1409
7447039,1616
7447539,1813
7448039,2011
7448539,2211
7449039,2406
7449539,2602
7450039,2768
7450539,2917
7451039,3049
7451539,3163
7452039,3221
7452539,3254
7453039,3248
7453539,3200
7454039,3117
7454539,2992
7455039,2859
7455539,2685
7456039,2512
7456539,2314
7457039,2115
7457539,1913
7458039,1718
7458539,1517
7459039,1315
7459539,1131
7460039,957
7460539,815
7461039,691
7461539,604
7462039,551
7462539,529
7463039,530
7463539,571
7464039,636
7464539,743
7465039,868
7465539,1046
7466039,1223
7466539,1412
7467039,1616
7467539,1814
7468039,2006
7468539,2215
7469039,2406
7469539,2603
7470039,2767
7470539,2923
7471039,3052
7471539,3159
7472039,3217
7472539,3251
7473039,3248
7473539,3200
7474039,3120
7474539,2989
7475039,2860
7475539,2684
7476039,2513
7476539,2311
7477039,2117
7477539,1915
7478039,1719
7478539,1511
7479039,1314
7479539,1124
7480039,956
7480539,811
7481039,689
7481539,602
7482039,557
7482539,528
7483039,530
7483539,576
7484039,636
7484539,746
7485039,874
7485539,1045
7486039,1221
7486539,1411
7487039,1616
7487539,1817
7488039,2007
7488539,2211
7489039,2410
7489539,2599
7490039,2766
7490539,2914
7491039,3049
7491539,3155
7492039,3218
7492539,3253
7493039,3248
7493539,3197
7494039,3120
7494539,2992
7495039,2861
7495539,2686
7496039,2523
7496539,2314
7497039,2117
7497539,1915
7498039,1725
7498539,1515
7499039,1319
7499539,1126
7500039,958
7500539,816
7501039,689
7501539,602
7502039,559
7502539,529
7503039,530
7503539,570
7504039,639
7504539,749
7505039,865
7505539,1042
7506039,1219
7506539,1411
7507039,1616
7507539,1815
7508039,2009
7508539,2217
7509039,2409
7509539,2602
7510039,2768
7510539,2922
7511039,3051
7511539,3162
7512039,3216
7512539,3252
7513039,3248
7513539,3200
7514039,3120
7514539,2993
7515039,2863
7515539,2683
7516039,2517
7516539,2314
7517039,2121
7517539,1909
7518039,1714
7518539,1514
7519039,1315
7519539,1131
7520039,959
7520539,813
7521039,691
7521539,601
7522039,554
7522539,528
7523039,531
7523539,571
7524039,638
7524539,746
7525039,871
7525539,1044
7526039,1221
7526539,1412
7527039,1614
7527539,1814
7528039,2005
7528539,2214
7529039,2408
7529539,2601
7530039,2763
7530539,2917
7531039,3049
7531539,3162
7532039,3219
7532539,3251
7533039,3248
7533539,3197
7534039,3121
7534539,2992
7535039,2862
7535539,2685
7536039,2517
7536539,2315
7537039,2121
7537539,1914
7538039,1718
7538539,1515
7539039,1315
7539539,1132
7540039,958
7540539,813
7541039,689
7541539,603
7542039,553
7542539,528
7543039,531
7543539,575
7544039,640
7544539,749
7545039,872
7545539,1044
7546039,1219
7546539,1414
7547039,1614
7547539,1818
7548039,2006
7548539,2211
7549039,2411
7549539,2599
7550039,2768
7550539,2918
7551039,3050
7551539,3154
7552039,3218
7552539,3248
7553039,3248
7553539,3199
7554039,3120
7554539,2990
7555039,2859
7555539,2686
7556039,2513
7556539,2314
7557039,2119
7557539,1915
7558039,1715
7558539,1517
7559039,1314
7559539,1130
7560039,953
7560539,813
7561039,691
7561539,601
7562039,558
7562539,528
7563039,529
7563539,572
7564039,640
7564539,749
7565039,873
7565539,1042
7566039,1221
7566539,1411
7567039,1615
7567539,1812
7568039,2006
7568539,2219
7569039,2408
7569539,2603
7570039,2768
7570539,2919
7571039,3051
7571539,3158
7572039,3219
7572539,3253
7573039,3248
7573539,3201
7574039,3117
7574539,2992
7575039,2859
7575539,2682
7576039,2511
7576539,2316
7577039,2121
7577539,1915
7578039,1717
7578539,1511
7579039,1314
7579539,1130
7580039,959
7580539,816
7581039,692
7581539,605
7582039,560
7582539,528
7583039,528
7583539,571
7584039,640
7584539,746
7585039,871
7585539,1046
7586039,1219
7586539,1415
7587039,1617
7587539,1815
7588039,2006
7588539,2215
7589039,2408
7589539,2602
7590039,2768
7590539,2918
7591039,3052
7591539,3163
7592039,3219
7592539,3249
7593039,3250
7593539,3200
7594039,3120
7594539,2992
7595039,2862
7595539,2685
7596039,2514
7596539,2319
7597039,2119
7597539,1915
7598039,1717
7598539,1515
7599039,1316
7599539,1132
7600039,959
7600539,811
7601039,689
7601539,601
7602039,555
7602539,528
7603039,532
7603539,573
7604039,638
7604539,749
7605039,871
7605539,1043
7606039,1221
7606539,1408
7607039,1615
7607539,1818
7608039,2007
7608539,2212
7609039,2410
7609539,2605
7610039,2764
7610539,2916
7611039,3054
7611539,3159
7612039,3225
7612539,3249
7613039,3248
7613539,3198
7614039,3120
7614539,2991
7615039,2858
7615539,2682
7616039,2516
7616539,2317
7617039,2122
7617539,1910
7618039,1721
7618539,1516
7619039,1313
7619539,1129
7620039,955
7620539,815
7621039,689
7621539,598
7622039,558
7622539,528
7623039,533
7623539,574
7624039,638
7624539,746
7625039,871
7625539,1042
7626039,1222
7626539,1415
7627039,1616
7627539,1815
7628039,2003
7628539,2214
7629039,2408
7629539,2600
7630039,2767
7630539,2918
7631039,3053
7631539,3162
7632039,3217
7632539,3251
7633039,3248
7633539,3201
7634039,3120
7634539,2990
7635039,2857
7635539,2682
7636039,2518
7636539,2315
7637039,2120
7637539,1909
7638039,1722
7638539,1512
7639039,1315
7639539,1127
7640039,960
7640539,816
7641039,691
7641539,602
7642039,559
7642539,528
7643039,528
7643539,573
7644039,641
7644539,747
7645039,869
7645539,1045
7646039,1227
7646539,1409
7647039,1612
7647539,1819
7648039,2010
7648539,2215
7649039,2411
7649539,2599
7650039,2770
7650539,2918
7651039,3054
7651539,3159
7652039,3217
7652539,3248
7653039,3249
7653539,3201
7654039,3121
7654539,2992
7655039,2861
7655539,2685
7656039,2517
7656539,2314
7657039,2117
7657539,1911
7658039,1716
7658539,1514
7659039,1316
7659539,1128
7660039,955
7660539,813
7661039,690
7661539,602
7662039,551
7662539,528
7663039,529
7663539,573
7664039,637
7664539,750
7665039,869
7665539,1045
7666039,1222
7666539,1412
7667039,1616
7667539,1814
7668039,2011
7668539,2213
7669039,2409
7669539,2598
7670039,2768
7670539,2918
7671039,3047
7671539,3155
7672039,3217
7672539,3247
7673039,3249
7673539,3200
7674039,3118
7674539,2992
7675039,2855
7675539,2686
7676039,2513
7676539,2318
7677039,2113
7677539,1913
7678039,1719
7678539,1515
7679039,1315
7679539,1129
7680039,958
7680539,815
7681039,688
7681539,599
7682039,555
7682539,528
7683039,528
7683539,576
7684039,639
7684539,746
7685039,875
7685539,1045
7686039,1222
7686539,1410
7687039,1616
7687539,1815
7688039,2009
7688539,2213
7689039,2413
7689539,2603
7690039,2765
7690539,2917
7691039,3051
7691539,3157
7692039,3222
7692539,3249
7693039,3248
7693539,3198
7694039,3125
7694539,2992
7695039,2861
7695539,2683
7696039,2515
7696539,2315
7697039,2118
7697539,1910
7698039,1717
7698539,1517
7699039,1318
7699539,1126
7700039,957
7700539,814
7701039,689
7701539,598
7702039,557
7702539,528
7703039,528
7703539,571
7704039,638
7704539,746
7705039,871
7705539,1041
7706039,1218
7706539,1411
7707039,1616
7707539,1814
7708039,2006
7708539,2211
7709039,2407
7709539,2603
7710039,2768
7710539,2913
7711039,3047
7711539,3159
7712039,3218
7712539,3251
7713039,3248
7713539,3198
7714039,3120
7714539,2991
7715039,2861
7715539,2684
7716039,2514
7716539,2314
7717039,2117
7717539,1907
7718039,1717
7718539,1516
7719039,1314
7719539,1131
7720039,959
7720539,815
7721039,689
7721539,604
7722039,557
7722539,530
7723039,530
7723539,573
7724039,637
7724539,748
7725039,869
7725539,1044
7726039,1222
7726539,1411
7727039,1616
7727539,1815
7728039,2011
7728539,2215
7729039,2407
7729539,2599
7730039,2768
7730539,2919
7731039,3047
7731539,3155
7732039,3221
7732539,3250
7733039,3248
7733539,3195
7734039,3120
7734539,2992
7735039,2857
7735539,2685
7736039,2515
7736539,2315
7737039,2118
7737539,1914
7738039,1717
7738539,1517
7739039,1316
7739539,1129
7740039,958
7740539,816
7741039,689
7741539,599
7742039,553
7742539,529
7743039,528
7743539,575
7744039,639
7744539,741
7745039,871
7745539,1041
7746039,1216
7746539,1412
7747039,1615
7747539,1814
7748039,2007
7748539,2213
7749039,2409
7749539,2603
7750039,2767
7750539,2918
7751039,3050
7751539,3159
7752039,3218
7752539,3248
7753039,3248
7753539,3199
7754039,3120
7754539,2992
7755039,2857
7755539,2677
7756039,2514
7756539,2307
7757039,2117
7757539,1910
7758039,1718
7758539,1517
7759039,1316
7759539,1126
7760039,957
7760539,816
7761039,693
7761539,599
7762039,554
7762539,532
7763039,532
7763539,573
7764039,639
7764539,750
7765039,869
7765539,1046
7766039,1220
7766539,1415
7767039,1616
7767539,1818
7768039,2007
7768539,2215
7769039,2410
7769539,2602
7770039,2768
7770539,2918
7771039,3052
7771539,3161
7772039,3217
7772539,3250
7773039,3248
7773539,3199
7774039,3121
7774539,2995
7775039,2862
7775539,2681
7776039,2512
7776539,2313
7777039,2119
7777539,1913
7778039,1717
7778539,1514
7779039,1317
7779539,1130
7780039,957
7780539,815
7781039,691
7781539,604
7782039,557
7782539,532
7783039,531
7783539,573
7784039,636
7784539,745
7785039,870
7785539,1043
7786039,1223
7786539,1408
7787039,1616
7787539,1815
7788039,2010
7788539,2220
7789039,2409
7789539,2603
7790039,2769
7790539,2918
7791039,3053
7791539,3158
7792039,3222
7792539,3251
7793039,3249
7793539,3198
7794039,3120
7794539,2991
7795039,2859
7795539,2685
7796039,2512
7796539,2319
7797039,2117
7797539,1913
7798039,1717
7798539,1515
7799039,1317
7799539,1127
7800039,957
7800539,814
7801039,691
7801539,599
7802039,555
7802539,529
7803039,528
7803539,574
7804039,635
7804539,750
7805039,874
7805539,1046
7806039,1223
7806539,1411
7807039,1616
7807539,1817
7808039,2008
7808539,2218
7809039,2409
7809539,2601
7810039,2766
7810539,2921
7811039,3049
7811539,3159
7812039,3218
7812539,3251
7813039,3248
7813539,3199
7814039,3118
7814539,2992
7815039,2861
7815539,2683
7816039,2515
7816539,2319
7817039,2117
7817539,1910
7818039,1721
7818539,1513
7819039,1316
7819539,1125
7820039,955
7820539,813
7821039,693
7821539,599
7822039,555
7822539,528
7823039,534
7823539,573
7824039,640
7824539,743
7825039,873
7825539,1041
7826039,1219
7826539,1415
7827039,1616
7827539,1815
7828039,2013
7828539,2215
7829039,2410
7829539,2599
7830039,2768
7830539,2917
7831039,3054
7831539,3159
7832039,3219
7832539,3248
7833039,3249
7833539,3199
7834039,3119
7834539,2992
7835039,2861
7835539,2681
7836039,2519
7836539,2315
7837039,2115
7837539,1913
7838039,1717
7838539,1514
7839039,1315
7839539,1126
7840039,960
7840539,813
7841039,690
7841539,602
7842039,555
7842539,530
7843039,528
7843539,576
7844039,636
7844539,745
7845039,871
7845539,1043
7846039,1222
7846539,1409
7847039,1616
7847539,1817
7848039,2011
7848539,2213
7849039,2406
7849539,2602
7850039,2768
7850539,2917
7851039,3049
7851539,3158
7852039,3221
7852539,3249
7853039,3248
7853539,3200
7854039,3120
7854539,2993
7855039,2858
7855539,2685
7856039,2518
7856539,2319
7857039,2115
7857539,1911
7858039,1717
7858539,1511
7859039,1316
7859539,1126
7860039,958
7860539,811
7861039,692
7861539,603
7862039,555
7862539,528
7863039,530
7863539,574
7864039,640
7864539,749
7865039,871
7865539,1041
7866039,1219
7866539,1411
7867039,1614
7867539,1811
7868039,2015
7868539,2218
7869039,2411
7869539,2603
7870039,2767
7870539,2923
7871039,3055
7871539,3159
7872039,3222
7872539,3249
7873039,3248
7873539,3200
7874039,3119
7874539,2990
7875039,2857
7875539,2685
7876039,2515
7876539,2311
7877039,2118
7877539,1914
7878039,1717
7878539,1511
7879039,1319
7879539,1126
7880039,959
7880539,811
7881039,689
7881539,597
7882039,555
7882539,528
7883039,528
7883539,573
7884039,641
7884539,748
7885039,876
7885539,1046
7886039,1219
7886539,1411
7887039,1616
7887539,1815
7888039,2011
7888539,2219
7889039,2409
7889539,2606
7890039,2768
7890539,2923
7891039,3051
7891539,3163
7892039,3216
7892539,3253
7893039,3248
7893539,3200
7894039,3119
7894539,2992
7895039,2860
7895539,2685
7896039,2512
7896539,2319
7897039,2115
7897539,1913
7898039,1719
7898539,1513
7899039,1315
7899539,1131
7900039,955
7900539,811
7901039,690
7901539,602
7902039,551
7902539,528
7903039,531
7903539,566
7904039,637
7904539,748
7905039,870
7905539,1044
7906039,1223
7906539,1414
7907039,1614
7907539,1815
7908039,2010
7908539,2213
7909039,2411
7909539,2604
7910039,2768
7910539,2921
7911039,3052
7911539,3159
7912039,3216
7912539,3251
7913039,3247
7913539,3201
7914039,3120
7914539,2992
7915039,2859
7915539,2686
7916039,2515
7916539,2313
7917039,2120
7917539,1914
7918039,1719
7918539,1514
7919039,1312
7919539,1126
7920039,960
7920539,811
7921039,689
7921539,603
7922039,555
7922539,528
7923039,531
7923539,574
7924039,638
7924539,743
7925039,870
7925539,1041
7926039,1223
7926539,1409
7927039,1616
7927539,1819
7928039,2007
7928539,2217
7929039,2413
7929539,2595
7930039,2766
7930539,2916
7931039,3056
7931539,3157
7932039,3219
7932539,3251
7933039,3248
7933539,3198
7934039,3120
7934539,2992
7935039,2863
7935539,2685
7936039,2515
7936539,2315
7937039,2119
7937539,1916
7938039,1717
7938539,1514
7939039,1314
7939539,1127
7940039,954
7940539,816
7941039,689
7941539,603
7942039,551
7942539,530
7943039,532
7943539,566
7944039,640
7944539,745
7945039,870
7945539,1045
7946039,1223
7946539,1413
7947039,1615
7947539,1817
7948039,2010
7948539,2215
7949039,2410
7949539,2600
7950039,2768
7950539,2921
7951039,3055
7951539,3158
7952039,3217
7952539,3250
7953039,3248
7953539,3202
7954039,3120
7954539,2992
7955039,2863
7955539,2684
7956039,2513
7956539,2318
7957039,2119
7957539,1915
7958039,1719
7958539,1514
7959039,1317
7959539,1128
7960039,959
7960539,813
7961039,693
7961539,603
7962039,555
7962539,528
7963039,532
7963539,570
7964039,640
7964539,747
7965039,870
7965539,1046
7966039,1218
7966539,1408
7967039,1616
7967539,1817
7968039,2015
7968539,2218
7969039,2413
7969539,2601
7970039,2768
7970539,2917
7971039,3052
7971539,3161
7972039,3219
7972539,3250
7973039,3248
7973539,3198
7974039,3120
7974539,2993
7975039,2854
7975539,2682
7976039,2513
7976539,2311
7977039,2123
7977539,1911
7978039,1714
7978539,1515
7979039,1314
7979539,1127
7980039,955
7980539,810
7981039,691
7981539,602
7982039,556
7982539,528
7983039,528
7983539,574
7984039,638
7984539,747
7985039,873
7985539,1043
7986039,1223
7986539,1411
7987039,1616
7987539,1814
7988039,2007
7988539,2211
7989039,2406
7989539,2599
7990039,2767
7990539,2922
7991039,3047
7991539,3158
7992039,3218
7992539,3249
7993039,3248
7993539,3202
7994039,3120
7994539,2992
7995039,2859
7995539,2685
7996039,2514
7996539,2315
7997039,2118
7997539,1913
7998039,1717
7998539,1511
7999039,1313
7999539,1130
8000039,958
8000539,815
8001039,690
8001539,602
8002039,556
8002539,528
8003039,528
8003539,575
8004039,639
8004539,748
8005039,870
8005539,1046
8006039,1219
8006539,1411
8007039,1616
8007539,1816
8008039,2011
8008539,2215
8009039,2407
8009539,2599
8010039,2768
8010539,2921
8011039,3054
8011539,3157
8012039,3219
8012539,3249
8013039,3248
8013539,3201
8014039,3119
8014539,2989
8015039,2859
8015539,2681
8016039,2514
8016539,2315
8017039,2118
8017539,1911
8018039,1718
8018539,1511
8019039,1319
8019539,1128
8020039,955
8020539,815
8021039,690
8021539,599
8022039,554
8022539,528
8023039,531
8023539,571
8024039,639
8024539,748
8025039,871
8025539,1045
8026039,1219
8026539,1411
8027039,1616
8027539,1815
8028039,2011
8028539,2214
8029039,2410
8029539,2602
8030039,2766
8030539,2921
8031039,3056
8031539,3161
8032039,3218
8032539,3247
8033039,3248
8033539,3199
8034039,3116
8034539,2992
8035039,2857
8035539,2683
8036039,2513
8036539,2314
8037039,2122
8037539,1913
8038039,1718
8038539,1509
8039039,1314
8039539,1129
8040039,951
8040539,814
8041039,693
8041539,603
8042039,555
8042539,529
8043039,528
8043539,571
8044039,640
8044539,751
8045039,871
8045539,1045
8046039,1221
8046539,1410
8047039,1615
8047539,1817
8048039,2007
8048539,2213
8049039,2406
8049539,2602
8050039,2768
8050539,2918
8051039,3046
8051539,3157
8052039,3216
8052539,3250
8053039,3246
8053539,3199
8054039,3120
8054539,2995
8055039,2861
8055539,2685
8056039,2517
8056539,2314
8057039,2117
8057539,1915
8058039,1717
8058539,1514
8059039,1322
8059539,1130
8060039,958
8060539,814
8061039,692
8061539,603
8062039,555
8062539,528
8063039,529
8063539,571
8064039,640
8064539,748
8065039,870
8065539,1042
8066039,1219
8066539,1413
8067039,1616
8067539,1821
8068039,2010
8068539,2213
8069039,2409
8069539,2602
8070039,2768
8070539,2923
8071039,3051
8071539,3161
8072039,3219
8072539,3248
8073039,3248
8073539,3199
8074039,3118
8074539,2992
8075039,2857
8075539,2683
8076039,2514
8076539,2314
8077039,2117
8077539,1911
8078039,1717
8078539,1515
8079039,1319
8079539,1125
8080039,957
8080539,815
8081039,690
8081539,604
8082039,558
8082539,532
8083039,530
8083539,575
8084039,640
8084539,751
8085039,874
8085539,1042
8086039,1218
8086539,1408
8087039,1620
8087539,1822
8088039,2010
8088539,2210
8089039,2408
8089539,2600
8090039,2768
8090539,2923
8091039,3049
8091539,3164
8092039,3219
8092539,3248
8093039,3247
8093539,3202
8094039,3119
8094539,2992
8095039,2860
8095539,2685
8096039,2514
8096539,2316
8097039,2118
8097539,1913
8098039,1722
8098539,1515
8099039,1321
8099539,1130
8100039,951
8100539,810
8101039,689
8101539,597
8102039,550
8102539,529
8103039,531
8103539,571
8104039,639
8104539,751
8105039,874
8105539,1043
8106039,1219
8106539,1411
8107039,1616
8107539,1813
8108039,2010
8108539,2217
8109039,2416
8109539,2604
8110039,2766
8110539,2917
8111039,3051
8111539,3161
8112039,3221
8112539,3252
8113039,3248
8113539,3200
8114039,3115
8114539,2992
8115039,2861
8115539,2681
8116039,2513
8116539,2310
8117039,2118
8117539,1913
8118039,1717
8118539,1514
8119039,1319
8119539,1131
8120039,955
8120539,816
8121039,693
8121539,599
8122039,558
8122539,531
8123039,528
8123539,572
8124039,636
8124539,750
8125039,870
8125539,1042
8126039,1224
8126539,1409
8127039,1616
8127539,1814
8128039,2011
8128539,2214
8129039,2406
8129539,2605
8130039,2766
8130539,2925
8131039,3051
8131539,3156
8132039,3217
8132539,3255
8133039,3249
8133539,3200
8134039,3119
8134539,2992
8135039,2858
8135539,2682
8136039,2513
8136539,2313
8137039,2115
8137539,1911
8138039,1722
8138539,1514
8139039,1314
8139539,1130
8140039,953
8140539,813
8141039,691
8141539,605
8142039,557
8142539,528
8143039,532
8143539,574
8144039,640
8144539,744
8145039,872
8145539,1042
8146039,1218
8146539,1411
8147039,1616
8147539,1815
8148039,2007
8148539,2219
8149039,2411
8149539,2607
8150039,2766
8150539,2922
8151039,3051
8151539,3158
8152039,3222
8152539,3251
8153039,3249
8153539,3200
8154039,3117
8154539,2995
8155039,2862
8155539,2686
8156039,2518
8156539,2318
8157039,2118
8157539,1911
8158039,1719
8158539,1518
8159039,1319
8159539,1127
8160039,956
8160539,815
8161039,689
8161539,598
8162039,551
8162539,529
8163039,530
8163539,573
8164039,637
8164539,743
8165039,870
8165539,1046
8166039,1222
8166539,1413
8167039,1616
8167539,1813
8168039,2013
8168539,2217
8169039,2411
8169539,2602
8170039,2768
8170539,2920
8171039,3054
8171539,3159
8172039,3216
8172539,3248
8173039,3248
8173539,3199
8174039,3118
8174539,2991
8175039,2853
8175539,2678
8176039,2517
8176539,2315
8177039,2123
8177539,1913
8178039,1718
8178539,1517
8179039,1316
8179539,1127
8180039,957
8180539,815
8181039,692
8181539,601
8182039,555
8182539,529
8183039,531
8183539,573
8184039,639
8184539,749
8185039,867
8185539,1041
8186039,1217
8186539,1410
8187039,1615
8187539,1815
8188039,2011
8188539,2211
8189039,2407
8189539,2599
8190039,2768
8190539,2923
8191039,3050
8191539,3154
# end
