# sketch,characterise_v2loop
# mode_number,3
# mode_name,3_freerun_ts_before_v2_arithmetic
# label,G_stim_v2arith
# ---- CHECK THE THREE LINES ABOVE BEFORE YOU KEEP THIS CAPTURE ----
# waiting 600 s for thermal settle - press any key to skip
# warm 0 s
# measuring bias (Feather 2 DC midpoint), as V2 does
# bias_volts,1.526087
# ----------------------------------------------------------
# n,16384
# fs_hz_window,1816.4101
# span_s,9.019439
# dt_mean_us,550.5028
# dt_sd_us,1.1389
# dt_min_us,549
# dt_max_us,559
# fs_hz_from_mean,1816.5211
# mean_code,1877.2457
# sd_code,955.4383
# min_code,525
# max_code,3261
# mean_volts,1.512799
# sd_millivolts,769.9503
# adc,12bit_default_11dB_attenuation
# conv,linear_3.3_over_4095
# crossings_pos,451
# crossings_neg,451
# sink,2621441723
# ----------------------------------------------------------
t_us,code
0,2688
559,2515
1112,2311
1663,2123
2213,1915
2763,1723
3322,1516
3877,1255
4427,1002
4977,816
5528,689
6078,598
6627,554
7177,528
7728,531
8278,573
8829,641
9380,869
9930,1045
10481,1218
11031,1413
11581,1617
12132,1818
12681,2013
13233,2215
13783,2411
14333,2768
14887,2921
15437,3051
15987,3159
16537,3222
17087,3249
17637,3252
18187,3206
18739,3120
19290,2992
19840,2849
20390,2558
20940,2318
21491,2115
22041,1914
22591,1718
23141,1511
23692,1318
24243,1128
24792,959
25346,795
25896,623
26447,557
26997,530
27547,528
28097,569
28648,639
29197,747
29747,877
30298,1047
30850,1413
31401,1616
31951,1817
32501,2013
33052,2218
33602,2411
34152,2603
34702,2768
35252,2921
35802,3047
36353,3217
36903,3261
37454,3252
38004,3195
38555,3120
39105,2991
39656,2859
40206,2686
40756,2514
41307,2320
41861,2066
42412,1781
42963,1520
43513,1312
44063,1127
44613,954
45163,809
45715,691
46264,599
46814,557
47365,529
47914,571
48464,640
49014,745
49565,875
50115,1042
50666,1219
51216,1414
51767,1616
52316,1815
52871,2215
53421,2412
53971,2601
54522,2768
55072,2921
55623,3050
56173,3157
56723,3218
57273,3250
57823,3248
58373,3119
58923,2992
59474,2861
60023,2681
60574,2513
61124,2315
61675,2115
62224,1915
62775,1720
63325,1515
63879,1251
64429,998
64979,811
65529,689
66080,597
66630,557
67180,529
67731,530
68281,575
68831,635
69381,870
69931,1041
70481,1219
71031,1411
71582,1616
72132,1817
72683,2010
73233,2213
73784,2409
74333,2768
74887,2921
75437,3056
75987,3161
76537,3218
77087,3249
77637,3255
78187,3201
78738,3120
79289,2992
79840,2847
80390,2559
80940,2314
81490,2119
82041,1911
82590,1717
83141,1515
83691,1321
84242,1128
84792,959
85346,796
85896,622
86447,553
86997,529
87547,528
88096,573
88646,638
89197,750
89747,872
90297,1048
90850,1418
91400,1618
91950,1814
92501,2011
93052,2217
93603,2411
94153,2597
94707,2768
95257,2919
95808,3047
96359,3223
96909,3251
97459,3250
98009,3200
98558,3121
99109,2992
99659,2855
100209,2686
100759,2516
101309,2317
101864,2065
102414,1781
102964,1515
103515,1312
104065,1132
104616,953
105166,811
105717,691
106267,597
106817,558
107367,529
107917,573
108468,636
109018,749
109569,873
110119,1043
110670,1222
111220,1413
111770,1616
112320,1815
112874,2215
113425,2411
113975,2605
114526,2768
115076,2919
115626,3051
116177,3154
116727,3221
117278,3248
117828,3248
118377,3119
118927,2992
119477,2858
120027,2683
120578,2512
121128,2316
121678,2118
122228,1913
122779,1714
123329,1509
123884,1238
124434,990
124984,813
125534,689
126085,599
126634,556
127185,531
127735,530
128285,571
128835,635
129385,871
129936,1043
130486,1227
131037,1411
131587,1616
132137,1819
132687,2011
133238,2215
133788,2407
134339,2770
134892,2922
135442,3050
135992,3157
136542,3219
137092,3250
137643,3249
138193,3199
138744,3118
139294,2992
139849,2822
140400,2538
140950,2315
141501,2122
142051,1916
142602,1718
143153,1511
143708,1314
144258,1123
144808,957
145359,784
145909,604
146459,555
147009,528
147560,528
148110,576
148660,635
149210,751
149761,874
150312,1046
150866,1411
151416,1616
151966,1814
152516,2011
153067,2215
153617,2414
154167,2599
154717,2768
155268,2919
155819,3052
156369,3221
156919,3251
157470,3248
158020,3200
158570,3120
159120,2992
159671,2862
160220,2683
160770,2514
161320,2316
161874,2038
162425,1764
162976,1514
163527,1321
164077,1127
164626,954
165176,813
165727,693
166276,599
166826,559
167376,533
167926,576
168476,636
169026,745
169577,868
170127,1043
170678,1221
171228,1412
171779,1616
172328,1815
172884,2219
173435,2406
173985,2601
174534,2768
175084,2923
175635,3047
176184,3159
176736,3217
177286,3248
177837,3248
178387,3120
178937,2992
179488,2862
180038,2684
180589,2513
181139,2314
181689,2115
182239,1911
182790,1717
183340,1499
183893,1228
184443,976
184993,812
185543,688
186093,599
186644,557
187194,531
187745,534
188294,574
188849,746
189400,866
189950,1046
190501,1222
191051,1414
191601,1616
192151,1819
192703,2006
193253,2214
193803,2407
194353,2768
194903,2923
195454,3056
196004,3164
196555,3219
197105,3249
197656,3248
198206,3197
198756,3119
199306,2993
199860,2797
200410,2518
200960,2314
201510,2117
202060,1917
202610,1718
203161,1507
203712,1321
204262,1126
204812,960
205362,781
205912,602
206462,557
207012,530
207562,528
208112,572
208663,638
209212,745
209762,873
210312,1043
210866,1413
211416,1616
211966,1817
212516,2015
213067,2215
213617,2411
214167,2601
214719,2768
215269,2922
215820,3051
216369,3222
216919,3253
217469,3254
218019,3202
218569,3120
219119,2991
219670,2859
220220,2683
220770,2517
221320,2310
221874,2042
222425,1761
222976,1517
223525,1314
224075,1127
224625,958
225175,810
225727,691
226277,602
226828,557
227379,528
227929,573
228478,634
229028,743
229578,873
230128,1042
230678,1223
231228,1412
231779,1615
232328,1818
232884,2219
233435,2412
233985,2603
234535,2768
235085,2919
235636,3050
236186,3162
236737,3221
237287,3252
237837,3243
238387,3120
238937,2993
239488,2858
240038,2683
240589,2514
241139,2317
241689,2122
242239,1913
242789,1718
243340,1503
243893,1232
244443,979
244993,813
245543,692
246093,602
246643,557
247193,528
247744,531
248295,576
248850,747
249400,868
249950,1041
250501,1223
251051,1414
251601,1617
252150,1815
252701,2010
253252,2214
253802,2410
254353,2771
254903,2919
255454,3055
256004,3162
256555,3221
257105,3250
257655,3248
258205,3201
258756,3119
259306,2994
259860,2799
260410,2516
260961,2315
261510,2118
262060,1910
262611,1718
263161,1511
263712,1313
264261,1131
264812,958
265361,781
265911,606
266461,553
267011,530
267562,529
268112,573
268663,638
269213,747
269763,871
270313,1045
270867,1413
271417,1616
271967,1814
272517,2011
273068,2214
273618,2411
274168,2601
274719,2768
275268,2917
275818,3054
276368,3219
276918,3248
277469,3248
278019,3206
278568,3119
279118,2992
279669,2859
280219,2688
280769,2512
281320,2315
281874,2039
282424,1766
282975,1509
283525,1314
284076,1127
284625,959
285175,812
285727,688
286278,601
286828,558
287377,530
287927,574
288477,638
289027,743
289577,869
290127,1042
290677,1223
291228,1410
291778,1616
292328,1818
292884,2217
293434,2413
293984,2605
294535,2766
295085,2921
295635,3051
296185,3161
296737,3217
297287,3250
297837,3245
298387,3120
298937,2990
299488,2860
300038,2683
300588,2512
301138,2315
301688,2119
302238,1911
302789,1715
303339,1503
303892,1232
304443,978
304993,812
305543,688
306093,599
306643,557
307193,528
307744,534
308294,575
308849,746
309400,871
309950,1047
310501,1223
311051,1413
311602,1617
312152,1822
312702,2012
313253,2217
313803,2411
314353,2770
314903,2923
315454,3052
316004,3164
316555,3219
317105,3251
317656,3248
318206,3199
318756,3116
319306,2992
319861,2800
320412,2515
320962,2313
321511,2117
322062,1913
322612,1719
323162,1513
323714,1315
324265,1131
324816,959
325367,771
325917,599
326468,555
327018,528
327569,533
328119,573
328670,638
329220,746
329770,870
330320,1041
330874,1415
331425,1616
331975,1823
332524,2011
333075,2213
333625,2414
334175,2601
334726,2768
335276,2923
335826,3050
336377,3221
336927,3255
337477,3248
338027,3200
338577,3122
339127,2992
339677,2860
340227,2687
340777,2512
341327,2320
341881,2029
342431,1750
342982,1511
343532,1317
344082,1126
344633,960
345183,813
345733,691
346284,601
346834,560
347383,529
347933,571
348483,635
349033,746
349584,871
350134,1045
350684,1221
351234,1410
351784,1616
352334,2011
352889,2219
353440,2411
353990,2606
354540,2768
355090,2923
355639,3054
356189,3155
356742,3215
357293,3250
357848,3213
358398,3120
358948,2990
359498,2862
360048,2684
360598,2512
361148,2310
361700,2114
362249,1909
362800,1717
363351,1488
363901,1222
364450,972
365000,811
365551,688
366101,596
366651,555
367202,530
367752,529
368302,572
368856,749
369407,875
369957,1042
370508,1221
371058,1414
371607,1615
372157,1813
372709,2011
373260,2214
373810,2407
374361,2769
374911,2917
375462,3053
376012,3159
376561,3219
377111,3250
377662,3248
378211,3203
378761,3119
379312,2992
379866,2785
380416,2515
380966,2318
381516,2117
382066,1914
382616,1718
383167,1514
383719,1315
384270,1127
384820,954
385369,770
385919,598
386469,552
387019,528
387569,533
388119,574
388670,638
389220,746
389770,868
390320,1043
390874,1413
391424,1616
391974,1818
392525,2007
393076,2212
393626,2409
394177,2599
394728,2766
395277,2921
395827,3053
396378,3219
396928,3251
397477,3248
398027,3202
398578,3120
399128,2992
399678,2857
400228,2687
400779,2514
401329,2314
401884,2025
402434,1746
402985,1511
403536,1316
404086,1127
404637,958
405187,814
405739,689
406290,603
406840,547
407390,528
407940,574
408490,639
409040,750
409590,869
410140,1046
410691,1223
411240,1410
411790,1614
412340,2015
412895,2217
413446,2405
413996,2603
414545,2768
415095,2923
415645,3051
416195,3158
416745,3222
417296,3249
417849,3207
418400,3119
418950,2990
419501,2861
420051,2682
420602,2515
421152,2315
421704,2119
422253,1911
422803,1715
423354,1483
423904,1215
424454,970
425004,811
425555,690
426105,604
426655,554
427205,530
427756,531
428306,574
428860,746
429410,870
429960,1043
430510,1223
431060,1412
431610,1617
432160,1814
432712,2010
433262,2215
433812,2410
434362,2769
434912,2919
435462,3056
436012,3159
436562,3222
437112,3249
437663,3248
438213,3195
438763,3120
439313,2989
439867,2782
440417,2517
440967,2313
441517,2115
442067,1910
442618,1717
443168,1517
443719,1319
444270,1133
444820,957
445369,771
445919,602
446469,547
447019,528
447569,529
448119,569
448670,638
449220,746
449770,870
450320,1046
450874,1415
451425,1617
451975,1821
452524,2011
453075,2219
453625,2413
454175,2602
454726,2768
455277,2919
455827,3050
456376,3223
456926,3252
457477,3248
458027,3200
458577,3120
459127,2992
459677,2858
460227,2683
460777,2512
461327,2317
461881,2031
462431,1749
462982,1511
463533,1317
464083,1127
464633,955
465183,814
465734,691
466285,596
466836,557
467387,531
467937,573
468488,636
469038,746
469589,870
470139,1041
470690,1219
471240,1411
471790,1616
472340,2011
472895,2215
473444,2407
473994,2601
474544,2770
475094,2921
475644,3052
476194,3157
476745,3216
477294,3249
477849,3211
478400,3117
478950,2991
479501,2858
480051,2682
480601,2517
481151,2317
481702,2119
482253,1910
482803,1716
483354,1487
483905,1216
484454,971
485004,813
485555,690
486105,598
486655,556
487205,528
487756,530
488306,574
488860,746
489410,871
489961,1040
490511,1219
491061,1410
491611,1616
492161,1809
492713,2011
493264,2217
493814,2409
494363,2769
494913,2919
495463,3055
496013,3163
496563,3222
497113,3250
497664,3245
498215,3201
498765,3119
499314,2992
499868,2779
500418,2516
500968,2311
501518,2114
502068,1908
502618,1719
503169,1509
503720,1316
504270,1126
504820,956
505371,770
505921,599
506470,555
507020,528
507570,529
508120,573
508670,639
509220,749
509770,870
510320,1047
510874,1421
511425,1616
511975,1815
512524,2010
513075,2214
513625,2410
514175,2595
514727,2768
515278,2919
515828,3055
516378,3227
516929,3252
517479,3250
518029,3201
518579,3117
519129,2991
519679,2861
520230,2686
520780,2513
521329,2315
521884,2021
522434,1750
522985,1514
523535,1315
524086,1129
524637,957
525187,811
525738,692
526288,601
526838,554
527388,528
527938,576
528488,634
529038,748
529589,875
530139,1044
530690,1218
531239,1410
531789,1616
532339,2011
532893,2217
533443,2411
533993,2601
534543,2768
535093,2919
535643,3049
536193,3159
536744,3217
537294,3248
537849,3205
538400,3120
538950,2992
539501,2862
540051,2686
540601,2515
541151,2317
541702,2117
542252,1916
542802,1718
543353,1486
543903,1217
544454,971
545004,813
545555,690
546105,603
546656,556
547206,528
547757,532
548307,572
548861,747
549412,870
549962,1040
550513,1222
551063,1412
551612,1616
552162,1815
552714,2009
553265,2210
553815,2407
554366,2768
554916,2923
555466,3055
556016,3162
556565,3216
557115,3254
557665,3250
558216,3200
558766,3119
559315,2991
559870,2775
560419,2518
560969,2320
561520,2121
562070,1911
562619,1717
563170,1509
563721,1317
564271,1127
564821,955
565371,767
565921,595
566471,551
567021,528
567571,529
568121,570
568672,639
569223,747
569773,866
570322,1045
570876,1411
571427,1616
571977,1814
572528,2005
573079,2219
573630,2410
574180,2597
574731,2768
575280,2918
575830,3044
576381,3219
576931,3248
577480,3249
578030,3200
578581,3119
579131,2991
579680,2859
580231,2683
580781,2513
581330,2310
581885,2021
582435,1747
582986,1510
583536,1318
584086,1127
584637,958
585187,814
585739,688
586289,601
586839,552
587389,530
587939,569
588489,635
589039,743
589589,870
590139,1043
590690,1220
591240,1414
591790,1618
592340,2013
592895,2213
593444,2407
593995,2601
594544,2767
595094,2918
595644,3050
596194,3156
596745,3219
597294,3251
597849,3210
598400,3120
598950,2991
599501,2858
600051,2683
600602,2514
601152,2315
601708,2119
602258,1909
602808,1719
603360,1475
603910,1211
604461,960
605011,807
605562,688
606112,599
606661,554
607211,528
607762,531
608312,574
608866,747
609416,871
609966,1043
610516,1218
611066,1410
611616,1616
612166,1811
612718,2010
613268,2215
613818,2412
614368,2768
614918,2918
615469,3051
616019,3163
616569,3217
617119,3251
617670,3247
618220,3198
618770,3120
619320,2990
619874,2765
620425,2512
620975,2313
621525,2118
622075,1910
622626,1716
623177,1514
623728,1317
624278,1133
624828,959
625378,761
625928,597
626479,552
627029,528
627578,529
628128,572
628678,638
629229,746
629779,873
630328,1043
630882,1417
631432,1616
631982,1817
632532,2011
633083,2213
633633,2407
634183,2597
634735,2768
635285,2925
635835,3047
636386,3223
636936,3254
637487,3250
638037,3199
638587,3120
639137,2992
639688,2860
640237,2687
640787,2514
641337,2303
641891,2015
642441,1741
642992,1513
643543,1315
644093,1130
644644,957
645194,814
645745,691
646294,602
646849,539
647399,528
647950,569
648500,638
649050,750
649599,867
650150,1046
650701,1222
651251,1415
651802,1616
652353,2014
652904,2214
653455,2411
654005,2605
654556,2770
655106,2922
655657,3054
656208,3157
656758,3216
657308,3248
657862,3201
658413,3117
658963,2990
659513,2862
660063,2687
660614,2514
661164,2309
661715,2118
662265,1915
662815,1725
663366,1463
663916,1202
664467,954
665017,813
665568,688
666118,602
666668,554
667218,528
667768,531
668318,575
668872,745
669423,871
669973,1043
670522,1217
671072,1410
671623,1616
672173,1814
672724,2007
673274,2214
673824,2406
674374,2771
674924,2917
675475,3054
676025,3162
676576,3218
677126,3250
677677,3248
678226,3198
678776,3120
679326,2991
679880,2753
680430,2514
680980,2314
681530,2119
682080,1914
682631,1715
683181,1511
683732,1318
684282,1126
684833,958
685382,756
685932,595
686482,553
687032,527
687583,529
688133,574
688684,639
689234,750
689784,872
690334,1043
690887,1414
691437,1616
691987,1814
692537,2011
693088,2215
693638,2406
694188,2598
694743,2768
695292,2922
695846,3165
696396,3221
696946,3250
697496,3248
698046,3195
698596,3114
699146,2993
699697,2859
700247,2683
700797,2514
701347,2289
701897,2005
702448,1728
702998,1513
703549,1316
704099,1127
704650,960
705200,815
705750,692
706300,602
706854,533
707405,529
707955,573
708506,638
709056,743
709606,870
710156,1041
710709,1219
711258,1410
711808,1616
712358,2014
712909,2215
713460,2411
714010,2602
714561,2768
715111,2918
715660,3048
716210,3161
716760,3216
717311,3249
717865,3201
718416,3118
718966,2992
719516,2858
720066,2683
720616,2517
721166,2315
721718,2118
722268,1911
722818,1722
723369,1461
723919,1199
724469,959
725019,813
725570,688
726120,598
726670,554
727220,528
727770,530
728320,571
728874,745
729424,873
729974,1044
730524,1218
731074,1415
731624,1615
732174,1813
732725,2007
733276,2217
733827,2410
734377,2771
734927,2919
735477,3055
736027,3159
736577,3220
737127,3248
737677,3248
738227,3200
738777,3121
739327,2993
739881,2752
740432,2516
740982,2314
741531,2116
742081,1911
742631,1717
743182,1511
743734,1318
744285,1126
744835,957
745384,752
745934,597
746485,557
747035,531
747585,528
748135,574
748686,639
749237,747
749787,871
750336,1220
750890,1408
751441,1615
751991,1822
752542,2011
753093,2213
753644,2412
754194,2601
754745,2765
755294,2919
755849,3161
756400,3221
756950,3253
757501,3250
758051,3200
758602,3120
759152,2992
759704,2859
760254,2683
760805,2512
761355,2278
761905,1988
762455,1722
763006,1511
763556,1317
764106,1123
764657,959
765206,812
765756,692
766306,601
766860,528
767410,528
767960,571
768510,635
769060,751
769611,869
770161,1043
770713,1221
771263,1410
771813,1617
772363,2007
772914,2218
773464,2409
774014,2603
774565,2768
775115,2919
775665,3055
776216,3159
776765,3217
777315,3255
777869,3201
778420,3119
778970,2992
779521,2859
780071,2682
780622,2513
781172,2313
781723,2113
782273,1914
782823,1722
783374,1456
783924,1189
784475,959
785025,813
785576,688
786126,598
786677,556
787227,528
787777,528
788327,572
788881,751
789432,870
789982,1042
790531,1223
791081,1415
791631,1616
792181,1819
792732,2012
793283,2215
793834,2406
794383,2770
794934,2918
795483,3054
796033,3159
796583,3216
797133,3248
797684,3248
798234,3194
798785,3117
799334,2991
799887,2736
800437,2512
800988,2319
801537,2113
802087,1911
802637,1715
803188,1511
803744,1315
804293,1126
804848,944
805399,735
805949,604
806498,550
807048,530
807598,530
808148,574
808700,638
809251,745
809802,874
810353,1221
810903,1411
811454,1615
812004,1817
812555,2014
813106,2217
813655,2411
814206,2599
814756,2765
815306,2922
815861,3163
816410,3221
816960,3252
817510,3251
818060,3200
818611,3119
819161,2992
819713,2856
820263,2686
820814,2514
821363,2257
821914,1978
822463,1719
823014,1510
823564,1319
824114,1129
824664,957
825215,815
825766,691
826317,602
826871,529
827421,530
827971,572
828522,637
829072,743
829622,869
830172,1040
830722,1218
831272,1408
831822,1616
832373,2011
832924,2218
833473,2410
834023,2603
834574,2766
835124,2919
835673,3054
836223,3164
836774,3215
837325,3248
837879,3199
838429,3120
838979,2991
839529,2859
840079,2687
840630,2515
841180,2313
841731,2115
842281,1913
842831,1717
843382,1443
843932,1182
844483,954
845033,807
845583,692
846133,599
846684,554
847234,528
847784,533
848334,572
848888,747
849439,871
849989,1043
850538,1219
851088,1415
851638,1616
852188,1815
852744,2011
853294,2211
853849,2602
854399,2775
854949,2921
855499,3052
856049,3163
856599,3222
857149,3252
857701,3249
858252,3203
858803,3119
859353,2948
859903,2704
860454,2512
861004,2319
861555,2122
862105,1911
862656,1717
863206,1517
863757,1321
864307,1124
864862,923
865412,720
865962,597
866513,555
867063,528
867612,532
868162,573
868713,641
869264,749
869814,872
870365,1220
870915,1411
871464,1616
872015,1818
872565,2011
873115,2215
873665,2410
874215,2605
874765,2767
875315,2918
875870,3166
876420,3222
876970,3255
877521,3251
878071,3197
878622,3119
879172,2992
879723,2855
880273,2679
880823,2513
881373,2242
881923,1955
882474,1715
883025,1515
883576,1314
884126,1126
884677,955
885227,815
885778,690
886328,599
886883,528
887434,528
887984,573
888535,634
889085,750
889636,874
890186,1041
890736,1221
891286,1409
891837,1616
892387,2013
892938,2219
893488,2413
894038,2602
894589,2765
895139,2919
895690,3050
896240,3159
896790,3219
897340,3248
897893,3202
898443,3118
898993,2993
899543,2861
900093,2687
900643,2515
901193,2313
901744,2119
902294,1914
902849,1698
903401,1415
903951,1159
904501,959
905051,813
905601,690
906151,601
906702,551
907252,528
907803,532
908353,639
908903,750
909454,872
910004,1044
910555,1219
911105,1411
911656,1616
912206,1815
912756,2009
913307,2213
913861,2608
914412,2768
914962,2926
915513,3051
916063,3163
916612,3217
917162,3251
917713,3248
918264,3201
918815,3119
919366,2915
919916,2678
920467,2517
921017,2315
921567,2118
922117,1914
922668,1719
923218,1511
923768,1317
924318,1126
924872,912
925422,711
925972,599
926522,556
927072,528
927623,531
928173,571
928724,642
929274,746
929824,874
930375,1221
930925,1409
931475,1616
932025,1819
932576,2013
933126,2215
933677,2407
934227,2601
934777,2767
935327,2918
935881,3163
936432,3219
936982,3251
937533,3245
938083,3198
938632,3120
939182,2992
939734,2863
940285,2683
940836,2517
941387,2222
941937,1940
942486,1714
943037,1515
943587,1318
944137,1124
944688,957
945238,813
945789,691
946339,595
946892,528
947442,530
947992,567
948542,638
949092,745
949643,872
950193,1040
950744,1222
951294,1408
951849,1819
952399,2011
952950,2215
953501,2410
954051,2602
954602,2766
955152,2917
955704,3049
956254,3161
956804,3219
957354,3248
957904,3199
958454,3116
959004,2992
959555,2861
960105,2682
960654,2515
961205,2317
961754,2116
962305,1914
962859,1681
963410,1405
963960,1145
964510,957
965060,811
965610,688
966160,599
966711,551
967261,528
967811,528
968361,638
968911,745
969462,871
970012,1041
970563,1221
971113,1410
971664,1612
972214,1815
972764,2005
973315,2214
973869,2605
974420,2767
974970,2922
975521,3053
976071,3163
976622,3219
977172,3251
977722,3247
978273,3197
978823,3119
979374,2901
979924,2687
980474,2512
981024,2317
981574,2117
982124,1913
982675,1718
983225,1515
983776,1317
984325,1133
984879,898
985430,702
985979,601
986530,554
987080,528
987631,530
988181,571
988732,640
989282,751
989832,867
990382,1222
990932,1415
991482,1616
992032,1815
992583,2011
993133,2213
993684,2407
994234,2601
994784,2767
995334,2919
995887,3159
996437,3217
996987,3254
997537,3248
998087,3200
998637,3121
999187,2992
999739,2859
1000290,2685
1000840,2511
1001390,2215
1001940,1931
1002491,1719
1003041,1511
1003591,1312
1004141,1125
1004692,956
1005243,814
1005792,691
1006346,592
1006896,526
1007447,528
1007997,571
1008548,637
1009098,749
1009647,869
1010198,1045
1010748,1221
1011298,1410
1011853,1821
1012403,2011
1012954,2217
1013504,2410
1014054,2602
1014605,2767
1015155,2919
1015708,3054
1016258,3159
1016808,3218
1017359,3251
1017909,3199
1018460,3120
1019010,2992
1019561,2857
1020111,2686
1020662,2515
1021212,2315
1021762,2122
1022312,1911
1022866,1669
1023418,1392
1023968,1136
1024518,953
1025068,811
1025618,697
1026168,603
1026720,556
1027270,528
1027821,529
1028371,639
1028921,746
1029471,869
1030021,1045
1030572,1225
1031122,1410
1031672,1614
1032223,1815
1032773,2011
1033323,2213
1033877,2603
1034428,2765
1034977,2919
1035527,3055
1036077,3160
1036627,3219
1037177,3248
1037728,3248
1038278,3197
1038829,3117
1039380,2882
1039930,2683
1040481,2515
1041031,2319
1041581,2122
1042132,1916
1042682,1717
1043232,1518
1043782,1318
1044332,1127
1044885,894
1045435,698
1045985,601
1046535,557
1047085,528
1047635,528
1048186,571
1048736,640
1049286,748
1049837,870
1050387,1219
1050937,1415
1051488,1616
1052038,1816
1052587,2009
1053138,2218
1053688,2411
1054238,2598
1054789,2768
1055339,3050
1055892,3161
1056442,3216
1056992,3254
1057542,3248
1058092,3198
1058643,3118
1059193,2991
1059744,2861
1060294,2683
1060849,2491
1061399,2193
1061949,1917
1062499,1715
1063050,1513
1063600,1317
1064150,1127
1064702,959
1065252,812
1065802,688
1066353,586
1066903,528
1067453,531
1068003,572
1068554,636
1069104,745
1069655,869
1070205,1046
1070756,1225
1071306,1411
1071860,1822
1072410,2011
1072961,2217
1073511,2411
1074061,2605
1074611,2768
1075161,2917
1075713,3049
1076262,3157
1076813,3217
1077363,3248
1077914,3201
1078464,3118
1079014,2991
1079564,2859
1080114,2683
1080664,2512
1081214,2317
1081765,2118
1082314,1911
1082869,1666
1083420,1391
1083969,1136
1084519,955
1085069,812
1085619,691
1086169,603
1086720,559
1087270,531
1087821,529
1088371,638
1088921,744
1089470,866
1090020,1040
1090570,1218
1091120,1413
1091670,1616
1092220,1818
1092770,2009
1093321,2214
1093875,2601
1094425,2770
1094975,2922
1095526,3054
1096076,3157
1096626,3217
1097176,3249
1097728,3251
1098278,3201
1098829,3119
1099380,2885
1099930,2685
1100481,2513
1101031,2314
1101582,2117
1102132,1913
1102683,1717
1103233,1516
1103783,1315
1104333,1123
1104888,891
1105439,690
1105989,596
1106538,554
1107088,529
1107638,528
1108188,571
1108742,639
1109293,749
1109848,1041
1110398,1223
1110948,1411
1111498,1616
1112049,1818
1112598,2015
1113149,2211
1113701,2410
1114252,2602
1114802,2766
1115353,3055
1115903,3163
1116452,3221
1117002,3248
1117552,3247
1118102,3201
1118652,3119
1119205,2989
1119755,2860
1120306,2683
1120860,2471
1121410,2178
1121960,1911
1122510,1719
1123061,1510
1123611,1315
1124161,1126
1124713,955
1125263,810
1125813,695
1126363,573
1126913,527
1127463,528
1128013,573
1128563,635
1129113,745
1129664,868
1130214,1042
1130764,1222
1131314,1411
1131868,1821
1132419,2014
1132970,2213
1133520,2413
1134070,2603
1134619,2768
1135169,2919
1135720,3051
1136271,3161
1136822,3216
1137373,3248
1137923,3202
1138474,3120
1139024,2992
1139575,2855
1140125,2679
1140674,2514
1141224,2319
1141774,2119
1142325,1911
1142879,1649
1143431,1374
1143981,1130
1144531,956
1145081,815
1145631,690
1146181,603
1146732,553
1147282,529
1147833,531
1148382,636
1148932,743
1149482,873
1150032,1040
1150583,1223
1151133,1418
1151684,1612
1152234,1819
1152784,2007
1153335,2214
1153889,2602
1154440,2770
1154990,2925
1155541,3051
1156091,3162
1156642,3216
1157192,3248
1157743,3249
1158293,3200
1158848,3090
1159398,2862
1159948,2679
1160499,2517
1161049,2316
1161598,2119
1162148,1914
1162700,1712
1163251,1511
1163801,1315
1164351,1106
1164901,877
1165450,688
1166000,598
1166550,553
1167100,528
1167650,531
1168201,572
1168751,639
1169302,743
1169856,1045
1170407,1219
1170957,1414
1171508,1614
1172058,1817
1172609,2007
1173160,2213
1173711,2410
1174261,2597
1174811,2768
1175362,3056
1175912,3162
1176461,3222
1177011,3253
1177562,3249
1178112,3202
1178663,3119
1179212,2991
1179763,2861
1180313,2683
1180867,2453
1181418,2163
1181968,1909
1182518,1713
1183069,1515
1183620,1313
1184170,1124
1184721,957
1185271,816
1185821,695
1186371,565
1186921,527
1187470,530
1188020,571
1188571,639
1189121,745
1189671,867
1190221,1043
1190771,1217
1191321,1411
1191876,1818
1192425,2011
1192976,2219
1193527,2412
1194077,2602
1194628,2768
1195178,2917
1195729,3051
1196279,3160
1196830,3220
1197381,3252
1197931,3199
1198480,3118
1199030,2990
1199581,2857
1200131,2683
1200680,2512
1201230,2313
1201780,2120
1202331,1911
1202885,1643
1203436,1363
1203986,1127
1204536,954
1205086,814
1205637,690
1206187,604
1206738,555
1207288,530
1207838,532
1208389,637
1208939,751
1209489,871
1210039,1047
1210589,1219
1211139,1411
1211690,1616
1212240,1816
1212790,2010
1213345,2409
1213896,2607
1214447,2768
1214997,2922
1215548,3055
1216098,3161
1216649,3219
1217199,3251
1217749,3250
1218299,3198
1218853,3071
1219404,2860
1219954,2683
1220504,2514
1221054,2315
1221605,2119
1222155,1910
1222708,1717
1223259,1518
1223810,1318
1224360,1101
1224910,860
1225461,688
1226011,594
1226562,554
1227112,528
1227662,530
1228211,575
1228762,639
1229311,747
1229865,1043
1230415,1222
1230965,1411
1231515,1616
1232065,1815
1232616,2013
1233166,2213
1233716,2412
1234266,2601
1234816,2768
1235367,3053
1235917,3161
1236468,3217
1237018,3251
1237569,3250
1238119,3198
1238670,3121
1239220,2992
1239770,2859
1240320,2681
1240874,2442
1241425,2151
1241975,1910
1242525,1717
1243077,1517
1243626,1315
1244176,1127
1244727,959
1245277,813
1245827,692
1246378,559
1246928,529
1247477,531
1248027,570
1248578,638
1249128,745
1249678,871
1250228,1043
1250779,1220
1251328,1409
1251882,1821
1252432,2013
1252983,2218
1253534,2413
1254084,2605
1254633,2768
1255183,2919
1255735,3051
1256286,3159
1256837,3216
1257387,3248
1257937,3201
1258488,3118
1259038,2994
1259589,2859
1260139,2682
1260690,2515
1261240,2316
1261790,2122
1262340,1903
1262894,1633
1263444,1355
1263994,1124
1264544,957
1265094,810
1265644,690
1266194,603
1266746,555
1267297,529
1267849,573
1268400,637
1268950,742
1269501,869
1270051,1047
1270601,1217
1271151,1411
1271702,1616
1272252,1814
1272802,2014
1273354,2412
1273904,2605
1274453,2768
1275003,2925
1275554,3050
1276104,3162
1276653,3216
1277205,3251
1277756,3248
1278306,3203
1278860,3055
1279410,2861
1279960,2684
1280510,2515
1281060,2315
1281610,2119
1282160,1915
1282711,1718
1283262,1519
1283812,1315
1284362,1095
1284912,863
1285463,690
1286013,601
1286562,553
1287112,528
1287663,531
1288213,573
1288763,640
1289313,747
1289867,1046
1290418,1221
1290968,1415
1291517,1619
1292067,1814
1292617,2007
1293168,2212
1293719,2413
1294268,2605
1294819,2768
1295369,3055
1295919,3167
1296469,3219
1297019,3251
1297569,3250
1298119,3197
1298670,3119
1299220,2992
1299770,2859
1300320,2681
1300874,2442
1301425,2149
1301975,1910
1302524,1717
1303075,1516
1303625,1314
1304175,1125
1304727,953
1305278,815
1305828,689
1306379,560
1306929,526
1307479,529
1308029,569
1308579,635
1309129,745
1309679,873
1310230,1042
1310779,1225
1311329,1412
1311885,1818
1312434,2008
1312985,2214
1313535,2413
1314085,2603
1314636,2768
1315186,2919
1315738,3047
1316287,3163
1316838,3216
1317388,3248
1317938,3203
1318489,3117
1319039,2992
1319589,2861
1320140,2683
1320689,2512
1321239,2315
1321790,2117
1322339,1906
1322892,1629
1323443,1360
1323993,1123
1324543,958
1325093,812
1325644,691
1326194,603
1326744,557
1327294,530
1327849,572
1328400,637
1328950,748
1329501,872
1330051,1046
1330602,1217
1331152,1414
1331703,1616
1332252,1815
1332802,2010
1333353,2409
1333903,2605
1334454,2768
1335004,2922
1335555,3055
1336105,3162
1336656,3221
1337206,3250
1337756,3249
1338306,3201
1338860,3056
1339410,2863
1339960,2685
1340510,2519
1341060,2315
1341610,2117
1342160,1909
1342711,1719
1343262,1511
1343812,1314
1344362,1091
1344912,859
1345462,689
1346012,597
1346562,556
1347112,528
1347663,529
1348213,575
1348763,640
1349313,747
1349867,1047
1350418,1218
1350968,1413
1351518,1616
1352069,1814
1352618,2014
1353169,2213
1353721,2411
1354271,2601
1354822,2768
1355373,3055
1355923,3163
1356474,3221
1357024,3249
1357575,3247
1358125,3200
1358676,3118
1359226,2992
1359776,2863
1360327,2682
1360881,2428
1361432,2143
1361982,1910
1362531,1717
1363083,1510
1363632,1315
1364182,1127
1364734,958
1365285,815
1365835,692
1366384,555
1366934,528
1367484,528
1368034,575
1368584,638
1369134,743
1369684,870
1370234,1043
1370784,1222
1371334,1412
1371887,1819
1372437,2010
1372988,2214
1373538,2411
1374089,2604
1374639,2768
1375189,2922
1375744,3054
1376294,3159
1376849,3255
1377400,3252
1377950,3203
1378501,3120
1379051,2992
1379602,2857
1380152,2687
1380708,2515
1381259,2317
1381810,2117
1382359,1874
1382911,1601
1383461,1331
1384011,1126
1384562,955
1385112,811
1385663,690
1386212,598
1386763,555
1387313,530
1387867,573
1388417,639
1388967,746
1389518,869
1390068,1041
1390618,1216
1391168,1411
1391720,1616
1392271,1814
1392821,2010
1393373,2410
1393923,2605
1394474,2768
1395024,2926
1395575,3054
1396125,3159
1396675,3217
1397225,3255
1397775,3248
1398325,3201
1398879,3004
1399429,2861
1399979,2683
1400529,2514
1401079,2316
1401630,2117
1402180,1914
1402731,1716
1403282,1515
1403833,1316
1404382,1068
1404932,843
1405483,693
1406033,602
1406584,555
1407134,528
1407683,529
1408233,571
1408783,640
1409333,748
1409887,1043
1410437,1219
1410987,1409
1411537,1616
1412087,1822
1412637,2009
1413188,2214
1413743,2408
1414293,2595
1414848,2925
1415399,3056
1415949,3165
1416500,3223
1417050,3253
1417599,3248
1418150,3200
1418701,3119
1419251,2992
1419802,2854
1420352,2656
1420902,2387
1421453,2118
1422003,1913
1422554,1714
1423105,1511
1423655,1319
1424206,1128
1424756,959
1425306,813
1425861,669
1426410,551
1426961,528
1427510,528
1428060,575
1428611,640
1429161,746
1429713,870
1430264,1042
1430813,1221
1431363,1615
1431913,1816
1432463,2012
1433014,2215
1433565,2410
1434115,2604
1434665,2768
1435216,2917
1435766,3049
1436315,3157
1436870,3252
1437421,3248
1437971,3202
1438522,3120
1439072,2994
1439623,2861
1440173,2683
1440724,2512
1441274,2315
1441824,2117
1442375,1850
1442926,1583
1443476,1315
1444026,1127
1444576,956
1445126,814
1445677,689
1446226,599
1446776,555
1447326,530
1447880,571
1448430,634
1448980,746
1449530,873
1450080,1045
1450630,1219
1451180,1414
1451731,1616
1452282,1817
1452832,2012
1453382,2409
1453932,2603
1454482,2770
1455032,2922
1455583,3053
1456133,3159
1456684,3222
1457235,3248
1457785,3251
1458334,3196
1458888,2992
1459439,2859
1459989,2684
1460539,2514
1461089,2315
1461639,2117
1462189,1914
1462743,1717
1463293,1510
1463848,1301
1464398,1045
1464948,821
1465499,689
1466049,601
1466598,554
1467148,528
1467700,533
1468249,571
1468799,638
1469349,871
1469899,1042
1470449,1220
1470999,1411
1471549,1616
1472099,1818
1472650,2012
1473200,2211
1473750,2411
1474300,2599
1474854,2924
1475405,3053
1475955,3163
1476506,3217
1477056,3250
1477606,3248
1478156,3199
1478709,3120
1479259,2991
1479809,2857
1480360,2638
1480910,2370
1481461,2114
1482011,1913
1482562,1714
1483112,1513
1483662,1315
1484212,1127
1484763,955
1485313,809
1485867,656
1486418,550
1486968,527
1487518,531
1488068,572
1488618,636
1489168,747
1489719,871
1490270,1043
1490820,1217
1491369,1613
1491919,1815
1492469,2007
1493020,2218
1493570,2409
1494120,2604
1494671,2768
1495222,2919
1495771,3053
1496321,3162
1496876,3253
1497425,3249
1497976,3200
1498525,3120
1499075,2991
1499625,2862
1500175,2685
1500727,2514
1501277,2316
1501828,2121
1502379,1843
1502929,1578
1503480,1319
1504030,1126
1504579,959
1505129,813
1505679,688
1506230,603
1506780,554
1507331,530
1507886,574
1508436,640
1508986,747
1509536,873
1510086,1042
1510637,1219
1511187,1413
1511739,1615
1512289,1819
1512839,2006
1513391,2415
1513941,2603
1514491,2768
1515041,2918
1515591,3050
1516141,3156
1516692,3226
1517242,3253
1517793,3247
1518346,3181
1518896,2991
1519447,2855
1519997,2675
1520548,2513
1521098,2315
1521649,2118
1522200,1909
1522750,1719
1523300,1517
1523854,1296
1524405,1040
1524955,813
1525506,690
1526056,599
1526606,556
1527156,528
1527709,527
1528259,575
1528809,641
1529360,870
1529910,1043
1530460,1219
1531010,1412
1531560,1615
1532110,1815
1532659,2006
1533211,2218
1533761,2407
1534312,2603
1534866,2923
1535417,3054
1535967,3162
1536518,3223
1537068,3250
1537618,3248
1538168,3198
1538720,3120
1539271,2992
1539821,2863
1540371,2610
1540921,2352
1541472,2118
1542022,1910
1542572,1721
1543123,1519
1543673,1316
1544223,1126
1544774,953
1545325,816
1545879,643
1546429,551
1546979,528
1547530,529
1548080,573
1548631,639
1549181,748
1549732,871
1550282,1041
1550833,1223
1551382,1615
1551932,1815
1552483,2014
1553034,2213
1553585,2414
1554135,2602
1554685,2768
1555236,2922
1555786,3055
1556335,3152
1556889,3250
1557440,3249
1557990,3195
1558541,3120
1559091,2991
1559642,2857
1560192,2682
1560742,2513
1561292,2315
1561847,2107
1562396,1815
1562948,1535
1563497,1315
1564047,1129
1564597,955
1565147,815
1565699,689
1566250,599
1566801,556
1567352,529
1567902,573
1568452,635
1569002,749
1569552,869
1570102,1043
1570652,1217
1571202,1411
1571753,1614
1572302,1815
1572856,2215
1573407,2410
1573957,2601
1574507,2767
1575057,2917
1575607,3055
1576157,3152
1576709,3216
1577259,3252
1577809,3248
1578360,3137
1578910,2992
1579460,2855
1580010,2683
1580561,2515
1581111,2311
1581662,2119
1582211,1910
1582761,1715
1583312,1511
1583866,1271
1584417,1019
1584967,816
1585517,691
1586067,601
1586617,553
1587167,528
1587718,529
1588268,573
1588818,639
1589368,873
1589918,1046
1590469,1219
1591019,1412
1591569,1616
1592119,1819
1592669,2011
1593220,2217
1593770,2407
1594321,2603
1594875,2922
1595426,3053
1595976,3162
1596525,3223
1597076,3249
1597625,3248
1598175,3200
1598727,3118
1599278,2990
1599829,2859
1600380,2594
1600930,2339
1601481,2117
1602031,1910
1602582,1713
1603132,1515
1603683,1316
1604233,1125
1604783,955
1605333,813
1605887,635
1606437,553
1606987,528
1607537,528
1608087,573
1608638,638
1609188,747
1609744,869
1610294,1042
1610849,1415
1611400,1616
1611950,1817
1612500,2009
1613052,2214
1613603,2409
1614153,2605
1614708,2768
1615258,2919
1615808,3052
1616359,3222
1616909,3251
1617460,3248
1618010,3201
1618560,3120
1619110,2991
1619661,2860
1620210,2683
1620760,2515
1621310,2316
1621864,2074
1622415,1785
1622965,1520
1623515,1315
1624065,1122
1624616,954
1625166,810
1625717,688
1626267,605
1626817,555
1627367,529
1627917,571
1628468,637
1629018,747
1629569,871
1630119,1042
1630670,1218
1631220,1411
1631770,1613
1632320,1813
1632874,2218
1633426,2414
1633976,2604
1634526,2769
1635076,2918
1635627,3050
1636177,3155
1636728,3216
1637278,3248
1637829,3248
1638379,3120
1638929,2992
1639479,2859
1640029,2685
1640578,2514
1641129,2315
1641679,2117
1642230,1909
1642779,1717
1643330,1513
1643885,1249
1644435,995
1644985,814
1645535,689
1646085,597
1646636,556
1647186,529
1647737,528
1648287,575
1648837,640
1649387,873
1649937,1043
1650488,1218
1651038,1411
1651589,1616
1652139,1813
1652690,2007
1653240,2215
1653790,2414
1654340,2767
1654894,2926
1655443,3051
1655993,3158
1656543,3221
1657093,3248
1657643,3249
1658193,3200
1658745,3113
1659296,2991
1659849,2832
1660400,2546
1660950,2318
1661501,2114
1662051,1910
1662602,1719
1663152,1514
1663704,1313
1664253,1129
1664803,958
1665353,795
1665903,622
1666454,555
1667004,528
1667555,529
1668105,574
1668655,636
1669206,749
1669756,873
1670306,1045
1670860,1412
1671410,1616
1671960,1821
1672510,2013
1673061,2213
1673612,2408
1674162,2602
1674713,2767
1675264,2915
1675815,3051
1676366,3221
1676916,3254
1677467,3248
1678017,3200
1678568,3119
1679118,2992
1679668,2861
1680218,2684
1680768,2515
1681318,2317
1681872,2059
1682422,1775
1682973,1517
1683523,1313
1684073,1126
1684624,957
1685174,811
1685724,693
1686274,597
1686824,555
1687374,531
1687924,566
1688475,635
1689025,746
1689576,871
1690126,1045
1690677,1220
1691227,1413
1691777,1616
1692327,1820
1692881,2215
1693432,2410
1693983,2605
1694532,2768
1695082,2921
1695632,3053
1696182,3155
1696734,3221
1697285,3250
1697835,3249
1698386,3118
1698936,2992
1699487,2859
1700037,2684
1700586,2513
1701136,2317
1701686,2115
1702237,1914
1702787,1719
1703338,1513
1703891,1239
1704441,987
1704991,807
1705542,689
1706092,603
1706643,557
1707193,529
1707744,532
1708294,569
1708849,747
1709399,873
1709949,1041
1710500,1222
1711050,1409
1711601,1615
1712151,1817
1712702,2011
1713252,2215
1713802,2410
1714353,2769
1714903,2925
1715454,3053
1716004,3159
1716555,3219
1717105,3250
1717656,3246
1718206,3198
1718756,3119
1719306,2990
1719860,2804
1720410,2527
1720961,2312
1721510,2122
1722060,1914
1722610,1719
1723161,1513
1723712,1315
1724263,1130
1724813,957
1725362,785
1725913,607
1726462,555
1727012,527
1727563,529
1728113,573
1728662,640
1729212,747
1729762,871
1730312,1041
1730866,1414
1731416,1616
1731966,1815
1732516,2007
1733067,2209
1733618,2409
1734168,2598
1734718,2766
1735268,2918
1735818,3051
1736368,3225
1736918,3250
1737468,3248
1738018,3201
1738569,3116
1739119,2991
1739670,2859
1740220,2682
1740770,2514
1741320,2318
1741874,2061
1742425,1773
1742975,1511
1743525,1315
1744075,1124
1744625,954
1745175,810
1745726,690
1746276,601
1746827,555
1747377,527
1747927,571
1748478,635
1749028,744
1749578,874
1750128,1042
1750678,1218
1751228,1414
1751779,1616
1752328,1814
1752884,2215
1753434,2407
1753984,2601
1754535,2768
1755085,2922
1755634,3049
1756184,3155
1756735,3219
1757285,3253
1757835,3246
1758386,3120
1758936,2992
1759487,2857
1760037,2683
1760587,2515
1761137,2313
1761687,2122
1762237,1914
1762787,1719
1763338,1511
1763892,1237
1764442,986
1764992,811
1765543,695
1766093,599
1766642,551
1767192,528
1767743,529
1768293,571
1768848,743
1769399,874
1769949,1045
1770498,1223
1771048,1411
1771598,1616
1772148,1813
1772699,2005
1773251,2214
1773801,2413
1774351,2768
1774901,2922
1775452,3055
1776002,3158
1776552,3220
1777102,3253
1777652,3248
1778202,3199
1778752,3120
1779302,2991
1779857,2815
1780408,2529
1780958,2315
1781509,2115
1782059,1914
1782608,1715
1783159,1514
1783711,1315
1784261,1127
1784811,954
1785362,784
1785912,609
1786462,551
1787012,530
1787562,529
1788112,571
1788663,633
1789213,746
1789763,873
1790313,1043
1790867,1414
1791418,1615
1791968,1817
1792518,2013
1793069,2215
1793619,2412
1794170,2597
1794720,2767
1795271,2919
1795822,3045
1796373,3221
1796923,3249
1797474,3251
1798024,3200
1798574,3119
1799124,2987
1799675,2862
1800224,2685
1800774,2512
1801325,2318
1801879,2038
1802430,1765
1802981,1515
1803531,1317
1804081,1125
1804632,955
1805182,810
1805733,690
1806282,606
1806832,553
1807382,529
1807932,574
1808482,637
1809032,748
1809583,873
1810133,1042
1810684,1221
1811234,1409
1811784,1616
1812334,1813
1812888,2221
1813440,2411
1813990,2606
1814541,2768
1815091,2919
1815642,3051
1816192,3159
1816743,3219
1817292,3250
1817847,3227
1818396,3119
1818946,2992
1819496,2857
1820046,2687
1820596,2512
1821146,2312
1821696,2115
1822246,1914
1822796,1720
1823347,1503
1823897,1235
1824448,978
1824998,814
1825549,692
1826099,599
1826650,553
1827200,528
1827751,530
1828301,572
1828855,747
1829406,869
1829956,1042
1830506,1216
1831056,1413
1831606,1616
1832156,1812
1832709,2011
1833260,2213
1833810,2410
1834360,2768
1834910,2923
1835461,3055
1836011,3158
1836562,3218
1837112,3250
1837663,3248
1838213,3200
1838763,3120
1839313,2992
1839867,2800
1840417,2513
1840967,2314
1841517,2117
1842067,1907
1842618,1719
1843169,1508
1843719,1314
1844270,1126
1844820,955
1845369,773
1845919,599
1846469,554
1847019,529
1847569,528
1848119,572
1848670,638
1849220,747
1849770,870
1850320,1043
1850875,1414
1851425,1617
1851975,1815
1852524,2011
1853075,2217
1853625,2411
1854175,2595
1854726,2768
1855277,2917
1855828,3045
1856379,3219
1856929,3254
1857479,3248
1858029,3199
1858579,3120
1859129,2992
1859679,2855
1860230,2683
1860781,2515
1861332,2315
1861886,2031
1862436,1755
1862986,1513
1863537,1314
1864087,1125
1864636,958
1865186,811
1865737,688
1866287,603
1866837,558
1867387,531
1867937,572
1868488,635
1869038,747
1869588,867
1870139,1042
1870689,1222
1871238,1410
1871788,1614
1872338,1814
1872891,2217
1873443,2410
1873993,2599
1874543,2768
1875093,2922
1875643,3051
1876193,3158
1876745,3219
1877295,3248
1877849,3223
1878400,3120
1878950,2991
1879501,2859
1880051,2682
1880602,2514
1881152,2317
1881708,2119
1882258,1910
1882809,1714
1883360,1488
1883910,1214
1884460,965
1885010,813
1885561,689
1886111,603
1886660,556
1887211,529
1887761,528
1888311,573
1888865,747
1889415,871
1889965,1042
1890515,1222
1891065,1415
1891616,1616
1892166,1818
1892717,2007
1893268,2213
1893818,2407
1894368,2768
1894918,2917
1895468,3053
1896018,3161
1896569,3218
1897119,3248
1897670,3248
1898220,3193
1898770,3118
1899320,2991
1899874,2775
1900425,2514
1900975,2313
1901525,2119
1902075,1911
1902625,1715
1903176,1510
1903728,1314
1904279,1126
1904829,957
1905380,763
1905930,598
1906481,551
1907031,530
1907582,530
1908132,573
1908682,636
1909231,747
1909781,869
1910332,1041
1910886,1411
1911435,1613
1911985,1818
1912536,2011
1913087,2213
1913637,2410
1914187,2599
1914738,2768
1915288,2919
1915838,3051
1916389,3217
1916939,3254
1917489,3245
1918039,3201
1918590,3119
1919140,2992
1919691,2862
1920241,2685
1920791,2513
1921345,2310
1921895,2010
1922446,1739
1922996,1519
1923547,1318
1924097,1128
1924646,956
1925196,812
1925747,688
1926297,601
1926850,547
1927401,529
1927951,571
1928500,634
1929050,749
1929600,872
1930150,1042
1930702,1221
1931252,1410
1931802,1615
1932353,2011
1932904,2220
1933455,2410
1934005,2601
1934556,2768
1935106,2919
1935657,3047
1936207,3154
1936757,3217
1937307,3247
1937861,3198
1938411,3115
1938961,2994
1939512,2863
1940062,2682
1940611,2516
1941161,2313
1941713,2121
1942263,1909
1942814,1714
1943365,1474
1943915,1206
1944466,961
1945015,813
1945565,688
1946115,602
1946666,551
1947216,529
1947767,528
1948316,572
1948871,749
1949421,873
1949971,1045
1950522,1219
1951072,1414
1951623,1614
1952173,1815
1952724,2005
1953274,2217
1953824,2406
1954374,2768
1954924,2922
1955475,3051
1956025,3163
1956576,3221
1957126,3248
1957677,3249
1958226,3199
1958776,3119
1959326,2991
1959880,2766
1960431,2517
1960981,2315
1961531,2123
1962081,1908
1962631,1716
1963183,1515
1963733,1319
1964283,1129
1964834,959
1965383,757
1965933,597
1966483,553
1967033,528
1967584,529
1968134,570
1968684,638
1969234,750
1969784,870
1970334,1049
1970887,1413
1971437,1615
1971987,1819
1972538,2013
1973089,2215
1973639,2414
1974189,2603
1974743,2769
1975293,2922
1975848,3162
1976399,3221
1976949,3254
1977500,3253
1978050,3201
1978599,3117
1979149,2993
1979700,2857
1980250,2687
1980801,2517
1981352,2293
1981902,2003
1982453,1729
1983003,1507
1983554,1316
1984104,1129
1984653,959
1985205,814
1985755,691
1986306,599
1986860,530
1987409,528
1987959,571
1988509,637
1989059,747
1989610,870
1990160,1043
1990711,1219
1991261,1413
1991811,1616
1992361,2013
1992912,2215
1993462,2411
1994012,2599
1994562,2766
1995112,2918
1995663,3055
1996212,3164
1996762,3219
1997312,3252
1997866,3201
1998416,3120
1998966,2992
1999516,2858
2000066,2683
2000616,2513
2001166,2314
2001716,2117
2002266,1909
2002817,1719
2003367,1472
2003917,1207
2004468,958
2005018,815
2005569,689
2006119,601
2006670,555
2007220,528
2007770,532
2008320,574
2008874,747
2009424,871
2009974,1041
2010525,1219
2011075,1411
2011625,1616
2012175,1818
2012726,2013
2013278,2213
2013828,2407
2014379,2768
2014929,2922
2015479,3056
2016029,3162
2016579,3220
2017129,3251
2017679,3248
2018230,3201
2018780,3120
2019331,2991
2019885,2751
2020435,2514
2020985,2309
2021535,2121
2022085,1909
2022636,1718
2023186,1517
2023738,1319
2024287,1126
2024837,953
2025388,753
2025938,602
2026488,554
2027038,528
2027589,528
2028139,571
2028690,639
2029240,744
2029790,871
2030340,1178
2030893,1413
2031443,1616
2031993,1814
2032543,2006
2033094,2215
2033644,2407
2034194,2598
2034745,2765
2035294,2917
2035849,3165
2036399,3222
2036949,3253
2037499,3248
2038049,3200
2038599,3119
2039149,2991
2039701,2852
2040250,2684
2040800,2514
2041351,2301
2041901,2003
2042451,1728
2043002,1515
2043552,1313
2044102,1125
2044653,959
2045203,813
2045753,691
2046304,602
2046858,534
2047407,528
2047957,572
2048507,637
2049057,745
2049608,867
2050158,1044
2050709,1222
2051259,1411
2051810,1616
2052361,2012
2052911,2216
2053461,2411
2054011,2605
2054562,2768
2055112,2919
2055663,3051
2056212,3159
2056763,3217
2057312,3248
2057866,3199
2058417,3120
2058967,2992
2059517,2854
2060067,2679
2060617,2512
2061167,2311
2061718,2119
2062268,1914
2062818,1716
2063370,1469
2063920,1200
2064469,959
2065019,813
2065569,691
2066119,600
2066670,556
2067220,528
2067770,533
2068320,571
2068874,750
2069425,870
2069975,1046
2070524,1224
2071074,1413
2071624,1618
2072174,1818
2072725,2011
2073276,2213
2073826,2407
2074377,2768
2074927,2923
2075477,3055
2076028,3162
2076577,3221
2077127,3248
2077678,3247
2078228,3200
2078779,3122
2079330,2992
2079884,2754
2080435,2514
2080985,2316
2081535,2119
2082085,1911
2082635,1718
2083187,1517
2083738,1316
2084287,1127
2084837,959
2085387,757
2085937,601
2086488,555
2087038,528
2087589,531
2088139,572
2088688,639
2089238,750
2089788,869
2090339,1043
2090892,1413
2091443,1616
2091993,1813
2092543,2011
2093094,2217
2093644,2411
2094194,2604
2094745,2768
2095295,2918
2095849,3157
2096400,3221
2096950,3252
2097500,3250
2098051,3199
2098601,3118
2099151,2994
2099703,2859
2100252,2679
2100803,2513
2101353,2291
2101903,2003
2102454,1728
2103004,1513
2103555,1315
2104105,1126
2104655,960
2105205,813
2105755,690
2106305,599
2106859,533
2107409,528
2107959,571
2108510,639
2109060,747
2109610,874
2110160,1041
2110711,1221
2111261,1413
2111811,1616
2112361,2013
2112912,2217
2113462,2411
2114012,2602
2114562,2767
2115112,2919
2115663,3052
2116213,3163
2116763,3221
2117313,3250
2117867,3206
2118417,3121
2118967,2995
2119517,2858
2120067,2684
2120617,2513
2121167,2316
2121717,2117
2122267,1910
2122817,1715
2123368,1472
2123918,1202
2124469,958
2125019,811
2125569,690
2126119,598
2126670,558
2127220,528
2127770,528
2128320,575
2128874,748
2129425,869
2129975,1045
2130525,1219
2131075,1413
2131625,1616
2132175,1820
2132727,2011
2133278,2217
2133829,2413
2134380,2770
2134930,2921
2135481,3055
2136031,3165
2136580,3219
2137131,3248
2137680,3248
2138231,3198
2138781,3118
2139330,2991
2139885,2753
2140436,2514
2140986,2316
2141537,2119
2142087,1913
2142637,1722
2143187,1515
2143739,1315
2144289,1126
2144839,957
2145389,752
2145939,601
2146489,550
2147039,528
2147589,530
2148140,570
2148691,637
2149240,750
2149790,871
2150340,1104
2150894,1410
2151443,1615
2151993,1819
2152543,2011
2153094,2220
2153644,2411
2154195,2604
2154745,2768
2155295,2922
2155849,3161
2156400,3223
2156950,3255
2157501,3248
2158051,3202
2158601,3120
2159151,2992
2159702,2860
2160252,2685
2160803,2512
2161354,2294
2161904,1999
2162455,1727
2163005,1513
2163556,1314
2164106,1124
2164657,960
2165207,815
2165757,689
2166307,602
2166861,528
2167412,528
2167962,573
2168511,637
2169062,746
2169612,870
2170162,1042
2170713,1223
2171264,1412
2171814,1616
2172365,2011
2172916,2215
2173466,2410
2174016,2601
2174565,2766
2175115,2915
2175666,3054
2176217,3159
2176767,3221
2177318,3251
2177872,3200
2178423,3118
2178973,2991
2179523,2859
2180073,2684
2180624,2513
2181174,2310
2181725,2117
2182274,1915
2182824,1717
2183376,1456
2183926,1195
2184477,955
2185027,810
2185576,691
2186126,598
2186677,556
2187227,529
2187777,531
2188327,573
2188881,744
2189432,874
2189982,1046
2190531,1222
2191081,1410
2191631,1616
2192181,1818
2192732,2011
2193282,2214
2193833,2410
2194382,2768
2194932,2918
2195482,3051
2196032,3159
2196583,3218
2197133,3250
2197684,3247
2198234,3200
2198785,3118
2199334,2991
2199889,2745
2200438,2513
2200988,2315
2201538,2122
2202088,1916
2202638,1719
2203189,1515
2203742,1319
2204292,1125
2204846,951
2205396,742
2205947,595
2206497,555
2207047,528
2207597,530
2208147,572
2208699,639
2209248,747
2209798,870
2210348,1216
2210898,1409
2211448,1615
2211998,1818
2212549,2011
2213099,2215
2213650,2411
2214199,2603
2214750,2768
2215299,2922
2215853,3163
2216404,3218
2216954,3249
2217504,3249
2218055,3199
2218604,3120
2219154,2993
2219709,2860
2220258,2685
2220809,2516
2221360,2278
2221910,1987
2222461,1722
2223011,1510
2223562,1317
2224112,1125
2224663,951
2225212,813
2225763,689
2226313,602
2226867,530
2227417,529
2227967,569
2228517,636
2229067,745
2229618,869
2230168,1043
2230718,1218
2231268,1411
2231818,1616
2232368,2010
2232919,2213
2233469,2406
2234019,2599
2234569,2769
2235119,2923
2235670,3055
2236220,3158
2236770,3217
2237320,3250
2237874,3201
2238425,3120
2238975,2993
2239525,2862
2240075,2683
2240625,2513
2241175,2312
2241726,2117
2242277,1915
2242828,1718
2243379,1456
2243929,1190
2244479,959
2245029,816
2245578,689
2246128,604
2246679,551
2247229,530
2247779,531
2248329,570
2248885,745
2249434,870
2249984,1045
2250535,1225
2251085,1410
2251636,1616
2252186,1818
2252737,2007
2253288,2211
2253838,2410
2254388,2769
2254938,2925
2255489,3053
2256039,3157
2256589,3222
2257140,3250
2257690,3249
2258239,3200
2258789,3117
2259339,2992
2259892,2738
2260442,2514
2260992,2311
2261542,2115
2262092,1911
2262643,1717
2263193,1513
2263743,1314
2264293,1127
2264848,949
2265399,743
2265949,595
2266498,555
2267048,528
2267598,528
2268148,574
2268700,640
2269250,745
2269801,873
2270351,1221
2270901,1412
2271450,1616
2272000,1818
2272550,2013
2273101,2217
2273651,2411
2274202,2603
2274752,2768
2275301,2920
2275855,3164
2276405,3217
2276955,3248
2277506,3250
2278056,3201
2278605,3120
2279155,2992
2279708,2861
2280258,2681
2280808,2514
2281358,2285
2281908,1994
2282458,1722
2283009,1513
2283560,1315
2284110,1126
2284661,954
2285211,811
2285761,693
2286311,599
2286865,528
2287415,529
2287965,573
2288515,638
2289065,746
2289616,871
2290166,1041
2290717,1223
2291266,1410
2291817,1615
2292368,2011
2292918,2218
2293468,2413
2294019,2602
2294569,2768
2295119,2919
2295670,3054
2296220,3161
2296770,3221
2297320,3250
2297874,3197
2298425,3121
2298975,2992
2299525,2858
2300076,2683
2300625,2517
2301175,2317
2301726,2119
2302276,1911
2302826,1715
2303378,1456
2303928,1193
2304477,958
2305027,813
2305577,689
2306127,602
2306677,557
2307227,528
2307777,532
2308327,571
2308881,752
2309432,869
2309982,1043
2310531,1219
2311081,1413
2311632,1616
2312182,1813
2312733,2010
2313285,2221
2313835,2411
2314386,2769
2314936,2926
2315487,3056
2316037,3158
2316587,3219
2317137,3249
2317688,3254
2318237,3199
2318788,3119
2319338,2991
2319892,2745
2320442,2513
2320992,2313
2321542,2114
2322092,1909
2322643,1718
2323193,1514
2323744,1314
2324295,1127
2324850,945
2325399,739
2325949,598
2326500,553
2327050,528
2327601,530
2328151,574
2328702,639
2329252,743
2329803,876
2330353,1221
2330903,1411
2331453,1616
2332003,1818
2332553,2014
2333104,2215
2333654,2407
2334205,2602
2334756,2768
2335305,2919
2335859,3163
2336409,3219
2336959,3249
2337509,3249
2338059,3198
2338610,3120
2339160,2992
2339712,2859
2340261,2685
2340811,2513
2341361,2277
2341911,1987
2342461,1723
2343012,1509
2343562,1315
2344112,1126
2344663,958
2345213,813
2345763,690
2346313,602
2346867,529
2347418,533
2347968,573
2348518,639
2349068,745
2349618,871
2350168,1042
2350720,1221
2351270,1410
2351821,1616
2352371,2009
2352922,2213
2353471,2409
2354021,2599
2354571,2768
2355121,2921
2355671,3050
2356222,3159
2356772,3216
2357321,3251
2357876,3200
2358425,3121
2358975,2993
2359525,2854
2360075,2683
2360625,2515
2361175,2311
2361726,2112
2362277,1913
2362827,1717
2363378,1456
2363928,1197
2364479,950
2365029,815
2365578,690
2366128,599
2366678,558
2367228,528
2367778,529
2368328,572
2368882,747
2369432,867
2369982,1043
2370533,1217
2371083,1414
2371632,1616
2372182,1819
2372734,2013
2373284,2215
2373835,2410
2374385,2769
2374935,2923
2375485,3055
2376035,3159
2376585,3223
2377135,3248
2377686,3250
2378237,3197
2378786,3120
2379336,2989
2379890,2750
2380441,2515
2380991,2313
2381542,2123
2382092,1911
2382643,1723
2383193,1513
2383745,1317
2384295,1129
2384850,947
2385400,742
2385950,601
2386501,550
2387051,528
2387601,529
2388151,570
2388702,637
2389252,749
2389803,874
2390354,1221
2390904,1414
2391454,1616
2392004,1815
2392555,2009
2393106,2215
2393656,2413
2394206,2604
2394756,2767
2395306,2922
2395860,3162
2396410,3218
2396960,3248
2397510,3248
2398060,3199
2398610,3117
2399160,2989
2399712,2858
2400262,2684
2400812,2513
2401362,2275
2401912,1987
2402462,1724
2403013,1517
2403563,1312
2404113,1127
2404664,957
2405214,815
2405765,691
2406314,599
2406868,528
2407419,531
2407969,573
2408518,635
2409068,747
2409618,869
2410168,1042
2410719,1221
2411270,1414
2411819,1616
2412369,2013
2412920,2213
2413470,2414
2414020,2598
2414570,2766
2415120,2924
2415670,3053
2416221,3157
2416770,3221
2417320,3248
2417874,3202
2418425,3120
2418975,2992
2419524,2862
2420074,2681
2420624,2514
2421174,2315
2421725,2118
2422275,1913
2422826,1722
2423376,1459
2423926,1195
2424476,957
2425026,811
2425576,692
2426126,599
2426677,557
2427227,529
2427778,530
2428328,572
2428884,750
2429434,875
2429984,1047
2430535,1218
2431085,1411
2431636,1616
2432186,1818
2432737,2007
2433288,2214
2433838,2402
2434388,2769
2434938,2921
2435488,3055
2436038,3159
2436589,3216
2437139,3249
2437689,3248
2438239,3199
2438789,3117
2439340,2990
2439893,2736
2440443,2513
2440993,2313
2441543,2117
2442093,1916
2442643,1721
2443194,1515
2443745,1313
2444294,1130
2444849,945
2445400,743
2445950,598
2446501,554
2447051,529
2447601,531
2448151,573
2448701,639
2449252,748
2449803,869
2450354,1221
2450904,1413
2451454,1614
2452004,1814
2452555,2010
2453105,2212
2453656,2413
2454206,2603
2454757,2767
2455307,2917
2455861,3164
2456411,3221
2456961,3248
2457512,3247
2458062,3201
2458612,3119
2459163,2992
2459713,2859
2460263,2682
2460813,2512
2461364,2273
2461914,1986
2462464,1715
2463016,1511
2463567,1313
2464117,1123
2464666,955
2465217,814
2465767,688
2466317,602
2466871,528
2467422,529
2467972,567
2468523,637
2469073,746
2469623,871
2470173,1044
2470724,1218
2471274,1410
2471824,1615
2472374,2011
2472925,2217
2473476,2410
2474026,2601
2474576,2766
2475126,2919
2475677,3051
2476227,3157
2476777,3218
2477327,3248
2477881,3200
2478432,3120
2478982,2992
2479531,2861
2480082,2679
2480631,2512
2481181,2313
2481732,2117
2482282,1911
2482833,1716
2483383,1451
2483934,1185
2484484,954
2485034,812
2485584,690
2486134,597
2486685,555
2487235,528
2487785,531
2488335,573
2488889,747
2489438,869
2489988,1042
2490539,1221
2491089,1410
2491639,1613
2492189,1815
2492743,2007
2493293,2211
2493848,2605
2494399,2766
2494949,2922
2495500,3050
2496050,3158
2496601,3215
2497151,3253
2497702,3248
2498252,3198
2498803,3115
2499353,2960
2499903,2711
2500454,2511
2501004,2315
2501553,2119
2502104,1911
2502653,1717
2503205,1515
2503756,1315
2504305,1131
2504859,934
2505410,733
2505960,599
2506509,550
2507059,529
2507610,529
2508160,566
2508711,638
2509261,749
2509812,874
2510361,1219
2510911,1409
2511462,1615
2512012,1818
2512562,2009
2513113,2215
2513663,2410
2514213,2601
2514763,2768
2515313,2915
2515867,3163
2516417,3223
2516968,3250
2517517,3248
2518067,3198
2518618,3116
2519168,2990
2519718,2855
2520268,2683
2520818,2514
2521368,2262
2521918,1978
2522468,1716
2523019,1510
2523569,1310
2524119,1123
2524670,960
2525220,815
2525770,689
2526320,602
2526874,528
2527425,528
2527975,573
2528525,635
2529075,747
2529625,870
2530175,1040
2530726,1221
2531277,1411
2531827,1615
2532378,2014
2532929,2218
2533479,2406
2534029,2599
2534578,2767
2535129,2917
2535679,3051
2536229,3162
2536780,3217
2537329,3249
2537885,3200
2538434,3119
2538984,2992
2539535,2860
2540085,2683
2540636,2512
2541186,2314
2541738,2117
2542287,1910
2542837,1715
2543388,1444
2543938,1182
2544488,957
2545038,811
2545589,689
2546139,603
2546690,554
2547240,528
2547790,531
2548340,571
2548894,750
2549444,869
2549995,1043
2550545,1221
2551095,1410
2551645,1616
2552195,1818
2552745,2013
2553297,2212
2553849,2599
2554399,2768
2554949,2918
2555499,3055
2556050,3159
2556599,3216
2557149,3248
2557701,3245
2558251,3200
2558802,3119
2559353,2966
2559903,2718
2560454,2512
2561004,2315
2561555,2115
2562105,1911
2562655,1717
2563206,1511
2563756,1316
2564306,1129
2564860,936
2565410,729
2565960,598
2566510,550
2567060,528
2567611,531
2568161,575
2568712,640
2569263,747
2569813,874
2570363,1222
2570913,1417
2571463,1616
2572013,1814
2572563,2007
2573114,2215
2573665,2414
2574216,2599
2574766,2768
2575316,2919
2575870,3161
2576421,3218
2576971,3252
2577522,3248
2578072,3201
2578623,3118
2579173,2992
2579723,2861
2580273,2679
2580823,2514
2581373,2256
2581923,1967
2582474,1714
2583024,1514
2583575,1312
2584125,1127
2584676,957
2585226,811
2585776,689
2586327,602
2586881,528
2587431,528
2587981,573
2588531,637
2589081,746
2589631,870
2590181,1040
2590732,1223
2591281,1410
2591831,1613
2592381,2011
2592932,2219
2593482,2411
2594032,2604
2594583,2768
2595133,2917
2595684,3050
2596234,3161
2596784,3216
2597334,3251
2597887,3200
2598437,3120
2598987,2992
2599537,2853
2600087,2681
2600637,2517
2601187,2315
2601738,2119
2602288,1909
2602839,1715
2603389,1435
2603939,1177
2604489,955
2605039,810
2605589,688
2606139,597
2606689,557
2607239,527
2607790,530
2608340,571
2608894,746
2609443,869
2609993,1040
2610543,1219
2611093,1413
2611644,1613
2612194,1817
2612745,2011
2613295,2213
2613849,2603
2614400,2769
2614950,2919
2615501,3056
2616051,3163
2616601,3218
2617151,3249
2617701,3248
2618251,3200
2618801,3120
2619352,2971
2619902,2719
2620452,2513
2621002,2314
2621551,2119
2622101,1911
2622651,1714
2623205,1514
2623756,1317
2624306,1125
2624860,933
2625410,732
2625960,599
2626510,554
2627060,528
2627610,530
2628160,573
2628712,637
2629262,750
2629812,871
2630362,1219
2630912,1411
2631462,1615
2632012,1815
2632562,2011
2633113,2221
2633664,2407
2634214,2599
2634765,2768
2635315,2921
2635870,3167
2636419,3219
2636969,3254
2637520,3249
2638070,3195
2638619,3119
2639169,2991
2639720,2859
2640270,2685
2640821,2512
2641371,2256
2641921,1973
2642471,1721
2643022,1514
2643572,1318
2644122,1123
2644672,957
2645223,813
2645774,691
2646325,600
2646879,528
2647429,530
2647980,570
2648529,639
2649079,741
2649630,869
2650180,1041
2650732,1223
2651282,1414
2651833,1616
2652382,2011
2652933,2217
2653483,2411
2654033,2603
2654583,2767
2655133,2917
2655684,3046
2656234,3163
2656785,3222
2657335,3248
2657889,3200
2658440,3119
2658990,2992
2659541,2859
2660091,2685
2660641,2517
2661191,2315
2661742,2124
2662292,1914
2662847,1715
2663397,1429
2663947,1168
2664498,959
2665048,811
2665598,691
2666148,602
2666699,552
2667250,530
2667799,529
2668349,631
2668899,746
2669449,870
2669999,1042
2670549,1225
2671099,1409
2671650,1616
2672201,1819
2672751,2006
2673301,2214
2673855,2603
2674405,2769
2674955,2921
2675505,3055
2676055,3157
2676606,3221
2677156,3251
2677709,3248
2678259,3195
2678810,3117
2679360,2945
2679910,2704
2680461,2517
2681011,2314
2681562,2116
2682112,1914
2682663,1719
2683213,1515
2683763,1317
2684313,1127
2684867,927
2685417,722
2685967,597
2686517,550
2687067,529
2687617,529
2688167,572
2688718,635
2689268,745
2689819,870
2690369,1219
2690919,1413
2691469,1616
2692019,1819
2692570,2007
2693121,2214
2693671,2411
2694221,2599
2694771,2767
2695321,2912
2695875,3157
2696426,3220
2696976,3249
2697525,3251
2698075,3200
2698625,3119
2699175,2991
2699726,2862
2700277,2685
2700827,2513
2701376,2249
2701926,1963
2702476,1714
2703027,1508
2703577,1315
2704127,1131
2704677,958
2705227,810
2705777,690
2706327,603
2706881,527
2707432,529
2707982,570
2708531,640
2709081,748
2709631,865
2710181,1047
2710732,1219
2711282,1415
2711833,1616
2712383,2011
2712935,2215
2713484,2413
2714034,2603
2714584,2767
2715134,2919
2715684,3047
2716234,3154
2716785,3219
2717334,3246
2717887,3197
2718437,3117
2718988,2990
2719537,2851
2720087,2679
2720637,2514
2721187,2313
2721738,2115
2722288,1909
2722838,1713
2723389,1441
2723939,1179
2724489,957
2725039,815
2725589,690
2726139,598
2726690,550
2727240,528
2727790,530
2728340,574
2728893,742
2729443,867
2729993,1045
2730543,1218
2731093,1414
2731643,1616
2732193,1815
2732745,2015
2733295,2210
2733849,2602
2734400,2768
2734950,2923
2735501,3054
2736051,3159
2736602,3218
2737152,3248
2737708,3248
2738258,3197
2738809,3118
2739358,2951
2739908,2709
2740459,2513
2741009,2314
2741560,2120
2742110,1911
2742660,1717
2743211,1511
2743761,1316
2744311,1125
2744865,928
2745415,720
2745965,599
2746515,555
2747065,527
2747616,529
2748166,566
2748717,638
2749266,745
2749817,871
2750367,1222
2750917,1409
2751468,1614
2752018,1819
2752569,2013
2753120,2215
2753669,2409
2754219,2603
2754769,2768
2755319,2919
2755873,3161
2756423,3223
2756973,3253
2757523,3247
2758073,3201
2758623,3120
2759173,2992
2759723,2858
2760273,2686
2760823,2518
2761373,2256
2761923,1970
2762474,1718
2763025,1517
2763576,1317
2764126,1127
2764676,960
2765225,814
2765776,693
2766326,606
2766880,528
2767430,528
2767980,573
2768530,638
2769080,741
2769631,871
2770181,1041
2770733,1219
2771284,1410
2771833,1616
2772383,2010
2772934,2217
2773484,2409
2774034,2599
2774584,2768
2775134,2918
2775684,3054
2776234,3159
2776784,3218
2777334,3246
2777889,3200
2778438,3118
2778988,2992
2779538,2861
2780088,2685
2780638,2513
2781188,2315
2781743,2119
2782293,1911
2782848,1712
2783400,1424
2783950,1167
2784501,951
2785051,809
2785601,689
2786151,602
2786703,550
2787252,529
2787803,531
2788354,633
2788904,747
2789455,871
2790005,1046
2790555,1221
2791105,1408
2791655,1616
2792205,1812
2792756,2007
2793306,2211
2793860,2603
2794410,2768
2794960,2918
2795510,3053
2796060,3161
2796610,3219
2797160,3249
2797711,3247
2798261,3200
2798811,3117
2799361,2946
2799911,2703
2800461,2512
2801011,2317
2801562,2119
2802112,1907
2802663,1721
2803213,1516
2803763,1316
2804313,1127
2804867,924
2805417,720
2805967,599
2806517,550
2807067,528
2807617,532
2808167,569
2808717,638
2809267,745
2809817,870
2810367,1221
2810917,1409
2811468,1616
2812018,1818
2812569,2009
2813119,2213
2813670,2411
2814219,2599
2814769,2766
2815319,2921
2815873,3162
2816423,3217
2816973,3248
2817524,3247
2818074,3195
2818624,3119
2819174,2987
2819725,2856
2820274,2686
2820824,2513
2821374,2255
2821924,1968
2822475,1718
2823025,1516
2823576,1317
2824126,1126
2824677,957
2825227,811
2825777,690
2826327,603
2826881,528
2827432,528
2827982,575
2828532,637
2829082,743
2829633,869
2830183,1045
2830733,1218
2831283,1411
2831834,1615
2832385,2011
2832936,2219
2833487,2411
2834037,2604
2834587,2767
2835137,2919
2835688,3051
2836238,3159
2836789,3216
2837339,3248
2837892,3201
2838442,3119
2838992,2991
2839542,2857
2840092,2679
2840643,2517
2841193,2313
2841744,2117
2842294,1911
2842849,1713
2843401,1424
2843951,1167
2844502,954
2845052,810
2845603,690
2846153,596
2846707,550
2847258,529
2847808,529
2848359,634
2848909,746
2849460,870
2850010,1041
2850560,1221
2851110,1411
2851660,1616
2852210,1815
2852760,2010
2853312,2213
2853866,2605
2854416,2766
2854966,2923
2855516,3055
2856066,3158
2856616,3220
2857166,3251
2857717,3248
2858267,3200
2858817,3120
2859367,2933
2859917,2688
2860468,2512
2861018,2315
2861569,2114
2862119,1910
2862670,1715
2863220,1514
2863770,1316
2864320,1127
2864874,914
2865425,717
2865975,597
2866525,551
2867075,528
2867625,528
2868175,567
2868726,640
2869276,743
2869827,870
2870378,1219
2870928,1410
2871479,1612
2872029,1813
2872578,2010
2873129,2211
2873679,2409
2874230,2602
2874781,2768
2875332,2922
2875886,3158
2876435,3221
2876985,3251
2877535,3250
2878085,3199
2878636,3118
2879186,2992
2879738,2856
2880287,2683
2880837,2512
2881387,2226
2881937,1947
2882488,1718
2883039,1517
2883590,1315
2884140,1129
2884691,954
2885240,813
2885790,690
2886340,599
2886894,528
2887443,530
2887993,573
2888543,640
2889093,741
2889644,869
2890194,1041
2890744,1219
2891294,1413
2891849,1812
2892400,2010
2892951,2211
2893502,2410
2894052,2603
2894603,2764
2895153,2916
2895708,3050
2896259,3158
2896810,3216
2897361,3245
2897911,3195
2898461,3118
2899011,2991
2899562,2855
2900112,2683
2900663,2515
2901213,2316
2901763,2118
2902313,1913
2902867,1681
2903418,1402
2903968,1143
2904518,954
2905068,810
2905618,689
2906168,597
2906720,553
2907271,528
2907821,533
2908372,636
2908922,747
2909471,870
2910021,1042
2910571,1219
2911121,1414
2911671,1615
2912222,1818
2912771,2015
2913322,2217
2913877,2602
2914427,2768
2914977,2917
2915528,3055
2916078,3159
2916629,3219
2917179,3250
2917729,3248
2918279,3200
2918829,3120
2919380,2898
2919930,2685
2920481,2514
2921031,2314
2921582,2115
2922132,1911
2922682,1717
2923232,1511
2923782,1315
2924333,1130
2924886,903
2925436,700
2925986,598
2926536,554
2927086,528
2927637,528
2928187,574
2928738,639
2929288,750
2929838,869
2930388,1220
2930938,1410
2931488,1616
2932038,1817
2932589,2010
2933140,2211
2933689,2407
2934239,2603
2934790,2767
2935340,2919
2935894,3165
2936443,3218
2936993,3250
2937543,3250
2938093,3199
2938643,3118
2939193,2992
2939744,2854
2940294,2682
2940849,2505
2941400,2208
2941950,1931
2942501,1718
2943051,1511
2943602,1313
2944152,1125
2944708,954
2945258,815
2945808,690
2946358,591
2946908,528
2947457,529
2948007,572
2948557,633
2949107,749
2949658,874
2950208,1043
2950758,1218
2951308,1413
2951862,1815
2952413,2010
2952964,2214
2953514,2410
2954064,2597
2954613,2763
2955163,2915
2955714,3050
2956264,3161
2956814,3216
2957365,3250
2957914,3199
2958464,3120
2959014,2992
2959564,2857
2960114,2681
2960664,2509
2961214,2310
2961764,2114
2962314,1914
2962868,1680
2963419,1399
2963970,1143
2964519,956
2965069,813
2965619,689
2966169,599
2966720,557
2967269,528
2967820,532
2968369,636
2968919,746
2969469,870
2970019,1042
2970569,1218
2971119,1413
2971670,1616
2972220,1819
2972770,2009
2973321,2212
2973875,2603
2974426,2768
2974976,2919
2975527,3050
2976077,3162
2976626,3219
2977176,3249
2977727,3248
2978278,3195
2978828,3120
2979378,2902
2979928,2685
2980479,2510
2981029,2311
2981579,2119
2982130,1909
2982679,1714
2983230,1513
2983781,1316
2984332,1127
2984886,902
2985435,704
2985985,597
2986535,555
2987085,528
2987636,528
2988186,570
2988738,641
2989287,746
2989837,873
2990387,1221
2990937,1414
2991488,1616
2992038,1815
2992589,2011
2993139,2211
2993690,2407
2994240,2598
2994790,2766
2995340,2912
2995894,3158
2996443,3218
2996993,3248
2997543,3248
2998093,3197
2998643,3121
2999193,2991
2999745,2858
3000295,2682
3000849,2503
3001399,2206
3001949,1929
3002499,1717
3003050,1515
3003600,1315
3004150,1120
3004702,955
3005252,814
3005802,689
3006353,591
3006903,528
3007454,528
3008004,570
3008555,635
3009105,747
3009656,870
3010206,1043
3010757,1220
3011307,1413
3011862,1816
3012412,2014
3012962,2217
3013512,2411
3014062,2595
3014612,2763
3015162,2918
3015713,3049
3016264,3163
3016814,3216
3017364,3245
3017914,3200
3018464,3114
3019014,2989
3019564,2859
3020114,2682
3020664,2512
3021214,2314
3021764,2114
3022314,1911
3022868,1677
3023420,1394
3023970,1140
3024521,951
3025071,813
3025620,688
3026170,594
3026722,554
3027272,528
3027823,528
3028372,635
3028922,743
3029473,873
3030023,1045
3030572,1220
3031122,1409
3031672,1616
3032222,1815
3032772,2007
3033324,2209
3033878,2599
3034428,2766
3034978,2917
3035529,3049
3036079,3163
3036630,3222
3037180,3253
3037730,3250
3038280,3198
3038830,3115
3039380,2899
3039930,2688
3040480,2512
3041030,2311
3041580,2117
3042130,1914
3042680,1717
3043231,1511
3043781,1321
3044332,1128
3044886,906
3045435,705
3045985,598
3046535,555
3047085,528
3047636,528
3048186,571
3048737,638
3049287,746
3049837,874
3050387,1217
3050937,1413
3051488,1614
3052038,1815
3052589,2006
3053139,2214
3053690,2403
3054240,2602
3054790,2768
3055340,2915
3055894,3159
3056443,3217
3056993,3250
3057543,3248
3058093,3197
3058643,3116
3059193,2992
3059744,2858
3060294,2682
3060849,2511
3061400,2207
3061950,1930
3062500,1714
3063051,1510
3063602,1313
3064152,1125
3064708,955
3065259,811
3065810,688
3066359,583
3066909,529
3067460,534
3068010,570
3068561,639
3069111,742
3069660,876
3070210,1041
3070761,1219
3071312,1410
3071866,1818
3072416,2010
3072967,2214
3073517,2405
3074067,2597
3074618,2768
3075168,2917
3075720,3051
3076270,3155
3076820,3216
3077371,3248
3077921,3202
3078471,3120
3079021,2992
3079571,2861
3080121,2682
3080671,2514
3081221,2314
3081771,2117
3082321,1914
3082875,1670
3083426,1392
3083976,1136
3084527,957
3085077,814
3085626,692
3086176,599
3086727,555
3087278,531
3087829,533
3088380,640
3088930,747
3089481,866
3090031,1047
3090582,1222
3091132,1413
3091683,1616
3092233,1817
3092783,2009
3093334,2214
3093887,2607
3094437,2768
3094988,2922
3095537,3056
3096087,3159
3096637,3221
3097187,3248
3097739,3248
3098290,3195
3098840,3119
3099389,2875
3099940,2682
3100489,2514
3101039,2315
3101589,2117
3102139,1911
3102689,1717
3103240,1512
3103790,1314
3104340,1127
3104894,895
3105444,695
3105994,599
3106544,554
3107094,527
3107644,531
3108194,573
3108745,636
3109294,747
3109849,1041
3110400,1223
3110950,1408
3111501,1615
3112051,1814
3112601,2005
3113152,2214
3113702,2405
3114253,2601
3114803,2768
3115353,3053
3115903,3159
3116453,3216
3117003,3250
3117553,3248
3118103,3200
3118653,3120
3119203,2994
3119754,2858
3120303,2683
3120858,2491
3121407,2194
3121957,1917
3122507,1715
3123059,1510
3123609,1314
3124159,1129
3124709,958
3125259,811
3125809,690
3126360,589
3126910,528
3127461,530
3128011,570
3128562,638
3129112,743
3129661,867
3130211,1043
3130761,1223
3131312,1411
3131866,1819
3132416,2005
3132967,2217
3133518,2409
3134068,2603
3134619,2766
3135169,2918
3135720,3051
3136270,3157
3136821,3217
3137372,3248
3137922,3200
3138472,3120
3139022,2992
3139573,2858
3140123,2683
3140673,2512
3141224,2315
3141774,2121
3142324,1915
3142878,1664
3143429,1382
3143979,1132
3144530,959
3145080,815
3145630,690
3146180,598
3146732,551
3147282,529
3147833,529
3148382,635
3148932,745
3149482,871
3150032,1043
3150583,1221
3151133,1411
3151684,1616
3152234,1815
3152784,2010
3153335,2214
3153889,2603
3154440,2768
3154990,2919
3155541,3053
3156091,3159
3156642,3217
3157192,3248
3157742,3248
3158292,3196
3158846,3115
3159396,2864
3159946,2681
3160497,2513
3161047,2317
3161597,2114
3162147,1915
3162699,1719
3163250,1511
3163800,1317
3164349,1122
3164899,883
3165449,691
3165999,599
3166550,554
3167100,526
3167649,529
3168199,571
3168749,639
3169299,750
3169853,1045
3170403,1218
3170954,1414
3171503,1615
3172053,1814
3172603,2011
3173154,2214
3173708,2411
3174257,2602
3174807,2767
3175358,3053
3175908,3163
3176459,3218
3177009,3248
3177560,3248
3178110,3200
3178660,3115
3179210,2990
3179761,2861
3180312,2686
3180866,2471
3181417,2177
3181967,1913
3182517,1716
3183068,1510
3183618,1313
3184168,1127
3184720,954
3185271,813
3185821,693
3186372,573
3186922,528
3187471,528
3188021,569
3188571,639
3189121,746
3189671,870
3190221,1042
3190771,1215
3191321,1408
3191875,1817
3192426,2013
3192977,2211
3193526,2407
3194076,2599
3194626,2768
3195176,2922
3195727,3050
3196277,3158
3196828,3219
3197379,3250
3197929,3201
3198480,3119
3199030,2992
3199581,2859
3200131,2682
3200680,2512
3201230,2317
3201781,2117
3202331,1911
3202886,1653
3203436,1373
3203986,1127
3204537,956
3205087,811
3205636,691
3206186,598
3206737,551
3207287,529
3207838,530
3208387,635
3208937,745
3209488,870
3210038,1042
3210589,1220
3211138,1410
3211688,1616
3212238,1821
3212788,2006
3213340,2213
3213893,2607
3214443,2768
3214993,2923
3215543,3056
3216093,3162
3216643,3217
3217193,3253
3217744,3249
3218294,3200
3218849,3111
3219400,2861
3219950,2686
3220501,2514
3221051,2311
3221602,2114
3222152,1911
3222708,1721
3223258,1517
3223809,1318
3224358,1109
3224908,877
3225459,691
3226009,604
3226558,558
3227108,528
3227658,530
3228208,574
3228759,639
3229308,750
3229862,1046
3230413,1219
3230963,1411
3231514,1612
3232064,1815
3232614,2007
3233165,2213
3233715,2414
3234265,2601
3234816,2763
3235365,3056
3235915,3160
3236465,3217
3237015,3251
3237565,3248
3238115,3200
3238666,3119
3239215,2992
3239765,2863
3240315,2687
3240870,2466
3241419,2173
3241969,1907
3242520,1718
3243071,1515
3243622,1318
3244172,1124
3244722,955
3245272,812
3245822,690
3246373,571
3246923,528
3247473,531
3248023,573
3248572,641
3249122,749
3249672,874
3250222,1043
3250772,1222
3251322,1410
3251876,1819
3252427,2011
3252977,2215
3253528,2413
3254078,2599
3254628,2770
3255178,2922
3255729,3052
3256279,3161
3256830,3217
3257380,3249
3257930,3200
3258481,3120
3259031,2992
3259581,2863
3260131,2683
3260682,2516
3261231,2314
3261781,2115
3262332,1918
3262885,1649
3263436,1375
3263986,1129
3264537,955
3265087,811
3265637,693
3266187,600
3266739,555
3267290,530
3267840,529
3268390,641
3268941,746
3269490,871
3270040,1046
3270590,1221
3271140,1412
3271690,1616
3272240,1815
3272790,2007
3273346,2215
3273896,2606
3274446,2768
3274997,2922
3275548,3051
3276098,3162
3276649,3221
3277198,3249
3277748,3248
3278299,3200
3278853,3101
3279403,2859
3279953,2683
3280503,2515
3281053,2319
3281603,2118
3282153,1909
3282708,1718
3283259,1516
3283810,1321
3284361,1104
3284911,875
3285461,689
3286011,601
3286562,551
3287112,528
3287663,528
3288212,573
3288762,640
3289312,745
3289866,1040
3290416,1221
3290966,1414
3291516,1616
3292066,1819
3292616,2007
3293167,2211
3293719,2410
3294269,2602
3294820,2768
3295369,3053
3295920,3158
3296469,3219
3297019,3251
3297569,3251
3298119,3199
3298670,3119
3299221,2993
3299771,2860
3300320,2683
3300874,2453
3301425,2165
3301975,1911
3302525,1718
3303077,1511
3303626,1314
3304177,1125
3304727,958
3305278,815
3305829,691
3306380,565
3306930,528
3307481,529
3308031,574
3308582,637
3309132,741
3309682,870
3310231,1047
3310781,1218
3311332,1414
3311885,1815
3312435,2011
3312986,2215
3313536,2411
3314086,2603
3314637,2769
3315187,2919
3315739,3047
3316290,3157
3316840,3216
3317389,3247
3317939,3198
3318489,3120
3319039,2992
3319590,2861
3320140,2683
3320689,2517
3321239,2316
3321790,2119
3322340,1916
3322894,1639
3323444,1362
3323994,1125
3324545,955
3325095,814
3325646,692
3326196,605
3326746,558
3327296,527
3327849,566
3328400,636
3328950,747
3329499,870
3330050,1042
3330599,1219
3331150,1413
3331701,1616
3332251,1819
3332802,2007
3333353,2411
3333903,2605
3334454,2768
3335004,2923
3335555,3051
3336105,3161
3336654,3221
3337205,3253
3337756,3248
3338305,3200
3338859,3071
3339410,2858
3339960,2685
3340510,2514
3341060,2313
3341610,2118
3342160,1905
3342711,1717
3343262,1515
3343812,1315
3344362,1104
3344912,871
3345462,690
3346012,595
3346562,556
3347112,529
3347663,529
3348212,574
3348762,639
3349312,748
3349866,1046
3350417,1221
3350967,1413
3351517,1616
3352067,1816
3352617,2011
3353168,2211
3353720,2410
3354271,2602
3354821,2768
3355372,3053
3355922,3165
3356473,3219
3357023,3251
3357574,3248
3358124,3202
3358675,3118
3359224,2992
3359774,2853
3360325,2679
3360879,2445
3361429,2151
3361979,1909
3362529,1717
3363080,1514
3363630,1312
3364180,1127
3364732,959
3365282,816
3365833,694
3366383,560
3366933,529
3367483,528
3368033,573
3368583,637
3369133,746
3369684,873
3370234,1044
3370785,1219
3371334,1411
3371888,1819
3372439,2006
3372990,2218
3373540,2407
3374090,2603
3374640,2769
3375191,2923
3375742,3053
3376292,3159
3376847,3216
3377396,3248
3377946,3202
3378496,3120
3379046,2992
3379596,2853
3380146,2682
3380696,2518
3381246,2316
3381796,2116
3382347,1914
3382897,1634
3383448,1360
3383998,1124
3384549,955
3385099,811
3385650,688
3386201,601
3386751,555
3387301,528
3387855,570
3388405,638
3388955,746
3389505,869
3390055,1042
3390605,1223
3391155,1412
3391709,1615
3392259,1821
3392810,2006
3393360,2409
3393910,2605
3394461,2768
3395011,2921
3395562,3051
3396112,3159
3396663,3219
3397212,3250
3397762,3248
3398312,3197
3398866,3056
3399416,2859
3399966,2681
3400517,2515
3401067,2315
3401617,2114
3402167,1911
3402718,1717
3403270,1514
3403819,1316
3404369,1093
3404919,863
3405469,688
3406019,599
3406570,554
3407120,528
3407670,531
3408220,570
3408771,637
3409320,747
3409874,1042
3410424,1226
3410974,1411
3411524,1615
3412074,1819
3412624,2010
3413175,2214
3413726,2407
3414277,2599
3414828,2768
3415379,3053
3415929,3164
3416480,3222
3417030,3249
3417581,3247
3418131,3205
3418682,3119
3419231,2992
3419781,2864
3420331,2684
3420885,2436
3421435,2148
3421985,1910
3422535,1714
3423086,1514
3423637,1319
3424187,1131
3424739,958
3425290,816
3425840,691
3426389,553
3426939,527
3427489,528
3428039,576
3428589,637
3429139,747
3429690,869
3430239,1042
3430790,1220
3431340,1413
3431894,1815
3432443,2015
3432994,2215
3433545,2413
3434095,2596
3434644,2767
3435194,2919
3435745,3051
3436294,3159
3436849,3248
3437399,3248
3437949,3198
3438500,3119
3439050,2990
3439599,2858
3440149,2685
3440701,2516
3441252,2317
3441803,2117
3442353,1903
3442903,1623
3443454,1355
3444004,1126
3444555,956
3445105,812
3445655,689
3446206,597
3446756,551
3447306,530
3447861,571
3448410,639
3448961,743
3449510,874
3450060,1043
3450610,1221
3451160,1410
3451712,1615
3452261,1819
3452811,2010
3453362,2412
3453912,2605
3454462,2769
3455012,2924
3455563,3053
3456113,3159
3456664,3219
3457214,3248
3457765,3247
3458314,3199
3458869,3046
3459418,2862
3459968,2683
3460518,2513
3461068,2317
3461618,2119
3462168,1910
3462719,1717
3463271,1513
3463822,1316
3464373,1088
3464923,861
3465474,689
3466024,598
3466575,551
3467125,528
3467676,533
3468225,573
3468776,637
3469326,747
3469880,1043
3470430,1218
3470980,1410
3471530,1616
3472080,1821
3472630,2010
3473181,2211
3473732,2411
3474282,2599
3474832,2762
3475382,3053
3475932,3161
3476483,3219
3477033,3250
3477584,3248
3478134,3199
3478684,3118
3479234,2992
3479784,2861
3480334,2679
3480888,2430
3481439,2142
3481989,1911
3482540,1714
3483090,1511
3483641,1314
3484191,1126
3484743,955
3485292,807
3485847,688
3486396,555
3486946,525
3487496,531
3488046,575
3488596,636
3489146,747
3489696,870
3490246,1043
3490796,1221
3491346,1410
3491896,1815
3492446,2011
3492997,2218
3493548,2410
3494098,2601
3494649,2769
3495198,2922
3495749,3049
3496298,3159
3496852,3249
3497402,3248
3497952,3200
3498502,3120
3499052,2992
3499603,2854
3500153,2683
3500707,2516
3501257,2314
3501808,2123
3502358,1889
3502910,1617
3503459,1344
3504009,1127
3504560,955
3505110,811
3505659,693
3506210,599
3506760,555
3507311,528
3507865,571
3508415,636
3508965,747
3509515,871
3510065,1046
3510616,1221
3511166,1409
3511718,1616
3512268,1811
3512818,2007
3513369,2410
3513920,2605
3514470,2768
3515020,2916
3515570,3049
3516120,3159
3516670,3217
3517220,3248
3517770,3248
3518320,3199
3518875,3031
3519425,2855
3519975,2684
3520525,2514
3521075,2317
3521625,2115
3522175,1911
3522727,1717
3523277,1517
3523828,1313
3524378,1082
3524928,850
3525477,688
3526027,597
3526577,554
3527127,528
3527677,528
3528228,573
3528778,642
3529327,745
3529881,1041
3530432,1219
3530982,1410
3531531,1616
3532082,1818
3532632,2013
3533183,2214
3533734,2411
3534284,2602
3534835,2767
3535385,3052
3535935,3163
3536486,3217
3537036,3254
3537586,3250
3538136,3203
3538686,3120
3539237,2992
3539788,2857
3540339,2679
3540892,2422
3541442,2131
3541992,1911
3542542,1714
3543093,1514
3543643,1315
3544193,1125
3544744,953
3545294,811
3545849,690
3546400,550
3546950,528
3547501,528
3548051,571
3548602,635
3549152,743
3549704,869
3550254,1043
3550804,1219
3551354,1614
3551904,1815
3552454,2008
3553005,2211
3553556,2413
3554106,2603
3554657,2768
3555206,2923
3555757,3054
3556307,3162
3556861,3252
3557411,3248
3557961,3201
3558511,3119
3559061,2992
3559611,2853
3560161,2685
3560712,2515
3561263,2319
3561813,2124
3562362,1883
3562913,1614
3563463,1339
3564013,1126
3564563,954
3565113,816
3565664,688
3566214,597
3566764,554
3567314,530
3567868,570
3568419,638
3568968,749
3569518,866
3570068,1040
3570619,1219
3571169,1412
3571720,1616
3572271,1821
3572821,2007
3573373,2414
3573923,2607
3574474,2768
3575024,2922
3575574,3053
3576124,3158
3576675,3221
3577224,3250
3577774,3249
3578325,3195
3578879,3024
3579430,2861
3579980,2685
3580530,2513
3581080,2318
3581630,2121
3582180,1912
3582731,1719
3583282,1515
3583833,1315
3584382,1077
3584932,849
3585482,691
3586032,597
3586583,547
3587133,528
3587684,530
3588233,574
3588783,639
3589333,744
3589887,1042
3590437,1217
3590987,1410
3591537,1616
3592087,1815
3592638,2009
3593189,2218
3593744,2411
3594294,2601
3594849,2911
3595399,3055
3595949,3165
3596500,3219
3597050,3248
3597599,3248
3598149,3200
3598701,3119
3599251,2992
3599802,2859
3600353,2670
3600903,2399
3601454,2114
3602004,1911
3602555,1718
3603106,1514
3603657,1313
3604207,1121
3604757,955
3605307,815
3605861,677
3606411,555
3606961,527
3607512,528
3608062,574
3608611,637
3609161,745
3609712,865
3610263,1043
3610813,1217
3611362,1615
3611912,1819
3612462,2011
3613013,2212
3613563,2413
3614113,2598
3614663,2766
3615213,2918
3615763,3044
3616313,3152
3616867,3248
3617417,3249
3617967,3200
3618517,3120
3619067,2991
3619618,2859
3620168,2683
3620719,2515
3621268,2315
3621818,2116
3622368,1872
3622919,1600
3623469,1333
3624019,1126
3624569,955
3625119,808
3625670,688
3626220,602
3626770,554
3627320,529
3627874,571
3628424,637
3628974,746
3629524,871
3630074,1043
3630624,1218
3631174,1408
3631725,1611
3632275,1817
3632825,2010
3633376,2415
3633926,2603
3634476,2768
3635026,2919
3635576,3054
3636126,3152
3636677,3216
3637227,3248
3637777,3247
3638328,3201
3638882,3015
3639432,2858
3639982,2685
3640533,2512
3641083,2317
3641633,2122
3642184,1911
3642735,1714
3643285,1509
3643835,1317
3644386,1074
3644936,846
3645486,688
3646036,601
3646585,550
3647135,528
3647685,528
3648236,574
3648786,639
3649335,751
3649889,1045
3650440,1218
3650990,1414
3651541,1615
3652091,1815
3652642,2007
3653192,2214
3653744,2408
3654294,2597
3654849,2900
3655400,3053
3655950,3163
3656501,3221
3657051,3251
3657602,3247
3658152,3197
3658704,3114
3659254,2987
3659804,2855
3660354,2666
3660904,2401
3661454,2118
3662004,1915
3662555,1718
3663105,1515
3663656,1316
3664206,1124
3664756,955
3665306,815
3665860,677
3666410,551
3666960,528
3667510,530
3668060,570
3668610,636
3669160,742
3669712,870
3670261,1045
3670811,1222
3671361,1615
3671911,1815
3672461,2009
3673012,2215
3673562,2411
3674112,2601
3674663,2768
3675213,2922
3675763,3050
3676313,3158
3676867,3253
3677417,3248
3677967,3201
3678517,3118
3679067,2994
3679617,2861
3680167,2682
3680718,2515
3681268,2315
3681819,2113
3682369,1872
3682920,1600
3683470,1334
3684020,1127
3684570,956
3685120,813
3685670,688
3686220,598
3686771,555
3687320,528
3687874,572
3688425,640
3688975,742
3689525,869
3690076,1046
3690625,1221
3691175,1409
3691726,1616
3692275,1813
3692825,2007
3693376,2413
3693927,2606
3694476,2768
3695026,2919
3695576,3055
3696126,3162
3696677,3217
3697227,3249
3697777,3248
3698327,3199
3698881,3019
3699432,2854
3699982,2683
3700531,2512
3701081,2314
3701632,2115
3702182,1911
3702733,1715
3703283,1515
3703833,1319
3704384,1077
3704934,848
3705484,691
3706034,597
3706585,549
3707135,528
3707686,535
3708235,574
3708785,640
3709335,747
3709889,1046
3710439,1219
3710989,1409
3711538,1614
3712088,1815
3712639,2009
3713189,2213
3713742,2409
3714293,2603
3714848,2763
3715398,3056
3715948,3165
3716498,3216
3717048,3249
3717598,3248
3718148,3201
3718700,3120
3719251,2992
3719801,2859
3720350,2677
3720900,2409
3721450,2123
3722001,1911
3722550,1718
3723101,1511
3723651,1318
3724201,1127
3724754,958
3725304,813
3725858,679
3726408,554
3726958,526
3727509,528
3728059,567
3728610,639
3729160,747
3729711,866
3730261,1041
3730812,1224
3731362,1618
3731912,1815
3732462,2010
3733013,2213
3733563,2411
3734113,2602
3734664,2768
3735214,2917
3735764,3054
3736314,3158
3736868,3248
3737418,3251
3737968,3200
3738518,3120
3739068,2990
3739618,2858
3740168,2677
3740720,2511
3741271,2315
3741821,2115
3742372,1872
3742922,1601
3743472,1332
3744022,1126
3744573,960
3745123,812
3745673,689
3746223,599
3746774,558
3747325,528
3747879,571
3748430,633
3748980,748
3749529,873
3750079,1046
3750630,1217
3751180,1413
3751731,1616
3752281,1818
3752831,2007
3753382,2415
3753932,2605
3754482,2768
3755033,2921
3755583,3054
3756133,3157
3756684,3218
3757235,3248
3757785,3245
3758336,3196
3758889,3004
3759439,2863
3759989,2687
3760538,2512
3761089,2317
3761638,2117
3762188,1913
3762743,1719
3763294,1510
3763849,1317
3764400,1054
3764950,826
3765501,688
3766051,596
3766602,556
3767152,530
3767708,532
3768259,574
3768810,639
3769361,871
3769911,1041
3770461,1225
3771011,1414
3771562,1616
3772112,1818
3772663,2012
3773213,2212
3773763,2412
3774313,2601
3774867,2925
3775418,3056
3775968,3159
3776518,3227
3777068,3253
3777618,3251
3778168,3197
3778719,3120
3779270,2992
3779820,2850
3780370,2631
3780920,2369
3781470,2115
3782020,1911
3782570,1717
3783121,1513
3783672,1314
3784222,1131
3784772,958
3785322,811
3785876,656
3786427,550
3786977,529
3787528,528
3788078,576
3788629,638
3789179,743
3789729,867
3790279,1040
3790829,1221
3791380,1616
3791930,1817
3792481,2006
3793032,2214
3793583,2410
3794133,2601
3794684,2765
3795234,2915
3795784,3045
3796334,3162
3796888,3248
3797439,3248
3797989,3194
3798540,3117
3799090,2992
3799639,2855
3800190,2684
3800743,2514
3801293,2317
3801848,2117
3802398,1823
3802949,1555
3803499,1312
3804049,1124
3804599,954
3805149,813
3805700,690
3806250,601
3806800,555
3807351,529
3807901,575
3808452,634
3809002,746
3809551,869
3810101,1046
3810651,1220
3811201,1414
3811754,1616
3812304,1815
3812858,2215
3813409,2415
3813959,2598
3814509,2769
3815059,2921
3815610,3051
3816160,3159
3816711,3218
3817261,3250
3817811,3248
3818361,3155
3818911,2993
3819461,2858
3820011,2682
3820562,2513
3821112,2317
3821663,2115
3822213,1911
3822763,1715
3823314,1511
3823868,1286
3824419,1034
3824969,811
3825520,688
3826070,601
3826619,558
3827169,528
3827720,533
3828271,574
3828821,635
3829372,870
3829922,1044
3830473,1221
3831022,1411
3831572,1614
3832122,1817
3832672,2011
3833223,2213
3833774,2410
3834324,2599
3834878,2925
3835429,3054
3835979,3163
3836529,3222
3837079,3248
3837630,3248
3838180,3199
3838731,3120
3839280,2991
3839830,2853
3840380,2609
3840930,2352
3841481,2114
3842031,1912
3842582,1715
3843132,1511
3843682,1318
3844232,1123
3844782,951
3845333,812
3845886,642
3846437,551
3846987,528
3847537,528
3848087,574
3848637,637
3849187,745
3849739,869
3850290,1042
3850840,1219
3851389,1614
3851939,1817
3852489,2012
3853040,2215
3853590,2406
3854141,2602
3854690,2768
3855240,2922
3855790,3051
3856340,3154
3856894,3253
3857443,3248
3857993,3201
3858543,3120
3859093,2991
3859644,2854
3860194,2683
3860744,2512
3861294,2318
3861849,2114
3862400,1819
3862950,1557
3863501,1313
3864051,1126
3864601,956
3865151,814
3865702,692
3866252,602
3866803,558
3867353,528
3867903,573
3868454,634
3869004,738
3869554,870
3870103,1040
3870654,1222
3871204,1411
3871754,1616
3872304,1818
3872859,2219
3873409,2410
3873959,2604
3874509,2766
3875059,2919
3875610,3051
3876160,3158
3876712,3216
3877261,3248
3877811,3246
3878361,3156
3878911,2992
3879461,2861
3880011,2683
3880562,2516
3881112,2310
3881663,2119
3882213,1912
3882763,1714
3883314,1511
3883868,1286
3884418,1023
3884968,812
3885518,688
3886068,594
3886618,555
3887168,528
3887720,531
3888270,575
3888821,639
3889372,870
3889922,1046
3890471,1219
3891021,1413
3891571,1615
3892121,1814
3892672,2009
3893223,2213
3893773,2410
3894323,2597
3894878,2926
3895428,3054
3895978,3156
3896529,3222
3897079,3251
3897630,3251
3898180,3201
3898732,3117
3899282,2989
3899832,2855
3900382,2609
3900932,2349
3901482,2119
3902032,1914
3902583,1714
3903133,1510
3903684,1313
3904233,1125
3904783,957
3905333,814
3905887,645
3906437,555
3906987,530
3907538,528
3908088,571
3908639,633
3909189,750
3909743,871
3910293,1043
3910848,1220
3911399,1616
3911949,1814
3912498,2005
3913050,2219
3913601,2408
3914151,2598
3914703,2768
3915252,2918
3915802,3051
3916353,3217
3916903,3251
3917454,3247
3918004,3201
3918555,3119
3919105,2991
3919656,2860
3920206,2683
3920756,2517
3921306,2314
3921860,2096
3922410,1805
3922962,1535
3923511,1313
3924061,1127
3924611,955
3925161,813
3925712,690
3926263,603
3926812,550
3927362,528
3927912,567
3928462,637
3929012,743
3929562,867
3930112,1042
3930663,1223
3931213,1408
3931763,1616
3932313,1815
3932867,2215
3933419,2413
3933969,2599
3934518,2770
3935069,2922
3935619,3054
3936169,3156
3936720,3216
3937271,3251
3937822,3248
3938372,3126
3938923,2992
3939472,2858
3940023,2685
3940574,2512
3941124,2314
3941673,2114
3942223,1909
3942774,1718
3943324,1510
3943879,1267
3944429,1010
3944979,814
3945529,689
3946079,599
3946630,558
3947180,530
3947731,530
3948282,574
3948832,637
3949382,871
3949932,1044
3950482,1221
3951032,1409
3951583,1616
3952133,1815
3952682,2009
3953233,2215
3953783,2407
3954333,2599
3954887,2927
3955437,3055
3955988,3163
3956538,3221
3957088,3254
3957638,3253
3958188,3199
3958743,3120
3959292,2991
3959846,2854
3960396,2559
3960946,2321
3961497,2115
3962047,1913
3962597,1714
3963148,1511
3963700,1317
3964249,1129
3964799,959
3965350,812
3965899,631
3966450,550
3967000,527
3967550,530
3968100,574
3968650,638
3969201,746
3969751,869
3970301,1041
3970855,1411
3971406,1618
3971956,1817
3972507,2013
3973058,2215
3973607,2413
3974157,2605
3974709,2768
3975259,2919
3975810,3051
3976360,3217
3976910,3250
3977461,3252
3978011,3201
3978562,3119
3979112,2991
3979662,2853
3980212,2679
3980762,2513
3981312,2314
3981866,2080
3982416,1797
3982967,1529
3983517,1312
3984067,1126
3984617,954
3985167,812
3985717,689
3986267,602
3986817,559
3987367,528
3987917,573
3988468,635
3989018,747
3989569,868
3990119,1040
3990670,1220
3991220,1409
3991770,1616
3992320,1815
3992874,2219
3993426,2410
3993976,2601
3994527,2768
3995077,2919
3995626,3050
3996177,3159
3996727,3219
3997277,3250
3997828,3248
3998379,3121
3998929,2992
3999479,2859
4000029,2684
4000578,2512
4001128,2318
4001678,2119
4002228,1910
4002778,1717
4003329,1513
4003884,1264
4004434,1009
4004984,813
4005535,690
4006085,602
4006636,557
4007186,530
4007737,529
4008287,574
4008837,640
4009388,872
4009938,1043
4010489,1222
4011039,1411
4011590,1619
4012140,1813
4012691,2007
4013241,2214
4013791,2409
4014345,2597
4014896,2918
4015445,3051
4015996,3155
4016545,3218
4017095,3247
4017645,3248
4018196,3196
4018747,3118
4019297,2990
4019851,2855
4020400,2559
4020950,2318
4021500,2115
4022050,1914
4022600,1715
4023152,1509
4023702,1317
4024252,1125
4024802,957
4025353,813
4025903,627
4026454,554
4027004,528
4027555,531
4028105,575
4028656,638
4029206,749
4029756,867
4030306,1043
4030860,1414
4031410,1616
4031960,1815
4032510,2012
4033061,2220
4033611,2405
4034161,2601
4034712,2767
4035263,2918
4035813,3051
4036362,3221
4036912,3251
4037462,3251
4038012,3202
4038562,3120
4039112,2992
4039663,2859
4040212,2686
4040763,2513
4041312,2315
4041866,2083
4042417,1793
4042967,1535
4043517,1314
4044068,1125
4044617,957
4045167,810
4045719,691
4046270,601
4046820,554
4047370,530
4047920,573
4048470,635
4049020,749
4049570,875
4050120,1044
4050670,1218
4051220,1411
4051770,1616
4052320,1815
4052874,2218
4053426,2411
4053976,2603
4054527,2767
4055077,2919
4055626,3054
4056176,3154
4056727,3216
4057277,3250
4057828,3248
4058378,3122
4058928,2993
4059479,2855
4060029,2683
4060579,2512
4061130,2313
4061679,2119
4062230,1914
4062780,1714
4063330,1517
4063885,1261
4064436,1007
4064986,811
4065536,688
4066086,595
4066636,560
4067186,531
4067738,528
4068288,575
4068838,640
4069388,870
4069938,1042
4070489,1220
4071039,1409
4071589,1615
4072139,1818
4072690,2010
4073240,2213
4073791,2407
4074340,2596
4074893,2919
4075443,3053
4075993,3155
4076543,3219
4077093,3251
4077643,3248
4078193,3198
4078744,3120
4079294,2991
4079849,2859
4080400,2559
4080950,2318
4081500,2112
4082050,1915
4082601,1717
4083151,1517
4083703,1319
4084253,1127
4084803,959
4085353,808
4085903,627
4086453,551
4087003,529
4087553,528
4088103,570
4088653,640
4089203,746
4089754,869
4090305,1045
4090859,1409
4091409,1616
4091959,1819
4092509,2011
4093060,2217
4093611,2411
4094161,2596
4094712,2768
4095262,2917
4095812,3047
4096363,3218
4096913,3248
4097463,3251
4098013,3198
4098563,3117
4099113,2992
4099664,2857
4100215,2679
4100765,2514
4101315,2317
4101870,2079
4102420,1785
4102970,1522
4103521,1313
4104071,1125
4104622,954
4105172,809
4105722,688
4106272,601
4106822,554
4107373,530
4107923,572
4108474,640
4109024,747
4109575,869
4110125,1045
4110675,1220
4111224,1413
4111775,1613
4112324,1818
4112879,2215
4113429,2413
4113979,2598
4114529,2768
4115079,2921
4115630,3053
4116180,3157
4116731,3225
4117281,3248
4117831,3245
4118382,3119
4118932,2991
4119482,2859
4120032,2678
4120583,2519
4121133,2314
4121684,2117
4122234,1915
4122785,1719
4123335,1509
4123889,1260
4124440,1002
4124990,814
4125541,688
4126091,601
4126641,557
4127191,529
4127742,529
4128292,575
4128846,639
4129396,871
4129946,1043
4130496,1218
4131046,1413
4131596,1614
4132146,1816
4132696,2011
4133247,2213
4133797,2410
4134347,2599
4134897,2923
4135448,3049
4135998,3162
4136549,3220
4137099,3248
4137650,3248
4138201,3200
4138751,3120
4139301,2992
4139855,2843
4140406,2554
4140956,2315
4141506,2118
4142056,1910
4142605,1715
4143156,1513
4143709,1315
4144259,1128
4144810,957
4145361,796
4145911,618
4146461,558
4147011,528
4147562,531
4148112,573
4148663,635
4149213,743
4149763,870
4150313,1045
4150867,1415
4151417,1616
4151967,1811
4152517,2004
4153068,2213
4153618,2407
4154168,2598
4154719,2766
4155270,2918
4155820,3054
4156370,3221
4156920,3254
4157470,3251
4158020,3199
4158570,3120
4159120,2992
4159670,2859
4160220,2685
4160770,2513
4161320,2313
4161874,2069
4162425,1785
4162975,1517
4163525,1315
4164075,1125
4164625,958
4165175,811
4165726,690
4166277,602
4166828,555
4167379,528
4167929,573
4168479,640
4169029,743
4169578,867
4170128,1044
4170678,1219
4171228,1411
4171778,1615
4172328,1815
4172883,2214
4173434,2412
4173984,2601
4174534,2768
4175084,2919
4175634,3053
4176184,3158
4176735,3219
4177285,3250
4177835,3249
4178386,3119
4178936,2991
4179487,2857
4180037,2685
4180588,2512
4181138,2317
4181688,2118
4182238,1914
4182788,1718
4183339,1515
4183892,1250
4184442,997
4184992,813
4185542,690
4186092,599
4186643,556
4187193,529
4187744,532
4188295,572
4188849,640
4189400,871
4189950,1040
4190501,1219
4191051,1413
4191601,1616
4192151,1815
4192703,2007
4193253,2214
4193803,2407
4194354,2768
4194904,2927
4195454,3047
4196005,3159
4196556,3217
4197106,3251
4197657,3248
4198207,3196
4198757,3118
4199307,2992
4199861,2827
4200412,2544
4200962,2314
4201511,2119
4202061,1910
4202611,1716
4203162,1510
4203713,1312
4204264,1130
4204813,957
4205363,795
4205913,618
4206463,551
4207013,527
4207563,531
4208114,572
4208663,638
4209213,751
4209763,867
4210313,1044
4210867,1412
4211418,1619
4211968,1815
4212518,2010
4213069,2212
4213619,2410
4214169,2597
4214720,2768
4215271,2917
4215822,3046
4216372,3221
4216922,3251
4217473,3249
4218022,3201
4218572,3119
4219122,2992
4219672,2859
4220223,2687
4220773,2515
4221322,2317
4221876,2064
4222427,1781
4222977,1519
4223528,1314
4224078,1126
4224628,955
4225178,812
4225729,691
4226279,602
4226829,554
4227380,528
4227930,570
4228481,637
4229031,749
4229582,871
4230132,1043
4230681,1220
4231231,1408
4231781,1615
4232331,1819
4232886,2215
4233436,2411
4233986,2606
4234536,2768
4235086,2924
4235637,3054
4236187,3158
4236739,3221
4237290,3249
4237840,3250
4238389,3120
4238939,2991
4239489,2857
4240039,2684
4240589,2515
4241139,2318
4241690,2117
4242240,1911
4242790,1718
4243345,1513
4243896,1244
4244447,992
4244997,810
4245548,690
4246098,598
4246649,553
4247198,528
4247748,528
4248298,571
4248852,746
4249402,874
4249952,1043
4250502,1217
4251052,1411
4251603,1616
4252153,1817
4252708,2013
4253258,2218
4253808,2403
4254359,2769
4254909,2924
4255460,3055
4256010,3158
4256560,3216
4257110,3251
4257660,3248
4258210,3200
4258760,3120
4259311,2992
4259865,2816
4260415,2533
4260965,2313
4261515,2115
4262065,1908
4262616,1722
4263166,1517
4263716,1314
4264266,1126
4264816,959
4265367,785
4265917,615
4266468,553
4267018,528
4267569,529
4268119,571
4268670,640
4269220,746
4269770,871
4270320,1046
4270874,1414
4271425,1616
4271975,1818
4272525,2007
4273076,2214
4273627,2407
4274177,2599
4274729,2768
4275279,2918
4275830,3050
4276380,3216
4276930,3250
4277481,3248
4278031,3200
4278582,3117
4279132,2992
4279683,2860
4280233,2683
4280784,2515
4281334,2318
4281888,2044
4282439,1763
4282989,1509
4283539,1315
4284089,1126
4284640,955
4285190,814
4285742,692
4286292,602
4286846,556
4287396,528
4287947,573
4288497,636
4289047,750
4289597,872
4290147,1045
4290699,1221
4291248,1413
4291799,1613
4292350,1811
4292900,2219
4293450,2410
4294000,2598
4294550,2765
4295100,2917
4295650,3053
4296201,3159
4296751,3216
4297301,3248
4297855,3230
4298405,3119
4298955,2992
4299505,2860
4300055,2682
4300605,2513
4301155,2311
4301708,2113
4302258,1914
4302808,1720
4303360,1498
4303910,1227
4304461,976
4305011,813
4305562,688
4306112,596
4306663,551
4307212,528
4307762,529
4308312,573
4308866,747
4309416,871
4309966,1040
4310516,1221
4311066,1409
4311617,1616
4312167,1812
4312718,2010
4313268,2211
4313818,2406
4314368,2768
4314918,2921
4315469,3056
4316019,3157
4316569,3222
4317119,3251
4317670,3246
4318220,3198
4318770,3119
4319321,2992
4319875,2795
4320425,2514
4320975,2311
4321525,2113
4322075,1913
4322625,1712
4323176,1511
4323727,1315
4324277,1133
4324828,959
4325379,775
4325929,604
4326479,554
4327029,528
4327578,528
4328128,575
4328678,636
4329228,747
4329779,869
4330328,1047
4330884,1415
4331433,1616
4331984,1818
4332533,2009
4333084,2217
4333635,2411
4334185,2602
4334736,2765
4335286,2917
4335837,3053
4336387,3222
4336937,3248
4337488,3250
4338038,3200
4338589,3115
4339139,2992
4339690,2858
4340240,2682
4340790,2514
4341340,2311
4341893,2032
4342443,1751
4342994,1515
4343544,1315
4344095,1125
4344644,959
4345194,813
4345745,689
4346294,602
4346849,555
4347400,529
4347950,571
4348500,637
4349050,749
4349601,873
4350150,1041
4350702,1221
4351252,1413
4351803,1615
4352353,2006
4352904,2215
4353455,2405
4354004,2605
4354554,2768
4355104,2922
4355654,3047
4356204,3157
4356754,3216
4357304,3248
4357858,3217
4358408,3120
4358958,2991
4359509,2862
4360059,2681
4360608,2512
4361158,2313
4361709,2115
4362259,1909
4362809,1717
4363361,1492
4363911,1225
4364461,976
4365011,811
4365562,690
4366112,599
4366663,555
4367213,528
4367763,531
4368313,572
4368867,748
4369417,873
4369967,1045
4370517,1219
4371067,1408
4371617,1616
4372167,1817
4372718,2008
4373270,2215
4373820,2405
4374369,2769
4374919,2927
4375469,3051
4376019,3159
4376569,3219
4377119,3250
4377669,3246
4378219,3199
4378769,3120
4379320,2989
4379874,2796
4380424,2518
4380974,2313
4381525,2117
4382075,1913
4382625,1715
4383176,1511
4383727,1316
4384278,1130
4384828,957
4385378,778
4385928,603
4386479,553
4387029,528
4387578,528
4388128,573
4388678,638
4389228,748
4389779,869
4390328,1043
4390884,1414
4391433,1616
4391983,1819
4392534,2011
4393085,2215
4393636,2411
4394186,2602
4394738,2768
4395288,2919
4395838,3050
4396388,3219
4396938,3251
4397488,3253
4398038,3199
4398589,3119
4399139,2992
4399690,2859
4400240,2681
4400790,2519
4401340,2310
4401894,2032
4402443,1755
4402994,1510
4403544,1312
4404094,1126
4404645,958
4405195,812
4405745,688
4406296,597
4406849,556
4407399,528
4407949,573
4408500,637
4409050,746
4409599,871
4410149,1046
4410701,1222
4411251,1408
4411802,1616
4412353,2011
4412903,2217
4413454,2406
4414004,2602
4414555,2767
4415105,2922
4415656,3054
4416206,3157
4416756,3216
4417306,3249
4417860,3212
4418410,3119
4418961,2992
4419510,2855
4420060,2685
4420610,2512
4421160,2311
4421712,2115
4422261,1908
4422812,1717
4423362,1488
4423912,1220
4424462,975
4425012,810
4425562,688
4426112,597
4426663,557
4427212,528
4427763,529
4428313,575
4428867,748
4429418,873
4429968,1043
4430517,1225
4431067,1411
4431617,1616
4432167,1814
4432718,2011
4433268,2213
4433818,2408
4434369,2769
4434919,2919
4435469,3053
4436019,3159
4436569,3216
4437119,3248
4437670,3247
4438220,3200
4438770,3114
4439320,2983
4439874,2800
4440425,2515
4440975,2311
4441525,2113
4442075,1913
4442625,1715
4443176,1513
4443727,1312
4444277,1125
4444828,958
4445378,778
4445928,602
4446477,555
4447027,528
4447577,530
4448127,572
4448678,637
4449227,750
4449777,868
4450327,1043
4450881,1409
4451432,1614
4451982,1815
4452533,2014
4453083,2215
4453634,2407
4454184,2598
4454734,2762
4455285,2918
4455835,3047
4456386,3216
4456936,3249
4457486,3248
4458036,3198
4458587,3120
4459137,2992
4459687,2861
4460238,2678
4460788,2512
4461338,2319
4461891,2040
4462442,1755
4462992,1513
4463543,1314
4464093,1127
4464643,955
4465193,810
4465744,691
4466294,597
4466849,551
4467400,530
4467950,567
4468501,639
4469051,745
4469601,869
4470151,1042
4470702,1222
4471252,1410
4471803,1616
4472353,2005
4472904,2219
4473454,2410
4474004,2605
4474555,2768
4475105,2914
4475656,3053
4476206,3157
4476757,3216
4477306,3247
4477860,3213
4478410,3119
4478960,2989
4479510,2861
4480060,2679
4480610,2513
4481160,2314
4481712,2118
4482263,1909
4482813,1718
4483363,1491
4483913,1222
4484463,973
4485013,811
4485564,689
4486114,601
4486664,555
4487214,528
4487764,529
4488314,576
4488868,746
4489418,870
4489968,1045
4490518,1223
4491068,1414
4491618,1616
4492168,1812
4492719,2014
4493270,2211
4493821,2405
4494372,2769
4494922,2927
4495471,3050
4496022,3162
4496571,3217
4497121,3248
4497672,3247
4498222,3200
4498772,3119
4499322,2992
4499877,2797
4500426,2518
4500976,2313
4501526,2118
4502076,1907
4502626,1719
4503178,1515
4503729,1316
4504279,1127
4504830,960
4505381,774
4505931,599
4506482,549
4507032,528
4507583,528
4508133,570
4508684,638
4509234,743
4509784,870
4510334,1043
4510888,1410
4511439,1616
4511989,1815
4512540,2010
4513091,2213
4513641,2412
4514191,2601
4514742,2766
4515292,2918
4515846,3046
4516397,3219
4516947,3251
4517496,3248
4518046,3203
4518596,3120
4519146,2993
4519697,2855
4520247,2684
4520797,2513
4521348,2318
4521898,2023
4522449,1746
4523000,1513
4523549,1317
4524099,1127
4524650,959
4525201,815
4525751,691
4526300,603
4526854,549
4527405,529
4527955,571
4528506,640
4529056,745
4529606,866
4530156,1045
4530709,1221
4531259,1411
4531809,1616
4532360,2013
4532910,2215
4533461,2412
4534011,2599
4534562,2768
4535112,2918
4535663,3049
4536213,3158
4536763,3218
4537313,3248
4537867,3199
4538418,3120
4538968,2990
4539518,2864
4540069,2681
4540618,2513
4541168,2314
4541719,2117
4542270,1914
4542820,1718
4543371,1483
4543921,1214
4544471,964
4545021,812
4545571,692
4546121,597
4546671,554
4547221,528
4547771,529
4548321,573
4548875,743
4549426,873
4549976,1043
4550525,1225
4551075,1411
4551625,1616
4552175,1809
4552726,2011
4553278,2215
4553828,2411
4554379,2770
4554929,2921
4555479,3053
4556029,3158
4556579,3221
4557129,3248
4557679,3247
4558230,3199
4558780,3119
4559330,2993
4559884,2773
4560434,2513
4560984,2315
4561535,2118
4562085,1911
4562636,1721
4563187,1517
4563738,1317
4564287,1125
4564837,959
4565387,764
4565937,598
4566488,553
4567038,529
4567589,528
4568139,573
4568689,636
4569239,749
4569789,867
4570339,1042
4570892,1411
4571442,1616
4571992,1819
4572543,2007
4573094,2213
4573643,2407
4574193,2601
4574745,2767
4575295,2918
4575850,3047
4576400,3221
4576950,3257
4577501,3249
4578051,3201
4578602,3117
4579152,2992
4579708,2855
4580258,2684
4580809,2512
4581359,2295
4581909,2001
4582459,1734
4583010,1510
4583561,1314
4584111,1125
4584660,957
4585210,814
4585761,689
4586311,601
4586865,539
4587414,528
4587964,569
4588515,638
4589065,742
4589616,867
4590166,1044
4590716,1218
4591266,1412
4591816,1613
4592367,2006
4592917,2211
4593468,2410
4594018,2601
4594567,2767
4595117,2923
4595668,3054
4596218,3159
4596768,3216
4597318,3249
4597872,3197
4598422,3117
4598972,2987
4599522,2857
4600072,2680
4600623,2513
4601173,2310
4601724,2115
4602273,1910
4602823,1718
4603374,1475
4603924,1208
4604475,963
4605025,810
4605576,688
4606126,598
4606677,551
4607226,529
4607776,528
4608326,571
4608880,748
4609430,868
4609981,1045
4610530,1220
4611080,1414
4611630,1617
4612180,1815
4612731,2012
4613282,2211
4613833,2409
4614382,2771
4614932,2923
4615482,3052
4616032,3161
4616583,3219
4617133,3249
4617684,3245
4618234,3199
4618784,3120
4619334,2992
4619888,2768
4620438,2515
4620988,2311
4621539,2115
4622089,1911
4622639,1713
4623190,1517
4623744,1315
4624294,1127
4624849,955
4625400,752
4625950,597
4626501,554
4627051,526
4627600,528
4628150,573
4628702,639
4629252,746
4629802,870
4630353,1194
4630903,1410
4631454,1616
4632004,1814
4632555,2011
4633105,2215
4633656,2411
4634206,2599
4634756,2767
4635306,2919
4635860,3158
4636411,3221
4636961,3250
4637511,3248
4638061,3199
4638611,3116
4639161,2992
4639713,2855
4640263,2679
4640813,2516
4641364,2288
4641914,1999
4642464,1724
4643015,1509
4643566,1315
4644116,1126
4644666,957
4645217,811
4645767,693
4646316,603
4646871,531
4647421,529
4647971,573
4648522,637
4649072,751
4649623,870
4650173,1043
4650723,1218
4651273,1410
4651823,1614
4652374,2010
4652925,2214
4653475,2410
4654025,2603
4654576,2767
4655126,2919
4655677,3053
4656227,3159
4656777,3221
4657327,3248
4657881,3201
4658432,3119
4658982,2992
4659533,2857
4660083,2680
4660632,2515
4661182,2315
4661733,2119
4662284,1916
4662835,1718
4663386,1456
4663936,1193
4664487,955
4665037,813
4665587,689
4666137,597
4666686,551
4667237,528
4667788,528
4668337,569
4668891,743
4669442,865
4669992,1041
4670542,1222
4671092,1408
4671643,1615
4672193,1814
4672744,2007
4673295,2212
4673850,2405
4674401,2771
4674951,2923
4675502,3056
4676052,3164
4676603,3218
4677153,3248
4677708,3246
4678258,3195
4678809,3119
4679360,2967
4679910,2718
4680461,2512
4681011,2311
4681562,2118
4682112,1910
4682663,1719
4683213,1515
4683763,1315
4684313,1125
4684867,935
4685417,733
4685967,599
4686517,553
4687067,533
4687617,529
4688167,572
4688719,640
4689269,748
4689820,867
4690369,1219
4690919,1418
4691469,1616
4692019,1814
4692569,2007
4693120,2215
4693671,2407
4694222,2599
4694773,2768
4695323,2923
4695878,3163
4696427,3219
4696977,3248
4697528,3247
4698078,3198
4698629,3117
4699179,2991
4699731,2858
4700282,2683
4700832,2512
4701383,2250
4701933,1968
4702483,1718
4703034,1510
4703584,1314
4704134,1124
4704684,957
4705234,814
4705784,695
4706334,606
4706888,527
4707439,528
4707989,571
4708538,636
4709088,743
4709638,868
4710188,1044
4710743,1220
4711292,1409
4711847,1613
4712396,2009
4712947,2212
4713498,2410
4714048,2602
4714598,2763
4715148,2918
4715699,3048
4716250,3162
4716801,3216
4717352,3247
4717902,3203
4718453,3115
4719003,2991
4719552,2855
4720102,2687
4720652,2514
4721202,2317
4721752,2118
4722302,1914
4722856,1711
4723407,1423
4723957,1168
4724508,951
4725058,811
4725608,691
4726159,595
4726709,554
4727259,528
4727809,531
4728360,637
4728910,743
4729461,870
4730011,1042
4730562,1220
4731112,1410
4731663,1616
4732213,1815
4732763,2010
4733314,2215
4733868,2605
4734418,2767
4734968,2919
4735518,3051
4736069,3154
4736618,3218
4737168,3251
4737720,3248
4738271,3197
4738821,3115
4739372,2938
4739922,2695
4740471,2513
4741022,2317
4741572,2119
4742122,1913
4742672,1717
4743223,1511
4743774,1315
4744325,1127
4744879,915
4745429,719
4745979,599
4746529,555
4747079,528
4747630,528
4748180,572
4748731,636
4749281,750
4749831,867
4750381,1219
4750931,1411
4751481,1616
4752031,1818
4752581,2011
4753132,2217
4753683,2409
4754233,2598
4754783,2767
4755333,2916
4755887,3163
4756437,3219
4756987,3251
4757538,3248
4758088,3199
4758637,3119
4759187,2989
4759738,2860
4760288,2686
4760838,2518
4761389,2241
4761939,1957
4762489,1717
4763040,1510
4763590,1318
4764140,1121
4764691,957
4765241,812
4765791,693
4766345,605
4766896,528
4767446,529
4767996,570
4768547,640
4769097,746
4769646,874
4770197,1041
4770748,1216
4771298,1411
4771852,1623
4772403,2007
4772954,2217
4773504,2410
4774054,2602
4774605,2765
4775155,2917
4775709,3052
4776259,3162
4776810,3219
4777360,3250
4777910,3200
4778461,3119
4779011,2991
4779560,2859
4780110,2679
4780660,2515
4781211,2314
4781761,2117
4782312,1909
4782866,1691
4783418,1411
4783968,1152
4784517,958
4785067,813
4785617,688
4786167,598
4786719,551
4787270,526
4787820,528
4788371,634
4788921,742
4789471,871
4790021,1040
4790571,1222
4791121,1416
4791671,1615
4792222,1818
4792772,2007
4793322,2211
4793876,2603
4794427,2769
4794977,2919
4795528,3053
4796078,3157
4796629,3218
4797179,3250
4797731,3247
4798281,3197
4798831,3120
4799381,2910
4799931,2685
4800481,2512
4801031,2313
4801582,2115
4802132,1913
4802683,1718
4803233,1509
4803783,1315
4804333,1130
4804888,912
4805439,710
4805989,603
4806540,557
4807090,528
4807639,530
4808189,571
4808742,636
4809292,750
4809847,871
4810396,1221
4810946,1411
4811496,1615
4812046,1821
4812596,2006
4813147,2209
4813697,2411
4814248,2598
4814798,2770
4815347,2917
4815897,3163
4816448,3223
4816998,3249
4817549,3248
4818099,3199
4818648,3120
4819199,2992
4819749,2862
4820299,2687
4820854,2512
4821403,2214
4821953,1934
4822503,1717
4823054,1514
4823604,1316
4824154,1125
4824707,955
4825258,810
4825808,691
4826358,592
4826908,527
4827458,528
4828008,570
4828558,637
4829108,749
4829658,868
4830208,1046
4830758,1218
4831308,1411
4831862,1818
4832413,2014
4832964,2219
4833515,2411
4834065,2596
4834616,2765
4835166,2918
4835717,3046
4836267,3158
4836817,3220
4837367,3253
4837917,3201
4838468,3120
4839018,2991
4839569,2857
4840119,2681
4840670,2517
4841220,2311
4841770,2118
4842320,1915
4842874,1678
4843425,1398
4843975,1141
4844525,954
4845075,811
4845625,693
4846175,597
4846726,555
4847277,528
4847827,531
4848376,635
4848926,747
4849477,871
4850027,1045
4850578,1223
4851128,1409
4851678,1616
4852228,1815
4852779,2013
4853329,2209
4853885,2605
4854434,2769
4854984,2919
4855535,3052
4856085,3157
4856634,3216
4857184,3251
4857735,3246
4858285,3200
4858836,3118
4859387,2899
4859937,2685
4860488,2513
4861038,2314
4861589,2117
4862139,1910
4862690,1715
4863240,1516
4863790,1315
4864340,1130
4864894,901
4865443,702
4865993,595
4866543,550
4867093,528
4867643,528
4868193,570
4868744,637
4869294,742
4869849,870
4870399,1218
4870949,1408
4871499,1615
4872049,1815
4872600,2006
4873151,2215
4873702,2406
4874252,2598
4874802,2767
4875353,2922
4875903,3163
4876454,3216
4877004,3250
4877554,3250
4878104,3198
4878653,3118
4879203,2990
4879753,2858
4880303,2686
4880857,2503
4881408,2201
4881958,1925
4882507,1717
4883058,1513
4883609,1313
4884159,1126
4884711,957
4885260,815
4885810,691
4886361,592
4886911,526
4887462,530
4888012,574
4888563,636
4889113,742
4889662,868
4890212,1042
4890763,1217
4891313,1409
4891867,1819
4892417,2012
4892969,2215
4893518,2411
4894068,2603
4894619,2768
4895169,2918
4895721,3052
4896271,3155
4896822,3216
4897373,3248
4897923,3201
4898473,3115
4899024,2991
4899575,2862
4900125,2681
4900676,2515
4901225,2313
4901775,2120
4902325,1909
4902879,1674
4903430,1389
4903980,1136
4904530,956
4905080,813
4905631,690
4906181,598
4906732,560
4907282,528
4907833,529
4908382,636
4908932,747
4909482,874
4910032,1045
4910583,1217
4911133,1408
4911684,1614
4912234,1817
4912784,2006
4913335,2210
4913889,2602
4914440,2771
4914990,2917
4915541,3052
4916091,3159
4916641,3218
4917191,3251
4917742,3249
4918292,3198
4918846,3116
4919396,2879
4919946,2681
4920496,2512
4921046,2314
4921596,2115
4922146,1911
4922697,1721
4923247,1514
4923797,1317
4924347,1130
4924897,897
4925448,698
4925998,596
4926549,551
4927099,526
4927650,530
4928201,574
4928751,635
4929300,752
4929854,1044
4930405,1218
4930955,1413
4931504,1616
4932054,1817
4932604,2006
4933155,2214
4933708,2412
4934259,2602
4934810,2767
4935361,3055
4935911,3163
4936462,3216
4937012,3249
4937563,3249
4938113,3198
4938662,3118
4939212,2992
4939763,2859
4940313,2681
4940867,2480
4941417,2189
4941968,1911
4942517,1719
4943068,1515
4943618,1315
4944168,1124
4944720,959
4945271,814
4945821,694
4946372,578
4946922,528
4947471,530
4948021,570
4948571,638
4949121,745
4949672,871
4950221,1046
4950771,1222
4951321,1413
4951875,1820
4952426,2014
4952977,2215
4953526,2414
4954077,2603
4954626,2768
4955177,2919
4955727,3050
4956277,3156
4956828,3219
4957379,3248
4957929,3200
4958480,3119
4959030,2992
4959581,2859
4960131,2685
4960682,2516
4961231,2313
4961781,2118
4962332,1913
4962886,1661
4963436,1389
4963986,1130
4964536,954
4965087,810
4965636,690
4966186,600
4966737,554
4967287,529
4967837,533
4968387,637
4968937,746
4969488,871
4970038,1042
4970588,1226
4971138,1412
4971689,1615
4972239,1820
4972790,2007
4973340,2209
4973894,2602
4974443,2768
4974993,2919
4975543,3053
4976093,3157
4976644,3216
4977194,3248
4977744,3246
4978295,3198
4978850,3113
4979399,2867
4979949,2683
4980500,2512
4981050,2314
4981599,2113
4982149,1914
4982701,1719
4983252,1518
4983802,1316
4984353,1126
4984903,887
4985454,690
4986004,600
4986555,558
4987105,528
4987655,531
4988205,571
4988755,635
4989306,746
4989860,1044
4990409,1225
4990959,1410
4991509,1614
4992059,1815
4992610,2007
4993160,2213
4993711,2406
4994261,2599
4994812,2767
4995361,3051
4995911,3162
4996461,3216
4997011,3255
4997562,3246
4998112,3200
4998663,3120
4999212,2990
4999763,2857
5000313,2686
5000867,2482
5001417,2190
5001967,1911
5002517,1718
5003068,1509
5003618,1314
5004168,1123
5004719,955
5005270,813
5005821,688
5006372,577
5006922,529
5007473,528
5008023,574
5008572,635
5009122,747
5009673,869
5010222,1041
5010773,1221
5011322,1412
5011877,1821
5012427,2010
5012977,2211
5013528,2413
5014078,2599
5014629,2769
5015179,2918
5015729,3053
5016280,3156
5016830,3219
5017380,3247
5017930,3200
5018481,3120
5019031,2992
5019582,2859
5020132,2679
5020683,2514
5021233,2314
5021783,2116
5022333,1915
5022887,1661
5023439,1386
5023989,1127
5024538,954
5025088,813
5025639,689
5026189,597
5026742,553
5027292,528
5027847,531
5028397,637
5028947,746
5029498,867
5030048,1041
5030598,1219
5031148,1408
5031699,1614
5032249,1813
5032799,2012
5033350,2211
5033900,2601
5034450,2768
5035000,2922
5035550,3055
5036100,3158
5036650,3216
5037200,3248
5037750,3243
5038301,3198
5038855,3109
5039406,2861
5039956,2686
5040507,2515
5041057,2314
5041608,2119
5042158,1910
5042709,1717
5043260,1516
5043810,1314
5044360,1115
5044910,880
5045461,690
5046011,597
5046562,554
5047112,529
5047663,531
5048212,571
5048763,638
5049313,741
5049867,1040
5050418,1219
5050968,1409
5051517,1616
5052067,1815
5052618,2010
5053169,2213
5053720,2407
5054270,2603
5054820,2767
5055369,3055
5055919,3165
5056470,3226
5057020,3248
5057570,3248
5058120,3197
5058670,3120
5059220,2991
5059770,2859
5060320,2677
5060874,2473
5061425,2175
5061975,1911
5062525,1717
5063077,1513
5063626,1315
5064176,1125
5064727,958
5065277,816
5065828,692
5066379,573
5066929,527
5067479,530
5068029,571
5068578,640
5069128,747
5069678,871
5070228,1046
5070779,1217
5071328,1408
5071884,1817
5072433,2013
5072984,2215
5073534,2412
5074084,2601
5074634,2768
5075184,2917
5075735,3051
5076285,3157
5076835,3216
5077386,3249
5077936,3199
5078487,3120
5079037,2994
5079588,2858
5080138,2683
5080687,2517
5081237,2315
5081788,2120
5082338,1915
5082891,1649
5083442,1378
5083992,1126
5084542,953
5085092,810
5085643,689
5086193,599
5086744,551
5087294,528
5087849,530
5088400,638
5088950,750
5089501,868
5090051,1040
5090602,1218
5091152,1414
5091703,1615
5092253,1817
5092803,2009
5093354,2385
5093904,2607
5094454,2768
5095004,2924
5095555,3052
5096105,3155
5096656,3219
5097206,3249
5097756,3249
5098306,3199
5098860,3090
5099410,2862
5099960,2679
5100511,2515
5101061,2317
5101612,2117
5102162,1911
5102714,1716
5103265,1510
5103816,1315
5104366,1108
5104916,869
5105466,688
5106016,600
5106566,557
5107116,528
5107666,531
5108216,576
5108767,636
5109316,748
5109870,1046
5110421,1221
5110971,1411
5111522,1614
5112072,1815
5112621,2010
5113172,2209
5113723,2407
5114272,2601
5114823,2768
5115373,3056
5115923,3164
5116474,3222
5117024,3250
5117574,3248
5118124,3199
5118673,3117
5119223,2992
5119774,2853
5120325,2684
5120879,2457
5121430,2162
5121980,1911
5122530,1715
5123081,1509
5123631,1315
5124181,1126
5124732,962
5125282,815
5125833,693
5126382,566
5126932,528
5127482,528
5128032,574
5128583,639
5129133,743
5129684,873
5130234,1040
5130784,1218
5131334,1411
5131888,1819
5132439,2011
5132989,2215
5133540,2413
5134090,2601
5134641,2768
5135191,2922
5135742,3049
5136292,3155
5136847,3218
5137396,3248
5137946,3201
5138496,3119
5139046,2990
5139597,2860
5140147,2683
5140698,2514
5141248,2315
5141799,2118
5142349,1911
5142899,1639
5143450,1365
5144000,1126
5144551,957
5145101,811
5145651,694
5146201,602
5146754,557
5147304,531
5147858,571
5148408,637
5148958,748
5149508,870
5150058,1042
5150609,1218
5151159,1409
5151709,1615
5152259,1814
5152809,2003
5153361,2407
5153911,2607
5154460,2767
5155010,2920
5155561,3051
5156111,3159
5156662,3218
5157211,3248
5157761,3247
5158311,3197
5158865,3071
5159415,2862
5159965,2685
5160515,2514
5161065,2314
5161615,2115
5162165,1914
5162717,1716
5163267,1512
5163817,1314
5164368,1104
5164918,877
5165468,688
5166018,594
5166569,553
5167119,528
5167670,532
5168220,575
5168770,634
5169320,748
5169874,1042
5170424,1218
5170974,1414
5171524,1615
5172074,1813
5172624,2011
5173175,2209
5173725,2412
5174275,2602
5174826,2767
5175377,3054
5175927,3160
5176478,3219
5177028,3253
5177578,3248
5178129,3198
5178678,3120
5179228,2992
5179779,2859
5180328,2685
5180883,2453
5181434,2160
5181984,1914
5182535,1715
5183085,1513
5183636,1313
5184186,1125
5184738,957
5185287,815
5185837,688
5186387,564
5186937,528
5187488,531
5188038,571
5188588,637
5189138,746
5189687,873
5190237,1040
5190787,1222
5191338,1413
5191891,1818
5192442,2007
5192993,2214
5193544,2411
5194094,2603
5194644,2767
5195194,2919
5195745,3046
5196294,3162
5196849,3216
5197400,3248
5197950,3197
5198501,3119
5199051,2991
5199601,2855
5200152,2681
5200702,2513
5201252,2314
5201802,2119
5202353,1904
5202903,1638
5203454,1360
5204004,1127
5204555,958
5205105,813
5205655,688
5206206,598
5206756,555
5207306,528
5207860,570
5208410,640
5208961,743
5209511,870
5210061,1043
5210611,1219
5211161,1413
5211712,1614
5212262,1822
5212812,2007
5213363,2415
5213913,2603
5214463,2768
5215013,2917
5215563,3050
5216113,3159
5216664,3216
5217214,3249
5217764,3247
5218314,3199
5218869,3065
5219418,2859
5219968,2686
5220519,2515
5221069,2316
5221619,2117
5222169,1909
5222720,1717
5223271,1511
5223822,1315
5224373,1101
5224923,867
5225474,690
5226024,599
5226575,559
5227125,529
5227675,530
5228224,576
5228774,635
5229325,749
5229879,1044
5230429,1216
5230979,1412
5231529,1616
5232079,1818
5232630,2013
5233181,2211
5233731,2410
5234282,2603
5234832,2768
5235382,3054
5235932,3163
5236483,3221
5237033,3251
5237584,3248
5238134,3200
5238684,3119
5239234,2992
5239784,2861
5240334,2681
5240888,2439
5241438,2153
5241989,1911
5242538,1717
5243089,1520
5243639,1314
5244189,1129
5244743,960
5245292,813
5245847,688
5246398,557
5246948,528
5247497,530
5248047,571
5248597,638
5249147,750
5249698,868
5250248,1042
5250798,1223
5251348,1410
5251898,1814
5252448,2007
5252999,2214
5253549,2409
5254099,2599
5254650,2766
5255201,2917
5255751,3045
5256302,3159
5256856,3248
5257407,3248
5257957,3200
5258508,3122
5259058,2992
5259608,2858
5260158,2681
5260709,2512
5261259,2314
5261809,2115
5262360,1902
5262910,1622
5263460,1351
5264010,1126
5264560,953
5265110,814
5265660,689
5266210,601
5266761,555
5267310,528
5267864,573
5268414,637
5268964,746
5269515,869
5270065,1044
5270614,1217
5271164,1411
5271715,1616
5272265,1817
5272816,2011
5273367,2411
5273917,2603
5274468,2766
5275018,2919
5275569,3054
5276119,3161
5276670,3217
5277220,3251
5277770,3243
5278320,3200
5278874,3055
5279424,2859
5279974,2683
5280524,2514
5281074,2315
5281624,2122
5282174,1909
5282725,1718
5283277,1514
5283827,1317
5284376,1095
5284926,862
5285476,690
5286026,601
5286577,553
5287127,527
5287678,529
5288228,574
5288778,637
5289328,747
5289883,1046
5290434,1219
5290984,1412
5291535,1615
5292085,1817
5292636,2009
5293186,2213
5293738,2413
5294287,2601
5294837,2765
5295387,3053
5295937,3161
5296488,3223
5297038,3249
5297589,3248
5298139,3198
5298690,3118
5299240,2992
5299790,2858
5300340,2681
5300894,2428
5301443,2143
5301993,1910
5302543,1718
5303094,1518
5303644,1316
5304194,1126
5304745,957
5305294,813
5305849,689
5306400,555
5306950,528
5307501,529
5308051,569
5308602,640
5309152,745
5309704,872
5310254,1045
5310804,1219
5311354,1424
5311904,1819
5312455,2010
5313006,2212
5313556,2413
5314106,2601
5314657,2768
5315207,2924
5315757,3050
5316307,3157
5316861,3255
5317412,3248
5317962,3200
5318511,3115
5319061,2992
5319611,2863
5320161,2679
5320712,2514
5321262,2314
5321812,2115
5322362,1898
5322912,1621
5323463,1347
5324013,1126
5324563,955
5325113,811
5325664,688
5326213,599
5326763,558
5327313,528
5327867,573
5328417,635
5328968,745
5329517,871
5330067,1045
5330617,1222
5331167,1410
5331719,1615
5332270,1817
5332819,2007
5333370,2411
5333920,2603
5334470,2768
5335020,2917
5335570,3054
5336120,3158
5336670,3216
5337220,3249
5337770,3248
5338320,3200
5338874,3050
5339425,2859
5339975,2682
5340524,2515
5341074,2314
5341624,2112
5342174,1914
5342725,1717
5343275,1513
5343825,1316
5344376,1094
5344926,863
5345475,688
5346025,599
5346576,551
5347126,529
5347677,530
5348226,574
5348776,639
5349326,747
5349880,1045
5350430,1220
5350980,1413
5351531,1614
5352081,1815
5352630,2010
5353181,2213
5353732,2410
5354282,2599
5354833,2763
5355382,3051
5355932,3162
5356482,3216
5357032,3255
5357583,3248
5358133,3198
5358684,3118
5359235,2991
5359785,2858
5360335,2682
5360889,2441
5361440,2156
5361990,1914
5362541,1719
5363092,1514
5363641,1316
5364192,1126
5364742,957
5365292,815
5365846,690
5366396,558
5366946,528
5367496,528
5368046,576
5368596,639
5369146,746
5369696,869
5370246,1045
5370796,1221
5371347,1413
5371897,1818
5372448,2007
5372998,2214
5373549,2411
5374099,2602
5374650,2768
5375199,2916
5375750,3053
5376299,3159
5376853,3216
5377403,3248
5377953,3203
5378503,3120
5379053,2992
5379603,2859
5380153,2684
5380708,2515
5381259,2316
5381810,2117
5382360,1903
5382910,1621
5383461,1351
5384011,1127
5384562,953
5385112,812
5385663,691
5386212,597
5386763,556
5387313,527
5387867,570
5388418,640
5388968,748
5389517,867
5390067,1043
5390617,1219
5391168,1413
5391719,1616
5392270,1815
5392820,2006
5393371,2407
5393921,2605
5394470,2768
5395020,2919
5395570,3055
5396120,3158
5396670,3218
5397220,3253
5397770,3250
5398320,3198
5398874,3055
5399425,2857
5399975,2683
5400525,2512
5401076,2316
5401625,2114
5402175,1911
5402727,1714
5403278,1515
5403828,1318
5404378,1094
5404928,862
5405477,688
5406027,601
5406578,555
5407128,528
5407678,530
5408228,571
5408779,637
5409328,750
5409882,1044
5410433,1223
5410983,1415
5411534,1615
5412084,1822
5412633,2009
5413185,2215
5413735,2409
5414286,2603
5414836,2768
5415387,3055
5415937,3166
5416488,3218
5417038,3250
5417589,3248
5418139,3198
5418688,3120
5419239,2992
5419789,2855
5420338,2686
5420893,2430
5421442,2145
5421992,1909
5422542,1715
5423093,1511
5423643,1315
5424193,1126
5424745,959
5425295,812
5425850,691
5426400,551
5426950,527
5427501,530
5428051,573
5428601,636
5429151,745
5429703,876
5430252,1045
5430803,1219
5431354,1414
5431904,1817
5432454,2006
5433005,2214
5433555,2410
5434105,2601
5434656,2765
5435206,2922
5435756,3053
5436305,3157
5436859,3248
5437409,3248
5437959,3199
5438509,3121
5439059,2991
5439610,2858
5440160,2679
5440711,2516
5441261,2318
5441811,2117
5442361,1898
5442911,1621
5443462,1354
5444012,1128
5444562,958
5445112,812
5445662,689
5446212,599
5446763,550
5447313,533
5447867,570
5448417,638
5448967,745
5449517,867
5450067,1043
5450617,1217
5451167,1408
5451717,1616
5452268,1813
5452817,2007
5453368,2413
5453918,2601
5454468,2768
5455018,2919
5455569,3050
5456119,3159
5456670,3216
5457220,3248
5457770,3248
5458320,3197
5458874,3055
5459425,2861
5459975,2681
5460524,2517
5461074,2311
5461624,2119
5462174,1907
5462725,1719
5463276,1512
5463826,1319
5464377,1095
5464927,867
5465477,688
5466027,598
5466577,555
5467127,526
5467677,531
5468227,571
5468777,640
5469327,744
5469881,1043
5470432,1222
5470982,1409
5471531,1616
5472081,1815
5472631,2013
5473182,2218
5473734,2410
5474283,2598
5474833,2767
5475384,3055
5475934,3163
5476484,3216
5477034,3251
5477584,3247
5478134,3194
5478684,3119
5479234,2993
5479785,2861
5480334,2684
5480887,2448
5481437,2155
5481987,1909
5482537,1715
5483088,1515
5483639,1315
5484189,1131
5484744,957
5485293,814
5485848,692
5486398,555
5486948,528
5487497,529
5488047,573
5488597,640
5489147,742
5489699,874
5490249,1050
5490799,1219
5491349,1413
5491899,1820
5492449,2007
5493000,2214
5493551,2410
5494101,2601
5494651,2768
5495201,2916
5495754,3051
5496304,3161
5496858,3248
5497408,3248
5497958,3198
5498509,3120
5499059,2992
5499610,2860
5500160,2683
5500712,2513
5501261,2314
5501811,2123
5502361,1902
5502911,1623
5503462,1351
5504012,1125
5504563,955
5505113,811
5505663,693
5506212,604
5506763,557
5507313,528
5507867,573
5508417,637
5508968,745
5509517,869
5510067,1042
5510617,1220
5511167,1415
5511717,1615
5512267,1821
5512817,2005
5513369,2413
5513919,2601
5514468,2769
5515018,2923
5515569,3056
5516119,3161
5516670,3216
5517220,3249
5517770,3248
5518320,3200
5518874,3056
5519424,2861
5519974,2685
5520524,2514
5521074,2316
5521624,2117
5522174,1914
5522725,1715
5523276,1513
5523826,1316
5524376,1097
5524926,861
5525476,688
5526026,596
5526576,553
5527126,528
5527677,533
5528227,573
5528777,640
5529327,743
5529881,1044
5530432,1222
5530982,1415
5531531,1616
5532081,1817
5532631,2012
5533182,2217
5533734,2410
5534285,2603
5534835,2768
5535385,3056
5535935,3159
5536486,3222
5537036,3250
5537587,3248
5538137,3197
5538686,3120
5539237,2991
5539787,2863
5540338,2683
5540891,2438
5541441,2151
5541991,1911
5542542,1719
5543092,1519
5543643,1317
5544193,1131
5544744,956
5545294,812
5545849,695
5546400,554
5546950,528
5547499,530
5548049,571
5548599,638
5549149,747
5549700,873
5550251,1046
5550802,1223
5551353,1408
5551903,1819
5552454,2009
5553005,2213
5553554,2407
5554104,2605
5554655,2768
5555205,2918
5555755,3054
5556305,3162
5556859,3249
5557410,3249
5557960,3200
5558510,3120
5559060,2989
5559610,2861
5560160,2683
5560712,2514
5561262,2314
5561812,2122
5562362,1902
5562912,1622
5563463,1349
5564013,1122
5564563,959
5565113,813
5565664,695
5566214,599
5566764,556
5567314,528
5567868,573
5568419,638
5568969,743
5569520,867
5570070,1043
5570619,1217
5571169,1409
5571721,1614
5572271,1810
5572822,2007
5573373,2411
5573923,2607
5574474,2769
5575024,2918
5575575,3049
5576125,3153
5576676,3218
5577225,3250
5577776,3250
5578326,3194
5578880,3036
5579431,2855
5579981,2685
5580531,2512
5581081,2311
5581631,2119
5582181,1911
5582732,1715
5583284,1515
5583834,1313
5584383,1083
5584933,855
5585483,690
5586033,597
5586584,550
5587134,528
5587685,529
5588235,575
5588785,635
5589336,747
5589889,1046
5590439,1221
5590989,1412
5591538,1616
5592088,1816
5592638,2010
5593189,2213
5593743,2409
5594293,2599
5594848,2765
5595398,3056
5595948,3161
5596498,3218
5597049,3253
5597598,3251
5598148,3201
5598700,3119
5599250,2991
5599801,2855
5600351,2682
5600901,2418
5601450,2130
5602000,1909
5602551,1717
5603102,1514
5603652,1313
5604205,1125
5604756,956
5605305,813
5605859,688
5606409,550
5606959,528
5607509,528
5608059,567
5608610,637
5609160,748
5609712,875
5610261,1046
5610812,1222
5611362,1614
5611912,1813
5612462,2006
5613013,2215
5613563,2411
5614113,2599
5614664,2766
5615214,2917
5615765,3053
5616314,3159
5616868,3250
5617418,3248
5617968,3200
5618518,3118
5619068,2992
5619618,2855
5620168,2681
5620720,2518
5621271,2318
5621821,2122
5622372,1881
5622923,1607
5623472,1337
5624022,1126
5624572,951
5625122,813
5625672,688
5626223,603
5626774,557
5627324,529
5627879,573
5628428,635
5628978,745
5629528,868
5630078,1043
5630628,1220
5631178,1409
5631729,1616
5632279,1819
5632830,2012
5633380,2414
5633930,2602
5634481,2768
5635031,2916
5635582,3055
5636132,3155
5636683,3216
5637233,3253
5637783,3248
5638333,3201
5638887,3019
5639437,2855
5639988,2679
5640537,2513
5641087,2317
5641637,2115
5642187,1913
5642738,1718
5643290,1514
5643840,1316
5644389,1079
5644939,848
5645490,688
5646040,595
5646590,555
5647140,527
5647691,530
5648241,571
5648792,640
5649345,748
5649895,1041
5650446,1218
5650996,1411
5651545,1616
5652095,1819
5652645,2006
5653197,2214
5653747,2407
5654297,2603
5654851,2763
5655400,3054
5655950,3165
5656501,3218
5657051,3251
5657602,3245
5658152,3200
5658703,3118
5659252,2992
5659803,2861
5660353,2684
5660903,2416
5661453,2129
5662003,1910
5662553,1718
5663104,1514
5663655,1313
5664205,1130
5664755,957
5665305,814
5665859,687
5666409,553
5666959,527
5667509,528
5668059,573
5668610,634
5669160,745
5669711,873
5670261,1040
5670812,1219
5671362,1614
5671912,1819
5672462,2010
5673013,2211
5673562,2409
5674112,2601
5674663,2768
5675212,2918
5675763,3047
5676313,3159
5676867,3249
5677417,3249
5677967,3199
5678517,3119
5679067,2993
5679617,2853
5680167,2682
5680718,2512
5681267,2315
5681817,2118
5682367,1891
5682918,1611
5683468,1339
5684018,1125
5684569,952
5685119,811
5685670,690
5686220,602
5686770,554
5687320,528
5687874,570
5688425,637
5688975,746
5689524,874
5690074,1048
5690625,1223
5691175,1413
5691725,1617
5692275,1811
5692826,2010
5693376,2413
5693926,2606
5694476,2768
5695026,2922
5695576,3055
5696126,3158
5696677,3219
5697227,3249
5697777,3250
5698327,3200
5698882,3035
5699432,2858
5699982,2682
5700533,2513
5701083,2310
5701632,2115
5702182,1911
5702734,1715
5703285,1513
5703836,1313
5704387,1082
5704937,848
5705488,688
5706038,601
5706589,555
5707139,528
5707690,531
5708240,570
5708790,638
5709340,750
5709894,1044
5710443,1219
5710993,1413
5711543,1617
5712093,1817
5712644,2010
5713195,2215
5713745,2403
5714295,2597
5714849,2762
5715400,3051
5715950,3159
5716501,3216
5717051,3249
5717600,3248
5718150,3200
5718702,3120
5719252,2987
5719802,2854
5720353,2677
5720903,2416
5721454,2128
5722004,1914
5722555,1716
5723105,1515
5723655,1321
5724206,1127
5724756,959
5725305,812
5725859,688
5726410,556
5726960,528
5727509,529
5728059,573
5728610,635
5729160,746
5729711,870
5730261,1047
5730811,1224
5731361,1617
5731911,1817
5732461,2006
5733012,2218
5733562,2413
5734112,2597
5734663,2768
5735213,2921
5735763,3049
5736313,3159
5736867,3249
5737417,3248
5737968,3202
5738517,3117
5739067,2996
5739617,2862
5740167,2683
5740718,2515
5741267,2313
5741817,2117
5742367,1889
5742918,1616
5743468,1345
5744018,1127
5744569,956
5745119,810
5745670,690
5746220,601
5746770,553
5747320,529
5747874,565
5748425,639
5748975,749
5749524,871
5750075,1046
5750624,1218
5751174,1412
5751725,1611
5752275,1819
5752825,2010
5753376,2406
5753926,2603
5754476,2768
5755026,2918
5755576,3053
5756126,3158
5756677,3223
5757227,3248
5757777,3247
5758327,3201
5758881,3038
5759432,2861
5759982,2683
5760531,2515
5761081,2315
5761631,2119
5762181,1910
5762732,1717
5763284,1511
5763833,1315
5764383,1085
5764934,854
5765483,688
5766033,599
5766584,555
5767134,528
5767685,529
5768234,574
5768784,637
5769334,748
5769888,1042
5770438,1223
5770988,1415
5771539,1616
5772089,1813
5772639,2009
5773190,2215
5773743,2409
5774292,2599
5774847,2765
5775396,3055
5775946,3159
5776496,3221
5777046,3249
5777596,3247
5778146,3195
5778697,3119
5779246,2992
5779796,2859
5780347,2677
5780897,2425
5781448,2139
5781998,1915
5782549,1719
5783099,1514
5783650,1317
5784200,1127
5784750,952
5785300,815
5785854,688
5786405,554
5786955,527
5787504,532
5788054,574
5788604,638
5789154,748
5789707,867
5790258,1043
5790808,1222
5791359,1613
5791909,1815
5792460,2011
5793010,2218
5793561,2407
5794111,2605
5794660,2767
5795210,2919
5795761,3047
5796310,3152
5796864,3255
5797414,3249
5797964,3199
5798515,3120
5799065,2992
5799615,2853
5800166,2682
5800717,2515
5801266,2315
5801816,2117
5802367,1889
5802917,1616
5803468,1344
5804018,1127
5804569,956
5805119,812
5805670,689
5806219,599
5806769,554
5807319,528
5807873,573
5808424,637
5808974,752
5809523,870
5810073,1043
5810624,1223
5811174,1415
5811725,1615
5812274,1819
5812824,2011
5813376,2410
5813925,2607
5814475,2768
5815025,2921
5815576,3050
5816126,3157
5816677,3216
5817227,3249
5817777,3252
5818327,3195
5818881,3039
5819431,2858
5819981,2683
5820531,2513
5821081,2313
5821631,2115
5822181,1911
5822732,1722
5823282,1511
5823833,1318
5824382,1087
5824932,858
5825482,689
5826032,602
5826583,553
5827133,528
5827684,528
5828234,573
5828785,639
5829334,749
5829888,1042
5830439,1221
5830989,1414
5831540,1617
5832090,1815
5832639,2009
5833190,2215
5833742,2412
5834292,2602
5834847,2768
5835396,3055
5835946,3163
5836496,3221
5837046,3248
5837596,3247
5838146,3199
5838697,3115
5839247,2991
5839797,2859
5840348,2679
5840898,2423
5841449,2136
5841999,1909
5842549,1719
5843101,1515
5843650,1318
5844200,1129
5844751,956
5845301,815
5845855,691
5846406,553
5846956,528
5847506,528
5848056,570
5848606,634
5849156,743
5849710,873
5850259,1042
5850809,1220
5851360,1613
5851910,1814
5852461,2007
5853012,2215
5853562,2406
5854112,2599
5854663,2768
5855213,2917
5855763,3047
5856313,3155
5856867,3249
5857418,3249
5857968,3199
5858517,3120
5859067,2991
5859617,2858
5860167,2679
5860718,2514
5861268,2318
5861818,2117
5862369,1887
5862919,1613
5863469,1341
5864019,1128
5864569,957
5865119,814
5865670,691
5866219,603
5866769,557
5867319,530
5867873,574
5868423,631
5868973,749
5869524,870
5870074,1044
5870624,1221
5871174,1407
5871725,1611
5872275,1811
5872826,2007
5873376,2410
5873926,2600
5874476,2768
5875026,2918
5875576,3056
5876126,3161
5876677,3219
5877227,3253
5877777,3246
5878327,3200
5878881,3037
5879432,2864
5879982,2682
5880533,2513
5881083,2317
5881632,2116
5882182,1910
5882733,1722
5883284,1515
5883835,1316
5884386,1086
5884936,853
5885487,688
5886037,601
5886588,554
5887138,528
5887689,533
5888238,570
5888788,639
5889339,745
5889892,1043
5890442,1219
5890992,1411
5891543,1614
5892093,1814
5892643,2011
5893194,2213
5893745,2407
5894294,2599
5894849,2763
5895400,3053
5895950,3159
5896501,3219
5897051,3248
5897600,3249
5898150,3198
5898702,3120
5899252,2989
5899802,2857
5900353,2681
5900903,2416
5901454,2128
5902004,1914
5902555,1717
5903105,1514
5903656,1313
5904206,1127
5904756,956
5905306,815
5905860,685
5906410,551
5906960,529
5907510,528
5908060,570
5908611,635
5909161,743
5909713,870
5910264,1047
5910814,1217
5911363,1611
5911913,1815
5912463,2007
5913014,2212
5913564,2413
5914114,2603
5914664,2771
5915214,2918
5915764,3047
5916314,3155
5916868,3255
5917418,3249
5917968,3199
5918518,3120
5919068,2992
5919618,2859
5920168,2683
5920720,2514
5921271,2314
5921822,2118
5922372,1883
5922923,1610
5923473,1338
5924023,1129
5924573,957
5925123,813
5925673,688
5926223,601
5926774,550
5927325,529
5927879,569
5928430,639
5928980,743
5929530,870
5930080,1045
5930630,1217
5931180,1408
5931731,1616
5932280,1811
5932830,2007
5933381,2411
5933931,2603
5934481,2768
5935031,2917
5935582,3051
5936132,3158
5936683,3217
5937233,3248
5937783,3248
5938333,3200
5938887,3022
5939437,2859
5939987,2679
5940537,2512
5941087,2317
5941637,2118
5942187,1911
5942738,1717
5943290,1506
5943840,1315
5944389,1078
5944939,848
5945489,688
5946039,594
5946590,555
5947140,530
5947689,530
5948239,575
5948790,635
5949339,747
5949892,1045
5950442,1220
5950992,1411
5951542,1617
5952092,1814
5952643,2006
5953193,2215
5953743,2407
5954293,2605
5954848,2768
5955399,3055
5955949,3161
5956500,3216
5957050,3250
5957599,3248
5958149,3200
5958700,3120
5959250,2989
5959800,2859
5960351,2681
5960901,2423
5961450,2133
5962000,1914
5962550,1714
5963101,1514
5963651,1317
5964201,1130
5964754,957
5965304,816
5965858,688
5966408,556
5966958,528
5967508,528
5968058,574
5968608,640
5969158,741
5969709,868
5970259,1042
5970809,1222
5971360,1614
5971910,1821
5972459,2010
5973010,2217
5973560,2409
5974110,2601
5974661,2768
5975211,2919
5975761,3054
5976312,3162
5976866,3254
5977416,3250
5977966,3198
5978516,3115
5979066,2993
5979616,2855
5980166,2681
5980716,2513
5981266,2314
5981816,2116
5982367,1893
5982917,1616
5983468,1348
5984018,1125
5984567,951
5985117,813
5985667,694
5986218,602
5986767,558
5987318,528
5987872,573
5988422,634
5988972,745
5989523,869
5990073,1042
5990623,1218
5991173,1408
5991724,1615
5992274,1812
5992824,2009
5993376,2407
5993926,2601
5994476,2768
5995026,2918
5995576,3046
5996126,3162
5996677,3218
5997227,3249
5997778,3247
5998327,3200
5998881,3035
5999432,2858
5999982,2681
6000531,2514
6001081,2314
6001631,2123
6002181,1909
6002732,1719
6003284,1511
6003833,1315
6004383,1089
6004934,855
6005484,689
6006034,603
6006584,557
6007134,529
6007684,528
6008234,574
6008784,640
6009334,746
6009888,1042
6010439,1225
6010988,1411
6011538,1617
6012089,1813
6012639,2010
6013189,2214
6013742,2405
6014292,2598
6014846,2765
6015396,3055
6015946,3162
6016496,3217
6017046,3247
6017596,3249
6018146,3199
6018697,3120
6019247,2992
6019797,2857
6020348,2684
6020898,2427
6021449,2143
6021999,1909
6022550,1716
6023100,1514
6023650,1315
6024201,1129
6024751,957
6025301,815
6025855,688
6026406,553
6026956,528
6027507,532
6028057,570
6028608,634
6029158,742
6029709,870
6030259,1042
6030809,1220
6031360,1613
6031910,1811
6032461,2007
6033012,2212
6033561,2411
6034111,2600
6034662,2768
6035212,2918
6035763,3053
6036313,3157
6036867,3248
6037418,3248
6037968,3201
6038518,3121
6039069,2992
6039618,2859
6040168,2679
6040719,2517
6041269,2318
6041819,2115
6042369,1887
6042921,1610
6043470,1342
6044020,1127
6044571,958
6045121,815
6045672,690
6046223,599
6046773,553
6047322,529
6047876,570
6048427,638
6048977,747
6049528,871
6050078,1043
6050627,1218
6051178,1411
6051728,1615
6052278,1813
6052829,2010
6053379,2414
6053929,2608
6054480,2766
6055030,2921
6055580,3050
6056130,3162
6056680,3221
6057231,3248
6057781,3248
6058331,3195
6058886,3029
6059435,2861
6059985,2685
6060535,2514
6061085,2314
6061635,2117
6062186,1911
6062736,1713
6063287,1511
6063837,1313
6064388,1083
6064938,848
6065488,690
6066038,603
6066589,553
6067139,529
6067690,530
6068240,570
6068790,635
6069340,746
6069893,1040
6070443,1222
6070993,1411
6071543,1616
6072093,1814
6072644,2010
6073195,2215
6073746,2411
6074295,2599
6074849,2765
6075400,3050
6075950,3159
6076501,3221
6077051,3248
6077602,3248
6078152,3200
6078703,3120
6079253,2991
6079803,2859
6080354,2679
6080904,2416
6081454,2128
6082004,1910
6082555,1712
6083105,1509
6083656,1309
6084206,1129
6084756,955
6085306,813
6085860,688
6086410,553
6086960,528
6087510,530
6088060,576
6088611,636
6089160,749
6089712,877
6090261,1045
6090812,1218
6091362,1617
6091912,1815
6092462,2009
6093013,2213
6093563,2410
6094113,2605
6094663,2767
6095214,2921
6095763,3050
6096313,3164
6096867,3250
6097417,3248
6097967,3200
6098517,3121
6099067,2994
6099617,2853
6100167,2685
6100718,2517
6101268,2314
6101818,2123
6102369,1890
6102919,1616
6103469,1339
6104019,1126
6104569,956
6105119,811
6105669,692
6106219,602
6106769,554
6107319,528
6107873,573
6108423,634
6108973,747
6109523,869
6110073,1041
6110623,1222
6111173,1411
6111723,1615
6112273,1818
6112823,2010
6113373,2412
6113923,2603
6114474,2768
6115024,2921
6115575,3051
6116125,3154
6116676,3217
6117225,3249
6117776,3249
6118326,3198
6118880,3042
6119430,2863
6119980,2683
6120530,2513
6121080,2313
6121631,2119
6122181,1911
6122732,1715
6123282,1516
6123832,1316
6124382,1089
6124932,855
6125482,691
6126032,601
6126583,551
6127133,526
6127684,528
6128234,575
6128785,638
6129334,746
6129889,1043
6130439,1223
6130988,1410
6131538,1615
6132089,1819
6132638,2009
6133189,2215
6133743,2406
6134294,2599
6134849,2767
6135398,3054
6135948,3163
6136498,3221
6137048,3254
6137598,3248
6138148,3200
6138700,3116
6139251,2989
6139801,2854
6140352,2677
6140902,2415
6141453,2128
6142003,1910
6142553,1714
6143104,1515
6143655,1316
6144205,1124
6144755,958
6145305,814
6145859,688
6146409,551
6146959,528
6147509,528
6148059,573
6148610,639
6149160,742
6149711,874
6150261,1045
6150811,1221
6151361,1610
6151911,1813
6152461,2007
6153012,2215
6153562,2407
6154112,2598
6154662,2768
6155212,2917
6155763,3049
6156313,3158
6156867,3251
6157418,3248
6157968,3200
6158517,3118
6159067,2994
6159618,2861
6160168,2681
6160718,2513
6161268,2315
6161819,2118
6162369,1889
6162921,1611
6163470,1344
6164020,1124
6164570,954
6165120,814
6165671,689
6166221,601
6166771,559
6167321,529
6167875,574
6168426,637
6168976,743
6169527,872
6170077,1042
6170626,1221
6171176,1411
6171727,1613
6172277,1814
6172828,2010
6173378,2412
6173928,2601
6174479,2768
6175029,2919
6175579,3053
6176130,3161
6176679,3219
6177230,3248
6177780,3249
6178330,3200
6178884,3032
6179434,2859
6179984,2678
6180534,2515
6181084,2315
6181635,2118
6182185,1910
6182735,1719
6183286,1511
6183836,1315
6184387,1085
6184937,853
6185488,691
6186038,598
6186589,555
6187139,528
6187690,528
6188240,572
6188790,640
6189340,745
6189894,1044
6190443,1220
6190993,1411
6191543,1614
6192093,1814
6192643,2006
6193194,2215
6193745,2407
6194294,2602
6194849,2768
6195400,3054
6195950,3157
6196501,3222
6197051,3251
6197600,3248
6198150,3202
6198702,3119
6199252,2992
6199803,2858
6200354,2684
6200904,2415
6201455,2128
6202005,1911
6202556,1719
6203106,1514
6203657,1317
6204207,1127
6204757,955
6205307,816
6205861,688
6206411,551
6206961,527
6207512,529
6208062,569
6208612,633
6209162,742
6209713,869
6210264,1045
6210814,1218
6211365,1616
6211915,1814
6212466,2007
6213017,2211
6213567,2416
6214117,2601
6214668,2768
6215218,2918
6215768,3050
6216318,3159
6216872,3254
6217422,3249
6217972,3199
6218523,3120
6219073,2992
6219623,2854
6220173,2679
6220723,2514
6221273,2317
6221823,2115
6222374,1881
6222925,1607
6223475,1338
6224025,1125
6224576,955
6225126,815
6225677,688
6226227,602
6226777,553
6227327,528
6227881,571
6228432,637
6228982,749
6229533,877
6230083,1050
6230634,1219
6231184,1409
6231734,1616
6232284,1817
6232835,2010
6233386,2413
6233936,2600
6234486,2769
6235036,2919
6235587,3055
6236137,3159
6236687,3216
6237238,3251
6237788,3248
6238338,3199
6238891,3014
6239442,2859
6239992,2683
6240543,2513
6241093,2313
6241643,2117
6242193,1915
6242744,1722
6243295,1516
6243849,1316
6244400,1069
6244950,837
6245501,690
6246051,597
6246602,555
6247152,528
6247702,528
6248252,576
6248802,640
6249353,747
6249903,1046
6250453,1221
6251004,1413
6251553,1616
6252103,1822
6252653,2007
6253204,2215
6253754,2411
6254305,2601
6254859,2918
6255410,3053
6255960,3159
6256510,3217
6257060,3249
6257610,3247
6258160,3195
6258712,3118
6259261,2990
6259811,2859
6260361,2672
6260911,2403
6261461,2123
6262011,1911
6262562,1715
6263113,1516
6263664,1314
6264215,1125
6264765,955
6265314,812
6265868,678
6266418,554
6266968,528
6267518,531
6268068,575
6268619,637
6269169,743
6269720,867
6270270,1043
6270820,1219
6271371,1615
6271921,1819
6272471,2007
6273022,2220
6273572,2410
6274122,2599
6274672,2768
6275222,2919
6275772,3055
6276322,3158
6276877,3251
6277426,3248
6277976,3199
6278527,3120
6279077,2992
6279626,2861
6280177,2681
6280728,2512
6281277,2318
6281827,2116
6282378,1877
6282928,1602
6283479,1335
6284029,1125
6284578,951
6285128,810
6285678,688
6286228,601
6286779,554
6287328,531
6287884,574
6288435,637
6288985,744
6289535,871
6290085,1043
6290636,1223
6291186,1412
6291736,1616
6292286,1811
6292837,2010
6293387,2411
6293937,2603
6294488,2768
6295038,2922
6295589,3055
6296139,3158
6296690,3219
6297239,3251
6297790,3248
6298340,3198
6298893,3009
6299443,2857
6299993,2682
6300543,2513
6301093,2316
6301643,2119
6302193,1913
6302744,1714
6303295,1513
6303849,1317
6304400,1068
6304950,835
6305501,690
6306051,599
6306602,551
6307152,534
6307702,528
6308252,574
6308802,640
6309353,749
6309903,1041
6310454,1221
6311004,1415
6311555,1616
6312105,1818
6312656,2007
6313206,2217
6313756,2413
6314306,2603
6314860,2919
6315410,3052
6315960,3161
6316510,3217
6317060,3249
6317610,3245
6318160,3201
6318711,3120
6319262,2989
6319812,2857
6320361,2672
6320911,2402
6321461,2115
6322011,1909
6322562,1719
6323112,1515
6323663,1316
6324213,1126
6324763,957
6325313,815
6325867,681
6326417,554
6326967,528
6327517,533
6328067,573
6328618,639
6329168,749
6329719,869
6330268,1045
6330818,1221
6331368,1616
6331918,1821
6332469,2012
6333019,2215
6333569,2416
6334119,2599
6334670,2768
6335220,2922
6335770,3056
6336320,3155
6336874,3255
6337425,3250
6337975,3200
6338524,3123
6339074,2992
6339624,2860
6340174,2681
6340725,2512
6341276,2319
6341826,2118
6342375,1879
6342926,1603
6343476,1340
6344026,1126
6344576,955
6345126,815
6345677,694
6346227,601
6346777,555
6347327,529
6347881,572
6348431,638
6348981,743
6349531,869
6350082,1045
6350632,1221
6351182,1415
6351734,1616
6352284,1819
6352833,2006
6353385,2415
6353935,2605
6354486,2768
6355036,2921
6355586,3051
6356136,3161
6356687,3222
6357238,3249
6357788,3249
6358337,3200
6358891,3014
6359442,2858
6359992,2686
6360542,2514
6361092,2311
6361643,2117
6362193,1911
6362745,1723
6363295,1510
6363849,1315
6364400,1063
6364950,839
6365501,689
6366051,603
6366602,555
6367152,526
6367708,531
6368258,575
6368808,638
6369359,835
6369909,1043
6370459,1221
6371009,1417
6371559,1617
6372109,1817
6372659,2012
6373211,2214
6373761,2407
6374312,2599
6374866,2922
6375416,3053
6375966,3161
6376516,3218
6377066,3252
6377616,3249
6378166,3197
6378718,3120
6379269,2992
6379819,2858
6380370,2651
6380920,2385
6381470,2117
6382020,1908
6382570,1721
6383121,1517
6383671,1313
6384222,1126
6384772,960
6385321,815
6385875,673
6386426,549
6386976,528
6387527,531
6388077,571
6388626,639
6389176,746
6389727,870
6390278,1043
6390829,1221
6391378,1616
6391928,1819
6392479,2007
6393030,2214
6393579,2412
6394130,2601
6394679,2768
6395230,2918
6395779,3051
6396329,3156
6396884,3251
6397434,3249
6397984,3201
6398535,3119
6399085,2992
6399636,2860
6400185,2684
6400736,2512
6401286,2319
6401836,2118
6402387,1859
6402937,1588
6403488,1321
6404038,1125
6404588,954
6405139,816
6405689,693
6406238,599
6406788,557
6407339,528
6407892,574
6408443,637
6408993,749
6409543,867
6410093,1043
6410643,1218
6411193,1409
6411744,1616
6412294,1821
6412849,2006
6413400,2410
6413950,2605
6414500,2768
6415050,2919
6415600,3055
6416150,3161
6416702,3218
6417252,3251
6417802,3247
6418353,3195
6418903,2992
6419454,2858
6420004,2683
6420555,2512
6421105,2317
6421656,2113
6422206,1911
6422757,1722
6423307,1511
6423861,1310
6424412,1051
6424962,831
6425513,689
6426063,602
6426612,555
6427162,526
6427714,531
6428265,574
6428815,638
6429365,871
6429915,1043
6430466,1220
6431016,1411
6431565,1616
6432115,1822
6432665,2010
6433217,2211
6433768,2411
6434318,2604
6434873,2919
6435423,3054
6435973,3161
6436524,3223
6437074,3253
6437624,3248
6438174,3201
6438726,3120
6439276,2991
6439826,2857
6440376,2640
6440926,2375
6441476,2114
6442026,1911
6442576,1715
6443127,1511
6443677,1317
6444227,1126
6444777,953
6445327,812
6445881,662
6446432,550
6446981,528
6447531,528
6448081,575
6448631,639
6449181,747
6449732,869
6450282,1046
6450833,1220
6451382,1616
6451932,1820
6452483,2011
6453034,2215
6453584,2407
6454134,2598
6454684,2767
6455234,2915
6455784,3050
6456334,3161
6456888,3257
6457439,3248
6457989,3200
6458540,3120
6459090,2993
6459641,2859
6460191,2685
6460742,2512
6461292,2311
6461847,2115
6462396,1840
6462947,1572
6463497,1316
6464047,1126
6464597,958
6465147,814
6465699,688
6466250,602
6466800,555
6467349,531
6467899,572
6468450,637
6468999,751
6469549,871
6470099,1042
6470650,1223
6471201,1413
6471751,1616
6472301,1813
6472856,2006
6473407,2415
6473957,2605
6474508,2770
6475058,2918
6475609,3051
6476159,3157
6476711,3217
6477261,3249
6477811,3248
6478361,3185
6478911,2993
6479462,2861
6480012,2687
6480562,2513
6481113,2317
6481664,2119
6482213,1911
6482763,1716
6483314,1515
6483868,1297
6484419,1042
6484969,819
6485518,690
6486068,598
6486619,551
6487169,528
6487721,529
6488271,571
6488822,636
6489373,868
6489923,1044
6490474,1218
6491024,1409
6491574,1614
6492124,1815
6492673,2013
6493224,2215
6493774,2414
6494325,2601
6494879,2922
6495430,3054
6495980,3159
6496529,3225
6497079,3252
6497630,3249
6498180,3205
6498731,3120
6499281,2990
6499831,2860
6500381,2630
6500931,2366
6501481,2116
6502031,1911
6502582,1719
6503132,1513
6503682,1318
6504232,1130
6504782,958
6505332,813
6505886,656
6506436,551
6506986,525
6507537,530
6508087,573
6508636,638
6509186,746
6509737,871
6510287,1045
6510837,1219
6511388,1616
6511938,1815
6512488,2011
6513039,2219
6513589,2410
6514139,2602
6514690,2768
6515239,2923
6515789,3051
6516340,3155
6516893,3255
6517443,3248
6517993,3198
6518543,3119
6519093,2990
6519643,2859
6520193,2680
6520744,2514
6521294,2315
6521849,2115
6522400,1838
6522950,1577
6523501,1318
6524051,1125
6524602,957
6525152,811
6525704,689
6526254,601
6526805,553
6527354,528
6527904,571
6528455,639
6529005,747
6529556,869
6530106,1043
6530657,1218
6531207,1412
6531757,1616
6532307,1815
6532861,2210
6533413,2411
6533963,2602
6534512,2767
6535062,2920
6535612,3055
6536163,3157
6536713,3216
6537263,3250
6537814,3248
6538365,3177
6538915,2991
6539464,2851
6540014,2685
6540564,2516
6541114,2315
6541664,2117
6542215,1915
6542765,1717
6543315,1516
6543870,1297
6544419,1040
6544969,818
6545519,688
6546069,599
6546619,555
6547169,527
6547720,531
6548270,575
6548820,635
6549369,870
6549919,1043
6550469,1219
6551019,1410
6551570,1616
6552120,1814
6552671,2010
6553221,2214
6553771,2409
6554321,2599
6554875,2921
6555426,3055
6555976,3167
6556527,3221
6557077,3248
6557627,3246
6558177,3199
6558728,3119
6559278,2991
6559828,2856
6560378,2633
6560928,2370
6561478,2113
6562028,1911
6562578,1717
6563129,1510
6563679,1317
6564229,1131
6564779,957
6565330,812
6565885,657
6566435,555
6566986,528
6567535,529
6568085,571
6568636,639
6569186,748
6569738,867
6570287,1044
6570837,1219
6571387,1617
6571937,1818
6572488,2011
6573038,2213
6573589,2409
6574139,2603
6574690,2767
6575240,2917
6575790,3047
6576340,3161
6576894,3249
6577443,3249
6577993,3203
6578543,3118
6579093,2991
6579644,2859
6580194,2687
6580745,2510
6581294,2314
6581849,2114
6582400,1840
6582950,1573
6583501,1313
6584051,1126
6584601,955
6585151,812
6585702,689
6586252,599
6586803,555
6587352,532
6587902,573
6588452,635
6589003,745
6589552,870
6590102,1047
6590652,1219
6591205,1413
6591756,1618
6592306,1815
6592861,2211
6593411,2413
6593961,2607
6594511,2768
6595062,2923
6595611,3049
6596161,3161
6596713,3219
6597262,3249
6597812,3249
6598362,3184
6598912,2991
6599462,2857
6600012,2688
6600562,2512
6601112,2311
6601663,2114
6602213,1913
6602763,1715
6603314,1519
6603868,1296
6604418,1040
6604968,818
6605518,688
6606068,597
6606619,554
6607169,528
6607721,530
6608271,576
6608821,640
6609372,868
6609922,1045
6610471,1220
6611021,1413
6611571,1615
6612121,1809
6612671,2007
6613223,2211
6613773,2409
6614323,2605
6614877,2923
6615427,3053
6615977,3161
6616528,3218
6617078,3248
6617629,3245
6618179,3197
6618729,3115
6619279,2991
6619830,2859
6620380,2633
6620930,2366
6621481,2119
6622031,1913
6622582,1717
6623132,1511
6623682,1315
6624232,1126
6624782,960
6625332,814
6625885,658
6626435,551
6626985,528
6627536,532
6628086,570
6628637,638
6629187,748
6629739,870
6630289,1046
6630839,1218
6631389,1616
6631939,1818
6632489,2010
6633040,2216
6633590,2410
6634141,2603
6634690,2770
6635241,2919
6635791,3050
6636345,3159
6636895,3253
6637445,3250
6637995,3202
6638545,3118
6639095,2993
6639645,2857
6640195,2683
6640746,2515
6641295,2314
6641850,2118
6642399,1839
6642950,1571
6643501,1316
6644051,1126
6644602,960
6645152,811
6645703,688
6646253,602
6646803,554
6647353,529
6647903,573
6648454,642
6649004,750
6649555,877
6650105,1041
6650656,1221
6651206,1414
6651756,1616
6652306,1814
6652860,2211
6653412,2413
6653962,2603
6654513,2768
6655063,2922
6655614,3050
6656164,3153
6656714,3220
6657264,3248
6657815,3248
6658364,3183
6658914,2992
6659464,2851
6660015,2686
6660564,2515
6661114,2317
6661664,2119
6662214,1910
6662764,1715
6663315,1513
6663869,1296
6664420,1040
6664970,816
6665521,691
6666071,601
6666621,553
6667171,528
6667722,529
6668272,569
6668822,637
6669373,871
6669923,1049
6670474,1222
6671024,1413
6671574,1616
6672124,1817
6672673,2011
6673224,2210
6673775,2412
6674324,2597
6674879,2922
6675429,3054
6675979,3162
6676529,3216
6677079,3249
6677630,3252
6678180,3199
6678731,3120
6679282,2991
6679832,2859
6680383,2625
6680933,2366
6681482,2118
6682032,1910
6682583,1715
6683133,1514
6683684,1315
6684234,1127
6684785,957
6685334,815
6685889,656
6686439,551
6686989,530
6687538,528
6688088,568
6688638,640
6689188,749
6689743,877
6690292,1043
6690846,1224
6691396,1616
6691946,1817
6692496,2013
6693047,2218
6693598,2410
6694148,2605
6694699,2769
6695250,2922
6695800,3053
6696349,3158
6696899,3253
6697450,3250
6698000,3200
6698551,3119
6699101,2992
6699650,2863
6700201,2684
6700751,2516
6701301,2318
6701855,2118
6702406,1831
6702956,1563
6703507,1314
6704057,1125
6704606,955
6705156,810
6705709,691
6706259,602
6706809,553
6707360,528
6707910,574
6708461,639
6709011,750
6709562,868
6710112,1044
6710661,1223
6711211,1409
6711761,1616
6712312,1818
6712866,2217
6713416,2411
6713966,2603
6714516,2770
6715066,2917
6715616,3051
6716166,3159
6716717,3216
6717266,3251
6717817,3247
6718367,3172
6718917,2992
6719468,2855
6720018,2683
6720569,2514
6721119,2310
6721670,2117
6722220,1913
6722770,1713
6723321,1515
6723875,1287
6724426,1035
6724976,816
6725525,690
6726075,595
6726625,557
6727175,527
6727727,528
6728277,571
6728828,639
6729379,867
6729929,1041
6730478,1221
6731028,1416
6731579,1615
6732129,1814
6732679,2009
6733230,2212
6733781,2406
6734331,2594
6734886,2919
6735435,3054
6735985,3163
6736535,3219
6737085,3248
6737636,3248
6738186,3199
6738738,3120
6739287,2992
6739837,2858
6740387,2617
6740937,2353
6741488,2115
6742038,1907
6742589,1718
6743139,1515
6743690,1313
6744240,1130
6744790,955
6745340,810
6745893,650
6746443,551
6746993,528
6747544,534
6748094,575
6748645,640
6749195,743
6749745,873
6750295,1044
6750850,1220
6751400,1616
6751950,1817
6752501,2009
6753051,2215
6753602,2409
6754152,2599
6754703,2767
6755253,2918
6755803,3050
6756354,3155
6756904,3253
6757455,3249
6758005,3197
6758556,3119
6759106,2990
6759657,2855
6760207,2683
6760757,2517
6761307,2313
6761861,2112
6762412,1817
6762963,1554
6763514,1315
6764064,1127
6764613,953
6765163,811
6765715,688
6766265,603
6766816,555
6767365,528
6767915,572
6768465,638
6769015,746
6769565,867
6770115,1045
6770665,1218
6771215,1413
6771766,1616
6772317,1819
6772871,2214
6773422,2414
6773972,2605
6774522,2766
6775072,2922
6775623,3050
6776173,3158
6776724,3216
6777273,3249
6777823,3248
6778373,3152
6778923,2992
6779474,2858
6780024,2682
6780574,2517
6781123,2319
6781673,2117
6782224,1914
6782774,1717
6783325,1517
6783879,1283
6784429,1033
6784979,814
6785529,688
6786079,597
6786630,549
6787180,528
6787731,530
6788280,573
6788830,640
6789380,871
6789930,1044
6790481,1216
6791031,1412
6791582,1616
6792132,1815
6792682,2014
6793233,2214
6793783,2407
6794333,2605
6794887,2926
6795437,3053
6795987,3161
6796537,3217
6797087,3250
6797638,3250
6798188,3200
6798743,3119
6799293,2992
6799848,2858
6800398,2593
6800948,2338
6801497,2118
6802047,1911
6802597,1722
6803148,1511
6803700,1320
6804249,1128
6804800,960
6805349,811
6805899,646
6806449,557
6806999,529
6807550,529
6808100,570
6808650,642
6809201,748
6809751,874
6810301,1043
6810855,1219
6811406,1616
6811956,1821
6812506,2013
6813057,2214
6813606,2410
6814156,2603
6814709,2767
6815259,2921
6815809,3051
6816360,3173
6816910,3252
6817461,3249
6818011,3201
6818562,3120
6819112,2991
6819663,2855
6820212,2683
6820762,2515
6821312,2319
6821866,2103
6822416,1810
6822967,1535
6823517,1314
6824067,1123
6824617,959
6825167,810
6825717,691
6826267,597
6826817,558
6827367,529
6827917,567
6828468,635
6829018,746
6829569,871
6830119,1047
6830670,1221
6831220,1414
6831770,1616
6832320,1817
6832874,2218
6833426,2411
6833976,2598
6834525,2767
6835075,2919
6835625,3047
6836175,3157
6836726,3222
6837277,3248
6837828,3249
6838379,3136
6838929,2992
6839479,2859
6840029,2682
6840580,2515
6841130,2318
6841680,2118
6842230,1913
6842781,1718
6843331,1517
6843886,1277
6844436,1014
6844986,813
6845537,693
6846087,599
6846637,557
6847187,531
6847738,531
6848288,571
6848838,638
6849389,873
6849939,1042
6850488,1224
6851038,1408
6851589,1617
6852138,1818
6852688,2012
6853239,2214
6853789,2410
6854339,2604
6854892,2922
6855443,3056
6855993,3162
6856543,3219
6857093,3254
6857643,3248
6858193,3201
6858744,3118
6859295,2992
6859850,2858
6860399,2592
6860949,2335
6861500,2118
6862050,1913
6862599,1719
6863151,1515
6863702,1315
6864252,1128
6864802,957
6865353,815
6865903,640
6866454,555
6867004,528
6867555,530
6868105,574
6868655,638
6869205,745
6869755,870
6870306,1043
6870860,1225
6871409,1615
6871959,1817
6872509,2014
6873060,2218
6873610,2409
6874160,2597
6874712,2769
6875261,2922
6875811,3055
6876361,3215
6876911,3251
6877461,3248
6878011,3200
6878562,3119
6879112,2992
6879663,2859
6880213,2685
6880763,2513
6881313,2318
6881867,2103
6882417,1809
6882969,1535
6883518,1319
6884068,1125
6884618,953
6885168,809
6885718,692
6886268,602
6886818,555
6887368,529
6887918,573
6888468,638
6889018,750
6889569,871
6890119,1042
6890670,1217
6891219,1415
6891769,1616
6892320,1818
6892874,2218
6893425,2411
6893975,2602
6894525,2768
6895075,2923
6895625,3056
6896175,3155
6896725,3216
6897275,3250
6897825,3248
6898375,3149
6898925,2991
6899476,2858
6900026,2685
6900577,2513
6901127,2319
6901678,2119
6902228,1913
6902778,1719
6903329,1515
6903885,1279
6904434,1019
6904984,810
6905535,689
6906085,602
6906635,555
6907185,533
6907737,528
6908287,572
6908837,639
6909387,873
6909937,1045
6910488,1222
6911038,1413
6911589,1616
6912139,1817
6912689,2007
6913240,2213
6913790,2410
6914340,2602
6914893,2925
6915443,3055
6915993,3162
6916543,3219
6917093,3251
6917643,3248
6918193,3198
6918745,3120
6919295,2992
6919850,2855
6920399,2594
6920949,2339
6921500,2118
6922050,1911
6922599,1718
6923150,1515
6923702,1317
6924252,1126
6924803,958
6925354,813
6925904,640
6926455,554
6927005,528
6927556,530
6928106,571
6928657,638
6929207,746
6929757,874
6930307,1045
6930861,1413
6931412,1616
6931962,1818
6932511,2013
6933062,2218
6933613,2411
6934163,2602
6934713,2768
6935264,2919
6935814,3050
6936363,3218
6936913,3257
6937463,3245
6938013,3199
6938564,3120
6939114,2992
6939664,2859
6940214,2683
6940764,2517
6941314,2318
6941868,2100
6942419,1807
6942970,1535
6943519,1313
6944069,1132
6944620,957
6945170,810
6945720,693
6946270,605
6946821,557
6947371,532
6947921,570
6948471,634
6949021,747
6949571,874
6950122,1049
6950672,1218
6951223,1413
6951773,1616
6952322,1815
6952876,2217
6953427,2410
6953977,2603
6954528,2768
6955078,2922
6955629,3054
6956179,3159
6956730,3217
6957280,3251
6957830,3248
6958380,3136
6958930,2994
6959481,2855
6960031,2682
6960581,2513
6961132,2311
6961683,2117
6962232,1915
6962783,1722
6963333,1517
6963887,1269
6964437,1016
6964987,810
6965537,689
6966087,599
6966637,553
6967187,528
6967739,532
6968288,575
6968838,640
6969389,875
6969939,1042
6970488,1219
6971038,1413
6971589,1616
6972139,1819
6972690,2010
6973240,2212
6973790,2407
6974340,2596
6974894,2926
6975443,3053
6975993,3161
6976543,3226
6977093,3251
6977643,3245
6978193,3197
6978744,3119
6979294,2992
6979849,2858
6980400,2597
6980950,2333
6981501,2119
6982051,1914
6982602,1713
6983152,1513
6983704,1316
6984253,1129
6984803,957
6985353,814
6985903,638
6986454,551
6987004,527
6987555,529
6988105,575
6988656,638
6989206,746
6989756,874
6990306,1042
6990860,1277
6991410,1618
6991960,1811
6992510,2010
6993061,2215
6993611,2406
6994161,2603
6994712,2767
6995262,2917
6995813,3052
6996362,3218
6996912,3253
6997462,3248
6998012,3200
6998562,3122
6999112,2993
6999663,2861
7000212,2687
7000763,2514
7001312,2313
7001866,2107
7002416,1814
7002967,1535
7003517,1316
7004067,1127
7004617,957
7005167,810
7005718,693
7006268,599
7006818,551
7007368,528
7007918,571
7008468,639
7009018,748
7009569,870
7010119,1043
7010668,1216
7011218,1415
7011768,1616
7012318,1817
7012873,2218
7013423,2411
7013973,2604
7014524,2769
7015074,2922
7015623,3054
7016173,3163
7016723,3219
7017273,3250
7017823,3250
7018373,3155
7018923,2993
7019474,2862
7020024,2683
7020575,2519
7021125,2315
7021676,2113
7022226,1914
7022776,1719
7023327,1514
7023881,1281
7024431,1023
7024981,813
7025531,690
7026081,600
7026631,554
7027181,528
7027732,530
7028283,573
7028833,639
7029383,871
7029933,1047
7030483,1222
7031033,1410
7031583,1613
7032133,1819
7032684,2013
7033234,2215
7033784,2415
7034334,2606
7034887,2922
7035437,3051
7035987,3159
7036537,3223
7037087,3251
7037637,3254
7038187,3198
7038739,3120
7039289,2992
7039839,2859
7040389,2615
7040939,2352
7041489,2117
7042039,1911
7042590,1722
7043141,1511
7043690,1318
7044240,1126
7044790,957
7045340,815
7045893,650
7046443,549
7046993,528
7047543,529
7048093,571
7048644,634
7049194,748
7049745,873
7050294,1045
7050849,1223
7051400,1617
7051950,1818
7052501,2011
7053052,2214
7053603,2411
7054153,2599
7054707,2768
7055258,2918
7055808,3052
7056359,3154
7056909,3249
7057460,3248
7058010,3199
7058560,3118
7059110,2992
7059659,2857
7060210,2682
7060760,2521
7061310,2318
7061865,2111
7062414,1821
7062965,1535
7063516,1314
7064066,1127
7064616,958
7065166,811
7065717,693
7066267,601
7066817,557
7067367,530
7067917,574
7068468,634
7069018,746
7069568,869
7070118,1044
7070669,1218
7071218,1411
7071768,1614
7072318,1815
7072872,2218
7073423,2411
7073973,2605
7074523,2768
7075073,2918
7075623,3055
7076173,3157
7076724,3217
7077274,3250
7077824,3248
7078374,3152
7078924,2992
7079475,2858
7080025,2686
7080576,2514
7081126,2320
7081677,2121
7082227,1912
7082777,1719
7083328,1511
7083883,1280
7084434,1018
7084984,811
7085535,691
7086085,603
7086636,559
7087186,529
7087737,530
7088288,574
7088838,640
7089387,874
7089937,1045
7090488,1221
7091038,1411
7091589,1616
7092139,1818
7092690,2011
7093240,2217
7093790,2406
7094340,2601
7094894,2923
7095443,3056
7095993,3161
7096543,3221
7097093,3252
7097643,3248
7098193,3199
7098744,3117
7099294,2992
7099849,2856
7100400,2591
7100950,2335
7101501,2118
7102051,1911
7102602,1713
7103152,1516
7103703,1315
7104252,1127
7104802,957
7105353,811
7105903,640
7106454,551
7107004,528
7107555,528
7108105,571
7108655,639
7109205,747
7109755,870
7110306,1042
7110860,1219
7111409,1616
7111959,1818
7112510,2007
7113061,2221
7113611,2407
7114161,2604
7114713,2768
7115262,2919
7115812,3052
7116362,3215
7116912,3254
7117462,3247
7118012,3200
7118562,3120
7119112,2990
7119663,2859
7120212,2682
7120762,2514
7121313,2317
7121867,2103
7122417,1811
7122968,1535
7123518,1313
7124068,1127
7124618,957
7125168,811
7125719,689
7126270,598
7126819,559
7127369,529
7127919,572
7128469,635
7129019,743
7129569,866
7130119,1042
7130670,1219
7131220,1410
7131770,1616
7132320,1814
7132874,2215
7133426,2410
7133976,2607
7134525,2768
7135075,2918
7135625,3053
7136175,3161
7136726,3218
7137277,3248
7137827,3248
7138376,3152
7138926,2992
7139477,2859
7140027,2682
7140577,2512
7141127,2316
7141677,2118
7142227,1911
7142777,1719
7143328,1514
7143884,1280
7144434,1023
7144984,813
7145535,689
7146085,601
7146636,557
7147186,528
7147737,530
7148287,573
7148837,639
7149387,870
7149937,1043
7150488,1218
7151038,1409
7151589,1617
7152139,1815
7152690,2007
7153240,2213
7153790,2407
7154340,2599
7154894,2924
7155443,3054
7155993,3161
7156543,3217
7157093,3251
7157644,3249
7158193,3198
7158744,3120
7159294,2992
7159849,2860
7160400,2591
7160950,2334
7161501,2118
7162051,1911
7162601,1716
7163152,1514
7163703,1317
7164253,1127
7164803,958
7165353,813
7165903,642
7166454,550
7167004,527
7167555,528
7168105,573
7168655,640
7169205,749
7169756,870
7170306,1046
7170861,1231
7171410,1616
7171960,1817
7172510,2013
7173061,2217
7173611,2408
7174161,2601
7174713,2767
7175262,2922
7175812,3054
7176362,3216
7176912,3251
7177462,3249
7178012,3201
7178563,3117
7179113,2992
7179664,2858
7180214,2682
7180764,2512
7181314,2318
7181868,2102
7182419,1808
7182970,1535
7183519,1317
7184069,1125
7184619,957
7185169,807
7185720,692
7186270,603
7186821,559
7187371,528
7187921,573
7188471,635
7189021,747
7189572,875
7190122,1045
7190671,1218
7191222,1411
7191772,1616
7192321,1818
7192875,2218
7193427,2413
7193977,2607
7194528,2768
7195078,2923
7195628,3051
7196178,3158
7196728,3218
7197279,3248
7197829,3251
7198380,3141
7198930,2992
7199481,2859
7200031,2686
7200582,2512
7201132,2314
7201683,2115
7202232,1911
7202782,1717
7203333,1519
7203887,1270
7204437,1019
7204987,810
7205538,688
7206087,598
7206638,551
7207188,530
7207743,531
7208293,570
7208848,639
7209399,875
7209949,1043
7210498,1218
7211048,1410
7211598,1616
7212148,1813
7212699,2012
7213251,2214
7213802,2415
7214353,2603
7214903,2921
7215453,3056
7216003,3155
7216554,3217
7217104,3249
7217655,3249
7218205,3199
7218755,3120
7219305,2992
7219859,2853
7220410,2559
7220960,2317
7221510,2120
7222060,1910
7222611,1714
7223161,1513
7223712,1317
7224263,1126
7224813,960
7225362,809
7225912,627
7226462,560
7227012,528
7227563,529
7228113,570
7228662,638
7229212,745
7229762,865
7230312,1041
7230866,1411
7231417,1620
7231967,1818
7232516,2009
7233067,2215
7233617,2411
7234167,2601
7234719,2768
7235270,2917
7235820,3050
7236369,3221
7236919,3252
7237469,3248
7238019,3200
7238569,3120
7239119,2992
7239670,2859
7240220,2685
7240770,2515
7241320,2313
7241874,2093
7242425,1802
7242975,1527
7243525,1316
7244075,1125
7244625,955
7245175,810
7245726,689
7246277,598
7246826,556
7247376,530
7247926,573
7248476,638
7249026,749
7249577,870
7250127,1041
7250676,1219
7251226,1412
7251776,1616
7252326,1815
7252880,2215
7253432,2413
7253982,2601
7254531,2769
7255081,2923
7255631,3053
7256181,3162
7256732,3219
7257282,3248
7257833,3247
7258383,3123
7258933,2992
7259484,2857
7260034,2685
7260584,2513
7261134,2311
7261684,2115
7262234,1914
7262784,1717
7263335,1517
7263889,1270
7264440,1015
7264990,809
7265541,688
7266091,599
7266640,551
7267190,530
7267743,529
7268293,571
7268848,641
7269399,871
7269949,1042
7270498,1222
7271048,1410
7271598,1616
7272148,1819
7272699,2007
7273250,2214
7273801,2411
7274352,2598
7274902,2922
7275451,3051
7276001,3162
7276551,3221
7277101,3253
7277651,3250
7278201,3201
7278754,3120
7279304,2989
7279858,2855
7280408,2559
7280958,2320
7281509,2118
7282059,1907
7282610,1713
7283160,1515
7283711,1316
7284261,1126
7284811,958
7285361,815
7285911,629
7286461,551
7287011,528
7287562,528
7288112,574
7288663,639
7289213,746
7289763,871
7290313,1045
7290867,1415
7291417,1616
7291967,1819
7292518,2013
7293068,2217
7293618,2410
7294168,2602
7294719,2768
7295270,2924
7295820,3047
7296369,3222
7296919,3249
7297469,3248
7298019,3197
7298569,3118
7299119,2992
7299670,2860
7300219,2683
7300769,2515
7301319,2320
7301873,2094
7302423,1799
7302974,1534
7303524,1314
7304074,1129
7304624,957
7305174,815
7305725,689
7306275,602
7306825,554
7307375,528
7307925,572
7308476,639
7309026,743
7309577,868
7310127,1043
7310677,1219
7311227,1409
7311777,1614
7312327,1814
7312881,2218
7313433,2410
7313983,2606
7314533,2771
7315083,2922
7315632,3054
7316182,3158
7316733,3219
7317284,3251
7317834,3251
7318383,3126
7318933,2992
7319483,2859
7320033,2684
7320583,2517
7321133,2316
7321684,2123
7322234,1913
7322784,1718
7323336,1513
7323889,1271
7324440,1021
7324990,813
7325541,693
7326091,602
7326641,551
7327191,528
7327742,528
7328292,573
7328847,639
7329396,869
7329946,1043
7330497,1220
7331047,1414
7331596,1616
7332146,1811
7332697,2010
7333247,2214
7333797,2411
7334348,2601
7334898,2919
7335448,3054
7335998,3155
7336549,3218
7337099,3252
7337648,3248
7338198,3201
7338748,3116
7339299,2992
7339853,2860
7340403,2590
7340953,2331
7341503,2121
7342053,1911
7342604,1719
7343154,1511
7343707,1316
7344257,1129
7344807,957
7345358,814
7345907,635
7346457,550
7347007,528
7347557,531
7348107,574
7348657,639
7349207,749
7349757,871
7350307,1047
7350861,1237
7351412,1616
7351962,1814
7352513,2006
7353064,2211
7353614,2407
7354164,2598
7354715,2768
7355265,2916
7355815,3055
7356366,3223
7356916,3253
7357466,3246
7358016,3198
7358565,3120
7359115,2991
7359665,2859
7360216,2682
7360766,2513
7361315,2313
7361870,2098
7362419,1808
7362970,1535
7363521,1313
7364071,1123
7364621,950
7365171,807
7365722,691
7366273,601
7366823,557
7367374,528
7367924,570
7368475,635
7369025,748
7369576,870
7370126,1043
7370677,1218
7371227,1411
7371777,1615
7372327,1818
7372881,2219
7373433,2414
7373983,2606
7374533,2767
7375083,2918
7375633,3053
7376183,3159
7376735,3218
7377286,3253
7377837,3248
7378387,3120
7378937,2993
7379488,2861
7380038,2685
7380589,2513
7381139,2320
7381690,2119
7382240,1907
7382790,1718
7383345,1515
7383896,1261
7384445,1005
7384995,810
7385545,689
7386095,601
7386645,553
7387195,529
7387745,530
7388296,569
7388849,639
7389400,867
7389950,1042
7390501,1220
7391051,1412
7391601,1616
7392151,1815
7392702,2011
7393253,2211
7393803,2409
7394353,2601
7394903,2923
7395454,3054
7396004,3161
7396554,3222
7397104,3250
7397655,3250
7398206,3204
7398756,3120
7399305,2992
7399859,2858
7400410,2559
7400960,2322
7401509,2122
7402059,1913
7402610,1719
7403160,1511
7403711,1315
7404261,1125
7404811,954
7405362,813
7405912,630
7406461,556
7407011,528
7407562,530
7408112,571
7408662,637
7409212,747
7409762,870
7410312,1040
7410866,1414
7411416,1616
7411966,1819
7412516,2011
7413067,2213
7413617,2411
7414167,2598
7414718,2766
7415268,2917
7415818,3052
7416368,3219
7416918,3251
7417469,3245
7418019,3207
7418569,3119
7419119,2992
7419670,2859
7420220,2679
7420770,2512
7421320,2317
7421874,2093
7422425,1805
7422976,1533
7423525,1314
7424075,1126
7424626,955
7425176,814
7425727,690
7426278,603
7426828,557
7427378,528
7427928,569
7428478,639
7429028,745
7429578,873
7430128,1041
7430678,1219
7431228,1414
7431778,1616
7432328,1815
7432883,2218
7433435,2411
7433985,2603
7434534,2768
7435084,2921
7435635,3055
7436185,3162
7436735,3217
7437286,3249
7437837,3248
7438388,3120
7438938,2992
7439488,2857
7440038,2686
7440589,2514
7441139,2313
7441690,2119
7442239,1911
7442790,1721
7443340,1515
7443893,1265
7444443,1008
7444993,814
7445543,691
7446093,599
7446643,555
7447193,529
7447744,528
7448294,576
7448849,640
7449400,870
7449950,1040
7450501,1223
7451051,1409
7451602,1616
7452152,1811
7452704,2009
7453254,2214
7453804,2411
7454354,2598
7454904,2927
7455455,3052
7456005,3158
7456556,3217
7457106,3251
7457657,3247
7458207,3198
7458757,3117
7459307,2993
7459861,2861
7460411,2559
7460961,2318
7461511,2114
7462061,1914
7462611,1717
7463162,1514
7463713,1316
7464264,1131
7464814,953
7465364,809
7465914,628
7466464,553
7467014,529
7467564,528
7468114,570
7468664,638
7469214,746
7469764,870
7470314,1043
7470868,1410
7471419,1617
7471969,1818
7472518,2014
7473070,2213
7473619,2410
7474170,2599
7474720,2768
7475270,2918
7475820,3052
7476371,3222
7476921,3253
7477471,3249
7478021,3205
7478571,3118
7479121,2990
7479672,2857
7480221,2683
7480771,2513
7481321,2315
7481875,2092
7482426,1798
7482976,1535
7483527,1317
7484076,1123
7484626,954
7485176,816
7485727,689
7486278,599
7486828,554
7487378,527
7487928,573
7488477,640
7489027,746
7489577,871
7490127,1043
7490678,1222
7491227,1413
7491777,1615
7492327,1815
7492881,2217
7493433,2411
7493983,2602
7494533,2767
7495083,2917
7495633,3053
7496183,3161
7496734,3217
7497284,3248
7497835,3248
7498385,3125
7498935,2990
7499486,2857
7500036,2682
7500587,2515
7501137,2316
7501686,2119
7502237,1907
7502788,1717
7503339,1510
7503892,1271
7504442,1011
7504992,811
7505543,689
7506093,602
7506643,551
7507193,528
7507744,533
7508294,574
7508849,638
7509400,869
7509950,1043
7510501,1219
7511051,1414
7511602,1615
7512152,1813
7512702,2007
7513253,2214
7513803,2407
7514353,2601
7514903,2923
7515454,3055
7516004,3157
7516555,3221
7517105,3250
7517656,3246
7518206,3201
7518756,3120
7519306,2992
7519860,2858
7520410,2559
7520960,2320
7521510,2114
7522060,1913
7522610,1715
7523161,1511
7523713,1315
7524262,1127
7524812,957
7525363,814
7525913,637
7526463,550
7527013,528
7527563,530
7528113,571
7528664,640
7529214,746
7529764,873
7530314,1042
7530868,1410
7531419,1615
7531969,1813
7532518,2009
7533069,2215
7533619,2410
7534170,2599
7534720,2768
7535271,2923
7535821,3053
7536372,3222
7536922,3251
7537473,3248
7538023,3198
7538572,3117
7539122,2993
7539672,2863
7540223,2685
7540773,2517
7541324,2314
7541878,2086
7542429,1793
7542980,1527
7543530,1312
7544080,1127
7544630,955
7545180,812
7545731,694
7546280,601
7546830,555
7547380,528
7547930,574
7548481,637
7549031,742
7549582,865
7550132,1042
7550683,1219
7551232,1414
7551783,1616
7552333,1815
7552887,2217
7553439,2413
7553989,2601
7554538,2768
7555088,2919
7555638,3051
7556188,3163
7556743,3219
7557293,3249
7557848,3245
7558398,3116
7558948,2991
7559498,2862
7560048,2683
7560598,2514
7561148,2315
7561700,2121
7562250,1912
7562801,1720
7563352,1515
7563902,1257
7564452,1004
7565002,815
7565551,689
7566101,601
7566652,554
7567202,528
7567752,532
7568303,576
7568857,640
7569406,873
7569956,1042
7570507,1219
7571057,1411
7571608,1616
7572158,1815
7572709,2010
7573260,2215
7573810,2410
7574361,2598
7574911,2923
7575461,3051
7576011,3162
7576562,3223
7577112,3251
7577663,3249
7578213,3199
7578763,3120
7579313,2992
7579867,2839
7580418,2554
7580968,2313
7581518,2114
7582068,1916
7582619,1721
7583170,1510
7583720,1317
7584271,1129
7584821,959
7585372,799
7585922,621
7586471,554
7587021,527
7587571,533
7588121,572
7588671,637
7589221,747
7589771,870
7590321,1043
7590875,1414
7591426,1616
7591976,1815
7592525,2009
7593076,2214
7593626,2410
7594177,2597
7594728,2765
7595279,2914
7595829,3047
7596380,3223
7596930,3251
7597481,3248
7598031,3197
7598582,3120
7599132,2991
7599683,2862
7600233,2682
7600783,2515
7601333,2316
7601887,2069
7602437,1781
7602988,1516
7603538,1314
7604088,1127
7604638,957
7605188,811
7605744,692
7606294,597
7606849,555
7607400,529
7607950,570
7608501,640
7609051,749
7609602,869
7610152,1043
7610707,1219
7611257,1408
7611808,1616
7612359,1814
7612909,2218
7613461,2411
7614011,2603
7614561,2770
7615111,2923
7615662,3047
7616211,3162
7616761,3217
7617311,3248
7617865,3233
7618416,3119
7618966,2989
7619516,2857
7620066,2685
7620616,2513
7621166,2315
7621716,2119
7622266,1915
7622816,1721
7623367,1503
7623917,1232
7624468,980
7625018,813
7625569,691
7626119,602
7626670,559
7627220,528
7627770,534
7628320,574
7628874,745
7629425,869
7629975,1042
7630524,1217
7631074,1411
7631624,1615
7632174,1814
7632726,2012
7633276,2211
7633827,2405
7634376,2767
7634926,2921
7635476,3051
7636026,3156
7636576,3218
7637126,3250
7637677,3248
7638227,3199
7638778,3119
7639327,2990
7639881,2811
7640432,2530
7640982,2315
7641533,2118
7642083,1913
7642633,1713
7643185,1509
7643735,1319
7644285,1127
7644835,956
7645386,781
7645936,608
7646487,556
7647037,529
7647587,528
7648137,571
7648688,638
7649237,747
7649787,870
7650337,1043
7650891,1414
7651441,1616
7651991,1813
7652542,2012
7653093,2212
7653642,2407
7654192,2598
7654743,2767
7655293,2916
7655848,3054
7656398,3223
7656948,3253
7657498,3249
7658048,3199
7658598,3119
7659148,2994
7659699,2861
7660250,2687
7660799,2518
7661349,2316
7661899,2038
7662449,1763
7663001,1513
7663550,1312
7664100,1123
7664650,953
7665201,813
7665751,690
7666301,598
7666855,555
7667405,531
7667955,570
7668506,638
7669056,744
7669605,867
7670155,1042
7670708,1220
7671259,1409
7671809,1616
7672360,1817
7672910,2215
7673461,2411
7674011,2601
7674562,2768
7675112,2921
7675663,3050
7676212,3156
7676762,3221
7677312,3250
7677866,3235
7678417,3119
7678967,2990
7679517,2859
7680068,2683
7680617,2512
7681167,2311
7681718,2123
7682269,1911
7682819,1719
7683371,1494
7683921,1225
7684470,976
7685020,811
7685570,690
7686120,598
7686670,555
7687220,528
7687770,533
7688320,572
7688874,745
7689425,867
7689975,1042
7690525,1218
7691075,1413
7691625,1616
7692175,1815
7692726,2006
7693277,2215
7693828,2409
7694377,2769
7694927,2924
7695477,3052
7696027,3158
7696577,3217
7697127,3248
7697677,3248
7698227,3200
7698777,3119
7699327,2992
7699881,2805
7700432,2527
7700982,2315
7701531,2119
7702082,1915
7702631,1718
7703182,1515
7703733,1319
7704284,1127
7704834,957
7705383,784
7705934,608
7706483,557
7707033,527
7707584,532
7708134,574
7708684,637
7709234,747
7709784,869
7710334,1040
7710889,1412
7711440,1616
7711990,1814
7712541,2007
7713092,2212
7713641,2406
7714191,2601
7714742,2767
7715293,2920
7715848,3054
7716399,3219
7716949,3254
7717500,3251
7718050,3198
7718601,3119
7719151,2991
7719701,2859
7720251,2681
7720802,2517
7721351,2317
7721901,2039
7722451,1759
7723002,1509
7723553,1314
7724103,1127
7724653,956
7725203,812
7725754,694
7726304,602
7726858,554
7727408,528
7727958,571
7728508,635
7729058,749
7729609,868
7730159,1041
7730709,1223
7731259,1413
7731809,1616
7732360,1815
7732910,2217
7733461,2412
7734011,2599
7734562,2768
7735112,2920
7735663,3051
7736213,3159
7736763,3217
7737313,3248
7737867,3223
7738418,3120
7738968,2992
7739518,2859
7740068,2685
7740618,2512
7741168,2310
7741720,2118
7742271,1914
7742822,1721
7743373,1493
7743923,1228
7744474,976
7745024,811
7745574,688
7746123,597
7746673,551
7747224,528
7747774,528
7748325,571
7748879,747
7749429,875
7749979,1049
7750529,1219
7751079,1413
7751630,1615
7752180,1814
7752731,2011
7753281,2215
7753831,2411
7754381,2771
7754932,2923
7755481,3055
7756031,3162
7756582,3218
7757132,3254
7757682,3248
7758232,3199
7758783,3120
7759333,2992
7759887,2795
7760437,2515
7760987,2314
7761537,2115
7762087,1913
7762637,1721
7763188,1510
7763743,1319
7764293,1129
7764848,958
7765398,768
7765948,599
7766499,554
7767049,528
7767599,528
7768149,573
7768700,637
7769251,748
7769801,871
7770352,1046
7770902,1413
7771452,1617
7772002,1815
7772552,2013
7773103,2215
7773653,2413
7774203,2605
7774754,2767
7775305,2919
7775859,3047
7776409,3219
7776959,3250
7777509,3253
7778059,3201
7778610,3119
7779160,2994
7779712,2859
7780261,2682
7780811,2512
7781361,2313
7781911,2025
7782461,1747
7783012,1516
7783562,1312
7784112,1124
7784663,953
7785213,815
7785763,692
7786313,598
7786867,546
7787417,530
7787968,572
7788517,635
7789067,743
7789617,868
7790167,1042
7790718,1218
7791268,1413
7791818,1616
7792368,2006
7792919,2219
7793469,2410
7794019,2602
7794569,2768
7795119,2917
7795670,3053
7796220,3155
7796770,3217
7797320,3249
7797874,3211
7798424,3120
7798974,2992
7799525,2859
7800075,2688
7800624,2515
7801174,2315
7801726,2118
7802277,1914
7802826,1718
7803377,1488
7803927,1219
7804477,973
7805027,813
7805578,690
7806128,601
7806678,551
7807228,529
7807778,528
7808328,576
7808883,751
7809434,865
7809984,1043
7810535,1218
7811085,1413
7811636,1615
7812186,1821
7812737,2011
7813288,2210
7813838,2407
7814389,2770
7814939,2919
7815488,3049
7816038,3159
7816589,3218
7817139,3249
7817690,3253
7818240,3202
7818790,3118
7819340,2992
7819894,2783
7820443,2515
7820993,2311
7821543,2121
7822093,1915
7822643,1719
7823194,1510
7823746,1313
7824297,1129
7824849,955
7825399,764
7825949,599
7826500,554
7827049,528
7827600,528
7828150,571
7828703,635
7829252,746
7829802,867
7830353,1045
7830903,1418
7831454,1616
7832004,1819
7832555,2010
7833106,2215
7833656,2411
7834206,2606
7834756,2768
7835305,2923
7835859,3053
7836409,3222
7836959,3251
7837510,3248
7838060,3200
7838610,3118
7839160,2991
7839711,2859
7840261,2679
7840811,2515
7841361,2314
7841911,2027
7842461,1744
7843012,1516
7843562,1309
7844112,1123
7844663,957
7845213,813
7845763,689
7846313,602
7846867,550
7847417,528
7847967,573
7848517,635
7849067,747
7849617,871
7850167,1043
7850718,1219
7851267,1413
7851817,1615
7852368,2010
7852918,2222
7853469,2405
7854019,2602
7854569,2765
7855119,2919
7855670,3053
7856220,3158
7856770,3218
7857320,3250
7857874,3215
7858425,3120
7858975,2992
7859525,2860
7860075,2685
7860625,2512
7861175,2317
7861726,2117
7862276,1914
7862826,1715
7863378,1488
7863928,1220
7864477,973
7865028,811
7865577,688
7866127,601
7866677,555
7867227,530
7867778,528
7868328,571
7868883,745
7869434,868
7869984,1045
7870535,1221
7871085,1409
7871636,1616
7872186,1814
7872738,2009
7873288,2209
7873838,2409
7874388,2768
7874938,2917
7875489,3055
7876039,3155
7876590,3219
7877140,3252
7877689,3247
7878239,3201
7878789,3119
7879339,2991
7879892,2784
7880442,2512
7880992,2315
7881542,2118
7882092,1910
7882643,1719
7883193,1516
7883744,1317
7884295,1130
7884849,955
7885400,763
7885950,602
7886501,553
7887051,528
7887602,529
7888152,570
7888703,635
7889253,743
7889803,871
7890353,1045
7890903,1412
7891454,1616
7892004,1815
7892555,2011
7893106,2215
7893656,2412
7894206,2601
7894756,2768
7895306,2922
7895860,3049
7896410,3221
7896960,3248
7897510,3253
7898060,3201
7898610,3117
7899160,2992
7899712,2860
7900263,2686
7900813,2515
7901362,2310
7901912,2017
7902462,1743
7903013,1510
7903563,1319
7904113,1126
7904664,959
7905214,814
7905765,689
7906315,599
7906869,547
7907420,529
7907970,575
7908520,640
7909070,743
7909621,870
7910171,1042
7910722,1219
7911271,1413
7911821,1616
7912372,2010
7912923,2214
7913472,2413
7914023,2602
7914572,2768
7915122,2921
7915672,3055
7916222,3159
7916772,3219
7917322,3253
7917876,3209
7918427,3122
7918977,2992
7919528,2861
7920078,2679
7920629,2514
7921179,2306
7921730,2115
7922279,1914
7922829,1721
7923380,1481
7923930,1216
7924481,969
7925031,809
7925582,691
7926132,601
7926683,557
7927233,528
7927783,529
7928333,570
7928887,750
7929437,869
7929987,1042
7930537,1219
7931087,1411
7931638,1616
7932188,1821
7932743,2011
7933293,2218
7933848,2411
7934399,2768
7934949,2923
7935500,3054
7936050,3161
7936601,3222
7937151,3248
7937702,3246
7938252,3196
7938802,3120
7939353,2990
7939903,2757
7940453,2514
7941004,2315
7941554,2118
7942104,1912
7942653,1719
7943204,1509
7943754,1318
7944305,1126
7944859,960
7945409,752
7945959,597
7946510,554
7947060,528
7947610,529
7948160,569
7948712,638
7949261,746
7949811,873
7950362,1041
7950912,1409
7951462,1618
7952012,1819
7952562,2011
7953113,2214
7953664,2411
7954214,2603
7954764,2768
7955314,2917
7955868,3160
7956418,3220
7956968,3253
7957518,3252
7958068,3202
7958618,3120
7959168,2992
7959719,2859
7960270,2678
7960820,2515
7961369,2301
7961919,2007
7962469,1734
7963020,1511
7963570,1316
7964120,1126
7964671,957
7965220,816
7965770,691
7966320,602
7966874,542
7967425,528
7967975,573
7968525,636
7969075,747
7969626,874
7970176,1045
7970727,1220
7971276,1410
7971827,1613
7972378,2013
7972929,2218
7973479,2410
7974029,2602
7974579,2768
7975130,2919
7975679,3051
7976230,3161
7976781,3222
7977331,3251
7977886,3205
7978436,3121
7978986,2991
7979536,2859
7980087,2683
7980637,2514
7981187,2313
7981739,2114
7982289,1915
7982839,1719
7983390,1472
7983940,1200
7984491,960
7985041,810
7985590,692
7986140,603
7986691,553
7987241,530
7987791,531
7988345,576
7988895,743
7989446,870
7989996,1043
7990545,1221
7991095,1413
7991645,1617
7992195,1816
7992746,2013
7993296,2215
7993849,2413
7994399,2768
7994949,2923
7995500,3054
7996050,3162
7996599,3221
7997150,3252
7997700,3248
7998251,3197
7998802,3120
7999353,2992
7999903,2759
8000453,2515
8001003,2319
8001552,2116
8002102,1908
8002652,1722
8003203,1510
8003753,1322
8004304,1126
8004858,957
8005408,752
8005958,601
8006508,553
8007058,528
8007609,528
8008159,571
8008711,638
8009260,744
8009810,869
8010360,1042
8010910,1415
8011461,1616
8012011,1815
8012562,2010
8013113,2213
8013662,2413
8014212,2605
8014762,2768
8015312,2919
8015866,3156
8016417,3218
8016967,3254
8017517,3248
8018068,3200
8018617,3120
8019167,2992
8019718,2859
8020268,2683
8020818,2513
8021368,2301
8021918,2011
8022469,1735
8023019,1514
8023569,1316
8024119,1127
8024670,959
8025220,815
8025770,689
8026320,603
8026874,541
8027424,531
8027974,568
8028524,640
8029074,750
8029624,871
8030174,1045
8030725,1221
8031275,1411
8031825,1616
8032376,2011
8032927,2218
8033476,2413
8034026,2601
8034576,2768
8035126,2919
8035677,3055
8036227,3158
8036777,3215
8037327,3248
8037881,3200
8038432,3115
8038982,2993
8039533,2859
8040083,2679
8040632,2515
8041182,2317
8041734,2115
8042285,1907
8042835,1719
8043385,1475
8043935,1206
8044485,961
8045035,811
8045586,689
8046136,599
8046687,554
8047238,529
8047789,529
8048340,574
8048893,747
8049443,874
8049993,1043
8050543,1219
8051093,1413
8051643,1616
8052193,1817
8052745,2011
8053295,2215
8053850,2405
8054401,2770
8054951,2927
8055502,3056
8056052,3159
8056603,3218
8057153,3255
8057707,3248
8058257,3205
8058808,3120
8059359,2990
8059909,2746
8060460,2514
8061010,2313
8061561,2119
8062111,1917
8062660,1713
8063211,1515
8063762,1315
8064311,1127
8064865,954
8065415,750
8065965,597
8066515,555
8067065,529
8067616,529
8068166,573
8068716,638
8069266,742
8069816,871
8070367,1219
8070917,1415
8071468,1611
8072018,1817
8072568,2010
8073119,2213
8073668,2413
8074218,2599
8074768,2768
8075319,2918
8075873,3159
8076423,3221
8076973,3251
8077524,3248
8078074,3200
8078625,3120
8079175,2991
8079727,2855
8080277,2687
8080828,2517
8081379,2282
8081929,1995
8082479,1721
8083029,1513
8083579,1313
8084129,1127
8084679,957
8085230,812
8085780,690
8086329,601
8086885,530
8087435,531
8087985,571
8088536,640
8089086,749
8089636,870
8090186,1041
8090738,1221
8091287,1411
8091837,1615
8092388,2013
8092939,2215
8093488,2410
8094038,2602
8094588,2768
8095138,2922
8095689,3049
8096238,3157
8096789,3216
8097340,3248
8097894,3199
8098443,3121
8098993,2992
8099543,2855
8100093,2681
8100643,2515
8101193,2315
8101744,2118
8102294,1909
8102849,1722
8103400,1453
8103950,1190
8104501,957
8105051,812
8105601,690
8106151,599
8106702,551
8107252,529
8107802,531
8108353,577
8108903,747
8109454,871
8110004,1047
8110555,1223
8111105,1412
8111656,1616
8112206,1818
8112756,2015
8113307,2218
8113861,2405
8114412,2769
8114962,2919
8115513,3055
8116063,3158
8116614,3216
8117164,3248
8117715,3247
8118265,3198
8118816,3117
8119367,2981
8119917,2730
8120468,2514
8121018,2315
8121569,2117
8122119,1909
8122670,1717
8123220,1513
8123770,1318
8124320,1127
8124874,944
8125424,740
8125974,602
8126525,554
8127075,528
8127624,529
8128174,571
8128725,637
8129275,747
8129825,870
8130375,1217
8130925,1409
8131476,1614
8132026,1814
8132576,2010
8133127,2219
8133677,2410
8134227,2601
8134777,2768
8135327,2918
8135881,3163
8136432,3220
8136982,3251
8137531,3248
8138081,3201
8138632,3120
8139182,2992
8139733,2863
8140284,2679
8140833,2514
8141383,2274
8141934,1984
8142484,1718
8143035,1515
8143586,1313
8144136,1127
8144687,955
8145238,816
8145788,691
8146338,601
8146891,528
8147441,531
8147991,572
8148542,639
8149092,746
8149643,869
8150193,1041
8150744,1221
8151294,1411
8151849,1615
8152400,2012
8152950,2213
8153501,2410
8154051,2601
8154601,2768
8155151,2922
8155702,3051
8156252,3164
8156802,3217
8157353,3251
8157903,3201
8158454,3120
8159004,2992
8159553,2859
8160103,2685
8160653,2515
8161205,2313
8161756,2118
8162306,1915
8162861,1725
8163412,1436
8163962,1175
8164513,957
8165063,815
8165612,689
8166162,598
8166713,557
8167264,528
8167814,529
8168363,573
8168913,747
8169463,870
8170013,1045
8170563,1222
8171113,1412
8171664,1615
8172215,1818
8172765,2010
8173316,2217
8173870,2608
8174421,2768
8174971,2922
8175522,3055
8176072,3162
8176623,3223
8177173,3248
8177723,3248
8178273,3199
8178823,3120
8179374,2966
8179924,2716
8180475,2513
8181025,2313
8181576,2121
8182126,1915
8182677,1722
8183227,1513
8183777,1311
8184327,1127
8184881,934
8185432,733
8185982,603
8186531,556
8187081,526
8187631,531
8188181,572
8188732,636
8189282,750
8189832,873
8190382,1219
8190932,1410
8191483,1616
8192033,1820
8192583,2013
8193134,2215
8193685,2408
8194235,2603
8194785,2768
8195335,2922
8195889,3162
8196440,3220
8196990,3250
8197541,3248
8198091,3198
8198642,3118
8199192,2991
8199742,2858
8200292,2681
8200847,2514
8201396,2250
8201946,1965
8202496,1717
8203047,1515
8203597,1313
8204147,1127
8204699,958
8205250,813
8205799,691
8206349,597
8206899,528
8207449,528
8207999,570
8208550,634
8209100,747
8209649,874
8210199,1046
8210749,1221
8211299,1410
8211853,1616
8212404,2015
8212955,2212
8213506,2412
8214056,2600
8214606,2768
8215157,2919
8215709,3053
8216259,3161
8216809,3220
8217360,3248
8217910,3200
8218461,3120
8219011,2989
8219562,2859
8220112,2681
8220663,2517
8221213,2318
8221763,2119
8222313,1913
8222867,1712
8223419,1424
8223969,1166
8224518,957
8225069,816
8225619,690
8226169,597
8226721,554
8227271,529
8227821,530
8228371,638
8228921,745
8229471,870
8230021,1045
8230571,1223
8231121,1415
8231671,1616
8232222,1817
8232772,2007
8233322,2213
8233877,2607
8234428,2767
8234978,2922
8235529,3050
8236079,3159
8236630,3217
8237180,3248
8237731,3249
8238280,3198
8238830,3120
8239380,2945
8239930,2701
8240480,2511
8241031,2317
8241580,2112
8242130,1911
8242680,1714
8243231,1515
8243781,1316
8244331,1126
8244886,926
8245436,720
8245986,597
8246536,555
8247086,527
8247637,532
8248187,574
8248739,634
8249288,747
8249838,874
8250388,1219
8250938,1413
8251488,1616
8252038,1817
8252589,2011
8253139,2218
8253690,2410
8254240,2606
8254790,2768
8255340,2923
8255894,3161
8256443,3222
8256993,3249
8257543,3250
8258093,3198
8258643,3119
8259193,2993
8259745,2860
8260295,2685
8260850,2513
8261401,2240
8261951,1955
8262502,1717
8263052,1515
8263603,1315
8264153,1129
8264708,957
8265257,813
8265807,691
8266358,601
8266908,528
8267457,528
8268007,571
8268557,638
8269107,746
8269657,873
8270207,1047
8270757,1218
8271307,1413
8271861,1610
8272412,2013
8272963,2215
8273514,2411
8274064,2599
8274615,2768
8275165,2921
8275716,3054
8276266,3161
8276817,3220
8277367,3248
8277917,3197
8278468,3120
8279018,2992
8279569,2857
8280119,2687
8280670,2518
8281219,2312
8281769,2118
8282319,1915
8282873,1709
8283425,1419
8283975,1159
8284525,953
8285075,809
8285625,689
8286175,598
8286725,555
8287275,529
8287825,531
8288375,640
8288925,750
8289475,870
8290025,1042
8290576,1222
8291126,1410
8291677,1615
8292226,1821
8292776,2003
8293327,2220
8293881,2608
8294432,2769
8294982,2924
8295531,3051
8296081,3159
8296631,3219
8297181,3251
8297733,3248
8298284,3193
8298833,3118
8299383,2939
8299933,2697
8300483,2512
8301033,2311
8301583,2119
8302133,1910
8302684,1717
8303234,1509
8303784,1314
8304334,1127
8304887,924
8305437,720
8305987,601
8306538,557
8307088,528
8307638,528
8308188,574
8308744,639
8309294,749
8309849,873
8310400,1221
8310950,1414
8311501,1616
8312051,1814
8312602,2011
8313153,2211
8313708,2407
8314258,2598
8314809,2765
8315359,2916
8315909,3162
8316458,3221
8317008,3248
8317559,3248
8318109,3199
8318659,3117
8319210,2992
8319760,2858
8320311,2682
8320865,2513
8321415,2215
8321965,1936
8322515,1717
8323066,1511
8323616,1315
8324166,1125
8324717,955
8325267,811
8325817,691
8326368,598
8326918,526
8327468,531
8328018,570
8328569,637
8329119,747
8329668,867
8330218,1051
8330768,1222
8331318,1414
8331872,1811
8332423,2012
8332974,2214
8333523,2414
8334073,2602
8334623,2767
8335173,2914
8335723,3051
8336273,3152
8336823,3216
8337373,3253
8337923,3201
8338474,3115
8339024,2992
8339574,2859
8340124,2683
8340675,2515
8341224,2315
8341775,2118
8342325,1911
8342879,1693
8343430,1408
8343980,1155
8344530,953
8345080,814
8345631,692
8346181,597
8346732,558
8347282,528
8347833,530
8348382,635
8348932,747
8349483,874
8350033,1047
8350582,1219
8351132,1413
8351683,1614
8352233,1810
8352783,2013
8353334,2212
8353888,2605
8354439,2768
8354989,2922
8355538,3055
8356088,3159
8356639,3220
8357189,3248
8357743,3248
8358293,3201
8358848,3117
8359398,2899
8359948,2684
8360498,2514
8361049,2313
8361598,2114
8362148,1914
8362700,1719
8363251,1509
8363801,1318
8364351,1127
8364901,909
8365451,707
8366001,596
8366551,556
8367101,528
8367651,533
8368201,576
8368754,635
8369304,743
8369859,870
8370408,1219
8370958,1413
8371509,1615
8372059,1814
8372608,2010
8373159,2213
8373711,2410
8374260,2602
8374810,2767
8375360,2916
8375910,3159
8376461,3216
8377011,3251
8377562,3248
8378112,3197
8378663,3119
8379213,2992
8379763,2859
8380313,2682
8380867,2503
8381417,2205
8381967,1931
8382517,1714
8383068,1507
8383618,1313
8384168,1126
8384720,954
8385271,813
8385821,692
8386371,592
8386921,527
8387471,528
8388021,572
8388572,635
8389122,750
8389671,871
8390221,1041
8390771,1223
8391322,1414
8391876,1815
8392427,2007
8392978,2218
8393527,2410
8394077,2605
8394627,2768
8395177,2918
8395728,3052
8396278,3159
8396829,3219
8397380,3251
8397930,3200
8398481,3115
8399031,2992
8399582,2860
8400132,2686
8400683,2513
8401233,2315
8401783,2119
8402333,1917
8402887,1678
8403439,1399
8403989,1143
8404539,958
8405089,814
8405639,689
8406189,599
8406744,554
8407294,531
8407849,529
8408400,637
8408950,743
8409501,873
8410051,1045
8410602,1222
8411152,1410
8411704,1614
8412254,1817
8412804,2009
8413355,2214
8413905,2606
8414456,2769
8415006,2922
8415555,3050
8416105,3157
8416656,3217
8417206,3251
8417756,3246
8418306,3194
8418860,3113
8419410,2869
8419960,2682
8420510,2515
8421060,2311
8421610,2120
8422160,1911
8422712,1719
8423262,1513
8423813,1315
8424362,1130
8424912,894
8425462,695
8426012,598
8426562,550
8427112,529
8427663,529
8428212,570
8428762,638
8429312,747
8429866,1040
8430416,1222
8430966,1413
8431516,1616
8432066,1820
8432616,2009
8433167,2213
8433717,2411
8434267,2598
8434817,2766
8435367,3052
8435917,3164
8436468,3217
8437018,3250
8437569,3250
8438119,3200
8438670,3120
8439221,2990
8439771,2858
8440321,2686
8440875,2493
8441425,2192
8441975,1919
8442525,1715
8443077,1515
8443626,1320
8444177,1123
8444728,957
8445277,812
8445828,691
8446379,583
8446929,528
8447479,533
8448029,574
8448578,637
8449128,747
8449678,866
8450229,1040
8450779,1223
8451328,1411
8451884,1819
8452435,2013
8452985,2214
8453535,2409
8454085,2605
8454636,2767
8455186,2922
8455736,3049
8456286,3158
8456837,3217
8457386,3251
8457936,3203
8458487,3119
8459037,2990
8459587,2859
8460137,2685
8460687,2511
8461237,2311
8461788,2117
8462339,1910
8462892,1665
8463443,1392
8463993,1135
8464543,957
8465093,813
8465643,689
8466193,599
8466744,555
8467295,529
8467850,529
8468399,640
8468949,749
8469499,871
8470049,1041
8470600,1221
8471150,1411
8471703,1616
8472252,1819
8472802,2010
8473353,2215
8473903,2601
8474454,2768
8475004,2918
8475555,3053
8476105,3159
8476656,3222
8477206,3249
8477756,3248
8478306,3197
8478860,3117
8479410,2875
8479960,2686
8480511,2513
8481061,2314
8481611,2121
8482161,1911
8482713,1717
8483264,1513
8483813,1314
8484363,1122
8484913,891
8485463,692
8486013,600
8486563,554
8487113,528
8487664,533
8488214,571
8488764,641
8489314,747
8489868,1040
8490419,1221
8490969,1414
8491518,1615
8492068,1817
8492618,2007
8493169,2211
8493720,2407
8494270,2603
8494821,2765
8495371,3054
8495921,3165
8496471,3217
8497021,3249
8497571,3248
8498121,3199
8498671,3121
8499221,2992
8499772,2855
8500322,2682
8500877,2492
8501427,2192
8501977,1916
8502527,1712
8503079,1513
8503628,1314
8504178,1124
8504730,955
8505279,814
8505830,689
8506379,588
8506929,528
8507479,528
8508029,572
8508579,635
8509129,745
8509679,869
8510230,1046
8510780,1217
8511330,1411
8511886,1818
8512435,2008
8512986,2217
8513537,2413
8514087,2601
8514637,2768
8515187,2918
8515738,3047
8516288,3154
8516838,3219
8517388,3249
8517938,3198
8518488,3117
8519038,2992
8519588,2854
8520139,2686
8520688,2515
8521238,2315
8521789,2118
8522339,1915
8522893,1669
8523443,1392
8523993,1136
8524543,953
8525093,810
8525644,688
8526194,602
8526744,557
8527294,528
8527849,529
8528400,638
8528950,746
8529501,871
8530051,1045
8530602,1219
8531152,1410
8531708,1616
8532257,1814
8532807,2010
8533359,2214
8533909,2602
8534460,2768
8535010,2918
8535560,3055
8536110,3163
8536659,3218
8537210,3248
8537760,3248
8538309,3197
8538863,3117
8539414,2864
8539964,2684
8540515,2513
8541065,2311
8541616,2113
8542166,1911
8542718,1719
8543268,1513
8543818,1319
8544369,1120
8544919,886
8545470,689
8546020,599
8546570,557
8547120,528
8547670,532
8548220,572
8548770,637
8549320,750
8549874,1043
8550425,1222
8550975,1409
8551524,1616
8552074,1818
8552624,2004
8553175,2208
8553726,2410
8554277,2598
8554827,2766
8555376,3051
8555926,3161
8556476,3219
8557026,3249
8557576,3248
8558126,3195
8558677,3120
8559227,2990
8559777,2860
8560327,2679
8560881,2480
8561432,2188
8561982,1910
8562533,1714
8563084,1520
8563633,1317
8564184,1127
8564734,953
8565284,815
8565835,689
8566385,576
8566935,528
8567486,529
8568036,573
8568587,635
8569137,742
8569688,867
8570237,1040
8570787,1219
8571337,1413
8571891,1817
8572441,2010
8572992,2215
8573542,2412
8574092,2599
8574643,2768
8575193,2917
8575744,3055
8576294,3158
8576849,3216
8577399,3249
8577949,3199
8578499,3120
8579050,2992
8579601,2858
8580151,2687
8580702,2512
8581252,2317
8581803,2121
8582353,1910
8582903,1653
8583454,1378
8584004,1123
8584555,959
8585105,813
8585656,690
8586206,604
8586757,557
8587307,528
8587862,535
8588413,635
8588963,746
8589514,865
8590064,1046
8590614,1217
8591164,1407
8591714,1615
8592264,1819
8592815,2007
8593366,2221
8593916,2605
8594465,2768
8595015,2923
8595565,3054
8596115,3161
8596665,3218
8597215,3252
8597766,3248
8598316,3203
8598871,3101
8599421,2862
8599971,2682
8600522,2514
8601072,2317
8601623,2114
8602173,1911
8602724,1719
8603274,1519
8603824,1317
8604374,1112
8604925,880
8605474,688
8606024,599
8606575,556
8607125,528
8607674,530
8608224,576
8608774,638
8609325,746
8609879,1043
8610429,1218
8610979,1408
8611529,1614
8612079,1814
8612630,2007
8613180,2214
8613731,2410
8614281,2603
8614831,2766
8615381,3054
8615931,3162
8616481,3217
8617031,3254
8617582,3248
8618132,3196
8618682,3119
8619232,2991
8619782,2859
8620333,2685
8620886,2467
8621437,2174
8621987,1909
8622536,1718
8623087,1515
8623637,1318
8624187,1128
8624738,957
8625288,814
8625838,691
8626388,576
8626938,528
8627489,530
8628039,567
8628589,635
8629139,747
8629689,873
8630239,1042
8630790,1221
8631340,1411
8631894,1819
8632444,2007
8632995,2218
8633545,2406
8634095,2605
8634645,2768
8635195,2919
8635746,3053
8636295,3159
8636849,3217
8637400,3248
8637950,3197
8638501,3120
8639051,2989
8639602,2858
8640152,2681
8640702,2514
8641252,2318
8641803,2122
8642354,1910
8642904,1649
8643456,1377
8644006,1129
8644556,957
8645106,815
8645657,689
8646207,599
8646757,551
8647307,529
8647861,530
8648412,638
8648962,743
8649511,868
8650061,1045
8650611,1218
8651161,1407
8651712,1615
8652263,1814
8652813,2011
8653363,2213
8653913,2602
8654463,2768
8655013,2919
8655563,3053
8656113,3157
8656664,3223
8657214,3251
8657764,3248
8658314,3200
8658868,3107
8659419,2863
8659969,2682
8660520,2512
8661070,2311
8661619,2117
8662169,1907
8662720,1716
8663271,1514
8663822,1315
8664371,1117
8664921,884
8665471,688
8666021,599
8666571,556
8667121,531
8667671,531
8668222,569
8668773,634
8669323,748
8669877,1045
8670427,1219
8670977,1413
8671528,1616
8672078,1814
8672628,2009
8673179,2218
8673730,2407
8674280,2599
8674830,2768
8675381,3055
8675931,3168
8676482,3219
8677032,3249
8677582,3246
8678132,3197
8678682,3120
8679232,2991
8679782,2858
8680332,2683
8680885,2470
8681435,2180
8681985,1911
8682535,1717
8683086,1516
8683637,1322
8684187,1124
8684739,959
8685288,810
8685838,690
8686388,576
8686938,528
8687489,528
8688039,575
8688590,639
8689140,742
8689691,870
8690240,1041
8690790,1223
8691340,1412
8691894,1817
8692443,2011
8692994,2214
8693544,2410
8694094,2599
8694645,2768
8695195,2915
8695745,3047
8696295,3154
8696850,3218
8697401,3249
8697951,3199
8698502,3118
8699052,2992
8699603,2858
8700153,2682
8700707,2515
8701258,2317
8701808,2115
8702358,1909
8702908,1648
8703459,1367
8704009,1126
8704560,957
8705110,814
8705659,690
8706210,603
8706760,551
8707310,529
8707865,533
8708415,634
8708965,749
8709515,869
8710065,1042
8710616,1217
8711166,1410
8711716,1616
8712266,1819
8712816,2010
8713367,2402
8713917,2603
8714468,2768
8715018,2923
8715569,3051
8716119,3157
8716670,3220
8717220,3253
8717770,3249
8718320,3198
8718874,3092
8719425,2861
8719975,2685
8720524,2514
8721075,2315
8721625,2114
8722175,1909
8722726,1718
8723277,1516
8723828,1319
8724379,1104
8724929,875
8725479,691
8726029,601
8726578,555
8727128,528
8727678,528
8728229,571
8728779,638
8729328,752
8729884,1045
8730433,1221
8730983,1410
8731533,1616
8732083,1817
8732634,2012
8733185,2214
8733735,2411
8734286,2599
8734836,2765
8735387,3053
8735937,3162
8736488,3218
8737038,3253
8737589,3248
8738139,3200
8738690,3121
8739240,2991
8739790,2857
8740340,2687
8740894,2453
8741443,2165
8741993,1910
8742543,1719
8743094,1507
8743644,1317
8744194,1126
8744745,955
8745294,813
8745849,690
8746400,561
8746950,528
8747501,528
8748051,569
8748602,640
8749152,745
8749708,871
8750258,1042
8750808,1217
8751358,1408
8751908,1818
8752459,2011
8753010,2214
8753560,2412
8754110,2604
8754659,2768
8755210,2917
8755759,3049
8756309,3159
8756864,3216
8757413,3248
8757963,3203
8758514,3120
8759064,2991
8759614,2858
8760164,2682
8760715,2513
8761265,2317
8761815,2115
8762365,1914
8762915,1631
8763467,1360
8764017,1127
8764568,955
8765118,815
8765668,691
8766217,603
8766767,552
8767317,528
8767872,570
8768421,637
8768971,746
8769522,870
8770072,1045
8770623,1221
8771173,1408
8771723,1616
8772273,1816
8772823,2013
8773374,2410
8773925,2602
8774474,2766
8775024,2923
8775575,3053
8776125,3163
8776675,3219
8777225,3248
8777776,3248
8778326,3201
8778880,3067
8779430,2861
8779980,2684
8780530,2514
8781080,2317
8781630,2119
8782180,1910
8782731,1719
8783281,1515
8783831,1317
8784381,1103
8784931,871
8785482,688
8786031,598
8786582,551
8787132,528
8787681,528
8788232,573
8788783,636
8789333,747
8789887,1045
8790437,1218
8790987,1411
8791537,1614
8792087,1818
8792637,2007
8793188,2211
8793742,2413
8794293,2601
8794847,2767
8795397,3050
8795947,3156
8796497,3219
8797047,3248
8797597,3249
8798147,3199
8798699,3117
8799249,2989
8799799,2858
8800349,2677
8800899,2443
8801449,2154
8801999,1909
8802549,1713
8803100,1510
8803651,1318
8804201,1127
8804754,955
8805305,816
8805859,691
8806409,557
8806959,528
8807509,531
8808059,569
8808610,639
8809160,746
8809711,870
8810261,1045
8810811,1221
8811362,1410
8811912,1817
8812461,2009
8813012,2212
8813563,2405
8814113,2604
8814664,2768
8815214,2919
8815764,3047
8816314,3163
8816869,3248
8817418,3248
8817968,3200
8818518,3119
8819069,2992
8819619,2858
8820169,2678
8820721,2517
8821272,2315
8821821,2120
8822372,1904
8822922,1626
8823472,1354
8824022,1125
8824572,958
8825123,811
8825672,689
8826223,601
8826772,555
8827323,530
8827877,567
8828427,640
8828977,747
8829528,870
8830078,1043
8830627,1219
8831178,1411
8831728,1616
8832278,1817
8832829,2014
8833380,2411
8833930,2599
8834481,2768
8835031,2921
8835580,3055
8836130,3161
8836680,3216
8837231,3248
8837781,3248
8838330,3202
8838885,3056
8839435,2861
8839985,2679
8840535,2514
8841085,2320
8841636,2118
8842186,1911
8842738,1719
8843288,1509
8843838,1316
8844388,1094
8844938,863
8845488,688
8846038,597
8846589,554
8847139,528
8847689,530
8848239,576
8848789,640
8849339,742
8849893,1045
8850443,1218
8850993,1415
8851544,1616
8852094,1814
8852644,2011
8853195,2213
8853747,2405
8854298,2598
8854851,2767
8855402,3054
8855952,3164
8856502,3217
8857052,3251
8857603,3248
8858153,3200
8858708,3118
8859259,2992
8859810,2857
8860361,2681
8860911,2421
8861462,2137
8862012,1913
8862562,1717
8863113,1515
8863663,1316
8864214,1129
8864764,955
8865313,812
8865867,688
8866418,550
8866968,528
8867518,528
8868069,575
8868618,635
8869168,747
8869719,871
8870270,1045
8870819,1220
8871370,1611
8871920,1817
8872470,2007
8873021,2213
8873571,2409
8874121,2603
8874672,2768
8875221,2925
8875771,3053
8876321,3163
8876875,3253
8877425,3248
8877975,3199
8878525,3120
8879076,2992
8879625,2859
8880175,2681
8880726,2513
8881277,2313
8881827,2122
8882376,1892
8882928,1616
8883477,1346
8884027,1123
8884577,956
8885127,813
8885677,689
8886227,604
8886777,551
8887327,531
8887881,570
8888432,637
8888982,743
8889532,870
8890082,1045
8890633,1221
8891183,1410
8891734,1615
8892284,1817
8892833,2005
8893385,2415
8893935,2605
8894484,2768
8895034,2915
8895585,3050
8896135,3162
8896685,3218
8897236,3250
8897786,3253
8898335,3200
8898889,3045
8899440,2863
8899990,2683
8900541,2514
8901091,2313
8901641,2114
8902191,1911
8902742,1719
8903293,1516
8903848,1315
8904399,1082
8904949,850
8905500,689
8906050,603
8906599,551
8907150,529
8907700,528
8908251,573
8908801,639
8909351,747
8909901,1041
8910451,1220
8911001,1417
8911551,1615
8912101,1820
8912651,2011
8913205,2218
8913756,2413
8914305,2601
8914859,2768
8915410,3055
8915960,3163
8916510,3216
8917060,3248
8917610,3248
8918160,3198
8918712,3120
8919261,2991
8919811,2854
8920361,2679
8920911,2417
8921462,2133
8922012,1911
8922563,1717
8923113,1515
8923663,1315
8924214,1131
8924763,956
8925313,813
8925867,688
8926418,551
8926968,528
8927518,529
8928068,574
8928618,639
8929168,748
8929720,867
8930271,1045
8930821,1223
8931372,1616
8931922,1822
8932471,2013
8933022,2214
8933572,2407
8934122,2602
8934672,2768
8935223,2917
8935773,3054
8936322,3157
8936876,3247
8937427,3248
8937977,3203
8938528,3120
8939078,2989
8939629,2858
8940179,2684
8940729,2518
8941279,2318
8941829,2117
8942380,1887
8942930,1613
8943481,1342
8944031,1125
8944580,955
8945130,812
8945681,689
8946231,599
8946781,559
8947332,528
8947886,571
8948435,634
8948985,747
8949535,870
8950085,1042
8950636,1219
8951186,1409
8951737,1616
8952287,1816
8952838,2014
8953388,2411
8953938,2605
8954488,2767
8955038,2918
8955589,3051
8956139,3158
8956689,3216
8957239,3250
8957790,3248
8958340,3195
8958893,3034
8959443,2858
8959993,2678
8960543,2512
8961093,2314
8961643,2121
8962193,1911
8962745,1717
8963295,1513
8963849,1315
8964400,1085
8964950,848
8965500,689
8966050,595
8966600,558
8967150,528
8967702,529
8968252,576
8968803,637
8969353,751
8969903,1042
8970454,1223
8971004,1413
8971553,1616
8972103,1815
8972653,2011
8973204,2217
8973754,2410
8974305,2603
8974859,2763
8975410,3054
8975960,3163
8976509,3218
8977059,3251
8977610,3247
8978160,3194
8978711,3117
8979261,2989
8979811,2862
8980361,2678
8980911,2418
8981461,2131
8982011,1913
8982561,1717
8983113,1511
8983662,1317
8984212,1124
8984763,960
8985312,810
8985866,689
8986416,554
8986966,528
8987516,529
8988066,576
8988616,636
8989166,742
8989718,870
8990268,1047
8990818,1222
8991369,1615
8991919,1814
8992468,2009
8993019,2218
8993569,2411
8994119,2603
8994670,2768
8995220,2922
8995770,3053
8996320,3158
8996874,3254
8997425,3248
8997975,3201
8998525,3117
8999076,2991
8999625,2857
9000175,2681
9000725,2518
9001275,2316
9001825,2114
9002375,1895
9002925,1619
9003477,1349
9004026,1123
9004576,957
9005126,811
9005677,688
9006226,603
9006776,555
9007326,529
9007880,571
9008430,642
9008980,742
9009530,870
9010080,1042
9010631,1219
9011181,1414
9011732,1613
9012282,1819
9012833,2010
9013383,2411
9013933,2605
9014483,2768
9015033,2924
9015583,3047
9016133,3160
9016684,3216
9017234,3248
9017784,3247
9018334,3199
9018888,3050
# end
