# sketch,characterise_v2loop
# mode_number,0
# mode_name,0_sept_baseline_deadline_ts_after
# label,A1_sept_baseline
# ---- CHECK THE THREE LINES ABOVE BEFORE YOU KEEP THIS CAPTURE ----
# waiting 600 s for thermal settle - press any key to skip
# warm 0 s
# warm 30 s
# warm 60 s
# warm 90 s
# warm 120 s
# warm 150 s
# warm 180 s
# warm 210 s
# warm 240 s
# warm 270 s
# warm 300 s
# warm 330 s
# warm 360 s
# warm 390 s
# warm 420 s
# warm 450 s
# warm 480 s
# warm 510 s
# warm 540 s
# warm 570 s
# warm 600 s
# ----------------------------------------------------------
# n,16384
# fs_hz_window,1999.8779
# span_s,8.192000
# dt_mean_us,500.0002
# dt_sd_us,3.9999
# dt_min_us,496
# dt_max_us,504
# fs_hz_from_mean,1999.9993
# mean_code,1872.8157
# sd_code,1.1880
# min_code,1867
# max_code,1879
# mean_volts,1.509229
# sd_millivolts,0.9574
# adc,12bit_default_11dB_attenuation
# conv,linear_3.3_over_4095
# ----------------------------------------------------------
t_us,code
40,1873
543,1873
1039,1874
1543,1873
2039,1872
2543,1877
3039,1872
3543,1875
4039,1877
4543,1873
5039,1872
5543,1872
6039,1874
6543,1875
7039,1872
7543,1873
8039,1873
8543,1873
9039,1873
9543,1872
10039,1873
10543,1875
11039,1874
11543,1874
12039,1874
12543,1872
13039,1873
13543,1874
14039,1872
14543,1873
15039,1874
15543,1873
16039,1873
16543,1875
17039,1873
17543,1872
18039,1874
18543,1877
19039,1874
19543,1873
20039,1874
20543,1873
21039,1875
21543,1874
22039,1873
22543,1873
23039,1872
23543,1873
24039,1875
24543,1873
25039,1875
25543,1878
26039,1873
26543,1873
27039,1872
27543,1876
28039,1873
28543,1872
29039,1873
29543,1873
30039,1873
30543,1872
31039,1874
31543,1873
32039,1873
32543,1873
33039,1873
33543,1873
34039,1873
34543,1873
35039,1873
35543,1873
36039,1872
36543,1872
37039,1872
37543,1874
38039,1872
38543,1872
39039,1876
39543,1873
40039,1875
40543,1873
41039,1876
41543,1872
42039,1877
42543,1874
43039,1872
43543,1872
44039,1873
44543,1875
45039,1874
45543,1872
46039,1874
46543,1872
47039,1872
47543,1872
48039,1872
48543,1874
49039,1874
49543,1873
50039,1874
50543,1872
51039,1872
51543,1875
52039,1873
52543,1872
53039,1875
53543,1872
54039,1874
54543,1875
55039,1875
55543,1877
56039,1875
56543,1872
57039,1872
57543,1875
58039,1875
58543,1872
59039,1874
59543,1872
60039,1872
60543,1873
61039,1873
61543,1872
62039,1872
62543,1873
63039,1872
63543,1873
64039,1875
64543,1873
65039,1872
65543,1875
66039,1874
66543,1877
67039,1872
67543,1872
68039,1874
68543,1874
69039,1872
69543,1872
70039,1872
70543,1874
71039,1873
71543,1874
72039,1873
72543,1872
73039,1873
73543,1874
74039,1872
74543,1874
75039,1872
75543,1872
76039,1871
76543,1873
77039,1874
77543,1872
78039,1872
78543,1875
79039,1874
79543,1874
80039,1873
80543,1875
81039,1872
81543,1875
82039,1874
82543,1872
83039,1872
83543,1871
84039,1872
84543,1873
85039,1872
85543,1874
86039,1875
86543,1872
87039,1872
87543,1873
88039,1873
88543,1873
89039,1874
89543,1874
90039,1872
90543,1872
91039,1873
91543,1873
92039,1872
92543,1872
93039,1873
93543,1873
94039,1872
94543,1872
95039,1872
95543,1872
96039,1875
96543,1873
97039,1874
97543,1875
98039,1873
98543,1875
99039,1873
99543,1873
100039,1872
100543,1872
101039,1872
101543,1875
102039,1873
102543,1873
103039,1877
103543,1873
104039,1873
104543,1872
105039,1872
105543,1872
106039,1873
106543,1875
107039,1876
107543,1872
108039,1873
108543,1873
109039,1872
109543,1874
110039,1875
110543,1872
111039,1874
111543,1876
112039,1873
112543,1872
113039,1872
113543,1872
114039,1874
114543,1873
115039,1873
115543,1872
116039,1873
116543,1872
117039,1872
117543,1872
118039,1873
118543,1872
119039,1873
119543,1872
120039,1873
120543,1873
121039,1873
121543,1874
122039,1872
122543,1874
123039,1873
123543,1872
124039,1874
124543,1872
125039,1873
125543,1873
126039,1877
126543,1874
127039,1875
127543,1875
128039,1872
128543,1874
129039,1873
129543,1874
130039,1873
130543,1877
131039,1875
131543,1873
132039,1873
132543,1872
133039,1875
133543,1872
134039,1872
134543,1872
135039,1872
135543,1872
136039,1872
136543,1874
137039,1877
137543,1877
138039,1873
138543,1872
139039,1873
139543,1872
140039,1873
140543,1875
141039,1872
141543,1873
142039,1872
142543,1874
143039,1873
143543,1875
144039,1872
144543,1873
145039,1872
145543,1873
146039,1872
146543,1873
147039,1872
147543,1872
148039,1872
148543,1874
149039,1878
149543,1873
150039,1873
150543,1873
151039,1872
151543,1872
152039,1872
152543,1872
153039,1873
153543,1872
154039,1873
154543,1872
155039,1873
155543,1874
156039,1872
156543,1873
157039,1872
157543,1872
158039,1875
158543,1873
159039,1872
159543,1875
160039,1874
160543,1873
161039,1873
161543,1876
162039,1872
162543,1873
163039,1875
163543,1875
164039,1873
164543,1872
165039,1872
165543,1874
166039,1872
166543,1872
167039,1873
167543,1872
168039,1875
168543,1872
169039,1872
169543,1874
170039,1872
170543,1872
171039,1872
171543,1874
172039,1873
172543,1873
173039,1875
173543,1872
174039,1875
174543,1875
175039,1874
175543,1872
176039,1876
176543,1875
177039,1874
177543,1872
178039,1873
178543,1872
179039,1875
179543,1875
180039,1872
180543,1872
181039,1874
181543,1873
182039,1874
182543,1875
183039,1873
183543,1872
184039,1872
184543,1873
185039,1873
185543,1871
186039,1872
186543,1876
187039,1872
187543,1874
188039,1874
188543,1873
189039,1872
189543,1872
190039,1872
190543,1875
191039,1872
191543,1872
192039,1872
192543,1872
193039,1872
193543,1872
194039,1873
194543,1872
195039,1872
195543,1872
196039,1873
196543,1872
197039,1872
197543,1873
198039,1872
198543,1873
199039,1872
199543,1874
200039,1874
200543,1874
201039,1873
201543,1873
202039,1872
202543,1874
203039,1872
203543,1872
204039,1872
204543,1872
205039,1873
205543,1873
206039,1873
206543,1876
207039,1874
207543,1873
208039,1872
208543,1872
209039,1874
209543,1873
210039,1874
210543,1873
211039,1872
211543,1872
212039,1872
212543,1872
213039,1873
213543,1872
214039,1874
214543,1875
215039,1873
215543,1874
216039,1872
216543,1872
217039,1874
217543,1876
218039,1872
218543,1875
219039,1875
219543,1872
220039,1874
220543,1874
221039,1872
221543,1874
222039,1875
222543,1873
223039,1872
223543,1872
224039,1873
224543,1872
225039,1873
225543,1873
226039,1875
226543,1873
227039,1873
227543,1872
228039,1872
228543,1873
229039,1872
229543,1872
230039,1872
230543,1872
231039,1872
231543,1872
232039,1872
232543,1873
233039,1872
233543,1873
234039,1874
234543,1872
235039,1874
235543,1874
236039,1873
236543,1872
237039,1872
237543,1874
238039,1874
238543,1873
239039,1872
239543,1872
240039,1875
240543,1873
241039,1873
241543,1873
242039,1874
242543,1872
243039,1872
243543,1872
244039,1874
244543,1872
245039,1872
245543,1872
246039,1872
246543,1877
247039,1872
247543,1872
248039,1872
248543,1873
249039,1873
249543,1872
250039,1876
250543,1873
251039,1872
251543,1874
252039,1872
252543,1873
253039,1872
253543,1872
254039,1872
254543,1874
255039,1874
255543,1872
256039,1873
256543,1873
257039,1872
257543,1874
258039,1872
258543,1872
259039,1872
259543,1872
260039,1872
260543,1872
261039,1872
261543,1874
262039,1872
262543,1872
263039,1872
263543,1875
264039,1872
264543,1874
265039,1872
265543,1873
266039,1874
266543,1872
267039,1872
267543,1873
268039,1872
268543,1872
269039,1872
269543,1874
270039,1873
270543,1873
271039,1872
271543,1875
272039,1873
272543,1874
273039,1878
273543,1873
274039,1873
274543,1872
275039,1872
275543,1871
276039,1874
276543,1872
277039,1874
277543,1872
278039,1872
278543,1873
279039,1872
279543,1872
280039,1875
280543,1872
281039,1873
281543,1872
282039,1872
282543,1873
283039,1872
283543,1873
284039,1874
284543,1872
285039,1873
285543,1873
286039,1875
286543,1873
287039,1873
287543,1872
288039,1873
288543,1873
289039,1872
289543,1872
290039,1874
290543,1873
291039,1872
291543,1872
292039,1872
292543,1873
293039,1873
293543,1874
294039,1872
294543,1873
295039,1875
295543,1872
296039,1873
296543,1873
297039,1874
297543,1873
298039,1875
298543,1871
299039,1873
299543,1879
300039,1873
300543,1876
301039,1875
301543,1874
302039,1872
302543,1872
303039,1874
303543,1872
304039,1874
304543,1877
305039,1872
305543,1873
306039,1872
306543,1872
307039,1872
307543,1875
308039,1872
308543,1872
309039,1873
309543,1873
310039,1872
310543,1874
311039,1872
311543,1873
312039,1873
312543,1872
313039,1872
313543,1873
314039,1875
314543,1872
315039,1872
315543,1872
316039,1872
316543,1872
317039,1872
317543,1873
318039,1873
318543,1873
319039,1872
319543,1875
320039,1874
320543,1873
321039,1872
321543,1873
322039,1876
322543,1874
323039,1875
323543,1872
324039,1872
324543,1875
325039,1875
325543,1873
326039,1872
326543,1873
327039,1872
327543,1872
328039,1872
328543,1872
329039,1874
329543,1872
330039,1875
330543,1874
331039,1872
331543,1873
332039,1873
332543,1875
333039,1874
333543,1873
334039,1874
334543,1872
335039,1872
335543,1875
336039,1877
336543,1875
337039,1873
337543,1872
338039,1876
338543,1872
339039,1875
339543,1873
340039,1872
340543,1872
341039,1874
341543,1873
342039,1873
342543,1872
343039,1874
343543,1872
344039,1873
344543,1873
345039,1875
345543,1873
346039,1873
346543,1872
347039,1874
347543,1873
348039,1874
348543,1872
349039,1873
349543,1872
350039,1872
350543,1873
351039,1875
351543,1872
352039,1873
352543,1873
353039,1873
353543,1873
354039,1873
354543,1873
355039,1872
355543,1873
356039,1873
356543,1875
357039,1874
357543,1872
358039,1872
358543,1874
359039,1874
359543,1874
360039,1872
360543,1874
361039,1872
361543,1872
362039,1874
362543,1875
363039,1875
363543,1875
364039,1874
364543,1872
365039,1872
365543,1872
366039,1873
366543,1872
367039,1871
367543,1874
368039,1872
368543,1872
369039,1873
369543,1872
370039,1872
370543,1873
371039,1872
371543,1875
372039,1874
372543,1873
373039,1876
373543,1874
374039,1874
374543,1873
375039,1873
375543,1872
376039,1872
376543,1873
377039,1874
377543,1873
378039,1872
378543,1875
379039,1874
379543,1872
380039,1873
380543,1872
381039,1873
381543,1872
382039,1872
382543,1872
383039,1873
383543,1875
384039,1872
384543,1875
385039,1875
385543,1873
386039,1876
386543,1872
387039,1874
387543,1872
388039,1874
388543,1873
389039,1872
389543,1875
390039,1875
390543,1873
391039,1873
391543,1875
392039,1873
392543,1876
393039,1872
393543,1872
394039,1872
394543,1872
395039,1872
395543,1872
396039,1874
396543,1872
397039,1874
397543,1874
398039,1872
398543,1872
399039,1875
399543,1872
400039,1872
400543,1872
401039,1872
401543,1875
402039,1872
402543,1873
403039,1874
403543,1875
404039,1874
404543,1874
405039,1872
405543,1873
406039,1873
406543,1872
407039,1873
407543,1874
408039,1872
408543,1872
409039,1873
409543,1873
410039,1875
410543,1874
411039,1872
411543,1874
412039,1872
412543,1873
413039,1872
413543,1872
414039,1877
414543,1872
415039,1872
415543,1872
416039,1872
416543,1872
417039,1873
417543,1874
418039,1874
418543,1872
419039,1872
419543,1875
420039,1873
420543,1872
421039,1872
421543,1872
422039,1871
422543,1874
423039,1872
423543,1873
424039,1874
424543,1872
425039,1873
425543,1874
426039,1874
426543,1872
427039,1873
427543,1872
428039,1873
428543,1875
429039,1874
429543,1872
430039,1872
430543,1874
431039,1873
431543,1872
432039,1875
432543,1873
433039,1874
433543,1872
434039,1873
434543,1874
435039,1875
435543,1872
436039,1873
436543,1872
437039,1872
437543,1873
438039,1872
438543,1872
439039,1872
439543,1873
440039,1871
440543,1873
441039,1874
441543,1872
442039,1876
442543,1872
443039,1872
443543,1873
444039,1874
444543,1872
445039,1874
445543,1872
446039,1874
446543,1873
447039,1874
447543,1872
448039,1875
448543,1874
449039,1874
449543,1874
450039,1873
450543,1875
451039,1872
451543,1876
452039,1872
452543,1874
453039,1872
453543,1873
454039,1872
454543,1872
455039,1872
455543,1872
456039,1874
456543,1875
457039,1876
457543,1873
458039,1877
458543,1872
459039,1872
459543,1875
460039,1876
460543,1872
461039,1875
461543,1872
462039,1873
462543,1874
463039,1875
463543,1872
464039,1873
464543,1875
465039,1873
465543,1872
466039,1873
466543,1875
467039,1872
467543,1872
468039,1875
468543,1874
469039,1872
469543,1872
470039,1875
470543,1875
471039,1872
471543,1874
472039,1874
472543,1874
473039,1872
473543,1872
474039,1875
474543,1875
475039,1873
475543,1875
476039,1873
476543,1875
477039,1872
477543,1872
478039,1872
478543,1873
479039,1874
479543,1873
480039,1873
480543,1873
481039,1872
481543,1873
482039,1872
482543,1872
483039,1873
483543,1872
484039,1875
484543,1873
485039,1873
485543,1873
486039,1873
486543,1874
487039,1873
487543,1872
488039,1873
488543,1873
489039,1873
489543,1874
490039,1874
490543,1873
491039,1873
491543,1874
492039,1873
492543,1874
493039,1875
493543,1872
494039,1874
494543,1872
495039,1873
495543,1873
496039,1872
496543,1873
497039,1873
497543,1876
498039,1872
498543,1875
499039,1872
499543,1874
500039,1873
500543,1872
501039,1873
501543,1872
502039,1872
502543,1873
503039,1872
503543,1874
504039,1874
504543,1875
505039,1872
505543,1872
506039,1873
506543,1872
507039,1872
507543,1874
508039,1873
508543,1874
509039,1873
509543,1873
510039,1874
510543,1875
511039,1873
511543,1872
512039,1872
512543,1877
513039,1872
513543,1872
514039,1872
514543,1872
515039,1873
515543,1873
516039,1872
516543,1872
517039,1872
517543,1872
518039,1873
518543,1873
519039,1873
519543,1872
520039,1872
520543,1872
521039,1873
521543,1875
522039,1872
522543,1872
523039,1872
523543,1873
524039,1872
524543,1872
525039,1871
525543,1873
526039,1872
526543,1877
527039,1873
527543,1873
528039,1875
528543,1873
529039,1873
529543,1872
530039,1872
530543,1872
531039,1873
531543,1875
532039,1875
532543,1877
533039,1872
533543,1873
534039,1874
534543,1875
535039,1873
535543,1872
536039,1874
536543,1872
537039,1872
537543,1872
538039,1875
538543,1877
539039,1872
539543,1872
540039,1872
540543,1875
541039,1874
541543,1873
542039,1872
542543,1872
543039,1875
543543,1873
544039,1872
544543,1872
545039,1872
545543,1872
546039,1872
546543,1873
547039,1873
547543,1874
548039,1872
548543,1873
549039,1874
549543,1875
550039,1873
550543,1874
551039,1874
551543,1872
552039,1872
552543,1875
553039,1873
553543,1872
554039,1873
554543,1877
555039,1872
555543,1875
556039,1873
556543,1872
557039,1872
557543,1872
558039,1873
558543,1872
559039,1871
559543,1872
560039,1873
560543,1873
561039,1873
561543,1874
562039,1873
562543,1872
563039,1872
563543,1873
564039,1872
564543,1872
565039,1874
565543,1873
566039,1872
566543,1872
567039,1872
567543,1873
568039,1875
568543,1875
569039,1873
569543,1874
570039,1873
570543,1872
571039,1874
571543,1873
572039,1875
572543,1872
573039,1872
573543,1872
574039,1872
574543,1875
575039,1877
575543,1873
576039,1872
576543,1872
577039,1874
577543,1872
578039,1872
578543,1873
579039,1875
579543,1872
580039,1872
580543,1874
581039,1872
581543,1874
582039,1874
582543,1875
583039,1872
583543,1874
584039,1872
584543,1873
585039,1873
585543,1874
586039,1874
586543,1872
587039,1873
587543,1872
588039,1872
588543,1874
589039,1872
589543,1874
590039,1872
590543,1872
591039,1872
591543,1872
592039,1872
592543,1874
593039,1872
593543,1872
594039,1875
594543,1873
595039,1874
595543,1874
596039,1872
596543,1873
597039,1873
597543,1874
598039,1872
598543,1872
599039,1872
599543,1872
600039,1875
600543,1873
601039,1873
601543,1874
602039,1872
602543,1874
603039,1872
603543,1872
604039,1875
604543,1872
605039,1872
605543,1873
606039,1873
606543,1872
607039,1872
607543,1872
608039,1872
608543,1872
609039,1872
609543,1873
610039,1872
610543,1874
611039,1872
611543,1872
612039,1874
612543,1873
613039,1873
613543,1874
614039,1873
614543,1871
615039,1871
615543,1872
616039,1872
616543,1873
617039,1873
617543,1872
618039,1872
618543,1875
619039,1872
619543,1873
620039,1872
620543,1871
621039,1873
621543,1872
622039,1872
622543,1872
623039,1872
623543,1872
624039,1872
624543,1872
625039,1872
625543,1874
626039,1873
626543,1872
627039,1875
627543,1872
628039,1872
628543,1873
629039,1872
629543,1872
630039,1873
630543,1872
631039,1872
631543,1875
632039,1873
632543,1873
633039,1873
633543,1872
634039,1873
634543,1872
635039,1873
635543,1873
636039,1872
636543,1872
637039,1872
637543,1875
638039,1873
638543,1874
639039,1873
639543,1873
640039,1872
640543,1875
641039,1873
641543,1872
642039,1873
642543,1875
643039,1873
643543,1871
644039,1873
644543,1877
645039,1872
645543,1872
646039,1875
646543,1872
647039,1872
647543,1876
648039,1875
648543,1874
649039,1874
649543,1872
650039,1872
650543,1872
651039,1872
651543,1873
652039,1872
652543,1874
653039,1873
653543,1873
654039,1872
654543,1872
655039,1873
655543,1872
656039,1872
656543,1872
657039,1872
657543,1874
658039,1874
658543,1872
659039,1873
659543,1873
660039,1874
660543,1872
661039,1875
661543,1873
662039,1872
662543,1874
663039,1872
663543,1874
664039,1875
664543,1877
665039,1873
665543,1873
666039,1872
666543,1873
667039,1872
667543,1872
668039,1873
668543,1874
669039,1874
669543,1872
670039,1874
670543,1873
671039,1873
671543,1872
672039,1873
672543,1873
673039,1873
673543,1872
674039,1873
674543,1872
675039,1872
675543,1874
676039,1875
676543,1874
677039,1875
677543,1871
678039,1872
678543,1872
679039,1876
679543,1872
680039,1874
680543,1876
681039,1872
681543,1873
682039,1872
682543,1872
683039,1875
683543,1872
684039,1873
684543,1875
685039,1872
685543,1874
686039,1875
686543,1874
687039,1875
687543,1873
688039,1873
688543,1873
689039,1872
689543,1872
690039,1875
690543,1873
691039,1875
691543,1872
692039,1872
692543,1876
693039,1874
693543,1873
694039,1872
694543,1872
695039,1875
695543,1874
696039,1873
696543,1873
697039,1877
697543,1872
698039,1876
698543,1872
699039,1871
699543,1872
700039,1876
700543,1875
701039,1872
701543,1874
702039,1872
702543,1874
703039,1874
703543,1872
704039,1874
704543,1873
705039,1873
705543,1872
706039,1871
706543,1872
707039,1872
707543,1876
708039,1874
708543,1875
709039,1873
709543,1872
710039,1872
710543,1875
711039,1872
711543,1872
712039,1871
712543,1873
713039,1873
713543,1872
714039,1872
714543,1873
715039,1872
715543,1875
716039,1872
716543,1874
717039,1871
717543,1875
718039,1873
718543,1872
719039,1872
719543,1874
720039,1873
720543,1873
721039,1874
721543,1872
722039,1873
722543,1873
723039,1873
723543,1875
724039,1872
724543,1873
725039,1874
725543,1872
726039,1874
726543,1875
727039,1872
727543,1872
728039,1873
728543,1873
729039,1874
729543,1872
730039,1874
730543,1872
731039,1874
731543,1872
732039,1873
732543,1875
733039,1872
733543,1872
734039,1873
734543,1872
735039,1872
735543,1872
736039,1874
736543,1874
737039,1873
737543,1873
738039,1873
738543,1873
739039,1873
739543,1872
740039,1873
740543,1873
741039,1872
741543,1872
742039,1873
742543,1875
743039,1874
743543,1877
744039,1874
744543,1872
745039,1872
745543,1872
746039,1875
746543,1873
747039,1872
747543,1873
748039,1872
748543,1872
749039,1873
749543,1872
750039,1872
750543,1872
751039,1873
751543,1875
752039,1872
752543,1874
753039,1872
753543,1872
754039,1872
754543,1874
755039,1873
755543,1873
756039,1874
756543,1872
757039,1875
757543,1873
758039,1874
758543,1872
759039,1872
759543,1872
760039,1874
760543,1872
761039,1872
761543,1872
762039,1874
762543,1872
763039,1873
763543,1872
764039,1873
764543,1873
765039,1874
765543,1874
766039,1872
766543,1875
767039,1872
767543,1872
768039,1872
768543,1872
769039,1871
769543,1872
770039,1876
770543,1873
771039,1872
771543,1873
772039,1877
772543,1876
773039,1873
773543,1875
774039,1875
774543,1872
775039,1874
775543,1875
776039,1872
776543,1872
777039,1872
777543,1874
778039,1872
778543,1872
779039,1873
779543,1874
780039,1872
780543,1875
781039,1875
781543,1873
782039,1872
782543,1873
783039,1872
783543,1874
784039,1871
784543,1873
785039,1873
785543,1872
786039,1873
786543,1872
787039,1875
787543,1872
788039,1872
788543,1872
789039,1872
789543,1872
790039,1872
790543,1875
791039,1875
791543,1872
792039,1874
792543,1875
793039,1874
793543,1873
794039,1872
794543,1873
795039,1872
795543,1872
796039,1872
796543,1872
797039,1872
797543,1872
798039,1872
798543,1873
799039,1872
799543,1872
800039,1872
800543,1872
801039,1872
801543,1873
802039,1872
802543,1875
803039,1872
803543,1873
804039,1874
804543,1872
805039,1873
805543,1872
806039,1872
806543,1873
807039,1872
807543,1873
808039,1875
808543,1872
809039,1873
809543,1873
810039,1873
810543,1872
811039,1875
811543,1872
812039,1872
812543,1872
813039,1873
813543,1872
814039,1872
814543,1872
815039,1873
815543,1872
816039,1872
816543,1872
817039,1872
817543,1872
818039,1873
818543,1872
819039,1872
819543,1875
820039,1872
820543,1874
821039,1872
821543,1872
822039,1872
822543,1872
823039,1872
823543,1875
824039,1872
824543,1873
825039,1872
825543,1873
826039,1872
826543,1872
827039,1873
827543,1872
828039,1872
828543,1874
829039,1876
829543,1873
830039,1874
830543,1876
831039,1873
831543,1872
832039,1874
832543,1871
833039,1872
833543,1873
834039,1874
834543,1873
835039,1872
835543,1874
836039,1872
836543,1874
837039,1873
837543,1872
838039,1873
838543,1873
839039,1874
839543,1874
840039,1872
840543,1872
841039,1872
841543,1874
842039,1872
842543,1872
843039,1875
843543,1872
844039,1872
844543,1874
845039,1872
845543,1873
846039,1872
846543,1872
847039,1872
847543,1875
848039,1874
848543,1875
849039,1871
849543,1872
850039,1873
850543,1872
851039,1872
851543,1872
852039,1872
852543,1872
853039,1874
853543,1872
854039,1872
854543,1877
855039,1873
855543,1876
856039,1872
856543,1874
857039,1872
857543,1872
858039,1872
858543,1872
859039,1873
859543,1872
860039,1872
860543,1872
861039,1872
861543,1873
862039,1872
862543,1872
863039,1872
863543,1873
864039,1872
864543,1875
865039,1874
865543,1874
866039,1873
866543,1872
867039,1872
867543,1874
868039,1872
868543,1875
869039,1872
869543,1875
870039,1871
870543,1872
871039,1876
871543,1874
872039,1872
872543,1873
873039,1872
873543,1874
874039,1872
874543,1875
875039,1873
875543,1872
876039,1875
876543,1871
877039,1874
877543,1871
878039,1875
878543,1875
879039,1872
879543,1872
880039,1872
880543,1873
881039,1872
881543,1872
882039,1875
882543,1874
883039,1872
883543,1872
884039,1875
884543,1872
885039,1873
885543,1873
886039,1875
886543,1877
887039,1874
887543,1873
888039,1873
888543,1872
889039,1872
889543,1875
890039,1872
890543,1874
891039,1873
891543,1872
892039,1873
892543,1872
893039,1873
893543,1873
894039,1872
894543,1872
895039,1872
895543,1872
896039,1875
896543,1872
897039,1875
897543,1873
898039,1872
898543,1872
899039,1873
899543,1875
900039,1872
900543,1873
901039,1877
901543,1874
902039,1872
902543,1872
903039,1873
903543,1873
904039,1874
904543,1872
905039,1873
905543,1875
906039,1872
906543,1872
907039,1874
907543,1873
908039,1872
908543,1873
909039,1872
909543,1877
910039,1874
910543,1873
911039,1872
911543,1874
912039,1872
912543,1874
913039,1875
913543,1874
914039,1873
914543,1874
915039,1872
915543,1873
916039,1875
916543,1872
917039,1872
917543,1873
918039,1875
918543,1874
919039,1872
919543,1875
920039,1877
920543,1875
921039,1872
921543,1872
922039,1872
922543,1874
923039,1874
923543,1872
924039,1872
924543,1872
925039,1874
925543,1873
926039,1871
926543,1871
927039,1873
927543,1872
928039,1872
928543,1873
929039,1872
929543,1872
930039,1872
930543,1872
931039,1872
931543,1872
932039,1872
932543,1874
933039,1875
933543,1871
934039,1873
934543,1872
935039,1873
935543,1876
936039,1872
936543,1872
937039,1875
937543,1874
938039,1874
938543,1875
939039,1872
939543,1872
940039,1872
940543,1874
941039,1873
941543,1873
942039,1872
942543,1873
943039,1874
943543,1873
944039,1875
944543,1872
945039,1874
945543,1872
946039,1872
946543,1872
947039,1872
947543,1874
948039,1875
948543,1873
949039,1875
949543,1873
950039,1873
950543,1874
951039,1873
951543,1872
952039,1872
952543,1872
953039,1875
953543,1872
954039,1872
954543,1873
955039,1873
955543,1874
956039,1873
956543,1875
957039,1873
957543,1875
958039,1873
958543,1873
959039,1873
959543,1872
960039,1874
960543,1872
961039,1875
961543,1872
962039,1872
962543,1872
963039,1873
963543,1873
964039,1872
964543,1872
965039,1872
965543,1873
966039,1872
966543,1874
967039,1873
967543,1872
968039,1873
968543,1877
969039,1872
969543,1875
970039,1873
970543,1874
971039,1872
971543,1872
972039,1873
972543,1872
973039,1875
973543,1872
974039,1872
974543,1873
975039,1873
975543,1872
976039,1872
976543,1872
977039,1875
977543,1872
978039,1874
978543,1875
979039,1874
979543,1875
980039,1874
980543,1873
981039,1875
981543,1872
982039,1877
982543,1872
983039,1874
983543,1872
984039,1874
984543,1873
985039,1872
985543,1874
986039,1874
986543,1872
987039,1873
987543,1874
988039,1872
988543,1873
989039,1875
989543,1872
990039,1873
990543,1872
991039,1872
991543,1874
992039,1872
992543,1873
993039,1873
993543,1871
994039,1875
994543,1872
995039,1872
995543,1874
996039,1874
996543,1874
997039,1877
997543,1874
998039,1877
998543,1872
999039,1872
999543,1875
1000039,1874
1000543,1872
1001039,1877
1001543,1875
1002039,1875
1002543,1874
1003039,1875
1003543,1875
1004039,1873
1004543,1872
1005039,1873
1005543,1872
1006039,1875
1006543,1872
1007039,1874
1007543,1873
1008039,1872
1008543,1873
1009039,1872
1009543,1873
1010039,1874
1010543,1873
1011039,1872
1011543,1873
1012039,1873
1012543,1872
1013039,1873
1013543,1872
1014039,1873
1014543,1872
1015039,1873
1015543,1872
1016039,1872
1016543,1872
1017039,1872
1017543,1873
1018039,1872
1018543,1873
1019039,1872
1019543,1873
1020039,1872
1020543,1872
1021039,1873
1021543,1872
1022039,1872
1022543,1873
1023039,1872
1023543,1873
1024039,1872
1024543,1874
1025039,1872
1025543,1873
1026039,1875
1026543,1876
1027039,1872
1027543,1872
1028039,1876
1028543,1872
1029039,1878
1029543,1872
1030039,1874
1030543,1872
1031039,1872
1031543,1872
1032039,1873
1032543,1872
1033039,1873
1033543,1872
1034039,1872
1034543,1872
1035039,1872
1035543,1873
1036039,1872
1036543,1872
1037039,1873
1037543,1874
1038039,1873
1038543,1872
1039039,1872
1039543,1873
1040039,1874
1040543,1871
1041039,1873
1041543,1874
1042039,1872
1042543,1872
1043039,1873
1043543,1875
1044039,1872
1044543,1872
1045039,1873
1045543,1872
1046039,1872
1046543,1873
1047039,1872
1047543,1873
1048039,1872
1048543,1873
1049039,1872
1049543,1873
1050039,1874
1050543,1873
1051039,1873
1051543,1877
1052039,1877
1052543,1874
1053039,1872
1053543,1872
1054039,1871
1054543,1872
1055039,1874
1055543,1873
1056039,1873
1056543,1872
1057039,1874
1057543,1872
1058039,1872
1058543,1873
1059039,1874
1059543,1873
1060039,1873
1060543,1873
1061039,1872
1061543,1872
1062039,1872
1062543,1872
1063039,1872
1063543,1874
1064039,1873
1064543,1872
1065039,1875
1065543,1873
1066039,1872
1066543,1872
1067039,1873
1067543,1874
1068039,1874
1068543,1873
1069039,1872
1069543,1872
1070039,1872
1070543,1872
1071039,1871
1071543,1874
1072039,1872
1072543,1873
1073039,1873
1073543,1875
1074039,1872
1074543,1874
1075039,1872
1075543,1872
1076039,1872
1076543,1873
1077039,1873
1077543,1874
1078039,1874
1078543,1874
1079039,1872
1079543,1874
1080039,1874
1080543,1872
1081039,1872
1081543,1872
1082039,1873
1082543,1872
1083039,1874
1083543,1873
1084039,1874
1084543,1872
1085039,1873
1085543,1874
1086039,1873
1086543,1872
1087039,1872
1087543,1873
1088039,1873
1088543,1873
1089039,1872
1089543,1876
1090039,1873
1090543,1873
1091039,1873
1091543,1872
1092039,1872
1092543,1872
1093039,1872
1093543,1872
1094039,1871
1094543,1875
1095039,1875
1095543,1875
1096039,1873
1096543,1872
1097039,1873
1097543,1874
1098039,1872
1098543,1872
1099039,1874
1099543,1872
1100039,1872
1100543,1872
1101039,1872
1101543,1874
1102039,1872
1102543,1873
1103039,1872
1103543,1875
1104039,1875
1104543,1872
1105039,1872
1105543,1872
1106039,1873
1106543,1872
1107039,1875
1107543,1874
1108039,1873
1108543,1872
1109039,1872
1109543,1873
1110039,1872
1110543,1872
1111039,1874
1111543,1872
1112039,1875
1112543,1873
1113039,1873
1113543,1875
1114039,1873
1114543,1875
1115039,1872
1115543,1872
1116039,1873
1116543,1872
1117039,1873
1117543,1872
1118039,1872
1118543,1872
1119039,1872
1119543,1874
1120039,1872
1120543,1873
1121039,1872
1121543,1872
1122039,1872
1122543,1872
1123039,1872
1123543,1872
1124039,1873
1124543,1873
1125039,1872
1125543,1874
1126039,1871
1126543,1873
1127039,1872
1127543,1872
1128039,1872
1128543,1873
1129039,1872
1129543,1875
1130039,1876
1130543,1873
1131039,1872
1131543,1873
1132039,1875
1132543,1873
1133039,1872
1133543,1873
1134039,1875
1134543,1872
1135039,1875
1135543,1872
1136039,1873
1136543,1872
1137039,1872
1137543,1873
1138039,1872
1138543,1872
1139039,1874
1139543,1873
1140039,1872
1140543,1872
1141039,1872
1141543,1874
1142039,1873
1142543,1875
1143039,1873
1143543,1873
1144039,1876
1144543,1873
1145039,1872
1145543,1873
1146039,1873
1146543,1872
1147039,1874
1147543,1874
1148039,1873
1148543,1872
1149039,1872
1149543,1872
1150039,1872
1150543,1872
1151039,1873
1151543,1873
1152039,1873
1152543,1873
1153039,1876
1153543,1872
1154039,1874
1154543,1873
1155039,1875
1155543,1874
1156039,1872
1156543,1872
1157039,1873
1157543,1875
1158039,1874
1158543,1872
1159039,1873
1159543,1873
1160039,1873
1160543,1874
1161039,1872
1161543,1872
1162039,1872
1162543,1872
1163039,1872
1163543,1872
1164039,1873
1164543,1872
1165039,1871
1165543,1872
1166039,1873
1166543,1872
1167039,1872
1167543,1874
1168039,1872
1168543,1872
1169039,1872
1169543,1873
1170039,1873
1170543,1872
1171039,1873
1171543,1872
1172039,1873
1172543,1872
1173039,1876
1173543,1872
1174039,1874
1174543,1873
1175039,1873
1175543,1875
1176039,1872
1176543,1874
1177039,1873
1177543,1872
1178039,1874
1178543,1872
1179039,1873
1179543,1872
1180039,1872
1180543,1872
1181039,1872
1181543,1872
1182039,1872
1182543,1872
1183039,1875
1183543,1873
1184039,1875
1184543,1874
1185039,1873
1185543,1873
1186039,1872
1186543,1872
1187039,1872
1187543,1872
1188039,1874
1188543,1872
1189039,1874
1189543,1872
1190039,1873
1190543,1872
1191039,1874
1191543,1872
1192039,1872
1192543,1873
1193039,1875
1193543,1871
1194039,1873
1194543,1872
1195039,1875
1195543,1876
1196039,1872
1196543,1872
1197039,1872
1197543,1873
1198039,1872
1198543,1869
1199039,1872
1199543,1872
1200039,1874
1200543,1873
1201039,1872
1201543,1873
1202039,1875
1202543,1875
1203039,1873
1203543,1872
1204039,1873
1204543,1872
1205039,1873
1205543,1872
1206039,1874
1206543,1874
1207039,1873
1207543,1872
1208039,1872
1208543,1872
1209039,1873
1209543,1872
1210039,1874
1210543,1872
1211039,1872
1211543,1874
1212039,1872
1212543,1872
1213039,1874
1213543,1872
1214039,1873
1214543,1872
1215039,1872
1215543,1874
1216039,1875
1216543,1873
1217039,1872
1217543,1873
1218039,1872
1218543,1873
1219039,1875
1219543,1872
1220039,1872
1220543,1871
1221039,1872
1221543,1873
1222039,1872
1222543,1873
1223039,1875
1223543,1873
1224039,1873
1224543,1872
1225039,1873
1225543,1873
1226039,1872
1226543,1872
1227039,1876
1227543,1875
1228039,1872
1228543,1874
1229039,1873
1229543,1872
1230039,1872
1230543,1874
1231039,1873
1231543,1872
1232039,1872
1232543,1874
1233039,1875
1233543,1873
1234039,1872
1234543,1872
1235039,1872
1235543,1872
1236039,1874
1236543,1872
1237039,1872
1237543,1873
1238039,1873
1238543,1872
1239039,1872
1239543,1873
1240039,1874
1240543,1873
1241039,1873
1241543,1872
1242039,1872
1242543,1873
1243039,1872
1243543,1874
1244039,1872
1244543,1873
1245039,1872
1245543,1873
1246039,1874
1246543,1875
1247039,1872
1247543,1875
1248039,1872
1248543,1873
1249039,1873
1249543,1872
1250039,1873
1250543,1874
1251039,1872
1251543,1873
1252039,1874
1252543,1876
1253039,1873
1253543,1872
1254039,1873
1254543,1873
1255039,1877
1255543,1872
1256039,1874
1256543,1874
1257039,1873
1257543,1872
1258039,1873
1258543,1872
1259039,1872
1259543,1874
1260039,1875
1260543,1874
1261039,1872
1261543,1874
1262039,1872
1262543,1872
1263039,1872
1263543,1872
1264039,1872
1264543,1873
1265039,1872
1265543,1873
1266039,1877
1266543,1872
1267039,1874
1267543,1872
1268039,1875
1268543,1875
1269039,1872
1269543,1874
1270039,1873
1270543,1873
1271039,1872
1271543,1874
1272039,1875
1272543,1873
1273039,1873
1273543,1873
1274039,1875
1274543,1874
1275039,1874
1275543,1872
1276039,1873
1276543,1874
1277039,1872
1277543,1872
1278039,1872
1278543,1873
1279039,1874
1279543,1872
1280039,1873
1280543,1875
1281039,1873
1281543,1874
1282039,1874
1282543,1872
1283039,1873
1283543,1873
1284039,1872
1284543,1872
1285039,1874
1285543,1875
1286039,1872
1286543,1873
1287039,1875
1287543,1875
1288039,1872
1288543,1873
1289039,1872
1289543,1874
1290039,1872
1290543,1872
1291039,1872
1291543,1872
1292039,1875
1292543,1872
1293039,1873
1293543,1876
1294039,1872
1294543,1874
1295039,1873
1295543,1872
1296039,1872
1296543,1873
1297039,1873
1297543,1873
1298039,1872
1298543,1872
1299039,1873
1299543,1874
1300039,1875
1300543,1873
1301039,1873
1301543,1873
1302039,1873
1302543,1872
1303039,1872
1303543,1872
1304039,1872
1304543,1872
1305039,1872
1305543,1878
1306039,1872
1306543,1872
1307039,1877
1307543,1874
1308039,1877
1308543,1873
1309039,1872
1309543,1875
1310039,1873
1310543,1872
1311039,1872
1311543,1872
1312039,1872
1312543,1872
1313039,1875
1313543,1872
1314039,1872
1314543,1873
1315039,1873
1315543,1872
1316039,1872
1316543,1872
1317039,1872
1317543,1873
1318039,1873
1318543,1876
1319039,1874
1319543,1875
1320039,1873
1320543,1874
1321039,1872
1321543,1873
1322039,1873
1322543,1875
1323039,1876
1323543,1872
1324039,1872
1324543,1874
1325039,1872
1325543,1872
1326039,1877
1326543,1873
1327039,1873
1327543,1874
1328039,1873
1328543,1872
1329039,1872
1329543,1876
1330039,1873
1330543,1872
1331039,1873
1331543,1876
1332039,1873
1332543,1875
1333039,1872
1333543,1873
1334039,1872
1334543,1873
1335039,1872
1335543,1873
1336039,1873
1336543,1873
1337039,1873
1337543,1872
1338039,1872
1338543,1874
1339039,1872
1339543,1873
1340039,1871
1340543,1873
1341039,1874
1341543,1877
1342039,1874
1342543,1873
1343039,1875
1343543,1872
1344039,1872
1344543,1872
1345039,1872
1345543,1873
1346039,1872
1346543,1875
1347039,1874
1347543,1871
1348039,1873
1348543,1874
1349039,1872
1349543,1872
1350039,1872
1350543,1873
1351039,1873
1351543,1875
1352039,1873
1352543,1872
1353039,1873
1353543,1875
1354039,1872
1354543,1872
1355039,1871
1355543,1872
1356039,1872
1356543,1873
1357039,1873
1357543,1874
1358039,1872
1358543,1876
1359039,1874
1359543,1875
1360039,1874
1360543,1872
1361039,1874
1361543,1872
1362039,1876
1362543,1874
1363039,1874
1363543,1875
1364039,1873
1364543,1872
1365039,1874
1365543,1872
1366039,1874
1366543,1872
1367039,1873
1367543,1873
1368039,1872
1368543,1872
1369039,1872
1369543,1873
1370039,1875
1370543,1875
1371039,1873
1371543,1872
1372039,1872
1372543,1872
1373039,1872
1373543,1873
1374039,1872
1374543,1873
1375039,1872
1375543,1872
1376039,1873
1376543,1871
1377039,1875
1377543,1873
1378039,1874
1378543,1872
1379039,1872
1379543,1876
1380039,1872
1380543,1873
1381039,1871
1381543,1872
1382039,1875
1382543,1875
1383039,1874
1383543,1872
1384039,1874
1384543,1874
1385039,1874
1385543,1872
1386039,1873
1386543,1873
1387039,1872
1387543,1873
1388039,1873
1388543,1874
1389039,1872
1389543,1873
1390039,1874
1390543,1871
1391039,1872
1391543,1872
1392039,1873
1392543,1877
1393039,1874
1393543,1873
1394039,1873
1394543,1873
1395039,1872
1395543,1875
1396039,1874
1396543,1872
1397039,1873
1397543,1873
1398039,1872
1398543,1872
1399039,1872
1399543,1872
1400039,1872
1400543,1872
1401039,1872
1401543,1873
1402039,1872
1402543,1872
1403039,1872
1403543,1870
1404039,1873
1404543,1872
1405039,1872
1405543,1871
1406039,1872
1406543,1873
1407039,1875
1407543,1878
1408039,1873
1408543,1872
1409039,1874
1409543,1872
1410039,1872
1410543,1872
1411039,1872
1411543,1873
1412039,1873
1412543,1875
1413039,1873
1413543,1872
1414039,1873
1414543,1873
1415039,1873
1415543,1872
1416039,1873
1416543,1872
1417039,1875
1417543,1872
1418039,1872
1418543,1872
1419039,1871
1419543,1874
1420039,1874
1420543,1872
1421039,1873
1421543,1872
1422039,1872
1422543,1872
1423039,1874
1423543,1873
1424039,1873
1424543,1874
1425039,1873
1425543,1872
1426039,1873
1426543,1874
1427039,1872
1427543,1874
1428039,1872
1428543,1873
1429039,1873
1429543,1872
1430039,1873
1430543,1872
1431039,1873
1431543,1872
1432039,1872
1432543,1874
1433039,1872
1433543,1872
1434039,1872
1434543,1875
1435039,1876
1435543,1874
1436039,1875
1436543,1872
1437039,1873
1437543,1872
1438039,1872
1438543,1875
1439039,1872
1439543,1872
1440039,1872
1440543,1872
1441039,1872
1441543,1872
1442039,1873
1442543,1871
1443039,1875
1443543,1872
1444039,1872
1444543,1873
1445039,1871
1445543,1872
1446039,1872
1446543,1872
1447039,1872
1447543,1872
1448039,1872
1448543,1872
1449039,1872
1449543,1872
1450039,1872
1450543,1874
1451039,1875
1451543,1872
1452039,1874
1452543,1871
1453039,1874
1453543,1875
1454039,1872
1454543,1872
1455039,1872
1455543,1872
1456039,1874
1456543,1872
1457039,1874
1457543,1872
1458039,1871
1458543,1875
1459039,1872
1459543,1875
1460039,1875
1460543,1872
1461039,1873
1461543,1873
1462039,1872
1462543,1878
1463039,1874
1463543,1872
1464039,1873
1464543,1874
1465039,1872
1465543,1873
1466039,1873
1466543,1873
1467039,1873
1467543,1873
1468039,1873
1468543,1873
1469039,1873
1469543,1872
1470039,1873
1470543,1872
1471039,1872
1471543,1874
1472039,1875
1472543,1872
1473039,1875
1473543,1873
1474039,1875
1474543,1874
1475039,1872
1475543,1873
1476039,1872
1476543,1873
1477039,1872
1477543,1873
1478039,1875
1478543,1872
1479039,1873
1479543,1872
1480039,1874
1480543,1872
1481039,1874
1481543,1873
1482039,1873
1482543,1872
1483039,1872
1483543,1872
1484039,1873
1484543,1872
1485039,1873
1485543,1872
1486039,1873
1486543,1874
1487039,1877
1487543,1872
1488039,1873
1488543,1872
1489039,1875
1489543,1873
1490039,1872
1490543,1874
1491039,1873
1491543,1877
1492039,1874
1492543,1872
1493039,1872
1493543,1873
1494039,1873
1494543,1872
1495039,1872
1495543,1873
1496039,1876
1496543,1872
1497039,1873
1497543,1872
1498039,1875
1498543,1873
1499039,1872
1499543,1873
1500039,1872
1500543,1875
1501039,1874
1501543,1875
1502039,1872
1502543,1873
1503039,1873
1503543,1872
1504039,1874
1504543,1872
1505039,1874
1505543,1875
1506039,1872
1506543,1872
1507039,1872
1507543,1873
1508039,1875
1508543,1873
1509039,1872
1509543,1872
1510039,1872
1510543,1872
1511039,1873
1511543,1872
1512039,1873
1512543,1873
1513039,1872
1513543,1872
1514039,1873
1514543,1874
1515039,1875
1515543,1872
1516039,1873
1516543,1872
1517039,1872
1517543,1872
1518039,1873
1518543,1874
1519039,1873
1519543,1873
1520039,1872
1520543,1874
1521039,1872
1521543,1872
1522039,1872
1522543,1874
1523039,1872
1523543,1872
1524039,1873
1524543,1872
1525039,1872
1525543,1873
1526039,1872
1526543,1873
1527039,1872
1527543,1872
1528039,1873
1528543,1875
1529039,1873
1529543,1872
1530039,1873
1530543,1873
1531039,1872
1531543,1875
1532039,1872
1532543,1872
1533039,1878
1533543,1872
1534039,1872
1534543,1873
1535039,1872
1535543,1873
1536039,1872
1536543,1874
1537039,1872
1537543,1872
1538039,1872
1538543,1873
1539039,1874
1539543,1872
1540039,1873
1540543,1872
1541039,1873
1541543,1872
1542039,1873
1542543,1872
1543039,1873
1543543,1873
1544039,1875
1544543,1872
1545039,1871
1545543,1874
1546039,1875
1546543,1872
1547039,1872
1547543,1874
1548039,1877
1548543,1872
1549039,1873
1549543,1874
1550039,1875
1550543,1872
1551039,1871
1551543,1872
1552039,1872
1552543,1873
1553039,1878
1553543,1872
1554039,1874
1554543,1873
1555039,1874
1555543,1872
1556039,1872
1556543,1874
1557039,1872
1557543,1872
1558039,1875
1558543,1873
1559039,1873
1559543,1875
1560039,1873
1560543,1872
1561039,1872
1561543,1873
1562039,1872
1562543,1873
1563039,1874
1563543,1875
1564039,1874
1564543,1873
1565039,1872
1565543,1872
1566039,1872
1566543,1872
1567039,1875
1567543,1873
1568039,1872
1568543,1873
1569039,1872
1569543,1872
1570039,1872
1570543,1872
1571039,1872
1571543,1872
1572039,1872
1572543,1872
1573039,1873
1573543,1872
1574039,1874
1574543,1874
1575039,1873
1575543,1872
1576039,1872
1576543,1872
1577039,1874
1577543,1872
1578039,1872
1578543,1872
1579039,1875
1579543,1872
1580039,1875
1580543,1872
1581039,1872
1581543,1872
1582039,1874
1582543,1873
1583039,1874
1583543,1873
1584039,1875
1584543,1873
1585039,1872
1585543,1873
1586039,1872
1586543,1873
1587039,1873
1587543,1874
1588039,1872
1588543,1875
1589039,1876
1589543,1874
1590039,1872
1590543,1875
1591039,1872
1591543,1872
1592039,1872
1592543,1873
1593039,1873
1593543,1874
1594039,1872
1594543,1872
1595039,1872
1595543,1872
1596039,1872
1596543,1872
1597039,1873
1597543,1872
1598039,1872
1598543,1872
1599039,1872
1599543,1875
1600039,1872
1600543,1876
1601039,1872
1601543,1874
1602039,1872
1602543,1873
1603039,1875
1603543,1876
1604039,1874
1604543,1872
1605039,1872
1605543,1875
1606039,1872
1606543,1874
1607039,1873
1607543,1874
1608039,1872
1608543,1874
1609039,1872
1609543,1874
1610039,1874
1610543,1875
1611039,1872
1611543,1875
1612039,1875
1612543,1872
1613039,1872
1613543,1873
1614039,1872
1614543,1875
1615039,1872
1615543,1872
1616039,1872
1616543,1872
1617039,1872
1617543,1874
1618039,1873
1618543,1872
1619039,1872
1619543,1873
1620039,1872
1620543,1873
1621039,1874
1621543,1872
1622039,1874
1622543,1872
1623039,1874
1623543,1873
1624039,1873
1624543,1874
1625039,1874
1625543,1872
1626039,1873
1626543,1872
1627039,1875
1627543,1872
1628039,1875
1628543,1874
1629039,1872
1629543,1873
1630039,1873
1630543,1873
1631039,1871
1631543,1872
1632039,1872
1632543,1872
1633039,1872
1633543,1872
1634039,1874
1634543,1872
1635039,1872
1635543,1874
1636039,1873
1636543,1872
1637039,1875
1637543,1873
1638039,1873
1638543,1873
1639039,1876
1639543,1875
1640039,1872
1640543,1872
1641039,1874
1641543,1875
1642039,1874
1642543,1873
1643039,1873
1643543,1872
1644039,1872
1644543,1872
1645039,1873
1645543,1872
1646039,1872
1646543,1875
1647039,1873
1647543,1876
1648039,1872
1648543,1875
1649039,1873
1649543,1872
1650039,1874
1650543,1872
1651039,1872
1651543,1872
1652039,1874
1652543,1874
1653039,1874
1653543,1871
1654039,1872
1654543,1874
1655039,1873
1655543,1873
1656039,1873
1656543,1872
1657039,1872
1657543,1872
1658039,1873
1658543,1872
1659039,1872
1659543,1872
1660039,1873
1660543,1874
1661039,1872
1661543,1872
1662039,1872
1662543,1874
1663039,1874
1663543,1873
1664039,1873
1664543,1873
1665039,1873
1665543,1872
1666039,1872
1666543,1874
1667039,1872
1667543,1875
1668039,1872
1668543,1873
1669039,1872
1669543,1873
1670039,1872
1670543,1875
1671039,1872
1671543,1873
1672039,1873
1672543,1872
1673039,1872
1673543,1873
1674039,1872
1674543,1874
1675039,1872
1675543,1873
1676039,1871
1676543,1874
1677039,1877
1677543,1873
1678039,1873
1678543,1873
1679039,1872
1679543,1872
1680039,1874
1680543,1872
1681039,1872
1681543,1873
1682039,1872
1682543,1873
1683039,1873
1683543,1875
1684039,1872
1684543,1875
1685039,1872
1685543,1872
1686039,1872
1686543,1874
1687039,1873
1687543,1872
1688039,1872
1688543,1872
1689039,1874
1689543,1876
1690039,1872
1690543,1872
1691039,1873
1691543,1872
1692039,1872
1692543,1872
1693039,1873
1693543,1872
1694039,1873
1694543,1872
1695039,1874
1695543,1872
1696039,1874
1696543,1872
1697039,1872
1697543,1873
1698039,1872
1698543,1873
1699039,1873
1699543,1873
1700039,1875
1700543,1872
1701039,1875
1701543,1872
1702039,1872
1702543,1873
1703039,1872
1703543,1873
1704039,1872
1704543,1872
1705039,1873
1705543,1873
1706039,1871
1706543,1872
1707039,1875
1707543,1872
1708039,1872
1708543,1877
1709039,1873
1709543,1872
1710039,1872
1710543,1871
1711039,1872
1711543,1872
1712039,1873
1712543,1872
1713039,1872
1713543,1872
1714039,1873
1714543,1872
1715039,1872
1715543,1872
1716039,1877
1716543,1872
1717039,1876
1717543,1872
1718039,1872
1718543,1873
1719039,1872
1719543,1873
1720039,1872
1720543,1872
1721039,1873
1721543,1872
1722039,1873
1722543,1873
1723039,1871
1723543,1875
1724039,1873
1724543,1872
1725039,1872
1725543,1872
1726039,1872
1726543,1872
1727039,1871
1727543,1872
1728039,1872
1728543,1873
1729039,1872
1729543,1872
1730039,1873
1730543,1872
1731039,1872
1731543,1874
1732039,1873
1732543,1873
1733039,1873
1733543,1875
1734039,1873
1734543,1873
1735039,1872
1735543,1872
1736039,1873
1736543,1872
1737039,1872
1737543,1872
1738039,1873
1738543,1873
1739039,1874
1739543,1874
1740039,1872
1740543,1875
1741039,1872
1741543,1872
1742039,1874
1742543,1875
1743039,1872
1743543,1873
1744039,1872
1744543,1872
1745039,1873
1745543,1872
1746039,1872
1746543,1873
1747039,1872
1747543,1871
1748039,1873
1748543,1874
1749039,1872
1749543,1872
1750039,1872
1750543,1872
1751039,1872
1751543,1872
1752039,1872
1752543,1872
1753039,1872
1753543,1872
1754039,1873
1754543,1875
1755039,1873
1755543,1872
1756039,1873
1756543,1872
1757039,1873
1757543,1872
1758039,1872
1758543,1872
1759039,1872
1759543,1872
1760039,1873
1760543,1874
1761039,1874
1761543,1872
1762039,1872
1762543,1872
1763039,1872
1763543,1872
1764039,1872
1764543,1874
1765039,1872
1765543,1875
1766039,1872
1766543,1873
1767039,1875
1767543,1872
1768039,1874
1768543,1873
1769039,1872
1769543,1872
1770039,1872
1770543,1874
1771039,1873
1771543,1873
1772039,1872
1772543,1874
1773039,1872
1773543,1872
1774039,1873
1774543,1874
1775039,1874
1775543,1876
1776039,1875
1776543,1875
1777039,1872
1777543,1873
1778039,1873
1778543,1872
1779039,1873
1779543,1874
1780039,1872
1780543,1873
1781039,1873
1781543,1874
1782039,1874
1782543,1872
1783039,1873
1783543,1873
1784039,1875
1784543,1877
1785039,1874
1785543,1873
1786039,1872
1786543,1873
1787039,1872
1787543,1878
1788039,1872
1788543,1872
1789039,1872
1789543,1876
1790039,1872
1790543,1875
1791039,1872
1791543,1874
1792039,1873
1792543,1874
1793039,1874
1793543,1872
1794039,1872
1794543,1872
1795039,1875
1795543,1874
1796039,1871
1796543,1873
1797039,1873
1797543,1874
1798039,1872
1798543,1873
1799039,1872
1799543,1871
1800039,1872
1800543,1876
1801039,1876
1801543,1875
1802039,1874
1802543,1875
1803039,1872
1803543,1873
1804039,1873
1804543,1872
1805039,1875
1805543,1873
1806039,1872
1806543,1873
1807039,1872
1807543,1872
1808039,1872
1808543,1873
1809039,1872
1809543,1875
1810039,1873
1810543,1873
1811039,1876
1811543,1874
1812039,1872
1812543,1872
1813039,1875
1813543,1873
1814039,1872
1814543,1872
1815039,1872
1815543,1874
1816039,1873
1816543,1873
1817039,1872
1817543,1872
1818039,1872
1818543,1871
1819039,1873
1819543,1873
1820039,1874
1820543,1872
1821039,1872
1821543,1872
1822039,1875
1822543,1873
1823039,1874
1823543,1873
1824039,1873
1824543,1872
1825039,1874
1825543,1873
1826039,1872
1826543,1872
1827039,1875
1827543,1873
1828039,1872
1828543,1872
1829039,1873
1829543,1874
1830039,1872
1830543,1872
1831039,1872
1831543,1872
1832039,1872
1832543,1874
1833039,1872
1833543,1872
1834039,1873
1834543,1872
1835039,1872
1835543,1872
1836039,1875
1836543,1871
1837039,1872
1837543,1873
1838039,1872
1838543,1871
1839039,1874
1839543,1876
1840039,1872
1840543,1872
1841039,1874
1841543,1872
1842039,1874
1842543,1872
1843039,1872
1843543,1873
1844039,1872
1844543,1872
1845039,1872
1845543,1873
1846039,1873
1846543,1872
1847039,1872
1847543,1872
1848039,1874
1848543,1873
1849039,1873
1849543,1872
1850039,1874
1850543,1874
1851039,1875
1851543,1873
1852039,1872
1852543,1873
1853039,1872
1853543,1872
1854039,1872
1854543,1873
1855039,1873
1855543,1872
1856039,1873
1856543,1872
1857039,1872
1857543,1873
1858039,1872
1858543,1873
1859039,1872
1859543,1871
1860039,1872
1860543,1870
1861039,1872
1861543,1874
1862039,1872
1862543,1872
1863039,1872
1863543,1873
1864039,1872
1864543,1872
1865039,1874
1865543,1877
1866039,1873
1866543,1873
1867039,1872
1867543,1876
1868039,1874
1868543,1872
1869039,1873
1869543,1873
1870039,1872
1870543,1872
1871039,1872
1871543,1872
1872039,1873
1872543,1872
1873039,1872
1873543,1872
1874039,1872
1874543,1871
1875039,1873
1875543,1872
1876039,1872
1876543,1872
1877039,1874
1877543,1872
1878039,1874
1878543,1875
1879039,1872
1879543,1872
1880039,1874
1880543,1872
1881039,1872
1881543,1872
1882039,1872
1882543,1872
1883039,1873
1883543,1872
1884039,1872
1884543,1872
1885039,1872
1885543,1872
1886039,1872
1886543,1873
1887039,1873
1887543,1872
1888039,1872
1888543,1872
1889039,1872
1889543,1872
1890039,1877
1890543,1874
1891039,1872
1891543,1873
1892039,1872
1892543,1871
1893039,1872
1893543,1873
1894039,1872
1894543,1872
1895039,1874
1895543,1872
1896039,1877
1896543,1872
1897039,1875
1897543,1872
1898039,1873
1898543,1873
1899039,1872
1899543,1872
1900039,1873
1900543,1873
1901039,1873
1901543,1872
1902039,1872
1902543,1873
1903039,1872
1903543,1872
1904039,1873
1904543,1872
1905039,1873
1905543,1874
1906039,1872
1906543,1874
1907039,1872
1907543,1872
1908039,1872
1908543,1872
1909039,1873
1909543,1872
1910039,1872
1910543,1872
1911039,1873
1911543,1872
1912039,1872
1912543,1872
1913039,1875
1913543,1873
1914039,1875
1914543,1872
1915039,1872
1915543,1875
1916039,1872
1916543,1872
1917039,1872
1917543,1876
1918039,1872
1918543,1875
1919039,1872
1919543,1875
1920039,1873
1920543,1872
1921039,1872
1921543,1872
1922039,1873
1922543,1872
1923039,1873
1923543,1872
1924039,1872
1924543,1872
1925039,1874
1925543,1872
1926039,1873
1926543,1873
1927039,1871
1927543,1872
1928039,1874
1928543,1872
1929039,1872
1929543,1872
1930039,1874
1930543,1872
1931039,1877
1931543,1872
1932039,1872
1932543,1872
1933039,1873
1933543,1873
1934039,1874
1934543,1874
1935039,1874
1935543,1872
1936039,1871
1936543,1874
1937039,1872
1937543,1872
1938039,1872
1938543,1873
1939039,1874
1939543,1872
1940039,1873
1940543,1872
1941039,1874
1941543,1872
1942039,1871
1942543,1872
1943039,1872
1943543,1874
1944039,1872
1944543,1872
1945039,1872
1945543,1874
1946039,1872
1946543,1873
1947039,1872
1947543,1872
1948039,1872
1948543,1872
1949039,1872
1949543,1872
1950039,1872
1950543,1873
1951039,1872
1951543,1872
1952039,1872
1952543,1875
1953039,1872
1953543,1875
1954039,1872
1954543,1872
1955039,1872
1955543,1872
1956039,1874
1956543,1872
1957039,1872
1957543,1872
1958039,1872
1958543,1872
1959039,1872
1959543,1872
1960039,1872
1960543,1874
1961039,1873
1961543,1872
1962039,1873
1962543,1873
1963039,1875
1963543,1872
1964039,1876
1964543,1872
1965039,1872
1965543,1874
1966039,1872
1966543,1872
1967039,1872
1967543,1873
1968039,1872
1968543,1873
1969039,1873
1969543,1872
1970039,1873
1970543,1872
1971039,1872
1971543,1872
1972039,1872
1972543,1872
1973039,1871
1973543,1872
1974039,1874
1974543,1872
1975039,1874
1975543,1873
1976039,1872
1976543,1874
1977039,1871
1977543,1872
1978039,1873
1978543,1875
1979039,1874
1979543,1873
1980039,1875
1980543,1872
1981039,1873
1981543,1875
1982039,1875
1982543,1874
1983039,1872
1983543,1875
1984039,1872
1984543,1872
1985039,1872
1985543,1874
1986039,1873
1986543,1872
1987039,1872
1987543,1874
1988039,1873
1988543,1872
1989039,1873
1989543,1873
1990039,1873
1990543,1873
1991039,1872
1991543,1872
1992039,1872
1992543,1872
1993039,1872
1993543,1874
1994039,1872
1994543,1872
1995039,1874
1995543,1873
1996039,1871
1996543,1873
1997039,1873
1997543,1875
1998039,1872
1998543,1872
1999039,1872
1999543,1873
2000039,1872
2000543,1873
2001039,1872
2001543,1873
2002039,1875
2002543,1875
2003039,1873
2003543,1874
2004039,1873
2004543,1872
2005039,1872
2005543,1872
2006039,1872
2006543,1872
2007039,1873
2007543,1874
2008039,1874
2008543,1872
2009039,1874
2009543,1872
2010039,1872
2010543,1872
2011039,1872
2011543,1873
2012039,1872
2012543,1872
2013039,1874
2013543,1872
2014039,1872
2014543,1874
2015039,1871
2015543,1875
2016039,1875
2016543,1872
2017039,1872
2017543,1874
2018039,1872
2018543,1872
2019039,1874
2019543,1873
2020039,1873
2020543,1877
2021039,1874
2021543,1873
2022039,1875
2022543,1872
2023039,1875
2023543,1873
2024039,1873
2024543,1872
2025039,1875
2025543,1874
2026039,1874
2026543,1873
2027039,1872
2027543,1873
2028039,1873
2028543,1873
2029039,1874
2029543,1872
2030039,1872
2030543,1872
2031039,1875
2031543,1872
2032039,1872
2032543,1875
2033039,1875
2033543,1872
2034039,1872
2034543,1872
2035039,1873
2035543,1873
2036039,1873
2036543,1873
2037039,1873
2037543,1874
2038039,1873
2038543,1873
2039039,1872
2039543,1874
2040039,1872
2040543,1873
2041039,1873
2041543,1874
2042039,1875
2042543,1874
2043039,1872
2043543,1873
2044039,1872
2044543,1873
2045039,1873
2045543,1874
2046039,1872
2046543,1873
2047039,1871
2047543,1874
2048039,1873
2048543,1875
2049039,1872
2049543,1872
2050039,1872
2050543,1873
2051039,1877
2051543,1872
2052039,1874
2052543,1872
2053039,1875
2053543,1873
2054039,1872
2054543,1874
2055039,1872
2055543,1875
2056039,1873
2056543,1872
2057039,1872
2057543,1872
2058039,1873
2058543,1872
2059039,1872
2059543,1874
2060039,1872
2060543,1873
2061039,1872
2061543,1872
2062039,1874
2062543,1873
2063039,1872
2063543,1872
2064039,1872
2064543,1877
2065039,1875
2065543,1872
2066039,1872
2066543,1872
2067039,1873
2067543,1872
2068039,1873
2068543,1873
2069039,1873
2069543,1875
2070039,1873
2070543,1872
2071039,1872
2071543,1874
2072039,1874
2072543,1875
2073039,1872
2073543,1873
2074039,1872
2074543,1872
2075039,1872
2075543,1875
2076039,1873
2076543,1872
2077039,1872
2077543,1872
2078039,1877
2078543,1873
2079039,1872
2079543,1874
2080039,1872
2080543,1872
2081039,1872
2081543,1873
2082039,1873
2082543,1873
2083039,1874
2083543,1872
2084039,1872
2084543,1872
2085039,1872
2085543,1874
2086039,1875
2086543,1872
2087039,1875
2087543,1873
2088039,1874
2088543,1872
2089039,1873
2089543,1876
2090039,1876
2090543,1872
2091039,1872
2091543,1872
2092039,1872
2092543,1872
2093039,1873
2093543,1873
2094039,1872
2094543,1873
2095039,1873
2095543,1874
2096039,1873
2096543,1874
2097039,1873
2097543,1873
2098039,1872
2098543,1875
2099039,1872
2099543,1872
2100039,1872
2100543,1871
2101039,1873
2101543,1872
2102039,1873
2102543,1872
2103039,1871
2103543,1872
2104039,1872
2104543,1873
2105039,1872
2105543,1872
2106039,1872
2106543,1872
2107039,1872
2107543,1876
2108039,1872
2108543,1872
2109039,1872
2109543,1873
2110039,1871
2110543,1876
2111039,1873
2111543,1872
2112039,1872
2112543,1873
2113039,1872
2113543,1875
2114039,1872
2114543,1872
2115039,1872
2115543,1872
2116039,1875
2116543,1872
2117039,1873
2117543,1872
2118039,1873
2118543,1875
2119039,1873
2119543,1872
2120039,1872
2120543,1875
2121039,1872
2121543,1872
2122039,1875
2122543,1872
2123039,1872
2123543,1873
2124039,1872
2124543,1872
2125039,1874
2125543,1875
2126039,1873
2126543,1872
2127039,1872
2127543,1872
2128039,1872
2128543,1874
2129039,1877
2129543,1872
2130039,1872
2130543,1872
2131039,1873
2131543,1872
2132039,1872
2132543,1872
2133039,1873
2133543,1873
2134039,1872
2134543,1872
2135039,1873
2135543,1872
2136039,1873
2136543,1872
2137039,1875
2137543,1875
2138039,1877
2138543,1874
2139039,1872
2139543,1873
2140039,1872
2140543,1872
2141039,1872
2141543,1873
2142039,1872
2142543,1872
2143039,1872
2143543,1872
2144039,1872
2144543,1875
2145039,1875
2145543,1872
2146039,1873
2146543,1874
2147039,1875
2147543,1872
2148039,1872
2148543,1874
2149039,1872
2149543,1872
2150039,1872
2150543,1873
2151039,1872
2151543,1874
2152039,1872
2152543,1872
2153039,1874
2153543,1874
2154039,1874
2154543,1872
2155039,1872
2155543,1873
2156039,1872
2156543,1872
2157039,1873
2157543,1874
2158039,1875
2158543,1874
2159039,1874
2159543,1872
2160039,1874
2160543,1872
2161039,1872
2161543,1873
2162039,1874
2162543,1872
2163039,1872
2163543,1872
2164039,1872
2164543,1872
2165039,1872
2165543,1872
2166039,1872
2166543,1873
2167039,1873
2167543,1874
2168039,1872
2168543,1873
2169039,1872
2169543,1872
2170039,1872
2170543,1873
2171039,1877
2171543,1872
2172039,1872
2172543,1873
2173039,1872
2173543,1873
2174039,1872
2174543,1872
2175039,1873
2175543,1873
2176039,1874
2176543,1877
2177039,1872
2177543,1873
2178039,1873
2178543,1874
2179039,1873
2179543,1873
2180039,1873
2180543,1872
2181039,1872
2181543,1870
2182039,1877
2182543,1872
2183039,1875
2183543,1873
2184039,1874
2184543,1872
2185039,1874
2185543,1875
2186039,1873
2186543,1873
2187039,1872
2187543,1878
2188039,1872
2188543,1872
2189039,1873
2189543,1873
2190039,1873
2190543,1872
2191039,1872
2191543,1875
2192039,1873
2192543,1872
2193039,1874
2193543,1872
2194039,1874
2194543,1872
2195039,1873
2195543,1873
2196039,1872
2196543,1873
2197039,1873
2197543,1873
2198039,1874
2198543,1872
2199039,1875
2199543,1875
2200039,1872
2200543,1871
2201039,1874
2201543,1871
2202039,1873
2202543,1873
2203039,1872
2203543,1872
2204039,1872
2204543,1872
2205039,1873
2205543,1872
2206039,1873
2206543,1872
2207039,1872
2207543,1873
2208039,1871
2208543,1872
2209039,1873
2209543,1872
2210039,1872
2210543,1872
2211039,1872
2211543,1872
2212039,1872
2212543,1874
2213039,1873
2213543,1872
2214039,1875
2214543,1875
2215039,1872
2215543,1873
2216039,1872
2216543,1872
2217039,1873
2217543,1875
2218039,1874
2218543,1872
2219039,1874
2219543,1872
2220039,1872
2220543,1872
2221039,1874
2221543,1872
2222039,1872
2222543,1872
2223039,1874
2223543,1872
2224039,1874
2224543,1872
2225039,1873
2225543,1872
2226039,1874
2226543,1873
2227039,1872
2227543,1873
2228039,1875
2228543,1873
2229039,1872
2229543,1876
2230039,1873
2230543,1872
2231039,1875
2231543,1872
2232039,1873
2232543,1872
2233039,1875
2233543,1873
2234039,1873
2234543,1872
2235039,1873
2235543,1872
2236039,1872
2236543,1872
2237039,1872
2237543,1874
2238039,1872
2238543,1872
2239039,1872
2239543,1872
2240039,1872
2240543,1872
2241039,1873
2241543,1872
2242039,1873
2242543,1874
2243039,1872
2243543,1872
2244039,1873
2244543,1872
2245039,1872
2245543,1872
2246039,1871
2246543,1874
2247039,1872
2247543,1873
2248039,1872
2248543,1875
2249039,1872
2249543,1872
2250039,1872
2250543,1875
2251039,1872
2251543,1874
2252039,1875
2252543,1872
2253039,1874
2253543,1872
2254039,1872
2254543,1872
2255039,1872
2255543,1877
2256039,1873
2256543,1872
2257039,1874
2257543,1872
2258039,1873
2258543,1872
2259039,1872
2259543,1873
2260039,1872
2260543,1873
2261039,1872
2261543,1872
2262039,1872
2262543,1877
2263039,1875
2263543,1873
2264039,1872
2264543,1872
2265039,1874
2265543,1872
2266039,1872
2266543,1872
2267039,1872
2267543,1872
2268039,1874
2268543,1873
2269039,1873
2269543,1872
2270039,1872
2270543,1873
2271039,1872
2271543,1873
2272039,1872
2272543,1875
2273039,1871
2273543,1872
2274039,1872
2274543,1875
2275039,1875
2275543,1872
2276039,1875
2276543,1872
2277039,1874
2277543,1872
2278039,1872
2278543,1872
2279039,1873
2279543,1874
2280039,1872
2280543,1874
2281039,1872
2281543,1875
2282039,1872
2282543,1873
2283039,1872
2283543,1875
2284039,1873
2284543,1873
2285039,1873
2285543,1875
2286039,1874
2286543,1872
2287039,1872
2287543,1874
2288039,1874
2288543,1872
2289039,1873
2289543,1873
2290039,1872
2290543,1872
2291039,1873
2291543,1875
2292039,1873
2292543,1872
2293039,1873
2293543,1872
2294039,1874
2294543,1872
2295039,1872
2295543,1872
2296039,1872
2296543,1872
2297039,1873
2297543,1872
2298039,1872
2298543,1873
2299039,1872
2299543,1873
2300039,1872
2300543,1872
2301039,1874
2301543,1872
2302039,1875
2302543,1872
2303039,1872
2303543,1876
2304039,1875
2304543,1872
2305039,1872
2305543,1873
2306039,1873
2306543,1872
2307039,1873
2307543,1872
2308039,1873
2308543,1871
2309039,1872
2309543,1872
2310039,1872
2310543,1872
2311039,1873
2311543,1872
2312039,1872
2312543,1871
2313039,1874
2313543,1872
2314039,1873
2314543,1872
2315039,1874
2315543,1872
2316039,1873
2316543,1875
2317039,1873
2317543,1872
2318039,1875
2318543,1874
2319039,1873
2319543,1874
2320039,1873
2320543,1872
2321039,1872
2321543,1872
2322039,1873
2322543,1873
2323039,1873
2323543,1872
2324039,1874
2324543,1873
2325039,1873
2325543,1872
2326039,1872
2326543,1873
2327039,1872
2327543,1872
2328039,1875
2328543,1873
2329039,1873
2329543,1872
2330039,1872
2330543,1873
2331039,1872
2331543,1872
2332039,1874
2332543,1871
2333039,1874
2333543,1874
2334039,1872
2334543,1877
2335039,1871
2335543,1875
2336039,1873
2336543,1872
2337039,1872
2337543,1872
2338039,1872
2338543,1872
2339039,1872
2339543,1872
2340039,1872
2340543,1872
2341039,1873
2341543,1873
2342039,1872
2342543,1874
2343039,1872
2343543,1872
2344039,1872
2344543,1874
2345039,1872
2345543,1875
2346039,1874
2346543,1872
2347039,1872
2347543,1872
2348039,1872
2348543,1873
2349039,1874
2349543,1872
2350039,1872
2350543,1873
2351039,1872
2351543,1872
2352039,1873
2352543,1874
2353039,1872
2353543,1872
2354039,1872
2354543,1873
2355039,1872
2355543,1872
2356039,1875
2356543,1872
2357039,1872
2357543,1873
2358039,1875
2358543,1872
2359039,1875
2359543,1874
2360039,1871
2360543,1875
2361039,1872
2361543,1873
2362039,1872
2362543,1875
2363039,1874
2363543,1872
2364039,1872
2364543,1872
2365039,1873
2365543,1874
2366039,1872
2366543,1872
2367039,1872
2367543,1873
2368039,1874
2368543,1872
2369039,1872
2369543,1872
2370039,1872
2370543,1873
2371039,1873
2371543,1872
2372039,1872
2372543,1873
2373039,1872
2373543,1872
2374039,1874
2374543,1873
2375039,1874
2375543,1877
2376039,1875
2376543,1872
2377039,1874
2377543,1872
2378039,1873
2378543,1872
2379039,1874
2379543,1872
2380039,1872
2380543,1872
2381039,1873
2381543,1872
2382039,1872
2382543,1874
2383039,1873
2383543,1874
2384039,1872
2384543,1874
2385039,1875
2385543,1873
2386039,1873
2386543,1872
2387039,1873
2387543,1873
2388039,1873
2388543,1874
2389039,1878
2389543,1872
2390039,1873
2390543,1873
2391039,1876
2391543,1873
2392039,1872
2392543,1872
2393039,1876
2393543,1873
2394039,1873
2394543,1872
2395039,1872
2395543,1872
2396039,1872
2396543,1872
2397039,1873
2397543,1874
2398039,1874
2398543,1873
2399039,1873
2399543,1872
2400039,1872
2400543,1874
2401039,1873
2401543,1872
2402039,1874
2402543,1873
2403039,1872
2403543,1873
2404039,1872
2404543,1873
2405039,1872
2405543,1875
2406039,1872
2406543,1872
2407039,1872
2407543,1874
2408039,1875
2408543,1874
2409039,1874
2409543,1874
2410039,1873
2410543,1872
2411039,1873
2411543,1872
2412039,1872
2412543,1872
2413039,1875
2413543,1875
2414039,1874
2414543,1875
2415039,1871
2415543,1875
2416039,1872
2416543,1872
2417039,1877
2417543,1875
2418039,1875
2418543,1872
2419039,1876
2419543,1872
2420039,1872
2420543,1872
2421039,1871
2421543,1874
2422039,1872
2422543,1872
2423039,1872
2423543,1872
2424039,1872
2424543,1873
2425039,1873
2425543,1872
2426039,1872
2426543,1872
2427039,1872
2427543,1873
2428039,1873
2428543,1874
2429039,1872
2429543,1874
2430039,1873
2430543,1872
2431039,1873
2431543,1872
2432039,1872
2432543,1872
2433039,1872
2433543,1873
2434039,1874
2434543,1872
2435039,1872
2435543,1871
2436039,1871
2436543,1872
2437039,1872
2437543,1872
2438039,1872
2438543,1872
2439039,1871
2439543,1872
2440039,1872
2440543,1872
2441039,1873
2441543,1872
2442039,1872
2442543,1872
2443039,1871
2443543,1872
2444039,1875
2444543,1872
2445039,1872
2445543,1873
2446039,1872
2446543,1872
2447039,1872
2447543,1872
2448039,1872
2448543,1872
2449039,1872
2449543,1873
2450039,1872
2450543,1873
2451039,1872
2451543,1872
2452039,1873
2452543,1873
2453039,1874
2453543,1872
2454039,1872
2454543,1874
2455039,1872
2455543,1872
2456039,1873
2456543,1874
2457039,1872
2457543,1872
2458039,1872
2458543,1873
2459039,1875
2459543,1873
2460039,1873
2460543,1873
2461039,1872
2461543,1872
2462039,1873
2462543,1873
2463039,1872
2463543,1873
2464039,1874
2464543,1872
2465039,1876
2465543,1877
2466039,1872
2466543,1872
2467039,1873
2467543,1872
2468039,1872
2468543,1872
2469039,1872
2469543,1874
2470039,1872
2470543,1872
2471039,1875
2471543,1874
2472039,1873
2472543,1872
2473039,1875
2473543,1872
2474039,1873
2474543,1872
2475039,1873
2475543,1873
2476039,1872
2476543,1873
2477039,1873
2477543,1873
2478039,1873
2478543,1872
2479039,1873
2479543,1873
2480039,1872
2480543,1871
2481039,1872
2481543,1872
2482039,1874
2482543,1874
2483039,1873
2483543,1872
2484039,1872
2484543,1872
2485039,1873
2485543,1872
2486039,1872
2486543,1872
2487039,1872
2487543,1874
2488039,1876
2488543,1872
2489039,1874
2489543,1874
2490039,1872
2490543,1872
2491039,1872
2491543,1873
2492039,1872
2492543,1876
2493039,1872
2493543,1872
2494039,1872
2494543,1873
2495039,1873
2495543,1872
2496039,1873
2496543,1873
2497039,1875
2497543,1871
2498039,1872
2498543,1874
2499039,1872
2499543,1872
2500039,1872
2500543,1872
2501039,1877
2501543,1872
2502039,1873
2502543,1872
2503039,1873
2503543,1874
2504039,1872
2504543,1872
2505039,1873
2505543,1876
2506039,1872
2506543,1872
2507039,1872
2507543,1872
2508039,1872
2508543,1873
2509039,1875
2509543,1875
2510039,1872
2510543,1873
2511039,1872
2511543,1874
2512039,1876
2512543,1872
2513039,1872
2513543,1875
2514039,1873
2514543,1872
2515039,1873
2515543,1873
2516039,1872
2516543,1873
2517039,1872
2517543,1875
2518039,1872
2518543,1872
2519039,1872
2519543,1872
2520039,1876
2520543,1873
2521039,1874
2521543,1871
2522039,1875
2522543,1873
2523039,1875
2523543,1874
2524039,1873
2524543,1874
2525039,1872
2525543,1873
2526039,1873
2526543,1872
2527039,1872
2527543,1872
2528039,1872
2528543,1875
2529039,1872
2529543,1873
2530039,1872
2530543,1874
2531039,1874
2531543,1877
2532039,1873
2532543,1872
2533039,1873
2533543,1873
2534039,1872
2534543,1875
2535039,1875
2535543,1872
2536039,1873
2536543,1872
2537039,1874
2537543,1875
2538039,1872
2538543,1873
2539039,1873
2539543,1872
2540039,1872
2540543,1872
2541039,1873
2541543,1872
2542039,1872
2542543,1872
2543039,1874
2543543,1872
2544039,1872
2544543,1875
2545039,1872
2545543,1872
2546039,1873
2546543,1877
2547039,1872
2547543,1873
2548039,1873
2548543,1872
2549039,1872
2549543,1872
2550039,1873
2550543,1872
2551039,1878
2551543,1873
2552039,1874
2552543,1874
2553039,1872
2553543,1872
2554039,1873
2554543,1872
2555039,1872
2555543,1874
2556039,1874
2556543,1872
2557039,1873
2557543,1875
2558039,1872
2558543,1873
2559039,1872
2559543,1872
2560039,1873
2560543,1877
2561039,1873
2561543,1876
2562039,1872
2562543,1872
2563039,1872
2563543,1872
2564039,1874
2564543,1873
2565039,1873
2565543,1873
2566039,1875
2566543,1872
2567039,1872
2567543,1873
2568039,1873
2568543,1872
2569039,1874
2569543,1872
2570039,1872
2570543,1872
2571039,1872
2571543,1872
2572039,1873
2572543,1872
2573039,1873
2573543,1872
2574039,1873
2574543,1873
2575039,1873
2575543,1872
2576039,1872
2576543,1872
2577039,1872
2577543,1873
2578039,1874
2578543,1872
2579039,1872
2579543,1872
2580039,1872
2580543,1872
2581039,1874
2581543,1872
2582039,1875
2582543,1872
2583039,1872
2583543,1872
2584039,1873
2584543,1872
2585039,1874
2585543,1875
2586039,1873
2586543,1872
2587039,1873
2587543,1872
2588039,1872
2588543,1872
2589039,1872
2589543,1875
2590039,1872
2590543,1872
2591039,1873
2591543,1873
2592039,1872
2592543,1872
2593039,1876
2593543,1872
2594039,1872
2594543,1873
2595039,1875
2595543,1877
2596039,1872
2596543,1873
2597039,1875
2597543,1874
2598039,1872
2598543,1873
2599039,1872
2599543,1872
2600039,1877
2600543,1874
2601039,1875
2601543,1874
2602039,1873
2602543,1872
2603039,1873
2603543,1872
2604039,1872
2604543,1872
2605039,1872
2605543,1872
2606039,1873
2606543,1872
2607039,1874
2607543,1872
2608039,1872
2608543,1873
2609039,1872
2609543,1873
2610039,1872
2610543,1873
2611039,1875
2611543,1873
2612039,1872
2612543,1873
2613039,1873
2613543,1872
2614039,1872
2614543,1872
2615039,1872
2615543,1874
2616039,1873
2616543,1873
2617039,1872
2617543,1874
2618039,1875
2618543,1872
2619039,1872
2619543,1872
2620039,1872
2620543,1873
2621039,1874
2621543,1872
2622039,1873
2622543,1874
2623039,1873
2623543,1874
2624039,1872
2624543,1873
2625039,1872
2625543,1873
2626039,1875
2626543,1873
2627039,1875
2627543,1874
2628039,1873
2628543,1875
2629039,1872
2629543,1875
2630039,1874
2630543,1874
2631039,1873
2631543,1872
2632039,1874
2632543,1874
2633039,1873
2633543,1873
2634039,1872
2634543,1872
2635039,1873
2635543,1875
2636039,1872
2636543,1872
2637039,1872
2637543,1872
2638039,1872
2638543,1872
2639039,1873
2639543,1872
2640039,1874
2640543,1873
2641039,1872
2641543,1875
2642039,1872
2642543,1872
2643039,1872
2643543,1872
2644039,1875
2644543,1877
2645039,1874
2645543,1872
2646039,1872
2646543,1871
2647039,1873
2647543,1873
2648039,1872
2648543,1874
2649039,1872
2649543,1872
2650039,1872
2650543,1872
2651039,1872
2651543,1872
2652039,1872
2652543,1874
2653039,1871
2653543,1872
2654039,1872
2654543,1872
2655039,1872
2655543,1872
2656039,1872
2656543,1872
2657039,1872
2657543,1873
2658039,1872
2658543,1873
2659039,1874
2659543,1875
2660039,1872
2660543,1873
2661039,1872
2661543,1873
2662039,1872
2662543,1872
2663039,1872
2663543,1872
2664039,1872
2664543,1872
2665039,1872
2665543,1873
2666039,1872
2666543,1872
2667039,1876
2667543,1872
2668039,1872
2668543,1872
2669039,1873
2669543,1873
2670039,1872
2670543,1873
2671039,1875
2671543,1872
2672039,1875
2672543,1872
2673039,1874
2673543,1873
2674039,1873
2674543,1872
2675039,1873
2675543,1872
2676039,1872
2676543,1875
2677039,1872
2677543,1872
2678039,1875
2678543,1872
2679039,1873
2679543,1872
2680039,1872
2680543,1875
2681039,1872
2681543,1872
2682039,1873
2682543,1872
2683039,1872
2683543,1875
2684039,1872
2684543,1873
2685039,1873
2685543,1874
2686039,1873
2686543,1872
2687039,1872
2687543,1873
2688039,1872
2688543,1872
2689039,1872
2689543,1872
2690039,1872
2690543,1869
2691039,1872
2691543,1872
2692039,1873
2692543,1874
2693039,1872
2693543,1873
2694039,1873
2694543,1875
2695039,1872
2695543,1872
2696039,1873
2696543,1872
2697039,1872
2697543,1872
2698039,1871
2698543,1872
2699039,1872
2699543,1873
2700039,1872
2700543,1872
2701039,1872
2701543,1872
2702039,1872
2702543,1872
2703039,1872
2703543,1872
2704039,1873
2704543,1872
2705039,1872
2705543,1872
2706039,1872
2706543,1872
2707039,1875
2707543,1872
2708039,1875
2708543,1873
2709039,1874
2709543,1872
2710039,1872
2710543,1872
2711039,1872
2711543,1874
2712039,1873
2712543,1872
2713039,1872
2713543,1873
2714039,1874
2714543,1872
2715039,1872
2715543,1872
2716039,1873
2716543,1872
2717039,1872
2717543,1872
2718039,1872
2718543,1872
2719039,1872
2719543,1872
2720039,1870
2720543,1872
2721039,1873
2721543,1872
2722039,1872
2722543,1872
2723039,1873
2723543,1872
2724039,1873
2724543,1873
2725039,1872
2725543,1873
2726039,1873
2726543,1872
2727039,1874
2727543,1873
2728039,1872
2728543,1875
2729039,1872
2729543,1872
2730039,1874
2730543,1873
2731039,1872
2731543,1873
2732039,1872
2732543,1872
2733039,1872
2733543,1875
2734039,1872
2734543,1872
2735039,1872
2735543,1873
2736039,1872
2736543,1873
2737039,1872
2737543,1874
2738039,1873
2738543,1872
2739039,1872
2739543,1872
2740039,1873
2740543,1872
2741039,1873
2741543,1873
2742039,1872
2742543,1872
2743039,1873
2743543,1874
2744039,1873
2744543,1872
2745039,1872
2745543,1872
2746039,1871
2746543,1872
2747039,1873
2747543,1872
2748039,1872
2748543,1875
2749039,1872
2749543,1872
2750039,1872
2750543,1877
2751039,1872
2751543,1873
2752039,1873
2752543,1872
2753039,1872
2753543,1873
2754039,1873
2754543,1872
2755039,1874
2755543,1873
2756039,1873
2756543,1872
2757039,1872
2757543,1872
2758039,1874
2758543,1872
2759039,1874
2759543,1872
2760039,1874
2760543,1873
2761039,1872
2761543,1872
2762039,1872
2762543,1873
2763039,1872
2763543,1872
2764039,1872
2764543,1872
2765039,1874
2765543,1873
2766039,1872
2766543,1872
2767039,1872
2767543,1873
2768039,1872
2768543,1873
2769039,1873
2769543,1872
2770039,1875
2770543,1872
2771039,1873
2771543,1871
2772039,1872
2772543,1874
2773039,1872
2773543,1872
2774039,1872
2774543,1875
2775039,1872
2775543,1872
2776039,1872
2776543,1872
2777039,1872
2777543,1871
2778039,1872
2778543,1876
2779039,1872
2779543,1872
2780039,1872
2780543,1872
2781039,1874
2781543,1872
2782039,1872
2782543,1872
2783039,1872
2783543,1875
2784039,1870
2784543,1872
2785039,1873
2785543,1874
2786039,1872
2786543,1874
2787039,1874
2787543,1873
2788039,1872
2788543,1873
2789039,1874
2789543,1872
2790039,1872
2790543,1873
2791039,1874
2791543,1872
2792039,1874
2792543,1873
2793039,1873
2793543,1872
2794039,1872
2794543,1872
2795039,1872
2795543,1872
2796039,1877
2796543,1872
2797039,1872
2797543,1873
2798039,1873
2798543,1872
2799039,1872
2799543,1872
2800039,1878
2800543,1874
2801039,1873
2801543,1871
2802039,1873
2802543,1872
2803039,1873
2803543,1874
2804039,1873
2804543,1871
2805039,1875
2805543,1872
2806039,1872
2806543,1872
2807039,1873
2807543,1872
2808039,1873
2808543,1872
2809039,1872
2809543,1874
2810039,1874
2810543,1874
2811039,1872
2811543,1874
2812039,1874
2812543,1873
2813039,1873
2813543,1874
2814039,1874
2814543,1875
2815039,1872
2815543,1875
2816039,1872
2816543,1873
2817039,1872
2817543,1872
2818039,1872
2818543,1873
2819039,1872
2819543,1872
2820039,1872
2820543,1873
2821039,1874
2821543,1874
2822039,1872
2822543,1874
2823039,1875
2823543,1877
2824039,1878
2824543,1872
2825039,1872
2825543,1872
2826039,1875
2826543,1869
2827039,1874
2827543,1872
2828039,1872
2828543,1874
2829039,1873
2829543,1874
2830039,1872
2830543,1872
2831039,1874
2831543,1872
2832039,1872
2832543,1875
2833039,1872
2833543,1874
2834039,1874
2834543,1873
2835039,1873
2835543,1872
2836039,1872
2836543,1874
2837039,1873
2837543,1872
2838039,1873
2838543,1872
2839039,1872
2839543,1873
2840039,1872
2840543,1872
2841039,1873
2841543,1872
2842039,1872
2842543,1873
2843039,1872
2843543,1872
2844039,1872
2844543,1872
2845039,1872
2845543,1873
2846039,1873
2846543,1872
2847039,1873
2847543,1877
2848039,1874
2848543,1873
2849039,1872
2849543,1872
2850039,1872
2850543,1876
2851039,1872
2851543,1872
2852039,1873
2852543,1872
2853039,1872
2853543,1872
2854039,1872
2854543,1872
2855039,1872
2855543,1872
2856039,1875
2856543,1875
2857039,1872
2857543,1872
2858039,1874
2858543,1873
2859039,1872
2859543,1874
2860039,1872
2860543,1872
2861039,1874
2861543,1877
2862039,1872
2862543,1872
2863039,1872
2863543,1872
2864039,1872
2864543,1873
2865039,1870
2865543,1872
2866039,1871
2866543,1874
2867039,1872
2867543,1875
2868039,1873
2868543,1872
2869039,1873
2869543,1871
2870039,1872
2870543,1873
2871039,1872
2871543,1872
2872039,1871
2872543,1873
2873039,1872
2873543,1872
2874039,1872
2874543,1872
2875039,1872
2875543,1872
2876039,1872
2876543,1875
2877039,1872
2877543,1872
2878039,1875
2878543,1872
2879039,1872
2879543,1873
2880039,1873
2880543,1872
2881039,1872
2881543,1871
2882039,1876
2882543,1873
2883039,1872
2883543,1874
2884039,1872
2884543,1874
2885039,1874
2885543,1869
2886039,1872
2886543,1873
2887039,1873
2887543,1874
2888039,1873
2888543,1874
2889039,1874
2889543,1875
2890039,1873
2890543,1873
2891039,1873
2891543,1872
2892039,1871
2892543,1872
2893039,1872
2893543,1873
2894039,1873
2894543,1873
2895039,1872
2895543,1872
2896039,1876
2896543,1873
2897039,1872
2897543,1874
2898039,1874
2898543,1872
2899039,1874
2899543,1873
2900039,1875
2900543,1873
2901039,1873
2901543,1872
2902039,1872
2902543,1872
2903039,1874
2903543,1873
2904039,1873
2904543,1872
2905039,1872
2905543,1874
2906039,1873
2906543,1874
2907039,1872
2907543,1874
2908039,1872
2908543,1875
2909039,1874
2909543,1872
2910039,1872
2910543,1872
2911039,1873
2911543,1872
2912039,1877
2912543,1874
2913039,1875
2913543,1875
2914039,1874
2914543,1873
2915039,1872
2915543,1872
2916039,1872
2916543,1872
2917039,1872
2917543,1875
2918039,1873
2918543,1872
2919039,1872
2919543,1872
2920039,1874
2920543,1872
2921039,1872
2921543,1872
2922039,1872
2922543,1872
2923039,1873
2923543,1873
2924039,1875
2924543,1873
2925039,1872
2925543,1872
2926039,1872
2926543,1875
2927039,1873
2927543,1874
2928039,1872
2928543,1872
2929039,1874
2929543,1874
2930039,1872
2930543,1872
2931039,1872
2931543,1872
2932039,1873
2932543,1872
2933039,1874
2933543,1871
2934039,1872
2934543,1873
2935039,1874
2935543,1874
2936039,1872
2936543,1875
2937039,1873
2937543,1871
2938039,1872
2938543,1872
2939039,1873
2939543,1872
2940039,1873
2940543,1872
2941039,1873
2941543,1872
2942039,1875
2942543,1872
2943039,1872
2943543,1873
2944039,1874
2944543,1872
2945039,1874
2945543,1872
2946039,1872
2946543,1873
2947039,1872
2947543,1872
2948039,1872
2948543,1873
2949039,1872
2949543,1872
2950039,1873
2950543,1872
2951039,1872
2951543,1872
2952039,1873
2952543,1871
2953039,1872
2953543,1872
2954039,1872
2954543,1873
2955039,1872
2955543,1872
2956039,1872
2956543,1873
2957039,1872
2957543,1873
2958039,1872
2958543,1874
2959039,1872
2959543,1872
2960039,1874
2960543,1872
2961039,1872
2961543,1874
2962039,1874
2962543,1874
2963039,1872
2963543,1875
2964039,1872
2964543,1872
2965039,1877
2965543,1873
2966039,1873
2966543,1875
2967039,1871
2967543,1875
2968039,1872
2968543,1876
2969039,1872
2969543,1872
2970039,1872
2970543,1875
2971039,1873
2971543,1873
2972039,1874
2972543,1874
2973039,1872
2973543,1874
2974039,1876
2974543,1872
2975039,1872
2975543,1872
2976039,1873
2976543,1872
2977039,1872
2977543,1872
2978039,1875
2978543,1872
2979039,1874
2979543,1872
2980039,1871
2980543,1872
2981039,1872
2981543,1872
2982039,1875
2982543,1871
2983039,1872
2983543,1872
2984039,1873
2984543,1872
2985039,1873
2985543,1875
2986039,1875
2986543,1872
2987039,1872
2987543,1874
2988039,1874
2988543,1873
2989039,1872
2989543,1872
2990039,1872
2990543,1873
2991039,1872
2991543,1872
2992039,1872
2992543,1875
2993039,1873
2993543,1875
2994039,1874
2994543,1876
2995039,1873
2995543,1872
2996039,1875
2996543,1874
2997039,1872
2997543,1873
2998039,1872
2998543,1873
2999039,1872
2999543,1873
3000039,1876
3000543,1876
3001039,1873
3001543,1872
3002039,1875
3002543,1872
3003039,1874
3003543,1873
3004039,1873
3004543,1873
3005039,1873
3005543,1872
3006039,1873
3006543,1871
3007039,1872
3007543,1872
3008039,1872
3008543,1873
3009039,1872
3009543,1872
3010039,1872
3010543,1873
3011039,1872
3011543,1873
3012039,1874
3012543,1872
3013039,1874
3013543,1877
3014039,1872
3014543,1872
3015039,1872
3015543,1873
3016039,1875
3016543,1872
3017039,1875
3017543,1872
3018039,1873
3018543,1873
3019039,1872
3019543,1872
3020039,1874
3020543,1873
3021039,1873
3021543,1874
3022039,1875
3022543,1872
3023039,1873
3023543,1874
3024039,1872
3024543,1872
3025039,1872
3025543,1872
3026039,1870
3026543,1875
3027039,1875
3027543,1875
3028039,1873
3028543,1874
3029039,1872
3029543,1875
3030039,1872
3030543,1874
3031039,1873
3031543,1875
3032039,1872
3032543,1872
3033039,1872
3033543,1873
3034039,1872
3034543,1872
3035039,1874
3035543,1873
3036039,1873
3036543,1873
3037039,1873
3037543,1872
3038039,1873
3038543,1872
3039039,1874
3039543,1873
3040039,1872
3040543,1875
3041039,1872
3041543,1872
3042039,1874
3042543,1872
3043039,1876
3043543,1874
3044039,1872
3044543,1872
3045039,1872
3045543,1875
3046039,1872
3046543,1873
3047039,1872
3047543,1873
3048039,1872
3048543,1872
3049039,1873
3049543,1872
3050039,1872
3050543,1873
3051039,1872
3051543,1874
3052039,1872
3052543,1872
3053039,1872
3053543,1874
3054039,1872
3054543,1874
3055039,1873
3055543,1874
3056039,1872
3056543,1873
3057039,1872
3057543,1874
3058039,1874
3058543,1873
3059039,1872
3059543,1874
3060039,1874
3060543,1874
3061039,1872
3061543,1873
3062039,1874
3062543,1873
3063039,1873
3063543,1872
3064039,1872
3064543,1873
3065039,1873
3065543,1872
3066039,1873
3066543,1872
3067039,1872
3067543,1873
3068039,1872
3068543,1872
3069039,1872
3069543,1872
3070039,1873
3070543,1872
3071039,1872
3071543,1872
3072039,1872
3072543,1873
3073039,1874
3073543,1872
3074039,1872
3074543,1872
3075039,1877
3075543,1873
3076039,1873
3076543,1875
3077039,1877
3077543,1874
3078039,1872
3078543,1872
3079039,1873
3079543,1872
3080039,1872
3080543,1872
3081039,1872
3081543,1872
3082039,1872
3082543,1872
3083039,1879
3083543,1872
3084039,1872
3084543,1872
3085039,1872
3085543,1872
3086039,1872
3086543,1872
3087039,1872
3087543,1874
3088039,1872
3088543,1873
3089039,1872
3089543,1871
3090039,1872
3090543,1873
3091039,1873
3091543,1872
3092039,1872
3092543,1872
3093039,1872
3093543,1873
3094039,1872
3094543,1874
3095039,1872
3095543,1872
3096039,1872
3096543,1873
3097039,1872
3097543,1875
3098039,1873
3098543,1872
3099039,1872
3099543,1875
3100039,1872
3100543,1872
3101039,1872
3101543,1872
3102039,1875
3102543,1872
3103039,1872
3103543,1874
3104039,1872
3104543,1872
3105039,1872
3105543,1871
3106039,1873
3106543,1873
3107039,1872
3107543,1873
3108039,1873
3108543,1873
3109039,1872
3109543,1873
3110039,1874
3110543,1872
3111039,1873
3111543,1872
3112039,1874
3112543,1872
3113039,1872
3113543,1872
3114039,1872
3114543,1873
3115039,1872
3115543,1873
3116039,1872
3116543,1873
3117039,1874
3117543,1872
3118039,1872
3118543,1872
3119039,1871
3119543,1872
3120039,1872
3120543,1872
3121039,1874
3121543,1872
3122039,1873
3122543,1872
3123039,1872
3123543,1873
3124039,1872
3124543,1872
3125039,1872
3125543,1872
3126039,1873
3126543,1875
3127039,1872
3127543,1872
3128039,1872
3128543,1872
3129039,1872
3129543,1872
3130039,1873
3130543,1872
3131039,1874
3131543,1872
3132039,1872
3132543,1874
3133039,1872
3133543,1872
3134039,1874
3134543,1873
3135039,1872
3135543,1874
3136039,1877
3136543,1874
3137039,1873
3137543,1872
3138039,1874
3138543,1872
3139039,1874
3139543,1876
3140039,1872
3140543,1872
3141039,1872
3141543,1872
3142039,1875
3142543,1874
3143039,1872
3143543,1872
3144039,1872
3144543,1873
3145039,1872
3145543,1872
3146039,1874
3146543,1873
3147039,1872
3147543,1872
3148039,1873
3148543,1871
3149039,1872
3149543,1873
3150039,1872
3150543,1872
3151039,1873
3151543,1872
3152039,1874
3152543,1872
3153039,1873
3153543,1874
3154039,1872
3154543,1872
3155039,1872
3155543,1875
3156039,1872
3156543,1872
3157039,1872
3157543,1871
3158039,1877
3158543,1872
3159039,1872
3159543,1872
3160039,1871
3160543,1873
3161039,1872
3161543,1872
3162039,1872
3162543,1872
3163039,1872
3163543,1877
3164039,1872
3164543,1873
3165039,1872
3165543,1872
3166039,1872
3166543,1873
3167039,1872
3167543,1873
3168039,1872
3168543,1872
3169039,1873
3169543,1873
3170039,1872
3170543,1872
3171039,1873
3171543,1872
3172039,1874
3172543,1872
3173039,1873
3173543,1874
3174039,1872
3174543,1875
3175039,1874
3175543,1872
3176039,1872
3176543,1873
3177039,1873
3177543,1873
3178039,1873
3178543,1872
3179039,1872
3179543,1872
3180039,1874
3180543,1871
3181039,1875
3181543,1872
3182039,1873
3182543,1872
3183039,1872
3183543,1872
3184039,1875
3184543,1872
3185039,1873
3185543,1872
3186039,1872
3186543,1872
3187039,1872
3187543,1872
3188039,1874
3188543,1873
3189039,1872
3189543,1872
3190039,1872
3190543,1873
3191039,1872
3191543,1872
3192039,1874
3192543,1872
3193039,1872
3193543,1872
3194039,1872
3194543,1871
3195039,1872
3195543,1872
3196039,1875
3196543,1872
3197039,1871
3197543,1872
3198039,1872
3198543,1872
3199039,1875
3199543,1873
3200039,1874
3200543,1872
3201039,1872
3201543,1872
3202039,1872
3202543,1873
3203039,1874
3203543,1872
3204039,1874
3204543,1872
3205039,1874
3205543,1872
3206039,1872
3206543,1872
3207039,1872
3207543,1872
3208039,1873
3208543,1872
3209039,1872
3209543,1872
3210039,1873
3210543,1872
3211039,1872
3211543,1872
3212039,1872
3212543,1872
3213039,1872
3213543,1872
3214039,1872
3214543,1872
3215039,1873
3215543,1872
3216039,1873
3216543,1871
3217039,1874
3217543,1872
3218039,1877
3218543,1873
3219039,1872
3219543,1872
3220039,1872
3220543,1872
3221039,1872
3221543,1872
3222039,1872
3222543,1872
3223039,1875
3223543,1872
3224039,1872
3224543,1873
3225039,1873
3225543,1875
3226039,1872
3226543,1873
3227039,1872
3227543,1873
3228039,1872
3228543,1872
3229039,1873
3229543,1875
3230039,1872
3230543,1872
3231039,1873
3231543,1872
3232039,1872
3232543,1874
3233039,1874
3233543,1873
3234039,1872
3234543,1872
3235039,1872
3235543,1873
3236039,1874
3236543,1874
3237039,1871
3237543,1873
3238039,1872
3238543,1872
3239039,1874
3239543,1873
3240039,1871
3240543,1873
3241039,1875
3241543,1872
3242039,1872
3242543,1874
3243039,1872
3243543,1872
3244039,1872
3244543,1874
3245039,1872
3245543,1872
3246039,1872
3246543,1874
3247039,1872
3247543,1874
3248039,1873
3248543,1872
3249039,1874
3249543,1872
3250039,1872
3250543,1871
3251039,1874
3251543,1873
3252039,1875
3252543,1873
3253039,1876
3253543,1873
3254039,1874
3254543,1873
3255039,1874
3255543,1872
3256039,1872
3256543,1872
3257039,1873
3257543,1871
3258039,1872
3258543,1872
3259039,1873
3259543,1873
3260039,1872
3260543,1874
3261039,1873
3261543,1873
3262039,1873
3262543,1872
3263039,1873
3263543,1872
3264039,1872
3264543,1872
3265039,1873
3265543,1874
3266039,1872
3266543,1873
3267039,1873
3267543,1873
3268039,1872
3268543,1871
3269039,1872
3269543,1872
3270039,1871
3270543,1872
3271039,1872
3271543,1872
3272039,1873
3272543,1873
3273039,1872
3273543,1873
3274039,1872
3274543,1872
3275039,1872
3275543,1872
3276039,1872
3276543,1872
3277039,1873
3277543,1875
3278039,1872
3278543,1872
3279039,1872
3279543,1872
3280039,1872
3280543,1872
3281039,1872
3281543,1872
3282039,1872
3282543,1873
3283039,1874
3283543,1872
3284039,1872
3284543,1873
3285039,1872
3285543,1872
3286039,1872
3286543,1872
3287039,1873
3287543,1872
3288039,1872
3288543,1872
3289039,1872
3289543,1872
3290039,1875
3290543,1873
3291039,1874
3291543,1872
3292039,1875
3292543,1872
3293039,1872
3293543,1872
3294039,1872
3294543,1873
3295039,1873
3295543,1872
3296039,1873
3296543,1872
3297039,1872
3297543,1875
3298039,1872
3298543,1872
3299039,1875
3299543,1872
3300039,1874
3300543,1874
3301039,1875
3301543,1873
3302039,1874
3302543,1872
3303039,1870
3303543,1873
3304039,1872
3304543,1872
3305039,1873
3305543,1872
3306039,1872
3306543,1873
3307039,1872
3307543,1874
3308039,1873
3308543,1872
3309039,1874
3309543,1876
3310039,1872
3310543,1872
3311039,1872
3311543,1875
3312039,1872
3312543,1872
3313039,1872
3313543,1872
3314039,1874
3314543,1872
3315039,1873
3315543,1872
3316039,1872
3316543,1873
3317039,1872
3317543,1872
3318039,1874
3318543,1872
3319039,1872
3319543,1872
3320039,1872
3320543,1872
3321039,1872
3321543,1873
3322039,1874
3322543,1872
3323039,1875
3323543,1872
3324039,1875
3324543,1872
3325039,1873
3325543,1873
3326039,1872
3326543,1872
3327039,1873
3327543,1872
3328039,1872
3328543,1872
3329039,1873
3329543,1872
3330039,1873
3330543,1873
3331039,1872
3331543,1872
3332039,1872
3332543,1873
3333039,1875
3333543,1873
3334039,1873
3334543,1872
3335039,1872
3335543,1872
3336039,1872
3336543,1872
3337039,1873
3337543,1873
3338039,1874
3338543,1872
3339039,1872
3339543,1872
3340039,1872
3340543,1872
3341039,1875
3341543,1874
3342039,1873
3342543,1872
3343039,1873
3343543,1872
3344039,1872
3344543,1874
3345039,1872
3345543,1873
3346039,1872
3346543,1873
3347039,1873
3347543,1873
3348039,1872
3348543,1872
3349039,1872
3349543,1872
3350039,1875
3350543,1872
3351039,1872
3351543,1872
3352039,1872
3352543,1872
3353039,1872
3353543,1872
3354039,1873
3354543,1872
3355039,1872
3355543,1872
3356039,1872
3356543,1871
3357039,1874
3357543,1872
3358039,1872
3358543,1873
3359039,1874
3359543,1872
3360039,1872
3360543,1874
3361039,1872
3361543,1875
3362039,1872
3362543,1871
3363039,1873
3363543,1873
3364039,1873
3364543,1872
3365039,1872
3365543,1873
3366039,1872
3366543,1874
3367039,1872
3367543,1872
3368039,1872
3368543,1874
3369039,1872
3369543,1873
3370039,1874
3370543,1878
3371039,1872
3371543,1872
3372039,1874
3372543,1872
3373039,1873
3373543,1872
3374039,1872
3374543,1873
3375039,1872
3375543,1873
3376039,1874
3376543,1872
3377039,1872
3377543,1872
3378039,1872
3378543,1873
3379039,1873
3379543,1872
3380039,1872
3380543,1874
3381039,1872
3381543,1875
3382039,1873
3382543,1872
3383039,1872
3383543,1872
3384039,1872
3384543,1872
3385039,1872
3385543,1872
3386039,1872
3386543,1872
3387039,1872
3387543,1873
3388039,1872
3388543,1872
3389039,1872
3389543,1874
3390039,1871
3390543,1872
3391039,1872
3391543,1872
3392039,1873
3392543,1875
3393039,1872
3393543,1875
3394039,1872
3394543,1871
3395039,1872
3395543,1874
3396039,1872
3396543,1872
3397039,1874
3397543,1873
3398039,1877
3398543,1872
3399039,1875
3399543,1872
3400039,1872
3400543,1874
3401039,1875
3401543,1872
3402039,1872
3402543,1875
3403039,1873
3403543,1872
3404039,1873
3404543,1872
3405039,1873
3405543,1873
3406039,1872
3406543,1873
3407039,1871
3407543,1873
3408039,1873
3408543,1874
3409039,1874
3409543,1873
3410039,1875
3410543,1872
3411039,1872
3411543,1872
3412039,1873
3412543,1872
3413039,1872
3413543,1873
3414039,1872
3414543,1872
3415039,1874
3415543,1874
3416039,1871
3416543,1872
3417039,1872
3417543,1877
3418039,1873
3418543,1872
3419039,1872
3419543,1872
3420039,1875
3420543,1875
3421039,1873
3421543,1872
3422039,1872
3422543,1875
3423039,1872
3423543,1872
3424039,1874
3424543,1872
3425039,1872
3425543,1872
3426039,1877
3426543,1874
3427039,1873
3427543,1873
3428039,1875
3428543,1873
3429039,1872
3429543,1874
3430039,1872
3430543,1874
3431039,1872
3431543,1875
3432039,1873
3432543,1872
3433039,1872
3433543,1873
3434039,1872
3434543,1872
3435039,1873
3435543,1872
3436039,1872
3436543,1872
3437039,1873
3437543,1872
3438039,1872
3438543,1872
3439039,1872
3439543,1872
3440039,1872
3440543,1872
3441039,1872
3441543,1873
3442039,1872
3442543,1873
3443039,1874
3443543,1872
3444039,1873
3444543,1874
3445039,1872
3445543,1873
3446039,1873
3446543,1872
3447039,1874
3447543,1871
3448039,1873
3448543,1873
3449039,1874
3449543,1872
3450039,1875
3450543,1874
3451039,1873
3451543,1874
3452039,1872
3452543,1872
3453039,1875
3453543,1872
3454039,1877
3454543,1873
3455039,1872
3455543,1874
3456039,1872
3456543,1876
3457039,1873
3457543,1872
3458039,1876
3458543,1872
3459039,1874
3459543,1872
3460039,1873
3460543,1875
3461039,1873
3461543,1873
3462039,1872
3462543,1873
3463039,1872
3463543,1872
3464039,1872
3464543,1873
3465039,1872
3465543,1873
3466039,1873
3466543,1873
3467039,1872
3467543,1875
3468039,1872
3468543,1872
3469039,1872
3469543,1873
3470039,1872
3470543,1872
3471039,1872
3471543,1872
3472039,1872
3472543,1873
3473039,1872
3473543,1873
3474039,1872
3474543,1873
3475039,1875
3475543,1872
3476039,1874
3476543,1874
3477039,1872
3477543,1873
3478039,1872
3478543,1879
3479039,1873
3479543,1873
3480039,1872
3480543,1873
3481039,1872
3481543,1872
3482039,1872
3482543,1875
3483039,1873
3483543,1872
3484039,1873
3484543,1872
3485039,1873
3485543,1873
3486039,1875
3486543,1873
3487039,1873
3487543,1873
3488039,1872
3488543,1873
3489039,1873
3489543,1872
3490039,1872
3490543,1875
3491039,1873
3491543,1872
3492039,1872
3492543,1873
3493039,1873
3493543,1872
3494039,1874
3494543,1873
3495039,1875
3495543,1873
3496039,1872
3496543,1872
3497039,1874
3497543,1872
3498039,1872
3498543,1871
3499039,1872
3499543,1872
3500039,1872
3500543,1872
3501039,1873
3501543,1872
3502039,1872
3502543,1872
3503039,1872
3503543,1872
3504039,1872
3504543,1872
3505039,1872
3505543,1872
3506039,1872
3506543,1873
3507039,1874
3507543,1874
3508039,1873
3508543,1872
3509039,1872
3509543,1872
3510039,1873
3510543,1872
3511039,1872
3511543,1874
3512039,1872
3512543,1875
3513039,1872
3513543,1872
3514039,1872
3514543,1873
3515039,1872
3515543,1872
3516039,1875
3516543,1874
3517039,1875
3517543,1873
3518039,1877
3518543,1872
3519039,1872
3519543,1872
3520039,1873
3520543,1873
3521039,1873
3521543,1872
3522039,1874
3522543,1873
3523039,1872
3523543,1872
3524039,1872
3524543,1874
3525039,1872
3525543,1873
3526039,1873
3526543,1872
3527039,1873
3527543,1872
3528039,1874
3528543,1872
3529039,1874
3529543,1874
3530039,1872
3530543,1872
3531039,1873
3531543,1873
3532039,1872
3532543,1872
3533039,1872
3533543,1872
3534039,1875
3534543,1874
3535039,1873
3535543,1874
3536039,1873
3536543,1872
3537039,1873
3537543,1873
3538039,1872
3538543,1872
3539039,1878
3539543,1872
3540039,1874
3540543,1872
3541039,1872
3541543,1872
3542039,1872
3542543,1872
3543039,1874
3543543,1875
3544039,1872
3544543,1872
3545039,1873
3545543,1873
3546039,1872
3546543,1873
3547039,1877
3547543,1872
3548039,1875
3548543,1872
3549039,1871
3549543,1872
3550039,1873
3550543,1872
3551039,1875
3551543,1872
3552039,1872
3552543,1873
3553039,1872
3553543,1872
3554039,1874
3554543,1873
3555039,1874
3555543,1873
3556039,1876
3556543,1872
3557039,1872
3557543,1872
3558039,1872
3558543,1874
3559039,1873
3559543,1873
3560039,1873
3560543,1874
3561039,1877
3561543,1876
3562039,1874
3562543,1873
3563039,1872
3563543,1872
3564039,1872
3564543,1873
3565039,1872
3565543,1873
3566039,1875
3566543,1872
3567039,1872
3567543,1872
3568039,1874
3568543,1873
3569039,1873
3569543,1872
3570039,1873
3570543,1873
3571039,1872
3571543,1872
3572039,1876
3572543,1874
3573039,1874
3573543,1873
3574039,1872
3574543,1873
3575039,1875
3575543,1872
3576039,1874
3576543,1873
3577039,1874
3577543,1872
3578039,1872
3578543,1873
3579039,1872
3579543,1872
3580039,1872
3580543,1872
3581039,1873
3581543,1872
3582039,1875
3582543,1872
3583039,1872
3583543,1875
3584039,1872
3584543,1872
3585039,1875
3585543,1875
3586039,1872
3586543,1872
3587039,1872
3587543,1873
3588039,1871
3588543,1873
3589039,1872
3589543,1874
3590039,1874
3590543,1872
3591039,1872
3591543,1874
3592039,1876
3592543,1872
3593039,1872
3593543,1873
3594039,1873
3594543,1873
3595039,1872
3595543,1872
3596039,1872
3596543,1872
3597039,1872
3597543,1871
3598039,1872
3598543,1872
3599039,1875
3599543,1872
3600039,1873
3600543,1872
3601039,1872
3601543,1871
3602039,1872
3602543,1873
3603039,1873
3603543,1875
3604039,1871
3604543,1872
3605039,1872
3605543,1872
3606039,1873
3606543,1872
3607039,1875
3607543,1876
3608039,1872
3608543,1875
3609039,1872
3609543,1875
3610039,1873
3610543,1872
3611039,1873
3611543,1872
3612039,1874
3612543,1872
3613039,1874
3613543,1874
3614039,1872
3614543,1873
3615039,1873
3615543,1874
3616039,1874
3616543,1873
3617039,1872
3617543,1872
3618039,1872
3618543,1871
3619039,1873
3619543,1872
3620039,1872
3620543,1878
3621039,1873
3621543,1873
3622039,1872
3622543,1874
3623039,1872
3623543,1873
3624039,1873
3624543,1872
3625039,1872
3625543,1873
3626039,1873
3626543,1874
3627039,1872
3627543,1872
3628039,1875
3628543,1875
3629039,1873
3629543,1872
3630039,1873
3630543,1874
3631039,1872
3631543,1872
3632039,1875
3632543,1873
3633039,1871
3633543,1872
3634039,1872
3634543,1874
3635039,1873
3635543,1872
3636039,1872
3636543,1874
3637039,1872
3637543,1874
3638039,1871
3638543,1875
3639039,1872
3639543,1872
3640039,1871
3640543,1873
3641039,1874
3641543,1875
3642039,1874
3642543,1872
3643039,1872
3643543,1875
3644039,1873
3644543,1872
3645039,1873
3645543,1872
3646039,1872
3646543,1872
3647039,1872
3647543,1873
3648039,1871
3648543,1875
3649039,1874
3649543,1873
3650039,1877
3650543,1873
3651039,1873
3651543,1873
3652039,1873
3652543,1872
3653039,1874
3653543,1872
3654039,1871
3654543,1872
3655039,1873
3655543,1872
3656039,1876
3656543,1872
3657039,1873
3657543,1872
3658039,1872
3658543,1872
3659039,1874
3659543,1872
3660039,1872
3660543,1873
3661039,1872
3661543,1873
3662039,1872
3662543,1874
3663039,1872
3663543,1872
3664039,1872
3664543,1872
3665039,1872
3665543,1872
3666039,1873
3666543,1873
3667039,1871
3667543,1871
3668039,1875
3668543,1872
3669039,1872
3669543,1872
3670039,1872
3670543,1873
3671039,1872
3671543,1874
3672039,1871
3672543,1872
3673039,1875
3673543,1873
3674039,1872
3674543,1872
3675039,1873
3675543,1872
3676039,1871
3676543,1873
3677039,1874
3677543,1873
3678039,1874
3678543,1872
3679039,1872
3679543,1873
3680039,1875
3680543,1875
3681039,1875
3681543,1872
3682039,1873
3682543,1872
3683039,1873
3683543,1873
3684039,1872
3684543,1872
3685039,1872
3685543,1874
3686039,1872
3686543,1872
3687039,1873
3687543,1872
3688039,1872
3688543,1873
3689039,1872
3689543,1870
3690039,1873
3690543,1872
3691039,1872
3691543,1872
3692039,1872
3692543,1872
3693039,1873
3693543,1872
3694039,1872
3694543,1873
3695039,1873
3695543,1872
3696039,1872
3696543,1872
3697039,1873
3697543,1874
3698039,1872
3698543,1873
3699039,1875
3699543,1872
3700039,1872
3700543,1872
3701039,1872
3701543,1872
3702039,1873
3702543,1873
3703039,1872
3703543,1875
3704039,1874
3704543,1875
3705039,1872
3705543,1872
3706039,1873
3706543,1873
3707039,1873
3707543,1873
3708039,1873
3708543,1873
3709039,1872
3709543,1873
3710039,1872
3710543,1872
3711039,1875
3711543,1873
3712039,1873
3712543,1874
3713039,1872
3713543,1871
3714039,1872
3714543,1874
3715039,1873
3715543,1873
3716039,1872
3716543,1872
3717039,1872
3717543,1869
3718039,1873
3718543,1867
3719039,1872
3719543,1874
3720039,1873
3720543,1875
3721039,1872
3721543,1872
3722039,1872
3722543,1874
3723039,1872
3723543,1872
3724039,1874
3724543,1872
3725039,1875
3725543,1872
3726039,1873
3726543,1872
3727039,1873
3727543,1872
3728039,1874
3728543,1874
3729039,1872
3729543,1873
3730039,1875
3730543,1872
3731039,1872
3731543,1875
3732039,1873
3732543,1875
3733039,1872
3733543,1875
3734039,1872
3734543,1871
3735039,1873
3735543,1873
3736039,1874
3736543,1872
3737039,1872
3737543,1873
3738039,1873
3738543,1872
3739039,1872
3739543,1873
3740039,1872
3740543,1875
3741039,1873
3741543,1873
3742039,1872
3742543,1872
3743039,1872
3743543,1872
3744039,1873
3744543,1874
3745039,1874
3745543,1872
3746039,1871
3746543,1873
3747039,1874
3747543,1875
3748039,1874
3748543,1873
3749039,1874
3749543,1872
3750039,1872
3750543,1871
3751039,1872
3751543,1872
3752039,1874
3752543,1872
3753039,1872
3753543,1872
3754039,1872
3754543,1874
3755039,1871
3755543,1874
3756039,1875
3756543,1873
3757039,1873
3757543,1875
3758039,1873
3758543,1872
3759039,1872
3759543,1872
3760039,1873
3760543,1875
3761039,1872
3761543,1872
3762039,1875
3762543,1872
3763039,1872
3763543,1873
3764039,1873
3764543,1870
3765039,1872
3765543,1872
3766039,1872
3766543,1873
3767039,1872
3767543,1872
3768039,1873
3768543,1872
3769039,1871
3769543,1872
3770039,1872
3770543,1872
3771039,1872
3771543,1873
3772039,1872
3772543,1872
3773039,1872
3773543,1873
3774039,1874
3774543,1873
3775039,1873
3775543,1872
3776039,1875
3776543,1873
3777039,1872
3777543,1872
3778039,1873
3778543,1872
3779039,1874
3779543,1874
3780039,1872
3780543,1875
3781039,1872
3781543,1874
3782039,1873
3782543,1874
3783039,1872
3783543,1874
3784039,1875
3784543,1875
3785039,1873
3785543,1873
3786039,1872
3786543,1873
3787039,1873
3787543,1873
3788039,1875
3788543,1875
3789039,1872
3789543,1872
3790039,1874
3790543,1873
3791039,1874
3791543,1873
3792039,1875
3792543,1873
3793039,1873
3793543,1872
3794039,1872
3794543,1872
3795039,1872
3795543,1872
3796039,1872
3796543,1872
3797039,1875
3797543,1872
3798039,1874
3798543,1872
3799039,1872
3799543,1873
3800039,1872
3800543,1872
3801039,1873
3801543,1872
3802039,1875
3802543,1872
3803039,1872
3803543,1873
3804039,1873
3804543,1872
3805039,1872
3805543,1871
3806039,1872
3806543,1872
3807039,1874
3807543,1875
3808039,1873
3808543,1872
3809039,1875
3809543,1872
3810039,1872
3810543,1874
3811039,1872
3811543,1873
3812039,1876
3812543,1875
3813039,1875
3813543,1873
3814039,1873
3814543,1872
3815039,1872
3815543,1872
3816039,1872
3816543,1873
3817039,1874
3817543,1873
3818039,1872
3818543,1873
3819039,1872
3819543,1873
3820039,1873
3820543,1872
3821039,1875
3821543,1872
3822039,1872
3822543,1872
3823039,1872
3823543,1872
3824039,1873
3824543,1874
3825039,1872
3825543,1873
3826039,1872
3826543,1872
3827039,1872
3827543,1872
3828039,1873
3828543,1875
3829039,1873
3829543,1874
3830039,1873
3830543,1872
3831039,1872
3831543,1872
3832039,1873
3832543,1874
3833039,1872
3833543,1873
3834039,1873
3834543,1872
3835039,1875
3835543,1873
3836039,1873
3836543,1872
3837039,1873
3837543,1873
3838039,1872
3838543,1872
3839039,1872
3839543,1872
3840039,1872
3840543,1875
3841039,1873
3841543,1874
3842039,1873
3842543,1872
3843039,1873
3843543,1874
3844039,1872
3844543,1872
3845039,1872
3845543,1872
3846039,1873
3846543,1872
3847039,1873
3847543,1874
3848039,1874
3848543,1875
3849039,1872
3849543,1874
3850039,1874
3850543,1872
3851039,1872
3851543,1873
3852039,1874
3852543,1872
3853039,1872
3853543,1873
3854039,1873
3854543,1872
3855039,1872
3855543,1875
3856039,1872
3856543,1872
3857039,1873
3857543,1875
3858039,1872
3858543,1873
3859039,1872
3859543,1873
3860039,1874
3860543,1869
3861039,1873
3861543,1872
3862039,1874
3862543,1873
3863039,1873
3863543,1872
3864039,1874
3864543,1875
3865039,1874
3865543,1872
3866039,1872
3866543,1872
3867039,1874
3867543,1872
3868039,1872
3868543,1873
3869039,1872
3869543,1875
3870039,1873
3870543,1874
3871039,1873
3871543,1874
3872039,1873
3872543,1873
3873039,1873
3873543,1872
3874039,1871
3874543,1872
3875039,1872
3875543,1872
3876039,1873
3876543,1873
3877039,1874
3877543,1873
3878039,1874
3878543,1872
3879039,1873
3879543,1870
3880039,1872
3880543,1874
3881039,1873
3881543,1873
3882039,1872
3882543,1873
3883039,1872
3883543,1872
3884039,1872
3884543,1872
3885039,1872
3885543,1872
3886039,1875
3886543,1872
3887039,1872
3887543,1872
3888039,1874
3888543,1873
3889039,1872
3889543,1873
3890039,1875
3890543,1872
3891039,1872
3891543,1875
3892039,1872
3892543,1872
3893039,1875
3893543,1871
3894039,1873
3894543,1872
3895039,1873
3895543,1872
3896039,1872
3896543,1873
3897039,1874
3897543,1872
3898039,1872
3898543,1872
3899039,1874
3899543,1873
3900039,1875
3900543,1872
3901039,1872
3901543,1873
3902039,1872
3902543,1872
3903039,1872
3903543,1872
3904039,1873
3904543,1873
3905039,1874
3905543,1872
3906039,1872
3906543,1872
3907039,1872
3907543,1872
3908039,1872
3908543,1873
3909039,1874
3909543,1873
3910039,1873
3910543,1873
3911039,1877
3911543,1874
3912039,1873
3912543,1873
3913039,1874
3913543,1872
3914039,1872
3914543,1873
3915039,1875
3915543,1877
3916039,1872
3916543,1873
3917039,1875
3917543,1873
3918039,1873
3918543,1873
3919039,1876
3919543,1874
3920039,1875
3920543,1872
3921039,1872
3921543,1872
3922039,1873
3922543,1874
3923039,1872
3923543,1873
3924039,1874
3924543,1873
3925039,1875
3925543,1873
3926039,1872
3926543,1872
3927039,1872
3927543,1872
3928039,1873
3928543,1873
3929039,1872
3929543,1874
3930039,1873
3930543,1872
3931039,1872
3931543,1873
3932039,1872
3932543,1873
3933039,1875
3933543,1872
3934039,1872
3934543,1872
3935039,1873
3935543,1875
3936039,1873
3936543,1872
3937039,1872
3937543,1872
3938039,1872
3938543,1872
3939039,1878
3939543,1872
3940039,1872
3940543,1873
3941039,1872
3941543,1875
3942039,1873
3942543,1873
3943039,1873
3943543,1873
3944039,1872
3944543,1873
3945039,1872
3945543,1872
3946039,1875
3946543,1872
3947039,1874
3947543,1874
3948039,1873
3948543,1872
3949039,1872
3949543,1873
3950039,1872
3950543,1873
3951039,1877
3951543,1872
3952039,1872
3952543,1874
3953039,1872
3953543,1873
3954039,1872
3954543,1872
3955039,1873
3955543,1877
3956039,1877
3956543,1872
3957039,1874
3957543,1872
3958039,1873
3958543,1872
3959039,1872
3959543,1873
3960039,1873
3960543,1873
3961039,1872
3961543,1872
3962039,1872
3962543,1875
3963039,1872
3963543,1872
3964039,1873
3964543,1873
3965039,1872
3965543,1873
3966039,1873
3966543,1874
3967039,1878
3967543,1872
3968039,1873
3968543,1873
3969039,1874
3969543,1873
3970039,1872
3970543,1872
3971039,1872
3971543,1877
3972039,1874
3972543,1872
3973039,1874
3973543,1873
3974039,1875
3974543,1872
3975039,1872
3975543,1872
3976039,1873
3976543,1875
3977039,1872
3977543,1874
3978039,1873
3978543,1873
3979039,1872
3979543,1873
3980039,1873
3980543,1872
3981039,1873
3981543,1875
3982039,1872
3982543,1874
3983039,1873
3983543,1873
3984039,1875
3984543,1872
3985039,1871
3985543,1872
3986039,1873
3986543,1873
3987039,1872
3987543,1873
3988039,1873
3988543,1872
3989039,1873
3989543,1873
3990039,1873
3990543,1872
3991039,1873
3991543,1872
3992039,1874
3992543,1874
3993039,1873
3993543,1872
3994039,1874
3994543,1873
3995039,1874
3995543,1874
3996039,1873
3996543,1872
3997039,1872
3997543,1872
3998039,1873
3998543,1873
3999039,1873
3999543,1873
4000039,1872
4000543,1874
4001039,1872
4001543,1871
4002039,1873
4002543,1873
4003039,1873
4003543,1875
4004039,1872
4004543,1874
4005039,1875
4005543,1873
4006039,1874
4006543,1872
4007039,1873
4007543,1873
4008039,1874
4008543,1872
4009039,1872
4009543,1872
4010039,1876
4010543,1872
4011039,1872
4011543,1874
4012039,1872
4012543,1872
4013039,1873
4013543,1872
4014039,1874
4014543,1873
4015039,1872
4015543,1872
4016039,1872
4016543,1874
4017039,1875
4017543,1875
4018039,1876
4018543,1874
4019039,1872
4019543,1873
4020039,1872
4020543,1874
4021039,1872
4021543,1872
4022039,1873
4022543,1872
4023039,1874
4023543,1874
4024039,1872
4024543,1873
4025039,1875
4025543,1872
4026039,1874
4026543,1874
4027039,1872
4027543,1872
4028039,1872
4028543,1872
4029039,1872
4029543,1872
4030039,1873
4030543,1873
4031039,1875
4031543,1873
4032039,1872
4032543,1873
4033039,1873
4033543,1872
4034039,1872
4034543,1872
4035039,1872
4035543,1875
4036039,1872
4036543,1873
4037039,1872
4037543,1873
4038039,1872
4038543,1872
4039039,1872
4039543,1873
4040039,1874
4040543,1873
4041039,1872
4041543,1873
4042039,1875
4042543,1874
4043039,1874
4043543,1872
4044039,1874
4044543,1872
4045039,1873
4045543,1873
4046039,1873
4046543,1872
4047039,1873
4047543,1873
4048039,1873
4048543,1873
4049039,1873
4049543,1873
4050039,1872
4050543,1873
4051039,1876
4051543,1872
4052039,1872
4052543,1872
4053039,1872
4053543,1872
4054039,1872
4054543,1872
4055039,1872
4055543,1872
4056039,1874
4056543,1872
4057039,1873
4057543,1872
4058039,1873
4058543,1872
4059039,1872
4059543,1874
4060039,1872
4060543,1872
4061039,1873
4061543,1875
4062039,1872
4062543,1872
4063039,1873
4063543,1872
4064039,1874
4064543,1875
4065039,1872
4065543,1872
4066039,1872
4066543,1873
4067039,1873
4067543,1871
4068039,1877
4068543,1874
4069039,1872
4069543,1875
4070039,1872
4070543,1872
4071039,1873
4071543,1877
4072039,1873
4072543,1873
4073039,1872
4073543,1873
4074039,1872
4074543,1875
4075039,1872
4075543,1875
4076039,1872
4076543,1872
4077039,1875
4077543,1873
4078039,1872
4078543,1873
4079039,1873
4079543,1873
4080039,1876
4080543,1872
4081039,1872
4081543,1872
4082039,1874
4082543,1872
4083039,1874
4083543,1872
4084039,1874
4084543,1872
4085039,1872
4085543,1872
4086039,1872
4086543,1874
4087039,1872
4087543,1872
4088039,1874
4088543,1872
4089039,1872
4089543,1872
4090039,1872
4090543,1872
4091039,1873
4091543,1872
4092039,1873
4092543,1872
4093039,1872
4093543,1872
4094039,1876
4094543,1872
4095039,1872
4095543,1872
4096039,1875
4096543,1872
4097039,1872
4097543,1873
4098039,1873
4098543,1875
4099039,1877
4099543,1872
4100039,1872
4100543,1873
4101039,1872
4101543,1872
4102039,1872
4102543,1875
4103039,1872
4103543,1872
4104039,1872
4104543,1873
4105039,1872
4105543,1873
4106039,1872
4106543,1872
4107039,1873
4107543,1872
4108039,1873
4108543,1872
4109039,1872
4109543,1874
4110039,1873
4110543,1873
4111039,1874
4111543,1872
4112039,1873
4112543,1875
4113039,1872
4113543,1872
4114039,1872
4114543,1876
4115039,1873
4115543,1872
4116039,1875
4116543,1872
4117039,1872
4117543,1873
4118039,1873
4118543,1873
4119039,1873
4119543,1872
4120039,1872
4120543,1874
4121039,1872
4121543,1873
4122039,1876
4122543,1872
4123039,1873
4123543,1872
4124039,1873
4124543,1872
4125039,1872
4125543,1872
4126039,1873
4126543,1872
4127039,1872
4127543,1872
4128039,1872
4128543,1874
4129039,1873
4129543,1872
4130039,1872
4130543,1874
4131039,1872
4131543,1874
4132039,1875
4132543,1872
4133039,1872
4133543,1873
4134039,1874
4134543,1873
4135039,1872
4135543,1872
4136039,1872
4136543,1873
4137039,1873
4137543,1876
4138039,1875
4138543,1872
4139039,1872
4139543,1875
4140039,1872
4140543,1874
4141039,1875
4141543,1872
4142039,1872
4142543,1871
4143039,1877
4143543,1872
4144039,1871
4144543,1872
4145039,1872
4145543,1872
4146039,1873
4146543,1872
4147039,1872
4147543,1872
4148039,1872
4148543,1872
4149039,1876
4149543,1873
4150039,1873
4150543,1873
4151039,1872
4151543,1872
4152039,1873
4152543,1874
4153039,1872
4153543,1873
4154039,1873
4154543,1875
4155039,1875
4155543,1874
4156039,1873
4156543,1874
4157039,1872
4157543,1873
4158039,1875
4158543,1872
4159039,1872
4159543,1873
4160039,1873
4160543,1872
4161039,1873
4161543,1873
4162039,1873
4162543,1872
4163039,1877
4163543,1872
4164039,1872
4164543,1872
4165039,1872
4165543,1872
4166039,1872
4166543,1873
4167039,1875
4167543,1877
4168039,1872
4168543,1874
4169039,1872
4169543,1872
4170039,1874
4170543,1874
4171039,1877
4171543,1872
4172039,1872
4172543,1873
4173039,1873
4173543,1874
4174039,1873
4174543,1872
4175039,1872
4175543,1872
4176039,1872
4176543,1872
4177039,1873
4177543,1873
4178039,1872
4178543,1872
4179039,1872
4179543,1872
4180039,1872
4180543,1872
4181039,1873
4181543,1872
4182039,1872
4182543,1872
4183039,1874
4183543,1872
4184039,1874
4184543,1872
4185039,1872
4185543,1873
4186039,1872
4186543,1872
4187039,1871
4187543,1872
4188039,1873
4188543,1874
4189039,1872
4189543,1872
4190039,1872
4190543,1872
4191039,1872
4191543,1873
4192039,1873
4192543,1872
4193039,1872
4193543,1872
4194039,1872
4194543,1875
4195039,1872
4195543,1872
4196039,1874
4196543,1873
4197039,1872
4197543,1872
4198039,1873
4198543,1872
4199039,1874
4199543,1875
4200039,1872
4200543,1872
4201039,1877
4201543,1872
4202039,1875
4202543,1872
4203039,1872
4203543,1875
4204039,1874
4204543,1874
4205039,1874
4205543,1873
4206039,1871
4206543,1872
4207039,1874
4207543,1873
4208039,1873
4208543,1872
4209039,1872
4209543,1874
4210039,1874
4210543,1873
4211039,1874
4211543,1874
4212039,1875
4212543,1872
4213039,1874
4213543,1872
4214039,1872
4214543,1874
4215039,1872
4215543,1872
4216039,1874
4216543,1872
4217039,1873
4217543,1873
4218039,1873
4218543,1872
4219039,1873
4219543,1872
4220039,1872
4220543,1872
4221039,1872
4221543,1871
4222039,1872
4222543,1873
4223039,1872
4223543,1872
4224039,1874
4224543,1872
4225039,1873
4225543,1872
4226039,1873
4226543,1872
4227039,1873
4227543,1873
4228039,1875
4228543,1878
4229039,1876
4229543,1874
4230039,1872
4230543,1872
4231039,1872
4231543,1871
4232039,1873
4232543,1872
4233039,1872
4233543,1876
4234039,1872
4234543,1873
4235039,1872
4235543,1873
4236039,1873
4236543,1872
4237039,1872
4237543,1874
4238039,1873
4238543,1872
4239039,1872
4239543,1873
4240039,1872
4240543,1872
4241039,1874
4241543,1872
4242039,1872
4242543,1874
4243039,1875
4243543,1872
4244039,1872
4244543,1871
4245039,1873
4245543,1872
4246039,1873
4246543,1873
4247039,1874
4247543,1872
4248039,1872
4248543,1872
4249039,1872
4249543,1872
4250039,1872
4250543,1872
4251039,1872
4251543,1873
4252039,1873
4252543,1872
4253039,1873
4253543,1872
4254039,1872
4254543,1873
4255039,1873
4255543,1874
4256039,1872
4256543,1873
4257039,1872
4257543,1872
4258039,1873
4258543,1873
4259039,1872
4259543,1871
4260039,1872
4260543,1872
4261039,1872
4261543,1873
4262039,1872
4262543,1872
4263039,1872
4263543,1873
4264039,1874
4264543,1872
4265039,1873
4265543,1874
4266039,1874
4266543,1874
4267039,1873
4267543,1872
4268039,1872
4268543,1872
4269039,1872
4269543,1872
4270039,1872
4270543,1874
4271039,1872
4271543,1872
4272039,1874
4272543,1873
4273039,1872
4273543,1871
4274039,1872
4274543,1872
4275039,1872
4275543,1872
4276039,1872
4276543,1872
4277039,1872
4277543,1872
4278039,1872
4278543,1872
4279039,1873
4279543,1874
4280039,1873
4280543,1872
4281039,1874
4281543,1872
4282039,1872
4282543,1872
4283039,1872
4283543,1874
4284039,1874
4284543,1872
4285039,1874
4285543,1875
4286039,1872
4286543,1872
4287039,1871
4287543,1872
4288039,1874
4288543,1872
4289039,1872
4289543,1872
4290039,1874
4290543,1874
4291039,1872
4291543,1873
4292039,1874
4292543,1872
4293039,1875
4293543,1874
4294039,1872
4294543,1872
4295039,1873
4295543,1872
4296039,1872
4296543,1873
4297039,1872
4297543,1872
4298039,1872
4298543,1873
4299039,1874
4299543,1874
4300039,1872
4300543,1872
4301039,1873
4301543,1872
4302039,1872
4302543,1873
4303039,1874
4303543,1873
4304039,1873
4304543,1872
4305039,1872
4305543,1873
4306039,1872
4306543,1872
4307039,1872
4307543,1872
4308039,1873
4308543,1873
4309039,1873
4309543,1872
4310039,1872
4310543,1873
4311039,1873
4311543,1872
4312039,1875
4312543,1872
4313039,1872
4313543,1872
4314039,1874
4314543,1875
4315039,1874
4315543,1872
4316039,1873
4316543,1872
4317039,1872
4317543,1872
4318039,1875
4318543,1872
4319039,1872
4319543,1872
4320039,1872
4320543,1873
4321039,1875
4321543,1872
4322039,1872
4322543,1872
4323039,1872
4323543,1872
4324039,1873
4324543,1876
4325039,1873
4325543,1872
4326039,1872
4326543,1874
4327039,1875
4327543,1872
4328039,1874
4328543,1873
4329039,1874
4329543,1874
4330039,1872
4330543,1872
4331039,1873
4331543,1873
4332039,1873
4332543,1873
4333039,1872
4333543,1872
4334039,1872
4334543,1872
4335039,1872
4335543,1872
4336039,1873
4336543,1872
4337039,1874
4337543,1872
4338039,1872
4338543,1873
4339039,1874
4339543,1873
4340039,1872
4340543,1872
4341039,1872
4341543,1873
4342039,1869
4342543,1873
4343039,1872
4343543,1874
4344039,1873
4344543,1872
4345039,1874
4345543,1871
4346039,1873
4346543,1872
4347039,1874
4347543,1873
4348039,1872
4348543,1872
4349039,1875
4349543,1872
4350039,1872
4350543,1872
4351039,1872
4351543,1873
4352039,1872
4352543,1872
4353039,1872
4353543,1875
4354039,1873
4354543,1872
4355039,1872
4355543,1874
4356039,1874
4356543,1872
4357039,1873
4357543,1874
4358039,1872
4358543,1872
4359039,1872
4359543,1872
4360039,1872
4360543,1871
4361039,1872
4361543,1874
4362039,1872
4362543,1872
4363039,1874
4363543,1872
4364039,1872
4364543,1873
4365039,1872
4365543,1872
4366039,1872
4366543,1872
4367039,1872
4367543,1874
4368039,1873
4368543,1872
4369039,1873
4369543,1874
4370039,1872
4370543,1874
4371039,1872
4371543,1872
4372039,1872
4372543,1872
4373039,1872
4373543,1872
4374039,1872
4374543,1872
4375039,1874
4375543,1874
4376039,1873
4376543,1872
4377039,1873
4377543,1874
4378039,1872
4378543,1873
4379039,1873
4379543,1873
4380039,1874
4380543,1873
4381039,1874
4381543,1872
4382039,1875
4382543,1874
4383039,1873
4383543,1873
4384039,1875
4384543,1872
4385039,1874
4385543,1872
4386039,1872
4386543,1873
4387039,1872
4387543,1873
4388039,1872
4388543,1874
4389039,1872
4389543,1872
4390039,1873
4390543,1872
4391039,1872
4391543,1872
4392039,1872
4392543,1872
4393039,1874
4393543,1874
4394039,1872
4394543,1872
4395039,1872
4395543,1874
4396039,1872
4396543,1871
4397039,1874
4397543,1873
4398039,1873
4398543,1872
4399039,1873
4399543,1872
4400039,1873
4400543,1873
4401039,1872
4401543,1872
4402039,1872
4402543,1873
4403039,1873
4403543,1874
4404039,1872
4404543,1872
4405039,1872
4405543,1872
4406039,1873
4406543,1872
4407039,1874
4407543,1873
4408039,1873
4408543,1874
4409039,1872
4409543,1875
4410039,1872
4410543,1872
4411039,1876
4411543,1874
4412039,1872
4412543,1872
4413039,1873
4413543,1872
4414039,1873
4414543,1872
4415039,1872
4415543,1872
4416039,1872
4416543,1874
4417039,1872
4417543,1875
4418039,1873
4418543,1873
4419039,1873
4419543,1875
4420039,1873
4420543,1872
4421039,1872
4421543,1872
4422039,1872
4422543,1872
4423039,1872
4423543,1872
4424039,1872
4424543,1872
4425039,1870
4425543,1872
4426039,1872
4426543,1871
4427039,1873
4427543,1873
4428039,1873
4428543,1872
4429039,1872
4429543,1873
4430039,1872
4430543,1872
4431039,1872
4431543,1872
4432039,1872
4432543,1872
4433039,1877
4433543,1874
4434039,1873
4434543,1874
4435039,1873
4435543,1873
4436039,1873
4436543,1872
4437039,1873
4437543,1872
4438039,1872
4438543,1875
4439039,1873
4439543,1872
4440039,1877
4440543,1875
4441039,1872
4441543,1873
4442039,1872
4442543,1875
4443039,1873
4443543,1872
4444039,1873
4444543,1872
4445039,1872
4445543,1872
4446039,1873
4446543,1873
4447039,1873
4447543,1873
4448039,1872
4448543,1873
4449039,1873
4449543,1872
4450039,1872
4450543,1872
4451039,1872
4451543,1873
4452039,1872
4452543,1872
4453039,1872
4453543,1872
4454039,1870
4454543,1872
4455039,1872
4455543,1872
4456039,1872
4456543,1872
4457039,1872
4457543,1873
4458039,1872
4458543,1872
4459039,1874
4459543,1872
4460039,1872
4460543,1872
4461039,1873
4461543,1872
4462039,1872
4462543,1873
4463039,1872
4463543,1872
4464039,1873
4464543,1874
4465039,1874
4465543,1872
4466039,1872
4466543,1873
4467039,1872
4467543,1873
4468039,1872
4468543,1872
4469039,1873
4469543,1872
4470039,1875
4470543,1872
4471039,1873
4471543,1872
4472039,1872
4472543,1872
4473039,1873
4473543,1872
4474039,1873
4474543,1872
4475039,1873
4475543,1872
4476039,1872
4476543,1872
4477039,1872
4477543,1872
4478039,1872
4478543,1872
4479039,1872
4479543,1872
4480039,1873
4480543,1872
4481039,1872
4481543,1872
4482039,1872
4482543,1872
4483039,1872
4483543,1874
4484039,1873
4484543,1872
4485039,1874
4485543,1872
4486039,1873
4486543,1872
4487039,1872
4487543,1872
4488039,1872
4488543,1873
4489039,1873
4489543,1873
4490039,1873
4490543,1872
4491039,1872
4491543,1874
4492039,1872
4492543,1872
4493039,1875
4493543,1872
4494039,1872
4494543,1872
4495039,1872
4495543,1872
4496039,1872
4496543,1872
4497039,1871
4497543,1873
4498039,1872
4498543,1872
4499039,1874
4499543,1873
4500039,1871
4500543,1873
4501039,1873
4501543,1876
4502039,1873
4502543,1873
4503039,1874
4503543,1874
4504039,1873
4504543,1874
4505039,1872
4505543,1872
4506039,1872
4506543,1872
4507039,1872
4507543,1875
4508039,1873
4508543,1873
4509039,1875
4509543,1873
4510039,1873
4510543,1875
4511039,1874
4511543,1872
4512039,1872
4512543,1872
4513039,1872
4513543,1873
4514039,1872
4514543,1872
4515039,1875
4515543,1872
4516039,1872
4516543,1872
4517039,1872
4517543,1873
4518039,1872
4518543,1872
4519039,1872
4519543,1874
4520039,1872
4520543,1872
4521039,1873
4521543,1873
4522039,1874
4522543,1873
4523039,1874
4523543,1872
4524039,1874
4524543,1872
4525039,1872
4525543,1875
4526039,1873
4526543,1874
4527039,1872
4527543,1873
4528039,1874
4528543,1872
4529039,1874
4529543,1872
4530039,1873
4530543,1873
4531039,1872
4531543,1878
4532039,1872
4532543,1874
4533039,1873
4533543,1872
4534039,1872
4534543,1873
4535039,1874
4535543,1872
4536039,1873
4536543,1872
4537039,1872
4537543,1872
4538039,1872
4538543,1873
4539039,1873
4539543,1872
4540039,1873
4540543,1872
4541039,1872
4541543,1874
4542039,1872
4542543,1872
4543039,1875
4543543,1875
4544039,1872
4544543,1872
4545039,1872
4545543,1872
4546039,1873
4546543,1872
4547039,1872
4547543,1872
4548039,1872
4548543,1873
4549039,1876
4549543,1872
4550039,1873
4550543,1873
4551039,1872
4551543,1874
4552039,1873
4552543,1873
4553039,1872
4553543,1874
4554039,1872
4554543,1872
4555039,1872
4555543,1875
4556039,1872
4556543,1872
4557039,1872
4557543,1874
4558039,1872
4558543,1873
4559039,1873
4559543,1872
4560039,1872
4560543,1875
4561039,1873
4561543,1873
4562039,1873
4562543,1877
4563039,1872
4563543,1871
4564039,1873
4564543,1872
4565039,1872
4565543,1873
4566039,1872
4566543,1872
4567039,1873
4567543,1873
4568039,1873
4568543,1875
4569039,1875
4569543,1872
4570039,1872
4570543,1874
4571039,1872
4571543,1875
4572039,1873
4572543,1872
4573039,1872
4573543,1872
4574039,1873
4574543,1873
4575039,1873
4575543,1872
4576039,1872
4576543,1872
4577039,1872
4577543,1873
4578039,1874
4578543,1872
4579039,1872
4579543,1874
4580039,1872
4580543,1875
4581039,1874
4581543,1873
4582039,1872
4582543,1874
4583039,1872
4583543,1872
4584039,1872
4584543,1873
4585039,1875
4585543,1872
4586039,1872
4586543,1874
4587039,1874
4587543,1872
4588039,1872
4588543,1874
4589039,1873
4589543,1872
4590039,1873
4590543,1872
4591039,1874
4591543,1874
4592039,1872
4592543,1872
4593039,1872
4593543,1875
4594039,1872
4594543,1872
4595039,1873
4595543,1872
4596039,1873
4596543,1872
4597039,1877
4597543,1875
4598039,1873
4598543,1873
4599039,1873
4599543,1873
4600039,1874
4600543,1872
4601039,1872
4601543,1873
4602039,1872
4602543,1873
4603039,1872
4603543,1873
4604039,1874
4604543,1872
4605039,1872
4605543,1872
4606039,1873
4606543,1872
4607039,1872
4607543,1874
4608039,1872
4608543,1873
4609039,1872
4609543,1874
4610039,1873
4610543,1874
4611039,1874
4611543,1872
4612039,1872
4612543,1874
4613039,1875
4613543,1872
4614039,1874
4614543,1873
4615039,1872
4615543,1872
4616039,1873
4616543,1872
4617039,1874
4617543,1873
4618039,1873
4618543,1872
4619039,1872
4619543,1872
4620039,1873
4620543,1872
4621039,1874
4621543,1872
4622039,1873
4622543,1873
4623039,1872
4623543,1874
4624039,1872
4624543,1872
4625039,1873
4625543,1872
4626039,1872
4626543,1874
4627039,1872
4627543,1872
4628039,1875
4628543,1872
4629039,1873
4629543,1873
4630039,1872
4630543,1873
4631039,1872
4631543,1875
4632039,1874
4632543,1877
4633039,1874
4633543,1877
4634039,1872
4634543,1872
4635039,1872
4635543,1873
4636039,1873
4636543,1874
4637039,1873
4637543,1871
4638039,1873
4638543,1872
4639039,1873
4639543,1876
4640039,1873
4640543,1874
4641039,1873
4641543,1873
4642039,1872
4642543,1873
4643039,1874
4643543,1875
4644039,1872
4644543,1872
4645039,1874
4645543,1874
4646039,1874
4646543,1872
4647039,1872
4647543,1872
4648039,1872
4648543,1872
4649039,1875
4649543,1874
4650039,1872
4650543,1873
4651039,1872
4651543,1872
4652039,1871
4652543,1871
4653039,1875
4653543,1872
4654039,1873
4654543,1873
4655039,1874
4655543,1875
4656039,1874
4656543,1873
4657039,1872
4657543,1872
4658039,1872
4658543,1872
4659039,1874
4659543,1872
4660039,1872
4660543,1872
4661039,1872
4661543,1873
4662039,1872
4662543,1872
4663039,1875
4663543,1873
4664039,1874
4664543,1875
4665039,1872
4665543,1872
4666039,1872
4666543,1872
4667039,1873
4667543,1873
4668039,1872
4668543,1872
4669039,1877
4669543,1873
4670039,1873
4670543,1872
4671039,1873
4671543,1872
4672039,1875
4672543,1872
4673039,1873
4673543,1872
4674039,1872
4674543,1872
4675039,1874
4675543,1872
4676039,1875
4676543,1872
4677039,1872
4677543,1872
4678039,1872
4678543,1872
4679039,1872
4679543,1875
4680039,1872
4680543,1872
4681039,1872
4681543,1872
4682039,1872
4682543,1873
4683039,1872
4683543,1872
4684039,1872
4684543,1873
4685039,1873
4685543,1874
4686039,1872
4686543,1875
4687039,1874
4687543,1872
4688039,1872
4688543,1877
4689039,1875
4689543,1875
4690039,1875
4690543,1872
4691039,1873
4691543,1872
4692039,1872
4692543,1872
4693039,1872
4693543,1872
4694039,1872
4694543,1876
4695039,1872
4695543,1875
4696039,1872
4696543,1873
4697039,1872
4697543,1873
4698039,1869
4698543,1872
4699039,1872
4699543,1872
4700039,1872
4700543,1871
4701039,1875
4701543,1872
4702039,1871
4702543,1872
4703039,1875
4703543,1875
4704039,1872
4704543,1872
4705039,1874
4705543,1872
4706039,1874
4706543,1873
4707039,1875
4707543,1872
4708039,1872
4708543,1872
4709039,1874
4709543,1874
4710039,1874
4710543,1872
4711039,1874
4711543,1872
4712039,1872
4712543,1874
4713039,1872
4713543,1875
4714039,1872
4714543,1872
4715039,1872
4715543,1872
4716039,1872
4716543,1871
4717039,1873
4717543,1872
4718039,1872
4718543,1872
4719039,1872
4719543,1875
4720039,1873
4720543,1874
4721039,1874
4721543,1872
4722039,1874
4722543,1872
4723039,1873
4723543,1872
4724039,1872
4724543,1874
4725039,1872
4725543,1872
4726039,1873
4726543,1872
4727039,1872
4727543,1872
4728039,1873
4728543,1873
4729039,1872
4729543,1872
4730039,1873
4730543,1873
4731039,1873
4731543,1872
4732039,1877
4732543,1872
4733039,1872
4733543,1874
4734039,1873
4734543,1875
4735039,1872
4735543,1872
4736039,1872
4736543,1872
4737039,1875
4737543,1872
4738039,1873
4738543,1872
4739039,1872
4739543,1872
4740039,1875
4740543,1873
4741039,1872
4741543,1873
4742039,1872
4742543,1873
4743039,1872
4743543,1872
4744039,1875
4744543,1873
4745039,1872
4745543,1873
4746039,1875
4746543,1872
4747039,1872
4747543,1872
4748039,1875
4748543,1873
4749039,1873
4749543,1873
4750039,1872
4750543,1872
4751039,1873
4751543,1871
4752039,1872
4752543,1873
4753039,1875
4753543,1873
4754039,1874
4754543,1875
4755039,1872
4755543,1872
4756039,1874
4756543,1872
4757039,1872
4757543,1873
4758039,1872
4758543,1872
4759039,1873
4759543,1872
4760039,1872
4760543,1873
4761039,1874
4761543,1872
4762039,1872
4762543,1872
4763039,1874
4763543,1873
4764039,1872
4764543,1874
4765039,1875
4765543,1872
4766039,1872
4766543,1871
4767039,1872
4767543,1875
4768039,1872
4768543,1872
4769039,1872
4769543,1872
4770039,1872
4770543,1872
4771039,1872
4771543,1874
4772039,1873
4772543,1872
4773039,1875
4773543,1874
4774039,1872
4774543,1872
4775039,1872
4775543,1872
4776039,1873
4776543,1875
4777039,1872
4777543,1872
4778039,1874
4778543,1875
4779039,1872
4779543,1875
4780039,1872
4780543,1872
4781039,1872
4781543,1872
4782039,1872
4782543,1872
4783039,1873
4783543,1873
4784039,1873
4784543,1872
4785039,1872
4785543,1872
4786039,1874
4786543,1873
4787039,1874
4787543,1873
4788039,1871
4788543,1872
4789039,1872
4789543,1872
4790039,1872
4790543,1876
4791039,1873
4791543,1874
4792039,1873
4792543,1872
4793039,1872
4793543,1872
4794039,1873
4794543,1873
4795039,1872
4795543,1872
4796039,1872
4796543,1875
4797039,1874
4797543,1872
4798039,1872
4798543,1873
4799039,1872
4799543,1872
4800039,1872
4800543,1872
4801039,1873
4801543,1873
4802039,1873
4802543,1873
4803039,1873
4803543,1872
4804039,1873
4804543,1872
4805039,1872
4805543,1872
4806039,1872
4806543,1872
4807039,1872
4807543,1873
4808039,1873
4808543,1872
4809039,1876
4809543,1873
4810039,1873
4810543,1872
4811039,1872
4811543,1873
4812039,1872
4812543,1875
4813039,1872
4813543,1872
4814039,1872
4814543,1872
4815039,1872
4815543,1872
4816039,1873
4816543,1872
4817039,1873
4817543,1873
4818039,1875
4818543,1872
4819039,1874
4819543,1874
4820039,1874
4820543,1872
4821039,1872
4821543,1872
4822039,1872
4822543,1874
4823039,1875
4823543,1875
4824039,1872
4824543,1872
4825039,1872
4825543,1872
4826039,1873
4826543,1872
4827039,1872
4827543,1872
4828039,1872
4828543,1873
4829039,1873
4829543,1874
4830039,1872
4830543,1875
4831039,1872
4831543,1875
4832039,1874
4832543,1874
4833039,1874
4833543,1874
4834039,1874
4834543,1872
4835039,1872
4835543,1871
4836039,1871
4836543,1872
4837039,1873
4837543,1872
4838039,1871
4838543,1872
4839039,1872
4839543,1872
4840039,1873
4840543,1872
4841039,1872
4841543,1872
4842039,1873
4842543,1873
4843039,1875
4843543,1875
4844039,1872
4844543,1872
4845039,1872
4845543,1872
4846039,1872
4846543,1874
4847039,1872
4847543,1872
4848039,1872
4848543,1872
4849039,1872
4849543,1872
4850039,1871
4850543,1872
4851039,1872
4851543,1872
4852039,1873
4852543,1874
4853039,1873
4853543,1872
4854039,1872
4854543,1872
4855039,1874
4855543,1872
4856039,1872
4856543,1872
4857039,1872
4857543,1872
4858039,1873
4858543,1873
4859039,1873
4859543,1873
4860039,1872
4860543,1872
4861039,1872
4861543,1872
4862039,1874
4862543,1873
4863039,1875
4863543,1872
4864039,1872
4864543,1872
4865039,1874
4865543,1874
4866039,1874
4866543,1873
4867039,1872
4867543,1873
4868039,1876
4868543,1872
4869039,1872
4869543,1871
4870039,1873
4870543,1872
4871039,1873
4871543,1872
4872039,1872
4872543,1873
4873039,1873
4873543,1873
4874039,1872
4874543,1872
4875039,1872
4875543,1872
4876039,1872
4876543,1872
4877039,1873
4877543,1871
4878039,1872
4878543,1872
4879039,1875
4879543,1873
4880039,1872
4880543,1872
4881039,1872
4881543,1872
4882039,1872
4882543,1872
4883039,1872
4883543,1872
4884039,1873
4884543,1872
4885039,1872
4885543,1873
4886039,1874
4886543,1873
4887039,1872
4887543,1872
4888039,1872
4888543,1873
4889039,1872
4889543,1875
4890039,1869
4890543,1873
4891039,1874
4891543,1872
4892039,1873
4892543,1872
4893039,1872
4893543,1872
4894039,1872
4894543,1872
4895039,1874
4895543,1874
4896039,1873
4896543,1875
4897039,1872
4897543,1872
4898039,1873
4898543,1872
4899039,1874
4899543,1872
4900039,1872
4900543,1872
4901039,1873
4901543,1872
4902039,1872
4902543,1875
4903039,1874
4903543,1872
4904039,1872
4904543,1873
4905039,1872
4905543,1872
4906039,1875
4906543,1873
4907039,1875
4907543,1873
4908039,1873
4908543,1872
4909039,1872
4909543,1873
4910039,1872
4910543,1873
4911039,1872
4911543,1872
4912039,1872
4912543,1872
4913039,1872
4913543,1871
4914039,1873
4914543,1873
4915039,1872
4915543,1874
4916039,1873
4916543,1872
4917039,1872
4917543,1871
4918039,1872
4918543,1872
4919039,1873
4919543,1871
4920039,1872
4920543,1872
4921039,1872
4921543,1872
4922039,1872
4922543,1873
4923039,1872
4923543,1873
4924039,1872
4924543,1874
4925039,1872
4925543,1873
4926039,1873
4926543,1874
4927039,1872
4927543,1876
4928039,1874
4928543,1873
4929039,1873
4929543,1875
4930039,1874
4930543,1872
4931039,1872
4931543,1872
4932039,1872
4932543,1875
4933039,1875
4933543,1872
4934039,1872
4934543,1872
4935039,1872
4935543,1872
4936039,1872
4936543,1872
4937039,1872
4937543,1872
4938039,1875
4938543,1874
4939039,1874
4939543,1873
4940039,1873
4940543,1872
4941039,1872
4941543,1872
4942039,1873
4942543,1875
4943039,1872
4943543,1875
4944039,1874
4944543,1874
4945039,1872
4945543,1873
4946039,1875
4946543,1873
4947039,1872
4947543,1872
4948039,1873
4948543,1873
4949039,1872
4949543,1872
4950039,1873
4950543,1872
4951039,1872
4951543,1872
4952039,1874
4952543,1872
4953039,1872
4953543,1872
4954039,1872
4954543,1872
4955039,1872
4955543,1872
4956039,1872
4956543,1873
4957039,1872
4957543,1872
4958039,1872
4958543,1872
4959039,1872
4959543,1872
4960039,1872
4960543,1872
4961039,1872
4961543,1872
4962039,1874
4962543,1873
4963039,1872
4963543,1873
4964039,1873
4964543,1872
4965039,1872
4965543,1873
4966039,1872
4966543,1872
4967039,1871
4967543,1873
4968039,1873
4968543,1872
4969039,1873
4969543,1872
4970039,1872
4970543,1871
4971039,1874
4971543,1872
4972039,1873
4972543,1873
4973039,1872
4973543,1872
4974039,1872
4974543,1873
4975039,1872
4975543,1874
4976039,1872
4976543,1872
4977039,1871
4977543,1870
4978039,1874
4978543,1875
4979039,1877
4979543,1875
4980039,1874
4980543,1872
4981039,1875
4981543,1873
4982039,1872
4982543,1872
4983039,1873
4983543,1873
4984039,1872
4984543,1873
4985039,1874
4985543,1874
4986039,1874
4986543,1872
4987039,1872
4987543,1872
4988039,1874
4988543,1874
4989039,1873
4989543,1872
4990039,1872
4990543,1872
4991039,1874
4991543,1872
4992039,1872
4992543,1874
4993039,1874
4993543,1875
4994039,1872
4994543,1872
4995039,1873
4995543,1874
4996039,1872
4996543,1873
4997039,1872
4997543,1873
4998039,1872
4998543,1872
4999039,1872
4999543,1872
5000039,1873
5000543,1873
5001039,1875
5001543,1874
5002039,1871
5002543,1872
5003039,1876
5003543,1872
5004039,1875
5004543,1872
5005039,1872
5005543,1873
5006039,1872
5006543,1873
5007039,1873
5007543,1872
5008039,1872
5008543,1872
5009039,1873
5009543,1873
5010039,1874
5010543,1872
5011039,1872
5011543,1872
5012039,1872
5012543,1872
5013039,1875
5013543,1874
5014039,1872
5014543,1874
5015039,1872
5015543,1872
5016039,1874
5016543,1874
5017039,1872
5017543,1872
5018039,1872
5018543,1872
5019039,1872
5019543,1873
5020039,1872
5020543,1872
5021039,1872
5021543,1872
5022039,1872
5022543,1872
5023039,1872
5023543,1872
5024039,1872
5024543,1874
5025039,1872
5025543,1872
5026039,1872
5026543,1872
5027039,1872
5027543,1872
5028039,1872
5028543,1872
5029039,1872
5029543,1872
5030039,1874
5030543,1873
5031039,1873
5031543,1872
5032039,1872
5032543,1872
5033039,1875
5033543,1872
5034039,1872
5034543,1872
5035039,1872
5035543,1872
5036039,1873
5036543,1872
5037039,1872
5037543,1872
5038039,1872
5038543,1872
5039039,1875
5039543,1873
5040039,1873
5040543,1872
5041039,1873
5041543,1872
5042039,1872
5042543,1873
5043039,1873
5043543,1872
5044039,1872
5044543,1875
5045039,1874
5045543,1872
5046039,1874
5046543,1872
5047039,1873
5047543,1872
5048039,1872
5048543,1872
5049039,1872
5049543,1872
5050039,1873
5050543,1872
5051039,1872
5051543,1873
5052039,1872
5052543,1873
5053039,1872
5053543,1874
5054039,1872
5054543,1873
5055039,1872
5055543,1872
5056039,1872
5056543,1872
5057039,1873
5057543,1873
5058039,1872
5058543,1872
5059039,1872
5059543,1871
5060039,1873
5060543,1872
5061039,1872
5061543,1873
5062039,1873
5062543,1873
5063039,1872
5063543,1872
5064039,1872
5064543,1872
5065039,1872
5065543,1874
5066039,1875
5066543,1872
5067039,1872
5067543,1872
5068039,1873
5068543,1872
5069039,1874
5069543,1874
5070039,1872
5070543,1872
5071039,1872
5071543,1872
5072039,1872
5072543,1872
5073039,1872
5073543,1870
5074039,1872
5074543,1874
5075039,1872
5075543,1875
5076039,1873
5076543,1872
5077039,1875
5077543,1872
5078039,1872
5078543,1876
5079039,1874
5079543,1872
5080039,1872
5080543,1872
5081039,1874
5081543,1872
5082039,1873
5082543,1873
5083039,1874
5083543,1872
5084039,1872
5084543,1874
5085039,1874
5085543,1872
5086039,1874
5086543,1872
5087039,1873
5087543,1872
5088039,1873
5088543,1873
5089039,1873
5089543,1873
5090039,1872
5090543,1874
5091039,1871
5091543,1873
5092039,1878
5092543,1874
5093039,1872
5093543,1872
5094039,1872
5094543,1872
5095039,1872
5095543,1872
5096039,1872
5096543,1872
5097039,1873
5097543,1873
5098039,1872
5098543,1872
5099039,1873
5099543,1873
5100039,1872
5100543,1872
5101039,1873
5101543,1872
5102039,1873
5102543,1873
5103039,1872
5103543,1873
5104039,1873
5104543,1872
5105039,1874
5105543,1872
5106039,1875
5106543,1872
5107039,1872
5107543,1872
5108039,1872
5108543,1873
5109039,1872
5109543,1877
5110039,1873
5110543,1875
5111039,1872
5111543,1878
5112039,1872
5112543,1873
5113039,1874
5113543,1873
5114039,1872
5114543,1872
5115039,1873
5115543,1872
5116039,1876
5116543,1872
5117039,1872
5117543,1872
5118039,1871
5118543,1872
5119039,1873
5119543,1876
5120039,1873
5120543,1878
5121039,1872
5121543,1874
5122039,1872
5122543,1872
5123039,1873
5123543,1872
5124039,1873
5124543,1872
5125039,1872
5125543,1873
5126039,1872
5126543,1873
5127039,1872
5127543,1872
5128039,1872
5128543,1872
5129039,1871
5129543,1870
5130039,1872
5130543,1872
5131039,1872
5131543,1873
5132039,1872
5132543,1872
5133039,1873
5133543,1870
5134039,1873
5134543,1873
5135039,1874
5135543,1872
5136039,1873
5136543,1874
5137039,1874
5137543,1873
5138039,1872
5138543,1872
5139039,1871
5139543,1873
5140039,1872
5140543,1871
5141039,1872
5141543,1874
5142039,1875
5142543,1874
5143039,1873
5143543,1873
5144039,1872
5144543,1875
5145039,1875
5145543,1872
5146039,1872
5146543,1874
5147039,1873
5147543,1873
5148039,1872
5148543,1872
5149039,1872
5149543,1873
5150039,1872
5150543,1872
5151039,1873
5151543,1872
5152039,1874
5152543,1873
5153039,1873
5153543,1875
5154039,1875
5154543,1872
5155039,1872
5155543,1873
5156039,1873
5156543,1872
5157039,1875
5157543,1873
5158039,1872
5158543,1875
5159039,1874
5159543,1873
5160039,1872
5160543,1874
5161039,1873
5161543,1871
5162039,1873
5162543,1872
5163039,1872
5163543,1874
5164039,1872
5164543,1872
5165039,1872
5165543,1872
5166039,1873
5166543,1873
5167039,1873
5167543,1871
5168039,1873
5168543,1875
5169039,1874
5169543,1872
5170039,1872
5170543,1873
5171039,1872
5171543,1872
5172039,1872
5172543,1872
5173039,1873
5173543,1872
5174039,1872
5174543,1873
5175039,1872
5175543,1872
5176039,1875
5176543,1872
5177039,1872
5177543,1873
5178039,1872
5178543,1873
5179039,1873
5179543,1872
5180039,1872
5180543,1872
5181039,1873
5181543,1875
5182039,1872
5182543,1872
5183039,1873
5183543,1874
5184039,1872
5184543,1875
5185039,1874
5185543,1872
5186039,1873
5186543,1872
5187039,1872
5187543,1873
5188039,1872
5188543,1873
5189039,1873
5189543,1872
5190039,1872
5190543,1875
5191039,1872
5191543,1875
5192039,1877
5192543,1873
5193039,1872
5193543,1873
5194039,1875
5194543,1874
5195039,1872
5195543,1873
5196039,1872
5196543,1874
5197039,1872
5197543,1872
5198039,1875
5198543,1872
5199039,1873
5199543,1874
5200039,1872
5200543,1875
5201039,1873
5201543,1872
5202039,1873
5202543,1872
5203039,1872
5203543,1874
5204039,1875
5204543,1873
5205039,1873
5205543,1874
5206039,1873
5206543,1872
5207039,1874
5207543,1872
5208039,1872
5208543,1873
5209039,1875
5209543,1872
5210039,1875
5210543,1874
5211039,1872
5211543,1874
5212039,1871
5212543,1872
5213039,1873
5213543,1873
5214039,1872
5214543,1872
5215039,1877
5215543,1872
5216039,1876
5216543,1872
5217039,1872
5217543,1874
5218039,1872
5218543,1870
5219039,1872
5219543,1872
5220039,1874
5220543,1872
5221039,1872
5221543,1873
5222039,1872
5222543,1873
5223039,1872
5223543,1872
5224039,1874
5224543,1873
5225039,1873
5225543,1873
5226039,1872
5226543,1875
5227039,1872
5227543,1872
5228039,1872
5228543,1872
5229039,1874
5229543,1872
5230039,1872
5230543,1873
5231039,1872
5231543,1875
5232039,1872
5232543,1872
5233039,1872
5233543,1873
5234039,1875
5234543,1873
5235039,1875
5235543,1872
5236039,1872
5236543,1872
5237039,1872
5237543,1872
5238039,1872
5238543,1873
5239039,1872
5239543,1872
5240039,1872
5240543,1872
5241039,1875
5241543,1871
5242039,1872
5242543,1873
5243039,1872
5243543,1873
5244039,1872
5244543,1872
5245039,1872
5245543,1872
5246039,1872
5246543,1875
5247039,1873
5247543,1873
5248039,1873
5248543,1875
5249039,1872
5249543,1873
5250039,1872
5250543,1873
5251039,1872
5251543,1874
5252039,1872
5252543,1872
5253039,1872
5253543,1872
5254039,1872
5254543,1872
5255039,1872
5255543,1875
5256039,1873
5256543,1874
5257039,1873
5257543,1875
5258039,1874
5258543,1872
5259039,1872
5259543,1872
5260039,1872
5260543,1875
5261039,1872
5261543,1872
5262039,1872
5262543,1874
5263039,1872
5263543,1873
5264039,1873
5264543,1872
5265039,1872
5265543,1872
5266039,1872
5266543,1873
5267039,1872
5267543,1873
5268039,1872
5268543,1872
5269039,1872
5269543,1872
5270039,1872
5270543,1872
5271039,1872
5271543,1876
5272039,1872
5272543,1874
5273039,1872
5273543,1873
5274039,1872
5274543,1873
5275039,1875
5275543,1872
5276039,1873
5276543,1875
5277039,1872
5277543,1872
5278039,1872
5278543,1872
5279039,1874
5279543,1874
5280039,1874
5280543,1872
5281039,1873
5281543,1873
5282039,1875
5282543,1872
5283039,1875
5283543,1872
5284039,1872
5284543,1875
5285039,1872
5285543,1872
5286039,1872
5286543,1872
5287039,1873
5287543,1874
5288039,1872
5288543,1872
5289039,1872
5289543,1873
5290039,1874
5290543,1873
5291039,1873
5291543,1872
5292039,1872
5292543,1872
5293039,1874
5293543,1877
5294039,1873
5294543,1872
5295039,1872
5295543,1872
5296039,1873
5296543,1872
5297039,1872
5297543,1872
5298039,1873
5298543,1874
5299039,1875
5299543,1874
5300039,1873
5300543,1873
5301039,1873
5301543,1872
5302039,1874
5302543,1872
5303039,1873
5303543,1873
5304039,1874
5304543,1872
5305039,1875
5305543,1872
5306039,1873
5306543,1872
5307039,1872
5307543,1872
5308039,1873
5308543,1872
5309039,1872
5309543,1872
5310039,1872
5310543,1872
5311039,1872
5311543,1876
5312039,1873
5312543,1872
5313039,1875
5313543,1872
5314039,1872
5314543,1872
5315039,1874
5315543,1872
5316039,1876
5316543,1873
5317039,1874
5317543,1872
5318039,1871
5318543,1872
5319039,1873
5319543,1873
5320039,1872
5320543,1872
5321039,1872
5321543,1872
5322039,1873
5322543,1872
5323039,1876
5323543,1872
5324039,1872
5324543,1872
5325039,1872
5325543,1873
5326039,1873
5326543,1872
5327039,1875
5327543,1874
5328039,1875
5328543,1872
5329039,1874
5329543,1875
5330039,1872
5330543,1872
5331039,1875
5331543,1872
5332039,1872
5332543,1873
5333039,1872
5333543,1874
5334039,1874
5334543,1873
5335039,1873
5335543,1873
5336039,1872
5336543,1871
5337039,1872
5337543,1872
5338039,1872
5338543,1872
5339039,1872
5339543,1874
5340039,1871
5340543,1873
5341039,1872
5341543,1872
5342039,1874
5342543,1873
5343039,1872
5343543,1872
5344039,1877
5344543,1872
5345039,1873
5345543,1872
5346039,1872
5346543,1874
5347039,1872
5347543,1872
5348039,1874
5348543,1872
5349039,1872
5349543,1873
5350039,1874
5350543,1873
5351039,1872
5351543,1872
5352039,1873
5352543,1870
5353039,1873
5353543,1873
5354039,1872
5354543,1873
5355039,1872
5355543,1873
5356039,1873
5356543,1875
5357039,1872
5357543,1873
5358039,1872
5358543,1875
5359039,1872
5359543,1871
5360039,1872
5360543,1873
5361039,1872
5361543,1872
5362039,1872
5362543,1872
5363039,1873
5363543,1871
5364039,1872
5364543,1874
5365039,1872
5365543,1872
5366039,1872
5366543,1875
5367039,1872
5367543,1877
5368039,1872
5368543,1872
5369039,1873
5369543,1872
5370039,1873
5370543,1872
5371039,1872
5371543,1875
5372039,1872
5372543,1874
5373039,1872
5373543,1877
5374039,1875
5374543,1874
5375039,1874
5375543,1874
5376039,1873
5376543,1872
5377039,1873
5377543,1875
5378039,1873
5378543,1872
5379039,1872
5379543,1872
5380039,1872
5380543,1872
5381039,1873
5381543,1872
5382039,1874
5382543,1873
5383039,1872
5383543,1872
5384039,1872
5384543,1873
5385039,1872
5385543,1872
5386039,1872
5386543,1874
5387039,1872
5387543,1872
5388039,1875
5388543,1874
5389039,1872
5389543,1872
5390039,1872
5390543,1872
5391039,1872
5391543,1872
5392039,1873
5392543,1872
5393039,1875
5393543,1874
5394039,1875
5394543,1873
5395039,1872
5395543,1872
5396039,1872
5396543,1872
5397039,1872
5397543,1872
5398039,1874
5398543,1873
5399039,1871
5399543,1874
5400039,1872
5400543,1873
5401039,1873
5401543,1872
5402039,1872
5402543,1872
5403039,1872
5403543,1872
5404039,1872
5404543,1872
5405039,1873
5405543,1872
5406039,1873
5406543,1872
5407039,1872
5407543,1875
5408039,1874
5408543,1872
5409039,1873
5409543,1872
5410039,1876
5410543,1873
5411039,1872
5411543,1874
5412039,1872
5412543,1873
5413039,1875
5413543,1873
5414039,1872
5414543,1872
5415039,1873
5415543,1873
5416039,1872
5416543,1873
5417039,1872
5417543,1874
5418039,1874
5418543,1872
5419039,1872
5419543,1871
5420039,1872
5420543,1872
5421039,1873
5421543,1872
5422039,1873
5422543,1872
5423039,1871
5423543,1875
5424039,1873
5424543,1871
5425039,1873
5425543,1874
5426039,1872
5426543,1872
5427039,1874
5427543,1872
5428039,1873
5428543,1872
5429039,1873
5429543,1872
5430039,1872
5430543,1872
5431039,1872
5431543,1873
5432039,1872
5432543,1873
5433039,1872
5433543,1872
5434039,1874
5434543,1872
5435039,1872
5435543,1870
5436039,1873
5436543,1872
5437039,1872
5437543,1874
5438039,1874
5438543,1873
5439039,1871
5439543,1872
5440039,1873
5440543,1872
5441039,1873
5441543,1874
5442039,1872
5442543,1872
5443039,1872
5443543,1874
5444039,1873
5444543,1875
5445039,1872
5445543,1875
5446039,1872
5446543,1874
5447039,1874
5447543,1872
5448039,1873
5448543,1872
5449039,1873
5449543,1873
5450039,1872
5450543,1873
5451039,1872
5451543,1872
5452039,1872
5452543,1872
5453039,1873
5453543,1872
5454039,1872
5454543,1872
5455039,1872
5455543,1872
5456039,1874
5456543,1874
5457039,1872
5457543,1872
5458039,1872
5458543,1872
5459039,1872
5459543,1872
5460039,1873
5460543,1872
5461039,1872
5461543,1873
5462039,1872
5462543,1872
5463039,1873
5463543,1872
5464039,1872
5464543,1872
5465039,1872
5465543,1873
5466039,1874
5466543,1872
5467039,1874
5467543,1872
5468039,1873
5468543,1873
5469039,1873
5469543,1873
5470039,1874
5470543,1872
5471039,1874
5471543,1872
5472039,1873
5472543,1873
5473039,1871
5473543,1872
5474039,1872
5474543,1877
5475039,1873
5475543,1872
5476039,1874
5476543,1872
5477039,1872
5477543,1872
5478039,1875
5478543,1875
5479039,1873
5479543,1872
5480039,1875
5480543,1872
5481039,1872
5481543,1873
5482039,1872
5482543,1872
5483039,1872
5483543,1872
5484039,1872
5484543,1874
5485039,1872
5485543,1872
5486039,1873
5486543,1872
5487039,1872
5487543,1873
5488039,1872
5488543,1872
5489039,1874
5489543,1871
5490039,1875
5490543,1872
5491039,1873
5491543,1874
5492039,1874
5492543,1873
5493039,1873
5493543,1876
5494039,1873
5494543,1873
5495039,1872
5495543,1872
5496039,1872
5496543,1875
5497039,1872
5497543,1872
5498039,1872
5498543,1875
5499039,1872
5499543,1872
5500039,1872
5500543,1872
5501039,1872
5501543,1873
5502039,1872
5502543,1873
5503039,1872
5503543,1874
5504039,1872
5504543,1873
5505039,1872
5505543,1872
5506039,1873
5506543,1873
5507039,1875
5507543,1872
5508039,1872
5508543,1872
5509039,1872
5509543,1872
5510039,1872
5510543,1873
5511039,1872
5511543,1872
5512039,1873
5512543,1873
5513039,1872
5513543,1875
5514039,1872
5514543,1873
5515039,1872
5515543,1877
5516039,1872
5516543,1872
5517039,1873
5517543,1873
5518039,1872
5518543,1876
5519039,1872
5519543,1873
5520039,1875
5520543,1872
5521039,1872
5521543,1873
5522039,1872
5522543,1872
5523039,1875
5523543,1872
5524039,1872
5524543,1873
5525039,1872
5525543,1872
5526039,1872
5526543,1873
5527039,1873
5527543,1872
5528039,1872
5528543,1873
5529039,1872
5529543,1877
5530039,1872
5530543,1875
5531039,1875
5531543,1872
5532039,1873
5532543,1873
5533039,1873
5533543,1873
5534039,1875
5534543,1875
5535039,1874
5535543,1872
5536039,1872
5536543,1872
5537039,1872
5537543,1873
5538039,1874
5538543,1873
5539039,1872
5539543,1873
5540039,1873
5540543,1874
5541039,1873
5541543,1873
5542039,1872
5542543,1872
5543039,1872
5543543,1872
5544039,1874
5544543,1872
5545039,1871
5545543,1872
5546039,1872
5546543,1873
5547039,1875
5547543,1872
5548039,1872
5548543,1872
5549039,1872
5549543,1873
5550039,1872
5550543,1872
5551039,1872
5551543,1872
5552039,1870
5552543,1872
5553039,1871
5553543,1872
5554039,1871
5554543,1872
5555039,1872
5555543,1872
5556039,1873
5556543,1872
5557039,1872
5557543,1871
5558039,1872
5558543,1871
5559039,1872
5559543,1872
5560039,1872
5560543,1871
5561039,1872
5561543,1871
5562039,1874
5562543,1872
5563039,1875
5563543,1872
5564039,1873
5564543,1873
5565039,1873
5565543,1873
5566039,1874
5566543,1872
5567039,1874
5567543,1872
5568039,1872
5568543,1873
5569039,1873
5569543,1872
5570039,1872
5570543,1875
5571039,1872
5571543,1872
5572039,1875
5572543,1872
5573039,1872
5573543,1871
5574039,1872
5574543,1872
5575039,1872
5575543,1874
5576039,1872
5576543,1871
5577039,1872
5577543,1872
5578039,1872
5578543,1874
5579039,1872
5579543,1874
5580039,1872
5580543,1872
5581039,1873
5581543,1872
5582039,1872
5582543,1872
5583039,1872
5583543,1872
5584039,1872
5584543,1873
5585039,1872
5585543,1872
5586039,1872
5586543,1872
5587039,1872
5587543,1875
5588039,1872
5588543,1873
5589039,1872
5589543,1871
5590039,1874
5590543,1872
5591039,1872
5591543,1872
5592039,1872
5592543,1873
5593039,1873
5593543,1874
5594039,1873
5594543,1874
5595039,1872
5595543,1871
5596039,1872
5596543,1872
5597039,1872
5597543,1872
5598039,1872
5598543,1872
5599039,1872
5599543,1871
5600039,1874
5600543,1872
5601039,1872
5601543,1872
5602039,1872
5602543,1872
5603039,1872
5603543,1873
5604039,1873
5604543,1873
5605039,1874
5605543,1872
5606039,1872
5606543,1872
5607039,1872
5607543,1874
5608039,1872
5608543,1873
5609039,1872
5609543,1873
5610039,1872
5610543,1873
5611039,1874
5611543,1872
5612039,1873
5612543,1874
5613039,1872
5613543,1872
5614039,1873
5614543,1872
5615039,1872
5615543,1872
5616039,1873
5616543,1874
5617039,1872
5617543,1872
5618039,1874
5618543,1872
5619039,1872
5619543,1873
5620039,1873
5620543,1872
5621039,1872
5621543,1872
5622039,1873
5622543,1873
5623039,1872
5623543,1873
5624039,1873
5624543,1877
5625039,1872
5625543,1872
5626039,1872
5626543,1872
5627039,1872
5627543,1873
5628039,1871
5628543,1872
5629039,1873
5629543,1872
5630039,1873
5630543,1872
5631039,1872
5631543,1872
5632039,1875
5632543,1872
5633039,1872
5633543,1872
5634039,1870
5634543,1872
5635039,1873
5635543,1872
5636039,1874
5636543,1873
5637039,1872
5637543,1872
5638039,1872
5638543,1872
5639039,1874
5639543,1874
5640039,1873
5640543,1873
5641039,1873
5641543,1872
5642039,1874
5642543,1872
5643039,1872
5643543,1874
5644039,1872
5644543,1872
5645039,1872
5645543,1875
5646039,1874
5646543,1874
5647039,1872
5647543,1874
5648039,1872
5648543,1874
5649039,1872
5649543,1872
5650039,1873
5650543,1873
5651039,1872
5651543,1873
5652039,1872
5652543,1874
5653039,1872
5653543,1872
5654039,1875
5654543,1872
5655039,1875
5655543,1873
5656039,1873
5656543,1872
5657039,1872
5657543,1872
5658039,1874
5658543,1874
5659039,1872
5659543,1873
5660039,1872
5660543,1872
5661039,1872
5661543,1872
5662039,1874
5662543,1874
5663039,1874
5663543,1873
5664039,1872
5664543,1872
5665039,1872
5665543,1872
5666039,1873
5666543,1873
5667039,1872
5667543,1872
5668039,1872
5668543,1872
5669039,1872
5669543,1873
5670039,1875
5670543,1872
5671039,1874
5671543,1872
5672039,1872
5672543,1872
5673039,1872
5673543,1872
5674039,1872
5674543,1872
5675039,1873
5675543,1873
5676039,1873
5676543,1872
5677039,1873
5677543,1875
5678039,1873
5678543,1875
5679039,1876
5679543,1872
5680039,1872
5680543,1877
5681039,1872
5681543,1875
5682039,1875
5682543,1873
5683039,1873
5683543,1873
5684039,1873
5684543,1873
5685039,1875
5685543,1872
5686039,1873
5686543,1875
5687039,1872
5687543,1873
5688039,1873
5688543,1875
5689039,1872
5689543,1873
5690039,1875
5690543,1872
5691039,1873
5691543,1872
5692039,1873
5692543,1872
5693039,1874
5693543,1872
5694039,1874
5694543,1872
5695039,1876
5695543,1872
5696039,1875
5696543,1872
5697039,1873
5697543,1873
5698039,1875
5698543,1873
5699039,1872
5699543,1872
5700039,1873
5700543,1872
5701039,1872
5701543,1872
5702039,1872
5702543,1872
5703039,1872
5703543,1872
5704039,1872
5704543,1872
5705039,1872
5705543,1872
5706039,1872
5706543,1872
5707039,1872
5707543,1872
5708039,1872
5708543,1873
5709039,1873
5709543,1872
5710039,1872
5710543,1873
5711039,1875
5711543,1872
5712039,1872
5712543,1875
5713039,1873
5713543,1873
5714039,1871
5714543,1873
5715039,1875
5715543,1872
5716039,1874
5716543,1872
5717039,1872
5717543,1872
5718039,1873
5718543,1872
5719039,1872
5719543,1873
5720039,1872
5720543,1872
5721039,1872
5721543,1873
5722039,1877
5722543,1875
5723039,1872
5723543,1872
5724039,1872
5724543,1877
5725039,1872
5725543,1873
5726039,1872
5726543,1872
5727039,1874
5727543,1875
5728039,1872
5728543,1872
5729039,1873
5729543,1873
5730039,1875
5730543,1872
5731039,1873
5731543,1873
5732039,1872
5732543,1872
5733039,1872
5733543,1872
5734039,1872
5734543,1872
5735039,1875
5735543,1872
5736039,1873
5736543,1872
5737039,1873
5737543,1873
5738039,1873
5738543,1875
5739039,1874
5739543,1872
5740039,1872
5740543,1872
5741039,1872
5741543,1872
5742039,1872
5742543,1872
5743039,1872
5743543,1873
5744039,1872
5744543,1874
5745039,1875
5745543,1872
5746039,1872
5746543,1872
5747039,1875
5747543,1872
5748039,1873
5748543,1874
5749039,1872
5749543,1872
5750039,1872
5750543,1872
5751039,1871
5751543,1873
5752039,1872
5752543,1873
5753039,1872
5753543,1875
5754039,1871
5754543,1872
5755039,1873
5755543,1872
5756039,1873
5756543,1875
5757039,1872
5757543,1872
5758039,1873
5758543,1875
5759039,1874
5759543,1872
5760039,1872
5760543,1873
5761039,1872
5761543,1871
5762039,1872
5762543,1872
5763039,1872
5763543,1871
5764039,1873
5764543,1873
5765039,1872
5765543,1872
5766039,1874
5766543,1874
5767039,1872
5767543,1871
5768039,1876
5768543,1872
5769039,1873
5769543,1872
5770039,1872
5770543,1875
5771039,1873
5771543,1872
5772039,1873
5772543,1872
5773039,1872
5773543,1873
5774039,1874
5774543,1872
5775039,1872
5775543,1873
5776039,1872
5776543,1873
5777039,1872
5777543,1872
5778039,1872
5778543,1872
5779039,1872
5779543,1872
5780039,1873
5780543,1872
5781039,1874
5781543,1872
5782039,1874
5782543,1872
5783039,1875
5783543,1872
5784039,1873
5784543,1872
5785039,1872
5785543,1874
5786039,1872
5786543,1872
5787039,1872
5787543,1872
5788039,1872
5788543,1873
5789039,1875
5789543,1872
5790039,1872
5790543,1872
5791039,1873
5791543,1876
5792039,1872
5792543,1872
5793039,1872
5793543,1872
5794039,1872
5794543,1874
5795039,1873
5795543,1874
5796039,1872
5796543,1873
5797039,1872
5797543,1875
5798039,1874
5798543,1872
5799039,1873
5799543,1872
5800039,1872
5800543,1875
5801039,1872
5801543,1873
5802039,1871
5802543,1872
5803039,1873
5803543,1874
5804039,1872
5804543,1873
5805039,1873
5805543,1873
5806039,1873
5806543,1873
5807039,1873
5807543,1873
5808039,1874
5808543,1872
5809039,1874
5809543,1872
5810039,1873
5810543,1872
5811039,1875
5811543,1872
5812039,1872
5812543,1874
5813039,1872
5813543,1875
5814039,1872
5814543,1876
5815039,1872
5815543,1872
5816039,1872
5816543,1875
5817039,1873
5817543,1873
5818039,1874
5818543,1874
5819039,1874
5819543,1871
5820039,1874
5820543,1872
5821039,1872
5821543,1874
5822039,1874
5822543,1872
5823039,1872
5823543,1874
5824039,1875
5824543,1874
5825039,1872
5825543,1872
5826039,1872
5826543,1872
5827039,1872
5827543,1872
5828039,1873
5828543,1872
5829039,1872
5829543,1872
5830039,1872
5830543,1872
5831039,1872
5831543,1872
5832039,1872
5832543,1873
5833039,1872
5833543,1871
5834039,1872
5834543,1872
5835039,1872
5835543,1872
5836039,1872
5836543,1872
5837039,1872
5837543,1872
5838039,1872
5838543,1872
5839039,1872
5839543,1875
5840039,1874
5840543,1870
5841039,1874
5841543,1872
5842039,1874
5842543,1873
5843039,1874
5843543,1872
5844039,1872
5844543,1875
5845039,1874
5845543,1874
5846039,1872
5846543,1872
5847039,1872
5847543,1872
5848039,1874
5848543,1873
5849039,1875
5849543,1873
5850039,1872
5850543,1872
5851039,1873
5851543,1872
5852039,1872
5852543,1875
5853039,1872
5853543,1872
5854039,1872
5854543,1872
5855039,1872
5855543,1872
5856039,1874
5856543,1872
5857039,1873
5857543,1872
5858039,1873
5858543,1874
5859039,1872
5859543,1873
5860039,1872
5860543,1874
5861039,1872
5861543,1873
5862039,1872
5862543,1872
5863039,1874
5863543,1872
5864039,1873
5864543,1872
5865039,1873
5865543,1872
5866039,1872
5866543,1872
5867039,1875
5867543,1874
5868039,1872
5868543,1874
5869039,1872
5869543,1871
5870039,1874
5870543,1872
5871039,1874
5871543,1872
5872039,1872
5872543,1872
5873039,1872
5873543,1872
5874039,1872
5874543,1872
5875039,1876
5875543,1872
5876039,1869
5876543,1873
5877039,1873
5877543,1872
5878039,1872
5878543,1872
5879039,1872
5879543,1874
5880039,1873
5880543,1872
5881039,1872
5881543,1872
5882039,1871
5882543,1874
5883039,1872
5883543,1872
5884039,1872
5884543,1874
5885039,1872
5885543,1873
5886039,1873
5886543,1872
5887039,1875
5887543,1872
5888039,1873
5888543,1873
5889039,1873
5889543,1875
5890039,1873
5890543,1872
5891039,1874
5891543,1872
5892039,1877
5892543,1872
5893039,1874
5893543,1872
5894039,1872
5894543,1873
5895039,1877
5895543,1873
5896039,1872
5896543,1873
5897039,1875
5897543,1875
5898039,1874
5898543,1872
5899039,1874
5899543,1872
5900039,1873
5900543,1872
5901039,1873
5901543,1871
5902039,1872
5902543,1872
5903039,1872
5903543,1875
5904039,1874
5904543,1872
5905039,1872
5905543,1872
5906039,1875
5906543,1873
5907039,1875
5907543,1872
5908039,1872
5908543,1872
5909039,1873
5909543,1872
5910039,1872
5910543,1876
5911039,1872
5911543,1873
5912039,1872
5912543,1874
5913039,1872
5913543,1873
5914039,1872
5914543,1873
5915039,1872
5915543,1874
5916039,1874
5916543,1872
5917039,1873
5917543,1872
5918039,1872
5918543,1872
5919039,1873
5919543,1873
5920039,1873
5920543,1872
5921039,1872
5921543,1872
5922039,1873
5922543,1871
5923039,1873
5923543,1872
5924039,1873
5924543,1872
5925039,1872
5925543,1876
5926039,1873
5926543,1872
5927039,1873
5927543,1872
5928039,1872
5928543,1872
5929039,1873
5929543,1872
5930039,1872
5930543,1872
5931039,1872
5931543,1872
5932039,1872
5932543,1874
5933039,1872
5933543,1872
5934039,1874
5934543,1872
5935039,1872
5935543,1875
5936039,1872
5936543,1872
5937039,1872
5937543,1872
5938039,1874
5938543,1872
5939039,1875
5939543,1872
5940039,1872
5940543,1872
5941039,1873
5941543,1872
5942039,1872
5942543,1872
5943039,1872
5943543,1872
5944039,1872
5944543,1872
5945039,1872
5945543,1873
5946039,1872
5946543,1870
5947039,1873
5947543,1872
5948039,1872
5948543,1877
5949039,1875
5949543,1872
5950039,1872
5950543,1874
5951039,1872
5951543,1872
5952039,1872
5952543,1872
5953039,1872
5953543,1872
5954039,1874
5954543,1871
5955039,1872
5955543,1873
5956039,1874
5956543,1873
5957039,1876
5957543,1872
5958039,1872
5958543,1872
5959039,1875
5959543,1873
5960039,1873
5960543,1873
5961039,1872
5961543,1873
5962039,1875
5962543,1877
5963039,1872
5963543,1873
5964039,1871
5964543,1873
5965039,1872
5965543,1873
5966039,1872
5966543,1875
5967039,1873
5967543,1873
5968039,1873
5968543,1873
5969039,1872
5969543,1871
5970039,1872
5970543,1872
5971039,1875
5971543,1872
5972039,1872
5972543,1872
5973039,1872
5973543,1874
5974039,1873
5974543,1873
5975039,1871
5975543,1872
5976039,1873
5976543,1873
5977039,1871
5977543,1872
5978039,1872
5978543,1872
5979039,1875
5979543,1871
5980039,1873
5980543,1872
5981039,1872
5981543,1875
5982039,1872
5982543,1872
5983039,1872
5983543,1872
5984039,1872
5984543,1873
5985039,1875
5985543,1872
5986039,1873
5986543,1873
5987039,1873
5987543,1872
5988039,1872
5988543,1873
5989039,1877
5989543,1872
5990039,1875
5990543,1872
5991039,1872
5991543,1872
5992039,1873
5992543,1872
5993039,1872
5993543,1873
5994039,1872
5994543,1873
5995039,1873
5995543,1874
5996039,1873
5996543,1872
5997039,1872
5997543,1873
5998039,1872
5998543,1874
5999039,1872
5999543,1872
6000039,1872
6000543,1872
6001039,1873
6001543,1871
6002039,1872
6002543,1872
6003039,1874
6003543,1872
6004039,1872
6004543,1872
6005039,1872
6005543,1873
6006039,1874
6006543,1873
6007039,1873
6007543,1872
6008039,1873
6008543,1872
6009039,1872
6009543,1872
6010039,1873
6010543,1872
6011039,1873
6011543,1875
6012039,1872
6012543,1872
6013039,1872
6013543,1872
6014039,1872
6014543,1872
6015039,1872
6015543,1872
6016039,1873
6016543,1872
6017039,1872
6017543,1872
6018039,1873
6018543,1871
6019039,1872
6019543,1872
6020039,1872
6020543,1874
6021039,1872
6021543,1873
6022039,1872
6022543,1872
6023039,1872
6023543,1872
6024039,1872
6024543,1872
6025039,1874
6025543,1872
6026039,1872
6026543,1872
6027039,1872
6027543,1873
6028039,1872
6028543,1872
6029039,1872
6029543,1872
6030039,1873
6030543,1873
6031039,1872
6031543,1872
6032039,1872
6032543,1873
6033039,1872
6033543,1872
6034039,1873
6034543,1873
6035039,1872
6035543,1873
6036039,1874
6036543,1872
6037039,1873
6037543,1872
6038039,1871
6038543,1873
6039039,1872
6039543,1875
6040039,1872
6040543,1872
6041039,1873
6041543,1872
6042039,1873
6042543,1872
6043039,1874
6043543,1874
6044039,1873
6044543,1872
6045039,1872
6045543,1874
6046039,1872
6046543,1872
6047039,1872
6047543,1873
6048039,1872
6048543,1875
6049039,1872
6049543,1873
6050039,1875
6050543,1874
6051039,1873
6051543,1876
6052039,1872
6052543,1872
6053039,1873
6053543,1872
6054039,1874
6054543,1872
6055039,1872
6055543,1872
6056039,1873
6056543,1872
6057039,1871
6057543,1872
6058039,1875
6058543,1872
6059039,1873
6059543,1872
6060039,1872
6060543,1872
6061039,1872
6061543,1876
6062039,1871
6062543,1874
6063039,1873
6063543,1872
6064039,1872
6064543,1872
6065039,1873
6065543,1873
6066039,1872
6066543,1872
6067039,1877
6067543,1872
6068039,1872
6068543,1872
6069039,1872
6069543,1871
6070039,1873
6070543,1874
6071039,1874
6071543,1872
6072039,1872
6072543,1872
6073039,1872
6073543,1873
6074039,1872
6074543,1873
6075039,1872
6075543,1872
6076039,1872
6076543,1872
6077039,1872
6077543,1872
6078039,1871
6078543,1872
6079039,1873
6079543,1872
6080039,1872
6080543,1872
6081039,1872
6081543,1872
6082039,1873
6082543,1873
6083039,1872
6083543,1871
6084039,1872
6084543,1872
6085039,1873
6085543,1872
6086039,1872
6086543,1872
6087039,1872
6087543,1872
6088039,1872
6088543,1872
6089039,1872
6089543,1874
6090039,1872
6090543,1874
6091039,1873
6091543,1871
6092039,1875
6092543,1874
6093039,1871
6093543,1871
6094039,1873
6094543,1872
6095039,1872
6095543,1872
6096039,1870
6096543,1873
6097039,1875
6097543,1872
6098039,1872
6098543,1873
6099039,1872
6099543,1872
6100039,1875
6100543,1872
6101039,1872
6101543,1872
6102039,1872
6102543,1872
6103039,1872
6103543,1872
6104039,1872
6104543,1872
6105039,1873
6105543,1872
6106039,1872
6106543,1872
6107039,1872
6107543,1872
6108039,1872
6108543,1873
6109039,1873
6109543,1872
6110039,1872
6110543,1872
6111039,1872
6111543,1873
6112039,1872
6112543,1873
6113039,1871
6113543,1872
6114039,1873
6114543,1872
6115039,1873
6115543,1872
6116039,1871
6116543,1872
6117039,1872
6117543,1872
6118039,1872
6118543,1872
6119039,1872
6119543,1872
6120039,1872
6120543,1872
6121039,1873
6121543,1872
6122039,1872
6122543,1872
6123039,1872
6123543,1874
6124039,1872
6124543,1877
6125039,1874
6125543,1872
6126039,1872
6126543,1872
6127039,1873
6127543,1872
6128039,1873
6128543,1869
6129039,1872
6129543,1873
6130039,1872
6130543,1875
6131039,1872
6131543,1872
6132039,1872
6132543,1874
6133039,1874
6133543,1872
6134039,1872
6134543,1872
6135039,1873
6135543,1873
6136039,1873
6136543,1872
6137039,1872
6137543,1873
6138039,1872
6138543,1872
6139039,1874
6139543,1872
6140039,1872
6140543,1872
6141039,1872
6141543,1872
6142039,1872
6142543,1872
6143039,1872
6143543,1873
6144039,1872
6144543,1872
6145039,1872
6145543,1873
6146039,1872
6146543,1872
6147039,1872
6147543,1872
6148039,1876
6148543,1873
6149039,1872
6149543,1874
6150039,1872
6150543,1873
6151039,1873
6151543,1872
6152039,1873
6152543,1873
6153039,1873
6153543,1872
6154039,1873
6154543,1873
6155039,1874
6155543,1872
6156039,1872
6156543,1874
6157039,1872
6157543,1873
6158039,1872
6158543,1873
6159039,1872
6159543,1875
6160039,1872
6160543,1872
6161039,1873
6161543,1872
6162039,1871
6162543,1872
6163039,1871
6163543,1872
6164039,1874
6164543,1872
6165039,1872
6165543,1872
6166039,1872
6166543,1872
6167039,1876
6167543,1869
6168039,1873
6168543,1872
6169039,1873
6169543,1872
6170039,1872
6170543,1872
6171039,1872
6171543,1871
6172039,1873
6172543,1871
6173039,1873
6173543,1872
6174039,1872
6174543,1872
6175039,1872
6175543,1873
6176039,1873
6176543,1873
6177039,1872
6177543,1875
6178039,1872
6178543,1872
6179039,1874
6179543,1874
6180039,1873
6180543,1872
6181039,1873
6181543,1872
6182039,1872
6182543,1873
6183039,1872
6183543,1873
6184039,1873
6184543,1872
6185039,1872
6185543,1874
6186039,1874
6186543,1872
6187039,1872
6187543,1873
6188039,1872
6188543,1872
6189039,1870
6189543,1875
6190039,1873
6190543,1872
6191039,1872
6191543,1872
6192039,1872
6192543,1873
6193039,1872
6193543,1877
6194039,1872
6194543,1873
6195039,1872
6195543,1871
6196039,1872
6196543,1874
6197039,1872
6197543,1873
6198039,1872
6198543,1872
6199039,1872
6199543,1873
6200039,1872
6200543,1872
6201039,1872
6201543,1873
6202039,1873
6202543,1872
6203039,1872
6203543,1872
6204039,1872
6204543,1872
6205039,1872
6205543,1872
6206039,1873
6206543,1875
6207039,1874
6207543,1872
6208039,1871
6208543,1872
6209039,1872
6209543,1872
6210039,1872
6210543,1873
6211039,1874
6211543,1873
6212039,1872
6212543,1873
6213039,1873
6213543,1872
6214039,1874
6214543,1872
6215039,1872
6215543,1872
6216039,1872
6216543,1873
6217039,1872
6217543,1872
6218039,1872
6218543,1872
6219039,1872
6219543,1872
6220039,1872
6220543,1873
6221039,1874
6221543,1872
6222039,1872
6222543,1873
6223039,1872
6223543,1872
6224039,1874
6224543,1874
6225039,1872
6225543,1872
6226039,1872
6226543,1872
6227039,1871
6227543,1873
6228039,1874
6228543,1872
6229039,1872
6229543,1873
6230039,1872
6230543,1875
6231039,1872
6231543,1877
6232039,1874
6232543,1873
6233039,1872
6233543,1872
6234039,1873
6234543,1872
6235039,1871
6235543,1872
6236039,1872
6236543,1872
6237039,1872
6237543,1872
6238039,1872
6238543,1872
6239039,1872
6239543,1872
6240039,1872
6240543,1872
6241039,1873
6241543,1873
6242039,1872
6242543,1872
6243039,1872
6243543,1873
6244039,1872
6244543,1873
6245039,1872
6245543,1875
6246039,1872
6246543,1874
6247039,1874
6247543,1872
6248039,1873
6248543,1873
6249039,1871
6249543,1872
6250039,1873
6250543,1872
6251039,1872
6251543,1872
6252039,1872
6252543,1872
6253039,1870
6253543,1875
6254039,1872
6254543,1872
6255039,1872
6255543,1873
6256039,1872
6256543,1872
6257039,1873
6257543,1873
6258039,1873
6258543,1872
6259039,1873
6259543,1872
6260039,1872
6260543,1873
6261039,1872
6261543,1872
6262039,1872
6262543,1873
6263039,1873
6263543,1871
6264039,1872
6264543,1874
6265039,1873
6265543,1873
6266039,1872
6266543,1873
6267039,1872
6267543,1872
6268039,1872
6268543,1872
6269039,1872
6269543,1872
6270039,1874
6270543,1872
6271039,1872
6271543,1872
6272039,1872
6272543,1873
6273039,1872
6273543,1873
6274039,1872
6274543,1874
6275039,1875
6275543,1872
6276039,1874
6276543,1872
6277039,1874
6277543,1873
6278039,1872
6278543,1872
6279039,1872
6279543,1873
6280039,1875
6280543,1872
6281039,1872
6281543,1875
6282039,1873
6282543,1872
6283039,1872
6283543,1873
6284039,1873
6284543,1874
6285039,1872
6285543,1872
6286039,1872
6286543,1872
6287039,1872
6287543,1872
6288039,1871
6288543,1872
6289039,1874
6289543,1872
6290039,1872
6290543,1876
6291039,1874
6291543,1872
6292039,1872
6292543,1876
6293039,1873
6293543,1872
6294039,1872
6294543,1873
6295039,1872
6295543,1873
6296039,1872
6296543,1879
6297039,1874
6297543,1872
6298039,1873
6298543,1875
6299039,1873
6299543,1873
6300039,1873
6300543,1873
6301039,1873
6301543,1872
6302039,1872
6302543,1873
6303039,1872
6303543,1872
6304039,1872
6304543,1872
6305039,1873
6305543,1872
6306039,1875
6306543,1873
6307039,1872
6307543,1872
6308039,1873
6308543,1871
6309039,1872
6309543,1872
6310039,1871
6310543,1872
6311039,1872
6311543,1872
6312039,1872
6312543,1874
6313039,1872
6313543,1874
6314039,1872
6314543,1872
6315039,1873
6315543,1872
6316039,1874
6316543,1875
6317039,1872
6317543,1872
6318039,1873
6318543,1872
6319039,1872
6319543,1872
6320039,1872
6320543,1872
6321039,1875
6321543,1872
6322039,1872
6322543,1872
6323039,1872
6323543,1872
6324039,1873
6324543,1872
6325039,1871
6325543,1873
6326039,1874
6326543,1872
6327039,1872
6327543,1872
6328039,1872
6328543,1873
6329039,1872
6329543,1872
6330039,1872
6330543,1872
6331039,1872
6331543,1873
6332039,1872
6332543,1872
6333039,1872
6333543,1873
6334039,1872
6334543,1872
6335039,1872
6335543,1872
6336039,1873
6336543,1873
6337039,1872
6337543,1872
6338039,1872
6338543,1872
6339039,1876
6339543,1872
6340039,1873
6340543,1873
6341039,1872
6341543,1872
6342039,1875
6342543,1872
6343039,1872
6343543,1875
6344039,1872
6344543,1872
6345039,1873
6345543,1872
6346039,1871
6346543,1870
6347039,1872
6347543,1872
6348039,1871
6348543,1872
6349039,1872
6349543,1874
6350039,1872
6350543,1872
6351039,1873
6351543,1869
6352039,1872
6352543,1871
6353039,1871
6353543,1872
6354039,1872
6354543,1872
6355039,1875
6355543,1873
6356039,1872
6356543,1872
6357039,1878
6357543,1872
6358039,1872
6358543,1873
6359039,1872
6359543,1876
6360039,1873
6360543,1873
6361039,1874
6361543,1875
6362039,1872
6362543,1872
6363039,1873
6363543,1872
6364039,1873
6364543,1874
6365039,1873
6365543,1873
6366039,1874
6366543,1872
6367039,1874
6367543,1872
6368039,1872
6368543,1872
6369039,1875
6369543,1872
6370039,1876
6370543,1872
6371039,1871
6371543,1872
6372039,1873
6372543,1872
6373039,1873
6373543,1872
6374039,1874
6374543,1873
6375039,1873
6375543,1872
6376039,1873
6376543,1872
6377039,1872
6377543,1873
6378039,1872
6378543,1872
6379039,1873
6379543,1873
6380039,1872
6380543,1873
6381039,1872
6381543,1872
6382039,1872
6382543,1873
6383039,1873
6383543,1872
6384039,1872
6384543,1872
6385039,1873
6385543,1871
6386039,1872
6386543,1872
6387039,1875
6387543,1873
6388039,1872
6388543,1870
6389039,1874
6389543,1873
6390039,1873
6390543,1873
6391039,1873
6391543,1873
6392039,1874
6392543,1873
6393039,1872
6393543,1872
6394039,1875
6394543,1873
6395039,1875
6395543,1872
6396039,1872
6396543,1872
6397039,1872
6397543,1872
6398039,1873
6398543,1873
6399039,1872
6399543,1872
6400039,1872
6400543,1872
6401039,1873
6401543,1874
6402039,1874
6402543,1877
6403039,1873
6403543,1872
6404039,1874
6404543,1872
6405039,1876
6405543,1874
6406039,1874
6406543,1874
6407039,1873
6407543,1870
6408039,1872
6408543,1872
6409039,1873
6409543,1872
6410039,1872
6410543,1872
6411039,1873
6411543,1872
6412039,1874
6412543,1874
6413039,1877
6413543,1872
6414039,1872
6414543,1873
6415039,1874
6415543,1872
6416039,1873
6416543,1872
6417039,1876
6417543,1872
6418039,1872
6418543,1872
6419039,1872
6419543,1872
6420039,1872
6420543,1872
6421039,1875
6421543,1872
6422039,1874
6422543,1875
6423039,1875
6423543,1873
6424039,1875
6424543,1874
6425039,1872
6425543,1873
6426039,1872
6426543,1872
6427039,1872
6427543,1873
6428039,1873
6428543,1873
6429039,1873
6429543,1872
6430039,1872
6430543,1872
6431039,1873
6431543,1872
6432039,1872
6432543,1875
6433039,1872
6433543,1872
6434039,1872
6434543,1872
6435039,1872
6435543,1872
6436039,1872
6436543,1874
6437039,1873
6437543,1872
6438039,1872
6438543,1872
6439039,1873
6439543,1873
6440039,1872
6440543,1874
6441039,1872
6441543,1872
6442039,1872
6442543,1872
6443039,1872
6443543,1873
6444039,1874
6444543,1872
6445039,1873
6445543,1872
6446039,1872
6446543,1872
6447039,1872
6447543,1873
6448039,1872
6448543,1874
6449039,1873
6449543,1873
6450039,1873
6450543,1876
6451039,1872
6451543,1873
6452039,1873
6452543,1873
6453039,1874
6453543,1873
6454039,1872
6454543,1874
6455039,1872
6455543,1872
6456039,1874
6456543,1874
6457039,1872
6457543,1873
6458039,1873
6458543,1872
6459039,1873
6459543,1872
6460039,1874
6460543,1872
6461039,1875
6461543,1872
6462039,1874
6462543,1872
6463039,1872
6463543,1872
6464039,1872
6464543,1871
6465039,1872
6465543,1873
6466039,1872
6466543,1875
6467039,1874
6467543,1872
6468039,1871
6468543,1872
6469039,1872
6469543,1872
6470039,1872
6470543,1872
6471039,1873
6471543,1872
6472039,1873
6472543,1872
6473039,1873
6473543,1873
6474039,1872
6474543,1872
6475039,1871
6475543,1872
6476039,1875
6476543,1873
6477039,1872
6477543,1876
6478039,1872
6478543,1872
6479039,1872
6479543,1874
6480039,1878
6480543,1872
6481039,1876
6481543,1872
6482039,1872
6482543,1871
6483039,1872
6483543,1872
6484039,1872
6484543,1872
6485039,1873
6485543,1873
6486039,1873
6486543,1872
6487039,1874
6487543,1872
6488039,1872
6488543,1872
6489039,1874
6489543,1872
6490039,1872
6490543,1873
6491039,1877
6491543,1874
6492039,1872
6492543,1874
6493039,1877
6493543,1873
6494039,1872
6494543,1871
6495039,1875
6495543,1873
6496039,1872
6496543,1872
6497039,1876
6497543,1872
6498039,1874
6498543,1872
6499039,1875
6499543,1873
6500039,1872
6500543,1873
6501039,1873
6501543,1871
6502039,1875
6502543,1874
6503039,1873
6503543,1872
6504039,1872
6504543,1872
6505039,1873
6505543,1872
6506039,1872
6506543,1874
6507039,1872
6507543,1874
6508039,1875
6508543,1874
6509039,1875
6509543,1872
6510039,1872
6510543,1874
6511039,1873
6511543,1872
6512039,1872
6512543,1873
6513039,1872
6513543,1875
6514039,1872
6514543,1872
6515039,1873
6515543,1872
6516039,1872
6516543,1872
6517039,1872
6517543,1872
6518039,1873
6518543,1872
6519039,1872
6519543,1872
6520039,1872
6520543,1873
6521039,1872
6521543,1875
6522039,1874
6522543,1872
6523039,1871
6523543,1873
6524039,1872
6524543,1875
6525039,1875
6525543,1872
6526039,1872
6526543,1872
6527039,1875
6527543,1874
6528039,1872
6528543,1872
6529039,1872
6529543,1872
6530039,1872
6530543,1875
6531039,1873
6531543,1874
6532039,1872
6532543,1874
6533039,1872
6533543,1872
6534039,1872
6534543,1872
6535039,1873
6535543,1875
6536039,1872
6536543,1872
6537039,1872
6537543,1873
6538039,1873
6538543,1872
6539039,1873
6539543,1873
6540039,1872
6540543,1872
6541039,1873
6541543,1872
6542039,1874
6542543,1874
6543039,1872
6543543,1872
6544039,1872
6544543,1872
6545039,1873
6545543,1872
6546039,1873
6546543,1869
6547039,1872
6547543,1874
6548039,1872
6548543,1872
6549039,1873
6549543,1871
6550039,1872
6550543,1872
6551039,1872
6551543,1872
6552039,1872
6552543,1872
6553039,1872
6553543,1872
6554039,1872
6554543,1872
6555039,1872
6555543,1872
6556039,1873
6556543,1873
6557039,1872
6557543,1873
6558039,1871
6558543,1872
6559039,1872
6559543,1872
6560039,1872
6560543,1872
6561039,1872
6561543,1873
6562039,1872
6562543,1873
6563039,1872
6563543,1874
6564039,1874
6564543,1875
6565039,1875
6565543,1872
6566039,1873
6566543,1872
6567039,1872
6567543,1873
6568039,1874
6568543,1872
6569039,1874
6569543,1872
6570039,1873
6570543,1875
6571039,1874
6571543,1872
6572039,1872
6572543,1872
6573039,1873
6573543,1875
6574039,1874
6574543,1875
6575039,1872
6575543,1873
6576039,1875
6576543,1872
6577039,1872
6577543,1873
6578039,1873
6578543,1872
6579039,1873
6579543,1875
6580039,1874
6580543,1876
6581039,1875
6581543,1872
6582039,1875
6582543,1876
6583039,1871
6583543,1874
6584039,1873
6584543,1873
6585039,1874
6585543,1872
6586039,1872
6586543,1872
6587039,1875
6587543,1872
6588039,1872
6588543,1873
6589039,1872
6589543,1873
6590039,1873
6590543,1873
6591039,1872
6591543,1875
6592039,1874
6592543,1874
6593039,1872
6593543,1874
6594039,1874
6594543,1874
6595039,1872
6595543,1873
6596039,1873
6596543,1875
6597039,1873
6597543,1870
6598039,1872
6598543,1873
6599039,1873
6599543,1874
6600039,1873
6600543,1872
6601039,1872
6601543,1871
6602039,1873
6602543,1872
6603039,1872
6603543,1872
6604039,1872
6604543,1873
6605039,1875
6605543,1872
6606039,1875
6606543,1873
6607039,1873
6607543,1872
6608039,1873
6608543,1874
6609039,1872
6609543,1872
6610039,1874
6610543,1874
6611039,1872
6611543,1872
6612039,1873
6612543,1872
6613039,1872
6613543,1872
6614039,1873
6614543,1873
6615039,1875
6615543,1872
6616039,1871
6616543,1877
6617039,1872
6617543,1873
6618039,1872
6618543,1872
6619039,1872
6619543,1872
6620039,1872
6620543,1873
6621039,1876
6621543,1873
6622039,1872
6622543,1872
6623039,1872
6623543,1872
6624039,1872
6624543,1872
6625039,1873
6625543,1872
6626039,1874
6626543,1872
6627039,1872
6627543,1872
6628039,1872
6628543,1875
6629039,1872
6629543,1879
6630039,1872
6630543,1874
6631039,1877
6631543,1872
6632039,1872
6632543,1872
6633039,1872
6633543,1872
6634039,1872
6634543,1872
6635039,1872
6635543,1875
6636039,1872
6636543,1873
6637039,1872
6637543,1872
6638039,1872
6638543,1872
6639039,1872
6639543,1872
6640039,1873
6640543,1872
6641039,1872
6641543,1872
6642039,1872
6642543,1872
6643039,1874
6643543,1872
6644039,1874
6644543,1872
6645039,1874
6645543,1872
6646039,1874
6646543,1875
6647039,1872
6647543,1874
6648039,1872
6648543,1874
6649039,1874
6649543,1872
6650039,1874
6650543,1873
6651039,1873
6651543,1873
6652039,1873
6652543,1872
6653039,1874
6653543,1875
6654039,1873
6654543,1873
6655039,1872
6655543,1872
6656039,1873
6656543,1873
6657039,1877
6657543,1873
6658039,1872
6658543,1872
6659039,1872
6659543,1872
6660039,1872
6660543,1872
6661039,1872
6661543,1872
6662039,1872
6662543,1872
6663039,1872
6663543,1874
6664039,1872
6664543,1872
6665039,1872
6665543,1872
6666039,1872
6666543,1872
6667039,1874
6667543,1872
6668039,1873
6668543,1872
6669039,1872
6669543,1873
6670039,1873
6670543,1873
6671039,1872
6671543,1872
6672039,1872
6672543,1872
6673039,1872
6673543,1874
6674039,1872
6674543,1872
6675039,1872
6675543,1873
6676039,1872
6676543,1875
6677039,1872
6677543,1873
6678039,1872
6678543,1872
6679039,1873
6679543,1872
6680039,1873
6680543,1874
6681039,1873
6681543,1873
6682039,1872
6682543,1873
6683039,1872
6683543,1872
6684039,1872
6684543,1872
6685039,1872
6685543,1872
6686039,1871
6686543,1871
6687039,1875
6687543,1872
6688039,1872
6688543,1871
6689039,1873
6689543,1874
6690039,1873
6690543,1873
6691039,1875
6691543,1873
6692039,1872
6692543,1872
6693039,1872
6693543,1874
6694039,1875
6694543,1873
6695039,1872
6695543,1873
6696039,1872
6696543,1872
6697039,1872
6697543,1873
6698039,1872
6698543,1872
6699039,1872
6699543,1872
6700039,1872
6700543,1872
6701039,1872
6701543,1872
6702039,1872
6702543,1872
6703039,1875
6703543,1872
6704039,1873
6704543,1873
6705039,1872
6705543,1872
6706039,1873
6706543,1873
6707039,1872
6707543,1873
6708039,1874
6708543,1873
6709039,1872
6709543,1872
6710039,1872
6710543,1871
6711039,1872
6711543,1873
6712039,1873
6712543,1873
6713039,1873
6713543,1872
6714039,1874
6714543,1874
6715039,1873
6715543,1872
6716039,1872
6716543,1873
6717039,1872
6717543,1874
6718039,1875
6718543,1872
6719039,1875
6719543,1872
6720039,1872
6720543,1873
6721039,1873
6721543,1872
6722039,1873
6722543,1872
6723039,1874
6723543,1874
6724039,1872
6724543,1872
6725039,1872
6725543,1872
6726039,1872
6726543,1873
6727039,1872
6727543,1873
6728039,1873
6728543,1875
6729039,1872
6729543,1872
6730039,1871
6730543,1873
6731039,1872
6731543,1872
6732039,1874
6732543,1873
6733039,1872
6733543,1872
6734039,1872
6734543,1872
6735039,1872
6735543,1872
6736039,1872
6736543,1873
6737039,1873
6737543,1873
6738039,1872
6738543,1872
6739039,1872
6739543,1872
6740039,1872
6740543,1871
6741039,1872
6741543,1872
6742039,1875
6742543,1872
6743039,1872
6743543,1874
6744039,1872
6744543,1872
6745039,1872
6745543,1872
6746039,1875
6746543,1872
6747039,1872
6747543,1873
6748039,1872
6748543,1872
6749039,1872
6749543,1873
6750039,1872
6750543,1875
6751039,1872
6751543,1873
6752039,1872
6752543,1871
6753039,1872
6753543,1872
6754039,1872
6754543,1872
6755039,1872
6755543,1874
6756039,1872
6756543,1872
6757039,1872
6757543,1873
6758039,1873
6758543,1872
6759039,1873
6759543,1873
6760039,1874
6760543,1873
6761039,1872
6761543,1872
6762039,1872
6762543,1874
6763039,1872
6763543,1871
6764039,1872
6764543,1873
6765039,1872
6765543,1874
6766039,1874
6766543,1872
6767039,1871
6767543,1872
6768039,1874
6768543,1874
6769039,1872
6769543,1872
6770039,1872
6770543,1872
6771039,1874
6771543,1872
6772039,1873
6772543,1871
6773039,1876
6773543,1872
6774039,1873
6774543,1872
6775039,1871
6775543,1872
6776039,1872
6776543,1872
6777039,1872
6777543,1873
6778039,1873
6778543,1875
6779039,1872
6779543,1872
6780039,1871
6780543,1874
6781039,1873
6781543,1874
6782039,1872
6782543,1872
6783039,1872
6783543,1873
6784039,1872
6784543,1872
6785039,1872
6785543,1872
6786039,1872
6786543,1875
6787039,1872
6787543,1875
6788039,1872
6788543,1872
6789039,1872
6789543,1873
6790039,1872
6790543,1872
6791039,1872
6791543,1872
6792039,1872
6792543,1873
6793039,1872
6793543,1871
6794039,1872
6794543,1872
6795039,1873
6795543,1872
6796039,1872
6796543,1872
6797039,1872
6797543,1871
6798039,1872
6798543,1874
6799039,1872
6799543,1872
6800039,1872
6800543,1874
6801039,1873
6801543,1874
6802039,1873
6802543,1873
6803039,1872
6803543,1873
6804039,1872
6804543,1872
6805039,1872
6805543,1872
6806039,1873
6806543,1873
6807039,1872
6807543,1872
6808039,1872
6808543,1872
6809039,1873
6809543,1872
6810039,1874
6810543,1872
6811039,1872
6811543,1872
6812039,1872
6812543,1876
6813039,1873
6813543,1878
6814039,1875
6814543,1875
6815039,1875
6815543,1873
6816039,1872
6816543,1873
6817039,1873
6817543,1870
6818039,1876
6818543,1873
6819039,1874
6819543,1872
6820039,1872
6820543,1872
6821039,1872
6821543,1872
6822039,1873
6822543,1873
6823039,1877
6823543,1873
6824039,1872
6824543,1872
6825039,1871
6825543,1874
6826039,1872
6826543,1874
6827039,1873
6827543,1876
6828039,1874
6828543,1872
6829039,1872
6829543,1872
6830039,1873
6830543,1873
6831039,1874
6831543,1872
6832039,1873
6832543,1872
6833039,1873
6833543,1872
6834039,1874
6834543,1875
6835039,1873
6835543,1874
6836039,1872
6836543,1872
6837039,1875
6837543,1875
6838039,1874
6838543,1872
6839039,1872
6839543,1872
6840039,1875
6840543,1872
6841039,1872
6841543,1872
6842039,1873
6842543,1872
6843039,1872
6843543,1874
6844039,1876
6844543,1873
6845039,1875
6845543,1875
6846039,1872
6846543,1873
6847039,1872
6847543,1873
6848039,1872
6848543,1872
6849039,1872
6849543,1874
6850039,1872
6850543,1873
6851039,1873
6851543,1872
6852039,1871
6852543,1872
6853039,1872
6853543,1873
6854039,1873
6854543,1872
6855039,1872
6855543,1872
6856039,1872
6856543,1873
6857039,1874
6857543,1872
6858039,1872
6858543,1871
6859039,1871
6859543,1874
6860039,1872
6860543,1873
6861039,1874
6861543,1872
6862039,1874
6862543,1874
6863039,1875
6863543,1872
6864039,1872
6864543,1874
6865039,1872
6865543,1874
6866039,1874
6866543,1872
6867039,1873
6867543,1873
6868039,1872
6868543,1874
6869039,1873
6869543,1873
6870039,1873
6870543,1875
6871039,1872
6871543,1873
6872039,1872
6872543,1871
6873039,1872
6873543,1872
6874039,1870
6874543,1872
6875039,1872
6875543,1872
6876039,1872
6876543,1872
6877039,1873
6877543,1873
6878039,1872
6878543,1872
6879039,1874
6879543,1872
6880039,1874
6880543,1872
6881039,1875
6881543,1871
6882039,1872
6882543,1872
6883039,1875
6883543,1873
6884039,1875
6884543,1874
6885039,1873
6885543,1874
6886039,1873
6886543,1872
6887039,1872
6887543,1873
6888039,1872
6888543,1873
6889039,1872
6889543,1875
6890039,1872
6890543,1872
6891039,1872
6891543,1873
6892039,1877
6892543,1874
6893039,1873
6893543,1872
6894039,1873
6894543,1873
6895039,1873
6895543,1874
6896039,1874
6896543,1872
6897039,1874
6897543,1875
6898039,1872
6898543,1876
6899039,1872
6899543,1872
6900039,1872
6900543,1872
6901039,1873
6901543,1873
6902039,1872
6902543,1872
6903039,1873
6903543,1872
6904039,1872
6904543,1875
6905039,1872
6905543,1872
6906039,1875
6906543,1872
6907039,1872
6907543,1876
6908039,1872
6908543,1872
6909039,1872
6909543,1873
6910039,1872
6910543,1872
6911039,1872
6911543,1871
6912039,1872
6912543,1872
6913039,1877
6913543,1873
6914039,1876
6914543,1875
6915039,1874
6915543,1872
6916039,1872
6916543,1874
6917039,1872
6917543,1873
6918039,1872
6918543,1877
6919039,1874
6919543,1872
6920039,1873
6920543,1872
6921039,1869
6921543,1872
6922039,1872
6922543,1873
6923039,1873
6923543,1875
6924039,1873
6924543,1872
6925039,1872
6925543,1872
6926039,1873
6926543,1875
6927039,1872
6927543,1873
6928039,1874
6928543,1872
6929039,1872
6929543,1875
6930039,1873
6930543,1872
6931039,1874
6931543,1873
6932039,1872
6932543,1874
6933039,1872
6933543,1873
6934039,1872
6934543,1873
6935039,1874
6935543,1874
6936039,1872
6936543,1872
6937039,1873
6937543,1874
6938039,1872
6938543,1872
6939039,1872
6939543,1872
6940039,1875
6940543,1872
6941039,1875
6941543,1874
6942039,1873
6942543,1876
6943039,1872
6943543,1874
6944039,1872
6944543,1872
6945039,1872
6945543,1873
6946039,1873
6946543,1878
6947039,1872
6947543,1872
6948039,1872
6948543,1872
6949039,1872
6949543,1873
6950039,1872
6950543,1871
6951039,1872
6951543,1872
6952039,1875
6952543,1874
6953039,1873
6953543,1873
6954039,1872
6954543,1872
6955039,1872
6955543,1872
6956039,1872
6956543,1873
6957039,1872
6957543,1872
6958039,1872
6958543,1873
6959039,1875
6959543,1872
6960039,1872
6960543,1874
6961039,1872
6961543,1872
6962039,1875
6962543,1872
6963039,1875
6963543,1872
6964039,1874
6964543,1872
6965039,1873
6965543,1874
6966039,1872
6966543,1872
6967039,1875
6967543,1877
6968039,1873
6968543,1873
6969039,1872
6969543,1873
6970039,1872
6970543,1873
6971039,1870
6971543,1872
6972039,1872
6972543,1872
6973039,1873
6973543,1872
6974039,1873
6974543,1873
6975039,1873
6975543,1873
6976039,1873
6976543,1873
6977039,1873
6977543,1875
6978039,1875
6978543,1873
6979039,1872
6979543,1874
6980039,1875
6980543,1871
6981039,1873
6981543,1872
6982039,1872
6982543,1872
6983039,1872
6983543,1872
6984039,1872
6984543,1872
6985039,1872
6985543,1872
6986039,1872
6986543,1872
6987039,1871
6987543,1872
6988039,1872
6988543,1873
6989039,1870
6989543,1872
6990039,1874
6990543,1874
6991039,1874
6991543,1872
6992039,1873
6992543,1872
6993039,1872
6993543,1874
6994039,1874
6994543,1872
6995039,1873
6995543,1876
6996039,1872
6996543,1873
6997039,1873
6997543,1873
6998039,1872
6998543,1872
6999039,1875
6999543,1872
7000039,1874
7000543,1872
7001039,1873
7001543,1872
7002039,1872
7002543,1872
7003039,1873
7003543,1872
7004039,1872
7004543,1872
7005039,1871
7005543,1875
7006039,1872
7006543,1876
7007039,1872
7007543,1872
7008039,1875
7008543,1872
7009039,1874
7009543,1875
7010039,1872
7010543,1876
7011039,1872
7011543,1872
7012039,1872
7012543,1872
7013039,1872
7013543,1872
7014039,1873
7014543,1872
7015039,1873
7015543,1872
7016039,1873
7016543,1872
7017039,1872
7017543,1872
7018039,1874
7018543,1873
7019039,1873
7019543,1875
7020039,1875
7020543,1875
7021039,1873
7021543,1873
7022039,1874
7022543,1873
7023039,1872
7023543,1876
7024039,1874
7024543,1872
7025039,1872
7025543,1872
7026039,1872
7026543,1872
7027039,1871
7027543,1871
7028039,1872
7028543,1872
7029039,1873
7029543,1873
7030039,1872
7030543,1872
7031039,1872
7031543,1873
7032039,1875
7032543,1872
7033039,1873
7033543,1874
7034039,1877
7034543,1873
7035039,1873
7035543,1875
7036039,1872
7036543,1872
7037039,1875
7037543,1874
7038039,1879
7038543,1872
7039039,1872
7039543,1872
7040039,1872
7040543,1872
7041039,1872
7041543,1872
7042039,1872
7042543,1872
7043039,1873
7043543,1873
7044039,1875
7044543,1872
7045039,1873
7045543,1872
7046039,1875
7046543,1873
7047039,1872
7047543,1872
7048039,1875
7048543,1874
7049039,1873
7049543,1872
7050039,1872
7050543,1872
7051039,1875
7051543,1872
7052039,1875
7052543,1873
7053039,1873
7053543,1872
7054039,1872
7054543,1872
7055039,1873
7055543,1872
7056039,1874
7056543,1873
7057039,1874
7057543,1872
7058039,1872
7058543,1873
7059039,1872
7059543,1872
7060039,1872
7060543,1873
7061039,1872
7061543,1875
7062039,1873
7062543,1872
7063039,1874
7063543,1873
7064039,1874
7064543,1872
7065039,1873
7065543,1875
7066039,1872
7066543,1874
7067039,1873
7067543,1872
7068039,1872
7068543,1873
7069039,1873
7069543,1873
7070039,1872
7070543,1870
7071039,1873
7071543,1873
7072039,1873
7072543,1872
7073039,1872
7073543,1872
7074039,1872
7074543,1876
7075039,1872
7075543,1873
7076039,1874
7076543,1871
7077039,1872
7077543,1873
7078039,1872
7078543,1872
7079039,1872
7079543,1874
7080039,1875
7080543,1872
7081039,1875
7081543,1875
7082039,1872
7082543,1872
7083039,1873
7083543,1872
7084039,1872
7084543,1872
7085039,1873
7085543,1873
7086039,1874
7086543,1873
7087039,1872
7087543,1874
7088039,1875
7088543,1872
7089039,1872
7089543,1874
7090039,1872
7090543,1873
7091039,1874
7091543,1873
7092039,1872
7092543,1872
7093039,1873
7093543,1873
7094039,1872
7094543,1873
7095039,1872
7095543,1874
7096039,1871
7096543,1873
7097039,1872
7097543,1872
7098039,1872
7098543,1872
7099039,1872
7099543,1873
7100039,1871
7100543,1873
7101039,1873
7101543,1872
7102039,1877
7102543,1873
7103039,1873
7103543,1872
7104039,1872
7104543,1872
7105039,1872
7105543,1871
7106039,1875
7106543,1872
7107039,1875
7107543,1873
7108039,1872
7108543,1872
7109039,1872
7109543,1872
7110039,1872
7110543,1872
7111039,1871
7111543,1872
7112039,1872
7112543,1874
7113039,1872
7113543,1872
7114039,1876
7114543,1872
7115039,1872
7115543,1875
7116039,1872
7116543,1872
7117039,1872
7117543,1875
7118039,1873
7118543,1871
7119039,1872
7119543,1874
7120039,1872
7120543,1873
7121039,1873
7121543,1873
7122039,1872
7122543,1872
7123039,1872
7123543,1872
7124039,1873
7124543,1870
7125039,1872
7125543,1873
7126039,1873
7126543,1873
7127039,1873
7127543,1872
7128039,1872
7128543,1872
7129039,1871
7129543,1872
7130039,1873
7130543,1872
7131039,1872
7131543,1874
7132039,1872
7132543,1873
7133039,1872
7133543,1873
7134039,1872
7134543,1871
7135039,1873
7135543,1873
7136039,1873
7136543,1872
7137039,1872
7137543,1872
7138039,1872
7138543,1872
7139039,1874
7139543,1872
7140039,1872
7140543,1873
7141039,1872
7141543,1873
7142039,1872
7142543,1873
7143039,1874
7143543,1872
7144039,1872
7144543,1874
7145039,1873
7145543,1872
7146039,1874
7146543,1874
7147039,1872
7147543,1872
7148039,1872
7148543,1872
7149039,1873
7149543,1871
7150039,1873
7150543,1875
7151039,1872
7151543,1873
7152039,1872
7152543,1872
7153039,1874
7153543,1873
7154039,1872
7154543,1872
7155039,1875
7155543,1873
7156039,1872
7156543,1872
7157039,1878
7157543,1873
7158039,1873
7158543,1873
7159039,1873
7159543,1875
7160039,1872
7160543,1873
7161039,1872
7161543,1875
7162039,1873
7162543,1874
7163039,1875
7163543,1873
7164039,1872
7164543,1873
7165039,1874
7165543,1872
7166039,1875
7166543,1873
7167039,1873
7167543,1879
7168039,1875
7168543,1873
7169039,1877
7169543,1872
7170039,1873
7170543,1872
7171039,1872
7171543,1873
7172039,1872
7172543,1874
7173039,1875
7173543,1873
7174039,1872
7174543,1874
7175039,1872
7175543,1872
7176039,1872
7176543,1872
7177039,1872
7177543,1876
7178039,1873
7178543,1872
7179039,1873
7179543,1872
7180039,1872
7180543,1872
7181039,1872
7181543,1872
7182039,1872
7182543,1872
7183039,1872
7183543,1872
7184039,1874
7184543,1872
7185039,1872
7185543,1872
7186039,1872
7186543,1872
7187039,1872
7187543,1872
7188039,1876
7188543,1872
7189039,1873
7189543,1873
7190039,1873
7190543,1872
7191039,1873
7191543,1872
7192039,1872
7192543,1872
7193039,1872
7193543,1874
7194039,1872
7194543,1872
7195039,1872
7195543,1873
7196039,1873
7196543,1872
7197039,1872
7197543,1872
7198039,1873
7198543,1873
7199039,1873
7199543,1872
7200039,1877
7200543,1874
7201039,1872
7201543,1874
7202039,1874
7202543,1872
7203039,1872
7203543,1875
7204039,1874
7204543,1872
7205039,1872
7205543,1874
7206039,1874
7206543,1874
7207039,1872
7207543,1874
7208039,1872
7208543,1873
7209039,1875
7209543,1872
7210039,1874
7210543,1873
7211039,1873
7211543,1872
7212039,1872
7212543,1872
7213039,1872
7213543,1873
7214039,1873
7214543,1875
7215039,1872
7215543,1872
7216039,1873
7216543,1874
7217039,1873
7217543,1872
7218039,1872
7218543,1872
7219039,1875
7219543,1877
7220039,1874
7220543,1872
7221039,1872
7221543,1871
7222039,1872
7222543,1872
7223039,1873
7223543,1872
7224039,1872
7224543,1874
7225039,1876
7225543,1876
7226039,1871
7226543,1875
7227039,1872
7227543,1873
7228039,1873
7228543,1875
7229039,1873
7229543,1875
7230039,1872
7230543,1872
7231039,1873
7231543,1873
7232039,1874
7232543,1873
7233039,1872
7233543,1872
7234039,1872
7234543,1872
7235039,1872
7235543,1873
7236039,1872
7236543,1872
7237039,1872
7237543,1875
7238039,1872
7238543,1874
7239039,1872
7239543,1873
7240039,1872
7240543,1875
7241039,1872
7241543,1872
7242039,1874
7242543,1874
7243039,1872
7243543,1873
7244039,1872
7244543,1874
7245039,1873
7245543,1872
7246039,1874
7246543,1873
7247039,1874
7247543,1872
7248039,1872
7248543,1875
7249039,1872
7249543,1876
7250039,1876
7250543,1872
7251039,1874
7251543,1872
7252039,1874
7252543,1874
7253039,1873
7253543,1872
7254039,1872
7254543,1872
7255039,1872
7255543,1874
7256039,1875
7256543,1873
7257039,1874
7257543,1872
7258039,1872
7258543,1872
7259039,1872
7259543,1875
7260039,1873
7260543,1874
7261039,1872
7261543,1875
7262039,1872
7262543,1873
7263039,1874
7263543,1872
7264039,1873
7264543,1873
7265039,1873
7265543,1872
7266039,1872
7266543,1872
7267039,1872
7267543,1873
7268039,1872
7268543,1872
7269039,1872
7269543,1872
7270039,1874
7270543,1872
7271039,1873
7271543,1873
7272039,1872
7272543,1872
7273039,1874
7273543,1873
7274039,1873
7274543,1873
7275039,1873
7275543,1872
7276039,1872
7276543,1872
7277039,1873
7277543,1874
7278039,1872
7278543,1873
7279039,1872
7279543,1872
7280039,1873
7280543,1872
7281039,1873
7281543,1871
7282039,1873
7282543,1873
7283039,1873
7283543,1873
7284039,1872
7284543,1874
7285039,1874
7285543,1872
7286039,1872
7286543,1872
7287039,1872
7287543,1873
7288039,1872
7288543,1875
7289039,1872
7289543,1872
7290039,1872
7290543,1874
7291039,1872
7291543,1872
7292039,1872
7292543,1873
7293039,1873
7293543,1875
7294039,1875
7294543,1873
7295039,1873
7295543,1873
7296039,1873
7296543,1871
7297039,1872
7297543,1873
7298039,1872
7298543,1873
7299039,1872
7299543,1872
7300039,1874
7300543,1875
7301039,1874
7301543,1873
7302039,1872
7302543,1872
7303039,1873
7303543,1871
7304039,1871
7304543,1871
7305039,1872
7305543,1872
7306039,1873
7306543,1872
7307039,1872
7307543,1870
7308039,1875
7308543,1872
7309039,1872
7309543,1872
7310039,1871
7310543,1872
7311039,1874
7311543,1874
7312039,1873
7312543,1871
7313039,1872
7313543,1872
7314039,1872
7314543,1872
7315039,1872
7315543,1872
7316039,1872
7316543,1874
7317039,1874
7317543,1872
7318039,1873
7318543,1872
7319039,1872
7319543,1872
7320039,1875
7320543,1872
7321039,1875
7321543,1875
7322039,1872
7322543,1873
7323039,1872
7323543,1872
7324039,1875
7324543,1873
7325039,1873
7325543,1875
7326039,1872
7326543,1872
7327039,1872
7327543,1871
7328039,1873
7328543,1872
7329039,1872
7329543,1874
7330039,1872
7330543,1872
7331039,1873
7331543,1871
7332039,1873
7332543,1873
7333039,1873
7333543,1872
7334039,1872
7334543,1872
7335039,1872
7335543,1873
7336039,1872
7336543,1872
7337039,1873
7337543,1874
7338039,1872
7338543,1873
7339039,1874
7339543,1874
7340039,1874
7340543,1872
7341039,1875
7341543,1872
7342039,1875
7342543,1873
7343039,1872
7343543,1875
7344039,1874
7344543,1874
7345039,1872
7345543,1872
7346039,1873
7346543,1873
7347039,1872
7347543,1872
7348039,1873
7348543,1872
7349039,1872
7349543,1873
7350039,1872
7350543,1872
7351039,1872
7351543,1872
7352039,1873
7352543,1872
7353039,1873
7353543,1872
7354039,1872
7354543,1872
7355039,1874
7355543,1873
7356039,1872
7356543,1874
7357039,1873
7357543,1873
7358039,1872
7358543,1874
7359039,1872
7359543,1874
7360039,1874
7360543,1876
7361039,1872
7361543,1875
7362039,1872
7362543,1873
7363039,1872
7363543,1870
7364039,1875
7364543,1872
7365039,1874
7365543,1875
7366039,1873
7366543,1873
7367039,1873
7367543,1875
7368039,1873
7368543,1872
7369039,1872
7369543,1873
7370039,1872
7370543,1875
7371039,1872
7371543,1873
7372039,1872
7372543,1872
7373039,1872
7373543,1871
7374039,1873
7374543,1872
7375039,1872
7375543,1872
7376039,1872
7376543,1872
7377039,1872
7377543,1872
7378039,1872
7378543,1873
7379039,1877
7379543,1872
7380039,1875
7380543,1873
7381039,1872
7381543,1872
7382039,1873
7382543,1874
7383039,1872
7383543,1873
7384039,1872
7384543,1874
7385039,1872
7385543,1872
7386039,1873
7386543,1869
7387039,1872
7387543,1873
7388039,1872
7388543,1873
7389039,1872
7389543,1873
7390039,1874
7390543,1873
7391039,1872
7391543,1875
7392039,1875
7392543,1872
7393039,1874
7393543,1872
7394039,1875
7394543,1872
7395039,1872
7395543,1874
7396039,1872
7396543,1872
7397039,1872
7397543,1872
7398039,1872
7398543,1875
7399039,1873
7399543,1873
7400039,1873
7400543,1872
7401039,1875
7401543,1873
7402039,1872
7402543,1872
7403039,1872
7403543,1872
7404039,1872
7404543,1874
7405039,1872
7405543,1876
7406039,1872
7406543,1872
7407039,1872
7407543,1873
7408039,1872
7408543,1875
7409039,1872
7409543,1873
7410039,1872
7410543,1873
7411039,1873
7411543,1875
7412039,1872
7412543,1872
7413039,1873
7413543,1872
7414039,1874
7414543,1873
7415039,1872
7415543,1871
7416039,1873
7416543,1872
7417039,1874
7417543,1872
7418039,1874
7418543,1872
7419039,1872
7419543,1873
7420039,1872
7420543,1872
7421039,1872
7421543,1872
7422039,1872
7422543,1874
7423039,1872
7423543,1873
7424039,1874
7424543,1872
7425039,1875
7425543,1877
7426039,1872
7426543,1873
7427039,1874
7427543,1872
7428039,1875
7428543,1873
7429039,1873
7429543,1874
7430039,1877
7430543,1872
7431039,1873
7431543,1872
7432039,1872
7432543,1873
7433039,1877
7433543,1872
7434039,1872
7434543,1874
7435039,1872
7435543,1872
7436039,1872
7436543,1872
7437039,1874
7437543,1874
7438039,1872
7438543,1874
7439039,1872
7439543,1873
7440039,1873
7440543,1875
7441039,1872
7441543,1870
7442039,1872
7442543,1872
7443039,1873
7443543,1872
7444039,1875
7444543,1872
7445039,1874
7445543,1875
7446039,1872
7446543,1872
7447039,1875
7447543,1875
7448039,1874
7448543,1872
7449039,1872
7449543,1872
7450039,1873
7450543,1872
7451039,1872
7451543,1872
7452039,1872
7452543,1872
7453039,1872
7453543,1875
7454039,1872
7454543,1872
7455039,1872
7455543,1874
7456039,1875
7456543,1874
7457039,1875
7457543,1872
7458039,1873
7458543,1873
7459039,1874
7459543,1874
7460039,1875
7460543,1873
7461039,1873
7461543,1872
7462039,1873
7462543,1874
7463039,1873
7463543,1872
7464039,1873
7464543,1872
7465039,1872
7465543,1872
7466039,1872
7466543,1872
7467039,1872
7467543,1872
7468039,1875
7468543,1873
7469039,1873
7469543,1873
7470039,1872
7470543,1872
7471039,1873
7471543,1875
7472039,1875
7472543,1874
7473039,1874
7473543,1873
7474039,1872
7474543,1875
7475039,1875
7475543,1872
7476039,1872
7476543,1872
7477039,1872
7477543,1872
7478039,1873
7478543,1872
7479039,1873
7479543,1871
7480039,1872
7480543,1873
7481039,1875
7481543,1873
7482039,1873
7482543,1875
7483039,1876
7483543,1872
7484039,1872
7484543,1870
7485039,1872
7485543,1872
7486039,1872
7486543,1872
7487039,1872
7487543,1872
7488039,1875
7488543,1872
7489039,1872
7489543,1871
7490039,1872
7490543,1872
7491039,1874
7491543,1872
7492039,1872
7492543,1872
7493039,1872
7493543,1876
7494039,1873
7494543,1877
7495039,1872
7495543,1872
7496039,1873
7496543,1874
7497039,1872
7497543,1872
7498039,1872
7498543,1871
7499039,1872
7499543,1872
7500039,1872
7500543,1874
7501039,1873
7501543,1872
7502039,1873
7502543,1873
7503039,1872
7503543,1874
7504039,1873
7504543,1872
7505039,1873
7505543,1872
7506039,1871
7506543,1874
7507039,1872
7507543,1874
7508039,1874
7508543,1873
7509039,1872
7509543,1873
7510039,1872
7510543,1873
7511039,1872
7511543,1873
7512039,1873
7512543,1872
7513039,1873
7513543,1873
7514039,1872
7514543,1874
7515039,1874
7515543,1873
7516039,1873
7516543,1872
7517039,1872
7517543,1873
7518039,1875
7518543,1874
7519039,1874
7519543,1874
7520039,1872
7520543,1872
7521039,1875
7521543,1876
7522039,1872
7522543,1872
7523039,1874
7523543,1872
7524039,1872
7524543,1872
7525039,1872
7525543,1872
7526039,1875
7526543,1872
7527039,1872
7527543,1872
7528039,1873
7528543,1875
7529039,1872
7529543,1874
7530039,1874
7530543,1872
7531039,1873
7531543,1872
7532039,1872
7532543,1872
7533039,1873
7533543,1872
7534039,1872
7534543,1873
7535039,1873
7535543,1874
7536039,1872
7536543,1873
7537039,1872
7537543,1873
7538039,1873
7538543,1874
7539039,1872
7539543,1873
7540039,1875
7540543,1872
7541039,1872
7541543,1875
7542039,1873
7542543,1874
7543039,1873
7543543,1872
7544039,1873
7544543,1872
7545039,1872
7545543,1873
7546039,1872
7546543,1872
7547039,1875
7547543,1872
7548039,1875
7548543,1873
7549039,1873
7549543,1872
7550039,1872
7550543,1873
7551039,1872
7551543,1873
7552039,1872
7552543,1874
7553039,1877
7553543,1872
7554039,1875
7554543,1872
7555039,1872
7555543,1874
7556039,1872
7556543,1874
7557039,1871
7557543,1875
7558039,1872
7558543,1872
7559039,1872
7559543,1872
7560039,1875
7560543,1872
7561039,1871
7561543,1872
7562039,1873
7562543,1872
7563039,1872
7563543,1872
7564039,1875
7564543,1872
7565039,1872
7565543,1872
7566039,1872
7566543,1873
7567039,1874
7567543,1872
7568039,1874
7568543,1872
7569039,1873
7569543,1872
7570039,1872
7570543,1873
7571039,1873
7571543,1872
7572039,1872
7572543,1873
7573039,1872
7573543,1875
7574039,1872
7574543,1875
7575039,1874
7575543,1872
7576039,1872
7576543,1872
7577039,1873
7577543,1872
7578039,1872
7578543,1873
7579039,1872
7579543,1875
7580039,1872
7580543,1873
7581039,1873
7581543,1871
7582039,1870
7582543,1873
7583039,1872
7583543,1872
7584039,1872
7584543,1874
7585039,1872
7585543,1874
7586039,1872
7586543,1874
7587039,1872
7587543,1872
7588039,1872
7588543,1872
7589039,1872
7589543,1873
7590039,1873
7590543,1873
7591039,1876
7591543,1872
7592039,1872
7592543,1872
7593039,1873
7593543,1872
7594039,1872
7594543,1873
7595039,1872
7595543,1872
7596039,1872
7596543,1872
7597039,1872
7597543,1872
7598039,1872
7598543,1873
7599039,1872
7599543,1872
7600039,1871
7600543,1872
7601039,1872
7601543,1872
7602039,1872
7602543,1873
7603039,1872
7603543,1878
7604039,1872
7604543,1872
7605039,1872
7605543,1871
7606039,1873
7606543,1872
7607039,1872
7607543,1872
7608039,1875
7608543,1872
7609039,1873
7609543,1874
7610039,1873
7610543,1873
7611039,1872
7611543,1873
7612039,1872
7612543,1875
7613039,1872
7613543,1872
7614039,1873
7614543,1872
7615039,1874
7615543,1872
7616039,1872
7616543,1873
7617039,1872
7617543,1872
7618039,1873
7618543,1872
7619039,1872
7619543,1873
7620039,1873
7620543,1872
7621039,1872
7621543,1873
7622039,1875
7622543,1872
7623039,1873
7623543,1872
7624039,1870
7624543,1872
7625039,1872
7625543,1871
7626039,1873
7626543,1872
7627039,1872
7627543,1872
7628039,1872
7628543,1873
7629039,1876
7629543,1872
7630039,1872
7630543,1873
7631039,1872
7631543,1872
7632039,1873
7632543,1872
7633039,1872
7633543,1872
7634039,1872
7634543,1872
7635039,1872
7635543,1872
7636039,1875
7636543,1872
7637039,1873
7637543,1872
7638039,1872
7638543,1872
7639039,1872
7639543,1873
7640039,1872
7640543,1872
7641039,1872
7641543,1872
7642039,1873
7642543,1872
7643039,1873
7643543,1873
7644039,1872
7644543,1872
7645039,1874
7645543,1872
7646039,1873
7646543,1874
7647039,1872
7647543,1873
7648039,1872
7648543,1872
7649039,1872
7649543,1870
7650039,1872
7650543,1872
7651039,1872
7651543,1873
7652039,1872
7652543,1872
7653039,1872
7653543,1874
7654039,1873
7654543,1873
7655039,1872
7655543,1875
7656039,1874
7656543,1874
7657039,1872
7657543,1874
7658039,1872
7658543,1872
7659039,1873
7659543,1872
7660039,1873
7660543,1873
7661039,1874
7661543,1872
7662039,1872
7662543,1872
7663039,1873
7663543,1874
7664039,1874
7664543,1872
7665039,1872
7665543,1873
7666039,1872
7666543,1872
7667039,1873
7667543,1872
7668039,1873
7668543,1872
7669039,1872
7669543,1872
7670039,1872
7670543,1872
7671039,1875
7671543,1875
7672039,1873
7672543,1873
7673039,1873
7673543,1873
7674039,1874
7674543,1874
7675039,1872
7675543,1875
7676039,1872
7676543,1872
7677039,1872
7677543,1874
7678039,1872
7678543,1872
7679039,1874
7679543,1872
7680039,1873
7680543,1875
7681039,1872
7681543,1873
7682039,1872
7682543,1873
7683039,1872
7683543,1873
7684039,1872
7684543,1872
7685039,1872
7685543,1872
7686039,1873
7686543,1872
7687039,1872
7687543,1871
7688039,1872
7688543,1872
7689039,1874
7689543,1872
7690039,1872
7690543,1872
7691039,1873
7691543,1872
7692039,1872
7692543,1872
7693039,1872
7693543,1872
7694039,1873
7694543,1872
7695039,1872
7695543,1872
7696039,1872
7696543,1872
7697039,1872
7697543,1873
7698039,1875
7698543,1872
7699039,1871
7699543,1873
7700039,1872
7700543,1875
7701039,1872
7701543,1872
7702039,1872
7702543,1872
7703039,1873
7703543,1872
7704039,1873
7704543,1873
7705039,1872
7705543,1873
7706039,1872
7706543,1874
7707039,1872
7707543,1872
7708039,1872
7708543,1872
7709039,1872
7709543,1873
7710039,1875
7710543,1872
7711039,1872
7711543,1874
7712039,1873
7712543,1873
7713039,1874
7713543,1874
7714039,1873
7714543,1872
7715039,1872
7715543,1875
7716039,1872
7716543,1872
7717039,1872
7717543,1873
7718039,1872
7718543,1872
7719039,1872
7719543,1872
7720039,1874
7720543,1872
7721039,1874
7721543,1873
7722039,1872
7722543,1876
7723039,1873
7723543,1874
7724039,1872
7724543,1873
7725039,1873
7725543,1873
7726039,1872
7726543,1872
7727039,1872
7727543,1873
7728039,1872
7728543,1873
7729039,1872
7729543,1874
7730039,1872
7730543,1872
7731039,1874
7731543,1872
7732039,1874
7732543,1872
7733039,1872
7733543,1871
7734039,1872
7734543,1872
7735039,1872
7735543,1873
7736039,1872
7736543,1872
7737039,1872
7737543,1873
7738039,1872
7738543,1872
7739039,1875
7739543,1872
7740039,1873
7740543,1874
7741039,1872
7741543,1872
7742039,1872
7742543,1874
7743039,1874
7743543,1875
7744039,1873
7744543,1873
7745039,1872
7745543,1875
7746039,1873
7746543,1872
7747039,1872
7747543,1873
7748039,1872
7748543,1875
7749039,1872
7749543,1874
7750039,1872
7750543,1874
7751039,1872
7751543,1871
7752039,1874
7752543,1872
7753039,1872
7753543,1873
7754039,1872
7754543,1873
7755039,1871
7755543,1872
7756039,1872
7756543,1872
7757039,1873
7757543,1875
7758039,1872
7758543,1872
7759039,1873
7759543,1874
7760039,1874
7760543,1873
7761039,1873
7761543,1873
7762039,1875
7762543,1873
7763039,1873
7763543,1872
7764039,1872
7764543,1873
7765039,1872
7765543,1872
7766039,1873
7766543,1872
7767039,1873
7767543,1872
7768039,1876
7768543,1872
7769039,1873
7769543,1872
7770039,1872
7770543,1873
7771039,1872
7771543,1871
7772039,1873
7772543,1872
7773039,1872
7773543,1873
7774039,1872
7774543,1872
7775039,1872
7775543,1873
7776039,1872
7776543,1871
7777039,1872
7777543,1872
7778039,1872
7778543,1872
7779039,1872
7779543,1872
7780039,1872
7780543,1872
7781039,1874
7781543,1872
7782039,1872
7782543,1872
7783039,1872
7783543,1874
7784039,1875
7784543,1872
7785039,1872
7785543,1872
7786039,1872
7786543,1873
7787039,1873
7787543,1873
7788039,1872
7788543,1873
7789039,1872
7789543,1874
7790039,1873
7790543,1872
7791039,1872
7791543,1874
7792039,1874
7792543,1874
7793039,1872
7793543,1875
7794039,1873
7794543,1874
7795039,1872
7795543,1872
7796039,1877
7796543,1873
7797039,1875
7797543,1872
7798039,1872
7798543,1875
7799039,1877
7799543,1873
7800039,1872
7800543,1873
7801039,1873
7801543,1872
7802039,1872
7802543,1872
7803039,1872
7803543,1874
7804039,1872
7804543,1873
7805039,1874
7805543,1873
7806039,1872
7806543,1875
7807039,1873
7807543,1872
7808039,1874
7808543,1874
7809039,1874
7809543,1872
7810039,1872
7810543,1875
7811039,1873
7811543,1874
7812039,1873
7812543,1873
7813039,1872
7813543,1875
7814039,1872
7814543,1872
7815039,1872
7815543,1873
7816039,1875
7816543,1873
7817039,1873
7817543,1873
7818039,1872
7818543,1872
7819039,1873
7819543,1874
7820039,1876
7820543,1872
7821039,1873
7821543,1872
7822039,1875
7822543,1873
7823039,1872
7823543,1873
7824039,1872
7824543,1872
7825039,1873
7825543,1872
7826039,1872
7826543,1872
7827039,1872
7827543,1872
7828039,1873
7828543,1874
7829039,1875
7829543,1872
7830039,1875
7830543,1874
7831039,1872
7831543,1872
7832039,1874
7832543,1872
7833039,1873
7833543,1872
7834039,1872
7834543,1875
7835039,1872
7835543,1874
7836039,1872
7836543,1872
7837039,1872
7837543,1872
7838039,1871
7838543,1874
7839039,1874
7839543,1872
7840039,1873
7840543,1872
7841039,1872
7841543,1873
7842039,1873
7842543,1873
7843039,1872
7843543,1873
7844039,1876
7844543,1873
7845039,1875
7845543,1872
7846039,1872
7846543,1872
7847039,1873
7847543,1872
7848039,1873
7848543,1875
7849039,1873
7849543,1873
7850039,1874
7850543,1872
7851039,1872
7851543,1872
7852039,1872
7852543,1872
7853039,1873
7853543,1873
7854039,1877
7854543,1875
7855039,1876
7855543,1872
7856039,1872
7856543,1874
7857039,1872
7857543,1875
7858039,1871
7858543,1872
7859039,1872
7859543,1872
7860039,1874
7860543,1872
7861039,1872
7861543,1874
7862039,1873
7862543,1873
7863039,1876
7863543,1872
7864039,1872
7864543,1872
7865039,1872
7865543,1873
7866039,1873
7866543,1872
7867039,1873
7867543,1874
7868039,1872
7868543,1872
7869039,1872
7869543,1872
7870039,1872
7870543,1872
7871039,1872
7871543,1874
7872039,1872
7872543,1873
7873039,1872
7873543,1874
7874039,1872
7874543,1872
7875039,1872
7875543,1872
7876039,1872
7876543,1873
7877039,1872
7877543,1873
7878039,1872
7878543,1872
7879039,1872
7879543,1872
7880039,1872
7880543,1874
7881039,1875
7881543,1873
7882039,1873
7882543,1872
7883039,1873
7883543,1872
7884039,1873
7884543,1874
7885039,1877
7885543,1872
7886039,1872
7886543,1875
7887039,1873
7887543,1873
7888039,1872
7888543,1873
7889039,1874
7889543,1872
7890039,1872
7890543,1872
7891039,1871
7891543,1872
7892039,1873
7892543,1872
7893039,1873
7893543,1872
7894039,1874
7894543,1873
7895039,1875
7895543,1874
7896039,1874
7896543,1874
7897039,1873
7897543,1872
7898039,1872
7898543,1872
7899039,1873
7899543,1873
7900039,1875
7900543,1872
7901039,1876
7901543,1874
7902039,1872
7902543,1874
7903039,1875
7903543,1873
7904039,1873
7904543,1874
7905039,1872
7905543,1874
7906039,1872
7906543,1874
7907039,1872
7907543,1874
7908039,1875
7908543,1874
7909039,1875
7909543,1872
7910039,1873
7910543,1875
7911039,1874
7911543,1872
7912039,1872
7912543,1872
7913039,1874
7913543,1872
7914039,1872
7914543,1873
7915039,1872
7915543,1875
7916039,1872
7916543,1872
7917039,1873
7917543,1875
7918039,1872
7918543,1873
7919039,1874
7919543,1873
7920039,1874
7920543,1872
7921039,1873
7921543,1871
7922039,1873
7922543,1872
7923039,1873
7923543,1872
7924039,1873
7924543,1875
7925039,1872
7925543,1872
7926039,1872
7926543,1873
7927039,1873
7927543,1875
7928039,1877
7928543,1875
7929039,1873
7929543,1873
7930039,1875
7930543,1872
7931039,1872
7931543,1872
7932039,1873
7932543,1874
7933039,1872
7933543,1873
7934039,1874
7934543,1872
7935039,1872
7935543,1872
7936039,1872
7936543,1873
7937039,1872
7937543,1873
7938039,1871
7938543,1873
7939039,1874
7939543,1872
7940039,1872
7940543,1872
7941039,1872
7941543,1873
7942039,1872
7942543,1872
7943039,1876
7943543,1872
7944039,1874
7944543,1872
7945039,1873
7945543,1872
7946039,1875
7946543,1871
7947039,1872
7947543,1874
7948039,1873
7948543,1872
7949039,1875
7949543,1872
7950039,1872
7950543,1874
7951039,1875
7951543,1872
7952039,1873
7952543,1877
7953039,1873
7953543,1872
7954039,1874
7954543,1875
7955039,1872
7955543,1872
7956039,1873
7956543,1872
7957039,1872
7957543,1872
7958039,1875
7958543,1873
7959039,1875
7959543,1873
7960039,1874
7960543,1872
7961039,1873
7961543,1874
7962039,1872
7962543,1872
7963039,1873
7963543,1872
7964039,1870
7964543,1872
7965039,1872
7965543,1873
7966039,1872
7966543,1873
7967039,1875
7967543,1873
7968039,1874
7968543,1873
7969039,1872
7969543,1873
7970039,1872
7970543,1872
7971039,1873
7971543,1872
7972039,1873
7972543,1873
7973039,1875
7973543,1872
7974039,1878
7974543,1875
7975039,1876
7975543,1872
7976039,1873
7976543,1876
7977039,1874
7977543,1874
7978039,1872
7978543,1875
7979039,1875
7979543,1872
7980039,1873
7980543,1875
7981039,1872
7981543,1872
7982039,1874
7982543,1874
7983039,1875
7983543,1875
7984039,1872
7984543,1872
7985039,1873
7985543,1874
7986039,1875
7986543,1872
7987039,1872
7987543,1872
7988039,1877
7988543,1873
7989039,1872
7989543,1872
7990039,1873
7990543,1872
7991039,1872
7991543,1872
7992039,1873
7992543,1872
7993039,1873
7993543,1873
7994039,1873
7994543,1872
7995039,1873
7995543,1872
7996039,1875
7996543,1874
7997039,1877
7997543,1875
7998039,1875
7998543,1873
7999039,1872
7999543,1874
8000039,1872
8000543,1873
8001039,1874
8001543,1872
8002039,1873
8002543,1872
8003039,1872
8003543,1872
8004039,1875
8004543,1873
8005039,1877
8005543,1872
8006039,1872
8006543,1872
8007039,1875
8007543,1874
8008039,1872
8008543,1875
8009039,1874
8009543,1872
8010039,1872
8010543,1872
8011039,1873
8011543,1874
8012039,1875
8012543,1872
8013039,1872
8013543,1874
8014039,1872
8014543,1874
8015039,1877
8015543,1873
8016039,1872
8016543,1874
8017039,1872
8017543,1872
8018039,1872
8018543,1872
8019039,1872
8019543,1871
8020039,1873
8020543,1872
8021039,1877
8021543,1872
8022039,1875
8022543,1872
8023039,1873
8023543,1872
8024039,1875
8024543,1876
8025039,1877
8025543,1874
8026039,1877
8026543,1873
8027039,1873
8027543,1872
8028039,1873
8028543,1872
8029039,1872
8029543,1876
8030039,1873
8030543,1872
8031039,1874
8031543,1873
8032039,1872
8032543,1872
8033039,1872
8033543,1872
8034039,1872
8034543,1872
8035039,1876
8035543,1873
8036039,1872
8036543,1872
8037039,1876
8037543,1875
8038039,1873
8038543,1872
8039039,1876
8039543,1875
8040039,1875
8040543,1872
8041039,1875
8041543,1873
8042039,1872
8042543,1872
8043039,1873
8043543,1873
8044039,1872
8044543,1874
8045039,1874
8045543,1872
8046039,1872
8046543,1872
8047039,1872
8047543,1873
8048039,1873
8048543,1872
8049039,1874
8049543,1872
8050039,1873
8050543,1875
8051039,1872
8051543,1874
8052039,1873
8052543,1872
8053039,1872
8053543,1874
8054039,1876
8054543,1872
8055039,1874
8055543,1872
8056039,1872
8056543,1872
8057039,1872
8057543,1872
8058039,1873
8058543,1873
8059039,1875
8059543,1872
8060039,1872
8060543,1872
8061039,1872
8061543,1873
8062039,1872
8062543,1872
8063039,1872
8063543,1871
8064039,1872
8064543,1873
8065039,1872
8065543,1872
8066039,1873
8066543,1872
8067039,1872
8067543,1872
8068039,1872
8068543,1872
8069039,1872
8069543,1876
8070039,1874
8070543,1873
8071039,1873
8071543,1872
8072039,1872
8072543,1872
8073039,1872
8073543,1873
8074039,1872
8074543,1873
8075039,1874
8075543,1875
8076039,1875
8076543,1872
8077039,1872
8077543,1873
8078039,1872
8078543,1873
8079039,1872
8079543,1873
8080039,1873
8080543,1872
8081039,1872
8081543,1872
8082039,1871
8082543,1872
8083039,1874
8083543,1872
8084039,1874
8084543,1872
8085039,1873
8085543,1872
8086039,1872
8086543,1874
8087039,1872
8087543,1876
8088039,1872
8088543,1874
8089039,1872
8089543,1872
8090039,1873
8090543,1873
8091039,1872
8091543,1872
8092039,1872
8092543,1873
8093039,1873
8093543,1872
8094039,1873
8094543,1872
8095039,1873
8095543,1872
8096039,1872
8096543,1872
8097039,1872
8097543,1874
8098039,1873
8098543,1873
8099039,1872
8099543,1872
8100039,1874
8100543,1874
8101039,1875
8101543,1872
8102039,1872
8102543,1872
8103039,1874
8103543,1872
8104039,1873
8104543,1874
8105039,1872
8105543,1873
8106039,1874
8106543,1873
8107039,1874
8107543,1873
8108039,1872
8108543,1874
8109039,1873
8109543,1873
8110039,1872
8110543,1872
8111039,1872
8111543,1872
8112039,1872
8112543,1871
8113039,1872
8113543,1872
8114039,1871
8114543,1872
8115039,1874
8115543,1872
8116039,1872
8116543,1872
8117039,1872
8117543,1872
8118039,1875
8118543,1874
8119039,1872
8119543,1874
8120039,1872
8120543,1873
8121039,1873
8121543,1872
8122039,1872
8122543,1874
8123039,1872
8123543,1870
8124039,1872
8124543,1873
8125039,1873
8125543,1872
8126039,1873
8126543,1875
8127039,1872
8127543,1872
8128039,1872
8128543,1873
8129039,1872
8129543,1872
8130039,1874
8130543,1874
8131039,1873
8131543,1872
8132039,1872
8132543,1872
8133039,1873
8133543,1872
8134039,1873
8134543,1875
8135039,1875
8135543,1872
8136039,1872
8136543,1873
8137039,1872
8137543,1873
8138039,1873
8138543,1873
8139039,1872
8139543,1872
8140039,1872
8140543,1872
8141039,1875
8141543,1875
8142039,1876
8142543,1874
8143039,1873
8143543,1872
8144039,1875
8144543,1872
8145039,1873
8145543,1873
8146039,1874
8146543,1872
8147039,1875
8147543,1874
8148039,1872
8148543,1870
8149039,1872
8149543,1875
8150039,1875
8150543,1873
8151039,1872
8151543,1873
8152039,1869
8152543,1873
8153039,1874
8153543,1873
8154039,1873
8154543,1872
8155039,1872
8155543,1873
8156039,1871
8156543,1873
8157039,1872
8157543,1872
8158039,1874
8158543,1873
8159039,1873
8159543,1873
8160039,1872
8160543,1874
8161039,1874
8161543,1872
8162039,1873
8162543,1872
8163039,1872
8163543,1873
8164039,1873
8164543,1876
8165039,1872
8165543,1872
8166039,1872
8166543,1872
8167039,1877
8167543,1874
8168039,1875
8168543,1872
8169039,1872
8169543,1872
8170039,1873
8170543,1875
8171039,1872
8171543,1872
8172039,1874
8172543,1872
8173039,1872
8173543,1872
8174039,1872
8174543,1873
8175039,1872
8175543,1872
8176039,1872
8176543,1874
8177039,1872
8177543,1875
8178039,1873
8178543,1875
8179039,1872
8179543,1874
8180039,1874
8180543,1872
8181039,1873
8181543,1873
8182039,1872
8182543,1872
8183039,1872
8183543,1871
8184039,1873
8184543,1875
8185039,1874
8185543,1872
8186039,1872
8186543,1872
8187039,1872
8187543,1872
8188039,1872
8188543,1875
8189039,1874
8189543,1873
8190039,1874
8190543,1875
8191039,1874
8191543,1872
# end
