# sketch,characterise_v2loop
# mode_number,0
# mode_name,0_sept_baseline_deadline_ts_after
# label,A1_sept_baseline
# ---- CHECK THE THREE LINES ABOVE BEFORE YOU KEEP THIS CAPTURE ----
# waiting 600 s for thermal settle - press any key to skip
# warm 0 s
# ----------------------------------------------------------
# n,16384
# fs_hz_window,1999.8779
# span_s,8.192000
# dt_mean_us,499.9999
# dt_sd_us,0.0078
# dt_min_us,499
# dt_max_us,500
# fs_hz_from_mean,2000.0002
# mean_code,1872.2975
# sd_code,0.9324
# min_code,1865
# max_code,1879
# mean_volts,1.508811
# sd_millivolts,0.7514
# adc,12bit_default_11dB_attenuation
# conv,linear_3.3_over_4095
# ----------------------------------------------------------
t_us,code
40,1872
539,1876
1039,1873
1539,1873
2039,1875
2539,1878
3039,1873
3539,1873
4039,1874
4539,1875
5039,1872
5539,1872
6039,1872
6539,1873
7039,1873
7539,1871
8039,1872
8539,1873
9039,1872
9539,1872
10039,1874
10539,1873
11039,1872
11539,1874
12039,1874
12539,1873
13039,1872
13539,1872
14039,1873
14539,1875
15039,1873
15539,1873
16039,1875
16539,1872
17039,1872
17539,1873
18039,1875
18539,1873
19039,1872
19539,1873
20039,1879
20539,1875
21039,1873
21539,1873
22039,1872
22539,1873
23039,1872
23539,1872
24039,1872
24539,1872
25039,1873
25539,1875
26039,1872
26539,1872
27039,1872
27539,1873
28039,1874
28539,1872
29039,1874
29539,1873
30039,1872
30539,1873
31039,1874
31539,1874
32039,1873
32539,1872
33039,1873
33539,1873
34039,1874
34539,1873
35039,1873
35539,1872
36039,1872
36539,1872
37039,1874
37539,1873
38039,1872
38539,1873
39039,1872
39539,1872
40039,1872
40539,1875
41039,1872
41539,1872
42039,1873
42539,1875
43039,1873
43539,1872
44039,1872
44539,1872
45039,1872
45539,1872
46039,1872
46539,1872
47039,1872
47539,1872
48039,1875
48539,1872
49039,1873
49539,1872
50039,1872
50539,1872
51039,1872
51539,1872
52039,1873
52539,1872
53039,1873
53539,1874
54039,1877
54539,1873
55039,1875
55539,1872
56039,1873
56539,1872
57039,1872
57539,1872
58039,1872
58539,1873
59039,1872
59539,1873
60039,1872
60539,1872
61039,1872
61539,1874
62039,1873
62539,1872
63039,1873
63539,1873
64039,1872
64539,1874
65039,1873
65539,1872
66039,1872
66539,1872
67039,1872
67539,1873
68039,1873
68539,1872
69039,1872
69539,1873
70039,1873
70539,1872
71039,1874
71539,1872
72039,1872
72539,1877
73039,1875
73539,1873
74039,1873
74539,1875
75039,1872
75539,1875
76039,1872
76539,1872
77039,1873
77539,1875
78039,1873
78539,1872
79039,1874
79539,1872
80039,1873
80539,1872
81039,1872
81539,1873
82039,1872
82539,1872
83039,1872
83539,1872
84039,1872
84539,1872
85039,1872
85539,1872
86039,1872
86539,1872
87039,1873
87539,1874
88039,1872
88539,1873
89039,1875
89539,1872
90039,1872
90539,1875
91039,1874
91539,1874
92039,1873
92539,1873
93039,1873
93539,1874
94039,1875
94539,1873
95039,1874
95539,1873
96039,1872
96539,1872
97039,1873
97539,1873
98039,1874
98539,1875
99039,1872
99539,1872
100039,1873
100539,1875
101039,1874
101539,1873
102039,1871
102539,1872
103039,1874
103539,1874
104039,1872
104539,1872
105039,1873
105539,1872
106039,1874
106539,1872
107039,1873
107539,1872
108039,1872
108539,1872
109039,1874
109539,1872
110039,1874
110539,1872
111039,1873
111539,1873
112039,1872
112539,1872
113039,1872
113539,1872
114039,1872
114539,1872
115039,1871
115539,1873
116039,1872
116539,1873
117039,1872
117539,1872
118039,1874
118539,1872
119039,1872
119539,1873
120039,1872
120539,1872
121039,1872
121539,1873
122039,1876
122539,1872
123039,1874
123539,1872
124039,1874
124539,1874
125039,1873
125539,1873
126039,1872
126539,1873
127039,1878
127539,1872
128039,1875
128539,1872
129039,1872
129539,1872
130039,1875
130539,1873
131039,1872
131539,1874
132039,1872
132539,1874
133039,1874
133539,1872
134039,1872
134539,1873
135039,1872
135539,1872
136039,1872
136539,1872
137039,1874
137539,1872
138039,1871
138539,1872
139039,1874
139539,1873
140039,1873
140539,1872
141039,1872
141539,1872
142039,1872
142539,1872
143039,1874
143539,1872
144039,1875
144539,1874
145039,1873
145539,1873
146039,1873
146539,1871
147039,1872
147539,1872
148039,1874
148539,1872
149039,1873
149539,1873
150039,1872
150539,1872
151039,1872
151539,1873
152039,1872
152539,1872
153039,1872
153539,1872
154039,1872
154539,1873
155039,1872
155539,1873
156039,1874
156539,1874
157039,1875
157539,1874
158039,1873
158539,1873
159039,1872
159539,1872
160039,1872
160539,1873
161039,1872
161539,1872
162039,1872
162539,1872
163039,1873
163539,1873
164039,1872
164539,1874
165039,1872
165539,1872
166039,1872
166539,1872
167039,1872
167539,1872
168039,1872
168539,1872
169039,1872
169539,1873
170039,1872
170539,1872
171039,1872
171539,1872
172039,1873
172539,1872
173039,1873
173539,1873
174039,1872
174539,1872
175039,1872
175539,1872
176039,1872
176539,1873
177039,1872
177539,1871
178039,1873
178539,1871
179039,1873
179539,1874
180039,1872
180539,1872
181039,1872
181539,1872
182039,1871
182539,1875
183039,1872
183539,1872
184039,1872
184539,1872
185039,1872
185539,1872
186039,1874
186539,1872
187039,1874
187539,1875
188039,1872
188539,1872
189039,1875
189539,1872
190039,1875
190539,1874
191039,1873
191539,1872
192039,1873
192539,1872
193039,1872
193539,1872
194039,1873
194539,1873
195039,1872
195539,1874
196039,1869
196539,1872
197039,1872
197539,1874
198039,1872
198539,1872
199039,1871
199539,1872
200039,1870
200539,1878
201039,1872
201539,1872
202039,1873
202539,1872
203039,1872
203539,1873
204039,1874
204539,1872
205039,1872
205539,1872
206039,1872
206539,1874
207039,1872
207539,1872
208039,1872
208539,1873
209039,1875
209539,1872
210039,1872
210539,1872
211039,1872
211539,1872
212039,1872
212539,1872
213039,1872
213539,1875
214039,1872
214539,1875
215039,1872
215539,1873
216039,1873
216539,1873
217039,1873
217539,1873
218039,1875
218539,1872
219039,1873
219539,1875
220039,1873
220539,1872
221039,1875
221539,1875
222039,1871
222539,1871
223039,1873
223539,1874
224039,1872
224539,1872
225039,1872
225539,1872
226039,1874
226539,1869
227039,1874
227539,1872
228039,1874
228539,1873
229039,1872
229539,1874
230039,1873
230539,1876
231039,1872
231539,1873
232039,1872
232539,1875
233039,1875
233539,1872
234039,1873
234539,1872
235039,1872
235539,1873
236039,1872
236539,1875
237039,1873
237539,1872
238039,1873
238539,1873
239039,1873
239539,1872
240039,1873
240539,1874
241039,1872
241539,1872
242039,1872
242539,1874
243039,1872
243539,1872
244039,1872
244539,1872
245039,1874
245539,1873
246039,1875
246539,1876
247039,1872
247539,1872
248039,1873
248539,1873
249039,1872
249539,1873
250039,1871
250539,1872
251039,1872
251539,1872
252039,1872
252539,1874
253039,1873
253539,1872
254039,1872
254539,1877
255039,1874
255539,1874
256039,1873
256539,1875
257039,1873
257539,1872
258039,1872
258539,1874
259039,1872
259539,1873
260039,1875
260539,1871
261039,1872
261539,1872
262039,1873
262539,1873
263039,1874
263539,1872
264039,1872
264539,1872
265039,1872
265539,1875
266039,1873
266539,1873
267039,1875
267539,1872
268039,1874
268539,1872
269039,1872
269539,1872
270039,1873
270539,1874
271039,1873
271539,1872
272039,1872
272539,1873
273039,1872
273539,1873
274039,1872
274539,1872
275039,1872
275539,1872
276039,1873
276539,1876
277039,1872
277539,1873
278039,1873
278539,1874
279039,1873
279539,1871
280039,1872
280539,1874
281039,1872
281539,1872
282039,1872
282539,1873
283039,1874
283539,1872
284039,1872
284539,1873
285039,1872
285539,1875
286039,1872
286539,1872
287039,1872
287539,1872
288039,1873
288539,1872
289039,1872
289539,1872
290039,1874
290539,1873
291039,1872
291539,1872
292039,1872
292539,1872
293039,1874
293539,1872
294039,1873
294539,1872
295039,1872
295539,1873
296039,1872
296539,1875
297039,1872
297539,1872
298039,1872
298539,1872
299039,1873
299539,1872
300039,1872
300539,1873
301039,1872
301539,1874
302039,1873
302539,1873
303039,1877
303539,1872
304039,1872
304539,1873
305039,1874
305539,1874
306039,1872
306539,1871
307039,1874
307539,1872
308039,1872
308539,1872
309039,1872
309539,1873
310039,1872
310539,1871
311039,1872
311539,1872
312039,1875
312539,1872
313039,1872
313539,1872
314039,1873
314539,1874
315039,1872
315539,1872
316039,1872
316539,1872
317039,1874
317539,1873
318039,1872
318539,1873
319039,1876
319539,1872
320039,1872
320539,1870
321039,1872
321539,1873
322039,1872
322539,1872
323039,1872
323539,1872
324039,1872
324539,1874
325039,1876
325539,1874
326039,1873
326539,1873
327039,1873
327539,1872
328039,1872
328539,1873
329039,1872
329539,1873
330039,1872
330539,1873
331039,1872
331539,1875
332039,1873
332539,1872
333039,1871
333539,1872
334039,1873
334539,1874
335039,1875
335539,1872
336039,1873
336539,1875
337039,1872
337539,1873
338039,1872
338539,1872
339039,1872
339539,1872
340039,1872
340539,1872
341039,1873
341539,1872
342039,1874
342539,1872
343039,1872
343539,1873
344039,1872
344539,1873
345039,1872
345539,1873
346039,1872
346539,1873
347039,1871
347539,1872
348039,1878
348539,1873
349039,1872
349539,1872
350039,1871
350539,1872
351039,1872
351539,1872
352039,1873
352539,1876
353039,1872
353539,1872
354039,1873
354539,1872
355039,1872
355539,1872
356039,1874
356539,1872
357039,1872
357539,1872
358039,1873
358539,1872
359039,1872
359539,1877
360039,1872
360539,1872
361039,1873
361539,1872
362039,1872
362539,1871
363039,1872
363539,1872
364039,1872
364539,1872
365039,1872
365539,1872
366039,1873
366539,1872
367039,1872
367539,1873
368039,1872
368539,1872
369039,1872
369539,1871
370039,1872
370539,1872
371039,1872
371539,1871
372039,1873
372539,1873
373039,1872
373539,1872
374039,1872
374539,1872
375039,1872
375539,1872
376039,1872
376539,1876
377039,1873
377539,1872
378039,1873
378539,1875
379039,1872
379539,1874
380039,1872
380539,1872
381039,1873
381539,1872
382039,1872
382539,1872
383039,1872
383539,1873
384039,1872
384539,1872
385039,1872
385539,1873
386039,1872
386539,1872
387039,1872
387539,1872
388039,1872
388539,1873
389039,1872
389539,1872
390039,1874
390539,1875
391039,1872
391539,1877
392039,1872
392539,1873
393039,1874
393539,1872
394039,1871
394539,1873
395039,1872
395539,1872
396039,1872
396539,1872
397039,1872
397539,1874
398039,1871
398539,1872
399039,1874
399539,1872
400039,1872
400539,1872
401039,1873
401539,1873
402039,1875
402539,1871
403039,1872
403539,1872
404039,1873
404539,1872
405039,1875
405539,1872
406039,1872
406539,1872
407039,1872
407539,1872
408039,1872
408539,1872
409039,1873
409539,1875
410039,1872
410539,1873
411039,1872
411539,1872
412039,1873
412539,1873
413039,1872
413539,1871
414039,1872
414539,1872
415039,1873
415539,1874
416039,1872
416539,1872
417039,1872
417539,1872
418039,1875
418539,1873
419039,1873
419539,1873
420039,1872
420539,1872
421039,1873
421539,1872
422039,1872
422539,1874
423039,1872
423539,1873
424039,1873
424539,1873
425039,1872
425539,1873
426039,1872
426539,1872
427039,1872
427539,1872
428039,1874
428539,1874
429039,1875
429539,1872
430039,1873
430539,1872
431039,1873
431539,1873
432039,1873
432539,1873
433039,1872
433539,1872
434039,1872
434539,1872
435039,1872
435539,1873
436039,1872
436539,1872
437039,1872
437539,1872
438039,1872
438539,1872
439039,1872
439539,1872
440039,1872
440539,1872
441039,1874
441539,1872
442039,1872
442539,1872
443039,1873
443539,1872
444039,1872
444539,1874
445039,1872
445539,1872
446039,1873
446539,1872
447039,1872
447539,1871
448039,1873
448539,1872
449039,1874
449539,1873
450039,1872
450539,1872
451039,1872
451539,1873
452039,1873
452539,1872
453039,1872
453539,1873
454039,1872
454539,1873
455039,1872
455539,1873
456039,1872
456539,1873
457039,1872
457539,1872
458039,1874
458539,1872
459039,1872
459539,1872
460039,1872
460539,1872
461039,1872
461539,1872
462039,1872
462539,1873
463039,1874
463539,1872
464039,1872
464539,1872
465039,1872
465539,1874
466039,1875
466539,1872
467039,1872
467539,1872
468039,1873
468539,1872
469039,1873
469539,1872
470039,1873
470539,1872
471039,1872
471539,1872
472039,1872
472539,1874
473039,1872
473539,1872
474039,1872
474539,1872
475039,1872
475539,1874
476039,1872
476539,1872
477039,1876
477539,1872
478039,1872
478539,1872
479039,1872
479539,1872
480039,1871
480539,1874
481039,1872
481539,1874
482039,1872
482539,1872
483039,1872
483539,1874
484039,1872
484539,1872
485039,1872
485539,1872
486039,1874
486539,1873
487039,1876
487539,1872
488039,1872
488539,1873
489039,1872
489539,1874
490039,1872
490539,1873
491039,1876
491539,1874
492039,1872
492539,1872
493039,1873
493539,1872
494039,1872
494539,1875
495039,1873
495539,1873
496039,1872
496539,1873
497039,1872
497539,1872
498039,1873
498539,1872
499039,1871
499539,1873
500039,1872
500539,1873
501039,1872
501539,1873
502039,1872
502539,1875
503039,1875
503539,1873
504039,1872
504539,1872
505039,1872
505539,1872
506039,1874
506539,1873
507039,1873
507539,1873
508039,1872
508539,1872
509039,1873
509539,1872
510039,1872
510539,1872
511039,1872
511539,1874
512039,1872
512539,1872
513039,1873
513539,1875
514039,1872
514539,1872
515039,1872
515539,1874
516039,1872
516539,1872
517039,1872
517539,1872
518039,1872
518539,1874
519039,1873
519539,1872
520039,1873
520539,1872
521039,1874
521539,1872
522039,1872
522539,1874
523039,1873
523539,1872
524039,1872
524539,1872
525039,1873
525539,1874
526039,1873
526539,1873
527039,1872
527539,1872
528039,1873
528539,1872
529039,1873
529539,1877
530039,1873
530539,1873
531039,1871
531539,1872
532039,1875
532539,1872
533039,1874
533539,1872
534039,1872
534539,1872
535039,1872
535539,1873
536039,1873
536539,1872
537039,1872
537539,1872
538039,1872
538539,1873
539039,1873
539539,1872
540039,1873
540539,1872
541039,1872
541539,1872
542039,1872
542539,1873
543039,1875
543539,1872
544039,1872
544539,1872
545039,1870
545539,1872
546039,1872
546539,1872
547039,1872
547539,1872
548039,1872
548539,1872
549039,1872
549539,1872
550039,1875
550539,1873
551039,1872
551539,1872
552039,1873
552539,1872
553039,1873
553539,1871
554039,1872
554539,1872
555039,1872
555539,1871
556039,1871
556539,1872
557039,1872
557539,1875
558039,1874
558539,1873
559039,1872
559539,1872
560039,1872
560539,1876
561039,1872
561539,1873
562039,1872
562539,1873
563039,1872
563539,1872
564039,1873
564539,1872
565039,1872
565539,1874
566039,1873
566539,1873
567039,1871
567539,1871
568039,1873
568539,1873
569039,1872
569539,1872
570039,1872
570539,1873
571039,1872
571539,1872
572039,1872
572539,1873
573039,1872
573539,1873
574039,1873
574539,1873
575039,1874
575539,1873
576039,1872
576539,1872
577039,1872
577539,1872
578039,1872
578539,1872
579039,1872
579539,1871
580039,1872
580539,1873
581039,1873
581539,1873
582039,1872
582539,1872
583039,1877
583539,1875
584039,1872
584539,1872
585039,1875
585539,1870
586039,1872
586539,1872
587039,1873
587539,1875
588039,1872
588539,1872
589039,1872
589539,1872
590039,1873
590539,1872
591039,1874
591539,1873
592039,1873
592539,1872
593039,1871
593539,1872
594039,1873
594539,1872
595039,1877
595539,1872
596039,1872
596539,1871
597039,1873
597539,1872
598039,1872
598539,1872
599039,1871
599539,1873
600039,1871
600539,1872
601039,1873
601539,1873
602039,1872
602539,1872
603039,1872
603539,1873
604039,1871
604539,1876
605039,1872
605539,1872
606039,1872
606539,1871
607039,1872
607539,1872
608039,1873
608539,1873
609039,1875
609539,1872
610039,1872
610539,1872
611039,1873
611539,1872
612039,1872
612539,1872
613039,1872
613539,1872
614039,1872
614539,1872
615039,1873
615539,1872
616039,1877
616539,1872
617039,1872
617539,1872
618039,1873
618539,1872
619039,1872
619539,1872
620039,1872
620539,1872
621039,1874
621539,1872
622039,1872
622539,1872
623039,1872
623539,1872
624039,1872
624539,1875
625039,1872
625539,1875
626039,1872
626539,1873
627039,1872
627539,1873
628039,1873
628539,1873
629039,1875
629539,1873
630039,1874
630539,1872
631039,1871
631539,1874
632039,1872
632539,1872
633039,1872
633539,1872
634039,1872
634539,1871
635039,1872
635539,1872
636039,1872
636539,1872
637039,1871
637539,1872
638039,1872
638539,1872
639039,1873
639539,1873
640039,1873
640539,1872
641039,1872
641539,1873
642039,1873
642539,1872
643039,1872
643539,1871
644039,1872
644539,1872
645039,1872
645539,1872
646039,1873
646539,1872
647039,1873
647539,1874
648039,1872
648539,1872
649039,1871
649539,1872
650039,1873
650539,1872
651039,1872
651539,1872
652039,1873
652539,1872
653039,1871
653539,1870
654039,1872
654539,1872
655039,1872
655539,1872
656039,1872
656539,1868
657039,1872
657539,1874
658039,1871
658539,1871
659039,1870
659539,1872
660039,1872
660539,1872
661039,1873
661539,1872
662039,1872
662539,1872
663039,1872
663539,1872
664039,1872
664539,1872
665039,1872
665539,1873
666039,1872
666539,1872
667039,1873
667539,1872
668039,1871
668539,1872
669039,1875
669539,1872
670039,1873
670539,1872
671039,1870
671539,1872
672039,1872
672539,1874
673039,1872
673539,1872
674039,1872
674539,1872
675039,1872
675539,1872
676039,1872
676539,1873
677039,1872
677539,1871
678039,1872
678539,1873
679039,1874
679539,1871
680039,1872
680539,1872
681039,1872
681539,1872
682039,1872
682539,1873
683039,1872
683539,1872
684039,1872
684539,1874
685039,1872
685539,1874
686039,1872
686539,1872
687039,1871
687539,1874
688039,1872
688539,1873
689039,1875
689539,1871
690039,1872
690539,1872
691039,1872
691539,1873
692039,1872
692539,1872
693039,1871
693539,1872
694039,1872
694539,1871
695039,1872
695539,1872
696039,1872
696539,1872
697039,1875
697539,1872
698039,1873
698539,1873
699039,1872
699539,1872
700039,1872
700539,1873
701039,1872
701539,1872
702039,1872
702539,1873
703039,1872
703539,1872
704039,1872
704539,1872
705039,1872
705539,1872
706039,1872
706539,1872
707039,1872
707539,1872
708039,1872
708539,1872
709039,1871
709539,1872
710039,1872
710539,1874
711039,1872
711539,1872
712039,1872
712539,1872
713039,1872
713539,1871
714039,1872
714539,1872
715039,1872
715539,1874
716039,1874
716539,1872
717039,1875
717539,1872
718039,1874
718539,1872
719039,1873
719539,1872
720039,1873
720539,1872
721039,1870
721539,1872
722039,1872
722539,1874
723039,1875
723539,1872
724039,1873
724539,1872
725039,1874
725539,1871
726039,1872
726539,1872
727039,1872
727539,1872
728039,1873
728539,1874
729039,1872
729539,1874
730039,1872
730539,1872
731039,1872
731539,1872
732039,1872
732539,1875
733039,1873
733539,1875
734039,1872
734539,1872
735039,1872
735539,1872
736039,1872
736539,1874
737039,1874
737539,1872
738039,1873
738539,1875
739039,1872
739539,1872
740039,1874
740539,1872
741039,1873
741539,1873
742039,1872
742539,1872
743039,1872
743539,1873
744039,1873
744539,1873
745039,1874
745539,1872
746039,1873
746539,1872
747039,1872
747539,1873
748039,1872
748539,1872
749039,1872
749539,1872
750039,1872
750539,1872
751039,1872
751539,1874
752039,1873
752539,1873
753039,1873
753539,1873
754039,1877
754539,1872
755039,1872
755539,1872
756039,1872
756539,1872
757039,1868
757539,1872
758039,1872
758539,1872
759039,1872
759539,1872
760039,1872
760539,1872
761039,1872
761539,1871
762039,1872
762539,1872
763039,1873
763539,1872
764039,1872
764539,1872
765039,1872
765539,1873
766039,1872
766539,1874
767039,1872
767539,1873
768039,1873
768539,1872
769039,1872
769539,1872
770039,1873
770539,1872
771039,1872
771539,1872
772039,1872
772539,1871
773039,1872
773539,1872
774039,1872
774539,1872
775039,1873
775539,1872
776039,1872
776539,1872
777039,1872
777539,1872
778039,1874
778539,1873
779039,1872
779539,1874
780039,1872
780539,1872
781039,1872
781539,1875
782039,1872
782539,1873
783039,1874
783539,1874
784039,1872
784539,1872
785039,1872
785539,1874
786039,1872
786539,1872
787039,1873
787539,1873
788039,1872
788539,1872
789039,1871
789539,1872
790039,1873
790539,1872
791039,1872
791539,1871
792039,1873
792539,1873
793039,1872
793539,1874
794039,1872
794539,1872
795039,1872
795539,1869
796039,1873
796539,1873
797039,1871
797539,1872
798039,1872
798539,1873
799039,1872
799539,1874
800039,1872
800539,1872
801039,1872
801539,1875
802039,1871
802539,1872
803039,1872
803539,1874
804039,1872
804539,1872
805039,1874
805539,1872
806039,1872
806539,1873
807039,1874
807539,1874
808039,1872
808539,1872
809039,1872
809539,1872
810039,1872
810539,1872
811039,1872
811539,1875
812039,1873
812539,1872
813039,1874
813539,1872
814039,1869
814539,1873
815039,1872
815539,1874
816039,1872
816539,1872
817039,1872
817539,1872
818039,1874
818539,1872
819039,1873
819539,1872
820039,1872
820539,1874
821039,1871
821539,1872
822039,1872
822539,1872
823039,1872
823539,1873
824039,1872
824539,1872
825039,1873
825539,1873
826039,1871
826539,1873
827039,1874
827539,1872
828039,1872
828539,1872
829039,1872
829539,1873
830039,1873
830539,1871
831039,1871
831539,1874
832039,1871
832539,1872
833039,1873
833539,1875
834039,1872
834539,1872
835039,1872
835539,1872
836039,1873
836539,1872
837039,1873
837539,1872
838039,1872
838539,1872
839039,1874
839539,1872
840039,1872
840539,1872
841039,1871
841539,1875
842039,1874
842539,1873
843039,1874
843539,1872
844039,1872
844539,1872
845039,1875
845539,1873
846039,1872
846539,1872
847039,1874
847539,1873
848039,1874
848539,1872
849039,1872
849539,1873
850039,1872
850539,1872
851039,1873
851539,1872
852039,1872
852539,1874
853039,1872
853539,1872
854039,1873
854539,1872
855039,1873
855539,1872
856039,1872
856539,1872
857039,1871
857539,1872
858039,1875
858539,1872
859039,1875
859539,1872
860039,1872
860539,1872
861039,1872
861539,1873
862039,1873
862539,1872
863039,1874
863539,1872
864039,1872
864539,1874
865039,1872
865539,1872
866039,1875
866539,1874
867039,1873
867539,1873
868039,1872
868539,1872
869039,1873
869539,1872
870039,1872
870539,1875
871039,1872
871539,1872
872039,1872
872539,1873
873039,1872
873539,1871
874039,1872
874539,1872
875039,1872
875539,1873
876039,1872
876539,1873
877039,1872
877539,1872
878039,1873
878539,1874
879039,1872
879539,1872
880039,1872
880539,1872
881039,1872
881539,1873
882039,1873
882539,1872
883039,1872
883539,1873
884039,1872
884539,1872
885039,1874
885539,1874
886039,1873
886539,1874
887039,1872
887539,1873
888039,1875
888539,1872
889039,1872
889539,1872
890039,1872
890539,1872
891039,1872
891539,1872
892039,1873
892539,1872
893039,1872
893539,1872
894039,1872
894539,1873
895039,1872
895539,1872
896039,1873
896539,1872
897039,1872
897539,1872
898039,1872
898539,1872
899039,1872
899539,1875
900039,1872
900539,1872
901039,1874
901539,1872
902039,1872
902539,1872
903039,1872
903539,1873
904039,1873
904539,1873
905039,1873
905539,1873
906039,1872
906539,1873
907039,1872
907539,1874
908039,1872
908539,1872
909039,1872
909539,1872
910039,1871
910539,1872
911039,1872
911539,1870
912039,1872
912539,1872
913039,1872
913539,1872
914039,1872
914539,1872
915039,1873
915539,1872
916039,1872
916539,1872
917039,1871
917539,1872
918039,1872
918539,1873
919039,1874
919539,1872
920039,1872
920539,1872
921039,1872
921539,1872
922039,1872
922539,1872
923039,1872
923539,1873
924039,1872
924539,1873
925039,1873
925539,1874
926039,1872
926539,1873
927039,1872
927539,1873
928039,1873
928539,1872
929039,1872
929539,1871
930039,1873
930539,1872
931039,1872
931539,1872
932039,1871
932539,1872
933039,1872
933539,1875
934039,1872
934539,1872
935039,1873
935539,1872
936039,1872
936539,1872
937039,1872
937539,1872
938039,1875
938539,1872
939039,1872
939539,1873
940039,1872
940539,1872
941039,1872
941539,1872
942039,1874
942539,1872
943039,1872
943539,1873
944039,1872
944539,1872
945039,1872
945539,1872
946039,1873
946539,1872
947039,1872
947539,1872
948039,1877
948539,1873
949039,1872
949539,1873
950039,1872
950539,1872
951039,1874
951539,1872
952039,1872
952539,1872
953039,1873
953539,1871
954039,1873
954539,1873
955039,1872
955539,1874
956039,1872
956539,1872
957039,1872
957539,1872
958039,1872
958539,1875
959039,1873
959539,1873
960039,1873
960539,1872
961039,1872
961539,1872
962039,1872
962539,1873
963039,1872
963539,1872
964039,1873
964539,1872
965039,1873
965539,1873
966039,1873
966539,1873
967039,1873
967539,1872
968039,1873
968539,1872
969039,1872
969539,1872
970039,1872
970539,1873
971039,1872
971539,1872
972039,1872
972539,1872
973039,1872
973539,1872
974039,1872
974539,1873
975039,1872
975539,1873
976039,1872
976539,1872
977039,1873
977539,1872
978039,1873
978539,1872
979039,1873
979539,1872
980039,1872
980539,1873
981039,1873
981539,1872
982039,1875
982539,1871
983039,1874
983539,1874
984039,1872
984539,1872
985039,1872
985539,1874
986039,1873
986539,1871
987039,1872
987539,1872
988039,1872
988539,1872
989039,1872
989539,1872
990039,1872
990539,1872
991039,1873
991539,1875
992039,1872
992539,1872
993039,1873
993539,1872
994039,1872
994539,1875
995039,1875
995539,1872
996039,1872
996539,1872
997039,1872
997539,1871
998039,1872
998539,1872
999039,1872
999539,1872
1000039,1872
1000539,1872
1001039,1872
1001539,1873
1002039,1873
1002539,1872
1003039,1872
1003539,1873
1004039,1872
1004539,1872
1005039,1873
1005539,1872
1006039,1873
1006539,1872
1007039,1872
1007539,1872
1008039,1873
1008539,1872
1009039,1871
1009539,1872
1010039,1873
1010539,1872
1011039,1872
1011539,1872
1012039,1872
1012539,1872
1013039,1872
1013539,1872
1014039,1872
1014539,1872
1015039,1872
1015539,1872
1016039,1872
1016539,1872
1017039,1872
1017539,1871
1018039,1875
1018539,1872
1019039,1873
1019539,1873
1020039,1873
1020539,1874
1021039,1873
1021539,1872
1022039,1871
1022539,1875
1023039,1872
1023539,1874
1024039,1875
1024539,1872
1025039,1874
1025539,1875
1026039,1872
1026539,1872
1027039,1872
1027539,1872
1028039,1872
1028539,1873
1029039,1872
1029539,1873
1030039,1872
1030539,1873
1031039,1873
1031539,1873
1032039,1872
1032539,1872
1033039,1874
1033539,1875
1034039,1873
1034539,1872
1035039,1872
1035539,1872
1036039,1872
1036539,1874
1037039,1873
1037539,1872
1038039,1872
1038539,1873
1039039,1872
1039539,1872
1040039,1873
1040539,1872
1041039,1872
1041539,1872
1042039,1872
1042539,1872
1043039,1873
1043539,1872
1044039,1872
1044539,1872
1045039,1872
1045539,1872
1046039,1872
1046539,1872
1047039,1872
1047539,1872
1048039,1874
1048539,1872
1049039,1872
1049539,1872
1050039,1872
1050539,1872
1051039,1872
1051539,1872
1052039,1872
1052539,1873
1053039,1873
1053539,1873
1054039,1872
1054539,1873
1055039,1875
1055539,1874
1056039,1872
1056539,1871
1057039,1872
1057539,1874
1058039,1872
1058539,1874
1059039,1872
1059539,1869
1060039,1872
1060539,1873
1061039,1872
1061539,1872
1062039,1873
1062539,1872
1063039,1872
1063539,1872
1064039,1872
1064539,1872
1065039,1871
1065539,1875
1066039,1872
1066539,1873
1067039,1873
1067539,1872
1068039,1872
1068539,1872
1069039,1874
1069539,1874
1070039,1872
1070539,1873
1071039,1872
1071539,1874
1072039,1872
1072539,1872
1073039,1872
1073539,1871
1074039,1872
1074539,1872
1075039,1874
1075539,1873
1076039,1872
1076539,1872
1077039,1872
1077539,1874
1078039,1873
1078539,1872
1079039,1872
1079539,1873
1080039,1872
1080539,1873
1081039,1872
1081539,1872
1082039,1873
1082539,1872
1083039,1872
1083539,1874
1084039,1872
1084539,1872
1085039,1873
1085539,1872
1086039,1872
1086539,1872
1087039,1872
1087539,1874
1088039,1873
1088539,1872
1089039,1872
1089539,1873
1090039,1872
1090539,1873
1091039,1872
1091539,1873
1092039,1872
1092539,1873
1093039,1872
1093539,1874
1094039,1874
1094539,1872
1095039,1872
1095539,1872
1096039,1872
1096539,1873
1097039,1873
1097539,1871
1098039,1872
1098539,1871
1099039,1873
1099539,1872
1100039,1874
1100539,1873
1101039,1872
1101539,1872
1102039,1872
1102539,1872
1103039,1872
1103539,1872
1104039,1873
1104539,1872
1105039,1872
1105539,1871
1106039,1872
1106539,1872
1107039,1874
1107539,1872
1108039,1872
1108539,1872
1109039,1872
1109539,1872
1110039,1872
1110539,1873
1111039,1872
1111539,1872
1112039,1872
1112539,1872
1113039,1874
1113539,1872
1114039,1872
1114539,1872
1115039,1872
1115539,1872
1116039,1872
1116539,1872
1117039,1872
1117539,1871
1118039,1872
1118539,1874
1119039,1872
1119539,1869
1120039,1872
1120539,1873
1121039,1873
1121539,1872
1122039,1872
1122539,1872
1123039,1872
1123539,1871
1124039,1872
1124539,1873
1125039,1873
1125539,1872
1126039,1872
1126539,1872
1127039,1872
1127539,1872
1128039,1872
1128539,1872
1129039,1872
1129539,1873
1130039,1873
1130539,1871
1131039,1875
1131539,1872
1132039,1872
1132539,1872
1133039,1872
1133539,1873
1134039,1872
1134539,1874
1135039,1872
1135539,1872
1136039,1874
1136539,1875
1137039,1872
1137539,1873
1138039,1872
1138539,1872
1139039,1872
1139539,1872
1140039,1872
1140539,1873
1141039,1872
1141539,1873
1142039,1872
1142539,1873
1143039,1872
1143539,1873
1144039,1872
1144539,1872
1145039,1872
1145539,1872
1146039,1872
1146539,1872
1147039,1873
1147539,1873
1148039,1872
1148539,1872
1149039,1872
1149539,1873
1150039,1875
1150539,1872
1151039,1872
1151539,1871
1152039,1874
1152539,1875
1153039,1873
1153539,1875
1154039,1874
1154539,1872
1155039,1872
1155539,1872
1156039,1872
1156539,1872
1157039,1873
1157539,1872
1158039,1872
1158539,1873
1159039,1873
1159539,1871
1160039,1872
1160539,1872
1161039,1875
1161539,1872
1162039,1875
1162539,1872
1163039,1872
1163539,1873
1164039,1872
1164539,1873
1165039,1872
1165539,1872
1166039,1872
1166539,1875
1167039,1872
1167539,1872
1168039,1872
1168539,1872
1169039,1873
1169539,1871
1170039,1872
1170539,1871
1171039,1872
1171539,1873
1172039,1872
1172539,1872
1173039,1872
1173539,1872
1174039,1872
1174539,1872
1175039,1872
1175539,1873
1176039,1872
1176539,1872
1177039,1872
1177539,1873
1178039,1875
1178539,1872
1179039,1872
1179539,1872
1180039,1872
1180539,1872
1181039,1872
1181539,1873
1182039,1872
1182539,1872
1183039,1873
1183539,1872
1184039,1872
1184539,1872
1185039,1872
1185539,1871
1186039,1872
1186539,1872
1187039,1872
1187539,1875
1188039,1875
1188539,1873
1189039,1873
1189539,1874
1190039,1870
1190539,1872
1191039,1872
1191539,1873
1192039,1872
1192539,1873
1193039,1872
1193539,1874
1194039,1871
1194539,1873
1195039,1873
1195539,1872
1196039,1872
1196539,1872
1197039,1872
1197539,1877
1198039,1872
1198539,1876
1199039,1872
1199539,1869
1200039,1872
1200539,1872
1201039,1872
1201539,1873
1202039,1872
1202539,1872
1203039,1873
1203539,1874
1204039,1872
1204539,1874
1205039,1872
1205539,1870
1206039,1872
1206539,1873
1207039,1873
1207539,1872
1208039,1874
1208539,1872
1209039,1872
1209539,1871
1210039,1873
1210539,1874
1211039,1873
1211539,1870
1212039,1872
1212539,1873
1213039,1871
1213539,1874
1214039,1872
1214539,1873
1215039,1872
1215539,1874
1216039,1872
1216539,1874
1217039,1873
1217539,1871
1218039,1872
1218539,1872
1219039,1872
1219539,1872
1220039,1874
1220539,1872
1221039,1872
1221539,1873
1222039,1872
1222539,1872
1223039,1872
1223539,1873
1224039,1874
1224539,1872
1225039,1871
1225539,1872
1226039,1872
1226539,1872
1227039,1872
1227539,1871
1228039,1873
1228539,1872
1229039,1873
1229539,1871
1230039,1872
1230539,1872
1231039,1872
1231539,1871
1232039,1872
1232539,1875
1233039,1873
1233539,1872
1234039,1872
1234539,1871
1235039,1872
1235539,1872
1236039,1872
1236539,1872
1237039,1872
1237539,1872
1238039,1872
1238539,1872
1239039,1872
1239539,1872
1240039,1873
1240539,1872
1241039,1873
1241539,1875
1242039,1872
1242539,1872
1243039,1872
1243539,1873
1244039,1873
1244539,1872
1245039,1873
1245539,1876
1246039,1872
1246539,1872
1247039,1874
1247539,1872
1248039,1874
1248539,1875
1249039,1872
1249539,1873
1250039,1872
1250539,1872
1251039,1872
1251539,1872
1252039,1872
1252539,1873
1253039,1872
1253539,1876
1254039,1872
1254539,1874
1255039,1873
1255539,1873
1256039,1872
1256539,1872
1257039,1872
1257539,1872
1258039,1872
1258539,1873
1259039,1872
1259539,1875
1260039,1872
1260539,1872
1261039,1872
1261539,1872
1262039,1872
1262539,1872
1263039,1872
1263539,1872
1264039,1872
1264539,1873
1265039,1872
1265539,1872
1266039,1872
1266539,1872
1267039,1872
1267539,1871
1268039,1873
1268539,1872
1269039,1872
1269539,1877
1270039,1872
1270539,1872
1271039,1872
1271539,1872
1272039,1872
1272539,1873
1273039,1872
1273539,1872
1274039,1873
1274539,1872
1275039,1873
1275539,1871
1276039,1873
1276539,1872
1277039,1875
1277539,1874
1278039,1873
1278539,1873
1279039,1873
1279539,1872
1280039,1872
1280539,1872
1281039,1872
1281539,1874
1282039,1872
1282539,1872
1283039,1873
1283539,1874
1284039,1872
1284539,1872
1285039,1872
1285539,1873
1286039,1873
1286539,1877
1287039,1872
1287539,1872
1288039,1873
1288539,1872
1289039,1872
1289539,1872
1290039,1872
1290539,1873
1291039,1872
1291539,1872
1292039,1873
1292539,1874
1293039,1873
1293539,1872
1294039,1873
1294539,1872
1295039,1873
1295539,1874
1296039,1873
1296539,1872
1297039,1871
1297539,1872
1298039,1872
1298539,1871
1299039,1873
1299539,1873
1300039,1873
1300539,1872
1301039,1872
1301539,1874
1302039,1872
1302539,1872
1303039,1872
1303539,1872
1304039,1872
1304539,1874
1305039,1873
1305539,1870
1306039,1873
1306539,1872
1307039,1873
1307539,1872
1308039,1872
1308539,1872
1309039,1872
1309539,1873
1310039,1873
1310539,1872
1311039,1874
1311539,1872
1312039,1875
1312539,1872
1313039,1872
1313539,1872
1314039,1872
1314539,1873
1315039,1872
1315539,1875
1316039,1874
1316539,1873
1317039,1875
1317539,1872
1318039,1873
1318539,1873
1319039,1873
1319539,1872
1320039,1872
1320539,1873
1321039,1872
1321539,1872
1322039,1875
1322539,1872
1323039,1872
1323539,1877
1324039,1873
1324539,1872
1325039,1872
1325539,1873
1326039,1873
1326539,1873
1327039,1872
1327539,1871
1328039,1872
1328539,1872
1329039,1872
1329539,1872
1330039,1872
1330539,1872
1331039,1872
1331539,1873
1332039,1872
1332539,1873
1333039,1873
1333539,1872
1334039,1874
1334539,1872
1335039,1872
1335539,1872
1336039,1873
1336539,1875
1337039,1872
1337539,1872
1338039,1872
1338539,1874
1339039,1875
1339539,1872
1340039,1872
1340539,1872
1341039,1872
1341539,1872
1342039,1872
1342539,1872
1343039,1872
1343539,1872
1344039,1872
1344539,1871
1345039,1872
1345539,1872
1346039,1873
1346539,1872
1347039,1872
1347539,1872
1348039,1873
1348539,1875
1349039,1873
1349539,1873
1350039,1874
1350539,1872
1351039,1873
1351539,1872
1352039,1872
1352539,1873
1353039,1872
1353539,1874
1354039,1872
1354539,1872
1355039,1872
1355539,1873
1356039,1873
1356539,1873
1357039,1874
1357539,1872
1358039,1872
1358539,1872
1359039,1872
1359539,1868
1360039,1874
1360539,1872
1361039,1873
1361539,1872
1362039,1873
1362539,1874
1363039,1872
1363539,1873
1364039,1872
1364539,1872
1365039,1872
1365539,1872
1366039,1871
1366539,1873
1367039,1872
1367539,1872
1368039,1872
1368539,1875
1369039,1872
1369539,1872
1370039,1873
1370539,1871
1371039,1873
1371539,1872
1372039,1873
1372539,1872
1373039,1872
1373539,1872
1374039,1874
1374539,1874
1375039,1872
1375539,1872
1376039,1873
1376539,1872
1377039,1872
1377539,1872
1378039,1873
1378539,1872
1379039,1876
1379539,1871
1380039,1872
1380539,1873
1381039,1872
1381539,1872
1382039,1872
1382539,1871
1383039,1872
1383539,1872
1384039,1873
1384539,1872
1385039,1871
1385539,1873
1386039,1873
1386539,1873
1387039,1872
1387539,1872
1388039,1872
1388539,1873
1389039,1872
1389539,1873
1390039,1872
1390539,1872
1391039,1872
1391539,1873
1392039,1872
1392539,1872
1393039,1872
1393539,1872
1394039,1872
1394539,1872
1395039,1872
1395539,1872
1396039,1873
1396539,1872
1397039,1873
1397539,1873
1398039,1873
1398539,1872
1399039,1872
1399539,1872
1400039,1872
1400539,1872
1401039,1873
1401539,1873
1402039,1872
1402539,1872
1403039,1872
1403539,1872
1404039,1872
1404539,1872
1405039,1872
1405539,1872
1406039,1874
1406539,1872
1407039,1871
1407539,1872
1408039,1872
1408539,1872
1409039,1872
1409539,1872
1410039,1872
1410539,1872
1411039,1872
1411539,1872
1412039,1872
1412539,1873
1413039,1873
1413539,1872
1414039,1873
1414539,1872
1415039,1875
1415539,1872
1416039,1875
1416539,1872
1417039,1873
1417539,1872
1418039,1875
1418539,1873
1419039,1872
1419539,1872
1420039,1872
1420539,1872
1421039,1872
1421539,1872
1422039,1872
1422539,1874
1423039,1873
1423539,1872
1424039,1872
1424539,1872
1425039,1872
1425539,1872
1426039,1872
1426539,1873
1427039,1872
1427539,1872
1428039,1874
1428539,1874
1429039,1872
1429539,1872
1430039,1872
1430539,1872
1431039,1872
1431539,1875
1432039,1871
1432539,1876
1433039,1871
1433539,1873
1434039,1872
1434539,1872
1435039,1873
1435539,1873
1436039,1872
1436539,1874
1437039,1872
1437539,1872
1438039,1871
1438539,1872
1439039,1873
1439539,1873
1440039,1872
1440539,1873
1441039,1872
1441539,1872
1442039,1873
1442539,1872
1443039,1873
1443539,1872
1444039,1873
1444539,1874
1445039,1872
1445539,1875
1446039,1872
1446539,1872
1447039,1872
1447539,1873
1448039,1872
1448539,1874
1449039,1872
1449539,1872
1450039,1872
1450539,1872
1451039,1872
1451539,1872
1452039,1875
1452539,1871
1453039,1873
1453539,1872
1454039,1873
1454539,1872
1455039,1873
1455539,1872
1456039,1872
1456539,1873
1457039,1872
1457539,1872
1458039,1871
1458539,1873
1459039,1872
1459539,1872
1460039,1872
1460539,1872
1461039,1872
1461539,1873
1462039,1872
1462539,1872
1463039,1873
1463539,1872
1464039,1872
1464539,1872
1465039,1872
1465539,1873
1466039,1872
1466539,1872
1467039,1872
1467539,1873
1468039,1872
1468539,1873
1469039,1873
1469539,1872
1470039,1874
1470539,1874
1471039,1873
1471539,1872
1472039,1872
1472539,1875
1473039,1872
1473539,1873
1474039,1871
1474539,1872
1475039,1872
1475539,1872
1476039,1873
1476539,1874
1477039,1874
1477539,1873
1478039,1872
1478539,1872
1479039,1872
1479539,1873
1480039,1873
1480539,1872
1481039,1872
1481539,1871
1482039,1873
1482539,1872
1483039,1872
1483539,1874
1484039,1872
1484539,1872
1485039,1874
1485539,1873
1486039,1873
1486539,1872
1487039,1873
1487539,1873
1488039,1872
1488539,1872
1489039,1875
1489539,1872
1490039,1872
1490539,1873
1491039,1871
1491539,1872
1492039,1874
1492539,1872
1493039,1872
1493539,1872
1494039,1873
1494539,1872
1495039,1872
1495539,1872
1496039,1872
1496539,1872
1497039,1873
1497539,1873
1498039,1872
1498539,1872
1499039,1872
1499539,1872
1500039,1872
1500539,1873
1501039,1874
1501539,1874
1502039,1872
1502539,1872
1503039,1872
1503539,1872
1504039,1872
1504539,1872
1505039,1872
1505539,1872
1506039,1873
1506539,1872
1507039,1871
1507539,1875
1508039,1872
1508539,1872
1509039,1872
1509539,1873
1510039,1872
1510539,1872
1511039,1873
1511539,1872
1512039,1872
1512539,1875
1513039,1872
1513539,1872
1514039,1870
1514539,1872
1515039,1872
1515539,1872
1516039,1872
1516539,1872
1517039,1873
1517539,1871
1518039,1872
1518539,1872
1519039,1872
1519539,1872
1520039,1872
1520539,1872
1521039,1872
1521539,1874
1522039,1872
1522539,1873
1523039,1872
1523539,1872
1524039,1872
1524539,1875
1525039,1872
1525539,1872
1526039,1871
1526539,1872
1527039,1872
1527539,1872
1528039,1872
1528539,1872
1529039,1872
1529539,1872
1530039,1872
1530539,1873
1531039,1872
1531539,1872
1532039,1874
1532539,1873
1533039,1873
1533539,1872
1534039,1872
1534539,1873
1535039,1872
1535539,1872
1536039,1872
1536539,1872
1537039,1872
1537539,1873
1538039,1875
1538539,1872
1539039,1875
1539539,1872
1540039,1873
1540539,1873
1541039,1873
1541539,1873
1542039,1872
1542539,1872
1543039,1872
1543539,1875
1544039,1873
1544539,1872
1545039,1874
1545539,1875
1546039,1872
1546539,1872
1547039,1872
1547539,1872
1548039,1873
1548539,1874
1549039,1872
1549539,1872
1550039,1875
1550539,1872
1551039,1872
1551539,1872
1552039,1872
1552539,1872
1553039,1873
1553539,1873
1554039,1874
1554539,1872
1555039,1872
1555539,1872
1556039,1872
1556539,1872
1557039,1872
1557539,1872
1558039,1872
1558539,1873
1559039,1872
1559539,1872
1560039,1871
1560539,1872
1561039,1872
1561539,1873
1562039,1872
1562539,1873
1563039,1872
1563539,1872
1564039,1873
1564539,1873
1565039,1872
1565539,1872
1566039,1873
1566539,1871
1567039,1871
1567539,1872
1568039,1872
1568539,1872
1569039,1873
1569539,1872
1570039,1872
1570539,1873
1571039,1872
1571539,1872
1572039,1872
1572539,1872
1573039,1872
1573539,1872
1574039,1872
1574539,1872
1575039,1872
1575539,1875
1576039,1872
1576539,1872
1577039,1872
1577539,1872
1578039,1873
1578539,1872
1579039,1872
1579539,1872
1580039,1874
1580539,1872
1581039,1872
1581539,1873
1582039,1873
1582539,1873
1583039,1873
1583539,1872
1584039,1872
1584539,1872
1585039,1872
1585539,1872
1586039,1873
1586539,1872
1587039,1872
1587539,1873
1588039,1872
1588539,1873
1589039,1872
1589539,1872
1590039,1874
1590539,1874
1591039,1871
1591539,1872
1592039,1872
1592539,1872
1593039,1872
1593539,1873
1594039,1875
1594539,1872
1595039,1872
1595539,1873
1596039,1873
1596539,1872
1597039,1872
1597539,1872
1598039,1872
1598539,1872
1599039,1873
1599539,1872
1600039,1872
1600539,1873
1601039,1874
1601539,1872
1602039,1872
1602539,1875
1603039,1874
1603539,1872
1604039,1872
1604539,1874
1605039,1872
1605539,1872
1606039,1872
1606539,1872
1607039,1871
1607539,1873
1608039,1877
1608539,1872
1609039,1872
1609539,1872
1610039,1872
1610539,1872
1611039,1872
1611539,1873
1612039,1871
1612539,1872
1613039,1871
1613539,1872
1614039,1872
1614539,1872
1615039,1872
1615539,1872
1616039,1872
1616539,1873
1617039,1872
1617539,1872
1618039,1873
1618539,1872
1619039,1872
1619539,1875
1620039,1872
1620539,1872
1621039,1872
1621539,1872
1622039,1874
1622539,1870
1623039,1872
1623539,1872
1624039,1872
1624539,1870
1625039,1873
1625539,1872
1626039,1873
1626539,1872
1627039,1872
1627539,1872
1628039,1872
1628539,1872
1629039,1872
1629539,1872
1630039,1872
1630539,1872
1631039,1872
1631539,1872
1632039,1874
1632539,1872
1633039,1872
1633539,1872
1634039,1873
1634539,1872
1635039,1874
1635539,1873
1636039,1872
1636539,1872
1637039,1872
1637539,1872
1638039,1873
1638539,1872
1639039,1871
1639539,1872
1640039,1873
1640539,1874
1641039,1873
1641539,1872
1642039,1872
1642539,1872
1643039,1874
1643539,1872
1644039,1872
1644539,1872
1645039,1873
1645539,1871
1646039,1874
1646539,1874
1647039,1872
1647539,1872
1648039,1874
1648539,1872
1649039,1873
1649539,1873
1650039,1872
1650539,1872
1651039,1873
1651539,1873
1652039,1872
1652539,1872
1653039,1872
1653539,1872
1654039,1872
1654539,1873
1655039,1872
1655539,1872
1656039,1872
1656539,1873
1657039,1872
1657539,1873
1658039,1873
1658539,1872
1659039,1872
1659539,1872
1660039,1872
1660539,1872
1661039,1872
1661539,1875
1662039,1870
1662539,1874
1663039,1872
1663539,1872
1664039,1871
1664539,1872
1665039,1872
1665539,1872
1666039,1872
1666539,1872
1667039,1875
1667539,1873
1668039,1873
1668539,1872
1669039,1873
1669539,1872
1670039,1872
1670539,1872
1671039,1872
1671539,1873
1672039,1874
1672539,1872
1673039,1872
1673539,1873
1674039,1872
1674539,1875
1675039,1872
1675539,1872
1676039,1872
1676539,1873
1677039,1872
1677539,1872
1678039,1871
1678539,1872
1679039,1872
1679539,1873
1680039,1871
1680539,1873
1681039,1872
1681539,1872
1682039,1872
1682539,1872
1683039,1873
1683539,1872
1684039,1872
1684539,1872
1685039,1872
1685539,1872
1686039,1872
1686539,1872
1687039,1872
1687539,1874
1688039,1874
1688539,1872
1689039,1872
1689539,1872
1690039,1872
1690539,1872
1691039,1872
1691539,1877
1692039,1873
1692539,1874
1693039,1873
1693539,1872
1694039,1872
1694539,1872
1695039,1874
1695539,1872
1696039,1872
1696539,1872
1697039,1872
1697539,1870
1698039,1872
1698539,1872
1699039,1873
1699539,1872
1700039,1873
1700539,1872
1701039,1873
1701539,1872
1702039,1872
1702539,1870
1703039,1872
1703539,1872
1704039,1878
1704539,1872
1705039,1871
1705539,1873
1706039,1873
1706539,1872
1707039,1872
1707539,1872
1708039,1872
1708539,1874
1709039,1872
1709539,1872
1710039,1872
1710539,1872
1711039,1874
1711539,1872
1712039,1872
1712539,1872
1713039,1873
1713539,1875
1714039,1872
1714539,1872
1715039,1872
1715539,1872
1716039,1873
1716539,1872
1717039,1872
1717539,1872
1718039,1872
1718539,1873
1719039,1872
1719539,1874
1720039,1873
1720539,1872
1721039,1872
1721539,1872
1722039,1873
1722539,1872
1723039,1872
1723539,1873
1724039,1873
1724539,1872
1725039,1872
1725539,1873
1726039,1872
1726539,1872
1727039,1872
1727539,1872
1728039,1872
1728539,1872
1729039,1874
1729539,1872
1730039,1872
1730539,1873
1731039,1872
1731539,1872
1732039,1872
1732539,1872
1733039,1873
1733539,1872
1734039,1872
1734539,1873
1735039,1873
1735539,1873
1736039,1872
1736539,1872
1737039,1872
1737539,1872
1738039,1872
1738539,1872
1739039,1874
1739539,1870
1740039,1872
1740539,1873
1741039,1872
1741539,1873
1742039,1872
1742539,1872
1743039,1872
1743539,1872
1744039,1874
1744539,1874
1745039,1872
1745539,1872
1746039,1872
1746539,1872
1747039,1872
1747539,1872
1748039,1874
1748539,1872
1749039,1872
1749539,1872
1750039,1874
1750539,1875
1751039,1872
1751539,1872
1752039,1872
1752539,1872
1753039,1869
1753539,1872
1754039,1872
1754539,1874
1755039,1872
1755539,1872
1756039,1873
1756539,1872
1757039,1872
1757539,1872
1758039,1872
1758539,1871
1759039,1872
1759539,1872
1760039,1872
1760539,1871
1761039,1872
1761539,1872
1762039,1872
1762539,1873
1763039,1873
1763539,1874
1764039,1872
1764539,1873
1765039,1872
1765539,1873
1766039,1873
1766539,1872
1767039,1875
1767539,1872
1768039,1872
1768539,1872
1769039,1873
1769539,1872
1770039,1872
1770539,1873
1771039,1872
1771539,1872
1772039,1872
1772539,1872
1773039,1872
1773539,1872
1774039,1873
1774539,1874
1775039,1872
1775539,1872
1776039,1872
1776539,1872
1777039,1872
1777539,1872
1778039,1872
1778539,1872
1779039,1872
1779539,1872
1780039,1874
1780539,1873
1781039,1872
1781539,1873
1782039,1872
1782539,1877
1783039,1872
1783539,1872
1784039,1872
1784539,1872
1785039,1872
1785539,1872
1786039,1871
1786539,1872
1787039,1873
1787539,1872
1788039,1872
1788539,1872
1789039,1872
1789539,1872
1790039,1872
1790539,1872
1791039,1871
1791539,1872
1792039,1872
1792539,1872
1793039,1876
1793539,1872
1794039,1874
1794539,1872
1795039,1872
1795539,1872
1796039,1872
1796539,1873
1797039,1872
1797539,1872
1798039,1872
1798539,1872
1799039,1873
1799539,1872
1800039,1872
1800539,1872
1801039,1872
1801539,1869
1802039,1872
1802539,1874
1803039,1872
1803539,1872
1804039,1872
1804539,1872
1805039,1872
1805539,1873
1806039,1871
1806539,1871
1807039,1873
1807539,1871
1808039,1873
1808539,1873
1809039,1872
1809539,1872
1810039,1869
1810539,1872
1811039,1872
1811539,1872
1812039,1872
1812539,1872
1813039,1872
1813539,1872
1814039,1872
1814539,1872
1815039,1872
1815539,1872
1816039,1873
1816539,1872
1817039,1873
1817539,1873
1818039,1871
1818539,1875
1819039,1872
1819539,1872
1820039,1872
1820539,1872
1821039,1872
1821539,1874
1822039,1872
1822539,1872
1823039,1871
1823539,1872
1824039,1871
1824539,1873
1825039,1872
1825539,1872
1826039,1871
1826539,1872
1827039,1872
1827539,1872
1828039,1872
1828539,1874
1829039,1872
1829539,1872
1830039,1872
1830539,1872
1831039,1873
1831539,1872
1832039,1872
1832539,1872
1833039,1872
1833539,1873
1834039,1872
1834539,1872
1835039,1872
1835539,1872
1836039,1870
1836539,1872
1837039,1872
1837539,1873
1838039,1872
1838539,1871
1839039,1872
1839539,1872
1840039,1871
1840539,1871
1841039,1873
1841539,1872
1842039,1874
1842539,1872
1843039,1875
1843539,1872
1844039,1872
1844539,1872
1845039,1873
1845539,1873
1846039,1872
1846539,1872
1847039,1872
1847539,1872
1848039,1872
1848539,1873
1849039,1872
1849539,1872
1850039,1872
1850539,1873
1851039,1872
1851539,1873
1852039,1875
1852539,1872
1853039,1872
1853539,1872
1854039,1872
1854539,1873
1855039,1872
1855539,1873
1856039,1872
1856539,1872
1857039,1872
1857539,1872
1858039,1869
1858539,1871
1859039,1872
1859539,1872
1860039,1872
1860539,1872
1861039,1872
1861539,1871
1862039,1872
1862539,1872
1863039,1871
1863539,1873
1864039,1871
1864539,1872
1865039,1872
1865539,1872
1866039,1871
1866539,1872
1867039,1872
1867539,1872
1868039,1872
1868539,1872
1869039,1872
1869539,1872
1870039,1872
1870539,1872
1871039,1871
1871539,1872
1872039,1869
1872539,1873
1873039,1872
1873539,1873
1874039,1871
1874539,1873
1875039,1872
1875539,1873
1876039,1872
1876539,1872
1877039,1872
1877539,1872
1878039,1872
1878539,1871
1879039,1875
1879539,1872
1880039,1868
1880539,1872
1881039,1872
1881539,1872
1882039,1873
1882539,1874
1883039,1872
1883539,1872
1884039,1872
1884539,1872
1885039,1872
1885539,1873
1886039,1871
1886539,1872
1887039,1872
1887539,1872
1888039,1873
1888539,1873
1889039,1872
1889539,1872
1890039,1871
1890539,1872
1891039,1871
1891539,1872
1892039,1875
1892539,1872
1893039,1874
1893539,1872
1894039,1874
1894539,1872
1895039,1872
1895539,1871
1896039,1872
1896539,1872
1897039,1871
1897539,1872
1898039,1875
1898539,1872
1899039,1872
1899539,1872
1900039,1872
1900539,1873
1901039,1872
1901539,1872
1902039,1872
1902539,1872
1903039,1872
1903539,1873
1904039,1873
1904539,1873
1905039,1872
1905539,1872
1906039,1874
1906539,1872
1907039,1871
1907539,1872
1908039,1872
1908539,1872
1909039,1874
1909539,1872
1910039,1872
1910539,1871
1911039,1872
1911539,1872
1912039,1872
1912539,1872
1913039,1872
1913539,1872
1914039,1873
1914539,1874
1915039,1872
1915539,1872
1916039,1873
1916539,1872
1917039,1872
1917539,1872
1918039,1872
1918539,1872
1919039,1873
1919539,1872
1920039,1872
1920539,1872
1921039,1872
1921539,1872
1922039,1873
1922539,1872
1923039,1872
1923539,1872
1924039,1872
1924539,1872
1925039,1872
1925539,1872
1926039,1873
1926539,1872
1927039,1872
1927539,1872
1928039,1872
1928539,1872
1929039,1872
1929539,1872
1930039,1873
1930539,1872
1931039,1872
1931539,1872
1932039,1874
1932539,1872
1933039,1872
1933539,1873
1934039,1871
1934539,1874
1935039,1872
1935539,1872
1936039,1875
1936539,1873
1937039,1872
1937539,1872
1938039,1872
1938539,1872
1939039,1873
1939539,1872
1940039,1871
1940539,1873
1941039,1872
1941539,1872
1942039,1872
1942539,1873
1943039,1872
1943539,1872
1944039,1871
1944539,1870
1945039,1872
1945539,1872
1946039,1874
1946539,1872
1947039,1873
1947539,1872
1948039,1872
1948539,1873
1949039,1873
1949539,1873
1950039,1872
1950539,1872
1951039,1872
1951539,1872
1952039,1872
1952539,1872
1953039,1872
1953539,1872
1954039,1872
1954539,1872
1955039,1872
1955539,1872
1956039,1872
1956539,1872
1957039,1873
1957539,1872
1958039,1874
1958539,1872
1959039,1872
1959539,1873
1960039,1872
1960539,1872
1961039,1871
1961539,1873
1962039,1872
1962539,1872
1963039,1872
1963539,1871
1964039,1873
1964539,1872
1965039,1873
1965539,1872
1966039,1872
1966539,1872
1967039,1872
1967539,1872
1968039,1873
1968539,1874
1969039,1872
1969539,1873
1970039,1872
1970539,1873
1971039,1872
1971539,1871
1972039,1871
1972539,1873
1973039,1872
1973539,1872
1974039,1872
1974539,1872
1975039,1872
1975539,1872
1976039,1872
1976539,1873
1977039,1873
1977539,1872
1978039,1874
1978539,1872
1979039,1872
1979539,1873
1980039,1872
1980539,1872
1981039,1871
1981539,1872
1982039,1872
1982539,1872
1983039,1872
1983539,1872
1984039,1872
1984539,1870
1985039,1872
1985539,1872
1986039,1872
1986539,1871
1987039,1872
1987539,1872
1988039,1872
1988539,1872
1989039,1872
1989539,1872
1990039,1871
1990539,1872
1991039,1872
1991539,1872
1992039,1873
1992539,1872
1993039,1872
1993539,1871
1994039,1872
1994539,1874
1995039,1871
1995539,1872
1996039,1873
1996539,1872
1997039,1873
1997539,1872
1998039,1872
1998539,1872
1999039,1872
1999539,1873
2000039,1872
2000539,1872
2001039,1872
2001539,1872
2002039,1872
2002539,1872
2003039,1872
2003539,1871
2004039,1872
2004539,1872
2005039,1870
2005539,1872
2006039,1872
2006539,1873
2007039,1872
2007539,1872
2008039,1872
2008539,1872
2009039,1874
2009539,1872
2010039,1872
2010539,1872
2011039,1872
2011539,1874
2012039,1872
2012539,1872
2013039,1872
2013539,1873
2014039,1872
2014539,1872
2015039,1872
2015539,1872
2016039,1872
2016539,1874
2017039,1873
2017539,1872
2018039,1873
2018539,1873
2019039,1872
2019539,1872
2020039,1874
2020539,1874
2021039,1872
2021539,1875
2022039,1872
2022539,1875
2023039,1872
2023539,1872
2024039,1872
2024539,1872
2025039,1875
2025539,1873
2026039,1872
2026539,1872
2027039,1872
2027539,1872
2028039,1872
2028539,1872
2029039,1872
2029539,1872
2030039,1872
2030539,1872
2031039,1872
2031539,1872
2032039,1872
2032539,1872
2033039,1872
2033539,1872
2034039,1872
2034539,1872
2035039,1872
2035539,1872
2036039,1871
2036539,1873
2037039,1872
2037539,1872
2038039,1873
2038539,1872
2039039,1874
2039539,1872
2040039,1872
2040539,1872
2041039,1873
2041539,1872
2042039,1870
2042539,1872
2043039,1872
2043539,1872
2044039,1872
2044539,1872
2045039,1873
2045539,1872
2046039,1872
2046539,1872
2047039,1872
2047539,1872
2048039,1873
2048539,1872
2049039,1872
2049539,1873
2050039,1872
2050539,1872
2051039,1872
2051539,1872
2052039,1872
2052539,1872
2053039,1872
2053539,1872
2054039,1872
2054539,1872
2055039,1872
2055539,1872
2056039,1872
2056539,1872
2057039,1874
2057539,1872
2058039,1872
2058539,1872
2059039,1872
2059539,1872
2060039,1874
2060539,1872
2061039,1872
2061539,1872
2062039,1872
2062539,1872
2063039,1870
2063539,1873
2064039,1874
2064539,1872
2065039,1873
2065539,1873
2066039,1872
2066539,1872
2067039,1872
2067539,1872
2068039,1870
2068539,1872
2069039,1872
2069539,1872
2070039,1873
2070539,1872
2071039,1872
2071539,1872
2072039,1872
2072539,1872
2073039,1872
2073539,1872
2074039,1872
2074539,1872
2075039,1872
2075539,1873
2076039,1872
2076539,1872
2077039,1871
2077539,1871
2078039,1872
2078539,1871
2079039,1872
2079539,1872
2080039,1872
2080539,1872
2081039,1872
2081539,1876
2082039,1874
2082539,1872
2083039,1872
2083539,1874
2084039,1872
2084539,1873
2085039,1872
2085539,1872
2086039,1872
2086539,1874
2087039,1874
2087539,1873
2088039,1872
2088539,1872
2089039,1872
2089539,1873
2090039,1872
2090539,1871
2091039,1871
2091539,1874
2092039,1872
2092539,1872
2093039,1872
2093539,1875
2094039,1872
2094539,1872
2095039,1872
2095539,1873
2096039,1872
2096539,1870
2097039,1871
2097539,1872
2098039,1873
2098539,1872
2099039,1872
2099539,1873
2100039,1872
2100539,1872
2101039,1872
2101539,1873
2102039,1872
2102539,1873
2103039,1874
2103539,1872
2104039,1872
2104539,1872
2105039,1873
2105539,1872
2106039,1872
2106539,1872
2107039,1873
2107539,1873
2108039,1873
2108539,1873
2109039,1871
2109539,1872
2110039,1873
2110539,1870
2111039,1873
2111539,1873
2112039,1872
2112539,1872
2113039,1873
2113539,1872
2114039,1873
2114539,1872
2115039,1872
2115539,1873
2116039,1872
2116539,1872
2117039,1872
2117539,1873
2118039,1872
2118539,1873
2119039,1873
2119539,1872
2120039,1872
2120539,1872
2121039,1874
2121539,1872
2122039,1871
2122539,1872
2123039,1872
2123539,1872
2124039,1872
2124539,1872
2125039,1872
2125539,1872
2126039,1872
2126539,1872
2127039,1872
2127539,1872
2128039,1872
2128539,1872
2129039,1872
2129539,1873
2130039,1872
2130539,1872
2131039,1873
2131539,1873
2132039,1872
2132539,1872
2133039,1872
2133539,1872
2134039,1872
2134539,1872
2135039,1872
2135539,1872
2136039,1872
2136539,1873
2137039,1872
2137539,1872
2138039,1872
2138539,1874
2139039,1871
2139539,1872
2140039,1872
2140539,1872
2141039,1872
2141539,1872
2142039,1872
2142539,1872
2143039,1872
2143539,1872
2144039,1872
2144539,1872
2145039,1872
2145539,1874
2146039,1872
2146539,1871
2147039,1872
2147539,1872
2148039,1872
2148539,1873
2149039,1872
2149539,1872
2150039,1872
2150539,1872
2151039,1872
2151539,1872
2152039,1872
2152539,1872
2153039,1875
2153539,1872
2154039,1872
2154539,1875
2155039,1872
2155539,1873
2156039,1872
2156539,1871
2157039,1873
2157539,1877
2158039,1872
2158539,1872
2159039,1872
2159539,1872
2160039,1872
2160539,1873
2161039,1872
2161539,1872
2162039,1872
2162539,1872
2163039,1872
2163539,1871
2164039,1873
2164539,1872
2165039,1873
2165539,1872
2166039,1872
2166539,1872
2167039,1872
2167539,1872
2168039,1872
2168539,1873
2169039,1872
2169539,1872
2170039,1871
2170539,1872
2171039,1872
2171539,1872
2172039,1873
2172539,1871
2173039,1872
2173539,1872
2174039,1872
2174539,1872
2175039,1872
2175539,1872
2176039,1872
2176539,1871
2177039,1872
2177539,1872
2178039,1872
2178539,1872
2179039,1872
2179539,1872
2180039,1872
2180539,1872
2181039,1872
2181539,1873
2182039,1872
2182539,1871
2183039,1872
2183539,1872
2184039,1872
2184539,1872
2185039,1872
2185539,1872
2186039,1872
2186539,1872
2187039,1872
2187539,1872
2188039,1872
2188539,1872
2189039,1872
2189539,1872
2190039,1871
2190539,1872
2191039,1873
2191539,1872
2192039,1872
2192539,1872
2193039,1872
2193539,1872
2194039,1872
2194539,1872
2195039,1873
2195539,1872
2196039,1872
2196539,1872
2197039,1872
2197539,1873
2198039,1872
2198539,1873
2199039,1874
2199539,1872
2200039,1873
2200539,1872
2201039,1873
2201539,1872
2202039,1871
2202539,1872
2203039,1872
2203539,1872
2204039,1874
2204539,1872
2205039,1872
2205539,1872
2206039,1872
2206539,1872
2207039,1871
2207539,1872
2208039,1872
2208539,1872
2209039,1872
2209539,1872
2210039,1872
2210539,1872
2211039,1875
2211539,1872
2212039,1872
2212539,1873
2213039,1872
2213539,1872
2214039,1872
2214539,1872
2215039,1872
2215539,1872
2216039,1872
2216539,1873
2217039,1872
2217539,1872
2218039,1872
2218539,1872
2219039,1872
2219539,1872
2220039,1869
2220539,1874
2221039,1872
2221539,1873
2222039,1872
2222539,1871
2223039,1872
2223539,1872
2224039,1872
2224539,1871
2225039,1872
2225539,1872
2226039,1873
2226539,1872
2227039,1872
2227539,1873
2228039,1872
2228539,1872
2229039,1876
2229539,1870
2230039,1872
2230539,1872
2231039,1872
2231539,1872
2232039,1872
2232539,1872
2233039,1873
2233539,1872
2234039,1873
2234539,1873
2235039,1872
2235539,1872
2236039,1871
2236539,1873
2237039,1872
2237539,1872
2238039,1872
2238539,1872
2239039,1872
2239539,1872
2240039,1872
2240539,1874
2241039,1872
2241539,1873
2242039,1872
2242539,1872
2243039,1872
2243539,1872
2244039,1872
2244539,1872
2245039,1872
2245539,1872
2246039,1872
2246539,1874
2247039,1872
2247539,1872
2248039,1872
2248539,1874
2249039,1872
2249539,1872
2250039,1872
2250539,1871
2251039,1872
2251539,1873
2252039,1872
2252539,1872
2253039,1872
2253539,1874
2254039,1872
2254539,1873
2255039,1872
2255539,1872
2256039,1873
2256539,1873
2257039,1872
2257539,1872
2258039,1871
2258539,1871
2259039,1872
2259539,1872
2260039,1872
2260539,1871
2261039,1872
2261539,1872
2262039,1872
2262539,1871
2263039,1872
2263539,1872
2264039,1873
2264539,1874
2265039,1872
2265539,1872
2266039,1872
2266539,1872
2267039,1872
2267539,1873
2268039,1872
2268539,1872
2269039,1873
2269539,1872
2270039,1872
2270539,1872
2271039,1871
2271539,1872
2272039,1872
2272539,1871
2273039,1872
2273539,1872
2274039,1873
2274539,1872
2275039,1872
2275539,1872
2276039,1872
2276539,1874
2277039,1872
2277539,1872
2278039,1872
2278539,1872
2279039,1872
2279539,1872
2280039,1872
2280539,1872
2281039,1872
2281539,1872
2282039,1872
2282539,1872
2283039,1872
2283539,1872
2284039,1872
2284539,1872
2285039,1872
2285539,1874
2286039,1874
2286539,1872
2287039,1875
2287539,1872
2288039,1872
2288539,1872
2289039,1873
2289539,1871
2290039,1872
2290539,1873
2291039,1872
2291539,1872
2292039,1872
2292539,1872
2293039,1872
2293539,1872
2294039,1873
2294539,1873
2295039,1875
2295539,1872
2296039,1872
2296539,1872
2297039,1872
2297539,1873
2298039,1872
2298539,1873
2299039,1871
2299539,1872
2300039,1875
2300539,1872
2301039,1872
2301539,1872
2302039,1872
2302539,1874
2303039,1872
2303539,1873
2304039,1872
2304539,1874
2305039,1872
2305539,1874
2306039,1872
2306539,1872
2307039,1872
2307539,1874
2308039,1872
2308539,1873
2309039,1872
2309539,1872
2310039,1872
2310539,1872
2311039,1872
2311539,1873
2312039,1872
2312539,1873
2313039,1872
2313539,1872
2314039,1872
2314539,1872
2315039,1872
2315539,1872
2316039,1872
2316539,1872
2317039,1872
2317539,1872
2318039,1871
2318539,1872
2319039,1872
2319539,1872
2320039,1872
2320539,1872
2321039,1872
2321539,1872
2322039,1872
2322539,1872
2323039,1872
2323539,1872
2324039,1872
2324539,1872
2325039,1873
2325539,1873
2326039,1873
2326539,1872
2327039,1873
2327539,1872
2328039,1872
2328539,1872
2329039,1873
2329539,1872
2330039,1872
2330539,1873
2331039,1871
2331539,1872
2332039,1872
2332539,1872
2333039,1872
2333539,1872
2334039,1872
2334539,1873
2335039,1872
2335539,1874
2336039,1871
2336539,1872
2337039,1873
2337539,1873
2338039,1872
2338539,1872
2339039,1877
2339539,1872
2340039,1873
2340539,1873
2341039,1871
2341539,1870
2342039,1872
2342539,1874
2343039,1873
2343539,1872
2344039,1872
2344539,1874
2345039,1872
2345539,1873
2346039,1872
2346539,1873
2347039,1872
2347539,1872
2348039,1872
2348539,1872
2349039,1872
2349539,1872
2350039,1872
2350539,1872
2351039,1871
2351539,1872
2352039,1871
2352539,1872
2353039,1873
2353539,1874
2354039,1872
2354539,1872
2355039,1874
2355539,1875
2356039,1872
2356539,1875
2357039,1872
2357539,1872
2358039,1872
2358539,1877
2359039,1874
2359539,1873
2360039,1872
2360539,1872
2361039,1873
2361539,1872
2362039,1873
2362539,1872
2363039,1870
2363539,1872
2364039,1873
2364539,1873
2365039,1872
2365539,1873
2366039,1872
2366539,1874
2367039,1873
2367539,1872
2368039,1872
2368539,1871
2369039,1872
2369539,1872
2370039,1871
2370539,1872
2371039,1873
2371539,1872
2372039,1872
2372539,1871
2373039,1874
2373539,1872
2374039,1872
2374539,1873
2375039,1872
2375539,1872
2376039,1872
2376539,1872
2377039,1872
2377539,1872
2378039,1872
2378539,1874
2379039,1873
2379539,1872
2380039,1872
2380539,1872
2381039,1872
2381539,1872
2382039,1872
2382539,1872
2383039,1872
2383539,1872
2384039,1871
2384539,1872
2385039,1872
2385539,1872
2386039,1872
2386539,1874
2387039,1872
2387539,1872
2388039,1872
2388539,1873
2389039,1873
2389539,1873
2390039,1872
2390539,1872
2391039,1872
2391539,1872
2392039,1872
2392539,1874
2393039,1873
2393539,1873
2394039,1872
2394539,1874
2395039,1873
2395539,1872
2396039,1872
2396539,1872
2397039,1872
2397539,1872
2398039,1872
2398539,1872
2399039,1872
2399539,1872
2400039,1872
2400539,1873
2401039,1873
2401539,1873
2402039,1872
2402539,1875
2403039,1872
2403539,1874
2404039,1872
2404539,1872
2405039,1872
2405539,1871
2406039,1875
2406539,1872
2407039,1872
2407539,1874
2408039,1872
2408539,1873
2409039,1872
2409539,1872
2410039,1874
2410539,1872
2411039,1872
2411539,1873
2412039,1872
2412539,1872
2413039,1872
2413539,1872
2414039,1872
2414539,1875
2415039,1873
2415539,1872
2416039,1872
2416539,1871
2417039,1872
2417539,1872
2418039,1872
2418539,1871
2419039,1872
2419539,1872
2420039,1872
2420539,1872
2421039,1872
2421539,1872
2422039,1871
2422539,1872
2423039,1872
2423539,1872
2424039,1872
2424539,1872
2425039,1874
2425539,1872
2426039,1873
2426539,1875
2427039,1872
2427539,1873
2428039,1872
2428539,1872
2429039,1872
2429539,1872
2430039,1872
2430539,1872
2431039,1871
2431539,1872
2432039,1873
2432539,1873
2433039,1873
2433539,1872
2434039,1872
2434539,1873
2435039,1874
2435539,1874
2436039,1872
2436539,1872
2437039,1872
2437539,1872
2438039,1874
2438539,1872
2439039,1872
2439539,1872
2440039,1872
2440539,1872
2441039,1872
2441539,1872
2442039,1873
2442539,1874
2443039,1872
2443539,1872
2444039,1872
2444539,1872
2445039,1872
2445539,1872
2446039,1872
2446539,1877
2447039,1875
2447539,1872
2448039,1872
2448539,1870
2449039,1872
2449539,1873
2450039,1872
2450539,1872
2451039,1872
2451539,1872
2452039,1872
2452539,1874
2453039,1873
2453539,1873
2454039,1873
2454539,1871
2455039,1872
2455539,1871
2456039,1872
2456539,1872
2457039,1871
2457539,1873
2458039,1873
2458539,1873
2459039,1872
2459539,1872
2460039,1872
2460539,1872
2461039,1872
2461539,1872
2462039,1873
2462539,1872
2463039,1872
2463539,1874
2464039,1872
2464539,1872
2465039,1872
2465539,1870
2466039,1872
2466539,1874
2467039,1872
2467539,1873
2468039,1871
2468539,1872
2469039,1872
2469539,1872
2470039,1872
2470539,1874
2471039,1872
2471539,1872
2472039,1872
2472539,1872
2473039,1872
2473539,1873
2474039,1873
2474539,1871
2475039,1873
2475539,1873
2476039,1872
2476539,1874
2477039,1872
2477539,1872
2478039,1872
2478539,1872
2479039,1873
2479539,1872
2480039,1872
2480539,1871
2481039,1872
2481539,1872
2482039,1872
2482539,1873
2483039,1873
2483539,1871
2484039,1872
2484539,1873
2485039,1871
2485539,1872
2486039,1872
2486539,1872
2487039,1871
2487539,1873
2488039,1872
2488539,1871
2489039,1872
2489539,1872
2490039,1872
2490539,1873
2491039,1871
2491539,1872
2492039,1873
2492539,1872
2493039,1872
2493539,1873
2494039,1872
2494539,1874
2495039,1872
2495539,1872
2496039,1873
2496539,1871
2497039,1872
2497539,1872
2498039,1872
2498539,1872
2499039,1872
2499539,1873
2500039,1872
2500539,1872
2501039,1873
2501539,1872
2502039,1875
2502539,1872
2503039,1873
2503539,1872
2504039,1872
2504539,1872
2505039,1873
2505539,1876
2506039,1872
2506539,1874
2507039,1872
2507539,1871
2508039,1872
2508539,1872
2509039,1874
2509539,1873
2510039,1872
2510539,1872
2511039,1872
2511539,1873
2512039,1872
2512539,1872
2513039,1872
2513539,1872
2514039,1872
2514539,1872
2515039,1872
2515539,1872
2516039,1871
2516539,1873
2517039,1872
2517539,1872
2518039,1872
2518539,1872
2519039,1872
2519539,1871
2520039,1872
2520539,1872
2521039,1873
2521539,1873
2522039,1872
2522539,1870
2523039,1870
2523539,1872
2524039,1872
2524539,1871
2525039,1871
2525539,1873
2526039,1873
2526539,1872
2527039,1872
2527539,1872
2528039,1872
2528539,1872
2529039,1874
2529539,1872
2530039,1871
2530539,1876
2531039,1871
2531539,1872
2532039,1872
2532539,1872
2533039,1872
2533539,1873
2534039,1873
2534539,1872
2535039,1872
2535539,1872
2536039,1871
2536539,1872
2537039,1872
2537539,1872
2538039,1871
2538539,1872
2539039,1872
2539539,1872
2540039,1872
2540539,1873
2541039,1872
2541539,1872
2542039,1872
2542539,1873
2543039,1872
2543539,1873
2544039,1872
2544539,1872
2545039,1872
2545539,1873
2546039,1872
2546539,1875
2547039,1872
2547539,1872
2548039,1872
2548539,1873
2549039,1872
2549539,1872
2550039,1874
2550539,1872
2551039,1874
2551539,1872
2552039,1872
2552539,1872
2553039,1872
2553539,1871
2554039,1872
2554539,1872
2555039,1871
2555539,1873
2556039,1872
2556539,1872
2557039,1871
2557539,1872
2558039,1872
2558539,1872
2559039,1872
2559539,1872
2560039,1872
2560539,1872
2561039,1874
2561539,1872
2562039,1873
2562539,1873
2563039,1874
2563539,1875
2564039,1873
2564539,1872
2565039,1872
2565539,1872
2566039,1872
2566539,1872
2567039,1872
2567539,1872
2568039,1872
2568539,1872
2569039,1872
2569539,1872
2570039,1872
2570539,1872
2571039,1873
2571539,1872
2572039,1872
2572539,1872
2573039,1877
2573539,1872
2574039,1874
2574539,1872
2575039,1872
2575539,1872
2576039,1872
2576539,1874
2577039,1872
2577539,1872
2578039,1871
2578539,1872
2579039,1872
2579539,1873
2580039,1873
2580539,1873
2581039,1873
2581539,1872
2582039,1873
2582539,1872
2583039,1871
2583539,1872
2584039,1874
2584539,1872
2585039,1873
2585539,1872
2586039,1872
2586539,1872
2587039,1874
2587539,1872
2588039,1872
2588539,1873
2589039,1869
2589539,1872
2590039,1874
2590539,1872
2591039,1872
2591539,1872
2592039,1872
2592539,1872
2593039,1872
2593539,1873
2594039,1874
2594539,1873
2595039,1872
2595539,1872
2596039,1872
2596539,1871
2597039,1877
2597539,1874
2598039,1871
2598539,1873
2599039,1872
2599539,1873
2600039,1872
2600539,1873
2601039,1875
2601539,1872
2602039,1873
2602539,1872
2603039,1873
2603539,1874
2604039,1872
2604539,1872
2605039,1872
2605539,1873
2606039,1872
2606539,1872
2607039,1872
2607539,1872
2608039,1872
2608539,1872
2609039,1873
2609539,1872
2610039,1871
2610539,1872
2611039,1872
2611539,1871
2612039,1872
2612539,1873
2613039,1872
2613539,1872
2614039,1872
2614539,1873
2615039,1871
2615539,1872
2616039,1872
2616539,1873
2617039,1872
2617539,1872
2618039,1872
2618539,1872
2619039,1872
2619539,1872
2620039,1872
2620539,1872
2621039,1876
2621539,1872
2622039,1872
2622539,1872
2623039,1872
2623539,1872
2624039,1872
2624539,1873
2625039,1872
2625539,1875
2626039,1872
2626539,1872
2627039,1873
2627539,1873
2628039,1872
2628539,1873
2629039,1873
2629539,1872
2630039,1872
2630539,1874
2631039,1872
2631539,1873
2632039,1874
2632539,1872
2633039,1872
2633539,1872
2634039,1872
2634539,1872
2635039,1872
2635539,1873
2636039,1870
2636539,1872
2637039,1872
2637539,1872
2638039,1872
2638539,1872
2639039,1873
2639539,1872
2640039,1872
2640539,1872
2641039,1872
2641539,1872
2642039,1872
2642539,1872
2643039,1872
2643539,1872
2644039,1874
2644539,1872
2645039,1873
2645539,1871
2646039,1872
2646539,1872
2647039,1872
2647539,1872
2648039,1872
2648539,1872
2649039,1872
2649539,1872
2650039,1874
2650539,1872
2651039,1873
2651539,1872
2652039,1872
2652539,1872
2653039,1872
2653539,1872
2654039,1870
2654539,1872
2655039,1872
2655539,1872
2656039,1872
2656539,1872
2657039,1872
2657539,1873
2658039,1875
2658539,1872
2659039,1873
2659539,1874
2660039,1870
2660539,1872
2661039,1872
2661539,1872
2662039,1872
2662539,1873
2663039,1872
2663539,1872
2664039,1872
2664539,1872
2665039,1872
2665539,1872
2666039,1872
2666539,1872
2667039,1871
2667539,1872
2668039,1872
2668539,1872
2669039,1874
2669539,1872
2670039,1872
2670539,1873
2671039,1874
2671539,1872
2672039,1872
2672539,1872
2673039,1873
2673539,1872
2674039,1872
2674539,1871
2675039,1873
2675539,1872
2676039,1872
2676539,1872
2677039,1873
2677539,1871
2678039,1872
2678539,1871
2679039,1872
2679539,1872
2680039,1872
2680539,1872
2681039,1872
2681539,1872
2682039,1872
2682539,1873
2683039,1874
2683539,1873
2684039,1873
2684539,1873
2685039,1872
2685539,1873
2686039,1871
2686539,1874
2687039,1872
2687539,1872
2688039,1872
2688539,1872
2689039,1876
2689539,1872
2690039,1872
2690539,1870
2691039,1872
2691539,1872
2692039,1873
2692539,1872
2693039,1874
2693539,1872
2694039,1872
2694539,1872
2695039,1869
2695539,1872
2696039,1872
2696539,1872
2697039,1872
2697539,1872
2698039,1872
2698539,1872
2699039,1873
2699539,1872
2700039,1872
2700539,1873
2701039,1872
2701539,1874
2702039,1872
2702539,1872
2703039,1872
2703539,1873
2704039,1872
2704539,1872
2705039,1874
2705539,1875
2706039,1872
2706539,1872
2707039,1872
2707539,1872
2708039,1871
2708539,1872
2709039,1872
2709539,1872
2710039,1872
2710539,1873
2711039,1871
2711539,1872
2712039,1873
2712539,1872
2713039,1873
2713539,1872
2714039,1872
2714539,1872
2715039,1874
2715539,1872
2716039,1872
2716539,1872
2717039,1872
2717539,1872
2718039,1877
2718539,1872
2719039,1871
2719539,1872
2720039,1873
2720539,1872
2721039,1873
2721539,1872
2722039,1872
2722539,1872
2723039,1872
2723539,1873
2724039,1872
2724539,1872
2725039,1872
2725539,1872
2726039,1871
2726539,1872
2727039,1872
2727539,1872
2728039,1872
2728539,1872
2729039,1873
2729539,1873
2730039,1873
2730539,1873
2731039,1872
2731539,1872
2732039,1872
2732539,1870
2733039,1872
2733539,1872
2734039,1872
2734539,1872
2735039,1872
2735539,1872
2736039,1872
2736539,1873
2737039,1872
2737539,1872
2738039,1873
2738539,1872
2739039,1873
2739539,1872
2740039,1873
2740539,1872
2741039,1872
2741539,1873
2742039,1872
2742539,1872
2743039,1871
2743539,1872
2744039,1872
2744539,1872
2745039,1872
2745539,1872
2746039,1872
2746539,1872
2747039,1872
2747539,1872
2748039,1872
2748539,1872
2749039,1872
2749539,1872
2750039,1871
2750539,1872
2751039,1874
2751539,1872
2752039,1872
2752539,1873
2753039,1874
2753539,1873
2754039,1872
2754539,1872
2755039,1871
2755539,1872
2756039,1872
2756539,1872
2757039,1872
2757539,1871
2758039,1872
2758539,1874
2759039,1871
2759539,1873
2760039,1872
2760539,1871
2761039,1871
2761539,1875
2762039,1873
2762539,1872
2763039,1872
2763539,1872
2764039,1873
2764539,1872
2765039,1872
2765539,1872
2766039,1872
2766539,1872
2767039,1872
2767539,1872
2768039,1872
2768539,1872
2769039,1872
2769539,1872
2770039,1872
2770539,1870
2771039,1872
2771539,1872
2772039,1873
2772539,1872
2773039,1872
2773539,1873
2774039,1872
2774539,1872
2775039,1872
2775539,1872
2776039,1872
2776539,1872
2777039,1872
2777539,1872
2778039,1873
2778539,1872
2779039,1872
2779539,1872
2780039,1872
2780539,1873
2781039,1872
2781539,1872
2782039,1872
2782539,1872
2783039,1872
2783539,1870
2784039,1872
2784539,1872
2785039,1873
2785539,1872
2786039,1874
2786539,1872
2787039,1875
2787539,1871
2788039,1872
2788539,1872
2789039,1873
2789539,1872
2790039,1872
2790539,1872
2791039,1875
2791539,1872
2792039,1873
2792539,1872
2793039,1873
2793539,1872
2794039,1872
2794539,1873
2795039,1875
2795539,1872
2796039,1872
2796539,1872
2797039,1872
2797539,1872
2798039,1872
2798539,1872
2799039,1872
2799539,1872
2800039,1874
2800539,1871
2801039,1872
2801539,1872
2802039,1872
2802539,1872
2803039,1872
2803539,1872
2804039,1872
2804539,1873
2805039,1872
2805539,1872
2806039,1872
2806539,1872
2807039,1872
2807539,1872
2808039,1871
2808539,1872
2809039,1872
2809539,1876
2810039,1872
2810539,1872
2811039,1872
2811539,1873
2812039,1873
2812539,1872
2813039,1872
2813539,1872
2814039,1873
2814539,1872
2815039,1872
2815539,1872
2816039,1872
2816539,1872
2817039,1872
2817539,1872
2818039,1874
2818539,1872
2819039,1874
2819539,1872
2820039,1872
2820539,1871
2821039,1871
2821539,1872
2822039,1872
2822539,1872
2823039,1872
2823539,1872
2824039,1872
2824539,1872
2825039,1872
2825539,1872
2826039,1872
2826539,1872
2827039,1872
2827539,1873
2828039,1873
2828539,1874
2829039,1872
2829539,1875
2830039,1870
2830539,1872
2831039,1874
2831539,1871
2832039,1872
2832539,1872
2833039,1872
2833539,1872
2834039,1871
2834539,1873
2835039,1872
2835539,1872
2836039,1872
2836539,1873
2837039,1872
2837539,1877
2838039,1869
2838539,1872
2839039,1872
2839539,1872
2840039,1872
2840539,1872
2841039,1872
2841539,1872
2842039,1872
2842539,1872
2843039,1872
2843539,1872
2844039,1872
2844539,1873
2845039,1874
2845539,1872
2846039,1873
2846539,1872
2847039,1872
2847539,1871
2848039,1871
2848539,1872
2849039,1872
2849539,1872
2850039,1872
2850539,1870
2851039,1872
2851539,1872
2852039,1872
2852539,1873
2853039,1872
2853539,1872
2854039,1872
2854539,1872
2855039,1872
2855539,1872
2856039,1871
2856539,1873
2857039,1873
2857539,1872
2858039,1872
2858539,1872
2859039,1872
2859539,1872
2860039,1872
2860539,1873
2861039,1872
2861539,1872
2862039,1872
2862539,1873
2863039,1872
2863539,1872
2864039,1872
2864539,1872
2865039,1872
2865539,1872
2866039,1872
2866539,1872
2867039,1873
2867539,1872
2868039,1872
2868539,1873
2869039,1872
2869539,1872
2870039,1872
2870539,1872
2871039,1872
2871539,1872
2872039,1872
2872539,1872
2873039,1873
2873539,1872
2874039,1872
2874539,1872
2875039,1872
2875539,1872
2876039,1872
2876539,1872
2877039,1872
2877539,1872
2878039,1872
2878539,1872
2879039,1872
2879539,1873
2880039,1875
2880539,1872
2881039,1872
2881539,1872
2882039,1873
2882539,1872
2883039,1876
2883539,1872
2884039,1871
2884539,1874
2885039,1873
2885539,1872
2886039,1872
2886539,1872
2887039,1872
2887539,1872
2888039,1872
2888539,1872
2889039,1872
2889539,1872
2890039,1873
2890539,1872
2891039,1872
2891539,1872
2892039,1872
2892539,1874
2893039,1872
2893539,1873
2894039,1872
2894539,1872
2895039,1873
2895539,1872
2896039,1872
2896539,1873
2897039,1872
2897539,1872
2898039,1872
2898539,1872
2899039,1872
2899539,1872
2900039,1871
2900539,1872
2901039,1873
2901539,1872
2902039,1872
2902539,1872
2903039,1872
2903539,1873
2904039,1871
2904539,1875
2905039,1874
2905539,1872
2906039,1872
2906539,1872
2907039,1872
2907539,1873
2908039,1872
2908539,1873
2909039,1872
2909539,1873
2910039,1872
2910539,1872
2911039,1872
2911539,1872
2912039,1872
2912539,1872
2913039,1873
2913539,1872
2914039,1872
2914539,1871
2915039,1872
2915539,1872
2916039,1873
2916539,1872
2917039,1872
2917539,1873
2918039,1872
2918539,1872
2919039,1874
2919539,1872
2920039,1875
2920539,1872
2921039,1872
2921539,1871
2922039,1872
2922539,1872
2923039,1873
2923539,1875
2924039,1873
2924539,1873
2925039,1873
2925539,1872
2926039,1872
2926539,1877
2927039,1872
2927539,1872
2928039,1872
2928539,1872
2929039,1872
2929539,1873
2930039,1873
2930539,1872
2931039,1873
2931539,1872
2932039,1872
2932539,1872
2933039,1872
2933539,1872
2934039,1872
2934539,1872
2935039,1872
2935539,1873
2936039,1873
2936539,1872
2937039,1874
2937539,1872
2938039,1872
2938539,1872
2939039,1873
2939539,1872
2940039,1872
2940539,1874
2941039,1872
2941539,1872
2942039,1872
2942539,1872
2943039,1874
2943539,1873
2944039,1873
2944539,1873
2945039,1873
2945539,1872
2946039,1872
2946539,1875
2947039,1872
2947539,1873
2948039,1872
2948539,1872
2949039,1872
2949539,1872
2950039,1872
2950539,1873
2951039,1872
2951539,1872
2952039,1872
2952539,1873
2953039,1872
2953539,1872
2954039,1872
2954539,1872
2955039,1871
2955539,1872
2956039,1872
2956539,1873
2957039,1874
2957539,1872
2958039,1872
2958539,1871
2959039,1872
2959539,1872
2960039,1872
2960539,1872
2961039,1872
2961539,1872
2962039,1872
2962539,1872
2963039,1872
2963539,1872
2964039,1873
2964539,1871
2965039,1873
2965539,1873
2966039,1872
2966539,1874
2967039,1878
2967539,1872
2968039,1873
2968539,1872
2969039,1872
2969539,1872
2970039,1872
2970539,1872
2971039,1872
2971539,1872
2972039,1873
2972539,1874
2973039,1872
2973539,1874
2974039,1872
2974539,1873
2975039,1878
2975539,1872
2976039,1873
2976539,1872
2977039,1872
2977539,1874
2978039,1872
2978539,1872
2979039,1872
2979539,1872
2980039,1873
2980539,1872
2981039,1872
2981539,1872
2982039,1872
2982539,1873
2983039,1872
2983539,1872
2984039,1873
2984539,1872
2985039,1871
2985539,1873
2986039,1874
2986539,1872
2987039,1872
2987539,1872
2988039,1872
2988539,1871
2989039,1872
2989539,1872
2990039,1872
2990539,1872
2991039,1873
2991539,1872
2992039,1872
2992539,1872
2993039,1872
2993539,1874
2994039,1873
2994539,1873
2995039,1872
2995539,1872
2996039,1872
2996539,1870
2997039,1874
2997539,1872
2998039,1872
2998539,1872
2999039,1872
2999539,1875
3000039,1874
3000539,1873
3001039,1871
3001539,1872
3002039,1872
3002539,1872
3003039,1874
3003539,1872
3004039,1872
3004539,1872
3005039,1872
3005539,1872
3006039,1872
3006539,1872
3007039,1872
3007539,1872
3008039,1873
3008539,1875
3009039,1872
3009539,1871
3010039,1872
3010539,1872
3011039,1876
3011539,1872
3012039,1876
3012539,1871
3013039,1872
3013539,1872
3014039,1873
3014539,1872
3015039,1869
3015539,1871
3016039,1872
3016539,1872
3017039,1872
3017539,1872
3018039,1872
3018539,1872
3019039,1872
3019539,1874
3020039,1872
3020539,1872
3021039,1872
3021539,1872
3022039,1874
3022539,1872
3023039,1872
3023539,1872
3024039,1872
3024539,1872
3025039,1871
3025539,1872
3026039,1872
3026539,1872
3027039,1874
3027539,1872
3028039,1873
3028539,1872
3029039,1872
3029539,1872
3030039,1872
3030539,1872
3031039,1873
3031539,1872
3032039,1873
3032539,1872
3033039,1873
3033539,1872
3034039,1872
3034539,1872
3035039,1872
3035539,1872
3036039,1870
3036539,1872
3037039,1872
3037539,1872
3038039,1872
3038539,1872
3039039,1873
3039539,1872
3040039,1872
3040539,1873
3041039,1872
3041539,1872
3042039,1871
3042539,1874
3043039,1872
3043539,1872
3044039,1872
3044539,1872
3045039,1874
3045539,1873
3046039,1872
3046539,1873
3047039,1872
3047539,1872
3048039,1872
3048539,1871
3049039,1872
3049539,1872
3050039,1872
3050539,1872
3051039,1871
3051539,1873
3052039,1872
3052539,1873
3053039,1871
3053539,1872
3054039,1873
3054539,1873
3055039,1873
3055539,1872
3056039,1872
3056539,1872
3057039,1871
3057539,1873
3058039,1872
3058539,1872
3059039,1871
3059539,1870
3060039,1872
3060539,1873
3061039,1872
3061539,1872
3062039,1872
3062539,1872
3063039,1872
3063539,1872
3064039,1872
3064539,1875
3065039,1872
3065539,1871
3066039,1872
3066539,1872
3067039,1872
3067539,1872
3068039,1874
3068539,1873
3069039,1872
3069539,1872
3070039,1872
3070539,1872
3071039,1872
3071539,1872
3072039,1873
3072539,1873
3073039,1872
3073539,1873
3074039,1873
3074539,1872
3075039,1872
3075539,1872
3076039,1872
3076539,1872
3077039,1871
3077539,1871
3078039,1872
3078539,1872
3079039,1875
3079539,1872
3080039,1872
3080539,1872
3081039,1876
3081539,1872
3082039,1873
3082539,1872
3083039,1872
3083539,1872
3084039,1872
3084539,1871
3085039,1872
3085539,1872
3086039,1872
3086539,1872
3087039,1872
3087539,1875
3088039,1872
3088539,1875
3089039,1873
3089539,1872
3090039,1872
3090539,1872
3091039,1872
3091539,1872
3092039,1874
3092539,1872
3093039,1871
3093539,1872
3094039,1873
3094539,1872
3095039,1872
3095539,1871
3096039,1872
3096539,1871
3097039,1872
3097539,1876
3098039,1872
3098539,1873
3099039,1872
3099539,1872
3100039,1872
3100539,1872
3101039,1872
3101539,1871
3102039,1872
3102539,1872
3103039,1873
3103539,1873
3104039,1873
3104539,1872
3105039,1872
3105539,1872
3106039,1872
3106539,1872
3107039,1872
3107539,1872
3108039,1872
3108539,1871
3109039,1873
3109539,1873
3110039,1872
3110539,1872
3111039,1873
3111539,1872
3112039,1871
3112539,1869
3113039,1872
3113539,1873
3114039,1872
3114539,1871
3115039,1872
3115539,1872
3116039,1873
3116539,1873
3117039,1872
3117539,1872
3118039,1873
3118539,1872
3119039,1872
3119539,1871
3120039,1872
3120539,1872
3121039,1872
3121539,1870
3122039,1872
3122539,1872
3123039,1872
3123539,1872
3124039,1872
3124539,1873
3125039,1872
3125539,1871
3126039,1872
3126539,1872
3127039,1872
3127539,1872
3128039,1873
3128539,1873
3129039,1873
3129539,1873
3130039,1872
3130539,1872
3131039,1872
3131539,1871
3132039,1872
3132539,1872
3133039,1872
3133539,1872
3134039,1872
3134539,1872
3135039,1872
3135539,1872
3136039,1872
3136539,1875
3137039,1872
3137539,1872
3138039,1872
3138539,1872
3139039,1872
3139539,1872
3140039,1872
3140539,1872
3141039,1872
3141539,1872
3142039,1872
3142539,1872
3143039,1872
3143539,1874
3144039,1871
3144539,1872
3145039,1872
3145539,1873
3146039,1873
3146539,1873
3147039,1873
3147539,1872
3148039,1873
3148539,1875
3149039,1872
3149539,1872
3150039,1872
3150539,1872
3151039,1875
3151539,1872
3152039,1872
3152539,1875
3153039,1871
3153539,1872
3154039,1872
3154539,1872
3155039,1872
3155539,1873
3156039,1872
3156539,1873
3157039,1872
3157539,1871
3158039,1872
3158539,1872
3159039,1872
3159539,1872
3160039,1872
3160539,1872
3161039,1872
3161539,1872
3162039,1871
3162539,1872
3163039,1872
3163539,1872
3164039,1872
3164539,1872
3165039,1872
3165539,1872
3166039,1872
3166539,1872
3167039,1875
3167539,1872
3168039,1872
3168539,1871
3169039,1872
3169539,1872
3170039,1872
3170539,1872
3171039,1872
3171539,1871
3172039,1872
3172539,1872
3173039,1872
3173539,1872
3174039,1873
3174539,1872
3175039,1872
3175539,1873
3176039,1872
3176539,1872
3177039,1872
3177539,1871
3178039,1873
3178539,1872
3179039,1874
3179539,1872
3180039,1872
3180539,1873
3181039,1872
3181539,1872
3182039,1871
3182539,1872
3183039,1872
3183539,1872
3184039,1872
3184539,1872
3185039,1871
3185539,1872
3186039,1872
3186539,1872
3187039,1871
3187539,1872
3188039,1872
3188539,1873
3189039,1873
3189539,1872
3190039,1872
3190539,1872
3191039,1872
3191539,1871
3192039,1873
3192539,1872
3193039,1872
3193539,1873
3194039,1872
3194539,1872
3195039,1873
3195539,1875
3196039,1874
3196539,1872
3197039,1872
3197539,1872
3198039,1872
3198539,1873
3199039,1872
3199539,1872
3200039,1873
3200539,1872
3201039,1872
3201539,1872
3202039,1872
3202539,1873
3203039,1872
3203539,1872
3204039,1872
3204539,1872
3205039,1872
3205539,1872
3206039,1872
3206539,1872
3207039,1874
3207539,1872
3208039,1872
3208539,1872
3209039,1875
3209539,1874
3210039,1871
3210539,1872
3211039,1872
3211539,1872
3212039,1874
3212539,1872
3213039,1871
3213539,1872
3214039,1872
3214539,1871
3215039,1872
3215539,1872
3216039,1873
3216539,1873
3217039,1872
3217539,1872
3218039,1872
3218539,1872
3219039,1874
3219539,1872
3220039,1871
3220539,1872
3221039,1873
3221539,1872
3222039,1872
3222539,1872
3223039,1872
3223539,1873
3224039,1873
3224539,1872
3225039,1872
3225539,1872
3226039,1873
3226539,1873
3227039,1872
3227539,1872
3228039,1873
3228539,1872
3229039,1873
3229539,1872
3230039,1874
3230539,1873
3231039,1872
3231539,1872
3232039,1873
3232539,1874
3233039,1872
3233539,1872
3234039,1872
3234539,1872
3235039,1872
3235539,1872
3236039,1872
3236539,1872
3237039,1872
3237539,1872
3238039,1872
3238539,1872
3239039,1872
3239539,1872
3240039,1872
3240539,1872
3241039,1872
3241539,1872
3242039,1872
3242539,1872
3243039,1873
3243539,1872
3244039,1872
3244539,1873
3245039,1872
3245539,1872
3246039,1875
3246539,1872
3247039,1872
3247539,1874
3248039,1872
3248539,1871
3249039,1872
3249539,1872
3250039,1871
3250539,1872
3251039,1872
3251539,1873
3252039,1872
3252539,1873
3253039,1872
3253539,1872
3254039,1872
3254539,1872
3255039,1872
3255539,1872
3256039,1872
3256539,1872
3257039,1872
3257539,1872
3258039,1873
3258539,1872
3259039,1872
3259539,1872
3260039,1872
3260539,1872
3261039,1872
3261539,1871
3262039,1875
3262539,1871
3263039,1872
3263539,1873
3264039,1872
3264539,1874
3265039,1871
3265539,1872
3266039,1873
3266539,1871
3267039,1872
3267539,1873
3268039,1874
3268539,1872
3269039,1872
3269539,1872
3270039,1872
3270539,1872
3271039,1872
3271539,1873
3272039,1873
3272539,1873
3273039,1872
3273539,1871
3274039,1872
3274539,1871
3275039,1872
3275539,1873
3276039,1872
3276539,1872
3277039,1873
3277539,1873
3278039,1872
3278539,1872
3279039,1872
3279539,1872
3280039,1872
3280539,1871
3281039,1872
3281539,1873
3282039,1872
3282539,1872
3283039,1872
3283539,1871
3284039,1872
3284539,1872
3285039,1872
3285539,1872
3286039,1872
3286539,1872
3287039,1872
3287539,1872
3288039,1872
3288539,1873
3289039,1872
3289539,1872
3290039,1872
3290539,1872
3291039,1872
3291539,1873
3292039,1873
3292539,1873
3293039,1870
3293539,1872
3294039,1872
3294539,1872
3295039,1872
3295539,1872
3296039,1872
3296539,1872
3297039,1873
3297539,1872
3298039,1871
3298539,1872
3299039,1872
3299539,1872
3300039,1872
3300539,1872
3301039,1870
3301539,1874
3302039,1870
3302539,1872
3303039,1872
3303539,1872
3304039,1871
3304539,1872
3305039,1872
3305539,1872
3306039,1872
3306539,1872
3307039,1872
3307539,1874
3308039,1872
3308539,1872
3309039,1872
3309539,1873
3310039,1872
3310539,1872
3311039,1871
3311539,1872
3312039,1872
3312539,1870
3313039,1872
3313539,1872
3314039,1871
3314539,1872
3315039,1872
3315539,1872
3316039,1873
3316539,1872
3317039,1872
3317539,1870
3318039,1872
3318539,1872
3319039,1872
3319539,1871
3320039,1872
3320539,1872
3321039,1872
3321539,1872
3322039,1872
3322539,1872
3323039,1872
3323539,1873
3324039,1874
3324539,1873
3325039,1872
3325539,1872
3326039,1872
3326539,1872
3327039,1873
3327539,1872
3328039,1874
3328539,1872
3329039,1873
3329539,1873
3330039,1872
3330539,1873
3331039,1872
3331539,1872
3332039,1872
3332539,1871
3333039,1873
3333539,1873
3334039,1871
3334539,1871
3335039,1872
3335539,1871
3336039,1872
3336539,1874
3337039,1872
3337539,1872
3338039,1872
3338539,1872
3339039,1872
3339539,1872
3340039,1871
3340539,1872
3341039,1872
3341539,1872
3342039,1872
3342539,1872
3343039,1872
3343539,1872
3344039,1872
3344539,1872
3345039,1872
3345539,1872
3346039,1872
3346539,1873
3347039,1874
3347539,1872
3348039,1872
3348539,1872
3349039,1874
3349539,1871
3350039,1872
3350539,1872
3351039,1872
3351539,1873
3352039,1872
3352539,1872
3353039,1872
3353539,1872
3354039,1874
3354539,1872
3355039,1872
3355539,1872
3356039,1872
3356539,1872
3357039,1870
3357539,1873
3358039,1872
3358539,1872
3359039,1872
3359539,1872
3360039,1872
3360539,1873
3361039,1872
3361539,1872
3362039,1872
3362539,1873
3363039,1872
3363539,1872
3364039,1872
3364539,1872
3365039,1875
3365539,1872
3366039,1872
3366539,1872
3367039,1872
3367539,1872
3368039,1872
3368539,1873
3369039,1874
3369539,1872
3370039,1873
3370539,1873
3371039,1873
3371539,1872
3372039,1872
3372539,1871
3373039,1872
3373539,1872
3374039,1872
3374539,1873
3375039,1873
3375539,1872
3376039,1872
3376539,1872
3377039,1872
3377539,1872
3378039,1872
3378539,1872
3379039,1872
3379539,1872
3380039,1872
3380539,1872
3381039,1873
3381539,1872
3382039,1873
3382539,1872
3383039,1871
3383539,1871
3384039,1873
3384539,1873
3385039,1873
3385539,1872
3386039,1872
3386539,1872
3387039,1871
3387539,1872
3388039,1872
3388539,1872
3389039,1872
3389539,1871
3390039,1872
3390539,1872
3391039,1872
3391539,1872
3392039,1873
3392539,1872
3393039,1872
3393539,1872
3394039,1872
3394539,1873
3395039,1872
3395539,1873
3396039,1872
3396539,1872
3397039,1872
3397539,1871
3398039,1872
3398539,1872
3399039,1872
3399539,1872
3400039,1872
3400539,1872
3401039,1872
3401539,1872
3402039,1873
3402539,1872
3403039,1872
3403539,1872
3404039,1872
3404539,1873
3405039,1872
3405539,1873
3406039,1874
3406539,1872
3407039,1873
3407539,1871
3408039,1874
3408539,1872
3409039,1872
3409539,1874
3410039,1872
3410539,1872
3411039,1872
3411539,1872
3412039,1871
3412539,1872
3413039,1872
3413539,1872
3414039,1872
3414539,1872
3415039,1872
3415539,1872
3416039,1872
3416539,1872
3417039,1872
3417539,1872
3418039,1873
3418539,1872
3419039,1872
3419539,1872
3420039,1872
3420539,1871
3421039,1872
3421539,1872
3422039,1873
3422539,1873
3423039,1871
3423539,1875
3424039,1873
3424539,1872
3425039,1872
3425539,1873
3426039,1872
3426539,1872
3427039,1871
3427539,1871
3428039,1872
3428539,1873
3429039,1872
3429539,1869
3430039,1872
3430539,1872
3431039,1872
3431539,1872
3432039,1872
3432539,1872
3433039,1872
3433539,1872
3434039,1872
3434539,1876
3435039,1872
3435539,1871
3436039,1872
3436539,1873
3437039,1872
3437539,1872
3438039,1875
3438539,1871
3439039,1872
3439539,1872
3440039,1873
3440539,1873
3441039,1873
3441539,1874
3442039,1871
3442539,1872
3443039,1872
3443539,1872
3444039,1872
3444539,1872
3445039,1872
3445539,1872
3446039,1872
3446539,1873
3447039,1872
3447539,1872
3448039,1872
3448539,1873
3449039,1872
3449539,1872
3450039,1872
3450539,1873
3451039,1872
3451539,1873
3452039,1872
3452539,1871
3453039,1872
3453539,1872
3454039,1873
3454539,1872
3455039,1872
3455539,1873
3456039,1870
3456539,1875
3457039,1872
3457539,1871
3458039,1874
3458539,1872
3459039,1872
3459539,1873
3460039,1872
3460539,1872
3461039,1872
3461539,1871
3462039,1874
3462539,1872
3463039,1872
3463539,1872
3464039,1872
3464539,1872
3465039,1872
3465539,1872
3466039,1873
3466539,1872
3467039,1872
3467539,1871
3468039,1874
3468539,1873
3469039,1874
3469539,1872
3470039,1872
3470539,1873
3471039,1872
3471539,1873
3472039,1874
3472539,1872
3473039,1873
3473539,1872
3474039,1872
3474539,1872
3475039,1872
3475539,1870
3476039,1872
3476539,1872
3477039,1873
3477539,1872
3478039,1872
3478539,1873
3479039,1873
3479539,1872
3480039,1871
3480539,1872
3481039,1872
3481539,1872
3482039,1872
3482539,1870
3483039,1874
3483539,1873
3484039,1872
3484539,1873
3485039,1872
3485539,1872
3486039,1872
3486539,1871
3487039,1870
3487539,1872
3488039,1872
3488539,1871
3489039,1872
3489539,1869
3490039,1872
3490539,1872
3491039,1874
3491539,1872
3492039,1873
3492539,1874
3493039,1872
3493539,1872
3494039,1872
3494539,1871
3495039,1872
3495539,1872
3496039,1872
3496539,1873
3497039,1870
3497539,1872
3498039,1872
3498539,1873
3499039,1872
3499539,1872
3500039,1873
3500539,1872
3501039,1872
3501539,1872
3502039,1872
3502539,1872
3503039,1872
3503539,1872
3504039,1872
3504539,1873
3505039,1872
3505539,1872
3506039,1872
3506539,1872
3507039,1872
3507539,1872
3508039,1872
3508539,1872
3509039,1872
3509539,1872
3510039,1872
3510539,1872
3511039,1872
3511539,1872
3512039,1872
3512539,1872
3513039,1873
3513539,1872
3514039,1872
3514539,1872
3515039,1873
3515539,1873
3516039,1872
3516539,1872
3517039,1872
3517539,1872
3518039,1871
3518539,1872
3519039,1872
3519539,1872
3520039,1872
3520539,1876
3521039,1873
3521539,1877
3522039,1872
3522539,1873
3523039,1872
3523539,1871
3524039,1872
3524539,1873
3525039,1872
3525539,1872
3526039,1872
3526539,1872
3527039,1872
3527539,1871
3528039,1872
3528539,1872
3529039,1872
3529539,1872
3530039,1872
3530539,1872
3531039,1872
3531539,1872
3532039,1872
3532539,1872
3533039,1875
3533539,1869
3534039,1873
3534539,1874
3535039,1872
3535539,1873
3536039,1872
3536539,1873
3537039,1872
3537539,1872
3538039,1872
3538539,1872
3539039,1873
3539539,1872
3540039,1873
3540539,1872
3541039,1872
3541539,1872
3542039,1872
3542539,1873
3543039,1872
3543539,1872
3544039,1875
3544539,1872
3545039,1874
3545539,1877
3546039,1872
3546539,1872
3547039,1872
3547539,1869
3548039,1871
3548539,1872
3549039,1871
3549539,1872
3550039,1871
3550539,1872
3551039,1872
3551539,1871
3552039,1872
3552539,1872
3553039,1872
3553539,1872
3554039,1872
3554539,1872
3555039,1872
3555539,1871
3556039,1872
3556539,1872
3557039,1872
3557539,1872
3558039,1870
3558539,1872
3559039,1872
3559539,1872
3560039,1872
3560539,1872
3561039,1872
3561539,1872
3562039,1872
3562539,1872
3563039,1877
3563539,1872
3564039,1872
3564539,1872
3565039,1872
3565539,1872
3566039,1872
3566539,1872
3567039,1872
3567539,1872
3568039,1872
3568539,1872
3569039,1872
3569539,1873
3570039,1872
3570539,1872
3571039,1875
3571539,1871
3572039,1872
3572539,1872
3573039,1872
3573539,1877
3574039,1872
3574539,1872
3575039,1872
3575539,1872
3576039,1870
3576539,1872
3577039,1872
3577539,1873
3578039,1872
3578539,1874
3579039,1874
3579539,1871
3580039,1872
3580539,1876
3581039,1872
3581539,1871
3582039,1872
3582539,1873
3583039,1872
3583539,1871
3584039,1872
3584539,1873
3585039,1872
3585539,1872
3586039,1872
3586539,1872
3587039,1872
3587539,1874
3588039,1872
3588539,1871
3589039,1872
3589539,1872
3590039,1873
3590539,1872
3591039,1873
3591539,1872
3592039,1872
3592539,1874
3593039,1873
3593539,1872
3594039,1872
3594539,1872
3595039,1872
3595539,1873
3596039,1871
3596539,1872
3597039,1872
3597539,1875
3598039,1872
3598539,1872
3599039,1872
3599539,1871
3600039,1874
3600539,1872
3601039,1872
3601539,1873
3602039,1872
3602539,1872
3603039,1872
3603539,1871
3604039,1872
3604539,1872
3605039,1872
3605539,1872
3606039,1872
3606539,1872
3607039,1872
3607539,1872
3608039,1872
3608539,1871
3609039,1870
3609539,1867
3610039,1873
3610539,1872
3611039,1871
3611539,1872
3612039,1871
3612539,1872
3613039,1874
3613539,1872
3614039,1871
3614539,1872
3615039,1873
3615539,1872
3616039,1871
3616539,1872
3617039,1872
3617539,1872
3618039,1872
3618539,1869
3619039,1872
3619539,1872
3620039,1873
3620539,1874
3621039,1872
3621539,1870
3622039,1872
3622539,1872
3623039,1872
3623539,1871
3624039,1872
3624539,1872
3625039,1873
3625539,1869
3626039,1872
3626539,1873
3627039,1872
3627539,1872
3628039,1873
3628539,1871
3629039,1872
3629539,1872
3630039,1872
3630539,1872
3631039,1873
3631539,1872
3632039,1871
3632539,1872
3633039,1872
3633539,1865
3634039,1872
3634539,1872
3635039,1873
3635539,1872
3636039,1873
3636539,1872
3637039,1872
3637539,1873
3638039,1872
3638539,1872
3639039,1873
3639539,1872
3640039,1872
3640539,1872
3641039,1873
3641539,1872
3642039,1872
3642539,1871
3643039,1872
3643539,1872
3644039,1872
3644539,1873
3645039,1872
3645539,1871
3646039,1872
3646539,1872
3647039,1873
3647539,1872
3648039,1872
3648539,1871
3649039,1872
3649539,1872
3650039,1872
3650539,1872
3651039,1873
3651539,1872
3652039,1872
3652539,1872
3653039,1872
3653539,1872
3654039,1872
3654539,1872
3655039,1872
3655539,1873
3656039,1872
3656539,1872
3657039,1872
3657539,1872
3658039,1872
3658539,1872
3659039,1872
3659539,1873
3660039,1872
3660539,1872
3661039,1872
3661539,1874
3662039,1872
3662539,1872
3663039,1873
3663539,1871
3664039,1872
3664539,1872
3665039,1872
3665539,1872
3666039,1872
3666539,1872
3667039,1872
3667539,1873
3668039,1872
3668539,1872
3669039,1873
3669539,1873
3670039,1872
3670539,1872
3671039,1872
3671539,1872
3672039,1877
3672539,1872
3673039,1872
3673539,1872
3674039,1872
3674539,1874
3675039,1872
3675539,1871
3676039,1872
3676539,1872
3677039,1872
3677539,1872
3678039,1871
3678539,1872
3679039,1871
3679539,1872
3680039,1872
3680539,1872
3681039,1872
3681539,1872
3682039,1874
3682539,1872
3683039,1872
3683539,1871
3684039,1872
3684539,1872
3685039,1873
3685539,1875
3686039,1872
3686539,1873
3687039,1873
3687539,1872
3688039,1872
3688539,1874
3689039,1872
3689539,1873
3690039,1872
3690539,1872
3691039,1872
3691539,1872
3692039,1872
3692539,1872
3693039,1872
3693539,1871
3694039,1873
3694539,1872
3695039,1872
3695539,1871
3696039,1872
3696539,1872
3697039,1872
3697539,1873
3698039,1872
3698539,1872
3699039,1872
3699539,1873
3700039,1872
3700539,1871
3701039,1872
3701539,1872
3702039,1874
3702539,1874
3703039,1875
3703539,1874
3704039,1872
3704539,1872
3705039,1872
3705539,1873
3706039,1874
3706539,1871
3707039,1874
3707539,1872
3708039,1872
3708539,1872
3709039,1872
3709539,1873
3710039,1874
3710539,1872
3711039,1870
3711539,1873
3712039,1872
3712539,1875
3713039,1872
3713539,1873
3714039,1872
3714539,1872
3715039,1867
3715539,1871
3716039,1872
3716539,1872
3717039,1872
3717539,1872
3718039,1873
3718539,1872
3719039,1872
3719539,1872
3720039,1872
3720539,1873
3721039,1873
3721539,1875
3722039,1875
3722539,1872
3723039,1872
3723539,1872
3724039,1872
3724539,1872
3725039,1872
3725539,1872
3726039,1871
3726539,1874
3727039,1872
3727539,1872
3728039,1873
3728539,1872
3729039,1872
3729539,1872
3730039,1872
3730539,1872
3731039,1872
3731539,1870
3732039,1871
3732539,1873
3733039,1872
3733539,1874
3734039,1873
3734539,1874
3735039,1872
3735539,1872
3736039,1873
3736539,1873
3737039,1874
3737539,1872
3738039,1873
3738539,1873
3739039,1872
3739539,1873
3740039,1872
3740539,1872
3741039,1872
3741539,1872
3742039,1874
3742539,1872
3743039,1872
3743539,1871
3744039,1872
3744539,1872
3745039,1872
3745539,1872
3746039,1872
3746539,1873
3747039,1872
3747539,1872
3748039,1873
3748539,1872
3749039,1873
3749539,1872
3750039,1873
3750539,1872
3751039,1872
3751539,1872
3752039,1872
3752539,1872
3753039,1872
3753539,1872
3754039,1873
3754539,1874
3755039,1872
3755539,1872
3756039,1873
3756539,1872
3757039,1872
3757539,1872
3758039,1872
3758539,1873
3759039,1872
3759539,1874
3760039,1872
3760539,1873
3761039,1872
3761539,1872
3762039,1873
3762539,1873
3763039,1872
3763539,1872
3764039,1872
3764539,1872
3765039,1872
3765539,1873
3766039,1872
3766539,1874
3767039,1872
3767539,1872
3768039,1872
3768539,1872
3769039,1872
3769539,1872
3770039,1872
3770539,1872
3771039,1872
3771539,1874
3772039,1871
3772539,1872
3773039,1872
3773539,1872
3774039,1872
3774539,1872
3775039,1872
3775539,1873
3776039,1872
3776539,1872
3777039,1872
3777539,1872
3778039,1872
3778539,1873
3779039,1872
3779539,1873
3780039,1872
3780539,1872
3781039,1872
3781539,1872
3782039,1873
3782539,1873
3783039,1872
3783539,1872
3784039,1873
3784539,1872
3785039,1873
3785539,1872
3786039,1874
3786539,1873
3787039,1872
3787539,1872
3788039,1872
3788539,1875
3789039,1872
3789539,1872
3790039,1873
3790539,1872
3791039,1872
3791539,1874
3792039,1872
3792539,1872
3793039,1872
3793539,1872
3794039,1872
3794539,1872
3795039,1874
3795539,1872
3796039,1872
3796539,1872
3797039,1872
3797539,1873
3798039,1872
3798539,1871
3799039,1873
3799539,1872
3800039,1872
3800539,1873
3801039,1872
3801539,1872
3802039,1872
3802539,1872
3803039,1871
3803539,1872
3804039,1872
3804539,1872
3805039,1872
3805539,1872
3806039,1872
3806539,1870
3807039,1873
3807539,1872
3808039,1872
3808539,1872
3809039,1872
3809539,1872
3810039,1872
3810539,1872
3811039,1875
3811539,1872
3812039,1872
3812539,1872
3813039,1872
3813539,1872
3814039,1872
3814539,1873
3815039,1871
3815539,1872
3816039,1872
3816539,1872
3817039,1872
3817539,1872
3818039,1873
3818539,1872
3819039,1872
3819539,1873
3820039,1872
3820539,1871
3821039,1872
3821539,1872
3822039,1872
3822539,1872
3823039,1872
3823539,1872
3824039,1872
3824539,1872
3825039,1872
3825539,1872
3826039,1872
3826539,1872
3827039,1872
3827539,1871
3828039,1873
3828539,1872
3829039,1874
3829539,1873
3830039,1872
3830539,1872
3831039,1871
3831539,1873
3832039,1873
3832539,1874
3833039,1873
3833539,1872
3834039,1873
3834539,1873
3835039,1872
3835539,1872
3836039,1872
3836539,1872
3837039,1872
3837539,1873
3838039,1873
3838539,1872
3839039,1872
3839539,1872
3840039,1874
3840539,1872
3841039,1873
3841539,1876
3842039,1874
3842539,1872
3843039,1874
3843539,1872
3844039,1874
3844539,1872
3845039,1872
3845539,1872
3846039,1872
3846539,1872
3847039,1872
3847539,1872
3848039,1871
3848539,1872
3849039,1874
3849539,1872
3850039,1872
3850539,1872
3851039,1873
3851539,1872
3852039,1872
3852539,1872
3853039,1872
3853539,1872
3854039,1872
3854539,1873
3855039,1872
3855539,1872
3856039,1873
3856539,1874
3857039,1872
3857539,1873
3858039,1872
3858539,1873
3859039,1872
3859539,1872
3860039,1872
3860539,1872
3861039,1873
3861539,1872
3862039,1871
3862539,1872
3863039,1872
3863539,1872
3864039,1874
3864539,1873
3865039,1872
3865539,1873
3866039,1872
3866539,1872
3867039,1872
3867539,1872
3868039,1872
3868539,1873
3869039,1872
3869539,1872
3870039,1871
3870539,1872
3871039,1872
3871539,1871
3872039,1872
3872539,1872
3873039,1872
3873539,1872
3874039,1875
3874539,1872
3875039,1872
3875539,1873
3876039,1872
3876539,1872
3877039,1872
3877539,1872
3878039,1872
3878539,1872
3879039,1872
3879539,1872
3880039,1872
3880539,1873
3881039,1872
3881539,1872
3882039,1872
3882539,1872
3883039,1872
3883539,1872
3884039,1872
3884539,1872
3885039,1872
3885539,1872
3886039,1875
3886539,1872
3887039,1872
3887539,1872
3888039,1872
3888539,1872
3889039,1872
3889539,1872
3890039,1872
3890539,1872
3891039,1872
3891539,1873
3892039,1875
3892539,1872
3893039,1872
3893539,1874
3894039,1872
3894539,1872
3895039,1875
3895539,1873
3896039,1871
3896539,1873
3897039,1872
3897539,1871
3898039,1872
3898539,1872
3899039,1872
3899539,1872
3900039,1872
3900539,1872
3901039,1872
3901539,1872
3902039,1872
3902539,1872
3903039,1873
3903539,1872
3904039,1872
3904539,1872
3905039,1872
3905539,1871
3906039,1872
3906539,1873
3907039,1872
3907539,1872
3908039,1872
3908539,1872
3909039,1872
3909539,1872
3910039,1872
3910539,1872
3911039,1873
3911539,1873
3912039,1872
3912539,1873
3913039,1873
3913539,1872
3914039,1872
3914539,1872
3915039,1872
3915539,1872
3916039,1874
3916539,1872
3917039,1875
3917539,1872
3918039,1873
3918539,1873
3919039,1872
3919539,1872
3920039,1873
3920539,1872
3921039,1872
3921539,1872
3922039,1872
3922539,1872
3923039,1873
3923539,1872
3924039,1872
3924539,1872
3925039,1872
3925539,1872
3926039,1872
3926539,1872
3927039,1872
3927539,1872
3928039,1872
3928539,1872
3929039,1872
3929539,1872
3930039,1874
3930539,1872
3931039,1872
3931539,1871
3932039,1872
3932539,1872
3933039,1873
3933539,1871
3934039,1873
3934539,1872
3935039,1872
3935539,1872
3936039,1873
3936539,1872
3937039,1872
3937539,1872
3938039,1872
3938539,1872
3939039,1872
3939539,1871
3940039,1873
3940539,1874
3941039,1872
3941539,1872
3942039,1871
3942539,1872
3943039,1873
3943539,1871
3944039,1872
3944539,1874
3945039,1872
3945539,1872
3946039,1872
3946539,1872
3947039,1872
3947539,1871
3948039,1874
3948539,1872
3949039,1872
3949539,1873
3950039,1872
3950539,1872
3951039,1872
3951539,1874
3952039,1872
3952539,1870
3953039,1874
3953539,1872
3954039,1871
3954539,1872
3955039,1872
3955539,1872
3956039,1872
3956539,1873
3957039,1872
3957539,1872
3958039,1872
3958539,1872
3959039,1873
3959539,1872
3960039,1872
3960539,1873
3961039,1871
3961539,1872
3962039,1873
3962539,1872
3963039,1873
3963539,1873
3964039,1872
3964539,1872
3965039,1872
3965539,1872
3966039,1872
3966539,1872
3967039,1873
3967539,1872
3968039,1873
3968539,1873
3969039,1872
3969539,1872
3970039,1875
3970539,1873
3971039,1872
3971539,1872
3972039,1872
3972539,1872
3973039,1872
3973539,1872
3974039,1872
3974539,1874
3975039,1872
3975539,1873
3976039,1872
3976539,1872
3977039,1872
3977539,1872
3978039,1872
3978539,1872
3979039,1872
3979539,1872
3980039,1872
3980539,1872
3981039,1872
3981539,1873
3982039,1872
3982539,1872
3983039,1872
3983539,1872
3984039,1873
3984539,1871
3985039,1872
3985539,1874
3986039,1872
3986539,1872
3987039,1873
3987539,1872
3988039,1871
3988539,1872
3989039,1873
3989539,1873
3990039,1872
3990539,1872
3991039,1872
3991539,1872
3992039,1871
3992539,1873
3993039,1872
3993539,1872
3994039,1872
3994539,1872
3995039,1872
3995539,1871
3996039,1872
3996539,1872
3997039,1872
3997539,1872
3998039,1873
3998539,1872
3999039,1872
3999539,1872
4000039,1872
4000539,1875
4001039,1874
4001539,1872
4002039,1873
4002539,1873
4003039,1872
4003539,1872
4004039,1873
4004539,1871
4005039,1872
4005539,1871
4006039,1872
4006539,1872
4007039,1872
4007539,1872
4008039,1872
4008539,1872
4009039,1872
4009539,1872
4010039,1873
4010539,1872
4011039,1872
4011539,1871
4012039,1872
4012539,1873
4013039,1872
4013539,1872
4014039,1872
4014539,1872
4015039,1875
4015539,1871
4016039,1873
4016539,1874
4017039,1872
4017539,1873
4018039,1872
4018539,1872
4019039,1873
4019539,1872
4020039,1872
4020539,1872
4021039,1872
4021539,1873
4022039,1872
4022539,1872
4023039,1872
4023539,1872
4024039,1872
4024539,1872
4025039,1873
4025539,1870
4026039,1873
4026539,1872
4027039,1872
4027539,1872
4028039,1872
4028539,1872
4029039,1872
4029539,1872
4030039,1872
4030539,1872
4031039,1872
4031539,1872
4032039,1872
4032539,1872
4033039,1872
4033539,1872
4034039,1872
4034539,1872
4035039,1872
4035539,1872
4036039,1872
4036539,1871
4037039,1872
4037539,1872
4038039,1872
4038539,1872
4039039,1872
4039539,1874
4040039,1873
4040539,1872
4041039,1872
4041539,1872
4042039,1872
4042539,1872
4043039,1872
4043539,1872
4044039,1872
4044539,1872
4045039,1872
4045539,1873
4046039,1872
4046539,1872
4047039,1872
4047539,1872
4048039,1872
4048539,1872
4049039,1872
4049539,1872
4050039,1872
4050539,1871
4051039,1875
4051539,1872
4052039,1873
4052539,1873
4053039,1871
4053539,1873
4054039,1872
4054539,1872
4055039,1872
4055539,1872
4056039,1874
4056539,1873
4057039,1872
4057539,1872
4058039,1872
4058539,1873
4059039,1873
4059539,1872
4060039,1872
4060539,1873
4061039,1872
4061539,1874
4062039,1873
4062539,1873
4063039,1873
4063539,1873
4064039,1872
4064539,1872
4065039,1870
4065539,1872
4066039,1872
4066539,1872
4067039,1872
4067539,1872
4068039,1872
4068539,1871
4069039,1872
4069539,1872
4070039,1872
4070539,1874
4071039,1873
4071539,1872
4072039,1872
4072539,1872
4073039,1872
4073539,1873
4074039,1872
4074539,1872
4075039,1872
4075539,1872
4076039,1872
4076539,1872
4077039,1872
4077539,1872
4078039,1872
4078539,1872
4079039,1873
4079539,1870
4080039,1872
4080539,1872
4081039,1872
4081539,1876
4082039,1872
4082539,1874
4083039,1872
4083539,1872
4084039,1873
4084539,1871
4085039,1873
4085539,1872
4086039,1872
4086539,1872
4087039,1872
4087539,1872
4088039,1872
4088539,1872
4089039,1872
4089539,1874
4090039,1877
4090539,1872
4091039,1872
4091539,1872
4092039,1872
4092539,1872
4093039,1873
4093539,1872
4094039,1872
4094539,1872
4095039,1872
4095539,1872
4096039,1872
4096539,1871
4097039,1872
4097539,1872
4098039,1872
4098539,1872
4099039,1872
4099539,1872
4100039,1869
4100539,1873
4101039,1872
4101539,1871
4102039,1872
4102539,1872
4103039,1872
4103539,1873
4104039,1872
4104539,1872
4105039,1874
4105539,1872
4106039,1872
4106539,1872
4107039,1872
4107539,1870
4108039,1872
4108539,1872
4109039,1873
4109539,1872
4110039,1872
4110539,1872
4111039,1872
4111539,1872
4112039,1874
4112539,1872
4113039,1872
4113539,1872
4114039,1872
4114539,1872
4115039,1872
4115539,1872
4116039,1872
4116539,1872
4117039,1872
4117539,1872
4118039,1872
4118539,1872
4119039,1874
4119539,1872
4120039,1873
4120539,1872
4121039,1874
4121539,1874
4122039,1872
4122539,1872
4123039,1874
4123539,1872
4124039,1872
4124539,1873
4125039,1872
4125539,1872
4126039,1875
4126539,1877
4127039,1872
4127539,1871
4128039,1874
4128539,1872
4129039,1872
4129539,1873
4130039,1873
4130539,1872
4131039,1872
4131539,1872
4132039,1872
4132539,1872
4133039,1872
4133539,1871
4134039,1873
4134539,1874
4135039,1873
4135539,1872
4136039,1872
4136539,1872
4137039,1872
4137539,1872
4138039,1875
4138539,1872
4139039,1872
4139539,1872
4140039,1873
4140539,1872
4141039,1873
4141539,1872
4142039,1872
4142539,1871
4143039,1873
4143539,1872
4144039,1872
4144539,1872
4145039,1874
4145539,1874
4146039,1873
4146539,1872
4147039,1872
4147539,1872
4148039,1874
4148539,1872
4149039,1872
4149539,1872
4150039,1872
4150539,1872
4151039,1873
4151539,1872
4152039,1872
4152539,1873
4153039,1874
4153539,1872
4154039,1872
4154539,1873
4155039,1873
4155539,1872
4156039,1874
4156539,1873
4157039,1874
4157539,1872
4158039,1873
4158539,1874
4159039,1872
4159539,1872
4160039,1873
4160539,1874
4161039,1872
4161539,1871
4162039,1872
4162539,1873
4163039,1873
4163539,1873
4164039,1874
4164539,1872
4165039,1872
4165539,1873
4166039,1875
4166539,1873
4167039,1871
4167539,1872
4168039,1876
4168539,1874
4169039,1872
4169539,1872
4170039,1876
4170539,1874
4171039,1872
4171539,1872
4172039,1875
4172539,1872
4173039,1872
4173539,1872
4174039,1869
4174539,1872
4175039,1872
4175539,1872
4176039,1872
4176539,1872
4177039,1872
4177539,1872
4178039,1872
4178539,1874
4179039,1872
4179539,1872
4180039,1874
4180539,1872
4181039,1874
4181539,1874
4182039,1872
4182539,1872
4183039,1872
4183539,1872
4184039,1872
4184539,1872
4185039,1872
4185539,1872
4186039,1871
4186539,1872
4187039,1872
4187539,1872
4188039,1872
4188539,1872
4189039,1873
4189539,1872
4190039,1871
4190539,1873
4191039,1871
4191539,1870
4192039,1875
4192539,1874
4193039,1872
4193539,1872
4194039,1872
4194539,1874
4195039,1872
4195539,1873
4196039,1875
4196539,1872
4197039,1872
4197539,1874
4198039,1872
4198539,1872
4199039,1872
4199539,1872
4200039,1872
4200539,1872
4201039,1872
4201539,1872
4202039,1873
4202539,1873
4203039,1872
4203539,1872
4204039,1872
4204539,1872
4205039,1872
4205539,1872
4206039,1872
4206539,1872
4207039,1872
4207539,1872
4208039,1872
4208539,1873
4209039,1870
4209539,1872
4210039,1873
4210539,1872
4211039,1872
4211539,1872
4212039,1871
4212539,1875
4213039,1872
4213539,1874
4214039,1873
4214539,1872
4215039,1872
4215539,1872
4216039,1873
4216539,1872
4217039,1872
4217539,1873
4218039,1873
4218539,1872
4219039,1874
4219539,1873
4220039,1877
4220539,1873
4221039,1872
4221539,1872
4222039,1872
4222539,1872
4223039,1872
4223539,1871
4224039,1872
4224539,1872
4225039,1872
4225539,1872
4226039,1872
4226539,1872
4227039,1872
4227539,1872
4228039,1872
4228539,1872
4229039,1871
4229539,1874
4230039,1873
4230539,1872
4231039,1872
4231539,1872
4232039,1874
4232539,1874
4233039,1872
4233539,1872
4234039,1872
4234539,1873
4235039,1872
4235539,1872
4236039,1872
4236539,1872
4237039,1872
4237539,1873
4238039,1872
4238539,1874
4239039,1873
4239539,1872
4240039,1875
4240539,1872
4241039,1872
4241539,1872
4242039,1870
4242539,1872
4243039,1872
4243539,1874
4244039,1872
4244539,1873
4245039,1875
4245539,1872
4246039,1869
4246539,1872
4247039,1872
4247539,1872
4248039,1872
4248539,1872
4249039,1873
4249539,1872
4250039,1876
4250539,1874
4251039,1872
4251539,1872
4252039,1872
4252539,1872
4253039,1872
4253539,1872
4254039,1874
4254539,1872
4255039,1872
4255539,1875
4256039,1876
4256539,1877
4257039,1873
4257539,1871
4258039,1872
4258539,1872
4259039,1872
4259539,1872
4260039,1870
4260539,1873
4261039,1872
4261539,1875
4262039,1873
4262539,1872
4263039,1873
4263539,1874
4264039,1872
4264539,1872
4265039,1873
4265539,1872
4266039,1873
4266539,1873
4267039,1872
4267539,1872
4268039,1871
4268539,1872
4269039,1872
4269539,1874
4270039,1873
4270539,1873
4271039,1872
4271539,1873
4272039,1873
4272539,1876
4273039,1872
4273539,1872
4274039,1870
4274539,1872
4275039,1872
4275539,1872
4276039,1872
4276539,1872
4277039,1872
4277539,1872
4278039,1874
4278539,1875
4279039,1873
4279539,1872
4280039,1872
4280539,1873
4281039,1872
4281539,1873
4282039,1871
4282539,1872
4283039,1872
4283539,1873
4284039,1874
4284539,1873
4285039,1872
4285539,1872
4286039,1874
4286539,1872
4287039,1873
4287539,1872
4288039,1872
4288539,1872
4289039,1872
4289539,1872
4290039,1872
4290539,1872
4291039,1872
4291539,1872
4292039,1872
4292539,1872
4293039,1873
4293539,1872
4294039,1872
4294539,1872
4295039,1872
4295539,1872
4296039,1872
4296539,1872
4297039,1872
4297539,1872
4298039,1872
4298539,1872
4299039,1872
4299539,1872
4300039,1872
4300539,1873
4301039,1872
4301539,1872
4302039,1872
4302539,1873
4303039,1875
4303539,1872
4304039,1871
4304539,1873
4305039,1873
4305539,1872
4306039,1872
4306539,1872
4307039,1872
4307539,1875
4308039,1873
4308539,1872
4309039,1872
4309539,1872
4310039,1874
4310539,1872
4311039,1873
4311539,1873
4312039,1870
4312539,1874
4313039,1872
4313539,1873
4314039,1872
4314539,1872
4315039,1872
4315539,1872
4316039,1873
4316539,1872
4317039,1871
4317539,1872
4318039,1872
4318539,1872
4319039,1872
4319539,1872
4320039,1872
4320539,1872
4321039,1872
4321539,1873
4322039,1872
4322539,1872
4323039,1872
4323539,1872
4324039,1871
4324539,1871
4325039,1872
4325539,1872
4326039,1875
4326539,1875
4327039,1872
4327539,1872
4328039,1874
4328539,1872
4329039,1872
4329539,1872
4330039,1872
4330539,1871
4331039,1872
4331539,1872
4332039,1873
4332539,1870
4333039,1872
4333539,1872
4334039,1872
4334539,1871
4335039,1872
4335539,1873
4336039,1872
4336539,1871
4337039,1872
4337539,1872
4338039,1872
4338539,1874
4339039,1872
4339539,1872
4340039,1872
4340539,1874
4341039,1872
4341539,1872
4342039,1872
4342539,1873
4343039,1872
4343539,1873
4344039,1872
4344539,1872
4345039,1872
4345539,1871
4346039,1872
4346539,1872
4347039,1872
4347539,1872
4348039,1872
4348539,1873
4349039,1872
4349539,1873
4350039,1873
4350539,1873
4351039,1872
4351539,1872
4352039,1872
4352539,1872
4353039,1872
4353539,1873
4354039,1872
4354539,1871
4355039,1873
4355539,1872
4356039,1873
4356539,1873
4357039,1873
4357539,1873
4358039,1872
4358539,1871
4359039,1872
4359539,1872
4360039,1873
4360539,1872
4361039,1871
4361539,1873
4362039,1874
4362539,1872
4363039,1872
4363539,1873
4364039,1872
4364539,1872
4365039,1872
4365539,1874
4366039,1872
4366539,1875
4367039,1873
4367539,1872
4368039,1872
4368539,1872
4369039,1872
4369539,1873
4370039,1871
4370539,1872
4371039,1873
4371539,1874
4372039,1872
4372539,1874
4373039,1872
4373539,1872
4374039,1872
4374539,1872
4375039,1872
4375539,1872
4376039,1873
4376539,1872
4377039,1872
4377539,1873
4378039,1872
4378539,1873
4379039,1872
4379539,1872
4380039,1872
4380539,1872
4381039,1872
4381539,1872
4382039,1872
4382539,1871
4383039,1872
4383539,1871
4384039,1872
4384539,1872
4385039,1871
4385539,1873
4386039,1873
4386539,1872
4387039,1872
4387539,1874
4388039,1873
4388539,1872
4389039,1872
4389539,1874
4390039,1873
4390539,1872
4391039,1872
4391539,1874
4392039,1872
4392539,1872
4393039,1872
4393539,1872
4394039,1872
4394539,1872
4395039,1872
4395539,1872
4396039,1871
4396539,1872
4397039,1872
4397539,1872
4398039,1872
4398539,1875
4399039,1874
4399539,1873
4400039,1872
4400539,1872
4401039,1872
4401539,1873
4402039,1872
4402539,1872
4403039,1872
4403539,1872
4404039,1872
4404539,1872
4405039,1873
4405539,1872
4406039,1873
4406539,1872
4407039,1873
4407539,1874
4408039,1873
4408539,1872
4409039,1870
4409539,1873
4410039,1872
4410539,1872
4411039,1871
4411539,1872
4412039,1873
4412539,1873
4413039,1873
4413539,1872
4414039,1871
4414539,1872
4415039,1872
4415539,1872
4416039,1872
4416539,1871
4417039,1872
4417539,1872
4418039,1872
4418539,1871
4419039,1872
4419539,1872
4420039,1872
4420539,1872
4421039,1872
4421539,1872
4422039,1873
4422539,1872
4423039,1872
4423539,1872
4424039,1872
4424539,1870
4425039,1871
4425539,1872
4426039,1871
4426539,1873
4427039,1872
4427539,1872
4428039,1872
4428539,1875
4429039,1872
4429539,1872
4430039,1872
4430539,1872
4431039,1872
4431539,1873
4432039,1872
4432539,1872
4433039,1872
4433539,1873
4434039,1872
4434539,1873
4435039,1872
4435539,1872
4436039,1872
4436539,1872
4437039,1874
4437539,1873
4438039,1874
4438539,1872
4439039,1872
4439539,1872
4440039,1872
4440539,1871
4441039,1873
4441539,1872
4442039,1872
4442539,1872
4443039,1872
4443539,1873
4444039,1873
4444539,1872
4445039,1871
4445539,1872
4446039,1873
4446539,1872
4447039,1872
4447539,1872
4448039,1872
4448539,1872
4449039,1872
4449539,1872
4450039,1872
4450539,1870
4451039,1872
4451539,1872
4452039,1872
4452539,1872
4453039,1872
4453539,1872
4454039,1872
4454539,1875
4455039,1872
4455539,1872
4456039,1874
4456539,1873
4457039,1872
4457539,1872
4458039,1872
4458539,1872
4459039,1872
4459539,1872
4460039,1873
4460539,1872
4461039,1872
4461539,1872
4462039,1872
4462539,1872
4463039,1872
4463539,1872
4464039,1873
4464539,1872
4465039,1873
4465539,1872
4466039,1873
4466539,1872
4467039,1872
4467539,1873
4468039,1872
4468539,1873
4469039,1872
4469539,1873
4470039,1872
4470539,1872
4471039,1872
4471539,1872
4472039,1872
4472539,1872
4473039,1873
4473539,1872
4474039,1872
4474539,1872
4475039,1872
4475539,1873
4476039,1872
4476539,1873
4477039,1872
4477539,1873
4478039,1872
4478539,1872
4479039,1873
4479539,1872
4480039,1873
4480539,1874
4481039,1872
4481539,1872
4482039,1872
4482539,1877
4483039,1872
4483539,1872
4484039,1873
4484539,1872
4485039,1872
4485539,1874
4486039,1873
4486539,1872
4487039,1873
4487539,1872
4488039,1872
4488539,1873
4489039,1872
4489539,1872
4490039,1873
4490539,1874
4491039,1872
4491539,1872
4492039,1872
4492539,1872
4493039,1872
4493539,1873
4494039,1874
4494539,1872
4495039,1872
4495539,1872
4496039,1872
4496539,1874
4497039,1872
4497539,1872
4498039,1874
4498539,1872
4499039,1874
4499539,1872
4500039,1873
4500539,1872
4501039,1872
4501539,1872
4502039,1872
4502539,1872
4503039,1872
4503539,1872
4504039,1872
4504539,1872
4505039,1874
4505539,1873
4506039,1872
4506539,1872
4507039,1872
4507539,1872
4508039,1873
4508539,1872
4509039,1872
4509539,1872
4510039,1872
4510539,1872
4511039,1872
4511539,1872
4512039,1872
4512539,1873
4513039,1872
4513539,1871
4514039,1876
4514539,1873
4515039,1872
4515539,1872
4516039,1872
4516539,1872
4517039,1872
4517539,1873
4518039,1872
4518539,1872
4519039,1873
4519539,1872
4520039,1874
4520539,1872
4521039,1872
4521539,1872
4522039,1872
4522539,1872
4523039,1872
4523539,1872
4524039,1874
4524539,1872
4525039,1872
4525539,1874
4526039,1873
4526539,1872
4527039,1872
4527539,1871
4528039,1872
4528539,1872
4529039,1872
4529539,1872
4530039,1872
4530539,1872
4531039,1873
4531539,1872
4532039,1872
4532539,1872
4533039,1873
4533539,1873
4534039,1872
4534539,1871
4535039,1872
4535539,1873
4536039,1874
4536539,1873
4537039,1873
4537539,1872
4538039,1872
4538539,1872
4539039,1872
4539539,1872
4540039,1872
4540539,1872
4541039,1872
4541539,1872
4542039,1871
4542539,1873
4543039,1871
4543539,1872
4544039,1872
4544539,1873
4545039,1872
4545539,1872
4546039,1872
4546539,1872
4547039,1871
4547539,1872
4548039,1873
4548539,1872
4549039,1872
4549539,1872
4550039,1874
4550539,1872
4551039,1872
4551539,1872
4552039,1872
4552539,1872
4553039,1872
4553539,1872
4554039,1872
4554539,1872
4555039,1872
4555539,1872
4556039,1872
4556539,1875
4557039,1872
4557539,1872
4558039,1872
4558539,1872
4559039,1873
4559539,1873
4560039,1871
4560539,1873
4561039,1873
4561539,1872
4562039,1873
4562539,1872
4563039,1872
4563539,1873
4564039,1872
4564539,1872
4565039,1871
4565539,1872
4566039,1872
4566539,1873
4567039,1872
4567539,1872
4568039,1874
4568539,1872
4569039,1872
4569539,1872
4570039,1872
4570539,1874
4571039,1872
4571539,1872
4572039,1872
4572539,1873
4573039,1874
4573539,1872
4574039,1872
4574539,1872
4575039,1873
4575539,1872
4576039,1872
4576539,1873
4577039,1872
4577539,1872
4578039,1875
4578539,1871
4579039,1872
4579539,1872
4580039,1872
4580539,1872
4581039,1875
4581539,1872
4582039,1872
4582539,1872
4583039,1872
4583539,1873
4584039,1872
4584539,1873
4585039,1872
4585539,1872
4586039,1872
4586539,1872
4587039,1875
4587539,1872
4588039,1872
4588539,1872
4589039,1872
4589539,1872
4590039,1872
4590539,1872
4591039,1871
4591539,1872
4592039,1872
4592539,1872
4593039,1872
4593539,1872
4594039,1872
4594539,1875
4595039,1872
4595539,1874
4596039,1871
4596539,1873
4597039,1872
4597539,1873
4598039,1872
4598539,1872
4599039,1872
4599539,1872
4600039,1872
4600539,1872
4601039,1872
4601539,1871
4602039,1872
4602539,1872
4603039,1872
4603539,1873
4604039,1873
4604539,1872
4605039,1872
4605539,1872
4606039,1872
4606539,1872
4607039,1872
4607539,1874
4608039,1873
4608539,1871
4609039,1872
4609539,1874
4610039,1872
4610539,1872
4611039,1872
4611539,1873
4612039,1872
4612539,1873
4613039,1872
4613539,1872
4614039,1873
4614539,1872
4615039,1872
4615539,1872
4616039,1872
4616539,1872
4617039,1870
4617539,1873
4618039,1872
4618539,1871
4619039,1872
4619539,1872
4620039,1872
4620539,1872
4621039,1872
4621539,1872
4622039,1872
4622539,1872
4623039,1872
4623539,1872
4624039,1872
4624539,1872
4625039,1872
4625539,1872
4626039,1872
4626539,1871
4627039,1872
4627539,1871
4628039,1872
4628539,1874
4629039,1873
4629539,1872
4630039,1872
4630539,1872
4631039,1872
4631539,1872
4632039,1871
4632539,1872
4633039,1872
4633539,1872
4634039,1872
4634539,1870
4635039,1872
4635539,1872
4636039,1872
4636539,1872
4637039,1874
4637539,1872
4638039,1872
4638539,1872
4639039,1871
4639539,1872
4640039,1871
4640539,1872
4641039,1873
4641539,1872
4642039,1872
4642539,1874
4643039,1872
4643539,1872
4644039,1872
4644539,1872
4645039,1873
4645539,1872
4646039,1871
4646539,1872
4647039,1874
4647539,1872
4648039,1872
4648539,1872
4649039,1872
4649539,1872
4650039,1873
4650539,1872
4651039,1873
4651539,1872
4652039,1872
4652539,1872
4653039,1872
4653539,1872
4654039,1872
4654539,1873
4655039,1871
4655539,1872
4656039,1872
4656539,1872
4657039,1872
4657539,1872
4658039,1872
4658539,1872
4659039,1871
4659539,1872
4660039,1872
4660539,1875
4661039,1872
4661539,1872
4662039,1872
4662539,1872
4663039,1873
4663539,1873
4664039,1872
4664539,1872
4665039,1871
4665539,1870
4666039,1872
4666539,1871
4667039,1872
4667539,1872
4668039,1872
4668539,1872
4669039,1872
4669539,1872
4670039,1873
4670539,1874
4671039,1872
4671539,1872
4672039,1872
4672539,1874
4673039,1871
4673539,1873
4674039,1871
4674539,1873
4675039,1872
4675539,1873
4676039,1872
4676539,1872
4677039,1872
4677539,1872
4678039,1872
4678539,1874
4679039,1872
4679539,1872
4680039,1872
4680539,1872
4681039,1872
4681539,1872
4682039,1872
4682539,1873
4683039,1872
4683539,1872
4684039,1873
4684539,1872
4685039,1872
4685539,1872
4686039,1872
4686539,1871
4687039,1872
4687539,1873
4688039,1872
4688539,1873
4689039,1873
4689539,1872
4690039,1872
4690539,1873
4691039,1872
4691539,1872
4692039,1870
4692539,1872
4693039,1872
4693539,1872
4694039,1872
4694539,1869
4695039,1872
4695539,1872
4696039,1873
4696539,1874
4697039,1872
4697539,1872
4698039,1872
4698539,1871
4699039,1872
4699539,1872
4700039,1872
4700539,1873
4701039,1872
4701539,1872
4702039,1877
4702539,1872
4703039,1874
4703539,1872
4704039,1873
4704539,1872
4705039,1872
4705539,1872
4706039,1872
4706539,1872
4707039,1872
4707539,1872
4708039,1872
4708539,1872
4709039,1872
4709539,1872
4710039,1872
4710539,1873
4711039,1872
4711539,1872
4712039,1872
4712539,1872
4713039,1872
4713539,1872
4714039,1872
4714539,1874
4715039,1872
4715539,1872
4716039,1872
4716539,1872
4717039,1872
4717539,1872
4718039,1872
4718539,1873
4719039,1872
4719539,1872
4720039,1871
4720539,1872
4721039,1874
4721539,1872
4722039,1873
4722539,1872
4723039,1874
4723539,1872
4724039,1872
4724539,1872
4725039,1872
4725539,1872
4726039,1873
4726539,1872
4727039,1872
4727539,1872
4728039,1872
4728539,1871
4729039,1872
4729539,1872
4730039,1872
4730539,1872
4731039,1872
4731539,1872
4732039,1872
4732539,1873
4733039,1873
4733539,1872
4734039,1872
4734539,1875
4735039,1872
4735539,1873
4736039,1872
4736539,1874
4737039,1874
4737539,1872
4738039,1871
4738539,1873
4739039,1872
4739539,1872
4740039,1872
4740539,1871
4741039,1872
4741539,1872
4742039,1872
4742539,1872
4743039,1872
4743539,1873
4744039,1874
4744539,1872
4745039,1872
4745539,1874
4746039,1872
4746539,1873
4747039,1872
4747539,1872
4748039,1872
4748539,1870
4749039,1872
4749539,1872
4750039,1872
4750539,1875
4751039,1871
4751539,1873
4752039,1872
4752539,1872
4753039,1872
4753539,1872
4754039,1872
4754539,1872
4755039,1872
4755539,1872
4756039,1872
4756539,1872
4757039,1875
4757539,1872
4758039,1872
4758539,1871
4759039,1872
4759539,1873
4760039,1874
4760539,1872
4761039,1872
4761539,1872
4762039,1872
4762539,1874
4763039,1872
4763539,1873
4764039,1872
4764539,1872
4765039,1873
4765539,1872
4766039,1872
4766539,1877
4767039,1872
4767539,1872
4768039,1872
4768539,1871
4769039,1872
4769539,1872
4770039,1872
4770539,1872
4771039,1873
4771539,1872
4772039,1872
4772539,1873
4773039,1872
4773539,1872
4774039,1872
4774539,1872
4775039,1872
4775539,1873
4776039,1873
4776539,1871
4777039,1872
4777539,1872
4778039,1872
4778539,1873
4779039,1872
4779539,1872
4780039,1873
4780539,1872
4781039,1872
4781539,1872
4782039,1872
4782539,1873
4783039,1872
4783539,1872
4784039,1873
4784539,1872
4785039,1872
4785539,1872
4786039,1872
4786539,1873
4787039,1872
4787539,1872
4788039,1872
4788539,1872
4789039,1872
4789539,1872
4790039,1872
4790539,1874
4791039,1872
4791539,1872
4792039,1871
4792539,1874
4793039,1872
4793539,1872
4794039,1873
4794539,1869
4795039,1872
4795539,1872
4796039,1874
4796539,1874
4797039,1872
4797539,1871
4798039,1872
4798539,1872
4799039,1872
4799539,1872
4800039,1872
4800539,1871
4801039,1875
4801539,1872
4802039,1872
4802539,1872
4803039,1872
4803539,1874
4804039,1872
4804539,1873
4805039,1873
4805539,1872
4806039,1872
4806539,1871
4807039,1872
4807539,1872
4808039,1873
4808539,1872
4809039,1872
4809539,1872
4810039,1872
4810539,1875
4811039,1872
4811539,1872
4812039,1872
4812539,1873
4813039,1872
4813539,1872
4814039,1872
4814539,1872
4815039,1873
4815539,1872
4816039,1871
4816539,1872
4817039,1872
4817539,1872
4818039,1872
4818539,1874
4819039,1872
4819539,1872
4820039,1872
4820539,1872
4821039,1872
4821539,1872
4822039,1872
4822539,1871
4823039,1872
4823539,1872
4824039,1872
4824539,1871
4825039,1872
4825539,1872
4826039,1870
4826539,1873
4827039,1873
4827539,1871
4828039,1872
4828539,1871
4829039,1872
4829539,1872
4830039,1872
4830539,1872
4831039,1873
4831539,1872
4832039,1872
4832539,1874
4833039,1873
4833539,1872
4834039,1872
4834539,1873
4835039,1872
4835539,1872
4836039,1872
4836539,1872
4837039,1873
4837539,1870
4838039,1872
4838539,1872
4839039,1873
4839539,1873
4840039,1872
4840539,1873
4841039,1872
4841539,1872
4842039,1872
4842539,1872
4843039,1872
4843539,1872
4844039,1872
4844539,1875
4845039,1870
4845539,1872
4846039,1872
4846539,1874
4847039,1872
4847539,1872
4848039,1871
4848539,1872
4849039,1872
4849539,1872
4850039,1872
4850539,1871
4851039,1872
4851539,1875
4852039,1872
4852539,1872
4853039,1872
4853539,1872
4854039,1873
4854539,1871
4855039,1871
4855539,1872
4856039,1872
4856539,1872
4857039,1872
4857539,1873
4858039,1872
4858539,1873
4859039,1873
4859539,1872
4860039,1872
4860539,1872
4861039,1873
4861539,1872
4862039,1872
4862539,1871
4863039,1872
4863539,1872
4864039,1872
4864539,1872
4865039,1872
4865539,1872
4866039,1872
4866539,1871
4867039,1872
4867539,1872
4868039,1872
4868539,1872
4869039,1872
4869539,1872
4870039,1872
4870539,1871
4871039,1872
4871539,1872
4872039,1872
4872539,1871
4873039,1872
4873539,1872
4874039,1872
4874539,1872
4875039,1872
4875539,1873
4876039,1872
4876539,1876
4877039,1874
4877539,1873
4878039,1872
4878539,1875
4879039,1871
4879539,1872
4880039,1872
4880539,1872
4881039,1872
4881539,1872
4882039,1872
4882539,1871
4883039,1872
4883539,1872
4884039,1874
4884539,1872
4885039,1872
4885539,1872
4886039,1872
4886539,1870
4887039,1872
4887539,1872
4888039,1871
4888539,1871
4889039,1872
4889539,1872
4890039,1872
4890539,1873
4891039,1872
4891539,1873
4892039,1872
4892539,1872
4893039,1872
4893539,1872
4894039,1874
4894539,1871
4895039,1872
4895539,1872
4896039,1872
4896539,1875
4897039,1877
4897539,1872
4898039,1873
4898539,1873
4899039,1872
4899539,1872
4900039,1872
4900539,1871
4901039,1872
4901539,1872
4902039,1872
4902539,1874
4903039,1872
4903539,1873
4904039,1871
4904539,1873
4905039,1873
4905539,1870
4906039,1873
4906539,1872
4907039,1873
4907539,1872
4908039,1872
4908539,1871
4909039,1872
4909539,1874
4910039,1872
4910539,1875
4911039,1872
4911539,1872
4912039,1873
4912539,1872
4913039,1874
4913539,1873
4914039,1872
4914539,1873
4915039,1872
4915539,1872
4916039,1872
4916539,1872
4917039,1873
4917539,1873
4918039,1877
4918539,1871
4919039,1872
4919539,1873
4920039,1870
4920539,1875
4921039,1872
4921539,1872
4922039,1872
4922539,1872
4923039,1872
4923539,1872
4924039,1872
4924539,1873
4925039,1874
4925539,1872
4926039,1872
4926539,1872
4927039,1872
4927539,1874
4928039,1872
4928539,1877
4929039,1872
4929539,1872
4930039,1871
4930539,1872
4931039,1872
4931539,1873
4932039,1872
4932539,1872
4933039,1873
4933539,1872
4934039,1873
4934539,1872
4935039,1872
4935539,1872
4936039,1872
4936539,1872
4937039,1874
4937539,1873
4938039,1873
4938539,1872
4939039,1873
4939539,1872
4940039,1872
4940539,1873
4941039,1873
4941539,1873
4942039,1873
4942539,1873
4943039,1872
4943539,1872
4944039,1872
4944539,1872
4945039,1872
4945539,1872
4946039,1872
4946539,1872
4947039,1872
4947539,1874
4948039,1872
4948539,1872
4949039,1872
4949539,1872
4950039,1872
4950539,1873
4951039,1872
4951539,1872
4952039,1872
4952539,1872
4953039,1873
4953539,1872
4954039,1876
4954539,1872
4955039,1872
4955539,1872
4956039,1874
4956539,1872
4957039,1874
4957539,1872
4958039,1872
4958539,1872
4959039,1872
4959539,1872
4960039,1872
4960539,1871
4961039,1871
4961539,1870
4962039,1873
4962539,1871
4963039,1872
4963539,1872
4964039,1872
4964539,1873
4965039,1872
4965539,1872
4966039,1872
4966539,1871
4967039,1872
4967539,1872
4968039,1872
4968539,1872
4969039,1876
4969539,1872
4970039,1872
4970539,1872
4971039,1871
4971539,1869
4972039,1872
4972539,1867
4973039,1871
4973539,1872
4974039,1872
4974539,1872
4975039,1872
4975539,1875
4976039,1872
4976539,1873
4977039,1873
4977539,1872
4978039,1872
4978539,1872
4979039,1872
4979539,1872
4980039,1872
4980539,1873
4981039,1874
4981539,1872
4982039,1872
4982539,1872
4983039,1874
4983539,1872
4984039,1872
4984539,1872
4985039,1872
4985539,1875
4986039,1872
4986539,1872
4987039,1872
4987539,1872
4988039,1874
4988539,1872
4989039,1872
4989539,1872
4990039,1872
4990539,1872
4991039,1872
4991539,1869
4992039,1872
4992539,1872
4993039,1873
4993539,1872
4994039,1872
4994539,1872
4995039,1874
4995539,1873
4996039,1870
4996539,1872
4997039,1872
4997539,1872
4998039,1871
4998539,1872
4999039,1872
4999539,1872
5000039,1872
5000539,1873
5001039,1873
5001539,1872
5002039,1872
5002539,1872
5003039,1871
5003539,1873
5004039,1872
5004539,1871
5005039,1873
5005539,1872
5006039,1872
5006539,1872
5007039,1872
5007539,1873
5008039,1873
5008539,1873
5009039,1872
5009539,1873
5010039,1872
5010539,1873
5011039,1872
5011539,1872
5012039,1872
5012539,1872
5013039,1871
5013539,1872
5014039,1872
5014539,1873
5015039,1872
5015539,1872
5016039,1872
5016539,1872
5017039,1872
5017539,1872
5018039,1872
5018539,1872
5019039,1872
5019539,1872
5020039,1873
5020539,1873
5021039,1873
5021539,1872
5022039,1872
5022539,1872
5023039,1872
5023539,1872
5024039,1873
5024539,1873
5025039,1872
5025539,1872
5026039,1872
5026539,1872
5027039,1871
5027539,1872
5028039,1872
5028539,1872
5029039,1872
5029539,1872
5030039,1873
5030539,1872
5031039,1872
5031539,1872
5032039,1872
5032539,1873
5033039,1872
5033539,1872
5034039,1873
5034539,1872
5035039,1872
5035539,1872
5036039,1873
5036539,1872
5037039,1872
5037539,1873
5038039,1872
5038539,1872
5039039,1874
5039539,1872
5040039,1872
5040539,1872
5041039,1873
5041539,1872
5042039,1872
5042539,1872
5043039,1873
5043539,1872
5044039,1872
5044539,1872
5045039,1872
5045539,1872
5046039,1871
5046539,1874
5047039,1872
5047539,1871
5048039,1871
5048539,1872
5049039,1872
5049539,1873
5050039,1872
5050539,1872
5051039,1871
5051539,1872
5052039,1872
5052539,1872
5053039,1874
5053539,1872
5054039,1872
5054539,1872
5055039,1871
5055539,1873
5056039,1872
5056539,1872
5057039,1872
5057539,1874
5058039,1872
5058539,1872
5059039,1872
5059539,1871
5060039,1872
5060539,1872
5061039,1872
5061539,1872
5062039,1872
5062539,1871
5063039,1872
5063539,1872
5064039,1872
5064539,1874
5065039,1871
5065539,1872
5066039,1872
5066539,1872
5067039,1873
5067539,1872
5068039,1872
5068539,1872
5069039,1872
5069539,1873
5070039,1872
5070539,1872
5071039,1872
5071539,1873
5072039,1872
5072539,1872
5073039,1871
5073539,1869
5074039,1872
5074539,1872
5075039,1872
5075539,1872
5076039,1872
5076539,1873
5077039,1873
5077539,1872
5078039,1872
5078539,1872
5079039,1872
5079539,1872
5080039,1872
5080539,1872
5081039,1873
5081539,1873
5082039,1872
5082539,1872
5083039,1871
5083539,1872
5084039,1872
5084539,1872
5085039,1873
5085539,1872
5086039,1873
5086539,1872
5087039,1872
5087539,1872
5088039,1873
5088539,1872
5089039,1872
5089539,1872
5090039,1872
5090539,1872
5091039,1873
5091539,1872
5092039,1873
5092539,1872
5093039,1873
5093539,1870
5094039,1872
5094539,1869
5095039,1872
5095539,1873
5096039,1872
5096539,1872
5097039,1872
5097539,1873
5098039,1872
5098539,1872
5099039,1872
5099539,1872
5100039,1872
5100539,1873
5101039,1872
5101539,1872
5102039,1871
5102539,1872
5103039,1874
5103539,1874
5104039,1872
5104539,1874
5105039,1872
5105539,1872
5106039,1872
5106539,1872
5107039,1872
5107539,1872
5108039,1873
5108539,1873
5109039,1872
5109539,1872
5110039,1871
5110539,1873
5111039,1873
5111539,1872
5112039,1872
5112539,1872
5113039,1872
5113539,1870
5114039,1872
5114539,1873
5115039,1872
5115539,1871
5116039,1872
5116539,1872
5117039,1872
5117539,1872
5118039,1872
5118539,1873
5119039,1872
5119539,1872
5120039,1871
5120539,1872
5121039,1872
5121539,1873
5122039,1872
5122539,1872
5123039,1872
5123539,1872
5124039,1873
5124539,1873
5125039,1871
5125539,1872
5126039,1872
5126539,1875
5127039,1872
5127539,1871
5128039,1872
5128539,1872
5129039,1872
5129539,1872
5130039,1872
5130539,1872
5131039,1872
5131539,1871
5132039,1872
5132539,1873
5133039,1872
5133539,1873
5134039,1873
5134539,1872
5135039,1872
5135539,1872
5136039,1872
5136539,1872
5137039,1873
5137539,1872
5138039,1872
5138539,1872
5139039,1872
5139539,1872
5140039,1872
5140539,1873
5141039,1872
5141539,1872
5142039,1871
5142539,1872
5143039,1873
5143539,1872
5144039,1872
5144539,1872
5145039,1872
5145539,1872
5146039,1872
5146539,1873
5147039,1874
5147539,1871
5148039,1872
5148539,1872
5149039,1872
5149539,1872
5150039,1872
5150539,1872
5151039,1872
5151539,1872
5152039,1872
5152539,1874
5153039,1872
5153539,1872
5154039,1872
5154539,1872
5155039,1872
5155539,1872
5156039,1872
5156539,1872
5157039,1871
5157539,1870
5158039,1872
5158539,1872
5159039,1873
5159539,1871
5160039,1872
5160539,1872
5161039,1876
5161539,1873
5162039,1872
5162539,1872
5163039,1872
5163539,1873
5164039,1872
5164539,1872
5165039,1871
5165539,1875
5166039,1872
5166539,1873
5167039,1873
5167539,1873
5168039,1872
5168539,1872
5169039,1869
5169539,1874
5170039,1872
5170539,1872
5171039,1873
5171539,1872
5172039,1872
5172539,1872
5173039,1872
5173539,1873
5174039,1872
5174539,1872
5175039,1871
5175539,1872
5176039,1872
5176539,1872
5177039,1873
5177539,1872
5178039,1873
5178539,1872
5179039,1874
5179539,1872
5180039,1872
5180539,1872
5181039,1873
5181539,1872
5182039,1874
5182539,1873
5183039,1872
5183539,1873
5184039,1872
5184539,1872
5185039,1871
5185539,1872
5186039,1872
5186539,1872
5187039,1872
5187539,1872
5188039,1872
5188539,1872
5189039,1872
5189539,1872
5190039,1872
5190539,1872
5191039,1872
5191539,1872
5192039,1872
5192539,1872
5193039,1872
5193539,1874
5194039,1872
5194539,1871
5195039,1873
5195539,1872
5196039,1874
5196539,1872
5197039,1872
5197539,1872
5198039,1872
5198539,1872
5199039,1872
5199539,1873
5200039,1872
5200539,1872
5201039,1872
5201539,1872
5202039,1874
5202539,1872
5203039,1868
5203539,1872
5204039,1873
5204539,1873
5205039,1872
5205539,1875
5206039,1872
5206539,1871
5207039,1874
5207539,1872
5208039,1873
5208539,1872
5209039,1872
5209539,1872
5210039,1872
5210539,1873
5211039,1872
5211539,1874
5212039,1872
5212539,1872
5213039,1873
5213539,1873
5214039,1871
5214539,1872
5215039,1871
5215539,1873
5216039,1872
5216539,1872
5217039,1872
5217539,1872
5218039,1872
5218539,1872
5219039,1872
5219539,1872
5220039,1873
5220539,1872
5221039,1872
5221539,1871
5222039,1873
5222539,1871
5223039,1872
5223539,1872
5224039,1872
5224539,1872
5225039,1872
5225539,1875
5226039,1872
5226539,1872
5227039,1872
5227539,1872
5228039,1871
5228539,1872
5229039,1872
5229539,1872
5230039,1872
5230539,1872
5231039,1872
5231539,1872
5232039,1872
5232539,1872
5233039,1870
5233539,1872
5234039,1873
5234539,1872
5235039,1871
5235539,1875
5236039,1872
5236539,1872
5237039,1872
5237539,1874
5238039,1872
5238539,1872
5239039,1870
5239539,1872
5240039,1874
5240539,1872
5241039,1872
5241539,1872
5242039,1872
5242539,1874
5243039,1871
5243539,1872
5244039,1872
5244539,1871
5245039,1872
5245539,1872
5246039,1872
5246539,1873
5247039,1874
5247539,1871
5248039,1872
5248539,1872
5249039,1873
5249539,1873
5250039,1872
5250539,1872
5251039,1871
5251539,1872
5252039,1872
5252539,1873
5253039,1873
5253539,1872
5254039,1872
5254539,1873
5255039,1872
5255539,1870
5256039,1872
5256539,1872
5257039,1871
5257539,1872
5258039,1872
5258539,1872
5259039,1873
5259539,1872
5260039,1873
5260539,1872
5261039,1872
5261539,1872
5262039,1872
5262539,1872
5263039,1872
5263539,1873
5264039,1872
5264539,1872
5265039,1873
5265539,1872
5266039,1872
5266539,1872
5267039,1872
5267539,1875
5268039,1872
5268539,1872
5269039,1872
5269539,1871
5270039,1872
5270539,1872
5271039,1871
5271539,1872
5272039,1872
5272539,1872
5273039,1872
5273539,1871
5274039,1871
5274539,1871
5275039,1872
5275539,1872
5276039,1872
5276539,1871
5277039,1872
5277539,1872
5278039,1872
5278539,1872
5279039,1872
5279539,1875
5280039,1872
5280539,1872
5281039,1873
5281539,1873
5282039,1872
5282539,1872
5283039,1872
5283539,1872
5284039,1872
5284539,1873
5285039,1873
5285539,1872
5286039,1872
5286539,1873
5287039,1874
5287539,1872
5288039,1872
5288539,1872
5289039,1872
5289539,1872
5290039,1873
5290539,1872
5291039,1874
5291539,1872
5292039,1873
5292539,1872
5293039,1871
5293539,1872
5294039,1872
5294539,1872
5295039,1872
5295539,1872
5296039,1872
5296539,1872
5297039,1871
5297539,1873
5298039,1872
5298539,1872
5299039,1872
5299539,1872
5300039,1872
5300539,1872
5301039,1873
5301539,1872
5302039,1872
5302539,1872
5303039,1872
5303539,1872
5304039,1872
5304539,1872
5305039,1872
5305539,1873
5306039,1872
5306539,1872
5307039,1872
5307539,1872
5308039,1872
5308539,1872
5309039,1874
5309539,1872
5310039,1872
5310539,1872
5311039,1872
5311539,1873
5312039,1872
5312539,1873
5313039,1874
5313539,1872
5314039,1871
5314539,1874
5315039,1872
5315539,1872
5316039,1873
5316539,1872
5317039,1870
5317539,1872
5318039,1872
5318539,1872
5319039,1872
5319539,1872
5320039,1872
5320539,1872
5321039,1872
5321539,1872
5322039,1872
5322539,1874
5323039,1871
5323539,1872
5324039,1872
5324539,1872
5325039,1872
5325539,1871
5326039,1873
5326539,1874
5327039,1873
5327539,1872
5328039,1872
5328539,1873
5329039,1872
5329539,1873
5330039,1874
5330539,1871
5331039,1874
5331539,1872
5332039,1871
5332539,1872
5333039,1872
5333539,1872
5334039,1871
5334539,1871
5335039,1872
5335539,1872
5336039,1872
5336539,1872
5337039,1875
5337539,1873
5338039,1872
5338539,1872
5339039,1871
5339539,1874
5340039,1871
5340539,1872
5341039,1870
5341539,1872
5342039,1875
5342539,1872
5343039,1872
5343539,1872
5344039,1872
5344539,1872
5345039,1872
5345539,1872
5346039,1872
5346539,1872
5347039,1870
5347539,1871
5348039,1872
5348539,1872
5349039,1872
5349539,1872
5350039,1872
5350539,1872
5351039,1872
5351539,1872
5352039,1872
5352539,1872
5353039,1872
5353539,1872
5354039,1872
5354539,1871
5355039,1870
5355539,1872
5356039,1872
5356539,1872
5357039,1873
5357539,1873
5358039,1875
5358539,1872
5359039,1874
5359539,1872
5360039,1872
5360539,1870
5361039,1872
5361539,1874
5362039,1872
5362539,1873
5363039,1872
5363539,1872
5364039,1872
5364539,1872
5365039,1872
5365539,1872
5366039,1872
5366539,1872
5367039,1872
5367539,1872
5368039,1874
5368539,1873
5369039,1872
5369539,1872
5370039,1870
5370539,1872
5371039,1874
5371539,1872
5372039,1872
5372539,1872
5373039,1870
5373539,1873
5374039,1872
5374539,1872
5375039,1872
5375539,1872
5376039,1872
5376539,1872
5377039,1874
5377539,1873
5378039,1872
5378539,1872
5379039,1872
5379539,1872
5380039,1872
5380539,1872
5381039,1871
5381539,1874
5382039,1872
5382539,1872
5383039,1873
5383539,1872
5384039,1872
5384539,1873
5385039,1870
5385539,1872
5386039,1872
5386539,1872
5387039,1872
5387539,1872
5388039,1872
5388539,1872
5389039,1874
5389539,1872
5390039,1872
5390539,1872
5391039,1872
5391539,1873
5392039,1872
5392539,1870
5393039,1869
5393539,1872
5394039,1872
5394539,1872
5395039,1872
5395539,1873
5396039,1872
5396539,1872
5397039,1879
5397539,1873
5398039,1872
5398539,1872
5399039,1871
5399539,1873
5400039,1873
5400539,1874
5401039,1872
5401539,1872
5402039,1875
5402539,1872
5403039,1875
5403539,1872
5404039,1872
5404539,1872
5405039,1872
5405539,1872
5406039,1872
5406539,1872
5407039,1872
5407539,1872
5408039,1873
5408539,1872
5409039,1869
5409539,1872
5410039,1872
5410539,1872
5411039,1870
5411539,1872
5412039,1873
5412539,1872
5413039,1872
5413539,1871
5414039,1872
5414539,1872
5415039,1872
5415539,1873
5416039,1871
5416539,1871
5417039,1871
5417539,1872
5418039,1872
5418539,1872
5419039,1873
5419539,1872
5420039,1872
5420539,1872
5421039,1870
5421539,1873
5422039,1872
5422539,1872
5423039,1875
5423539,1874
5424039,1872
5424539,1872
5425039,1872
5425539,1872
5426039,1872
5426539,1872
5427039,1872
5427539,1872
5428039,1872
5428539,1874
5429039,1872
5429539,1872
5430039,1872
5430539,1872
5431039,1872
5431539,1872
5432039,1873
5432539,1872
5433039,1871
5433539,1872
5434039,1872
5434539,1872
5435039,1871
5435539,1872
5436039,1872
5436539,1872
5437039,1876
5437539,1872
5438039,1873
5438539,1872
5439039,1873
5439539,1872
5440039,1871
5440539,1872
5441039,1873
5441539,1872
5442039,1872
5442539,1873
5443039,1873
5443539,1872
5444039,1872
5444539,1871
5445039,1872
5445539,1872
5446039,1872
5446539,1872
5447039,1871
5447539,1872
5448039,1872
5448539,1872
5449039,1874
5449539,1872
5450039,1872
5450539,1872
5451039,1872
5451539,1872
5452039,1872
5452539,1872
5453039,1872
5453539,1872
5454039,1872
5454539,1873
5455039,1873
5455539,1872
5456039,1872
5456539,1871
5457039,1873
5457539,1872
5458039,1872
5458539,1873
5459039,1871
5459539,1874
5460039,1874
5460539,1874
5461039,1875
5461539,1871
5462039,1873
5462539,1872
5463039,1870
5463539,1872
5464039,1872
5464539,1872
5465039,1870
5465539,1871
5466039,1872
5466539,1872
5467039,1873
5467539,1872
5468039,1872
5468539,1872
5469039,1872
5469539,1874
5470039,1873
5470539,1872
5471039,1873
5471539,1873
5472039,1872
5472539,1872
5473039,1872
5473539,1873
5474039,1872
5474539,1873
5475039,1874
5475539,1872
5476039,1874
5476539,1872
5477039,1872
5477539,1871
5478039,1873
5478539,1872
5479039,1873
5479539,1873
5480039,1872
5480539,1873
5481039,1872
5481539,1872
5482039,1873
5482539,1872
5483039,1872
5483539,1872
5484039,1872
5484539,1872
5485039,1872
5485539,1872
5486039,1872
5486539,1873
5487039,1873
5487539,1872
5488039,1872
5488539,1871
5489039,1872
5489539,1872
5490039,1872
5490539,1872
5491039,1872
5491539,1872
5492039,1873
5492539,1873
5493039,1871
5493539,1872
5494039,1873
5494539,1872
5495039,1872
5495539,1874
5496039,1872
5496539,1872
5497039,1873
5497539,1872
5498039,1872
5498539,1872
5499039,1872
5499539,1872
5500039,1873
5500539,1872
5501039,1872
5501539,1870
5502039,1872
5502539,1872
5503039,1872
5503539,1871
5504039,1873
5504539,1872
5505039,1872
5505539,1872
5506039,1872
5506539,1871
5507039,1871
5507539,1873
5508039,1873
5508539,1872
5509039,1871
5509539,1872
5510039,1872
5510539,1874
5511039,1872
5511539,1872
5512039,1873
5512539,1872
5513039,1871
5513539,1872
5514039,1872
5514539,1872
5515039,1872
5515539,1871
5516039,1872
5516539,1872
5517039,1872
5517539,1873
5518039,1872
5518539,1872
5519039,1872
5519539,1872
5520039,1871
5520539,1871
5521039,1872
5521539,1872
5522039,1873
5522539,1873
5523039,1872
5523539,1872
5524039,1871
5524539,1872
5525039,1872
5525539,1871
5526039,1872
5526539,1872
5527039,1873
5527539,1872
5528039,1872
5528539,1872
5529039,1871
5529539,1873
5530039,1872
5530539,1871
5531039,1872
5531539,1872
5532039,1872
5532539,1872
5533039,1872
5533539,1872
5534039,1872
5534539,1872
5535039,1872
5535539,1872
5536039,1872
5536539,1872
5537039,1872
5537539,1872
5538039,1872
5538539,1872
5539039,1875
5539539,1872
5540039,1872
5540539,1872
5541039,1872
5541539,1872
5542039,1872
5542539,1872
5543039,1872
5543539,1874
5544039,1873
5544539,1872
5545039,1874
5545539,1872
5546039,1872
5546539,1872
5547039,1872
5547539,1873
5548039,1872
5548539,1873
5549039,1872
5549539,1872
5550039,1872
5550539,1872
5551039,1875
5551539,1871
5552039,1872
5552539,1872
5553039,1872
5553539,1872
5554039,1872
5554539,1872
5555039,1872
5555539,1872
5556039,1872
5556539,1872
5557039,1871
5557539,1872
5558039,1872
5558539,1872
5559039,1872
5559539,1873
5560039,1872
5560539,1872
5561039,1871
5561539,1871
5562039,1871
5562539,1872
5563039,1872
5563539,1872
5564039,1873
5564539,1872
5565039,1872
5565539,1872
5566039,1873
5566539,1873
5567039,1872
5567539,1872
5568039,1872
5568539,1872
5569039,1872
5569539,1872
5570039,1872
5570539,1872
5571039,1872
5571539,1872
5572039,1872
5572539,1872
5573039,1872
5573539,1873
5574039,1871
5574539,1872
5575039,1872
5575539,1873
5576039,1873
5576539,1872
5577039,1874
5577539,1872
5578039,1873
5578539,1872
5579039,1873
5579539,1872
5580039,1872
5580539,1872
5581039,1872
5581539,1872
5582039,1872
5582539,1872
5583039,1872
5583539,1872
5584039,1872
5584539,1872
5585039,1873
5585539,1872
5586039,1872
5586539,1872
5587039,1872
5587539,1871
5588039,1872
5588539,1871
5589039,1872
5589539,1872
5590039,1872
5590539,1872
5591039,1872
5591539,1870
5592039,1874
5592539,1873
5593039,1872
5593539,1872
5594039,1872
5594539,1872
5595039,1872
5595539,1878
5596039,1872
5596539,1872
5597039,1872
5597539,1872
5598039,1872
5598539,1870
5599039,1872
5599539,1872
5600039,1872
5600539,1872
5601039,1873
5601539,1871
5602039,1872
5602539,1873
5603039,1872
5603539,1872
5604039,1872
5604539,1871
5605039,1872
5605539,1872
5606039,1872
5606539,1873
5607039,1872
5607539,1872
5608039,1872
5608539,1871
5609039,1872
5609539,1874
5610039,1872
5610539,1872
5611039,1872
5611539,1872
5612039,1871
5612539,1872
5613039,1874
5613539,1872
5614039,1872
5614539,1872
5615039,1872
5615539,1872
5616039,1872
5616539,1872
5617039,1872
5617539,1874
5618039,1872
5618539,1872
5619039,1872
5619539,1873
5620039,1874
5620539,1872
5621039,1872
5621539,1872
5622039,1872
5622539,1872
5623039,1873
5623539,1872
5624039,1872
5624539,1872
5625039,1872
5625539,1872
5626039,1873
5626539,1872
5627039,1873
5627539,1875
5628039,1872
5628539,1871
5629039,1872
5629539,1873
5630039,1872
5630539,1872
5631039,1872
5631539,1872
5632039,1872
5632539,1872
5633039,1872
5633539,1872
5634039,1873
5634539,1872
5635039,1872
5635539,1871
5636039,1872
5636539,1872
5637039,1872
5637539,1872
5638039,1872
5638539,1871
5639039,1874
5639539,1871
5640039,1871
5640539,1873
5641039,1871
5641539,1872
5642039,1873
5642539,1872
5643039,1872
5643539,1873
5644039,1872
5644539,1872
5645039,1872
5645539,1872
5646039,1873
5646539,1872
5647039,1872
5647539,1873
5648039,1874
5648539,1872
5649039,1872
5649539,1872
5650039,1872
5650539,1872
5651039,1872
5651539,1872
5652039,1872
5652539,1872
5653039,1872
5653539,1871
5654039,1872
5654539,1872
5655039,1872
5655539,1872
5656039,1874
5656539,1872
5657039,1872
5657539,1873
5658039,1872
5658539,1872
5659039,1872
5659539,1872
5660039,1872
5660539,1874
5661039,1872
5661539,1872
5662039,1873
5662539,1872
5663039,1872
5663539,1876
5664039,1873
5664539,1872
5665039,1872
5665539,1873
5666039,1876
5666539,1872
5667039,1870
5667539,1874
5668039,1872
5668539,1872
5669039,1872
5669539,1872
5670039,1872
5670539,1872
5671039,1872
5671539,1874
5672039,1872
5672539,1874
5673039,1872
5673539,1872
5674039,1873
5674539,1872
5675039,1872
5675539,1873
5676039,1876
5676539,1872
5677039,1872
5677539,1872
5678039,1872
5678539,1872
5679039,1872
5679539,1875
5680039,1872
5680539,1872
5681039,1872
5681539,1874
5682039,1872
5682539,1872
5683039,1872
5683539,1872
5684039,1872
5684539,1872
5685039,1872
5685539,1873
5686039,1873
5686539,1872
5687039,1872
5687539,1872
5688039,1872
5688539,1873
5689039,1872
5689539,1871
5690039,1872
5690539,1872
5691039,1872
5691539,1872
5692039,1872
5692539,1875
5693039,1874
5693539,1872
5694039,1872
5694539,1872
5695039,1872
5695539,1873
5696039,1872
5696539,1872
5697039,1872
5697539,1872
5698039,1872
5698539,1872
5699039,1872
5699539,1874
5700039,1872
5700539,1872
5701039,1872
5701539,1872
5702039,1872
5702539,1872
5703039,1875
5703539,1872
5704039,1872
5704539,1872
5705039,1872
5705539,1872
5706039,1871
5706539,1872
5707039,1873
5707539,1872
5708039,1873
5708539,1872
5709039,1874
5709539,1873
5710039,1873
5710539,1872
5711039,1872
5711539,1872
5712039,1872
5712539,1872
5713039,1872
5713539,1872
5714039,1872
5714539,1873
5715039,1872
5715539,1872
5716039,1872
5716539,1872
5717039,1872
5717539,1874
5718039,1873
5718539,1872
5719039,1872
5719539,1872
5720039,1872
5720539,1872
5721039,1873
5721539,1872
5722039,1872
5722539,1872
5723039,1871
5723539,1871
5724039,1872
5724539,1872
5725039,1873
5725539,1872
5726039,1872
5726539,1872
5727039,1872
5727539,1873
5728039,1872
5728539,1872
5729039,1873
5729539,1872
5730039,1872
5730539,1872
5731039,1872
5731539,1872
5732039,1872
5732539,1873
5733039,1872
5733539,1875
5734039,1873
5734539,1872
5735039,1872
5735539,1872
5736039,1873
5736539,1874
5737039,1872
5737539,1872
5738039,1871
5738539,1871
5739039,1873
5739539,1872
5740039,1872
5740539,1872
5741039,1872
5741539,1872
5742039,1872
5742539,1872
5743039,1873
5743539,1873
5744039,1872
5744539,1872
5745039,1874
5745539,1872
5746039,1872
5746539,1872
5747039,1872
5747539,1872
5748039,1872
5748539,1872
5749039,1873
5749539,1874
5750039,1872
5750539,1873
5751039,1872
5751539,1871
5752039,1872
5752539,1873
5753039,1872
5753539,1872
5754039,1872
5754539,1872
5755039,1873
5755539,1872
5756039,1872
5756539,1873
5757039,1874
5757539,1872
5758039,1872
5758539,1875
5759039,1873
5759539,1874
5760039,1873
5760539,1872
5761039,1873
5761539,1873
5762039,1872
5762539,1872
5763039,1872
5763539,1872
5764039,1873
5764539,1872
5765039,1874
5765539,1874
5766039,1872
5766539,1872
5767039,1873
5767539,1872
5768039,1872
5768539,1872
5769039,1872
5769539,1874
5770039,1872
5770539,1872
5771039,1872
5771539,1872
5772039,1872
5772539,1873
5773039,1872
5773539,1872
5774039,1872
5774539,1872
5775039,1872
5775539,1874
5776039,1872
5776539,1872
5777039,1872
5777539,1872
5778039,1874
5778539,1872
5779039,1872
5779539,1872
5780039,1872
5780539,1873
5781039,1873
5781539,1872
5782039,1872
5782539,1875
5783039,1872
5783539,1872
5784039,1876
5784539,1872
5785039,1872
5785539,1872
5786039,1872
5786539,1872
5787039,1873
5787539,1875
5788039,1871
5788539,1872
5789039,1872
5789539,1872
5790039,1872
5790539,1872
5791039,1872
5791539,1872
5792039,1872
5792539,1872
5793039,1872
5793539,1872
5794039,1872
5794539,1875
5795039,1873
5795539,1872
5796039,1874
5796539,1870
5797039,1872
5797539,1872
5798039,1872
5798539,1872
5799039,1872
5799539,1872
5800039,1873
5800539,1873
5801039,1872
5801539,1872
5802039,1872
5802539,1872
5803039,1872
5803539,1872
5804039,1872
5804539,1871
5805039,1872
5805539,1874
5806039,1873
5806539,1872
5807039,1872
5807539,1873
5808039,1872
5808539,1873
5809039,1872
5809539,1873
5810039,1872
5810539,1873
5811039,1872
5811539,1872
5812039,1872
5812539,1873
5813039,1872
5813539,1872
5814039,1872
5814539,1872
5815039,1872
5815539,1874
5816039,1872
5816539,1872
5817039,1872
5817539,1872
5818039,1873
5818539,1872
5819039,1871
5819539,1872
5820039,1872
5820539,1872
5821039,1872
5821539,1875
5822039,1872
5822539,1872
5823039,1872
5823539,1873
5824039,1872
5824539,1872
5825039,1872
5825539,1872
5826039,1870
5826539,1872
5827039,1873
5827539,1872
5828039,1872
5828539,1871
5829039,1872
5829539,1869
5830039,1872
5830539,1874
5831039,1873
5831539,1872
5832039,1872
5832539,1872
5833039,1872
5833539,1872
5834039,1872
5834539,1872
5835039,1872
5835539,1871
5836039,1872
5836539,1872
5837039,1872
5837539,1872
5838039,1871
5838539,1872
5839039,1872
5839539,1869
5840039,1872
5840539,1872
5841039,1873
5841539,1872
5842039,1872
5842539,1872
5843039,1872
5843539,1872
5844039,1872
5844539,1872
5845039,1872
5845539,1873
5846039,1872
5846539,1872
5847039,1870
5847539,1872
5848039,1872
5848539,1872
5849039,1871
5849539,1875
5850039,1873
5850539,1872
5851039,1872
5851539,1872
5852039,1872
5852539,1873
5853039,1872
5853539,1872
5854039,1872
5854539,1872
5855039,1872
5855539,1876
5856039,1872
5856539,1874
5857039,1872
5857539,1872
5858039,1870
5858539,1872
5859039,1872
5859539,1872
5860039,1872
5860539,1874
5861039,1872
5861539,1872
5862039,1873
5862539,1872
5863039,1872
5863539,1872
5864039,1872
5864539,1873
5865039,1871
5865539,1872
5866039,1872
5866539,1872
5867039,1871
5867539,1872
5868039,1872
5868539,1872
5869039,1872
5869539,1872
5870039,1872
5870539,1872
5871039,1873
5871539,1873
5872039,1872
5872539,1875
5873039,1872
5873539,1873
5874039,1873
5874539,1873
5875039,1872
5875539,1870
5876039,1873
5876539,1873
5877039,1872
5877539,1872
5878039,1874
5878539,1872
5879039,1872
5879539,1872
5880039,1872
5880539,1873
5881039,1872
5881539,1872
5882039,1872
5882539,1872
5883039,1873
5883539,1872
5884039,1872
5884539,1872
5885039,1872
5885539,1873
5886039,1872
5886539,1872
5887039,1872
5887539,1872
5888039,1872
5888539,1872
5889039,1872
5889539,1872
5890039,1871
5890539,1872
5891039,1872
5891539,1875
5892039,1871
5892539,1872
5893039,1873
5893539,1874
5894039,1872
5894539,1871
5895039,1872
5895539,1874
5896039,1872
5896539,1872
5897039,1873
5897539,1873
5898039,1872
5898539,1872
5899039,1872
5899539,1873
5900039,1872
5900539,1872
5901039,1872
5901539,1875
5902039,1872
5902539,1874
5903039,1872
5903539,1872
5904039,1872
5904539,1872
5905039,1872
5905539,1872
5906039,1874
5906539,1873
5907039,1873
5907539,1872
5908039,1872
5908539,1871
5909039,1871
5909539,1872
5910039,1872
5910539,1872
5911039,1873
5911539,1872
5912039,1872
5912539,1872
5913039,1873
5913539,1872
5914039,1872
5914539,1872
5915039,1875
5915539,1872
5916039,1872
5916539,1872
5917039,1872
5917539,1872
5918039,1872
5918539,1872
5919039,1873
5919539,1872
5920039,1872
5920539,1872
5921039,1872
5921539,1872
5922039,1872
5922539,1872
5923039,1872
5923539,1876
5924039,1871
5924539,1872
5925039,1872
5925539,1871
5926039,1875
5926539,1872
5927039,1872
5927539,1872
5928039,1872
5928539,1872
5929039,1872
5929539,1875
5930039,1872
5930539,1872
5931039,1872
5931539,1872
5932039,1872
5932539,1871
5933039,1873
5933539,1872
5934039,1872
5934539,1872
5935039,1872
5935539,1873
5936039,1872
5936539,1872
5937039,1872
5937539,1872
5938039,1873
5938539,1872
5939039,1874
5939539,1873
5940039,1872
5940539,1873
5941039,1872
5941539,1870
5942039,1870
5942539,1872
5943039,1874
5943539,1871
5944039,1873
5944539,1872
5945039,1872
5945539,1873
5946039,1874
5946539,1871
5947039,1872
5947539,1874
5948039,1873
5948539,1872
5949039,1872
5949539,1872
5950039,1872
5950539,1872
5951039,1872
5951539,1872
5952039,1872
5952539,1873
5953039,1872
5953539,1871
5954039,1872
5954539,1872
5955039,1871
5955539,1872
5956039,1872
5956539,1872
5957039,1872
5957539,1874
5958039,1871
5958539,1872
5959039,1872
5959539,1873
5960039,1872
5960539,1871
5961039,1872
5961539,1872
5962039,1872
5962539,1872
5963039,1872
5963539,1871
5964039,1872
5964539,1871
5965039,1872
5965539,1872
5966039,1872
5966539,1872
5967039,1870
5967539,1872
5968039,1872
5968539,1873
5969039,1873
5969539,1875
5970039,1872
5970539,1872
5971039,1872
5971539,1871
5972039,1874
5972539,1872
5973039,1872
5973539,1871
5974039,1872
5974539,1872
5975039,1872
5975539,1872
5976039,1872
5976539,1872
5977039,1874
5977539,1872
5978039,1871
5978539,1872
5979039,1872
5979539,1871
5980039,1872
5980539,1872
5981039,1872
5981539,1872
5982039,1872
5982539,1872
5983039,1872
5983539,1871
5984039,1872
5984539,1872
5985039,1872
5985539,1872
5986039,1871
5986539,1872
5987039,1872
5987539,1872
5988039,1874
5988539,1872
5989039,1872
5989539,1872
5990039,1872
5990539,1872
5991039,1872
5991539,1871
5992039,1872
5992539,1872
5993039,1872
5993539,1874
5994039,1872
5994539,1872
5995039,1872
5995539,1870
5996039,1874
5996539,1872
5997039,1872
5997539,1872
5998039,1872
5998539,1871
5999039,1872
5999539,1873
6000039,1875
6000539,1872
6001039,1872
6001539,1873
6002039,1872
6002539,1872
6003039,1874
6003539,1872
6004039,1872
6004539,1872
6005039,1871
6005539,1872
6006039,1872
6006539,1872
6007039,1870
6007539,1873
6008039,1872
6008539,1872
6009039,1872
6009539,1873
6010039,1873
6010539,1872
6011039,1872
6011539,1872
6012039,1874
6012539,1872
6013039,1872
6013539,1871
6014039,1872
6014539,1873
6015039,1872
6015539,1871
6016039,1872
6016539,1874
6017039,1874
6017539,1872
6018039,1870
6018539,1872
6019039,1872
6019539,1872
6020039,1872
6020539,1872
6021039,1872
6021539,1872
6022039,1872
6022539,1872
6023039,1872
6023539,1877
6024039,1872
6024539,1872
6025039,1872
6025539,1873
6026039,1872
6026539,1872
6027039,1872
6027539,1872
6028039,1871
6028539,1873
6029039,1872
6029539,1869
6030039,1872
6030539,1872
6031039,1872
6031539,1872
6032039,1872
6032539,1872
6033039,1873
6033539,1872
6034039,1872
6034539,1872
6035039,1872
6035539,1871
6036039,1872
6036539,1872
6037039,1872
6037539,1869
6038039,1872
6038539,1872
6039039,1871
6039539,1872
6040039,1872
6040539,1872
6041039,1873
6041539,1872
6042039,1874
6042539,1872
6043039,1872
6043539,1871
6044039,1872
6044539,1872
6045039,1872
6045539,1872
6046039,1875
6046539,1871
6047039,1873
6047539,1877
6048039,1872
6048539,1873
6049039,1872
6049539,1871
6050039,1872
6050539,1872
6051039,1872
6051539,1872
6052039,1872
6052539,1872
6053039,1872
6053539,1873
6054039,1871
6054539,1872
6055039,1872
6055539,1871
6056039,1872
6056539,1872
6057039,1873
6057539,1870
6058039,1872
6058539,1872
6059039,1873
6059539,1872
6060039,1874
6060539,1872
6061039,1872
6061539,1872
6062039,1871
6062539,1871
6063039,1872
6063539,1872
6064039,1872
6064539,1872
6065039,1873
6065539,1872
6066039,1872
6066539,1876
6067039,1872
6067539,1870
6068039,1872
6068539,1872
6069039,1872
6069539,1873
6070039,1873
6070539,1872
6071039,1872
6071539,1872
6072039,1872
6072539,1872
6073039,1872
6073539,1873
6074039,1872
6074539,1872
6075039,1872
6075539,1869
6076039,1872
6076539,1873
6077039,1873
6077539,1872
6078039,1874
6078539,1872
6079039,1873
6079539,1873
6080039,1873
6080539,1872
6081039,1872
6081539,1873
6082039,1872
6082539,1871
6083039,1872
6083539,1872
6084039,1874
6084539,1872
6085039,1871
6085539,1872
6086039,1872
6086539,1872
6087039,1873
6087539,1872
6088039,1872
6088539,1872
6089039,1872
6089539,1874
6090039,1872
6090539,1872
6091039,1872
6091539,1872
6092039,1872
6092539,1871
6093039,1872
6093539,1872
6094039,1872
6094539,1872
6095039,1872
6095539,1873
6096039,1871
6096539,1872
6097039,1872
6097539,1872
6098039,1873
6098539,1871
6099039,1872
6099539,1872
6100039,1872
6100539,1872
6101039,1871
6101539,1872
6102039,1872
6102539,1873
6103039,1873
6103539,1871
6104039,1872
6104539,1873
6105039,1875
6105539,1872
6106039,1872
6106539,1873
6107039,1872
6107539,1871
6108039,1871
6108539,1872
6109039,1872
6109539,1871
6110039,1872
6110539,1872
6111039,1873
6111539,1872
6112039,1872
6112539,1872
6113039,1872
6113539,1872
6114039,1874
6114539,1871
6115039,1872
6115539,1874
6116039,1872
6116539,1873
6117039,1872
6117539,1867
6118039,1873
6118539,1872
6119039,1872
6119539,1872
6120039,1872
6120539,1872
6121039,1872
6121539,1876
6122039,1872
6122539,1872
6123039,1873
6123539,1872
6124039,1872
6124539,1873
6125039,1872
6125539,1872
6126039,1872
6126539,1872
6127039,1872
6127539,1872
6128039,1872
6128539,1872
6129039,1873
6129539,1871
6130039,1873
6130539,1872
6131039,1872
6131539,1872
6132039,1872
6132539,1872
6133039,1872
6133539,1872
6134039,1872
6134539,1872
6135039,1872
6135539,1872
6136039,1872
6136539,1872
6137039,1872
6137539,1872
6138039,1871
6138539,1871
6139039,1872
6139539,1872
6140039,1872
6140539,1872
6141039,1872
6141539,1872
6142039,1872
6142539,1873
6143039,1872
6143539,1871
6144039,1873
6144539,1872
6145039,1872
6145539,1872
6146039,1872
6146539,1872
6147039,1872
6147539,1874
6148039,1872
6148539,1872
6149039,1872
6149539,1872
6150039,1872
6150539,1874
6151039,1873
6151539,1872
6152039,1870
6152539,1871
6153039,1872
6153539,1872
6154039,1873
6154539,1872
6155039,1872
6155539,1872
6156039,1873
6156539,1873
6157039,1872
6157539,1871
6158039,1872
6158539,1873
6159039,1872
6159539,1873
6160039,1876
6160539,1874
6161039,1872
6161539,1871
6162039,1873
6162539,1872
6163039,1873
6163539,1872
6164039,1872
6164539,1872
6165039,1872
6165539,1872
6166039,1872
6166539,1872
6167039,1872
6167539,1872
6168039,1872
6168539,1873
6169039,1872
6169539,1873
6170039,1872
6170539,1873
6171039,1872
6171539,1872
6172039,1869
6172539,1872
6173039,1872
6173539,1872
6174039,1872
6174539,1872
6175039,1872
6175539,1872
6176039,1872
6176539,1872
6177039,1872
6177539,1872
6178039,1872
6178539,1872
6179039,1872
6179539,1872
6180039,1874
6180539,1872
6181039,1872
6181539,1872
6182039,1872
6182539,1872
6183039,1872
6183539,1872
6184039,1872
6184539,1872
6185039,1872
6185539,1873
6186039,1872
6186539,1872
6187039,1872
6187539,1872
6188039,1872
6188539,1873
6189039,1875
6189539,1872
6190039,1873
6190539,1873
6191039,1872
6191539,1872
6192039,1875
6192539,1872
6193039,1872
6193539,1872
6194039,1872
6194539,1875
6195039,1872
6195539,1872
6196039,1872
6196539,1872
6197039,1873
6197539,1872
6198039,1872
6198539,1873
6199039,1872
6199539,1873
6200039,1872
6200539,1872
6201039,1873
6201539,1873
6202039,1872
6202539,1873
6203039,1873
6203539,1872
6204039,1872
6204539,1872
6205039,1872
6205539,1873
6206039,1871
6206539,1873
6207039,1872
6207539,1872
6208039,1872
6208539,1873
6209039,1872
6209539,1872
6210039,1872
6210539,1872
6211039,1872
6211539,1872
6212039,1872
6212539,1872
6213039,1871
6213539,1871
6214039,1872
6214539,1873
6215039,1872
6215539,1872
6216039,1872
6216539,1872
6217039,1872
6217539,1872
6218039,1873
6218539,1872
6219039,1872
6219539,1872
6220039,1872
6220539,1872
6221039,1872
6221539,1872
6222039,1873
6222539,1872
6223039,1874
6223539,1872
6224039,1874
6224539,1872
6225039,1872
6225539,1872
6226039,1872
6226539,1873
6227039,1874
6227539,1872
6228039,1873
6228539,1874
6229039,1871
6229539,1873
6230039,1873
6230539,1872
6231039,1870
6231539,1872
6232039,1872
6232539,1873
6233039,1872
6233539,1872
6234039,1872
6234539,1871
6235039,1872
6235539,1872
6236039,1873
6236539,1872
6237039,1872
6237539,1871
6238039,1872
6238539,1872
6239039,1872
6239539,1872
6240039,1873
6240539,1872
6241039,1873
6241539,1874
6242039,1872
6242539,1872
6243039,1872
6243539,1873
6244039,1872
6244539,1872
6245039,1872
6245539,1872
6246039,1872
6246539,1872
6247039,1873
6247539,1872
6248039,1872
6248539,1872
6249039,1872
6249539,1872
6250039,1872
6250539,1873
6251039,1872
6251539,1872
6252039,1872
6252539,1872
6253039,1872
6253539,1873
6254039,1872
6254539,1872
6255039,1873
6255539,1873
6256039,1872
6256539,1872
6257039,1872
6257539,1872
6258039,1872
6258539,1872
6259039,1872
6259539,1871
6260039,1871
6260539,1873
6261039,1872
6261539,1872
6262039,1873
6262539,1872
6263039,1873
6263539,1872
6264039,1872
6264539,1875
6265039,1873
6265539,1873
6266039,1872
6266539,1871
6267039,1872
6267539,1872
6268039,1872
6268539,1872
6269039,1872
6269539,1872
6270039,1871
6270539,1872
6271039,1872
6271539,1872
6272039,1871
6272539,1873
6273039,1873
6273539,1873
6274039,1872
6274539,1872
6275039,1872
6275539,1872
6276039,1872
6276539,1872
6277039,1872
6277539,1872
6278039,1872
6278539,1872
6279039,1872
6279539,1872
6280039,1872
6280539,1874
6281039,1872
6281539,1872
6282039,1872
6282539,1874
6283039,1873
6283539,1873
6284039,1874
6284539,1872
6285039,1872
6285539,1873
6286039,1872
6286539,1871
6287039,1872
6287539,1872
6288039,1872
6288539,1872
6289039,1872
6289539,1872
6290039,1872
6290539,1872
6291039,1874
6291539,1873
6292039,1873
6292539,1873
6293039,1872
6293539,1872
6294039,1872
6294539,1872
6295039,1872
6295539,1872
6296039,1873
6296539,1872
6297039,1872
6297539,1872
6298039,1872
6298539,1872
6299039,1872
6299539,1872
6300039,1872
6300539,1873
6301039,1872
6301539,1872
6302039,1874
6302539,1872
6303039,1872
6303539,1874
6304039,1872
6304539,1872
6305039,1873
6305539,1872
6306039,1872
6306539,1871
6307039,1872
6307539,1872
6308039,1872
6308539,1872
6309039,1873
6309539,1872
6310039,1871
6310539,1873
6311039,1873
6311539,1872
6312039,1872
6312539,1872
6313039,1871
6313539,1873
6314039,1875
6314539,1872
6315039,1872
6315539,1873
6316039,1873
6316539,1874
6317039,1872
6317539,1873
6318039,1876
6318539,1872
6319039,1872
6319539,1872
6320039,1872
6320539,1872
6321039,1872
6321539,1872
6322039,1872
6322539,1872
6323039,1872
6323539,1872
6324039,1873
6324539,1871
6325039,1872
6325539,1872
6326039,1874
6326539,1872
6327039,1872
6327539,1872
6328039,1872
6328539,1873
6329039,1869
6329539,1873
6330039,1872
6330539,1872
6331039,1872
6331539,1872
6332039,1872
6332539,1872
6333039,1872
6333539,1872
6334039,1872
6334539,1872
6335039,1873
6335539,1874
6336039,1872
6336539,1871
6337039,1874
6337539,1872
6338039,1872
6338539,1872
6339039,1872
6339539,1872
6340039,1872
6340539,1873
6341039,1872
6341539,1872
6342039,1873
6342539,1873
6343039,1872
6343539,1873
6344039,1873
6344539,1872
6345039,1872
6345539,1873
6346039,1872
6346539,1872
6347039,1872
6347539,1872
6348039,1873
6348539,1873
6349039,1872
6349539,1872
6350039,1872
6350539,1877
6351039,1872
6351539,1873
6352039,1872
6352539,1872
6353039,1872
6353539,1872
6354039,1872
6354539,1872
6355039,1872
6355539,1872
6356039,1873
6356539,1872
6357039,1872
6357539,1873
6358039,1872
6358539,1872
6359039,1872
6359539,1872
6360039,1872
6360539,1872
6361039,1872
6361539,1872
6362039,1874
6362539,1874
6363039,1873
6363539,1872
6364039,1872
6364539,1874
6365039,1872
6365539,1872
6366039,1870
6366539,1872
6367039,1872
6367539,1872
6368039,1875
6368539,1875
6369039,1872
6369539,1872
6370039,1872
6370539,1872
6371039,1872
6371539,1872
6372039,1871
6372539,1872
6373039,1874
6373539,1873
6374039,1873
6374539,1872
6375039,1872
6375539,1872
6376039,1873
6376539,1872
6377039,1872
6377539,1872
6378039,1872
6378539,1872
6379039,1871
6379539,1872
6380039,1872
6380539,1876
6381039,1874
6381539,1874
6382039,1873
6382539,1872
6383039,1874
6383539,1872
6384039,1874
6384539,1874
6385039,1871
6385539,1872
6386039,1872
6386539,1872
6387039,1874
6387539,1872
6388039,1871
6388539,1872
6389039,1872
6389539,1872
6390039,1873
6390539,1873
6391039,1872
6391539,1872
6392039,1872
6392539,1872
6393039,1872
6393539,1870
6394039,1869
6394539,1872
6395039,1872
6395539,1872
6396039,1872
6396539,1875
6397039,1872
6397539,1872
6398039,1872
6398539,1871
6399039,1872
6399539,1872
6400039,1873
6400539,1873
6401039,1872
6401539,1872
6402039,1872
6402539,1871
6403039,1871
6403539,1872
6404039,1873
6404539,1872
6405039,1873
6405539,1873
6406039,1872
6406539,1872
6407039,1872
6407539,1872
6408039,1872
6408539,1872
6409039,1872
6409539,1872
6410039,1872
6410539,1872
6411039,1874
6411539,1872
6412039,1871
6412539,1871
6413039,1872
6413539,1872
6414039,1872
6414539,1872
6415039,1873
6415539,1872
6416039,1872
6416539,1872
6417039,1875
6417539,1872
6418039,1873
6418539,1872
6419039,1870
6419539,1872
6420039,1871
6420539,1874
6421039,1872
6421539,1871
6422039,1870
6422539,1872
6423039,1872
6423539,1873
6424039,1872
6424539,1872
6425039,1873
6425539,1871
6426039,1873
6426539,1873
6427039,1871
6427539,1872
6428039,1872
6428539,1875
6429039,1871
6429539,1872
6430039,1872
6430539,1873
6431039,1872
6431539,1872
6432039,1872
6432539,1872
6433039,1872
6433539,1872
6434039,1872
6434539,1872
6435039,1872
6435539,1872
6436039,1872
6436539,1873
6437039,1874
6437539,1872
6438039,1870
6438539,1872
6439039,1873
6439539,1873
6440039,1872
6440539,1872
6441039,1872
6441539,1872
6442039,1872
6442539,1873
6443039,1873
6443539,1872
6444039,1872
6444539,1871
6445039,1875
6445539,1872
6446039,1872
6446539,1874
6447039,1872
6447539,1873
6448039,1873
6448539,1873
6449039,1872
6449539,1872
6450039,1873
6450539,1873
6451039,1872
6451539,1872
6452039,1875
6452539,1872
6453039,1871
6453539,1873
6454039,1873
6454539,1872
6455039,1872
6455539,1871
6456039,1872
6456539,1874
6457039,1871
6457539,1872
6458039,1871
6458539,1872
6459039,1872
6459539,1873
6460039,1873
6460539,1873
6461039,1872
6461539,1872
6462039,1872
6462539,1873
6463039,1872
6463539,1872
6464039,1873
6464539,1872
6465039,1872
6465539,1872
6466039,1872
6466539,1874
6467039,1872
6467539,1872
6468039,1872
6468539,1874
6469039,1872
6469539,1872
6470039,1872
6470539,1873
6471039,1873
6471539,1874
6472039,1872
6472539,1873
6473039,1874
6473539,1872
6474039,1871
6474539,1872
6475039,1873
6475539,1872
6476039,1872
6476539,1872
6477039,1872
6477539,1872
6478039,1872
6478539,1873
6479039,1871
6479539,1872
6480039,1872
6480539,1872
6481039,1872
6481539,1872
6482039,1872
6482539,1872
6483039,1872
6483539,1872
6484039,1873
6484539,1871
6485039,1872
6485539,1872
6486039,1873
6486539,1872
6487039,1872
6487539,1873
6488039,1872
6488539,1872
6489039,1873
6489539,1872
6490039,1872
6490539,1873
6491039,1870
6491539,1872
6492039,1873
6492539,1872
6493039,1872
6493539,1871
6494039,1871
6494539,1872
6495039,1872
6495539,1872
6496039,1872
6496539,1872
6497039,1872
6497539,1872
6498039,1872
6498539,1871
6499039,1872
6499539,1872
6500039,1874
6500539,1874
6501039,1872
6501539,1872
6502039,1875
6502539,1872
6503039,1872
6503539,1872
6504039,1872
6504539,1872
6505039,1872
6505539,1873
6506039,1871
6506539,1872
6507039,1873
6507539,1872
6508039,1874
6508539,1872
6509039,1871
6509539,1871
6510039,1872
6510539,1871
6511039,1872
6511539,1872
6512039,1873
6512539,1874
6513039,1872
6513539,1873
6514039,1872
6514539,1872
6515039,1872
6515539,1872
6516039,1872
6516539,1873
6517039,1872
6517539,1872
6518039,1874
6518539,1872
6519039,1872
6519539,1872
6520039,1872
6520539,1872
6521039,1872
6521539,1871
6522039,1869
6522539,1872
6523039,1874
6523539,1872
6524039,1872
6524539,1872
6525039,1872
6525539,1872
6526039,1872
6526539,1872
6527039,1872
6527539,1872
6528039,1872
6528539,1873
6529039,1873
6529539,1873
6530039,1872
6530539,1872
6531039,1872
6531539,1872
6532039,1872
6532539,1873
6533039,1872
6533539,1872
6534039,1872
6534539,1872
6535039,1872
6535539,1873
6536039,1872
6536539,1872
6537039,1872
6537539,1872
6538039,1874
6538539,1873
6539039,1872
6539539,1872
6540039,1872
6540539,1872
6541039,1872
6541539,1874
6542039,1872
6542539,1872
6543039,1872
6543539,1872
6544039,1875
6544539,1874
6545039,1872
6545539,1872
6546039,1871
6546539,1872
6547039,1872
6547539,1872
6548039,1872
6548539,1872
6549039,1876
6549539,1872
6550039,1872
6550539,1872
6551039,1872
6551539,1873
6552039,1872
6552539,1872
6553039,1872
6553539,1870
6554039,1872
6554539,1872
6555039,1871
6555539,1873
6556039,1872
6556539,1872
6557039,1872
6557539,1873
6558039,1872
6558539,1872
6559039,1872
6559539,1874
6560039,1872
6560539,1875
6561039,1872
6561539,1872
6562039,1871
6562539,1872
6563039,1872
6563539,1873
6564039,1872
6564539,1872
6565039,1873
6565539,1874
6566039,1872
6566539,1872
6567039,1872
6567539,1871
6568039,1873
6568539,1872
6569039,1872
6569539,1872
6570039,1875
6570539,1873
6571039,1872
6571539,1872
6572039,1876
6572539,1872
6573039,1872
6573539,1872
6574039,1873
6574539,1872
6575039,1872
6575539,1873
6576039,1872
6576539,1872
6577039,1872
6577539,1871
6578039,1873
6578539,1872
6579039,1873
6579539,1872
6580039,1873
6580539,1872
6581039,1872
6581539,1872
6582039,1872
6582539,1872
6583039,1873
6583539,1873
6584039,1873
6584539,1872
6585039,1874
6585539,1873
6586039,1872
6586539,1872
6587039,1872
6587539,1873
6588039,1873
6588539,1872
6589039,1872
6589539,1872
6590039,1872
6590539,1874
6591039,1873
6591539,1872
6592039,1872
6592539,1873
6593039,1873
6593539,1872
6594039,1872
6594539,1872
6595039,1874
6595539,1872
6596039,1873
6596539,1872
6597039,1872
6597539,1875
6598039,1872
6598539,1872
6599039,1872
6599539,1872
6600039,1871
6600539,1873
6601039,1872
6601539,1872
6602039,1877
6602539,1872
6603039,1871
6603539,1872
6604039,1874
6604539,1872
6605039,1875
6605539,1872
6606039,1872
6606539,1873
6607039,1872
6607539,1872
6608039,1871
6608539,1873
6609039,1872
6609539,1872
6610039,1873
6610539,1872
6611039,1873
6611539,1873
6612039,1874
6612539,1872
6613039,1872
6613539,1873
6614039,1871
6614539,1871
6615039,1873
6615539,1872
6616039,1872
6616539,1873
6617039,1872
6617539,1872
6618039,1872
6618539,1872
6619039,1872
6619539,1874
6620039,1871
6620539,1874
6621039,1872
6621539,1873
6622039,1874
6622539,1873
6623039,1873
6623539,1874
6624039,1870
6624539,1872
6625039,1872
6625539,1872
6626039,1874
6626539,1871
6627039,1872
6627539,1873
6628039,1872
6628539,1873
6629039,1872
6629539,1872
6630039,1871
6630539,1872
6631039,1873
6631539,1872
6632039,1872
6632539,1872
6633039,1872
6633539,1873
6634039,1872
6634539,1872
6635039,1872
6635539,1872
6636039,1870
6636539,1872
6637039,1872
6637539,1872
6638039,1873
6638539,1872
6639039,1872
6639539,1874
6640039,1873
6640539,1871
6641039,1872
6641539,1872
6642039,1871
6642539,1871
6643039,1872
6643539,1872
6644039,1873
6644539,1873
6645039,1872
6645539,1872
6646039,1872
6646539,1872
6647039,1871
6647539,1872
6648039,1871
6648539,1872
6649039,1872
6649539,1872
6650039,1871
6650539,1872
6651039,1872
6651539,1872
6652039,1872
6652539,1872
6653039,1872
6653539,1872
6654039,1872
6654539,1872
6655039,1872
6655539,1872
6656039,1872
6656539,1875
6657039,1872
6657539,1872
6658039,1872
6658539,1872
6659039,1872
6659539,1872
6660039,1874
6660539,1872
6661039,1872
6661539,1872
6662039,1871
6662539,1873
6663039,1872
6663539,1872
6664039,1872
6664539,1872
6665039,1872
6665539,1872
6666039,1872
6666539,1873
6667039,1872
6667539,1872
6668039,1873
6668539,1873
6669039,1872
6669539,1871
6670039,1873
6670539,1878
6671039,1872
6671539,1871
6672039,1875
6672539,1873
6673039,1872
6673539,1872
6674039,1872
6674539,1872
6675039,1873
6675539,1872
6676039,1872
6676539,1872
6677039,1872
6677539,1873
6678039,1872
6678539,1872
6679039,1872
6679539,1872
6680039,1873
6680539,1873
6681039,1872
6681539,1873
6682039,1871
6682539,1874
6683039,1872
6683539,1872
6684039,1872
6684539,1872
6685039,1872
6685539,1872
6686039,1872
6686539,1872
6687039,1872
6687539,1872
6688039,1872
6688539,1872
6689039,1872
6689539,1873
6690039,1872
6690539,1874
6691039,1872
6691539,1872
6692039,1878
6692539,1875
6693039,1872
6693539,1872
6694039,1873
6694539,1871
6695039,1871
6695539,1872
6696039,1871
6696539,1872
6697039,1872
6697539,1872
6698039,1872
6698539,1874
6699039,1872
6699539,1873
6700039,1872
6700539,1872
6701039,1872
6701539,1872
6702039,1873
6702539,1872
6703039,1872
6703539,1873
6704039,1872
6704539,1874
6705039,1873
6705539,1872
6706039,1873
6706539,1872
6707039,1872
6707539,1872
6708039,1874
6708539,1872
6709039,1872
6709539,1872
6710039,1869
6710539,1875
6711039,1872
6711539,1872
6712039,1875
6712539,1872
6713039,1872
6713539,1874
6714039,1871
6714539,1872
6715039,1872
6715539,1872
6716039,1872
6716539,1873
6717039,1872
6717539,1872
6718039,1873
6718539,1873
6719039,1872
6719539,1872
6720039,1873
6720539,1874
6721039,1874
6721539,1872
6722039,1872
6722539,1872
6723039,1873
6723539,1872
6724039,1874
6724539,1873
6725039,1873
6725539,1872
6726039,1872
6726539,1873
6727039,1872
6727539,1872
6728039,1869
6728539,1872
6729039,1872
6729539,1872
6730039,1872
6730539,1872
6731039,1871
6731539,1872
6732039,1874
6732539,1875
6733039,1875
6733539,1872
6734039,1869
6734539,1872
6735039,1872
6735539,1873
6736039,1873
6736539,1872
6737039,1873
6737539,1871
6738039,1871
6738539,1872
6739039,1872
6739539,1872
6740039,1873
6740539,1875
6741039,1875
6741539,1873
6742039,1873
6742539,1873
6743039,1872
6743539,1873
6744039,1872
6744539,1874
6745039,1872
6745539,1873
6746039,1873
6746539,1874
6747039,1872
6747539,1872
6748039,1873
6748539,1874
6749039,1872
6749539,1873
6750039,1873
6750539,1873
6751039,1874
6751539,1873
6752039,1872
6752539,1872
6753039,1872
6753539,1872
6754039,1871
6754539,1873
6755039,1872
6755539,1872
6756039,1872
6756539,1872
6757039,1872
6757539,1872
6758039,1872
6758539,1873
6759039,1872
6759539,1873
6760039,1872
6760539,1872
6761039,1872
6761539,1872
6762039,1872
6762539,1870
6763039,1872
6763539,1872
6764039,1873
6764539,1872
6765039,1872
6765539,1872
6766039,1873
6766539,1872
6767039,1872
6767539,1874
6768039,1872
6768539,1873
6769039,1873
6769539,1872
6770039,1869
6770539,1872
6771039,1872
6771539,1874
6772039,1872
6772539,1872
6773039,1872
6773539,1871
6774039,1873
6774539,1872
6775039,1872
6775539,1872
6776039,1872
6776539,1872
6777039,1872
6777539,1871
6778039,1872
6778539,1872
6779039,1872
6779539,1872
6780039,1875
6780539,1872
6781039,1871
6781539,1872
6782039,1872
6782539,1872
6783039,1872
6783539,1872
6784039,1872
6784539,1872
6785039,1872
6785539,1873
6786039,1872
6786539,1872
6787039,1875
6787539,1872
6788039,1872
6788539,1872
6789039,1872
6789539,1872
6790039,1872
6790539,1872
6791039,1872
6791539,1872
6792039,1873
6792539,1875
6793039,1873
6793539,1872
6794039,1872
6794539,1872
6795039,1873
6795539,1872
6796039,1872
6796539,1873
6797039,1872
6797539,1872
6798039,1872
6798539,1872
6799039,1872
6799539,1872
6800039,1873
6800539,1872
6801039,1872
6801539,1872
6802039,1875
6802539,1872
6803039,1874
6803539,1872
6804039,1872
6804539,1872
6805039,1872
6805539,1872
6806039,1872
6806539,1872
6807039,1872
6807539,1874
6808039,1874
6808539,1872
6809039,1875
6809539,1872
6810039,1873
6810539,1872
6811039,1872
6811539,1872
6812039,1872
6812539,1874
6813039,1871
6813539,1875
6814039,1870
6814539,1872
6815039,1873
6815539,1874
6816039,1874
6816539,1875
6817039,1872
6817539,1875
6818039,1874
6818539,1874
6819039,1871
6819539,1873
6820039,1873
6820539,1871
6821039,1872
6821539,1873
6822039,1872
6822539,1872
6823039,1872
6823539,1873
6824039,1872
6824539,1872
6825039,1872
6825539,1872
6826039,1872
6826539,1874
6827039,1872
6827539,1873
6828039,1872
6828539,1873
6829039,1872
6829539,1872
6830039,1872
6830539,1871
6831039,1873
6831539,1877
6832039,1872
6832539,1872
6833039,1874
6833539,1871
6834039,1873
6834539,1872
6835039,1872
6835539,1873
6836039,1873
6836539,1873
6837039,1872
6837539,1873
6838039,1872
6838539,1873
6839039,1873
6839539,1873
6840039,1873
6840539,1875
6841039,1872
6841539,1872
6842039,1872
6842539,1872
6843039,1872
6843539,1873
6844039,1872
6844539,1872
6845039,1872
6845539,1873
6846039,1871
6846539,1873
6847039,1872
6847539,1874
6848039,1872
6848539,1873
6849039,1872
6849539,1872
6850039,1872
6850539,1873
6851039,1872
6851539,1873
6852039,1872
6852539,1873
6853039,1872
6853539,1875
6854039,1872
6854539,1872
6855039,1872
6855539,1873
6856039,1872
6856539,1872
6857039,1872
6857539,1872
6858039,1872
6858539,1873
6859039,1872
6859539,1872
6860039,1873
6860539,1876
6861039,1873
6861539,1872
6862039,1872
6862539,1873
6863039,1872
6863539,1872
6864039,1873
6864539,1872
6865039,1872
6865539,1872
6866039,1873
6866539,1873
6867039,1875
6867539,1872
6868039,1873
6868539,1872
6869039,1872
6869539,1872
6870039,1873
6870539,1872
6871039,1872
6871539,1873
6872039,1872
6872539,1872
6873039,1872
6873539,1872
6874039,1873
6874539,1872
6875039,1873
6875539,1872
6876039,1873
6876539,1872
6877039,1872
6877539,1872
6878039,1872
6878539,1874
6879039,1872
6879539,1872
6880039,1874
6880539,1872
6881039,1872
6881539,1872
6882039,1872
6882539,1872
6883039,1873
6883539,1872
6884039,1871
6884539,1872
6885039,1872
6885539,1872
6886039,1872
6886539,1874
6887039,1873
6887539,1872
6888039,1873
6888539,1872
6889039,1873
6889539,1872
6890039,1872
6890539,1872
6891039,1872
6891539,1872
6892039,1872
6892539,1873
6893039,1872
6893539,1872
6894039,1873
6894539,1872
6895039,1872
6895539,1872
6896039,1872
6896539,1872
6897039,1872
6897539,1872
6898039,1874
6898539,1872
6899039,1872
6899539,1872
6900039,1872
6900539,1872
6901039,1872
6901539,1873
6902039,1872
6902539,1873
6903039,1872
6903539,1872
6904039,1872
6904539,1872
6905039,1872
6905539,1872
6906039,1872
6906539,1874
6907039,1872
6907539,1872
6908039,1873
6908539,1873
6909039,1871
6909539,1872
6910039,1873
6910539,1872
6911039,1873
6911539,1873
6912039,1872
6912539,1872
6913039,1873
6913539,1872
6914039,1872
6914539,1872
6915039,1872
6915539,1872
6916039,1873
6916539,1872
6917039,1874
6917539,1872
6918039,1873
6918539,1872
6919039,1872
6919539,1872
6920039,1872
6920539,1872
6921039,1872
6921539,1872
6922039,1872
6922539,1873
6923039,1872
6923539,1872
6924039,1872
6924539,1873
6925039,1872
6925539,1873
6926039,1872
6926539,1873
6927039,1872
6927539,1872
6928039,1872
6928539,1872
6929039,1872
6929539,1872
6930039,1872
6930539,1872
6931039,1872
6931539,1872
6932039,1873
6932539,1872
6933039,1873
6933539,1872
6934039,1872
6934539,1872
6935039,1872
6935539,1872
6936039,1872
6936539,1872
6937039,1872
6937539,1872
6938039,1873
6938539,1874
6939039,1873
6939539,1872
6940039,1872
6940539,1872
6941039,1872
6941539,1872
6942039,1872
6942539,1872
6943039,1872
6943539,1871
6944039,1871
6944539,1875
6945039,1872
6945539,1873
6946039,1872
6946539,1873
6947039,1872
6947539,1872
6948039,1872
6948539,1872
6949039,1872
6949539,1872
6950039,1872
6950539,1872
6951039,1872
6951539,1872
6952039,1872
6952539,1873
6953039,1872
6953539,1872
6954039,1872
6954539,1872
6955039,1873
6955539,1872
6956039,1872
6956539,1872
6957039,1872
6957539,1872
6958039,1872
6958539,1872
6959039,1872
6959539,1872
6960039,1872
6960539,1873
6961039,1872
6961539,1872
6962039,1872
6962539,1873
6963039,1873
6963539,1872
6964039,1871
6964539,1872
6965039,1873
6965539,1872
6966039,1872
6966539,1873
6967039,1872
6967539,1872
6968039,1872
6968539,1873
6969039,1872
6969539,1872
6970039,1871
6970539,1870
6971039,1872
6971539,1872
6972039,1872
6972539,1873
6973039,1872
6973539,1874
6974039,1872
6974539,1872
6975039,1871
6975539,1872
6976039,1872
6976539,1872
6977039,1872
6977539,1873
6978039,1872
6978539,1874
6979039,1875
6979539,1872
6980039,1872
6980539,1872
6981039,1873
6981539,1872
6982039,1872
6982539,1872
6983039,1872
6983539,1872
6984039,1872
6984539,1872
6985039,1872
6985539,1872
6986039,1872
6986539,1872
6987039,1874
6987539,1873
6988039,1873
6988539,1872
6989039,1872
6989539,1872
6990039,1873
6990539,1873
6991039,1875
6991539,1871
6992039,1873
6992539,1872
6993039,1871
6993539,1873
6994039,1873
6994539,1872
6995039,1873
6995539,1872
6996039,1872
6996539,1872
6997039,1879
6997539,1874
6998039,1872
6998539,1872
6999039,1873
6999539,1875
7000039,1872
7000539,1872
7001039,1872
7001539,1872
7002039,1874
7002539,1871
7003039,1872
7003539,1874
7004039,1872
7004539,1872
7005039,1872
7005539,1872
7006039,1872
7006539,1872
7007039,1872
7007539,1872
7008039,1872
7008539,1875
7009039,1872
7009539,1872
7010039,1872
7010539,1872
7011039,1870
7011539,1872
7012039,1872
7012539,1872
7013039,1874
7013539,1872
7014039,1872
7014539,1873
7015039,1875
7015539,1872
7016039,1872
7016539,1872
7017039,1872
7017539,1873
7018039,1872
7018539,1872
7019039,1872
7019539,1873
7020039,1873
7020539,1872
7021039,1872
7021539,1872
7022039,1873
7022539,1874
7023039,1872
7023539,1873
7024039,1872
7024539,1872
7025039,1874
7025539,1871
7026039,1873
7026539,1871
7027039,1872
7027539,1872
7028039,1874
7028539,1872
7029039,1872
7029539,1872
7030039,1871
7030539,1872
7031039,1872
7031539,1873
7032039,1872
7032539,1872
7033039,1872
7033539,1872
7034039,1871
7034539,1872
7035039,1873
7035539,1874
7036039,1872
7036539,1872
7037039,1872
7037539,1873
7038039,1872
7038539,1872
7039039,1872
7039539,1873
7040039,1872
7040539,1872
7041039,1872
7041539,1873
7042039,1871
7042539,1872
7043039,1873
7043539,1874
7044039,1872
7044539,1872
7045039,1872
7045539,1872
7046039,1872
7046539,1872
7047039,1872
7047539,1872
7048039,1870
7048539,1873
7049039,1872
7049539,1872
7050039,1873
7050539,1871
7051039,1872
7051539,1872
7052039,1873
7052539,1872
7053039,1875
7053539,1872
7054039,1873
7054539,1872
7055039,1871
7055539,1872
7056039,1872
7056539,1873
7057039,1871
7057539,1872
7058039,1873
7058539,1872
7059039,1872
7059539,1872
7060039,1872
7060539,1872
7061039,1872
7061539,1873
7062039,1872
7062539,1872
7063039,1871
7063539,1872
7064039,1873
7064539,1872
7065039,1872
7065539,1874
7066039,1872
7066539,1872
7067039,1873
7067539,1872
7068039,1872
7068539,1875
7069039,1872
7069539,1872
7070039,1872
7070539,1872
7071039,1872
7071539,1872
7072039,1874
7072539,1872
7073039,1873
7073539,1872
7074039,1873
7074539,1872
7075039,1874
7075539,1872
7076039,1872
7076539,1872
7077039,1872
7077539,1872
7078039,1872
7078539,1872
7079039,1872
7079539,1872
7080039,1872
7080539,1873
7081039,1872
7081539,1871
7082039,1871
7082539,1872
7083039,1872
7083539,1872
7084039,1872
7084539,1872
7085039,1872
7085539,1872
7086039,1872
7086539,1871
7087039,1872
7087539,1873
7088039,1872
7088539,1874
7089039,1871
7089539,1872
7090039,1872
7090539,1873
7091039,1872
7091539,1873
7092039,1872
7092539,1872
7093039,1873
7093539,1872
7094039,1872
7094539,1874
7095039,1872
7095539,1872
7096039,1872
7096539,1874
7097039,1872
7097539,1873
7098039,1872
7098539,1872
7099039,1874
7099539,1872
7100039,1872
7100539,1871
7101039,1872
7101539,1872
7102039,1871
7102539,1872
7103039,1871
7103539,1872
7104039,1872
7104539,1872
7105039,1872
7105539,1872
7106039,1872
7106539,1873
7107039,1872
7107539,1872
7108039,1872
7108539,1872
7109039,1872
7109539,1872
7110039,1874
7110539,1872
7111039,1872
7111539,1872
7112039,1872
7112539,1873
7113039,1873
7113539,1872
7114039,1872
7114539,1873
7115039,1872
7115539,1872
7116039,1872
7116539,1872
7117039,1874
7117539,1872
7118039,1872
7118539,1874
7119039,1875
7119539,1874
7120039,1872
7120539,1874
7121039,1871
7121539,1872
7122039,1872
7122539,1872
7123039,1874
7123539,1872
7124039,1872
7124539,1872
7125039,1872
7125539,1872
7126039,1872
7126539,1871
7127039,1871
7127539,1872
7128039,1872
7128539,1872
7129039,1874
7129539,1874
7130039,1872
7130539,1872
7131039,1872
7131539,1872
7132039,1873
7132539,1872
7133039,1872
7133539,1872
7134039,1873
7134539,1874
7135039,1872
7135539,1872
7136039,1872
7136539,1873
7137039,1872
7137539,1872
7138039,1873
7138539,1872
7139039,1872
7139539,1873
7140039,1872
7140539,1872
7141039,1872
7141539,1872
7142039,1872
7142539,1872
7143039,1872
7143539,1873
7144039,1872
7144539,1874
7145039,1872
7145539,1872
7146039,1872
7146539,1872
7147039,1870
7147539,1874
7148039,1873
7148539,1874
7149039,1872
7149539,1873
7150039,1872
7150539,1872
7151039,1873
7151539,1872
7152039,1872
7152539,1874
7153039,1872
7153539,1872
7154039,1872
7154539,1872
7155039,1872
7155539,1872
7156039,1874
7156539,1873
7157039,1872
7157539,1871
7158039,1873
7158539,1872
7159039,1872
7159539,1871
7160039,1873
7160539,1872
7161039,1872
7161539,1871
7162039,1873
7162539,1872
7163039,1872
7163539,1872
7164039,1873
7164539,1872
7165039,1872
7165539,1872
7166039,1871
7166539,1871
7167039,1872
7167539,1872
7168039,1872
7168539,1872
7169039,1872
7169539,1872
7170039,1872
7170539,1872
7171039,1873
7171539,1873
7172039,1872
7172539,1872
7173039,1872
7173539,1872
7174039,1874
7174539,1871
7175039,1872
7175539,1872
7176039,1873
7176539,1873
7177039,1873
7177539,1871
7178039,1872
7178539,1871
7179039,1872
7179539,1872
7180039,1872
7180539,1872
7181039,1872
7181539,1872
7182039,1871
7182539,1872
7183039,1871
7183539,1872
7184039,1872
7184539,1872
7185039,1872
7185539,1873
7186039,1872
7186539,1870
7187039,1872
7187539,1874
7188039,1872
7188539,1877
7189039,1873
7189539,1874
7190039,1872
7190539,1872
7191039,1872
7191539,1872
7192039,1872
7192539,1874
7193039,1871
7193539,1873
7194039,1872
7194539,1872
7195039,1872
7195539,1872
7196039,1871
7196539,1874
7197039,1873
7197539,1872
7198039,1871
7198539,1875
7199039,1871
7199539,1872
7200039,1872
7200539,1869
7201039,1873
7201539,1873
7202039,1872
7202539,1872
7203039,1872
7203539,1873
7204039,1873
7204539,1875
7205039,1872
7205539,1872
7206039,1872
7206539,1875
7207039,1873
7207539,1872
7208039,1872
7208539,1872
7209039,1873
7209539,1872
7210039,1871
7210539,1873
7211039,1872
7211539,1872
7212039,1872
7212539,1872
7213039,1872
7213539,1872
7214039,1872
7214539,1872
7215039,1872
7215539,1872
7216039,1872
7216539,1872
7217039,1872
7217539,1872
7218039,1872
7218539,1872
7219039,1872
7219539,1872
7220039,1872
7220539,1869
7221039,1872
7221539,1872
7222039,1872
7222539,1873
7223039,1872
7223539,1872
7224039,1873
7224539,1872
7225039,1872
7225539,1875
7226039,1872
7226539,1871
7227039,1872
7227539,1873
7228039,1872
7228539,1872
7229039,1872
7229539,1871
7230039,1872
7230539,1872
7231039,1871
7231539,1873
7232039,1872
7232539,1871
7233039,1872
7233539,1871
7234039,1872
7234539,1871
7235039,1872
7235539,1872
7236039,1873
7236539,1870
7237039,1873
7237539,1873
7238039,1873
7238539,1872
7239039,1872
7239539,1872
7240039,1872
7240539,1872
7241039,1872
7241539,1874
7242039,1872
7242539,1873
7243039,1872
7243539,1872
7244039,1872
7244539,1873
7245039,1873
7245539,1872
7246039,1872
7246539,1872
7247039,1872
7247539,1873
7248039,1873
7248539,1872
7249039,1872
7249539,1872
7250039,1872
7250539,1873
7251039,1872
7251539,1871
7252039,1874
7252539,1870
7253039,1872
7253539,1872
7254039,1873
7254539,1872
7255039,1872
7255539,1873
7256039,1871
7256539,1872
7257039,1872
7257539,1872
7258039,1872
7258539,1872
7259039,1873
7259539,1872
7260039,1873
7260539,1872
7261039,1875
7261539,1872
7262039,1872
7262539,1872
7263039,1872
7263539,1872
7264039,1872
7264539,1872
7265039,1872
7265539,1872
7266039,1872
7266539,1872
7267039,1871
7267539,1874
7268039,1874
7268539,1872
7269039,1872
7269539,1872
7270039,1873
7270539,1872
7271039,1872
7271539,1875
7272039,1871
7272539,1869
7273039,1872
7273539,1872
7274039,1872
7274539,1877
7275039,1872
7275539,1872
7276039,1872
7276539,1872
7277039,1872
7277539,1872
7278039,1873
7278539,1872
7279039,1872
7279539,1872
7280039,1872
7280539,1874
7281039,1872
7281539,1872
7282039,1872
7282539,1871
7283039,1872
7283539,1872
7284039,1872
7284539,1872
7285039,1872
7285539,1874
7286039,1872
7286539,1874
7287039,1872
7287539,1873
7288039,1872
7288539,1871
7289039,1872
7289539,1873
7290039,1872
7290539,1873
7291039,1872
7291539,1872
7292039,1872
7292539,1873
7293039,1873
7293539,1872
7294039,1873
7294539,1872
7295039,1872
7295539,1872
7296039,1870
7296539,1872
7297039,1874
7297539,1872
7298039,1872
7298539,1872
7299039,1872
7299539,1873
7300039,1875
7300539,1868
7301039,1872
7301539,1872
7302039,1872
7302539,1872
7303039,1877
7303539,1872
7304039,1872
7304539,1874
7305039,1872
7305539,1872
7306039,1873
7306539,1873
7307039,1872
7307539,1872
7308039,1872
7308539,1874
7309039,1872
7309539,1872
7310039,1873
7310539,1872
7311039,1873
7311539,1872
7312039,1872
7312539,1872
7313039,1872
7313539,1872
7314039,1874
7314539,1872
7315039,1872
7315539,1872
7316039,1872
7316539,1872
7317039,1872
7317539,1872
7318039,1872
7318539,1872
7319039,1872
7319539,1872
7320039,1871
7320539,1872
7321039,1872
7321539,1872
7322039,1872
7322539,1872
7323039,1872
7323539,1873
7324039,1872
7324539,1872
7325039,1872
7325539,1873
7326039,1872
7326539,1872
7327039,1871
7327539,1871
7328039,1872
7328539,1874
7329039,1872
7329539,1872
7330039,1874
7330539,1873
7331039,1872
7331539,1872
7332039,1872
7332539,1871
7333039,1871
7333539,1872
7334039,1872
7334539,1872
7335039,1872
7335539,1872
7336039,1872
7336539,1872
7337039,1872
7337539,1874
7338039,1872
7338539,1871
7339039,1872
7339539,1872
7340039,1872
7340539,1872
7341039,1873
7341539,1873
7342039,1872
7342539,1872
7343039,1875
7343539,1872
7344039,1872
7344539,1873
7345039,1872
7345539,1872
7346039,1872
7346539,1872
7347039,1872
7347539,1871
7348039,1873
7348539,1876
7349039,1872
7349539,1872
7350039,1872
7350539,1872
7351039,1872
7351539,1872
7352039,1872
7352539,1872
7353039,1872
7353539,1872
7354039,1873
7354539,1872
7355039,1874
7355539,1872
7356039,1872
7356539,1872
7357039,1872
7357539,1872
7358039,1872
7358539,1873
7359039,1874
7359539,1872
7360039,1872
7360539,1872
7361039,1872
7361539,1872
7362039,1872
7362539,1870
7363039,1875
7363539,1872
7364039,1872
7364539,1873
7365039,1872
7365539,1872
7366039,1872
7366539,1872
7367039,1870
7367539,1872
7368039,1872
7368539,1872
7369039,1873
7369539,1875
7370039,1872
7370539,1871
7371039,1872
7371539,1872
7372039,1872
7372539,1872
7373039,1872
7373539,1872
7374039,1872
7374539,1871
7375039,1872
7375539,1872
7376039,1872
7376539,1873
7377039,1874
7377539,1872
7378039,1873
7378539,1873
7379039,1873
7379539,1872
7380039,1872
7380539,1869
7381039,1873
7381539,1869
7382039,1872
7382539,1872
7383039,1872
7383539,1872
7384039,1872
7384539,1873
7385039,1872
7385539,1872
7386039,1872
7386539,1872
7387039,1872
7387539,1872
7388039,1874
7388539,1873
7389039,1872
7389539,1872
7390039,1872
7390539,1872
7391039,1872
7391539,1872
7392039,1872
7392539,1872
7393039,1872
7393539,1872
7394039,1872
7394539,1873
7395039,1874
7395539,1872
7396039,1872
7396539,1872
7397039,1872
7397539,1872
7398039,1872
7398539,1872
7399039,1872
7399539,1872
7400039,1872
7400539,1871
7401039,1872
7401539,1872
7402039,1872
7402539,1872
7403039,1871
7403539,1872
7404039,1872
7404539,1872
7405039,1872
7405539,1872
7406039,1872
7406539,1872
7407039,1872
7407539,1872
7408039,1872
7408539,1872
7409039,1871
7409539,1873
7410039,1872
7410539,1872
7411039,1872
7411539,1872
7412039,1872
7412539,1873
7413039,1872
7413539,1872
7414039,1873
7414539,1872
7415039,1872
7415539,1873
7416039,1870
7416539,1872
7417039,1872
7417539,1873
7418039,1870
7418539,1873
7419039,1872
7419539,1872
7420039,1873
7420539,1871
7421039,1872
7421539,1872
7422039,1872
7422539,1873
7423039,1872
7423539,1872
7424039,1872
7424539,1872
7425039,1872
7425539,1872
7426039,1875
7426539,1872
7427039,1873
7427539,1872
7428039,1873
7428539,1872
7429039,1874
7429539,1872
7430039,1872
7430539,1872
7431039,1872
7431539,1872
7432039,1872
7432539,1872
7433039,1871
7433539,1871
7434039,1871
7434539,1872
7435039,1872
7435539,1872
7436039,1871
7436539,1872
7437039,1871
7437539,1872
7438039,1871
7438539,1872
7439039,1872
7439539,1875
7440039,1872
7440539,1872
7441039,1872
7441539,1873
7442039,1872
7442539,1872
7443039,1872
7443539,1872
7444039,1872
7444539,1872
7445039,1871
7445539,1872
7446039,1873
7446539,1872
7447039,1871
7447539,1871
7448039,1872
7448539,1873
7449039,1872
7449539,1871
7450039,1872
7450539,1872
7451039,1872
7451539,1872
7452039,1872
7452539,1872
7453039,1872
7453539,1872
7454039,1871
7454539,1872
7455039,1872
7455539,1872
7456039,1872
7456539,1872
7457039,1873
7457539,1872
7458039,1872
7458539,1872
7459039,1871
7459539,1872
7460039,1872
7460539,1872
7461039,1872
7461539,1872
7462039,1872
7462539,1872
7463039,1872
7463539,1872
7464039,1872
7464539,1872
7465039,1872
7465539,1872
7466039,1872
7466539,1872
7467039,1874
7467539,1872
7468039,1872
7468539,1872
7469039,1872
7469539,1872
7470039,1873
7470539,1872
7471039,1872
7471539,1875
7472039,1872
7472539,1872
7473039,1869
7473539,1872
7474039,1872
7474539,1872
7475039,1873
7475539,1872
7476039,1872
7476539,1872
7477039,1872
7477539,1872
7478039,1872
7478539,1875
7479039,1872
7479539,1872
7480039,1874
7480539,1872
7481039,1872
7481539,1872
7482039,1872
7482539,1872
7483039,1872
7483539,1872
7484039,1872
7484539,1872
7485039,1871
7485539,1872
7486039,1872
7486539,1871
7487039,1872
7487539,1872
7488039,1873
7488539,1872
7489039,1872
7489539,1872
7490039,1872
7490539,1872
7491039,1872
7491539,1873
7492039,1872
7492539,1872
7493039,1872
7493539,1873
7494039,1872
7494539,1872
7495039,1872
7495539,1873
7496039,1872
7496539,1872
7497039,1872
7497539,1872
7498039,1872
7498539,1872
7499039,1871
7499539,1872
7500039,1872
7500539,1872
7501039,1874
7501539,1874
7502039,1872
7502539,1872
7503039,1873
7503539,1872
7504039,1872
7504539,1872
7505039,1872
7505539,1873
7506039,1873
7506539,1872
7507039,1874
7507539,1873
7508039,1874
7508539,1872
7509039,1872
7509539,1872
7510039,1872
7510539,1873
7511039,1872
7511539,1872
7512039,1872
7512539,1872
7513039,1872
7513539,1872
7514039,1873
7514539,1872
7515039,1873
7515539,1872
7516039,1872
7516539,1872
7517039,1874
7517539,1872
7518039,1873
7518539,1871
7519039,1872
7519539,1874
7520039,1872
7520539,1872
7521039,1872
7521539,1874
7522039,1873
7522539,1872
7523039,1872
7523539,1873
7524039,1872
7524539,1872
7525039,1872
7525539,1872
7526039,1873
7526539,1872
7527039,1871
7527539,1875
7528039,1872
7528539,1872
7529039,1872
7529539,1873
7530039,1872
7530539,1872
7531039,1872
7531539,1872
7532039,1872
7532539,1872
7533039,1872
7533539,1873
7534039,1872
7534539,1872
7535039,1871
7535539,1872
7536039,1872
7536539,1872
7537039,1872
7537539,1873
7538039,1872
7538539,1872
7539039,1877
7539539,1872
7540039,1872
7540539,1872
7541039,1873
7541539,1872
7542039,1873
7542539,1872
7543039,1872
7543539,1873
7544039,1875
7544539,1872
7545039,1871
7545539,1872
7546039,1872
7546539,1872
7547039,1872
7547539,1874
7548039,1875
7548539,1872
7549039,1872
7549539,1873
7550039,1872
7550539,1872
7551039,1872
7551539,1873
7552039,1874
7552539,1872
7553039,1871
7553539,1872
7554039,1872
7554539,1872
7555039,1872
7555539,1870
7556039,1871
7556539,1872
7557039,1872
7557539,1872
7558039,1872
7558539,1871
7559039,1872
7559539,1872
7560039,1872
7560539,1872
7561039,1872
7561539,1871
7562039,1872
7562539,1872
7563039,1873
7563539,1872
7564039,1872
7564539,1872
7565039,1871
7565539,1872
7566039,1872
7566539,1872
7567039,1872
7567539,1872
7568039,1872
7568539,1872
7569039,1871
7569539,1872
7570039,1872
7570539,1872
7571039,1874
7571539,1873
7572039,1872
7572539,1872
7573039,1872
7573539,1870
7574039,1874
7574539,1871
7575039,1872
7575539,1872
7576039,1872
7576539,1872
7577039,1872
7577539,1872
7578039,1872
7578539,1872
7579039,1872
7579539,1871
7580039,1871
7580539,1872
7581039,1872
7581539,1872
7582039,1872
7582539,1872
7583039,1874
7583539,1872
7584039,1873
7584539,1872
7585039,1872
7585539,1875
7586039,1873
7586539,1872
7587039,1872
7587539,1873
7588039,1872
7588539,1872
7589039,1870
7589539,1872
7590039,1872
7590539,1871
7591039,1872
7591539,1872
7592039,1871
7592539,1871
7593039,1872
7593539,1872
7594039,1874
7594539,1872
7595039,1872
7595539,1872
7596039,1872
7596539,1872
7597039,1872
7597539,1872
7598039,1872
7598539,1872
7599039,1873
7599539,1872
7600039,1872
7600539,1872
7601039,1872
7601539,1872
7602039,1872
7602539,1872
7603039,1872
7603539,1873
7604039,1870
7604539,1872
7605039,1872
7605539,1872
7606039,1872
7606539,1872
7607039,1873
7607539,1872
7608039,1874
7608539,1872
7609039,1873
7609539,1873
7610039,1873
7610539,1872
7611039,1874
7611539,1874
7612039,1872
7612539,1872
7613039,1872
7613539,1872
7614039,1872
7614539,1874
7615039,1874
7615539,1872
7616039,1872
7616539,1872
7617039,1872
7617539,1872
7618039,1872
7618539,1872
7619039,1872
7619539,1873
7620039,1872
7620539,1872
7621039,1872
7621539,1871
7622039,1872
7622539,1872
7623039,1872
7623539,1872
7624039,1872
7624539,1872
7625039,1872
7625539,1872
7626039,1872
7626539,1872
7627039,1872
7627539,1872
7628039,1872
7628539,1872
7629039,1872
7629539,1874
7630039,1872
7630539,1872
7631039,1872
7631539,1872
7632039,1872
7632539,1872
7633039,1872
7633539,1873
7634039,1872
7634539,1872
7635039,1873
7635539,1873
7636039,1873
7636539,1873
7637039,1872
7637539,1874
7638039,1873
7638539,1873
7639039,1872
7639539,1872
7640039,1872
7640539,1872
7641039,1872
7641539,1872
7642039,1873
7642539,1872
7643039,1872
7643539,1873
7644039,1873
7644539,1872
7645039,1873
7645539,1872
7646039,1872
7646539,1872
7647039,1872
7647539,1874
7648039,1872
7648539,1871
7649039,1872
7649539,1873
7650039,1873
7650539,1872
7651039,1872
7651539,1875
7652039,1872
7652539,1871
7653039,1872
7653539,1876
7654039,1872
7654539,1872
7655039,1872
7655539,1872
7656039,1872
7656539,1872
7657039,1874
7657539,1873
7658039,1874
7658539,1874
7659039,1872
7659539,1870
7660039,1873
7660539,1872
7661039,1872
7661539,1872
7662039,1872
7662539,1872
7663039,1872
7663539,1872
7664039,1872
7664539,1874
7665039,1872
7665539,1873
7666039,1872
7666539,1873
7667039,1873
7667539,1873
7668039,1873
7668539,1872
7669039,1871
7669539,1872
7670039,1872
7670539,1872
7671039,1873
7671539,1872
7672039,1873
7672539,1872
7673039,1873
7673539,1873
7674039,1872
7674539,1873
7675039,1874
7675539,1872
7676039,1872
7676539,1873
7677039,1876
7677539,1872
7678039,1872
7678539,1872
7679039,1872
7679539,1872
7680039,1874
7680539,1872
7681039,1872
7681539,1872
7682039,1872
7682539,1873
7683039,1872
7683539,1872
7684039,1874
7684539,1872
7685039,1873
7685539,1872
7686039,1873
7686539,1873
7687039,1872
7687539,1872
7688039,1872
7688539,1872
7689039,1872
7689539,1872
7690039,1871
7690539,1872
7691039,1871
7691539,1872
7692039,1872
7692539,1872
7693039,1872
7693539,1874
7694039,1872
7694539,1873
7695039,1874
7695539,1872
7696039,1873
7696539,1872
7697039,1872
7697539,1874
7698039,1872
7698539,1872
7699039,1870
7699539,1872
7700039,1872
7700539,1873
7701039,1872
7701539,1874
7702039,1873
7702539,1872
7703039,1873
7703539,1874
7704039,1872
7704539,1872
7705039,1871
7705539,1871
7706039,1872
7706539,1872
7707039,1872
7707539,1874
7708039,1872
7708539,1872
7709039,1873
7709539,1872
7710039,1872
7710539,1873
7711039,1871
7711539,1871
7712039,1872
7712539,1873
7713039,1872
7713539,1875
7714039,1872
7714539,1873
7715039,1872
7715539,1872
7716039,1873
7716539,1872
7717039,1873
7717539,1872
7718039,1872
7718539,1872
7719039,1872
7719539,1872
7720039,1872
7720539,1872
7721039,1871
7721539,1871
7722039,1872
7722539,1872
7723039,1872
7723539,1872
7724039,1873
7724539,1873
7725039,1872
7725539,1872
7726039,1872
7726539,1872
7727039,1875
7727539,1873
7728039,1871
7728539,1872
7729039,1873
7729539,1872
7730039,1871
7730539,1872
7731039,1873
7731539,1873
7732039,1872
7732539,1872
7733039,1875
7733539,1872
7734039,1872
7734539,1872
7735039,1872
7735539,1872
7736039,1873
7736539,1872
7737039,1875
7737539,1871
7738039,1872
7738539,1872
7739039,1873
7739539,1871
7740039,1873
7740539,1872
7741039,1872
7741539,1872
7742039,1873
7742539,1873
7743039,1871
7743539,1872
7744039,1872
7744539,1873
7745039,1870
7745539,1872
7746039,1872
7746539,1873
7747039,1873
7747539,1871
7748039,1872
7748539,1872
7749039,1872
7749539,1872
7750039,1872
7750539,1872
7751039,1872
7751539,1872
7752039,1873
7752539,1872
7753039,1876
7753539,1870
7754039,1872
7754539,1871
7755039,1871
7755539,1872
7756039,1872
7756539,1872
7757039,1872
7757539,1871
7758039,1872
7758539,1872
7759039,1874
7759539,1872
7760039,1872
7760539,1872
7761039,1872
7761539,1872
7762039,1872
7762539,1873
7763039,1873
7763539,1872
7764039,1872
7764539,1872
7765039,1870
7765539,1872
7766039,1872
7766539,1872
7767039,1871
7767539,1873
7768039,1872
7768539,1873
7769039,1872
7769539,1872
7770039,1872
7770539,1872
7771039,1872
7771539,1873
7772039,1872
7772539,1872
7773039,1875
7773539,1872
7774039,1872
7774539,1872
7775039,1874
7775539,1872
7776039,1872
7776539,1872
7777039,1870
7777539,1873
7778039,1872
7778539,1873
7779039,1871
7779539,1872
7780039,1871
7780539,1872
7781039,1872
7781539,1872
7782039,1872
7782539,1872
7783039,1873
7783539,1873
7784039,1872
7784539,1872
7785039,1872
7785539,1872
7786039,1872
7786539,1873
7787039,1873
7787539,1872
7788039,1872
7788539,1872
7789039,1872
7789539,1872
7790039,1872
7790539,1872
7791039,1872
7791539,1873
7792039,1872
7792539,1872
7793039,1876
7793539,1870
7794039,1872
7794539,1873
7795039,1872
7795539,1872
7796039,1872
7796539,1872
7797039,1872
7797539,1872
7798039,1872
7798539,1872
7799039,1872
7799539,1872
7800039,1874
7800539,1872
7801039,1872
7801539,1872
7802039,1872
7802539,1872
7803039,1874
7803539,1871
7804039,1872
7804539,1873
7805039,1871
7805539,1872
7806039,1872
7806539,1872
7807039,1872
7807539,1874
7808039,1872
7808539,1872
7809039,1872
7809539,1872
7810039,1872
7810539,1872
7811039,1872
7811539,1873
7812039,1872
7812539,1872
7813039,1873
7813539,1872
7814039,1872
7814539,1872
7815039,1875
7815539,1871
7816039,1872
7816539,1870
7817039,1871
7817539,1872
7818039,1871
7818539,1871
7819039,1874
7819539,1872
7820039,1872
7820539,1872
7821039,1874
7821539,1872
7822039,1872
7822539,1870
7823039,1869
7823539,1870
7824039,1872
7824539,1872
7825039,1872
7825539,1872
7826039,1872
7826539,1872
7827039,1872
7827539,1872
7828039,1871
7828539,1872
7829039,1873
7829539,1872
7830039,1872
7830539,1872
7831039,1872
7831539,1872
7832039,1872
7832539,1872
7833039,1871
7833539,1872
7834039,1872
7834539,1872
7835039,1872
7835539,1872
7836039,1872
7836539,1871
7837039,1872
7837539,1872
7838039,1872
7838539,1872
7839039,1874
7839539,1873
7840039,1872
7840539,1872
7841039,1872
7841539,1873
7842039,1872
7842539,1872
7843039,1872
7843539,1873
7844039,1872
7844539,1872
7845039,1873
7845539,1871
7846039,1874
7846539,1871
7847039,1871
7847539,1872
7848039,1872
7848539,1872
7849039,1872
7849539,1872
7850039,1873
7850539,1872
7851039,1872
7851539,1872
7852039,1872
7852539,1872
7853039,1873
7853539,1872
7854039,1872
7854539,1872
7855039,1873
7855539,1871
7856039,1872
7856539,1872
7857039,1872
7857539,1872
7858039,1873
7858539,1872
7859039,1872
7859539,1872
7860039,1872
7860539,1872
7861039,1872
7861539,1872
7862039,1871
7862539,1872
7863039,1873
7863539,1872
7864039,1872
7864539,1872
7865039,1873
7865539,1872
7866039,1872
7866539,1872
7867039,1873
7867539,1872
7868039,1872
7868539,1872
7869039,1872
7869539,1873
7870039,1872
7870539,1871
7871039,1872
7871539,1872
7872039,1872
7872539,1873
7873039,1872
7873539,1872
7874039,1872
7874539,1872
7875039,1872
7875539,1872
7876039,1872
7876539,1872
7877039,1873
7877539,1872
7878039,1872
7878539,1872
7879039,1872
7879539,1873
7880039,1872
7880539,1872
7881039,1872
7881539,1872
7882039,1872
7882539,1873
7883039,1872
7883539,1871
7884039,1872
7884539,1872
7885039,1873
7885539,1872
7886039,1872
7886539,1872
7887039,1875
7887539,1873
7888039,1872
7888539,1873
7889039,1872
7889539,1871
7890039,1872
7890539,1872
7891039,1872
7891539,1872
7892039,1872
7892539,1872
7893039,1871
7893539,1873
7894039,1872
7894539,1873
7895039,1872
7895539,1872
7896039,1871
7896539,1872
7897039,1872
7897539,1874
7898039,1871
7898539,1872
7899039,1872
7899539,1872
7900039,1872
7900539,1872
7901039,1873
7901539,1872
7902039,1872
7902539,1872
7903039,1871
7903539,1872
7904039,1872
7904539,1872
7905039,1872
7905539,1872
7906039,1872
7906539,1871
7907039,1873
7907539,1874
7908039,1873
7908539,1871
7909039,1872
7909539,1872
7910039,1872
7910539,1871
7911039,1873
7911539,1872
7912039,1872
7912539,1872
7913039,1872
7913539,1872
7914039,1873
7914539,1873
7915039,1872
7915539,1872
7916039,1873
7916539,1872
7917039,1873
7917539,1873
7918039,1871
7918539,1872
7919039,1874
7919539,1872
7920039,1873
7920539,1873
7921039,1872
7921539,1874
7922039,1872
7922539,1871
7923039,1872
7923539,1873
7924039,1870
7924539,1873
7925039,1873
7925539,1871
7926039,1872
7926539,1872
7927039,1872
7927539,1875
7928039,1874
7928539,1875
7929039,1875
7929539,1872
7930039,1872
7930539,1872
7931039,1872
7931539,1872
7932039,1871
7932539,1872
7933039,1872
7933539,1872
7934039,1872
7934539,1872
7935039,1872
7935539,1872
7936039,1872
7936539,1872
7937039,1872
7937539,1872
7938039,1872
7938539,1872
7939039,1872
7939539,1873
7940039,1873
7940539,1872
7941039,1873
7941539,1872
7942039,1872
7942539,1872
7943039,1872
7943539,1872
7944039,1872
7944539,1872
7945039,1875
7945539,1872
7946039,1872
7946539,1872
7947039,1872
7947539,1872
7948039,1872
7948539,1872
7949039,1872
7949539,1874
7950039,1871
7950539,1870
7951039,1872
7951539,1875
7952039,1872
7952539,1874
7953039,1872
7953539,1872
7954039,1872
7954539,1872
7955039,1873
7955539,1872
7956039,1872
7956539,1872
7957039,1872
7957539,1873
7958039,1875
7958539,1869
7959039,1872
7959539,1872
7960039,1872
7960539,1873
7961039,1870
7961539,1872
7962039,1872
7962539,1872
7963039,1873
7963539,1873
7964039,1873
7964539,1872
7965039,1870
7965539,1872
7966039,1872
7966539,1872
7967039,1871
7967539,1873
7968039,1872
7968539,1872
7969039,1872
7969539,1872
7970039,1872
7970539,1872
7971039,1872
7971539,1874
7972039,1872
7972539,1871
7973039,1872
7973539,1875
7974039,1871
7974539,1872
7975039,1874
7975539,1872
7976039,1872
7976539,1872
7977039,1872
7977539,1872
7978039,1872
7978539,1872
7979039,1875
7979539,1872
7980039,1872
7980539,1872
7981039,1872
7981539,1872
7982039,1876
7982539,1872
7983039,1872
7983539,1872
7984039,1872
7984539,1872
7985039,1872
7985539,1871
7986039,1872
7986539,1872
7987039,1873
7987539,1872
7988039,1872
7988539,1872
7989039,1872
7989539,1872
7990039,1872
7990539,1872
7991039,1872
7991539,1872
7992039,1872
7992539,1873
7993039,1872
7993539,1872
7994039,1872
7994539,1872
7995039,1873
7995539,1872
7996039,1871
7996539,1872
7997039,1873
7997539,1872
7998039,1872
7998539,1874
7999039,1872
7999539,1872
8000039,1871
8000539,1872
8001039,1873
8001539,1873
8002039,1872
8002539,1872
8003039,1872
8003539,1873
8004039,1872
8004539,1872
8005039,1873
8005539,1872
8006039,1872
8006539,1872
8007039,1873
8007539,1871
8008039,1872
8008539,1872
8009039,1872
8009539,1871
8010039,1872
8010539,1870
8011039,1873
8011539,1872
8012039,1872
8012539,1872
8013039,1872
8013539,1873
8014039,1874
8014539,1872
8015039,1872
8015539,1872
8016039,1871
8016539,1874
8017039,1872
8017539,1872
8018039,1872
8018539,1873
8019039,1874
8019539,1872
8020039,1872
8020539,1874
8021039,1872
8021539,1872
8022039,1872
8022539,1872
8023039,1872
8023539,1872
8024039,1872
8024539,1875
8025039,1871
8025539,1872
8026039,1872
8026539,1872
8027039,1872
8027539,1873
8028039,1872
8028539,1872
8029039,1872
8029539,1872
8030039,1873
8030539,1873
8031039,1872
8031539,1872
8032039,1873
8032539,1872
8033039,1872
8033539,1872
8034039,1872
8034539,1872
8035039,1872
8035539,1872
8036039,1872
8036539,1873
8037039,1874
8037539,1872
8038039,1872
8038539,1872
8039039,1873
8039539,1871
8040039,1873
8040539,1872
8041039,1874
8041539,1877
8042039,1874
8042539,1872
8043039,1872
8043539,1872
8044039,1872
8044539,1872
8045039,1871
8045539,1873
8046039,1872
8046539,1872
8047039,1872
8047539,1872
8048039,1872
8048539,1872
8049039,1872
8049539,1869
8050039,1875
8050539,1871
8051039,1872
8051539,1872
8052039,1872
8052539,1872
8053039,1872
8053539,1872
8054039,1872
8054539,1872
8055039,1872
8055539,1872
8056039,1872
8056539,1872
8057039,1871
8057539,1872
8058039,1872
8058539,1871
8059039,1872
8059539,1872
8060039,1872
8060539,1872
8061039,1872
8061539,1872
8062039,1869
8062539,1872
8063039,1872
8063539,1871
8064039,1873
8064539,1873
8065039,1873
8065539,1873
8066039,1872
8066539,1872
8067039,1872
8067539,1872
8068039,1872
8068539,1872
8069039,1872
8069539,1872
8070039,1872
8070539,1872
8071039,1872
8071539,1871
8072039,1873
8072539,1872
8073039,1872
8073539,1872
8074039,1872
8074539,1872
8075039,1872
8075539,1874
8076039,1872
8076539,1872
8077039,1872
8077539,1872
8078039,1872
8078539,1872
8079039,1873
8079539,1872
8080039,1873
8080539,1873
8081039,1873
8081539,1873
8082039,1871
8082539,1872
8083039,1871
8083539,1872
8084039,1872
8084539,1873
8085039,1871
8085539,1872
8086039,1872
8086539,1872
8087039,1872
8087539,1872
8088039,1872
8088539,1872
8089039,1872
8089539,1872
8090039,1872
8090539,1872
8091039,1872
8091539,1871
8092039,1873
8092539,1872
8093039,1872
8093539,1872
8094039,1871
8094539,1872
8095039,1872
8095539,1872
8096039,1872
8096539,1872
8097039,1872
8097539,1872
8098039,1874
8098539,1873
8099039,1872
8099539,1872
8100039,1872
8100539,1872
8101039,1872
8101539,1872
8102039,1872
8102539,1872
8103039,1873
8103539,1871
8104039,1872
8104539,1872
8105039,1872
8105539,1872
8106039,1871
8106539,1872
8107039,1872
8107539,1872
8108039,1872
8108539,1872
8109039,1870
8109539,1872
8110039,1872
8110539,1872
8111039,1872
8111539,1872
8112039,1872
8112539,1872
8113039,1872
8113539,1872
8114039,1872
8114539,1872
8115039,1872
8115539,1875
8116039,1872
8116539,1872
8117039,1872
8117539,1872
8118039,1872
8118539,1872
8119039,1872
8119539,1871
8120039,1872
8120539,1873
8121039,1872
8121539,1872
8122039,1872
8122539,1874
8123039,1872
8123539,1871
8124039,1872
8124539,1873
8125039,1872
8125539,1872
8126039,1872
8126539,1872
8127039,1872
8127539,1872
8128039,1872
8128539,1872
8129039,1873
8129539,1870
8130039,1872
8130539,1872
8131039,1870
8131539,1872
8132039,1872
8132539,1872
8133039,1872
8133539,1870
8134039,1871
8134539,1872
8135039,1868
8135539,1872
8136039,1872
8136539,1872
8137039,1872
8137539,1873
8138039,1873
8138539,1872
8139039,1871
8139539,1872
8140039,1872
8140539,1872
8141039,1873
8141539,1872
8142039,1872
8142539,1872
8143039,1872
8143539,1872
8144039,1872
8144539,1872
8145039,1872
8145539,1872
8146039,1873
8146539,1874
8147039,1872
8147539,1872
8148039,1872
8148539,1872
8149039,1872
8149539,1872
8150039,1872
8150539,1872
8151039,1874
8151539,1872
8152039,1872
8152539,1872
8153039,1872
8153539,1872
8154039,1874
8154539,1872
8155039,1872
8155539,1872
8156039,1871
8156539,1872
8157039,1873
8157539,1872
8158039,1872
8158539,1871
8159039,1870
8159539,1872
8160039,1872
8160539,1872
8161039,1871
8161539,1871
8162039,1872
8162539,1871
8163039,1871
8163539,1872
8164039,1872
8164539,1871
8165039,1872
8165539,1873
8166039,1872
8166539,1872
8167039,1872
8167539,1873
8168039,1871
8168539,1872
8169039,1870
8169539,1870
8170039,1871
8170539,1872
8171039,1872
8171539,1872
8172039,1871
8172539,1872
8173039,1872
8173539,1873
8174039,1873
8174539,1872
8175039,1872
8175539,1873
8176039,1872
8176539,1872
8177039,1872
8177539,1872
8178039,1871
8178539,1872
8179039,1872
8179539,1872
8180039,1875
8180539,1871
8181039,1872
8181539,1873
8182039,1872
8182539,1872
8183039,1872
8183539,1872
8184039,1872
8184539,1872
8185039,1872
8185539,1872
8186039,1872
8186539,1872
8187039,1873
8187539,1874
8188039,1872
8188539,1872
8189039,1875
8189539,1874
8190039,1873
8190539,1872
8191039,1872
8191539,1872
# end
